WHEAT-SRW - CHICAGO BOARD OF TRADE,261006,2026-10-06,001602,CBT ,00,001 ,  497181,  124167,  140215,  155362,  181339,  167669,  460868,  463246,   36313,   33935,  412356,  121699,  151812,  110722,  147689,  124709,  380110,  387243,   32246,   25113,   84825,   37393,   23328,    9715,   33650,   42960,   80758,   76003,    4067,    8822,   14039,    9007,    8593,   -1580,    5161,    4942,   12588,   11955,    1451,    2084,  100.0,   25.0,   28.2,   31.2,   36.5,   33.7,   92.7,   93.2,    7.3,    6.8,  100.0,   29.5,   36.8,   26.9,   35.8,   30.2,   92.2,   93.9,    7.8,    6.1,  100.0,   44.1,   27.5,   11.5,   39.7,   50.6,   95.2,   89.6,    4.8,   10.4,    409,    152,     96,    136,     98,    111,    318,    289,    406,    154,     98,    115,     91,    104,    301,    268,    220,     51,     59,     32,     43,     87,    114,    160,    12.1,    13.2,    19.8,    22.4,     8.2,     8.1,    14.2,    13.3,    11.2,    15.7,    18.7,    26.8,     8.1,     9.7,    14.2,    16.7,    27.6,    24.5,    41.8,    37.1,    27.2,    22.5,    41.4,    33.2,"(CONTRACTS OF 5,000 BUSHELS)",001602,CBT ,001 
WHEAT-HRW - CHICAGO BOARD OF TRADE,261006,2026-10-06,001612,CBT ,00,001 ,  312096,   84382,   65312,   94700,  113160,  131655,  292242,  291667,   19854,   20429,  262336,   81209,   71515,   67386,   96711,  108842,  245306,  247743,   17030,   14593,   49760,   27858,   18482,    2629,   16449,   22813,   46936,   43924,    2824,    5836,    5573,    2741,    4635,    -438,    4233,    2453,    6536,    6650,    -963,   -1077,  100.0,   27.0,   20.9,   30.3,   36.3,   42.2,   93.6,   93.5,    6.4,    6.5,  100.0,   31.0,   27.3,   25.7,   36.9,   41.5,   93.5,   94.4,    6.5,    5.6,  100.0,   56.0,   37.1,    5.3,   33.1,   45.8,   94.3,   88.3,    5.7,   11.7,    283,     96,     62,     82,     76,     99,    209,    212,    281,     88,     72,     74,     70,     95,    198,    203,    163,     41,     33,     17,     34,     74,     84,    116,    13.0,    12.1,    22.8,    21.2,    11.1,     9.6,    18.9,    15.6,    14.9,    14.3,    25.4,    24.3,    12.8,    11.5,    21.9,    18.6,    29.3,    26.2,    42.9,    38.1,    29.0,    24.2,    42.3,    34.6,"(CONTRACTS OF 5,000 BUSHELS)",001612,CBT ,001 
WHEAT-HRSpring - MIAX FUTURES EXCHANGE,261006,2026-10-06,001626,MGE ,00,001 ,   74989,   19418,    7071,    3951,   40805,   55202,   64174,   66224,   10815,    8765,   72913,   19028,    7442,    3526,   40134,   53442,   62688,   64410,   10225,    8503,    2076,     793,      32,      22,     671,    1760,    1486,    1814,     590,     262,   -5520,   -3504,     773,    -704,   -1936,   -5807,   -6144,   -5738,     624,     218,  100.0,   25.9,    9.4,    5.3,   54.4,   73.6,   85.6,   88.3,   14.4,   11.7,  100.0,   26.1,   10.2,    4.8,   55.0,   73.3,   86.0,   88.3,   14.0,   11.7,  100.0,   38.2,    1.5,    1.1,   32.3,   84.8,   71.6,   87.4,   28.4,   12.6,    118,     21,     20,     13,     62,     49,     90,     75,    118,     19,     22,     12,     62,     48,     89,     74,     44,      5,      2,      1,     11,     29,     16,     32,    23.7,    28.7,    36.4,    46.8,    23.7,    28.4,    35.9,    45.5,    24.4,    28.9,    37.3,    47.1,    24.4,    28.6,    36.8,    46.1,    40.5,    45.0,    61.3,    62.2,    40.4,    45.0,    58.4,    62.2,"(CONTRACTS OF 5,000 BUSHELS)",001626,MGE ,001 
CORN - CHICAGO BOARD OF TRADE,261006,2026-10-06,002602,CBT ,00,002 , 1859993,  581711,  129238,  412917,  724595, 1135547, 1719223, 1677702,  140770,  182291, 1722608,  569806,  153618,  348763,  674059, 1057394, 1592628, 1559775,  129980,  162833,  137385,   70720,   34435,    5339,   50536,   78153,  126595,  117927,   10790,   19458,    2676,  -51141,    5887,   39137,    6961,  -30595,   -5043,   14429,    7719,  -11753,  100.0,   31.3,    6.9,   22.2,   39.0,   61.1,   92.4,   90.2,    7.6,    9.8,  100.0,   33.1,    8.9,   20.2,   39.1,   61.4,   92.5,   90.5,    7.5,    9.5,  100.0,   51.5,   25.1,    3.9,   36.8,   56.9,   92.1,   85.8,    7.9,   14.2,    867,    216,    143,    181,    327,    378,    631,    633,    862,    218,    144,    165,    314,    372,    607,    618,    436,     52,     69,     33,     83,    261,    150,    349,     9.1,    11.6,    16.5,    18.6,     8.0,    10.0,    14.0,    16.2,     9.7,    11.0,    17.3,    18.5,     8.9,     9.7,    15.0,    15.8,    35.9,    23.4,    49.4,    36.0,    35.9,    23.2,    49.4,    35.2,"(CONTRACTS OF 5,000 BUSHELS)",002602,CBT ,002 
OATS - CHICAGO BOARD OF TRADE,261006,2026-10-06,004603,CBT ,00,004 ,    3866,    1453,     694,     195,     323,    1844,    1971,    2733,    1895,    1133,    3853,    1453,     690,     191,     323,    1844,    1967,    2725,    1886,    1128,      13,       0,       4,       4,       0,       0,       4,       8,       9,       5,.,.,.,.,.,.,.,.,.,.,  100.0,   37.6,   18.0,    5.0,    8.4,   47.7,   51.0,   70.7,   49.0,   29.3,  100.0,   37.7,   17.9,    5.0,    8.4,   47.9,   51.1,   70.7,   48.9,   29.3,  100.0,    0.0,   30.8,   30.8,    0.0,    0.0,   30.8,   61.5,   69.2,   38.5,     20,      6,      3,      2,      4,      9,     12,     13,     20,      6,      3,      2,      4,      9,     12,     13,      1,      0,      1,      1,      0,      0,      1,      1,    32.2,    47.1,    43.3,    64.7,    32.2,    42.4,    41.5,    59.0,    32.3,    47.1,    43.3,    64.7,    32.3,    42.5,    41.6,    59.1,    30.8,    61.5,    30.8,    61.5,     0.0,    30.8,     0.0,    30.8,"(CONTRACTS OF 5,000 BUSHELS)",004603,CBT ,004 
SOYBEANS - CHICAGO BOARD OF TRADE,261006,2026-10-06,005602,CBT ,00,005 , 1121298,  360967,   87071,  222233,  487194,  737191, 1070394, 1046495,   50904,   74803, 1056071,  347809,   87903,  201247,  460874,  697814, 1009930,  986964,   46141,   69107,   65227,   24312,   10322,    9832,   26320,   39377,   60464,   59531,    4763,    5696,   31071,   15584,   -1440,   14164,     332,   17354,   30080,   30078,     991,     993,  100.0,   32.2,    7.8,   19.8,   43.4,   65.7,   95.5,   93.3,    4.5,    6.7,  100.0,   32.9,    8.3,   19.1,   43.6,   66.1,   95.6,   93.5,    4.4,    6.5,  100.0,   37.3,   15.8,   15.1,   40.4,   60.4,   92.7,   91.3,    7.3,    8.7,    624,    173,    117,    161,    197,    286,    449,    504,    622,    174,    119,    154,    195,    284,    443,    497,    292,     44,     41,     27,     46,    179,     99,    242,    10.3,    15.3,    18.1,    25.2,     8.1,    12.5,    13.9,    19.2,    10.9,    14.9,    19.0,    24.7,     8.5,    12.9,    14.7,    19.2,    30.1,    36.5,    44.4,    52.3,    29.6,    36.5,    40.6,    49.0,"(CONTRACTS OF 5,000 BUSHELS)",005602,CBT ,005 
MINI SOYBEANS - CHICAGO BOARD OF TRADE,261006,2026-10-06,005603,CBT ,00,005 ,   25114,   21822,    1068,     902,      29,    8898,   22753,   10868,    2361,   14246,   22525,   20375,     914,     882,      29,    7256,   21286,    9052,    1239,   13473,    2589,    1447,     154,      20,       0,    1642,    1467,    1816,    1122,     773,   -4681,   -4697,    -189,      21,      21,    -447,   -4655,    -615,     -26,   -4066,  100.0,   86.9,    4.3,    3.6,    0.1,   35.4,   90.6,   43.3,    9.4,   56.7,  100.0,   90.5,    4.1,    3.9,    0.1,   32.2,   94.5,   40.2,    5.5,   59.8,  100.0,   55.9,    5.9,    0.8,    0.0,   63.4,   56.7,   70.1,   43.3,   29.9,     23,      6,      5,      5,      2,     12,     11,     19,     22,      6,      4,      4,      2,     12,     10,     18,     16,      3,      3,      1,      0,     10,      4,     13,    84.7,    28.5,    90.4,    34.5,    84.7,    28.1,    86.9,    33.0,    89.8,    24.9,    94.4,    31.4,    89.8,    24.3,    90.5,    29.6,    56.7,    66.5,    56.7,    69.1,    55.9,    65.7,    55.9,    68.4,"(Contracts of 1,000 Bushels)",005603,CBT ,005 
NJ SRECS - ICE FUTURES ENERGY DIV,261006,2026-10-06,0063CC,IFED,01,006 ,  139628,   30593,   46307,    3180,  105855,   90118,  139628,  139605,       0,      23,  139628,   30593,   46307,    3180,  105855,   90118,  139628,  139605,       0,      23,       0,       0,       0,       0,       0,       0,       0,       0,       0,       0,   -1050,       0,     200,       0,   -1050,   -1250,   -1050,   -1050,       0,       0,  100.0,   21.9,   33.2,    2.3,   75.8,   64.5,  100.0,  100.0,    0.0,    0.0,  100.0,   21.9,   33.2,    2.3,   75.8,   64.5,  100.0,  100.0,    0.0,    0.0,    0.0,    0.0,    0.0,    0.0,    0.0,    0.0,    0.0,    0.0,    0.0,    0.0,     36,      6,      6,      5,     18,     11,     26,     20,     36,      6,      6,      5,     18,     11,     26,     20,      0,      0,      0,      0,      0,      0,      0,      0,    51.7,    87.3,    75.7,    95.3,    51.7,    86.6,    75.7,    93.1,    51.7,    87.3,    75.7,    95.3,    51.7,    86.6,    75.7,    93.1,     0.0,     0.0,     0.0,     0.0,     0.0,     0.0,     0.0,     0.0,(10 SRECs),0063CC,IFED,006 
PJM TRI-RECs CLASS 1 - ICE FUTURES ENERGY DIV,261006,2026-10-06,0063CH,IFED,01,006 ,  242838,   33420,   56121,   26825,  182593,  159892,  242838,  242838,       0,       0,  242838,   33420,   56121,   26825,  182593,  159892,  242838,  242838,       0,       0,       0,       0,       0,       0,       0,       0,       0,       0,       0,       0,    -544,    1661,     300,     250,   -2455,   -1094,    -544,    -544,       0,       0,  100.0,   13.8,   23.1,   11.0,   75.2,   65.8,  100.0,  100.0,    0.0,    0.0,  100.0,   13.8,   23.1,   11.0,   75.2,   65.8,  100.0,  100.0,    0.0,    0.0,    0.0,    0.0,    0.0,    0.0,    0.0,    0.0,    0.0,    0.0,    0.0,    0.0,     46,      9,      9,      9,     22,     16,     35,     30,     46,      9,      9,      9,     22,     16,     35,     30,      0,      0,      0,      0,      0,      0,      0,      0,    47.2,    58.2,    70.2,    75.3,    40.1,    58.2,    62.2,    72.0,    47.2,    58.2,    70.2,    75.3,    40.1,    58.2,    62.2,    72.0,     0.0,     0.0,     0.0,     0.0,     0.0,     0.0,     0.0,     0.0,(100 MWh of renewable energy certificate,0063CH,IFED,006 
CALIF LOW CARBON FSC-OPIS - ICE FUTURES ENERGY DIV,261006,2026-10-06,0063CU,IFED,01,006 ,  121485,   68297,   27756,    3454,   49714,   90275,  121465,  121485,      20,       0,  121485,   68297,   27756,    3454,   49714,   90275,  121465,  121485,      20,       0,       0,       0,       0,       0,       0,       0,       0,       0,       0,       0,    -413,    -261,    -238,     221,    -367,    -395,    -407,    -412,      -6,      -1,  100.0,   56.2,   22.8,    2.8,   40.9,   74.3,  100.0,  100.0,    0.0,    0.0,  100.0,   56.2,   22.8,    2.8,   40.9,   74.3,  100.0,  100.0,    0.0,    0.0,    0.0,    0.0,    0.0,    0.0,    0.0,    0.0,    0.0,    0.0,    0.0,    0.0,     54,     28,      5,      5,     12,     12,     42,     21,     54,     28,      5,      5,     12,     12,     42,     21,      0,      0,      0,      0,      0,      0,      0,      0,    64.9,    79.6,    79.0,    94.7,    64.9,    78.5,    78.0,    93.7,    64.9,    79.6,    79.0,    94.7,    64.9,    78.5,    78.0,    93.7,     0.0,     0.0,     0.0,     0.0,     0.0,     0.0,     0.0,     0.0,(100 LCFS Credits- each of 1 MT),0063CU,IFED,006 
D6 RINs OPIS CURRENT YEAR - ICE FUTURES ENERGY DIV,261006,2026-10-06,0063CW,IFED,01,006 ,   30401,   13563,    9798,    9655,    7045,   10765,   30263,   30218,     138,     183,   30401,   13563,    9798,    9655,    7045,   10765,   30263,   30218,     138,     183,       0,       0,       0,       0,       0,       0,       0,       0,       0,       0,     576,     596,      98,    -579,     602,    1107,     619,     626,     -43,     -50,  100.0,   44.6,   32.2,   31.8,   23.2,   35.4,   99.5,   99.4,    0.5,    0.6,  100.0,   44.6,   32.2,   31.8,   23.2,   35.4,   99.5,   99.4,    0.5,    0.6,    0.0,    0.0,    0.0,    0.0,    0.0,    0.0,    0.0,    0.0,    0.0,    0.0,     78,     25,     30,     18,     14,     17,     48,     56,     78,     25,     30,     18,     14,     17,     48,     56,      0,      0,      0,      0,      0,      0,      0,      0,    60.2,    41.8,    77.6,    62.9,    42.6,    30.2,    54.5,    43.1,    60.2,    41.8,    77.6,    62.9,    42.6,    30.2,    54.5,    43.1,     0.0,     0.0,     0.0,     0.0,     0.0,     0.0,     0.0,     0.0,"(50,000 RINs)",0063CW,IFED,006 
PA SOLAR ALTER ENERGY CREDIT - ICE FUTURES ENERGY DIV,261006,2026-10-06,0063DA,IFED,01,006 ,   26070,   15900,    1120,       0,   10170,   24950,   26070,   26070,       0,       0,   26070,   15900,    1120,       0,   10170,   24950,   26070,   26070,       0,       0,       0,       0,       0,       0,       0,       0,       0,       0,       0,       0,     900,     900,       0,       0,       0,     900,     900,     900,       0,       0,  100.0,   61.0,    4.3,    0.0,   39.0,   95.7,  100.0,  100.0,    0.0,    0.0,  100.0,   61.0,    4.3,    0.0,   39.0,   95.7,  100.0,  100.0,    0.0,    0.0,    0.0,    0.0,    0.0,    0.0,    0.0,    0.0,    0.0,    0.0,    0.0,    0.0,     23,      5,      3,      0,     12,      4,     17,      7,     23,      5,      3,      0,     12,      4,     17,      7,      0,      0,      0,      0,      0,      0,      0,      0,    64.6,    96.5,    82.9,   100.0,    64.6,    93.9,    81.9,    96.2,    64.6,    96.5,    82.9,   100.0,    64.6,    93.9,    81.9,    96.2,     0.0,     0.0,     0.0,     0.0,     0.0,     0.0,     0.0,     0.0,(10 PA SRECs),0063DA,IFED,006 
CALIF CARBON CURRENT AUCTION - ICE FUTURES ENERGY DIV,261006,2026-10-06,0063DB,IFED,01,006 ,   51965,   16135,   22112,   10102,   25722,   19751,   51959,   51965,       6,       0,   51965,   16135,   22112,   10102,   25722,   19751,   51959,   51965,       6,       0,       0,       0,       0,       0,       0,       0,       0,       0,       0,       0,   -2953,    1668,   -4674,    2033,   -6654,    -312,   -2953,   -2953,       0,       0,  100.0,   31.0,   42.6,   19.4,   49.5,   38.0,  100.0,  100.0,    0.0,    0.0,  100.0,   31.0,   42.6,   19.4,   49.5,   38.0,  100.0,  100.0,    0.0,    0.0,    0.0,    0.0,    0.0,    0.0,    0.0,    0.0,    0.0,    0.0,    0.0,    0.0,     49,     16,      9,      7,     16,      9,     38,     20,     49,     16,      9,      7,     16,      9,     38,     20,      0,      0,      0,      0,      0,      0,      0,      0,    44.5,    84.6,    63.3,    94.5,    35.0,    67.9,    51.9,    76.2,    44.5,    84.6,    63.3,    94.5,    35.0,    67.9,    51.9,    76.2,     0.0,     0.0,     0.0,     0.0,     0.0,     0.0,     0.0,     0.0,"(1,000 California carbon allowances)",0063DB,IFED,006 
D4 BIODIESEL RINs OPIS CURR YR - ICE FUTURES ENERGY DIV,261006,2026-10-06,0063DG,IFED,01,006 ,   18967,    7039,    4080,    6971,    4697,    7801,   18707,   18852,     260,     115,   18967,    7039,    4080,    6971,    4697,    7801,   18707,   18852,     260,     115,       0,       0,       0,       0,       0,       0,       0,       0,       0,       0,     122,     -86,     228,     379,    -189,    -506,     104,     101,      18,      21,  100.0,   37.1,   21.5,   36.8,   24.8,   41.1,   98.6,   99.4,    1.4,    0.6,  100.0,   37.1,   21.5,   36.8,   24.8,   41.1,   98.6,   99.4,    1.4,    0.6,    0.0,    0.0,    0.0,    0.0,    0.0,    0.0,    0.0,    0.0,    0.0,    0.0,     65,     26,     16,     16,     16,     14,     49,     41,     65,     26,     16,     16,     16,     14,     49,     41,      0,      0,      0,      0,      0,      0,      0,      0,    45.1,    56.3,    62.9,    69.9,    26.7,    39.7,    39.1,    49.0,    45.1,    56.3,    62.9,    69.9,    26.7,    39.7,    39.1,    49.0,     0.0,     0.0,     0.0,     0.0,     0.0,     0.0,     0.0,     0.0,"(50,000 RINs)",0063DG,IFED,006 
CT RECs CLASS 1 - ICE FUTURES ENERGY DIV,261006,2026-10-06,0063DK,IFED,01,006 ,   10535,    2950,    2354,       0,    7585,    8181,   10535,   10535,       0,       0,   10535,    2950,    2354,       0,    7585,    8181,   10535,   10535,       0,       0,       0,       0,       0,       0,       0,       0,       0,       0,       0,       0,    1250,       0,     500,       0,    1250,     750,    1250,    1250,       0,       0,  100.0,   28.0,   22.3,    0.0,   72.0,   77.7,  100.0,  100.0,    0.0,    0.0,  100.0,   28.0,   22.3,    0.0,   72.0,   77.7,  100.0,  100.0,    0.0,    0.0,    0.0,    0.0,    0.0,    0.0,    0.0,    0.0,    0.0,    0.0,    0.0,    0.0,     21,      1,      4,      0,      8,     10,      9,     14,     21,      1,      4,      0,      8,     10,      9,     14,      0,      0,      0,      0,      0,      0,      0,      0,    69.0,    59.9,    98.1,    88.5,    69.0,    59.9,    93.6,    87.9,    69.0,    59.9,    98.1,    88.5,    69.0,    59.9,    93.6,    87.9,     0.0,     0.0,     0.0,     0.0,     0.0,     0.0,     0.0,     0.0,(100 MWh of Class 1 Renewable Energy Cer,0063DK,IFED,006 
MASS COMPLIANCE RECs CLASS 1 - ICE FUTURES ENERGY DIV,261006,2026-10-06,0063DL,IFED,01,006 ,   21479,       0,   10590,     300,   21079,   10589,   21379,   21479,     100,       0,   21479,       0,   10590,     300,   21079,   10589,   21379,   21479,     100,       0,       0,       0,       0,       0,       0,       0,       0,       0,       0,       0,     300,       0,       0,       0,     200,     300,     200,     300,     100,       0,  100.0,    0.0,   49.3,    1.4,   98.1,   49.3,   99.5,  100.0,    0.5,    0.0,  100.0,    0.0,   49.3,    1.4,   98.1,   49.3,   99.5,  100.0,    0.5,    0.0,    0.0,    0.0,    0.0,    0.0,    0.0,    0.0,    0.0,    0.0,    0.0,    0.0,     25,      0,      6,      1,     10,     13,     11,     19,     25,      0,      6,      1,     10,     13,     11,     19,      0,      0,      0,      0,      0,      0,      0,      0,    88.5,    62.2,    97.3,    82.5,    88.5,    62.2,    96.3,    81.6,    88.5,    62.2,    97.3,    82.5,    88.5,    62.2,    96.3,    81.6,     0.0,     0.0,     0.0,     0.0,     0.0,     0.0,     0.0,     0.0,100 MWh of Class 1 Renewable Energy Cert,0063DL,IFED,006 
MARYLAND COMPLIANCE REC TIER1 - ICE FUTURES ENERGY DIV,261006,2026-10-06,0063DM,IFED,01,006 ,   11641,     250,    3792,     120,   11271,    7729,   11641,   11641,       0,       0,   11641,     250,    3792,     120,   11271,    7729,   11641,   11641,       0,       0,       0,       0,       0,       0,       0,       0,       0,       0,       0,       0,       0,       0,       0,       0,       0,       0,       0,       0,       0,       0,  100.0,    2.1,   32.6,    1.0,   96.8,   66.4,  100.0,  100.0,    0.0,    0.0,  100.0,    2.1,   32.6,    1.0,   96.8,   66.4,  100.0,  100.0,    0.0,    0.0,    0.0,    0.0,    0.0,    0.0,    0.0,    0.0,    0.0,    0.0,    0.0,    0.0,     23,      1,      5,      1,     12,      8,     14,     13,     23,      1,      5,      1,     12,      8,     14,     13,      0,      0,      0,      0,      0,      0,      0,      0,    61.6,    63.2,    86.1,    91.4,    61.6,    57.6,    83.1,    85.8,    61.6,    63.2,    86.1,    91.4,    61.6,    57.6,    83.1,    85.8,     0.0,     0.0,     0.0,     0.0,     0.0,     0.0,     0.0,     0.0,(100 Tier 1 RECs),0063DM,IFED,006 
MARYLAND SOLAR REC - ICE FUTURES ENERGY DIV,261006,2026-10-06,0063DN,IFED,01,006 ,   76931,   10750,    3150,       0,   66181,   73781,   76931,   76931,       0,       0,   76931,   10750,    3150,       0,   66181,   73781,   76931,   76931,       0,       0,       0,       0,       0,       0,       0,       0,       0,       0,       0,       0,       0,       0,       0,       0,       0,       0,       0,       0,       0,       0,  100.0,   14.0,    4.1,    0.0,   86.0,   95.9,  100.0,  100.0,    0.0,    0.0,  100.0,   14.0,    4.1,    0.0,   86.0,   95.9,  100.0,  100.0,    0.0,    0.0,    0.0,    0.0,    0.0,    0.0,    0.0,    0.0,    0.0,    0.0,    0.0,    0.0,     23,      3,      3,      0,     12,      8,     15,     11,     23,      3,      3,      0,     12,      8,     15,     11,      0,      0,      0,      0,      0,      0,      0,      0,    69.9,    88.3,    90.4,    97.9,    56.0,    69.7,    70.9,    76.7,    69.9,    88.3,    90.4,    97.9,    56.0,    69.7,    70.9,    76.7,     0.0,     0.0,     0.0,     0.0,     0.0,     0.0,     0.0,     0.0,(10 SRECs),0063DN,IFED,006 
NEPOOL DUAL RECs CLASS 1 - ICE FUTURES ENERGY DIV,261006,2026-10-06,0063DQ,IFED,01,006 ,   12760,    1065,    7546,     905,   10790,    4234,   12760,   12685,       0,      75,   12760,    1065,    7546,     905,   10790,    4234,   12760,   12685,       0,      75,       0,       0,       0,       0,       0,       0,       0,       0,       0,       0,       0,       0,       0,       0,       0,       0,       0,       0,       0,       0,  100.0,    8.3,   59.1,    7.1,   84.6,   33.2,  100.0,   99.4,    0.0,    0.6,  100.0,    8.3,   59.1,    7.1,   84.6,   33.2,  100.0,   99.4,    0.0,    0.6,    0.0,    0.0,    0.0,    0.0,    0.0,    0.0,    0.0,    0.0,    0.0,    0.0,     22,      1,      3,      1,     13,      8,     14,     12,     22,      1,      3,      1,     13,      8,     14,     12,      0,      0,      0,      0,      0,      0,      0,      0,    51.1,    67.0,    79.5,    92.0,    44.0,    67.0,    70.5,    85.0,    51.1,    67.0,    79.5,    92.0,    44.0,    67.0,    70.5,    85.0,     0.0,     0.0,     0.0,     0.0,     0.0,     0.0,     0.0,     0.0,100 MWh of Class 1 Renewable Energy Cert,0063DQ,IFED,006 
NJ COMPLIANCE RECs CLASS 1 - ICE FUTURES ENERGY DIV,261006,2026-10-06,0063DR,IFED,01,006 ,   28188,   12235,    8447,       0,   15952,   19741,   28187,   28188,       1,       0,   28188,   12235,    8447,       0,   15952,   19741,   28187,   28188,       1,       0,       0,       0,       0,       0,       0,       0,       0,       0,       0,       0,       0,       0,       0,       0,       0,       0,       0,       0,       0,       0,  100.0,   43.4,   30.0,    0.0,   56.6,   70.0,  100.0,  100.0,    0.0,    0.0,  100.0,   43.4,   30.0,    0.0,   56.6,   70.0,  100.0,  100.0,    0.0,    0.0,    0.0,    0.0,    0.0,    0.0,    0.0,    0.0,    0.0,    0.0,    0.0,    0.0,     23,      4,      5,      0,     11,      5,     15,     10,     23,      4,      5,      0,     11,      5,     15,     10,      0,      0,      0,      0,      0,      0,      0,      0,    73.6,    92.2,    91.5,    99.3,    73.6,    92.2,    91.5,    99.3,    73.6,    92.2,    91.5,    99.3,    73.6,    92.2,    91.5,    99.3,     0.0,     0.0,     0.0,     0.0,     0.0,     0.0,     0.0,     0.0,100 MWh of Class 1 Renewable Energy Cert,0063DR,IFED,006 
PA COMPLIANCE AECs TIER1 - ICE FUTURES ENERGY DIV,261006,2026-10-06,0063DT,IFED,01,006 ,   52872,   12563,   15650,    1575,   38734,   35627,   52872,   52852,       0,      20,   52872,   12563,   15650,    1575,   38734,   35627,   52872,   52852,       0,      20,       0,       0,       0,       0,       0,       0,       0,       0,       0,       0,    1202,    1500,     586,       0,    -298,     616,    1202,    1202,       0,       0,  100.0,   23.8,   29.6,    3.0,   73.3,   67.4,  100.0,  100.0,    0.0,    0.0,  100.0,   23.8,   29.6,    3.0,   73.3,   67.4,  100.0,  100.0,    0.0,    0.0,    0.0,    0.0,    0.0,    0.0,    0.0,    0.0,    0.0,    0.0,    0.0,    0.0,     36,      8,      5,      2,     18,      8,     26,     15,     36,      8,      5,      2,     18,      8,     26,     15,      0,      0,      0,      0,      0,      0,      0,      0,    47.3,    72.7,    67.7,    95.1,    47.3,    72.7,    67.7,    94.6,    47.3,    72.7,    67.7,    95.1,    47.3,    72.7,    67.7,    94.6,     0.0,     0.0,     0.0,     0.0,     0.0,     0.0,     0.0,     0.0,(100 AECs),0063DT,IFED,006 
WASHINGTON CARBON ALL V2026 - ICE FUTURES ENERGY DIV,261006,2026-10-06,0063EA,IFED,01,006 ,    6320,    3836,    2998,     381,    2095,    2892,    6312,    6271,       8,      49,    6320,    3836,    2998,     381,    2095,    2892,    6312,    6271,       8,      49,       0,       0,       0,       0,       0,       0,       0,       0,       0,       0,      15,       5,       4,      10,       0,      11,      15,      25,       0,     -10,  100.0,   60.7,   47.4,    6.0,   33.1,   45.8,   99.9,   99.2,    0.1,    0.8,  100.0,   60.7,   47.4,    6.0,   33.1,   45.8,   99.9,   99.2,    0.1,    0.8,    0.0,    0.0,    0.0,    0.0,    0.0,    0.0,    0.0,    0.0,    0.0,    0.0,     36,      6,     14,      4,      8,     10,     18,     25,     36,      6,     14,      4,      8,     10,     18,     25,      0,      0,      0,      0,      0,      0,      0,      0,    73.8,    46.3,    88.3,    70.1,    72.1,    39.3,    82.9,    61.4,    73.8,    46.3,    88.3,    70.1,    72.1,    39.3,    82.9,    61.4,     0.0,     0.0,     0.0,     0.0,     0.0,     0.0,     0.0,     0.0,"1,000 Washington carbon allowances",0063EA,IFED,006 
CALIF CARBON ALL VINTAGE 2026 - ICE FUTURES ENERGY DIV,261006,2026-10-06,0063EE,IFED,01,006 ,  171714,  132347,   42728,    4176,   35032,  124739,  171555,  171643,     159,      71,  171714,  132347,   42728,    4176,   35032,  124739,  171555,  171643,     159,      71,       0,       0,       0,       0,       0,       0,       0,       0,       0,       0,   -7658,   -3331,     142,    -393,   -3960,   -7407,   -7684,   -7658,      26,       0,  100.0,   77.1,   24.9,    2.4,   20.4,   72.6,   99.9,  100.0,    0.1,    0.0,  100.0,   77.1,   24.9,    2.4,   20.4,   72.6,   99.9,  100.0,    0.1,    0.0,    0.0,    0.0,    0.0,    0.0,    0.0,    0.0,    0.0,    0.0,    0.0,    0.0,    133,     65,     19,      8,     26,     30,     92,     56,    133,     65,     19,      8,     26,     30,     92,     56,      0,      0,      0,      0,      0,      0,      0,      0,    42.6,    24.6,    56.7,    45.9,    42.0,    24.6,    55.0,    45.8,    42.6,    24.6,    56.7,    45.9,    42.0,    24.6,    55.0,    45.8,     0.0,     0.0,     0.0,     0.0,     0.0,     0.0,     0.0,     0.0,"1,000 California carbon allowances",0063EE,IFED,006 
CALIF CARBON ALL VINTAGE 2027 - ICE FUTURES ENERGY DIV,261006,2026-10-06,0063EI,IFED,01,006 ,   55522,   29875,    9652,    1976,   23609,   43888,   55460,   55516,      62,       6,   55522,   29875,    9652,    1976,   23609,   43888,   55460,   55516,      62,       6,       0,       0,       0,       0,       0,       0,       0,       0,       0,       0,    9017,    2707,   -2082,    -379,    6635,   11484,    8963,    9023,      54,      -6,  100.0,   53.8,   17.4,    3.6,   42.5,   79.0,   99.9,  100.0,    0.1,    0.0,  100.0,   53.8,   17.4,    3.6,   42.5,   79.0,   99.9,  100.0,    0.1,    0.0,    0.0,    0.0,    0.0,    0.0,    0.0,    0.0,    0.0,    0.0,    0.0,    0.0,     53,     23,      5,      2,     14,     13,     37,     20,     53,     23,      5,      2,     14,     13,     37,     20,      0,      0,      0,      0,      0,      0,      0,      0,    46.2,    67.4,    68.6,    85.3,    46.2,    65.4,    65.1,    83.3,    46.2,    67.4,    68.6,    85.3,    46.2,    65.4,    65.1,    83.3,     0.0,     0.0,     0.0,     0.0,     0.0,     0.0,     0.0,     0.0,"1,000 California carbon allowances",0063EI,IFED,006 
CALIF CARBON ALLOWANCE V2026 - NODAL EXCHANGE,261006,2026-10-06,0063EL,NODX,01,006 ,    5732,    2614,    4300,      25,    3065,    1387,    5704,    5712,      28,      20,    5732,    2614,    4300,      25,    3065,    1387,    5704,    5712,      28,      20,       0,       0,       0,       0,       0,       0,       0,       0,       0,       0,     -35,      11,      20,       0,      -2,       0,       9,      20,     -44,     -55,  100.0,   45.6,   75.0,    0.4,   53.5,   24.2,   99.5,   99.7,    0.5,    0.3,  100.0,   45.6,   75.0,    0.4,   53.5,   24.2,   99.5,   99.7,    0.5,    0.3,    0.0,    0.0,    0.0,    0.0,    0.0,    0.0,    0.0,    0.0,    0.0,    0.0,     28,      6,      6,      1,     10,      9,     16,     16,     28,      6,      6,      1,     10,      9,     16,     16,      0,      0,      0,      0,      0,      0,      0,      0,    68.0,    76.1,    89.2,    91.6,    67.6,    76.1,    87.5,    91.6,    68.0,    76.1,    89.2,    91.6,    67.6,    76.1,    87.5,    91.6,     0.0,     0.0,     0.0,     0.0,     0.0,     0.0,     0.0,     0.0,"(1,000 California carbon allowances)",0063EL,NODX,006 
RGGI V2026 - ICE FUTURES ENERGY DIV,261006,2026-10-06,0063EM,IFED,01,006 ,   58636,   15942,    5587,    3679,   38962,   49337,   58583,   58603,      53,      33,   58636,   15942,    5587,    3679,   38962,   49337,   58583,   58603,      53,      33,       0,       0,       0,       0,       0,       0,       0,       0,       0,       0,    -714,   -1357,    1037,     106,     556,   -1877,    -695,    -734,     -19,      20,  100.0,   27.2,    9.5,    6.3,   66.4,   84.1,   99.9,   99.9,    0.1,    0.1,  100.0,   27.2,    9.5,    6.3,   66.4,   84.1,   99.9,   99.9,    0.1,    0.1,    0.0,    0.0,    0.0,    0.0,    0.0,    0.0,    0.0,    0.0,    0.0,    0.0,     67,     28,     11,      8,     22,     11,     54,     26,     67,     28,     11,      8,     22,     11,     54,     26,      0,      0,      0,      0,      0,      0,      0,      0,    52.4,    84.9,    71.8,    94.5,    52.4,    82.9,    69.1,    88.5,    52.4,    84.9,    71.8,    94.5,    52.4,    82.9,    69.1,    88.5,     0.0,     0.0,     0.0,     0.0,     0.0,     0.0,     0.0,     0.0,"1,000 RGGI CO2 Allowances",0063EM,IFED,006 
RGGI V2027 - ICE FUTURES ENERGY DIV,261006,2026-10-06,0063F6,IFED,01,006 ,   23782,    3109,   12540,    2505,   18139,    8676,   23753,   23721,      29,      61,   23782,    3109,   12540,    2505,   18139,    8676,   23753,   23721,      29,      61,       0,       0,       0,       0,       0,       0,       0,       0,       0,       0,   -1140,    1139,    -992,    -248,   -2045,     133,   -1154,   -1107,      14,     -33,  100.0,   13.1,   52.7,   10.5,   76.3,   36.5,   99.9,   99.7,    0.1,    0.3,  100.0,   13.1,   52.7,   10.5,   76.3,   36.5,   99.9,   99.7,    0.1,    0.3,    0.0,    0.0,    0.0,    0.0,    0.0,    0.0,    0.0,    0.0,    0.0,    0.0,     39,      5,     14,      4,     12,     14,     20,     29,     39,      5,     14,      4,     12,     14,     20,     29,      0,      0,      0,      0,      0,      0,      0,      0,    58.1,    52.6,    85.4,    75.6,    54.5,    42.6,    74.8,    64.3,    58.1,    52.6,    85.4,    75.6,    54.5,    42.6,    74.8,    64.3,     0.0,     0.0,     0.0,     0.0,     0.0,     0.0,     0.0,     0.0,"(1,000 RGGI CO2 Allowances)",0063F6,IFED,006 
TX REC CRS V26 BACK HALF - NODAL EXCHANGE,261006,2026-10-06,006NHT,NODX,01,006 ,    8505,      75,    5465,       0,    8271,    2869,    8346,    8334,     159,     171,    8505,      75,    5465,       0,    8271,    2869,    8346,    8334,     159,     171,       0,       0,       0,       0,       0,       0,       0,       0,       0,       0,       0,       0,       0,       0,       0,       0,       0,       0,       0,       0,  100.0,    0.9,   64.3,    0.0,   97.2,   33.7,   98.1,   98.0,    1.9,    2.0,  100.0,    0.9,   64.3,    0.0,   97.2,   33.7,   98.1,   98.0,    1.9,    2.0,    0.0,    0.0,    0.0,    0.0,    0.0,    0.0,    0.0,    0.0,    0.0,    0.0,     28,      1,      6,      0,     14,      7,     15,     13,     28,      1,      6,      0,     14,      7,     15,     13,      0,      0,      0,      0,      0,      0,      0,      0,    61.0,    66.9,    90.2,    89.6,    61.0,    66.9,    90.2,    89.6,    61.0,    66.9,    90.2,    89.6,    61.0,    66.9,    90.2,    89.6,     0.0,     0.0,     0.0,     0.0,     0.0,     0.0,     0.0,     0.0,1000 Texas RECs,006NHT,NODX,006 
TX REC CRS V27 BACK HALF - NODAL EXCHANGE,261006,2026-10-06,006NHU,NODX,01,006 ,    7230,     896,    4724,       0,    6069,    2241,    6965,    6965,     265,     265,    7230,     896,    4724,       0,    6069,    2241,    6965,    6965,     265,     265,       0,       0,       0,       0,       0,       0,       0,       0,       0,       0,     115,       0,     135,       0,     150,      15,     150,     150,     -35,     -35,  100.0,   12.4,   65.3,    0.0,   83.9,   31.0,   96.3,   96.3,    3.7,    3.7,  100.0,   12.4,   65.3,    0.0,   83.9,   31.0,   96.3,   96.3,    3.7,    3.7,    0.0,    0.0,    0.0,    0.0,    0.0,    0.0,    0.0,    0.0,    0.0,    0.0,     32,      6,      5,      0,     13,      8,     19,     13,     32,      6,      5,      0,     13,      8,     19,     13,      0,      0,      0,      0,      0,      0,      0,      0,    59.8,    76.8,    85.1,    92.9,    59.8,    76.8,    85.1,    92.9,    59.8,    76.8,    85.1,    92.9,    59.8,    76.8,    85.1,    92.9,     0.0,     0.0,     0.0,     0.0,     0.0,     0.0,     0.0,     0.0,1000 Texas RECs,006NHU,NODX,006 
TX REC CRS V28 BACK HALF - NODAL EXCHANGE,261006,2026-10-06,006NHV,NODX,01,006 ,    5042,    1141,    2242,     441,    3207,    2091,    4789,    4774,     253,     268,    5042,    1141,    2242,     441,    3207,    2091,    4789,    4774,     253,     268,       0,       0,       0,       0,       0,       0,       0,       0,       0,       0,     -54,       0,      25,       0,       0,     -25,       0,       0,     -54,     -54,  100.0,   22.6,   44.5,    8.7,   63.6,   41.5,   95.0,   94.7,    5.0,    5.3,  100.0,   22.6,   44.5,    8.7,   63.6,   41.5,   95.0,   94.7,    5.0,    5.3,    0.0,    0.0,    0.0,    0.0,    0.0,    0.0,    0.0,    0.0,    0.0,    0.0,     30,      6,      3,      1,     13,      8,     19,     12,     30,      6,      3,      1,     13,      8,     19,     12,      0,      0,      0,      0,      0,      0,      0,      0,    57.7,    70.1,    78.6,    85.7,    48.9,    66.6,    69.8,    79.6,    57.7,    70.1,    78.6,    85.7,    48.9,    66.6,    69.8,    79.6,     0.0,     0.0,     0.0,     0.0,     0.0,     0.0,     0.0,     0.0,1000 Texas RECs,006NHV,NODX,006 
TX REC CRS V29 BACK HALF - NODAL EXCHANGE,261006,2026-10-06,006NHW,NODX,01,006 ,    4516,     476,    1935,     100,    3852,    2393,    4428,    4428,      88,      88,    4516,     476,    1935,     100,    3852,    2393,    4428,    4428,      88,      88,       0,       0,       0,       0,       0,       0,       0,       0,       0,       0,     -64,     -50,       0,       0,       0,     -50,     -50,     -50,     -14,     -14,  100.0,   10.5,   42.8,    2.2,   85.3,   53.0,   98.1,   98.1,    1.9,    1.9,  100.0,   10.5,   42.8,    2.2,   85.3,   53.0,   98.1,   98.1,    1.9,    1.9,    0.0,    0.0,    0.0,    0.0,    0.0,    0.0,    0.0,    0.0,    0.0,    0.0,     30,      6,      2,      1,     14,      8,     20,     11,     30,      6,      2,      1,     14,      8,     20,     11,      0,      0,      0,      0,      0,      0,      0,      0,    62.0,    81.8,    80.0,    94.7,    62.0,    81.8,    80.0,    94.2,    62.0,    81.8,    80.0,    94.7,    62.0,    81.8,    80.0,    94.2,     0.0,     0.0,     0.0,     0.0,     0.0,     0.0,     0.0,     0.0,1000 Texas RECs,006NHW,NODX,006 
TX REC CRS V30 BACK HALF - NODAL EXCHANGE,261006,2026-10-06,006NHX,NODX,01,006 ,    4048,     503,    2230,       0,    3407,    1668,    3910,    3898,     138,     150,    4048,     503,    2230,       0,    3407,    1668,    3910,    3898,     138,     150,       0,       0,       0,       0,       0,       0,       0,       0,       0,       0,    -115,      63,    -137,       0,    -175,      25,    -112,    -112,      -3,      -3,  100.0,   12.4,   55.1,    0.0,   84.2,   41.2,   96.6,   96.3,    3.4,    3.7,  100.0,   12.4,   55.1,    0.0,   84.2,   41.2,   96.6,   96.3,    3.4,    3.7,    0.0,    0.0,    0.0,    0.0,    0.0,    0.0,    0.0,    0.0,    0.0,    0.0,     28,      5,      4,      0,     11,     10,     16,     14,     28,      5,      4,      0,     11,     10,     16,     14,      0,      0,      0,      0,      0,      0,      0,      0,    72.1,    77.0,    86.3,    91.8,    71.4,    77.0,    85.7,    91.8,    72.1,    77.0,    86.3,    91.8,    71.4,    77.0,    85.7,    91.8,     0.0,     0.0,     0.0,     0.0,     0.0,     0.0,     0.0,     0.0,"(1,000 MWh representing 1,000 Texas RECs",006NHX,NODX,006 
TX REC CRS V27 FRONT HALF - NODAL EXCHANGE,261006,2026-10-06,006NHZ,NODX,01,006 ,    7335,    1460,    3246,       0,    5789,    3962,    7249,    7208,      86,     127,    7335,    1460,    3246,       0,    5789,    3962,    7249,    7208,      86,     127,       0,       0,       0,       0,       0,       0,       0,       0,       0,       0,    -117,       0,      15,       0,       0,     -15,       0,       0,    -117,    -117,  100.0,   19.9,   44.3,    0.0,   78.9,   54.0,   98.8,   98.3,    1.2,    1.7,  100.0,   19.9,   44.3,    0.0,   78.9,   54.0,   98.8,   98.3,    1.2,    1.7,    0.0,    0.0,    0.0,    0.0,    0.0,    0.0,    0.0,    0.0,    0.0,    0.0,     31,      6,      2,      0,     15,     10,     21,     12,     31,      6,      2,      0,     15,     10,     21,     12,      0,      0,      0,      0,      0,      0,      0,      0,    56.7,    72.3,    77.8,    92.5,    52.9,    72.0,    74.0,    91.1,    56.7,    72.3,    77.8,    92.5,    52.9,    72.0,    74.0,    91.1,     0.0,     0.0,     0.0,     0.0,     0.0,     0.0,     0.0,     0.0,1000 Texas RECs,006NHZ,NODX,006 
TX REC CRS V28 FRONT HALF - NODAL EXCHANGE,261006,2026-10-06,006NJ1,NODX,01,006 ,    6049,     759,    3095,       0,    5015,    2650,    5774,    5745,     275,     304,    6049,     759,    3095,       0,    5015,    2650,    5774,    5745,     275,     304,       0,       0,       0,       0,       0,       0,       0,       0,       0,       0,       5,       5,      30,       0,       0,     -25,       5,       5,       0,       0,  100.0,   12.5,   51.2,    0.0,   82.9,   43.8,   95.5,   95.0,    4.5,    5.0,  100.0,   12.5,   51.2,    0.0,   82.9,   43.8,   95.5,   95.0,    4.5,    5.0,    0.0,    0.0,    0.0,    0.0,    0.0,    0.0,    0.0,    0.0,    0.0,    0.0,     25,      3,      4,      0,     11,      8,     14,     12,     25,      3,      4,      0,     11,      8,     14,     12,      0,      0,      0,      0,      0,      0,      0,      0,    66.3,    71.0,    84.2,    90.5,    65.5,    71.0,    83.4,    90.5,    66.3,    71.0,    84.2,    90.5,    65.5,    71.0,    83.4,    90.5,     0.0,     0.0,     0.0,     0.0,     0.0,     0.0,     0.0,     0.0,1000 Texas RECs,006NJ1,NODX,006 
TX REC CRS V29 FRONT HALF - NODAL EXCHANGE,261006,2026-10-06,006NJ2,NODX,01,006 ,    6009,    1149,    2260,      33,    4721,    3604,    5903,    5897,     106,     112,    6009,    1149,    2260,      33,    4721,    3604,    5903,    5897,     106,     112,       0,       0,       0,       0,       0,       0,       0,       0,       0,       0,     -37,     -26,       0,       0,       1,     -25,     -25,     -25,     -12,     -12,  100.0,   19.1,   37.6,    0.5,   78.6,   60.0,   98.2,   98.1,    1.8,    1.9,  100.0,   19.1,   37.6,    0.5,   78.6,   60.0,   98.2,   98.1,    1.8,    1.9,    0.0,    0.0,    0.0,    0.0,    0.0,    0.0,    0.0,    0.0,    0.0,    0.0,     30,      6,      2,      1,     12,     10,     18,     13,     30,      6,      2,      1,     12,     10,     18,     13,      0,      0,      0,      0,      0,      0,      0,      0,    70.3,    85.3,    87.8,    94.3,    70.3,    85.3,    87.8,    94.3,    70.3,    85.3,    87.8,    94.3,    70.3,    85.3,    87.8,    94.3,     0.0,     0.0,     0.0,     0.0,     0.0,     0.0,     0.0,     0.0,1000 Texas RECs,006NJ2,NODX,006 
TX REC CRS V30 FRONT HALF - NODAL EXCHANGE,261006,2026-10-06,006NJ3,NODX,01,006 ,    3594,     503,    1901,       0,    2981,    1557,    3484,    3458,     110,     136,    3594,     503,    1901,       0,    2981,    1557,    3484,    3458,     110,     136,       0,       0,       0,       0,       0,       0,       0,       0,       0,       0,       6,       0,      25,       0,      50,      25,      50,      50,     -44,     -44,  100.0,   14.0,   52.9,    0.0,   82.9,   43.3,   96.9,   96.2,    3.1,    3.8,  100.0,   14.0,   52.9,    0.0,   82.9,   43.3,   96.9,   96.2,    3.1,    3.8,    0.0,    0.0,    0.0,    0.0,    0.0,    0.0,    0.0,    0.0,    0.0,    0.0,     26,      3,      6,      0,     10,      9,     13,     15,     26,      3,      6,      0,     10,      9,     13,     15,      0,      0,      0,      0,      0,      0,      0,      0,    71.5,    70.9,    87.2,    87.8,    69.3,    70.9,    85.0,    87.8,    71.5,    70.9,    87.2,    87.8,    69.3,    70.9,    85.0,    87.8,     0.0,     0.0,     0.0,     0.0,     0.0,     0.0,     0.0,     0.0,1000 Texas RECs,006NJ3,NODX,006 
TX REC CRS V31 BACK HALF - NODAL EXCHANGE,261006,2026-10-06,006NKH,NODX,01,006 ,    2247,     219,    1174,       0,    1928,     958,    2147,    2132,     100,     115,    2247,     219,    1174,       0,    1928,     958,    2147,    2132,     100,     115,       0,       0,       0,       0,       0,       0,       0,       0,       0,       0,       0,       0,       0,       0,       0,       0,       0,       0,       0,       0,  100.0,    9.7,   52.2,    0.0,   85.8,   42.6,   95.5,   94.9,    4.5,    5.1,  100.0,    9.7,   52.2,    0.0,   85.8,   42.6,   95.5,   94.9,    4.5,    5.1,    0.0,    0.0,    0.0,    0.0,    0.0,    0.0,    0.0,    0.0,    0.0,    0.0,     20,      2,      3,      0,      9,      8,     11,     11,     20,      2,      3,      0,      9,      8,     11,     11,      0,      0,      0,      0,      0,      0,      0,      0,    70.6,    78.1,    89.2,    91.4,    68.2,    78.1,    86.9,    91.4,    70.6,    78.1,    89.2,    91.4,    68.2,    78.1,    86.9,    91.4,     0.0,     0.0,     0.0,     0.0,     0.0,     0.0,     0.0,     0.0,1000 Texas RECs,006NKH,NODX,006 
TX REC CRS V31 FRONT HALF - NODAL EXCHANGE,261006,2026-10-06,006NKJ,NODX,01,006 ,    2291,     468,    1089,       0,    1704,    1107,    2172,    2196,     119,      95,    2291,     468,    1089,       0,    1704,    1107,    2172,    2196,     119,      95,       0,       0,       0,       0,       0,       0,       0,       0,       0,       0,      -5,       0,       0,       0,       0,       0,       0,       0,      -5,      -5,  100.0,   20.4,   47.5,    0.0,   74.4,   48.3,   94.8,   95.9,    5.2,    4.1,  100.0,   20.4,   47.5,    0.0,   74.4,   48.3,   94.8,   95.9,    5.2,    4.1,    0.0,    0.0,    0.0,    0.0,    0.0,    0.0,    0.0,    0.0,    0.0,    0.0,     20,      3,      2,      0,     10,      7,     13,      9,     20,      3,      2,      0,     10,      7,     13,      9,      0,      0,      0,      0,      0,      0,      0,      0,    57.9,    78.3,    81.9,    94.7,    56.7,    78.3,    80.7,    91.9,    57.9,    78.3,    81.9,    94.7,    56.7,    78.3,    80.7,    91.9,     0.0,     0.0,     0.0,     0.0,     0.0,     0.0,     0.0,     0.0,1000 Texas RECs,006NKJ,NODX,006 
NEW JERSEY RECs CLASS 2 V2027 - NODAL EXCHANGE,261006,2026-10-06,006NMM,NODX,01,006 ,   10806,    4495,    1920,       0,    6311,    8886,   10806,   10806,       0,       0,   10806,    4495,    1920,       0,    6311,    8886,   10806,   10806,       0,       0,       0,       0,       0,       0,       0,       0,       0,       0,       0,       0,       0,       0,       0,       0,       0,       0,       0,       0,       0,       0,  100.0,   41.6,   17.8,    0.0,   58.4,   82.2,  100.0,  100.0,    0.0,    0.0,  100.0,   41.6,   17.8,    0.0,   58.4,   82.2,  100.0,  100.0,    0.0,    0.0,    0.0,    0.0,    0.0,    0.0,    0.0,    0.0,    0.0,    0.0,    0.0,    0.0,     25,      6,      2,      0,     13,      4,     19,      6,     25,      6,      2,      0,     13,      4,     19,      6,      0,      0,      0,      0,      0,      0,      0,      0,    54.8,    96.3,    81.7,   100.0,    54.8,    96.3,    81.7,   100.0,    54.8,    96.3,    81.7,   100.0,    54.8,    96.3,    81.7,   100.0,     0.0,     0.0,     0.0,     0.0,     0.0,     0.0,     0.0,     0.0,(100 MWh representing 100 NJ Class 2 REC,006NMM,NODX,006 
PENNSYLVANIA AEC TIER 2-V2027 - NODAL EXCHANGE,261006,2026-10-06,006NMT,NODX,01,006 ,   29368,    8033,   11289,       0,   21335,   18079,   29368,   29368,       0,       0,   29368,    8033,   11289,       0,   21335,   18079,   29368,   29368,       0,       0,       0,       0,       0,       0,       0,       0,       0,       0,       0,       0,     300,     700,     300,       0,    -400,       0,     300,     300,       0,       0,  100.0,   27.4,   38.4,    0.0,   72.6,   61.6,  100.0,  100.0,    0.0,    0.0,  100.0,   27.4,   38.4,    0.0,   72.6,   61.6,  100.0,  100.0,    0.0,    0.0,    0.0,    0.0,    0.0,    0.0,    0.0,    0.0,    0.0,    0.0,    0.0,    0.0,     32,      5,      4,      0,     15,      8,     20,     12,     32,      5,      4,      0,     15,      8,     20,     12,      0,      0,      0,      0,      0,      0,      0,      0,    47.6,    72.4,    74.4,    96.2,    47.6,    72.4,    74.4,    96.2,    47.6,    72.4,    74.4,    96.2,    47.6,    72.4,    74.4,    96.2,     0.0,     0.0,     0.0,     0.0,     0.0,     0.0,     0.0,     0.0,(100 MWh = 100 Tier 2  AECs),006NMT,NODX,006 
NEW JERSEY RECs CLASS 2 V2028 - NODAL EXCHANGE,261006,2026-10-06,006NMW,NODX,01,006 ,    4661,    2110,    1966,       0,    2551,    2695,    4661,    4661,       0,       0,    4661,    2110,    1966,       0,    2551,    2695,    4661,    4661,       0,       0,       0,       0,       0,       0,       0,       0,       0,       0,       0,       0,      50,       0,      50,       0,      50,       0,      50,      50,       0,       0,  100.0,   45.3,   42.2,    0.0,   54.7,   57.8,  100.0,  100.0,    0.0,    0.0,  100.0,   45.3,   42.2,    0.0,   54.7,   57.8,  100.0,  100.0,    0.0,    0.0,    0.0,    0.0,    0.0,    0.0,    0.0,    0.0,    0.0,    0.0,    0.0,    0.0,     22,      5,      2,      0,     10,      5,     15,      7,     22,      5,      2,      0,     10,      5,     15,      7,      0,      0,      0,      0,      0,      0,      0,      0,    57.9,    88.2,    84.7,   100.0,    57.9,    88.2,    84.7,   100.0,    57.9,    88.2,    84.7,   100.0,    57.9,    88.2,    84.7,   100.0,     0.0,     0.0,     0.0,     0.0,     0.0,     0.0,     0.0,     0.0,100 MWh representing 100 NJ Class 2 RECs,006NMW,NODX,006 
PENNSYLVANIA AEC TIER 2-V2028 - NODAL EXCHANGE,261006,2026-10-06,006NMX,NODX,01,006 ,   24050,    5585,   10744,       0,   18465,   13306,   24050,   24050,       0,       0,   24050,    5585,   10744,       0,   18465,   13306,   24050,   24050,       0,       0,       0,       0,       0,       0,       0,       0,       0,       0,       0,       0,     500,    1850,    1000,       0,   -1350,    -500,     500,     500,       0,       0,  100.0,   23.2,   44.7,    0.0,   76.8,   55.3,  100.0,  100.0,    0.0,    0.0,  100.0,   23.2,   44.7,    0.0,   76.8,   55.3,  100.0,  100.0,    0.0,    0.0,    0.0,    0.0,    0.0,    0.0,    0.0,    0.0,    0.0,    0.0,    0.0,    0.0,     30,      7,      4,      0,     16,      3,     23,      7,     30,      7,      4,      0,     16,      3,     23,      7,      0,      0,      0,      0,      0,      0,      0,      0,    50.2,    97.2,    71.9,   100.0,    50.2,    97.2,    71.9,   100.0,    50.2,    97.2,    71.9,   100.0,    50.2,    97.2,    71.9,   100.0,     0.0,     0.0,     0.0,     0.0,     0.0,     0.0,     0.0,     0.0,(100 MWh = 100 Tier 2  AECs),006NMX,NODX,006 
PENNSYLVANIA AEC TIER 2-V2029 - NODAL EXCHANGE,261006,2026-10-06,006NNO,NODX,01,006 ,   10625,     880,    4510,       0,    9725,    6115,   10605,   10625,      20,       0,   10625,     880,    4510,       0,    9725,    6115,   10605,   10625,      20,       0,       0,       0,       0,       0,       0,       0,       0,       0,       0,       0,     150,    -150,     200,       0,     300,     -50,     150,     150,       0,       0,  100.0,    8.3,   42.4,    0.0,   91.5,   57.6,   99.8,  100.0,    0.2,    0.0,  100.0,    8.3,   42.4,    0.0,   91.5,   57.6,   99.8,  100.0,    0.2,    0.0,    0.0,    0.0,    0.0,    0.0,    0.0,    0.0,    0.0,    0.0,    0.0,    0.0,     21,      2,      2,      0,     13,      4,     15,      6,     21,      2,      2,      0,     13,      4,     15,      6,      0,      0,      0,      0,      0,      0,      0,      0,    57.4,    96.2,    88.0,   100.0,    57.4,    96.2,    88.0,   100.0,    57.4,    96.2,    88.0,   100.0,    57.4,    96.2,    88.0,   100.0,     0.0,     0.0,     0.0,     0.0,     0.0,     0.0,     0.0,     0.0,(100 MWh = 100 Tier 2  AECs),006NNO,NODX,006 
DC SOLAR RECS V2026 - NODAL EXCHANGE,261006,2026-10-06,006NP1,NODX,01,006 ,    6219,    1650,     400,       0,    4469,    5719,    6119,    6119,     100,     100,    6219,    1650,     400,       0,    4469,    5719,    6119,    6119,     100,     100,       0,       0,       0,       0,       0,       0,       0,       0,       0,       0,       0,       0,       0,       0,       0,       0,       0,       0,       0,       0,  100.0,   26.5,    6.4,    0.0,   71.9,   92.0,   98.4,   98.4,    1.6,    1.6,  100.0,   26.5,    6.4,    0.0,   71.9,   92.0,   98.4,   98.4,    1.6,    1.6,    0.0,    0.0,    0.0,    0.0,    0.0,    0.0,    0.0,    0.0,    0.0,    0.0,     20,      4,      2,      0,      9,      5,     13,      7,     20,      4,      2,      0,      9,      5,     13,      7,      0,      0,      0,      0,      0,      0,      0,      0,    67.5,    92.4,    88.4,    98.4,    67.5,    92.4,    88.4,    98.4,    67.5,    92.4,    88.4,    98.4,    67.5,    92.4,    88.4,    98.4,     0.0,     0.0,     0.0,     0.0,     0.0,     0.0,     0.0,     0.0,(10 Solar RECs),006NP1,NODX,006 
SOYBEAN OIL - CHICAGO BOARD OF TRADE,261006,2026-10-06,007601,CBT ,00,007 ,  549657,  146851,   35572,  126721,  240347,  365535,  513919,  527828,   35738,   21829,  536562,  144476,   39849,  120688,  236345,  354942,  501509,  515479,   35053,   21083,   13095,    7183,     531,    1225,    4002,   10593,   12410,   12349,     685,     746,    -163,    4428,   -4985,    -148,   -7552,    2722,   -3272,   -2411,    3109,    2248,  100.0,   26.7,    6.5,   23.1,   43.7,   66.5,   93.5,   96.0,    6.5,    4.0,  100.0,   26.9,    7.4,   22.5,   44.0,   66.2,   93.5,   96.1,    6.5,    3.9,  100.0,   54.9,    4.1,    9.4,   30.6,   80.9,   94.8,   94.3,    5.2,    5.7,    316,    123,     51,    103,     94,    100,    257,    224,    316,    122,     56,    102,     94,     99,    256,    223,     79,     21,     14,     10,     31,     22,     57,     42,    11.7,    30.2,    18.6,    39.6,     8.9,    28.0,    14.4,    35.4,    12.0,    30.0,    18.6,    39.4,     9.0,    27.9,    14.7,    35.2,    40.6,    41.2,    58.1,    67.8,    40.1,    39.0,    54.5,    63.5,"(CONTRACTS OF 60,000 POUNDS)",007601,CBT ,007 
UST BOND - CHICAGO BOARD OF TRADE,261006,2026-10-06,020601,CBT ,00,020 , 1898067,  221234,  341046,   19316, 1422476, 1373770, 1663026, 1734132,  235041,  163935, 1898067,  221234,  341046,   19316, 1422476, 1373770, 1663026, 1734132,  235041,  163935,       0,       0,       0,       0,       0,       0,       0,       0,       0,       0,   18894,   31718,  -35345,   -5590,    -788,   58814,   25340,   17879,   -6446,    1015,  100.0,   11.7,   18.0,    1.0,   74.9,   72.4,   87.6,   91.4,   12.4,    8.6,  100.0,   11.7,   18.0,    1.0,   74.9,   72.4,   87.6,   91.4,   12.4,    8.6,    0.0,    0.0,    0.0,    0.0,    0.0,    0.0,    0.0,    0.0,    0.0,    0.0,    257,     41,     45,     16,    132,    119,    183,    170,    257,     41,     45,     16,    132,    119,    183,    170,      0,      0,      0,      0,      0,      0,      0,      0,    20.8,    38.7,    31.3,    47.2,    20.1,    34.7,    30.1,    43.2,    20.8,    38.7,    31.3,    47.2,    20.1,    34.7,    30.1,    43.2,     0.0,     0.0,     0.0,     0.0,     0.0,     0.0,     0.0,     0.0,"(CONTRACTS OF $100,000 FACE VALUE)",020601,CBT ,020 
ULTRA UST BOND - CHICAGO BOARD OF TRADE,261006,2026-10-06,020604,CBT ,00,020 , 2404377,  145981,  422320,   23144, 2034056, 1784908, 2203181, 2230372,  201196,  174005, 2404377,  145981,  422320,   23144, 2034056, 1784908, 2203181, 2230372,  201196,  174005,       0,       0,       0,       0,       0,       0,       0,       0,       0,       0, -103203,  -11069,  -61166,   -6218,  -77654,  -35390,  -94941, -102774,   -8262,    -429,  100.0,    6.1,   17.6,    1.0,   84.6,   74.2,   91.6,   92.8,    8.4,    7.2,  100.0,    6.1,   17.6,    1.0,   84.6,   74.2,   91.6,   92.8,    8.4,    7.2,    0.0,    0.0,    0.0,    0.0,    0.0,    0.0,    0.0,    0.0,    0.0,    0.0,    224,     25,     35,     18,    124,    112,    157,    157,    224,     25,     35,     18,    124,    112,    157,    157,      0,      0,      0,      0,      0,      0,      0,      0,    30.9,    36.2,    44.3,    49.0,    27.4,    34.8,    36.9,    42.3,    30.9,    36.2,    44.3,    49.0,    27.4,    34.8,    36.9,    42.3,     0.0,     0.0,     0.0,     0.0,     0.0,     0.0,     0.0,     0.0,"(CONTRACTS OF $100,000 FACE VALUE)",020604,CBT ,020 
USGC HSFO (PLATTS) - ICE FUTURES ENERGY DIV,261006,2026-10-06,02141B,IFED,01,021 ,   21481,    5118,     294,    3180,   13135,   17904,   21433,   21378,      48,     103,   21481,    5118,     294,    3180,   13135,   17904,   21433,   21378,      48,     103,       0,       0,       0,       0,       0,       0,       0,       0,       0,       0,   -9200,   -5801,    -127,    -460,   -2959,   -8609,   -9220,   -9196,      20,      -4,  100.0,   23.8,    1.4,   14.8,   61.1,   83.3,   99.8,   99.5,    0.2,    0.5,  100.0,   23.8,    1.4,   14.8,   61.1,   83.3,   99.8,   99.5,    0.2,    0.5,    0.0,    0.0,    0.0,    0.0,    0.0,    0.0,    0.0,    0.0,    0.0,    0.0,     55,      7,      3,      5,     35,     40,     44,     47,     55,      7,      3,      5,     35,     40,     44,     47,      0,      0,      0,      0,      0,      0,      0,      0,    38.9,    38.1,    61.6,    58.3,    27.1,    20.1,    37.3,    28.0,    38.9,    38.1,    61.6,    58.3,    27.1,    20.1,    37.3,    28.0,     0.0,     0.0,     0.0,     0.0,     0.0,     0.0,     0.0,     0.0,(1000 barrels),02141B,IFED,021 
FUEL OIL-3% USGC/3.5% FOB RDAM - ICE FUTURES ENERGY DIV,261006,2026-10-06,02141C,IFED,01,021 ,   13666,     527,    4112,    1888,   11213,    7661,   13628,   13661,      38,       5,   13666,     527,    4112,    1888,   11213,    7661,   13628,   13661,      38,       5,       0,       0,       0,       0,       0,       0,       0,       0,       0,       0,   -6499,     -60,   -4360,    -473,   -5977,   -1662,   -6510,   -6495,      11,      -4,  100.0,    3.9,   30.1,   13.8,   82.1,   56.1,   99.7,  100.0,    0.3,    0.0,  100.0,    3.9,   30.1,   13.8,   82.1,   56.1,   99.7,  100.0,    0.3,    0.0,    0.0,    0.0,    0.0,    0.0,    0.0,    0.0,    0.0,    0.0,    0.0,    0.0,     39,      3,      5,      3,     23,     20,     28,     26,     39,      3,      5,      3,     23,     20,     28,     26,      0,      0,      0,      0,      0,      0,      0,      0,    48.6,    59.8,    70.4,    78.9,    45.7,    51.4,    59.5,    65.8,    48.6,    59.8,    70.4,    78.9,    45.7,    51.4,    59.5,    65.8,     0.0,     0.0,     0.0,     0.0,     0.0,     0.0,     0.0,     0.0,(1000 barrels),02141C,IFED,021 
USGC HSFO-PLATTS/BRENT 1ST LN - ICE FUTURES ENERGY DIV,261006,2026-10-06,02141R,IFED,01,021 ,    9752,       0,    4584,     628,    9072,    4428,    9700,    9640,      52,     112,    9752,       0,    4584,     628,    9072,    4428,    9700,    9640,      52,     112,       0,       0,       0,       0,       0,       0,       0,       0,       0,       0,   -4753,    -344,   -1234,    -746,   -3651,   -2792,   -4741,   -4772,     -12,      19,  100.0,    0.0,   47.0,    6.4,   93.0,   45.4,   99.5,   98.9,    0.5,    1.1,  100.0,    0.0,   47.0,    6.4,   93.0,   45.4,   99.5,   98.9,    0.5,    1.1,    0.0,    0.0,    0.0,    0.0,    0.0,    0.0,    0.0,    0.0,    0.0,    0.0,     37,      0,      7,      3,     23,     18,     26,     25,     37,      0,      7,      3,     23,     18,     26,     25,      0,      0,      0,      0,      0,      0,      0,      0,    61.4,    52.7,    76.3,    72.5,    60.8,    49.0,    73.0,    64.2,    61.4,    52.7,    76.3,    72.5,    60.8,    49.0,    73.0,    64.2,     0.0,     0.0,     0.0,     0.0,     0.0,     0.0,     0.0,     0.0,(1000 Barrels),02141R,IFED,021 
NY HARBOR ULSD - NEW YORK MERCANTILE EXCHANGE,261006,2026-10-06,022651,NYME,01,022 ,  242852,   39264,   28269,   43412,  110787,  140543,  193463,  212224,   49389,   30628,  242852,   39264,   28269,   43412,  110787,  140543,  193463,  212224,   49389,   30628,       0,       0,       0,       0,       0,       0,       0,       0,       0,       0,    4319,   -4430,   -3334,    2098,    5034,    4487,    2702,    3251,    1617,    1068,  100.0,   16.2,   11.6,   17.9,   45.6,   57.9,   79.7,   87.4,   20.3,   12.6,  100.0,   16.2,   11.6,   17.9,   45.6,   57.9,   79.7,   87.4,   20.3,   12.6,    0.0,    0.0,    0.0,    0.0,    0.0,    0.0,    0.0,    0.0,    0.0,    0.0,    169,     43,     33,     52,     67,     79,    144,    135,    169,     43,     33,     52,     67,     79,    144,    135,      0,      0,      0,      0,      0,      0,      0,      0,    14.1,    17.8,    21.3,    28.0,    12.6,    14.3,    18.1,    21.5,    14.1,    17.8,    21.3,    28.0,    12.6,    14.3,    18.1,    21.5,     0.0,     0.0,     0.0,     0.0,     0.0,     0.0,     0.0,     0.0,"(CONTRACTS OF 42,000 U.S. GALLONS)",022651,NYME,022 
NAT GAS ICE LD1 - ICE FUTURES ENERGY DIV,261006,2026-10-06,023391,IFED,01,023 , 7749633,  744423,  764069, 1380006, 5580065, 5586791, 7704494, 7730866,   45139,   18767, 7749633,  744423,  764069, 1380006, 5580065, 5586791, 7704494, 7730866,   45139,   18767,       0,       0,       0,       0,       0,       0,       0,       0,       0,       0,   62805,  -48691,   30227,   17212,   94190,   14545,   62711,   61984,      94,     821,  100.0,    9.6,    9.9,   17.8,   72.0,   72.1,   99.4,   99.8,    0.6,    0.2,  100.0,    9.6,    9.9,   17.8,   72.0,   72.1,   99.4,   99.8,    0.6,    0.2,    0.0,    0.0,    0.0,    0.0,    0.0,    0.0,    0.0,    0.0,    0.0,    0.0,    273,     37,     43,     67,    179,    137,    254,    210,    273,     37,     43,     67,    179,    137,    254,    210,      0,      0,      0,      0,      0,      0,      0,      0,    21.9,    33.3,    34.4,    48.2,    17.1,    30.8,    28.5,    43.9,    21.9,    33.3,    34.4,    48.2,    17.1,    30.8,    28.5,    43.9,     0.0,     0.0,     0.0,     0.0,     0.0,     0.0,     0.0,     0.0,"(Contracts of 2,500  MMBTU'S)",023391,IFED,023 
NAT GAS ICE PEN - ICE FUTURES ENERGY DIV,261006,2026-10-06,023392,IFED,01,023 ,  659622,  100675,  213979,  167410,  391410,  278125,  659495,  659514,     127,     108,  659622,  100675,  213979,  167410,  391410,  278125,  659495,  659514,     127,     108,       0,       0,       0,       0,       0,       0,       0,       0,       0,       0,   15105,    3077,   13972,    5276,    6752,   -4143,   15105,   15105,       0,       0,  100.0,   15.3,   32.4,   25.4,   59.3,   42.2,  100.0,  100.0,    0.0,    0.0,  100.0,   15.3,   32.4,   25.4,   59.3,   42.2,  100.0,  100.0,    0.0,    0.0,    0.0,    0.0,    0.0,    0.0,    0.0,    0.0,    0.0,    0.0,    0.0,    0.0,     72,     18,     17,     27,     30,     35,     61,     66,     72,     18,     17,     27,     30,     35,     61,     66,      0,      0,      0,      0,      0,      0,      0,      0,    40.2,    47.0,    60.1,    67.9,    25.4,    31.0,    34.4,    36.4,    40.2,    47.0,    60.1,    67.9,    25.4,    31.0,    34.4,    36.4,     0.0,     0.0,     0.0,     0.0,     0.0,     0.0,     0.0,     0.0,"(Contracts of 2,500  MMBTU'S)",023392,IFED,023 
SOCAL BORDER FIN BASIS - ICE FUTURES ENERGY DIV,261006,2026-10-06,023393,IFED,01,023 ,  257845,   17987,   11121,    7615,  220029,  228492,  245631,  247228,   12214,   10617,  257845,   17987,   11121,    7615,  220029,  228492,  245631,  247228,   12214,   10617,       0,       0,       0,       0,       0,       0,       0,       0,       0,       0,  -14881,   -3972,   -6030,    -510,   -8311,  -10581,  -12793,  -17121,   -2088,    2240,  100.0,    7.0,    4.3,    3.0,   85.3,   88.6,   95.3,   95.9,    4.7,    4.1,  100.0,    7.0,    4.3,    3.0,   85.3,   88.6,   95.3,   95.9,    4.7,    4.1,    0.0,    0.0,    0.0,    0.0,    0.0,    0.0,    0.0,    0.0,    0.0,    0.0,     50,      5,      5,      7,     34,     31,     43,     40,     50,      5,      5,      7,     34,     31,     43,     40,      0,      0,      0,      0,      0,      0,      0,      0,    43.6,    56.8,    60.8,    68.2,    43.3,    54.1,    58.1,    64.3,    43.6,    56.8,    60.8,    68.2,    43.3,    54.1,    58.1,    64.3,     0.0,     0.0,     0.0,     0.0,     0.0,     0.0,     0.0,     0.0,"(Contracts of 2,500  MMBTU'S)",023393,IFED,023 
PG&E CITYGATE FIN BASIS - ICE FUTURES ENERGY DIV,261006,2026-10-06,023394,IFED,01,023 ,  177834,    4864,    4854,    5524,  159522,  163044,  169910,  173422,    7924,    4412,  177834,    4864,    4854,    5524,  159522,  163044,  169910,  173422,    7924,    4412,       0,       0,       0,       0,       0,       0,       0,       0,       0,       0,  -13624,    1951,    -654,   -2061,  -12734,  -11295,  -12844,  -14010,    -780,     386,  100.0,    2.7,    2.7,    3.1,   89.7,   91.7,   95.5,   97.5,    4.5,    2.5,  100.0,    2.7,    2.7,    3.1,   89.7,   91.7,   95.5,   97.5,    4.5,    2.5,    0.0,    0.0,    0.0,    0.0,    0.0,    0.0,    0.0,    0.0,    0.0,    0.0,     45,      4,      5,      6,     33,     32,     41,     39,     45,      4,      5,      6,     33,     32,     41,     39,      0,      0,      0,      0,      0,      0,      0,      0,    50.3,    63.1,    63.5,    78.2,    50.2,    58.5,    62.3,    70.8,    50.3,    63.1,    63.5,    78.2,    50.2,    58.5,    62.3,    70.8,     0.0,     0.0,     0.0,     0.0,     0.0,     0.0,     0.0,     0.0,"(Contracts of 2,500  MMBTU'S)",023394,IFED,023 
NWP ROCKIES FIN BASIS - ICE FUTURES ENERGY DIV,261006,2026-10-06,023395,IFED,01,023 ,  399359,   36241,   14854,    7427,  344548,  364871,  388216,  387152,   11143,   12207,  399359,   36241,   14854,    7427,  344548,  364871,  388216,  387152,   11143,   12207,       0,       0,       0,       0,       0,       0,       0,       0,       0,       0,  -15604,    4783,   -4067,    -515,  -19704,  -14669,  -15436,  -19251,    -168,    3647,  100.0,    9.1,    3.7,    1.9,   86.3,   91.4,   97.2,   96.9,    2.8,    3.1,  100.0,    9.1,    3.7,    1.9,   86.3,   91.4,   97.2,   96.9,    2.8,    3.1,    0.0,    0.0,    0.0,    0.0,    0.0,    0.0,    0.0,    0.0,    0.0,    0.0,     68,      9,      4,      8,     42,     40,     53,     50,     68,      9,      4,      8,     42,     40,     53,     50,      0,      0,      0,      0,      0,      0,      0,      0,    47.7,    41.4,    64.3,    60.8,    35.1,    37.7,    49.4,    51.6,    47.7,    41.4,    64.3,    60.8,    35.1,    37.7,    49.4,    51.6,     0.0,     0.0,     0.0,     0.0,     0.0,     0.0,     0.0,     0.0,"(Contracts of 2,500  MMBTU'S)",023395,IFED,023 
AECO FIN BASIS - ICE FUTURES ENERGY DIV,261006,2026-10-06,023396,IFED,01,023 ,  915827,   26483,    8456,   11332,  860435,  890265,  898250,  910053,   17577,    5774,  915827,   26483,    8456,   11332,  860435,  890265,  898250,  910053,   17577,    5774,       0,       0,       0,       0,       0,       0,       0,       0,       0,       0,  -48040,   -1914,     583,   -2564,  -43764,  -45947,  -48242,  -47928,     202,    -112,  100.0,    2.9,    0.9,    1.2,   94.0,   97.2,   98.1,   99.4,    1.9,    0.6,  100.0,    2.9,    0.9,    1.2,   94.0,   97.2,   98.1,   99.4,    1.9,    0.6,    0.0,    0.0,    0.0,    0.0,    0.0,    0.0,    0.0,    0.0,    0.0,    0.0,     57,      7,      4,      5,     42,     29,     51,     36,     57,      7,      4,      5,     42,     29,     51,     36,      0,      0,      0,      0,      0,      0,      0,      0,    44.0,    54.6,    58.8,    79.3,    39.6,    54.6,    52.4,    74.5,    44.0,    54.6,    58.8,    79.3,    39.6,    54.6,    52.4,    74.5,     0.0,     0.0,     0.0,     0.0,     0.0,     0.0,     0.0,     0.0,"(Contracts of 2,500  MMBTU'S)",023396,IFED,023 
CHICAGO FIN BASIS - ICE FUTURES ENERGY DIV,261006,2026-10-06,023397,IFED,01,023 ,  361396,   22846,    4474,    4799,  325551,  336729,  353196,  346002,    8200,   15394,  361396,   22846,    4474,    4799,  325551,  336729,  353196,  346002,    8200,   15394,       0,       0,       0,       0,       0,       0,       0,       0,       0,       0,  -22504,    -219,   -8054,    -499,  -22886,  -19653,  -23604,  -28206,    1100,    5702,  100.0,    6.3,    1.2,    1.3,   90.1,   93.2,   97.7,   95.7,    2.3,    4.3,  100.0,    6.3,    1.2,    1.3,   90.1,   93.2,   97.7,   95.7,    2.3,    4.3,    0.0,    0.0,    0.0,    0.0,    0.0,    0.0,    0.0,    0.0,    0.0,    0.0,     56,      9,      4,      6,     37,     30,     47,     39,     56,      9,      4,      6,     37,     30,     47,     39,      0,      0,      0,      0,      0,      0,      0,      0,    43.0,    34.8,    58.7,    57.1,    33.3,    30.7,    44.7,    43.8,    43.0,    34.8,    58.7,    57.1,    33.3,    30.7,    44.7,    43.8,     0.0,     0.0,     0.0,     0.0,     0.0,     0.0,     0.0,     0.0,"(Contracts of 2,500  MMBTU'S)",023397,IFED,023 
HSC FIN BASIS - ICE FUTURES ENERGY DIV,261006,2026-10-06,023398,IFED,01,023 ,  829806,    8856,  130457,   32529,  781146,  659563,  822531,  822549,    7275,    7257,  829806,    8856,  130457,   32529,  781146,  659563,  822531,  822549,    7275,    7257,       0,       0,       0,       0,       0,       0,       0,       0,       0,       0,  -68599,   -5956,  -29404,    2064,  -65143,  -41140,  -69035,  -68480,     436,    -119,  100.0,    1.1,   15.7,    3.9,   94.1,   79.5,   99.1,   99.1,    0.9,    0.9,  100.0,    1.1,   15.7,    3.9,   94.1,   79.5,   99.1,   99.1,    0.9,    0.9,    0.0,    0.0,    0.0,    0.0,    0.0,    0.0,    0.0,    0.0,    0.0,    0.0,     92,      8,     13,     12,     57,     53,     73,     71,     92,      8,     13,     12,     57,     53,     73,     71,      0,      0,      0,      0,      0,      0,      0,      0,    30.0,    27.2,    50.1,    43.2,    29.4,    27.0,    47.0,    41.5,    30.0,    27.2,    50.1,    43.2,    29.4,    27.0,    47.0,    41.5,     0.0,     0.0,     0.0,     0.0,     0.0,     0.0,     0.0,     0.0,"(Contracts of 2,500  MMBTU'S)",023398,IFED,023 
WAHA FIN BASIS - ICE FUTURES ENERGY DIV,261006,2026-10-06,023399,IFED,01,023 ,  717831,    6411,   49273,   40296,  666097,  625116,  712804,  714685,    5027,    3146,  717831,    6411,   49273,   40296,  666097,  625116,  712804,  714685,    5027,    3146,       0,       0,       0,       0,       0,       0,       0,       0,       0,       0,  -33421,   -7895,    1827,   -2503,  -23992,  -29899,  -34390,  -30575,     969,   -2846,  100.0,    0.9,    6.9,    5.6,   92.8,   87.1,   99.3,   99.6,    0.7,    0.4,  100.0,    0.9,    6.9,    5.6,   92.8,   87.1,   99.3,   99.6,    0.7,    0.4,    0.0,    0.0,    0.0,    0.0,    0.0,    0.0,    0.0,    0.0,    0.0,    0.0,     80,      4,     12,     11,     55,     46,     66,     62,     80,      4,     12,     11,     55,     46,     66,     62,      0,      0,      0,      0,      0,      0,      0,      0,    32.9,    40.4,    52.1,    58.7,    27.1,    33.2,    43.5,    50.3,    32.9,    40.4,    52.1,    58.7,    27.1,    33.2,    43.5,    50.3,     0.0,     0.0,     0.0,     0.0,     0.0,     0.0,     0.0,     0.0,"(Contracts of 2,500  MMBTU'S)",023399,IFED,023 
ALGONQUIN CITYGATES BASIS - ICE FUTURES ENERGY DIV,261006,2026-10-06,02339E,IFED,01,023 ,   98614,    1402,    6720,    1003,   91932,   82269,   94337,   89992,    4277,    8622,   98614,    1402,    6720,    1003,   91932,   82269,   94337,   89992,    4277,    8622,       0,       0,       0,       0,       0,       0,       0,       0,       0,       0,  -12173,   -3672,   -2449,    -200,   -7673,  -10945,  -11545,  -13594,    -628,    1421,  100.0,    1.4,    6.8,    1.0,   93.2,   83.4,   95.7,   91.3,    4.3,    8.7,  100.0,    1.4,    6.8,    1.0,   93.2,   83.4,   95.7,   91.3,    4.3,    8.7,    0.0,    0.0,    0.0,    0.0,    0.0,    0.0,    0.0,    0.0,    0.0,    0.0,     30,      3,      6,      4,     14,     14,     18,     23,     30,      3,      6,      4,     14,     14,     18,     23,      0,      0,      0,      0,      0,      0,      0,      0,    68.9,    59.5,    85.4,    80.0,    67.9,    57.4,    79.3,    74.9,    68.9,    59.5,    85.4,    80.0,    67.9,    57.4,    79.3,    74.9,     0.0,     0.0,     0.0,     0.0,     0.0,     0.0,     0.0,     0.0,"(Contracts of 2,500  MMBTU'S)",02339E,IFED,023 
CG-MAINLINE FINANCIAL INDEX - ICE FUTURES ENERGY DIV,261006,2026-10-06,02339P,IFED,01,023 ,   29179,    2138,    5122,     248,   25538,   22396,   27924,   27766,    1255,    1413,   29179,    2138,    5122,     248,   25538,   22396,   27924,   27766,    1255,    1413,       0,       0,       0,       0,       0,       0,       0,       0,       0,       0,  -14490,   -2182,   -2827,    -638,  -11434,  -10830,  -14254,  -14295,    -236,    -195,  100.0,    7.3,   17.6,    0.8,   87.5,   76.8,   95.7,   95.2,    4.3,    4.8,  100.0,    7.3,   17.6,    0.8,   87.5,   76.8,   95.7,   95.2,    4.3,    4.8,    0.0,    0.0,    0.0,    0.0,    0.0,    0.0,    0.0,    0.0,    0.0,    0.0,     30,      2,      4,      1,     11,     14,     14,     18,     30,      2,      4,      1,     11,     14,     14,     18,      0,      0,      0,      0,      0,      0,      0,      0,    68.4,    47.5,    86.4,    75.3,    68.4,    47.5,    85.3,    75.3,    68.4,    47.5,    86.4,    75.3,    68.4,    47.5,    85.3,    75.3,     0.0,     0.0,     0.0,     0.0,     0.0,     0.0,     0.0,     0.0,"(Contracts of 2,500  MMBTU'S)",02339P,IFED,023 
CHICAGO CITYGATE (INDEX) - ICE FUTURES ENERGY DIV,261006,2026-10-06,02339Q,IFED,01,023 ,   94017,     310,    7517,     517,   91954,   83898,   92781,   91932,    1236,    2085,   94017,     310,    7517,     517,   91954,   83898,   92781,   91932,    1236,    2085,       0,       0,       0,       0,       0,       0,       0,       0,       0,       0,  -14853,    -632,     750,    -781,  -12756,  -13921,  -14169,  -13952,    -684,    -901,  100.0,    0.3,    8.0,    0.5,   97.8,   89.2,   98.7,   97.8,    1.3,    2.2,  100.0,    0.3,    8.0,    0.5,   97.8,   89.2,   98.7,   97.8,    1.3,    2.2,    0.0,    0.0,    0.0,    0.0,    0.0,    0.0,    0.0,    0.0,    0.0,    0.0,     39,      1,      4,      2,     25,     18,     28,     22,     39,      1,      4,      2,     25,     18,     28,     22,      0,      0,      0,      0,      0,      0,      0,      0,    53.2,    63.6,    74.8,    83.1,    53.2,    54.4,    73.0,    71.1,    53.2,    63.6,    74.8,    83.1,    53.2,    54.4,    73.0,    71.1,     0.0,     0.0,     0.0,     0.0,     0.0,     0.0,     0.0,     0.0,"(Contracts of 2,500  MMBTU'S)",02339Q,IFED,023 
CIG ROCKIES FINANCIAL INDEX - ICE FUTURES ENERGY DIV,261006,2026-10-06,02339S,IFED,01,023 ,   42641,    4133,   31193,       0,   36196,   10929,   40329,   42122,    2312,     519,   42641,    4133,   31193,       0,   36196,   10929,   40329,   42122,    2312,     519,       0,       0,       0,       0,       0,       0,       0,       0,       0,       0,    4945,    -715,   13615,       0,    6085,   -7982,    5370,    5633,    -425,    -688,  100.0,    9.7,   73.2,    0.0,   84.9,   25.6,   94.6,   98.8,    5.4,    1.2,  100.0,    9.7,   73.2,    0.0,   84.9,   25.6,   94.6,   98.8,    5.4,    1.2,    0.0,    0.0,    0.0,    0.0,    0.0,    0.0,    0.0,    0.0,    0.0,    0.0,     31,      3,      3,      0,     17,     13,     20,     16,     31,      3,      3,      0,     17,     13,     20,     16,      0,      0,      0,      0,      0,      0,      0,      0,    54.6,    82.3,    73.8,    91.9,    54.5,    80.0,    72.7,    88.4,    54.6,    82.3,    73.8,    91.9,    54.5,    80.0,    72.7,    88.4,     0.0,     0.0,     0.0,     0.0,     0.0,     0.0,     0.0,     0.0,"(Contracts of 2,500 MMBTU'S)",02339S,IFED,023 
CIG ROCKIES BASIS - ICE FUTURES ENERGY DIV,261006,2026-10-06,02339U,IFED,01,023 ,  446788,   16821,   96596,    4920,  411664,  335901,  433405,  437417,   13383,    9371,  446788,   16821,   96596,    4920,  411664,  335901,  433405,  437417,   13383,    9371,       0,       0,       0,       0,       0,       0,       0,       0,       0,       0,  -39802,   -5883,  -14116,   -5183,  -32746,  -23553,  -43812,  -42852,    4010,    3050,  100.0,    3.8,   21.6,    1.1,   92.1,   75.2,   97.0,   97.9,    3.0,    2.1,  100.0,    3.8,   21.6,    1.1,   92.1,   75.2,   97.0,   97.9,    3.0,    2.1,    0.0,    0.0,    0.0,    0.0,    0.0,    0.0,    0.0,    0.0,    0.0,    0.0,     57,      4,      7,      8,     37,     30,     46,     40,     57,      4,      7,      8,     37,     30,     46,     40,      0,      0,      0,      0,      0,      0,      0,      0,    46.6,    60.9,    64.2,    78.4,    34.6,    57.1,    48.4,    62.5,    46.6,    60.9,    64.2,    78.4,    34.6,    57.1,    48.4,    62.5,     0.0,     0.0,     0.0,     0.0,     0.0,     0.0,     0.0,     0.0,2500 mmbtu,02339U,IFED,023 
TCO Basis - ICE FUTURES ENERGY DIV,261006,2026-10-06,02339W,IFED,01,023 ,  215791,    1239,    1561,     607,  208473,  204527,  210319,  206695,    5472,    9096,  215791,    1239,    1561,     607,  208473,  204527,  210319,  206695,    5472,    9096,       0,       0,       0,       0,       0,       0,       0,       0,       0,       0,  -11334,     151,   -1214,      28,  -10180,  -10085,  -10001,  -11271,   -1333,     -63,  100.0,    0.6,    0.7,    0.3,   96.6,   94.8,   97.5,   95.8,    2.5,    4.2,  100.0,    0.6,    0.7,    0.3,   96.6,   94.8,   97.5,   95.8,    2.5,    4.2,    0.0,    0.0,    0.0,    0.0,    0.0,    0.0,    0.0,    0.0,    0.0,    0.0,     39,      1,      2,      1,     23,     23,     25,     25,     39,      1,      2,      1,     23,     23,     25,     25,      0,      0,      0,      0,      0,      0,      0,      0,    52.8,    55.2,    73.3,    77.9,    52.8,    54.7,    71.2,    76.7,    52.8,    55.2,    73.3,    77.9,    52.8,    54.7,    71.2,    76.7,     0.0,     0.0,     0.0,     0.0,     0.0,     0.0,     0.0,     0.0,2500 mm btu,02339W,IFED,023 
CG Mainline Basis - ICE FUTURES ENERGY DIV,261006,2026-10-06,02339Y,IFED,01,023 ,  311372,    3624,    9931,     856,  300798,  296437,  305278,  307224,    6094,    4148,  311372,    3624,    9931,     856,  300798,  296437,  305278,  307224,    6094,    4148,       0,       0,       0,       0,       0,       0,       0,       0,       0,       0,  -27162,    -682,   -5761,   -1322,  -25051,  -21340,  -27055,  -28423,    -107,    1261,  100.0,    1.2,    3.2,    0.3,   96.6,   95.2,   98.0,   98.7,    2.0,    1.3,  100.0,    1.2,    3.2,    0.3,   96.6,   95.2,   98.0,   98.7,    2.0,    1.3,    0.0,    0.0,    0.0,    0.0,    0.0,    0.0,    0.0,    0.0,    0.0,    0.0,     41,      1,      6,      1,     21,     24,     23,     30,     41,      1,      6,      1,     21,     24,     23,     30,      0,      0,      0,      0,      0,      0,      0,      0,    76.0,    66.1,    88.5,    80.3,    75.7,    65.6,    88.2,    79.6,    76.0,    66.1,    88.5,    80.3,    75.7,    65.6,    88.2,    79.6,     0.0,     0.0,     0.0,     0.0,     0.0,     0.0,     0.0,     0.0,2500 mmbtu,02339Y,IFED,023 
DOMINION - SOUTH POINT - ICE FUTURES ENERGY DIV,261006,2026-10-06,0233A2,IFED,01,023 ,   45046,   17843,    1581,    1581,   23849,   39650,   43273,   42812,    1773,    2234,   45046,   17843,    1581,    1581,   23849,   39650,   43273,   42812,    1773,    2234,       0,       0,       0,       0,       0,       0,       0,       0,       0,       0,   -5143,    5944,    -583,   -2460,   -8391,   -1244,   -4907,   -4287,    -236,    -856,  100.0,   39.6,    3.5,    3.5,   52.9,   88.0,   96.1,   95.0,    3.9,    5.0,  100.0,   39.6,    3.5,    3.5,   52.9,   88.0,   96.1,   95.0,    3.9,    5.0,    0.0,    0.0,    0.0,    0.0,    0.0,    0.0,    0.0,    0.0,    0.0,    0.0,     37,      7,      3,      3,     13,     19,     20,     25,     37,      7,      3,      3,     13,     19,     20,     25,      0,      0,      0,      0,      0,      0,      0,      0,    61.9,    47.9,    80.4,    72.0,    59.4,    47.2,    72.0,    65.6,    61.9,    47.9,    80.4,    72.0,    59.4,    47.2,    72.0,    65.6,     0.0,     0.0,     0.0,     0.0,     0.0,     0.0,     0.0,     0.0,2500 mmbtu,0233A2,IFED,023 
DOMINION - SOUTH POINT (BASIS) - ICE FUTURES ENERGY DIV,261006,2026-10-06,0233A3,IFED,01,023 ,  710944,   50981,   32492,   20188,  626641,  649351,  697810,  702031,   13134,    8913,  710944,   50981,   32492,   20188,  626641,  649351,  697810,  702031,   13134,    8913,       0,       0,       0,       0,       0,       0,       0,       0,       0,       0,  -56311,   -2368,  -19326,   -2473,  -53453,  -33678,  -58294,  -55477,    1983,    -834,  100.0,    7.2,    4.6,    2.8,   88.1,   91.3,   98.2,   98.7,    1.8,    1.3,  100.0,    7.2,    4.6,    2.8,   88.1,   91.3,   98.2,   98.7,    1.8,    1.3,    0.0,    0.0,    0.0,    0.0,    0.0,    0.0,    0.0,    0.0,    0.0,    0.0,     88,      8,     15,     13,     53,     50,     69,     70,     88,      8,     15,     13,     53,     50,     69,     70,      0,      0,      0,      0,      0,      0,      0,      0,    35.8,    38.6,    51.6,    54.6,    34.6,    34.9,    47.7,    50.4,    35.8,    38.6,    51.6,    54.6,    34.6,    34.9,    47.7,    50.4,     0.0,     0.0,     0.0,     0.0,     0.0,     0.0,     0.0,     0.0,2500 mmbtu,0233A3,IFED,023 
EP SAN JUAN BASIS - ICE FUTURES ENERGY DIV,261006,2026-10-06,0233A8,IFED,01,023 ,  257653,    2614,    6748,    3176,  240948,  242033,  246738,  251957,   10915,    5696,  257653,    2614,    6748,    3176,  240948,  242033,  246738,  251957,   10915,    5696,       0,       0,       0,       0,       0,       0,       0,       0,       0,       0,   -1543,   -1589,     724,     173,     209,   -2751,   -1207,   -1854,    -336,     311,  100.0,    1.0,    2.6,    1.2,   93.5,   93.9,   95.8,   97.8,    4.2,    2.2,  100.0,    1.0,    2.6,    1.2,   93.5,   93.9,   95.8,   97.8,    4.2,    2.2,    0.0,    0.0,    0.0,    0.0,    0.0,    0.0,    0.0,    0.0,    0.0,    0.0,     35,      3,      2,      3,     23,     20,     27,     24,     35,      3,      2,      3,     23,     20,     27,     24,      0,      0,      0,      0,      0,      0,      0,      0,    55.3,    68.4,    75.7,    82.3,    44.5,    51.5,    56.2,    62.2,    55.3,    68.4,    75.7,    82.3,    44.5,    51.5,    56.2,    62.2,     0.0,     0.0,     0.0,     0.0,     0.0,     0.0,     0.0,     0.0,2500 mmbtu,0233A8,IFED,023 
HENRY HUB BASIS - ICE FUTURES ENERGY DIV,261006,2026-10-06,0233AG,IFED,01,023 ,  115332,   32861,    8416,       0,   80528,  104277,  113389,  112693,    1943,    2639,  115332,   32861,    8416,       0,   80528,  104277,  113389,  112693,    1943,    2639,       0,       0,       0,       0,       0,       0,       0,       0,       0,       0,  -62304,  -28242,  -30611,   -4184,  -29516,  -28668,  -61942,  -63463,    -362,    1159,  100.0,   28.5,    7.3,    0.0,   69.8,   90.4,   98.3,   97.7,    1.7,    2.3,  100.0,   28.5,    7.3,    0.0,   69.8,   90.4,   98.3,   97.7,    1.7,    2.3,    0.0,    0.0,    0.0,    0.0,    0.0,    0.0,    0.0,    0.0,    0.0,    0.0,     29,      4,      1,      0,     16,     12,     20,     13,     29,      4,      1,      0,     16,     12,     20,     13,      0,      0,      0,      0,      0,      0,      0,      0,    48.1,    70.7,    71.3,    91.6,    48.1,    69.2,    71.3,    89.1,    48.1,    70.7,    71.3,    91.6,    48.1,    69.2,    71.3,    89.1,     0.0,     0.0,     0.0,     0.0,     0.0,     0.0,     0.0,     0.0,2500 mmbtu,0233AG,IFED,023 
HENRY HUB INDEX - ICE FUTURES ENERGY DIV,261006,2026-10-06,0233AH,IFED,01,023 ,  168322,   54311,   39182,    4711,  107542,  122981,  166564,  166874,    1758,    1448,  168322,   54311,   39182,    4711,  107542,  122981,  166564,  166874,    1758,    1448,       0,       0,       0,       0,       0,       0,       0,       0,       0,       0,  -42180,   -8100,  -18006,   -3452,  -30225,  -20704,  -41777,  -42162,    -403,     -18,  100.0,   32.3,   23.3,    2.8,   63.9,   73.1,   99.0,   99.1,    1.0,    0.9,  100.0,   32.3,   23.3,    2.8,   63.9,   73.1,   99.0,   99.1,    1.0,    0.9,    0.0,    0.0,    0.0,    0.0,    0.0,    0.0,    0.0,    0.0,    0.0,    0.0,     81,      7,     13,      4,     36,     41,     44,     57,     81,      7,     13,      4,     36,     41,     44,     57,      0,      0,      0,      0,      0,      0,      0,      0,    49.8,    52.0,    66.6,    68.6,    49.8,    51.6,    65.6,    67.1,    49.8,    52.0,    66.6,    68.6,    49.8,    51.6,    65.6,    67.1,     0.0,     0.0,     0.0,     0.0,     0.0,     0.0,     0.0,     0.0,2500 mmbtu,0233AH,IFED,023 
HOUSTON SHIP CHANNEL (INDEX) - ICE FUTURES ENERGY DIV,261006,2026-10-06,0233AM,IFED,01,023 ,  439044,    1357,  177726,    1741,  431117,  255687,  434215,  435154,    4829,    3890,  439044,    1357,  177726,    1741,  431117,  255687,  434215,  435154,    4829,    3890,       0,       0,       0,       0,       0,       0,       0,       0,       0,       0,  -57568,   -2040,  -25918,     700,  -56691,  -32935,  -58031,  -58153,     463,     585,  100.0,    0.3,   40.5,    0.4,   98.2,   58.2,   98.9,   99.1,    1.1,    0.9,  100.0,    0.3,   40.5,    0.4,   98.2,   58.2,   98.9,   99.1,    1.1,    0.9,    0.0,    0.0,    0.0,    0.0,    0.0,    0.0,    0.0,    0.0,    0.0,    0.0,     70,      2,     12,      3,     36,     41,     39,     55,     70,      2,     12,      3,     36,     41,     39,     55,      0,      0,      0,      0,      0,      0,      0,      0,    58.8,    46.1,    81.9,    62.2,    58.5,    45.8,    81.5,    61.7,    58.8,    46.1,    81.9,    62.2,    58.5,    45.8,    81.5,    61.7,     0.0,     0.0,     0.0,     0.0,     0.0,     0.0,     0.0,     0.0,2500 mmbtu,0233AM,IFED,023 
MICHCON FINANCIAL INDEX - ICE FUTURES ENERGY DIV,261006,2026-10-06,0233AN,IFED,01,023 ,   12821,       0,    1020,       0,   11834,   11646,   11834,   12666,     987,     155,   12821,       0,    1020,       0,   11834,   11646,   11834,   12666,     987,     155,       0,       0,       0,       0,       0,       0,       0,       0,       0,       0,   -6874,    -480,   -1930,       0,   -6162,   -4200,   -6642,   -6130,    -232,    -744,  100.0,    0.0,    8.0,    0.0,   92.3,   90.8,   92.3,   98.8,    7.7,    1.2,  100.0,    0.0,    8.0,    0.0,   92.3,   90.8,   92.3,   98.8,    7.7,    1.2,    0.0,    0.0,    0.0,    0.0,    0.0,    0.0,    0.0,    0.0,    0.0,    0.0,     21,      0,      1,      0,     16,      8,     16,      9,     21,      0,      1,      0,     16,      8,     16,      9,      0,      0,      0,      0,      0,      0,      0,      0,    60.4,    77.9,    76.9,    97.6,    59.2,    77.2,    73.9,    92.3,    60.4,    77.9,    76.9,    97.6,    59.2,    77.2,    73.9,    92.3,     0.0,     0.0,     0.0,     0.0,     0.0,     0.0,     0.0,     0.0,"(Contracts of 2,500  MMBTU'S)",0233AN,IFED,023 
MICHCON BASIS - ICE FUTURES ENERGY DIV,261006,2026-10-06,0233AQ,IFED,01,023 ,  195594,    3373,   16937,    6267,  174319,  166074,  183959,  189278,   11635,    6316,  195594,    3373,   16937,    6267,  174319,  166074,  183959,  189278,   11635,    6316,       0,       0,       0,       0,       0,       0,       0,       0,       0,       0,   -4684,     473,   -1737,    -637,   -7484,    -842,   -7648,   -3216,    2964,   -1468,  100.0,    1.7,    8.7,    3.2,   89.1,   84.9,   94.1,   96.8,    5.9,    3.2,  100.0,    1.7,    8.7,    3.2,   89.1,   84.9,   94.1,   96.8,    5.9,    3.2,    0.0,    0.0,    0.0,    0.0,    0.0,    0.0,    0.0,    0.0,    0.0,    0.0,     50,      2,      7,      4,     32,     39,     37,     47,     50,      2,      7,      4,     32,     39,     37,     47,      0,      0,      0,      0,      0,      0,      0,      0,    45.2,    30.5,    60.3,    50.8,    38.6,    27.5,    48.6,    42.2,    45.2,    30.5,    60.3,    50.8,    38.6,    27.5,    48.6,    42.2,     0.0,     0.0,     0.0,     0.0,     0.0,     0.0,     0.0,     0.0,2500 mmbtu,0233AQ,IFED,023 
NAT GAS LD1 for GDD -TEXOK - ICE FUTURES ENERGY DIV,261006,2026-10-06,0233AT,IFED,01,023 ,  134232,    1116,   17997,       0,  131783,  112942,  132899,  130939,    1333,    3293,  134232,    1116,   17997,       0,  131783,  112942,  132899,  130939,    1333,    3293,       0,       0,       0,       0,       0,       0,       0,       0,       0,       0,  -23051,   -5017,   -5430,    -420,  -17448,  -16653,  -22885,  -22503,    -166,    -548,  100.0,    0.8,   13.4,    0.0,   98.2,   84.1,   99.0,   97.5,    1.0,    2.5,  100.0,    0.8,   13.4,    0.0,   98.2,   84.1,   99.0,   97.5,    1.0,    2.5,    0.0,    0.0,    0.0,    0.0,    0.0,    0.0,    0.0,    0.0,    0.0,    0.0,     39,      3,      4,      0,     23,     19,     26,     23,     39,      3,      4,      0,     23,     19,     26,     23,      0,      0,      0,      0,      0,      0,      0,      0,    82.1,    51.3,    91.9,    76.5,    81.8,    50.0,    89.1,    73.8,    82.1,    51.3,    91.9,    76.5,    81.8,    50.0,    89.1,    73.8,     0.0,     0.0,     0.0,     0.0,     0.0,     0.0,     0.0,     0.0,2500 mmbtu,0233AT,IFED,023 
NATURAL GAS INDEX: EP SAN JUAN - ICE FUTURES ENERGY DIV,261006,2026-10-06,0233AX,IFED,01,023 ,   13851,     868,       0,       0,   10642,   11388,   11510,   11388,    2341,    2463,   13851,     868,       0,       0,   10642,   11388,   11510,   11388,    2341,    2463,       0,       0,       0,       0,       0,       0,       0,       0,       0,       0,   -3442,       0,       0,       0,   -4236,   -5178,   -4236,   -5178,     794,    1736,  100.0,    6.3,    0.0,    0.0,   76.8,   82.2,   83.1,   82.2,   16.9,   17.8,  100.0,    6.3,    0.0,    0.0,   76.8,   82.2,   83.1,   82.2,   16.9,   17.8,    0.0,    0.0,    0.0,    0.0,    0.0,    0.0,    0.0,    0.0,    0.0,    0.0,     20,      1,      0,      0,     11,     12,     12,     12,     20,      1,      0,      0,     11,     12,     12,     12,      0,      0,      0,      0,      0,      0,      0,      0,    56.1,    55.5,    78.8,    73.9,    52.3,    54.6,    72.6,    71.3,    56.1,    55.5,    78.8,    73.9,    52.3,    54.6,    72.6,    71.3,     0.0,     0.0,     0.0,     0.0,     0.0,     0.0,     0.0,     0.0,2500 MMBtu,0233AX,IFED,023 
NGPL MIDCONT BASIS - ICE FUTURES ENERGY DIV,261006,2026-10-06,0233AY,IFED,01,023 ,   92704,       0,       0,       0,   81030,   79774,   81030,   79774,   11674,   12930,   92704,       0,       0,       0,   81030,   79774,   81030,   79774,   11674,   12930,       0,       0,       0,       0,       0,       0,       0,       0,       0,       0,   -4782,    -368,    -930,       0,   -8465,   -3129,   -8833,   -4059,    4051,    -723,  100.0,    0.0,    0.0,    0.0,   87.4,   86.1,   87.4,   86.1,   12.6,   13.9,  100.0,    0.0,    0.0,    0.0,   87.4,   86.1,   87.4,   86.1,   12.6,   13.9,    0.0,    0.0,    0.0,    0.0,    0.0,    0.0,    0.0,    0.0,    0.0,    0.0,     20,      0,      0,      0,     15,     15,     15,     15,     20,      0,      0,      0,     15,     15,     15,     15,      0,      0,      0,      0,      0,      0,      0,      0,    67.2,    48.7,    81.9,    72.8,    65.6,    47.0,    72.4,    66.2,    67.2,    48.7,    81.9,    72.8,    65.6,    47.0,    72.4,    66.2,     0.0,     0.0,     0.0,     0.0,     0.0,     0.0,     0.0,     0.0,2500 mmbtu,0233AY,IFED,023 
NGPL TXOK BASIS - ICE FUTURES ENERGY DIV,261006,2026-10-06,0233B1,IFED,01,023 ,  623633,   19523,   99252,    1443,  597051,  512585,  618017,  613280,    5616,   10353,  623633,   19523,   99252,    1443,  597051,  512585,  618017,  613280,    5616,   10353,       0,       0,       0,       0,       0,       0,       0,       0,       0,       0,  -29520,    1120,   -9759,   -3185,  -28305,  -17836,  -30370,  -30780,     850,    1260,  100.0,    3.1,   15.9,    0.2,   95.7,   82.2,   99.1,   98.3,    0.9,    1.7,  100.0,    3.1,   15.9,    0.2,   95.7,   82.2,   99.1,   98.3,    0.9,    1.7,    0.0,    0.0,    0.0,    0.0,    0.0,    0.0,    0.0,    0.0,    0.0,    0.0,     63,      4,      3,      2,     45,     39,     49,     44,     63,      4,      3,      2,     45,     39,     49,     44,      0,      0,      0,      0,      0,      0,      0,      0,    45.3,    59.3,    62.7,    72.8,    45.1,    58.9,    62.1,    71.8,    45.3,    59.3,    62.7,    72.8,    45.1,    58.9,    62.1,    71.8,     0.0,     0.0,     0.0,     0.0,     0.0,     0.0,     0.0,     0.0,2500 mmbtu,0233B1,IFED,023 
NNG VENTURA BASIS - ICE FUTURES ENERGY DIV,261006,2026-10-06,0233BB,IFED,01,023 ,  154843,       0,    1922,       0,  137129,  148986,  137129,  150908,   17714,    3935,  154843,       0,    1922,       0,  137129,  148986,  137129,  150908,   17714,    3935,       0,       0,       0,       0,       0,       0,       0,       0,       0,       0,   -5046,       0,   -2108,       0,   -3829,   -3515,   -3829,   -5623,   -1217,     577,  100.0,    0.0,    1.2,    0.0,   88.6,   96.2,   88.6,   97.5,   11.4,    2.5,  100.0,    0.0,    1.2,    0.0,   88.6,   96.2,   88.6,   97.5,   11.4,    2.5,    0.0,    0.0,    0.0,    0.0,    0.0,    0.0,    0.0,    0.0,    0.0,    0.0,     32,      0,      1,      0,     24,     17,     24,     18,     32,      0,      1,      0,     24,     17,     24,     18,      0,      0,      0,      0,      0,      0,      0,      0,    42.3,    68.6,    66.7,    83.6,    37.3,    62.4,    55.8,    73.9,    42.3,    68.6,    66.7,    83.6,    37.3,    62.4,    55.8,    73.9,     0.0,     0.0,     0.0,     0.0,     0.0,     0.0,     0.0,     0.0,2500 mmbtu,0233BB,IFED,023 
NWP Rockies Index - ICE FUTURES ENERGY DIV,261006,2026-10-06,0233BD,IFED,01,023 ,   23454,     403,    1612,       0,   22059,   18930,   22462,   20542,     992,    2912,   23454,     403,    1612,       0,   22059,   18930,   22462,   20542,     992,    2912,       0,       0,       0,       0,       0,       0,       0,       0,       0,       0,   -8040,    -720,    -120,    -812,   -6254,   -7808,   -7786,   -8740,    -254,     700,  100.0,    1.7,    6.9,    0.0,   94.1,   80.7,   95.8,   87.6,    4.2,   12.4,  100.0,    1.7,    6.9,    0.0,   94.1,   80.7,   95.8,   87.6,    4.2,   12.4,    0.0,    0.0,    0.0,    0.0,    0.0,    0.0,    0.0,    0.0,    0.0,    0.0,     26,      1,      3,      0,     15,     10,     16,     13,     26,      1,      3,      0,     15,     10,     16,     13,      0,      0,      0,      0,      0,      0,      0,      0,    63.9,    66.6,    84.3,    80.3,    63.9,    65.0,    83.8,    77.9,    63.9,    66.6,    84.3,    80.3,    63.9,    65.0,    83.8,    77.9,     0.0,     0.0,     0.0,     0.0,     0.0,     0.0,     0.0,     0.0,2500 mmbtu,0233BD,IFED,023 
MALIN (BASIS) - ICE FUTURES ENERGY DIV,261006,2026-10-06,0233BH,IFED,01,023 ,  128150,      83,   10637,     217,  117385,  112967,  117685,  123821,   10465,    4329,  128150,      83,   10637,     217,  117385,  112967,  117685,  123821,   10465,    4329,       0,       0,       0,       0,       0,       0,       0,       0,       0,       0,   -4473,    -568,    -186,     -31,   -4182,   -6035,   -4781,   -6252,     308,    1779,  100.0,    0.1,    8.3,    0.2,   91.6,   88.2,   91.8,   96.6,    8.2,    3.4,  100.0,    0.1,    8.3,    0.2,   91.6,   88.2,   91.8,   96.6,    8.2,    3.4,    0.0,    0.0,    0.0,    0.0,    0.0,    0.0,    0.0,    0.0,    0.0,    0.0,     26,      1,      2,      1,     20,     17,     21,     20,     26,      1,      2,      1,     20,     17,     21,     20,      0,      0,      0,      0,      0,      0,      0,      0,    65.7,    60.2,    80.1,    81.9,    58.6,    54.7,    67.6,    70.7,    65.7,    60.2,    80.1,    81.9,    58.6,    54.7,    67.6,    70.7,     0.0,     0.0,     0.0,     0.0,     0.0,     0.0,     0.0,     0.0,2500 mmbtu,0233BH,IFED,023 
PANHANDLE BASIS - ICE FUTURES ENERGY DIV,261006,2026-10-06,0233BL,IFED,01,023 ,  175169,    7439,     514,    1795,  144173,  162349,  153407,  164658,   21762,   10511,  175169,    7439,     514,    1795,  144173,  162349,  153407,  164658,   21762,   10511,       0,       0,       0,       0,       0,       0,       0,       0,       0,       0,  -13608,   -7330,    -119,   -2103,  -12454,  -14316,  -21887,  -16538,    8279,    2930,  100.0,    4.2,    0.3,    1.0,   82.3,   92.7,   87.6,   94.0,   12.4,    6.0,  100.0,    4.2,    0.3,    1.0,   82.3,   92.7,   87.6,   94.0,   12.4,    6.0,    0.0,    0.0,    0.0,    0.0,    0.0,    0.0,    0.0,    0.0,    0.0,    0.0,     39,      4,      2,      3,     24,     29,     29,     33,     39,      4,      2,      3,     24,     29,     29,     33,      0,      0,      0,      0,      0,      0,      0,      0,    44.2,    47.7,    58.1,    69.8,    41.4,    45.1,    52.8,    61.4,    44.2,    47.7,    58.1,    69.8,    41.4,    45.1,    52.8,    61.4,     0.0,     0.0,     0.0,     0.0,     0.0,     0.0,     0.0,     0.0,2500 mmbtu,0233BL,IFED,023 
PG&E - CITYGATE (INDEX) - ICE FUTURES ENERGY DIV,261006,2026-10-06,0233BQ,IFED,01,023 ,   29453,     496,    2454,     465,   24520,   25982,   25481,   28901,    3972,     552,   29453,     496,    2454,     465,   24520,   25982,   25481,   28901,    3972,     552,       0,       0,       0,       0,       0,       0,       0,       0,       0,       0,   -6326,    -135,    -615,    -615,   -4918,   -4496,   -5668,   -5726,    -658,    -600,  100.0,    1.7,    8.3,    1.6,   83.3,   88.2,   86.5,   98.1,   13.5,    1.9,  100.0,    1.7,    8.3,    1.6,   83.3,   88.2,   86.5,   98.1,   13.5,    1.9,    0.0,    0.0,    0.0,    0.0,    0.0,    0.0,    0.0,    0.0,    0.0,    0.0,     20,      1,      5,      1,     10,      6,     12,     11,     20,      1,      5,      1,     10,      6,     12,     11,      0,      0,      0,      0,      0,      0,      0,      0,    74.2,    79.4,    82.3,    95.6,    70.4,    78.1,    76.7,    86.5,    74.2,    79.4,    82.3,    95.6,    70.4,    78.1,    76.7,    86.5,     0.0,     0.0,     0.0,     0.0,     0.0,     0.0,     0.0,     0.0,2500 mmbtu,0233BQ,IFED,023 
SOCAL (INDEX) - ICE FUTURES ENERGY DIV,261006,2026-10-06,0233BW,IFED,01,023 ,   12966,    3414,     310,       0,    8436,   11475,   11850,   11785,    1116,    1181,   12966,    3414,     310,       0,    8436,   11475,   11850,   11785,    1116,    1181,       0,       0,       0,       0,       0,       0,       0,       0,       0,       0,   -4001,    2109,    -480,   -1021,   -4732,   -3018,   -3644,   -4519,    -357,     518,  100.0,   26.3,    2.4,    0.0,   65.1,   88.5,   91.4,   90.9,    8.6,    9.1,  100.0,   26.3,    2.4,    0.0,   65.1,   88.5,   91.4,   90.9,    8.6,    9.1,    0.0,    0.0,    0.0,    0.0,    0.0,    0.0,    0.0,    0.0,    0.0,    0.0,     22,      1,      1,      0,     12,     12,     13,     13,     22,      1,      1,      0,     12,     12,     13,     13,      0,      0,      0,      0,      0,      0,      0,      0,    66.7,    62.0,    81.7,    80.3,    64.1,    62.0,    77.3,    79.8,    66.7,    62.0,    81.7,    80.3,    64.1,    62.0,    77.3,    79.8,     0.0,     0.0,     0.0,     0.0,     0.0,     0.0,     0.0,     0.0,2500 mmbtu,0233BW,IFED,023 
SONAT - TIER 1 POOL (ZONE 0) - ICE FUTURES ENERGY DIV,261006,2026-10-06,0233C1,IFED,01,023 ,   74174,    4618,       0,     459,   57642,   64313,   62719,   64772,   11455,    9402,   74174,    4618,       0,     459,   57642,   64313,   62719,   64772,   11455,    9402,       0,       0,       0,       0,       0,       0,       0,       0,       0,       0,   -8730,   -1085,       0,       0,   -9148,  -12325,  -10233,  -12325,    1503,    3595,  100.0,    6.2,    0.0,    0.6,   77.7,   86.7,   84.6,   87.3,   15.4,   12.7,  100.0,    6.2,    0.0,    0.6,   77.7,   86.7,   84.6,   87.3,   15.4,   12.7,    0.0,    0.0,    0.0,    0.0,    0.0,    0.0,    0.0,    0.0,    0.0,    0.0,     22,      2,      0,      1,     14,     16,     16,     17,     22,      2,      0,      1,     14,     16,     16,     17,      0,      0,      0,      0,      0,      0,      0,      0,    54.1,    56.1,    73.8,    73.4,    45.2,    50.2,    61.5,    62.4,    54.1,    56.1,    73.8,    73.4,    45.2,    50.2,    61.5,    62.4,     0.0,     0.0,     0.0,     0.0,     0.0,     0.0,     0.0,     0.0,2500 mmbtu,0233C1,IFED,023 
TETCO WLA BASIS - ICE FUTURES ENERGY DIV,261006,2026-10-06,0233CC,IFED,01,023 ,  105482,       0,   20320,       0,  102556,   82215,  102556,  102535,    2926,    2947,  105482,       0,   20320,       0,  102556,   82215,  102556,  102535,    2926,    2947,       0,       0,       0,       0,       0,       0,       0,       0,       0,       0,  -13963,       0,   -7521,       0,  -13312,   -6244,  -13312,  -13765,    -651,    -198,  100.0,    0.0,   19.3,    0.0,   97.2,   77.9,   97.2,   97.2,    2.8,    2.8,  100.0,    0.0,   19.3,    0.0,   97.2,   77.9,   97.2,   97.2,    2.8,    2.8,    0.0,    0.0,    0.0,    0.0,    0.0,    0.0,    0.0,    0.0,    0.0,    0.0,     32,      0,      2,      0,     22,     16,     22,     18,     32,      0,      2,      0,     22,     16,     22,     18,      0,      0,      0,      0,      0,      0,      0,      0,    52.6,    61.9,    72.1,    82.0,    52.6,    59.6,    71.1,    79.4,    52.6,    61.9,    72.1,    82.0,    52.6,    59.6,    71.1,    79.4,     0.0,     0.0,     0.0,     0.0,     0.0,     0.0,     0.0,     0.0,mmbtu,0233CC,IFED,023 
TETCO M3 INDEX - ICE FUTURES ENERGY DIV,261006,2026-10-06,0233CG,IFED,01,023 ,   58792,    1333,    3676,       0,   57087,   54076,   58420,   57752,     372,    1040,   58792,    1333,    3676,       0,   57087,   54076,   58420,   57752,     372,    1040,       0,       0,       0,       0,       0,       0,       0,       0,       0,       0,   -9047,    -300,    -330,       0,   -8719,   -8363,   -9019,   -8693,     -28,    -354,  100.0,    2.3,    6.3,    0.0,   97.1,   92.0,   99.4,   98.2,    0.6,    1.8,  100.0,    2.3,    6.3,    0.0,   97.1,   92.0,   99.4,   98.2,    0.6,    1.8,    0.0,    0.0,    0.0,    0.0,    0.0,    0.0,    0.0,    0.0,    0.0,    0.0,     29,      4,      2,      0,     13,     14,     17,     16,     29,      4,      2,      0,     13,     14,     17,     16,      0,      0,      0,      0,      0,      0,      0,      0,    65.0,    63.6,    89.9,    83.4,    65.0,    54.6,    76.6,    71.3,    65.0,    63.6,    89.9,    83.4,    65.0,    54.6,    76.6,    71.3,     0.0,     0.0,     0.0,     0.0,     0.0,     0.0,     0.0,     0.0,2500 mmbtu,0233CG,IFED,023 
TETCO M3 BASIS - ICE FUTURES ENERGY DIV,261006,2026-10-06,0233CH,IFED,01,023 ,  167090,   11607,   11159,    4359,  141849,  145161,  157815,  160679,    9275,    6411,  167090,   11607,   11159,    4359,  141849,  145161,  157815,  160679,    9275,    6411,       0,       0,       0,       0,       0,       0,       0,       0,       0,       0,   -8013,     703,     496,   -1113,   -7721,   -9048,   -8131,   -9665,     118,    1652,  100.0,    6.9,    6.7,    2.6,   84.9,   86.9,   94.4,   96.2,    5.6,    3.8,  100.0,    6.9,    6.7,    2.6,   84.9,   86.9,   94.4,   96.2,    5.6,    3.8,    0.0,    0.0,    0.0,    0.0,    0.0,    0.0,    0.0,    0.0,    0.0,    0.0,     48,      4,      6,      5,     26,     30,     32,     39,     48,      4,      6,      5,     26,     30,     32,     39,      0,      0,      0,      0,      0,      0,      0,      0,    40.9,    39.4,    63.5,    56.5,    38.4,    39.4,    58.7,    54.6,    40.9,    39.4,    63.5,    56.5,    38.4,    39.4,    58.7,    54.6,     0.0,     0.0,     0.0,     0.0,     0.0,     0.0,     0.0,     0.0,2500 mm btu,0233CH,IFED,023 
TGT ZONE 1 BASIS - ICE FUTURES ENERGY DIV,261006,2026-10-06,0233CM,IFED,01,023 ,  221610,    3170,       0,       0,  212693,  207358,  215863,  207358,    5747,   14252,  221610,    3170,       0,       0,  212693,  207358,  215863,  207358,    5747,   14252,       0,       0,       0,       0,       0,       0,       0,       0,       0,       0,  -10222,     217,       0,    -217,  -11849,  -11349,  -11849,  -11566,    1627,    1344,  100.0,    1.4,    0.0,    0.0,   96.0,   93.6,   97.4,   93.6,    2.6,    6.4,  100.0,    1.4,    0.0,    0.0,   96.0,   93.6,   97.4,   93.6,    2.6,    6.4,    0.0,    0.0,    0.0,    0.0,    0.0,    0.0,    0.0,    0.0,    0.0,    0.0,     35,      1,      0,      0,     24,     22,     25,     22,     35,      1,      0,      0,     24,     22,     25,     22,      0,      0,      0,      0,      0,      0,      0,      0,    43.9,    57.3,    74.4,    77.6,    43.6,    56.3,    70.0,    73.7,    43.9,    57.3,    74.4,    77.6,    43.6,    56.3,    70.0,    73.7,     0.0,     0.0,     0.0,     0.0,     0.0,     0.0,     0.0,     0.0,2500 MMBtus,0233CM,IFED,023 
TRANSCO STN 85 MONTHLY INDEX - ICE FUTURES ENERGY DIV,261006,2026-10-06,0233CS,IFED,01,023 ,   47055,    9461,    3828,      31,   36182,   41263,   45674,   45122,    1381,    1933,   47055,    9461,    3828,      31,   36182,   41263,   45674,   45122,    1381,    1933,       0,       0,       0,       0,       0,       0,       0,       0,       0,       0,  -19064,  -11352,   -7732,    -368,   -7133,  -11406,  -18853,  -19506,    -211,     442,  100.0,   20.1,    8.1,    0.1,   76.9,   87.7,   97.1,   95.9,    2.9,    4.1,  100.0,   20.1,    8.1,    0.1,   76.9,   87.7,   97.1,   95.9,    2.9,    4.1,    0.0,    0.0,    0.0,    0.0,    0.0,    0.0,    0.0,    0.0,    0.0,    0.0,     37,      5,      5,      1,     18,     15,     24,     20,     37,      5,      5,      1,     18,     15,     24,     20,      0,      0,      0,      0,      0,      0,      0,      0,    48.1,    71.2,    72.6,    84.4,    48.0,    63.4,    66.4,    75.8,    48.1,    71.2,    72.6,    84.4,    48.0,    63.4,    66.4,    75.8,     0.0,     0.0,     0.0,     0.0,     0.0,     0.0,     0.0,     0.0,mmbtu,0233CS,IFED,023 
TRANSCO ZONE 6 BASIS - ICE FUTURES ENERGY DIV,261006,2026-10-06,0233CU,IFED,01,023 ,  245237,    7876,   20331,    4032,  226063,  214487,  237971,  238850,    7266,    6387,  245237,    7876,   20331,    4032,  226063,  214487,  237971,  238850,    7266,    6387,       0,       0,       0,       0,       0,       0,       0,       0,       0,       0,  -18404,     463,    -717,   -1076,  -16920,  -18287,  -17533,  -20080,    -871,    1676,  100.0,    3.2,    8.3,    1.6,   92.2,   87.5,   97.0,   97.4,    3.0,    2.6,  100.0,    3.2,    8.3,    1.6,   92.2,   87.5,   97.0,   97.4,    3.0,    2.6,    0.0,    0.0,    0.0,    0.0,    0.0,    0.0,    0.0,    0.0,    0.0,    0.0,     54,      4,      6,      6,     36,     32,     44,     40,     54,      4,      6,      6,     36,     32,     44,     40,      0,      0,      0,      0,      0,      0,      0,      0,    41.7,    52.3,    61.2,    68.5,    40.3,    52.0,    59.8,    65.8,    41.7,    52.3,    61.2,    68.5,    40.3,    52.0,    59.8,    65.8,     0.0,     0.0,     0.0,     0.0,     0.0,     0.0,     0.0,     0.0,mmbtu,0233CU,IFED,023 
TRANSCO ZONE 6 MONTHLY INDEX - ICE FUTURES ENERGY DIV,261006,2026-10-06,0233CV,IFED,01,023 ,  118643,     465,    6119,       0,  112576,  105921,  113041,  112040,    5602,    6603,  118643,     465,    6119,       0,  112576,  105921,  113041,  112040,    5602,    6603,       0,       0,       0,       0,       0,       0,       0,       0,       0,       0,   -4859,       0,    1120,       0,   -5869,   -6415,   -5869,   -5295,    1010,     436,  100.0,    0.4,    5.2,    0.0,   94.9,   89.3,   95.3,   94.4,    4.7,    5.6,  100.0,    0.4,    5.2,    0.0,   94.9,   89.3,   95.3,   94.4,    4.7,    5.6,    0.0,    0.0,    0.0,    0.0,    0.0,    0.0,    0.0,    0.0,    0.0,    0.0,     28,      1,      2,      0,     13,     16,     14,     18,     28,      1,      2,      0,     13,     16,     14,     18,      0,      0,      0,      0,      0,      0,      0,      0,    78.2,    67.9,    92.5,    84.7,    77.5,    67.9,    88.2,    83.4,    78.2,    67.9,    92.5,    84.7,    77.5,    67.9,    88.2,    83.4,     0.0,     0.0,     0.0,     0.0,     0.0,     0.0,     0.0,     0.0,mmbtu,0233CV,IFED,023 
TRANSCO STATION 85-ZONE 4 BASI - ICE FUTURES ENERGY DIV,261006,2026-10-06,0233CW,IFED,01,023 ,  277530,   33926,   11845,   15757,  217003,  247379,  266686,  274981,   10844,    2549,  277530,   33926,   11845,   15757,  217003,  247379,  266686,  274981,   10844,    2549,       0,       0,       0,       0,       0,       0,       0,       0,       0,       0,  -33403,  -28492,   -2735,    1259,   -9217,  -33045,  -36450,  -34521,    3047,    1118,  100.0,   12.2,    4.3,    5.7,   78.2,   89.1,   96.1,   99.1,    3.9,    0.9,  100.0,   12.2,    4.3,    5.7,   78.2,   89.1,   96.1,   99.1,    3.9,    0.9,    0.0,    0.0,    0.0,    0.0,    0.0,    0.0,    0.0,    0.0,    0.0,    0.0,     65,      9,      7,     11,     36,     38,     51,     50,     65,      9,      7,     11,     36,     38,     51,     50,      0,      0,      0,      0,      0,      0,      0,      0,    36.0,    34.4,    53.7,    50.6,    27.4,    24.2,    40.7,    37.9,    36.0,    34.4,    53.7,    50.6,    27.4,    24.2,    40.7,    37.9,     0.0,     0.0,     0.0,     0.0,     0.0,     0.0,     0.0,     0.0,2500 mm btu,0233CW,IFED,023 
WAHA INDEX - ICE FUTURES ENERGY DIV,261006,2026-10-06,0233D4,IFED,01,023 ,   98215,      74,    8056,    2212,   94347,   86046,   96633,   96314,    1582,    1901,   98215,      74,    8056,    2212,   94347,   86046,   96633,   96314,    1582,    1901,       0,       0,       0,       0,       0,       0,       0,       0,       0,       0,  -11958,   -1642,     822,    -218,  -10989,  -12116,  -12849,  -11512,     891,    -446,  100.0,    0.1,    8.2,    2.3,   96.1,   87.6,   98.4,   98.1,    1.6,    1.9,  100.0,    0.1,    8.2,    2.3,   96.1,   87.6,   98.4,   98.1,    1.6,    1.9,    0.0,    0.0,    0.0,    0.0,    0.0,    0.0,    0.0,    0.0,    0.0,    0.0,     46,      1,      5,      2,     28,     20,     30,     26,     46,      1,      5,      2,     28,     20,     30,     26,      0,      0,      0,      0,      0,      0,      0,      0,    58.8,    56.0,    79.1,    72.7,    56.8,    53.6,    74.7,    69.4,    58.8,    56.0,    79.1,    72.7,    56.8,    53.6,    74.7,    69.4,     0.0,     0.0,     0.0,     0.0,     0.0,     0.0,     0.0,     0.0,2500 mm btu,0233D4,IFED,023 
TETCO M2 Basis (Receipts) - ICE FUTURES ENERGY DIV,261006,2026-10-06,0233DR,IFED,01,023 ,  556462,   38031,       0,    3392,  505967,  548813,  547390,  552205,    9072,    4257,  556462,   38031,       0,    3392,  505967,  548813,  547390,  552205,    9072,    4257,       0,       0,       0,       0,       0,       0,       0,       0,       0,       0,  -23325,    -367,   -3172,    -488,  -24944,  -20566,  -25799,  -24226,    2474,     901,  100.0,    6.8,    0.0,    0.6,   90.9,   98.6,   98.4,   99.2,    1.6,    0.8,  100.0,    6.8,    0.0,    0.6,   90.9,   98.6,   98.4,   99.2,    1.6,    0.8,    0.0,    0.0,    0.0,    0.0,    0.0,    0.0,    0.0,    0.0,    0.0,    0.0,     52,      3,      0,      2,     36,     25,     39,     27,     52,      3,      0,      2,     36,     25,     39,     27,      0,      0,      0,      0,      0,      0,      0,      0,    44.2,    49.3,    62.5,    73.1,    44.2,    49.1,    61.8,    72.0,    44.2,    49.3,    62.5,    73.1,    44.2,    49.1,    61.8,    72.0,     0.0,     0.0,     0.0,     0.0,     0.0,     0.0,     0.0,     0.0,2500 MM Btus,0233DR,IFED,023 
TRANSCO LEIDY BASIS - ICE FUTURES ENERGY DIV,261006,2026-10-06,0233DT,IFED,01,023 ,  128048,   14725,    1665,     490,  108313,  122951,  123528,  125106,    4520,    2942,  128048,   14725,    1665,     490,  108313,  122951,  123528,  125106,    4520,    2942,       0,       0,       0,       0,       0,       0,       0,       0,       0,       0,   -6966,    -146,    -720,       0,   -6448,   -5967,   -6594,   -6687,    -372,    -279,  100.0,   11.5,    1.3,    0.4,   84.6,   96.0,   96.5,   97.7,    3.5,    2.3,  100.0,   11.5,    1.3,    0.4,   84.6,   96.0,   96.5,   97.7,    3.5,    2.3,    0.0,    0.0,    0.0,    0.0,    0.0,    0.0,    0.0,    0.0,    0.0,    0.0,     38,      3,      2,      2,     25,     22,     29,     25,     38,      3,      2,      2,     25,     22,     29,     25,      0,      0,      0,      0,      0,      0,      0,      0,    43.3,    41.2,    62.5,    66.8,    43.2,    39.7,    61.7,    63.0,    43.3,    41.2,    62.5,    66.8,    43.2,    39.7,    61.7,    63.0,     0.0,     0.0,     0.0,     0.0,     0.0,     0.0,     0.0,     0.0,"(Contracts of 2,500  MMBTU'S)",0233DT,IFED,023 
TETCO M2 Index (Receipts) - ICE FUTURES ENERGY DIV,261006,2026-10-06,0233DW,IFED,01,023 ,   26686,    2603,    1510,       0,   22642,   24173,   25245,   25683,    1441,    1003,   26686,    2603,    1510,       0,   22642,   24173,   25245,   25683,    1441,    1003,       0,       0,       0,       0,       0,       0,       0,       0,       0,       0,   -8640,     120,       0,    -120,   -9160,   -8557,   -9160,   -8677,     520,      37,  100.0,    9.8,    5.7,    0.0,   84.8,   90.6,   94.6,   96.2,    5.4,    3.8,  100.0,    9.8,    5.7,    0.0,   84.8,   90.6,   94.6,   96.2,    5.4,    3.8,    0.0,    0.0,    0.0,    0.0,    0.0,    0.0,    0.0,    0.0,    0.0,    0.0,     28,      2,      1,      0,     11,     16,     13,     17,     28,      2,      1,      0,     11,     16,     13,     17,      0,      0,      0,      0,      0,      0,      0,      0,    63.7,    50.4,    86.2,    80.2,    63.7,    50.4,    86.2,    80.2,    63.7,    50.4,    86.2,    80.2,    63.7,    50.4,    86.2,    80.2,     0.0,     0.0,     0.0,     0.0,     0.0,     0.0,     0.0,     0.0,2500 MM Btus,0233DW,IFED,023 
REX ZONE 3 BASIS - ICE FUTURES ENERGY DIV,261006,2026-10-06,0233EB,IFED,01,023 ,  290273,   44125,   25764,    4905,  233248,  252484,  282278,  283153,    7995,    7120,  290273,   44125,   25764,    4905,  233248,  252484,  282278,  283153,    7995,    7120,       0,       0,       0,       0,       0,       0,       0,       0,       0,       0,  -26973,  -10034,   -6852,   -5376,  -14179,  -15135,  -29589,  -27363,    2616,     390,  100.0,   15.2,    8.9,    1.7,   80.4,   87.0,   97.2,   97.5,    2.8,    2.5,  100.0,   15.2,    8.9,    1.7,   80.4,   87.0,   97.2,   97.5,    2.8,    2.5,    0.0,    0.0,    0.0,    0.0,    0.0,    0.0,    0.0,    0.0,    0.0,    0.0,     58,      1,      8,      4,     30,     38,     34,     47,     58,      1,      8,      4,     30,     38,     34,     47,      0,      0,      0,      0,      0,      0,      0,      0,    39.9,    28.9,    59.1,    48.4,    36.9,    26.9,    53.0,    45.9,    39.9,    28.9,    59.1,    48.4,    36.9,    26.9,    53.0,    45.9,     0.0,     0.0,     0.0,     0.0,     0.0,     0.0,     0.0,     0.0,2500 MMBtus,0233EB,IFED,023 
REX ZONE 3 INDEX - ICE FUTURES ENERGY DIV,261006,2026-10-06,0233ED,IFED,01,023 ,   70320,    9281,    5876,     868,   59893,   62630,   70042,   69374,     278,     946,   70320,    9281,    5876,     868,   59893,   62630,   70042,   69374,     278,     946,       0,       0,       0,       0,       0,       0,       0,       0,       0,       0,   -5563,     570,     686,       0,   -5656,   -6292,   -5086,   -5606,    -477,      43,  100.0,   13.2,    8.4,    1.2,   85.2,   89.1,   99.6,   98.7,    0.4,    1.3,  100.0,   13.2,    8.4,    1.2,   85.2,   89.1,   99.6,   98.7,    0.4,    1.3,    0.0,    0.0,    0.0,    0.0,    0.0,    0.0,    0.0,    0.0,    0.0,    0.0,     31,      2,      2,      1,     16,     18,     18,     21,     31,      2,      2,      1,     16,     18,     18,     21,      0,      0,      0,      0,      0,      0,      0,      0,    67.6,    55.9,    91.3,    77.9,    67.6,    43.3,    78.0,    63.6,    67.6,    55.9,    91.3,    77.9,    67.6,    43.3,    78.0,    63.6,     0.0,     0.0,     0.0,     0.0,     0.0,     0.0,     0.0,     0.0,2500 MMBtus,0233ED,IFED,023 
Transco Zone 5 South Basis - ICE FUTURES ENERGY DIV,261006,2026-10-06,0233FJ,IFED,01,023 ,  128205,    9881,    2868,     701,  109030,  119993,  119612,  123562,    8593,    4643,  128205,    9881,    2868,     701,  109030,  119993,  119612,  123562,    8593,    4643,       0,       0,       0,       0,       0,       0,       0,       0,       0,       0,  -12801,   -8535,    -156,    -582,   -4066,  -13164,  -13183,  -13902,     382,    1101,  100.0,    7.7,    2.2,    0.5,   85.0,   93.6,   93.3,   96.4,    6.7,    3.6,  100.0,    7.7,    2.2,    0.5,   85.0,   93.6,   93.3,   96.4,    6.7,    3.6,    0.0,    0.0,    0.0,    0.0,    0.0,    0.0,    0.0,    0.0,    0.0,    0.0,     41,      4,      2,      4,     24,     29,     29,     34,     41,      4,      2,      4,     24,     29,     29,     34,      0,      0,      0,      0,      0,      0,      0,      0,    56.8,    50.0,    73.0,    67.5,    55.0,    46.5,    69.4,    62.6,    56.8,    50.0,    73.0,    67.5,    55.0,    46.5,    69.4,    62.6,     0.0,     0.0,     0.0,     0.0,     0.0,     0.0,     0.0,     0.0,2500 MMBtus,0233FJ,IFED,023 
NAT GAS NYME - NEW YORK MERCANTILE EXCHANGE,261006,2026-10-06,023651,NYME,01,023 , 1815990,  272279,  508718,  866223,  622339,  402492, 1760841, 1777433,   55149,   38557, 1815990,  272279,  508718,  866223,  622339,  402492, 1760841, 1777433,   55149,   38557,       0,       0,       0,       0,       0,       0,       0,       0,       0,       0,   33861,   -3913,    1506,   25290,   12707,    6363,   34084,   33159,    -223,     702,  100.0,   15.0,   28.0,   47.7,   34.3,   22.2,   97.0,   97.9,    3.0,    2.1,  100.0,   15.0,   28.0,   47.7,   34.3,   22.2,   97.0,   97.9,    3.0,    2.1,    0.0,    0.0,    0.0,    0.0,    0.0,    0.0,    0.0,    0.0,    0.0,    0.0,    322,    122,     99,    165,     81,     67,    297,    252,    322,    122,     99,    165,     81,     67,    297,    252,      0,      0,      0,      0,      0,      0,      0,      0,    17.0,    22.8,    27.4,    33.9,     8.6,    10.8,    12.5,    15.3,    17.0,    22.8,    27.4,    33.9,     8.6,    10.8,    12.5,    15.3,     0.0,     0.0,     0.0,     0.0,     0.0,     0.0,     0.0,     0.0,"(Contracts of 10,000 MMBTU'S)",023651,NYME,023 
HENRY HUB LAST DAY FIN - NEW YORK MERCANTILE EXCHANGE,261006,2026-10-06,023A55,NYME,01,023 ,  372680,   96276,   85579,   72362,  177985,  206442,  346623,  364383,   26057,    8297,  372680,   96276,   85579,   72362,  177985,  206442,  346623,  364383,   26057,    8297,       0,       0,       0,       0,       0,       0,       0,       0,       0,       0,    1776,   -3363,    -766,    1338,    3333,    1323,    1308,    1895,     468,    -119,  100.0,   25.8,   23.0,   19.4,   47.8,   55.4,   93.0,   97.8,    7.0,    2.2,  100.0,   25.8,   23.0,   19.4,   47.8,   55.4,   93.0,   97.8,    7.0,    2.2,    0.0,    0.0,    0.0,    0.0,    0.0,    0.0,    0.0,    0.0,    0.0,    0.0,     91,     19,     18,     30,     51,     40,     87,     71,     91,     19,     18,     30,     51,     40,     87,     71,      0,      0,      0,      0,      0,      0,      0,      0,    17.0,    39.0,    30.6,    54.0,    15.8,    37.5,    26.3,    48.9,    17.0,    39.0,    30.6,    54.0,    15.8,    37.5,    26.3,    48.9,     0.0,     0.0,     0.0,     0.0,     0.0,     0.0,     0.0,     0.0,"(Contracts of 10,000 MMBTU'S)",023A55,NYME,023 
HENRY HUB PENULTIMATE FIN - NEW YORK MERCANTILE EXCHANGE,261006,2026-10-06,023A56,NYME,01,023 ,  197059,   30977,   36979,   42485,  115432,  109624,  188894,  189088,    8165,    7971,  197059,   30977,   36979,   42485,  115432,  109624,  188894,  189088,    8165,    7971,       0,       0,       0,       0,       0,       0,       0,       0,       0,       0,    9129,    1960,   -1847,    8180,   -1370,    2437,    8770,    8770,     359,     359,  100.0,   15.7,   18.8,   21.6,   58.6,   55.6,   95.9,   96.0,    4.1,    4.0,  100.0,   15.7,   18.8,   21.6,   58.6,   55.6,   95.9,   96.0,    4.1,    4.0,    0.0,    0.0,    0.0,    0.0,    0.0,    0.0,    0.0,    0.0,    0.0,    0.0,     74,     21,     22,     36,     30,     28,     71,     66,     74,     21,     22,     36,     30,     28,     71,     66,      0,      0,      0,      0,      0,      0,      0,      0,    25.7,    32.2,    42.6,    45.5,    23.5,    23.3,    35.0,    31.8,    25.7,    32.2,    42.6,    45.5,    23.5,    23.3,    35.0,    31.8,     0.0,     0.0,     0.0,     0.0,     0.0,     0.0,     0.0,     0.0,"(Contracts of 10,000 MMBTU'S)",023A56,NYME,023 
ETHANOL T2 FOB INCL DUTY - NEW YORK MERCANTILE EXCHANGE,261006,2026-10-06,025608,NYME,01,025 ,    3477,     149,       0,      10,    3038,    3293,    3197,    3303,     280,     174,    3477,     149,       0,      10,    3038,    3293,    3197,    3303,     280,     174,       0,       0,       0,       0,       0,       0,       0,       0,       0,       0,    -349,      49,       0,      -1,    -368,    -318,    -320,    -319,     -29,     -30,  100.0,    4.3,    0.0,    0.3,   87.4,   94.7,   91.9,   95.0,    8.1,    5.0,  100.0,    4.3,    0.0,    0.3,   87.4,   94.7,   91.9,   95.0,    8.1,    5.0,    0.0,    0.0,    0.0,    0.0,    0.0,    0.0,    0.0,    0.0,    0.0,    0.0,     22,      1,      0,      1,     15,     16,     16,     17,     22,      1,      0,      1,     15,     16,     16,     17,      0,      0,      0,      0,      0,      0,      0,      0,    55.6,    66.1,    79.8,    81.2,    42.6,    56.7,    61.5,    66.6,    55.6,    66.1,    79.8,    81.2,    42.6,    56.7,    61.5,    66.6,     0.0,     0.0,     0.0,     0.0,     0.0,     0.0,     0.0,     0.0,(100 CUBIC METERS),025608,NYME,025 
ETHANOL - NEW YORK MERCANTILE EXCHANGE,261006,2026-10-06,025651,NYME,01,025 ,   38134,    9712,    1219,    1402,   26334,   35137,   37448,   37758,     686,     376,   38134,    9712,    1219,    1402,   26334,   35137,   37448,   37758,     686,     376,       0,       0,       0,       0,       0,       0,       0,       0,       0,       0,   -9694,     270,     -39,    -587,   -9319,   -8769,   -9636,   -9395,     -58,    -299,  100.0,   25.5,    3.2,    3.7,   69.1,   92.1,   98.2,   99.0,    1.8,    1.0,  100.0,   25.5,    3.2,    3.7,   69.1,   92.1,   98.2,   99.0,    1.8,    1.0,    0.0,    0.0,    0.0,    0.0,    0.0,    0.0,    0.0,    0.0,    0.0,    0.0,    117,     29,      7,     10,     52,     69,     83,     85,    117,     29,      7,     10,     52,     69,     83,     85,      0,      0,      0,      0,      0,      0,      0,      0,    27.4,    22.5,    43.4,    37.8,    16.9,    15.6,    26.3,    24.9,    27.4,    22.5,    43.4,    37.8,    16.9,    15.6,    26.3,    24.9,     0.0,     0.0,     0.0,     0.0,     0.0,     0.0,     0.0,     0.0,"(CONTRACTS OF 42,000 U.S. GALLONS)",025651,NYME,025 
SOYBEAN MEAL - CHICAGO BOARD OF TRADE,261006,2026-10-06,026603,CBT ,00,026 ,  632133,  253946,   31289,  127903,  202701,  447307,  584550,  606499,   47583,   25634,  618878,  250315,   33476,  122487,  199305,  438219,  572107,  594182,   46771,   24696,   13255,    6501,     683,    2546,    3396,    9088,   12443,   12317,     812,     938,    3024,    5516,    -660,    1455,   -6026,    2204,     945,    2999,    2079,      25,  100.0,   40.2,    4.9,   20.2,   32.1,   70.8,   92.5,   95.9,    7.5,    4.1,  100.0,   40.4,    5.4,   19.8,   32.2,   70.8,   92.4,   96.0,    7.6,    4.0,  100.0,   49.0,    5.2,   19.2,   25.6,   68.6,   93.9,   92.9,    6.1,    7.1,    359,    143,     44,     92,    115,    117,    298,    228,    359,    144,     47,     91,    115,    117,    297,    228,     75,     26,      6,     10,     26,     19,     56,     33,    11.3,    37.7,    19.3,    48.1,     8.8,    37.0,    16.1,    45.6,    11.5,    37.8,    19.7,    48.4,     8.9,    37.2,    16.4,    45.8,    43.9,    36.8,    59.2,    59.0,    33.2,    36.5,    46.2,    54.5,(CONTRACTS OF 100 TONS),026603,CBT ,026 
COTTON NO. 2 - ICE FUTURES U.S.,261006,2026-10-06,033661,ICUS,01,033 ,  382230,  128343,   31985,   69181,  168574,  272079,  366098,  373245,   16132,    8985,  347485,  118740,   30993,   64472,  149416,  243207,  332628,  338672,   14857,    8813,   34745,   13356,    4745,     956,   19158,   28872,   33470,   34573,    1275,     172,   -7264,   -4296,   -4041,   -5992,    3638,    2702,   -6650,   -7331,    -614,      67,  100.0,   33.6,    8.4,   18.1,   44.1,   71.2,   95.8,   97.6,    4.2,    2.4,  100.0,   34.2,    8.9,   18.6,   43.0,   70.0,   95.7,   97.5,    4.3,    2.5,  100.0,   38.4,   13.7,    2.8,   55.1,   83.1,   96.3,   99.5,    3.7,    0.5,    343,    169,     67,    116,     72,     77,    290,    221,    337,    163,     71,    110,     67,     74,    278,    215,    107,     35,     16,      7,     25,     36,     64,     56,    12.0,    29.9,    20.2,    42.7,     9.5,    23.8,    15.3,    31.5,    12.1,    31.7,    20.5,    43.1,     9.6,    25.1,    15.9,    33.5,    37.0,    39.3,    53.7,    57.6,    35.1,    39.3,    51.5,    57.6,"(CONTRACTS OF 50,000 POUNDS)",033661,ICUS,033 
HENRY HUB - NEW YORK MERCANTILE EXCHANGE,261006,2026-10-06,03565B,NYME,01,023 ,  402212,  285932,   20996,    2257,  104380,  370166,  392569,  393419,    9643,    8793,  402212,  285932,   20996,    2257,  104380,  370166,  392569,  393419,    9643,    8793,       0,       0,       0,       0,       0,       0,       0,       0,       0,       0,    6981,    2120,    2540,     -55,    4906,    4486,    6971,    6971,      10,      10,  100.0,   71.1,    5.2,    0.6,   26.0,   92.0,   97.6,   97.8,    2.4,    2.2,  100.0,   71.1,    5.2,    0.6,   26.0,   92.0,   97.6,   97.8,    2.4,    2.2,    0.0,    0.0,    0.0,    0.0,    0.0,    0.0,    0.0,    0.0,    0.0,    0.0,     36,      6,      5,      2,     21,     21,     28,     27,     36,      6,      5,      2,     21,     21,     28,     27,      0,      0,      0,      0,      0,      0,      0,      0,    70.5,    59.4,    83.3,    82.8,    70.1,    56.3,    80.0,    78.4,    70.5,    59.4,    83.3,    82.8,    70.1,    56.3,    80.0,    78.4,     0.0,     0.0,     0.0,     0.0,     0.0,     0.0,     0.0,     0.0,"(Contracts of 2,500  MMBTU'S)",03565B,NYME,023 
HENRY HUB PENULTIMATE NAT GAS - NEW YORK MERCANTILE EXCHANGE,261006,2026-10-06,03565C,NYME,01,023 ,   96523,    8686,   12160,   17654,   56343,   59505,   82683,   89319,   13840,    7204,   96523,    8686,   12160,   17654,   56343,   59505,   82683,   89319,   13840,    7204,       0,       0,       0,       0,       0,       0,       0,       0,       0,       0,    2242,    -214,     448,    1310,    1200,     698,    2296,    2456,     -54,    -214,  100.0,    9.0,   12.6,   18.3,   58.4,   61.6,   85.7,   92.5,   14.3,    7.5,  100.0,    9.0,   12.6,   18.3,   58.4,   61.6,   85.7,   92.5,   14.3,    7.5,    0.0,    0.0,    0.0,    0.0,    0.0,    0.0,    0.0,    0.0,    0.0,    0.0,     35,      7,      9,     15,     18,     18,     33,     34,     35,      7,      9,     15,     18,     18,     33,     34,      0,      0,      0,      0,      0,      0,      0,      0,    36.4,    36.9,    53.6,    63.1,    19.7,    22.9,    27.3,    33.8,    36.4,    36.9,    53.6,    63.1,    19.7,    22.9,    27.3,    33.8,     0.0,     0.0,     0.0,     0.0,     0.0,     0.0,     0.0,     0.0,"(Contracts of 2,500  MMBTU'S)",03565C,NYME,023 
USD Malaysian Crude Palm Oil C - CHICAGO MERCANTILE EXCHANGE,261006,2026-10-06,037021,CME ,00,037 ,   42475,    1295,    2949,     500,   40580,   39026,   42375,   42475,     100,       0,   42475,    1295,    2949,     500,   40580,   39026,   42375,   42475,     100,       0,       0,       0,       0,       0,       0,       0,       0,       0,       0,       0,   -3238,    -252,   -2207,    -460,   -2546,    -571,   -3258,   -3238,      20,       0,  100.0,    3.0,    6.9,    1.2,   95.5,   91.9,   99.8,  100.0,    0.2,    0.0,  100.0,    3.0,    6.9,    1.2,   95.5,   91.9,   99.8,  100.0,    0.2,    0.0,    0.0,    0.0,    0.0,    0.0,    0.0,    0.0,    0.0,    0.0,    0.0,    0.0,     24,      5,      1,      3,     14,     14,     21,     17,     24,      5,      1,      3,     14,     14,     21,     17,      0,      0,      0,      0,      0,      0,      0,      0,    74.6,    71.6,    90.5,    93.5,    31.6,    36.6,    35.3,    38.2,    74.6,    71.6,    90.5,    93.5,    31.6,    36.6,    35.3,    38.2,     0.0,     0.0,     0.0,     0.0,     0.0,     0.0,     0.0,     0.0,(CONTRACTS OF 25 METRIC TONS),037021,CME ,037 
ROUGH RICE - CHICAGO BOARD OF TRADE,261006,2026-10-06,039601,CBT ,00,039 ,   14403,    5916,    2907,     930,    4838,    9330,   11684,   13167,    2719,    1236,   14366,    5923,    2921,     904,    4838,    9306,   11665,   13131,    2701,    1235,      37,      19,      12,       0,       0,      24,      19,      36,      18,       1,     534,     310,      36,     257,      63,      61,     630,     354,     -96,     180,  100.0,   41.1,   20.2,    6.5,   33.6,   64.8,   81.1,   91.4,   18.9,    8.6,  100.0,   41.2,   20.3,    6.3,   33.7,   64.8,   81.2,   91.4,   18.8,    8.6,  100.0,   51.4,   32.4,    0.0,    0.0,   64.9,   51.4,   97.3,   48.6,    2.7,     81,     30,     17,      8,     21,     19,     57,     39,     81,     30,     18,      6,     21,     19,     56,     38,      6,      3,      2,      0,      0,      1,      3,      3,    26.6,    39.2,    38.9,    55.6,    26.5,    39.1,    38.4,    55.4,    26.6,    39.3,    39.0,    55.6,    26.6,    39.2,    38.5,    55.4,    51.4,    97.3,    51.4,    97.3,    51.4,    97.3,    51.4,    97.3,"(CONTRACTS OF 200,000 POUNDS)",039601,CBT ,039 
FRZN CONCENTRATED ORANGE JUICE - ICE FUTURES U.S.,261006,2026-10-06,040701,ICUS,01,040 ,    9955,    4377,    3938,     685,    2914,    3489,    7976,    8112,    1979,    1843,    6778,    3890,    3412,      32,    1517,    2163,    5439,    5607,    1339,    1171,    3177,    1088,    1127,      52,    1397,    1326,    2537,    2505,     640,     672,     484,      39,     230,     166,     381,      86,     586,     482,    -102,       2,  100.0,   44.0,   39.6,    6.9,   29.3,   35.0,   80.1,   81.5,   19.9,   18.5,  100.0,   57.4,   50.3,    0.5,   22.4,   31.9,   80.2,   82.7,   19.8,   17.3,  100.0,   34.2,   35.5,    1.6,   44.0,   41.7,   79.9,   78.8,   20.1,   21.2,     57,     24,     18,      7,     12,      8,     39,     30,     52,     20,     17,      2,      9,      7,     31,     24,     28,     12,      6,      3,      8,      6,     20,     15,    23.2,    40.1,    40.2,    55.9,    23.2,    35.0,    37.4,    49.4,    32.5,    41.0,    50.8,    60.0,    32.5,    40.2,    50.8,    59.3,    40.3,    59.8,    58.0,    71.7,    34.6,    59.5,    50.4,    67.1,"(CONTRACTS OF 15,000 POUNDS)",040701,ICUS,040 
UST 2Y NOTE - CHICAGO BOARD OF TRADE,261006,2026-10-06,042601,CBT ,00,042 , 4485811,  707098, 1560002,  146760, 3413094, 2603241, 4266952, 4310003,  218859,  175808, 4485811,  707098, 1560002,  146760, 3413094, 2603241, 4266952, 4310003,  218859,  175808,       0,       0,       0,       0,       0,       0,       0,       0,       0,       0,  -44334,  -71129,  -10249,  -16581,   38793,  -19043,  -48917,  -45873,    4583,    1539,  100.0,   15.8,   34.8,    3.3,   76.1,   58.0,   95.1,   96.1,    4.9,    3.9,  100.0,   15.8,   34.8,    3.3,   76.1,   58.0,   95.1,   96.1,    4.9,    3.9,    0.0,    0.0,    0.0,    0.0,    0.0,    0.0,    0.0,    0.0,    0.0,    0.0,    492,     74,     82,     37,    238,    229,    333,    327,    492,     74,     82,     37,    238,    229,    333,    327,      0,      0,      0,      0,      0,      0,      0,      0,    25.5,    19.5,    35.0,    30.7,    21.4,    19.3,    29.3,    29.1,    25.5,    19.5,    35.0,    30.7,    21.4,    19.3,    29.3,    29.1,     0.0,     0.0,     0.0,     0.0,     0.0,     0.0,     0.0,     0.0,"(CONTRACTS OF $200,000 FACE VALUE)",042601,CBT ,042 
UST 10Y NOTE - CHICAGO BOARD OF TRADE,261006,2026-10-06,043602,CBT ,00,043 , 5742990,  686494, 1582975,  126870, 4503088, 3633040, 5316452, 5342885,  426538,  400105, 5742990,  686494, 1582975,  126870, 4503088, 3633040, 5316452, 5342885,  426538,  400105,       0,       0,       0,       0,       0,       0,       0,       0,       0,       0,   66434,    7387,    3253,   -3526,   81485,   63279,   85346,   63006,  -18912,    3428,  100.0,   12.0,   27.6,    2.2,   78.4,   63.3,   92.6,   93.0,    7.4,    7.0,  100.0,   12.0,   27.6,    2.2,   78.4,   63.3,   92.6,   93.0,    7.4,    7.0,    0.0,    0.0,    0.0,    0.0,    0.0,    0.0,    0.0,    0.0,    0.0,    0.0,    433,     73,     74,     39,    214,    195,    307,    288,    433,     73,     74,     39,    214,    195,    307,    288,      0,      0,      0,      0,      0,      0,      0,      0,    31.7,    17.7,    41.3,    27.4,    28.2,    17.4,    37.0,    26.0,    31.7,    17.7,    41.3,    27.4,    28.2,    17.4,    37.0,    26.0,     0.0,     0.0,     0.0,     0.0,     0.0,     0.0,     0.0,     0.0,"(CONTRACTS OF $100,000 FACE VALUE)",043602,CBT ,043 
ULTRA UST 10Y - CHICAGO BOARD OF TRADE,261006,2026-10-06,043607,CBT ,00,043 , 2593056,  224780,  384423,   45633, 2089198, 1868025, 2359611, 2298081,  233445,  294975, 2593056,  224780,  384423,   45633, 2089198, 1868025, 2359611, 2298081,  233445,  294975,       0,       0,       0,       0,       0,       0,       0,       0,       0,       0,   12907,  -17647,   -6119,    2859,   29687,   18492,   14899,   15232,   -1992,   -2325,  100.0,    8.7,   14.8,    1.8,   80.6,   72.0,   91.0,   88.6,    9.0,   11.4,  100.0,    8.7,   14.8,    1.8,   80.6,   72.0,   91.0,   88.6,    9.0,   11.4,    0.0,    0.0,    0.0,    0.0,    0.0,    0.0,    0.0,    0.0,    0.0,    0.0,    237,     28,     38,     21,    123,    126,    165,    171,    237,     28,     38,     21,    123,    126,    165,    171,      0,      0,      0,      0,      0,      0,      0,      0,    24.3,    26.2,    37.4,    35.7,    15.3,    19.7,    25.9,    26.2,    24.3,    26.2,    37.4,    35.7,    15.3,    19.7,    25.9,    26.2,     0.0,     0.0,     0.0,     0.0,     0.0,     0.0,     0.0,     0.0,"(CONTRACTS OF $100,000 FACE VALUE)",043607,CBT ,043 
MICRO 10 YEAR YIELD - CHICAGO BOARD OF TRADE,261006,2026-10-06,04360Y,CBT ,00,043 ,    4338,    3617,    2686,      26,     192,       0,    3835,    2712,     503,    1626,    4338,    3617,    2686,      26,     192,       0,    3835,    2712,     503,    1626,       0,       0,       0,       0,       0,       0,       0,       0,       0,       0,    -407,     -26,     882,    -644,     192,    -324,    -478,     -86,      71,    -321,  100.0,   83.4,   61.9,    0.6,    4.4,    0.0,   88.4,   62.5,   11.6,   37.5,  100.0,   83.4,   61.9,    0.6,    4.4,    0.0,   88.4,   62.5,   11.6,   37.5,    0.0,    0.0,    0.0,    0.0,    0.0,    0.0,    0.0,    0.0,    0.0,    0.0,     38,     11,     26,      1,      1,      0,     13,     26,     38,     11,     26,      1,      1,      0,     13,     26,      0,      0,      0,      0,      0,      0,      0,      0,    71.6,    34.5,    85.2,    46.1,    71.6,    34.5,    85.2,    45.5,    71.6,    34.5,    85.2,    46.1,    71.6,    34.5,    85.2,    45.5,     0.0,     0.0,     0.0,     0.0,     0.0,     0.0,     0.0,     0.0,(1000 x Index Points),04360Y,CBT ,043 
UST 5Y NOTE - CHICAGO BOARD OF TRADE,261006,2026-10-06,044601,CBT ,00,044 , 6758624,  692836, 1856367,  160523, 5500242, 4344034, 6353601, 6360924,  405023,  397700, 6758624,  692836, 1856367,  160523, 5500242, 4344034, 6353601, 6360924,  405023,  397700,       0,       0,       0,       0,       0,       0,       0,       0,       0,       0,  -30617,  -71179,   96651,  -39196,   92087, -109233,  -18288,  -51778,  -12329,   21161,  100.0,   10.3,   27.5,    2.4,   81.4,   64.3,   94.0,   94.1,    6.0,    5.9,  100.0,   10.3,   27.5,    2.4,   81.4,   64.3,   94.0,   94.1,    6.0,    5.9,    0.0,    0.0,    0.0,    0.0,    0.0,    0.0,    0.0,    0.0,    0.0,    0.0,    468,     74,     77,     33,    234,    218,    324,    312,    468,     74,     77,     33,    234,    218,    324,    312,      0,      0,      0,      0,      0,      0,      0,      0,    30.9,    17.6,    39.1,    28.0,    29.7,    17.0,    36.0,    26.2,    30.9,    17.6,    39.1,    28.0,    29.7,    17.0,    36.0,    26.2,     0.0,     0.0,     0.0,     0.0,     0.0,     0.0,     0.0,     0.0,"(CONTRACTS OF $100,000 FACE VALUE)",044601,CBT ,044 
FED FUNDS - CHICAGO BOARD OF TRADE,261006,2026-10-06,045601,CBT ,00,045 , 2343262,  371035,  288366,  523514, 1405773, 1497973, 2300322, 2309853,   42940,   33409, 2343262,  371035,  288366,  523514, 1405773, 1497973, 2300322, 2309853,   42940,   33409,       0,       0,       0,       0,       0,       0,       0,       0,       0,       0, -234785,  -27117, -170412,   44074, -246459, -106932, -229502, -233270,   -5283,   -1515,  100.0,   15.8,   12.3,   22.3,   60.0,   63.9,   98.2,   98.6,    1.8,    1.4,  100.0,   15.8,   12.3,   22.3,   60.0,   63.9,   98.2,   98.6,    1.8,    1.4,    0.0,    0.0,    0.0,    0.0,    0.0,    0.0,    0.0,    0.0,    0.0,    0.0,    169,     39,     33,     55,     77,     83,    141,    146,    169,     39,     33,     55,     77,     83,    141,    146,      0,      0,      0,      0,      0,      0,      0,      0,    26.7,    25.5,    41.9,    41.1,    17.0,    17.3,    26.1,    24.1,    26.7,    25.5,    41.9,    41.1,    17.0,    17.3,    26.1,    24.1,     0.0,     0.0,     0.0,     0.0,     0.0,     0.0,     0.0,     0.0,"(CONTRACTS OF $5,000,000)",045601,CBT ,045 
EURO SHORT TERM RATE - CHICAGO MERCANTILE EXCHANGE,261006,2026-10-06,047745,CME ,00,047 ,   20402,     107,   14557,    1240,   18975,    4592,   20322,   20389,      80,      13,   20402,     107,   14557,    1240,   18975,    4592,   20322,   20389,      80,      13,       0,       0,       0,       0,       0,       0,       0,       0,       0,       0,       9,       0,      64,    -175,     198,     125,      23,      14,     -14,      -5,  100.0,    0.5,   71.4,    6.1,   93.0,   22.5,   99.6,   99.9,    0.4,    0.1,  100.0,    0.5,   71.4,    6.1,   93.0,   22.5,   99.6,   99.9,    0.4,    0.1,    0.0,    0.0,    0.0,    0.0,    0.0,    0.0,    0.0,    0.0,    0.0,    0.0,     25,      1,     10,      5,      9,     11,     15,     21,     25,      1,     10,      5,      9,     11,     15,     21,      0,      0,      0,      0,      0,      0,      0,      0,    87.9,    69.0,    96.3,    87.1,    85.7,    63.8,    88.1,    79.5,    87.9,    69.0,    96.3,    87.1,    85.7,    63.8,    88.1,    79.5,     0.0,     0.0,     0.0,     0.0,     0.0,     0.0,     0.0,     0.0,"(2,500 X CONTRACT GRADE IMM INDEX)",047745,CME ,047 
BUTTER (CASH SETTLED) - CHICAGO MERCANTILE EXCHANGE,261006,2026-10-06,050642,CME ,00,050 ,   18540,      65,    7984,     192,   17542,   10016,   17799,   18192,     741,     348,   18540,      65,    7984,     192,   17542,   10016,   17799,   18192,     741,     348,       0,       0,       0,       0,       0,       0,       0,       0,       0,       0,   -2520,     -20,    -674,     -57,   -2486,   -1874,   -2563,   -2605,      43,      85,  100.0,    0.4,   43.1,    1.0,   94.6,   54.0,   96.0,   98.1,    4.0,    1.9,  100.0,    0.4,   43.1,    1.0,   94.6,   54.0,   96.0,   98.1,    4.0,    1.9,    0.0,    0.0,    0.0,    0.0,    0.0,    0.0,    0.0,    0.0,    0.0,    0.0,     56,      1,     12,      5,     35,     24,     41,     36,     56,      1,     12,      5,     35,     24,     41,     36,      0,      0,      0,      0,      0,      0,      0,      0,    38.4,    46.6,    56.2,    69.0,    37.6,    44.1,    55.1,    61.9,    38.4,    46.6,    56.2,    69.0,    37.6,    44.1,    55.1,    61.9,     0.0,     0.0,     0.0,     0.0,     0.0,     0.0,     0.0,     0.0,"(CONTRACTS OF 20,000 POUNDS)",050642,CME ,050 
"MILK, Class III - CHICAGO MERCANTILE EXCHANGE",261006,2026-10-06,052641,CME ,00,052 ,   33020,    1990,   13529,    2939,   26221,   11679,   31150,   28147,    1870,    4873,   33020,    1990,   13529,    2939,   26221,   11679,   31150,   28147,    1870,    4873,       0,       0,       0,       0,       0,       0,       0,       0,       0,       0,   -3000,    -537,    -985,    -454,   -1843,   -1363,   -2834,   -2802,    -166,    -198,  100.0,    6.0,   41.0,    8.9,   79.4,   35.4,   94.3,   85.2,    5.7,   14.8,  100.0,    6.0,   41.0,    8.9,   79.4,   35.4,   94.3,   85.2,    5.7,   14.8,    0.0,    0.0,    0.0,    0.0,    0.0,    0.0,    0.0,    0.0,    0.0,    0.0,     92,      7,     42,     12,     33,     23,     51,     67,     92,      7,     42,     12,     33,     23,     51,     67,      0,      0,      0,      0,      0,      0,      0,      0,    49.1,    24.0,    64.5,    40.5,    49.0,    23.3,    64.4,    35.6,    49.1,    24.0,    64.5,    40.5,    49.0,    23.3,    64.4,    35.6,     0.0,     0.0,     0.0,     0.0,     0.0,     0.0,     0.0,     0.0,"(CONTRACTS OF 200,000 POUNDS)",052641,CME ,052 
NON FAT DRY MILK - CHICAGO MERCANTILE EXCHANGE,261006,2026-10-06,052642,CME ,00,052 ,   11254,     688,    6381,     427,    9224,    4351,   10339,   11159,     915,      95,   11254,     688,    6381,     427,    9224,    4351,   10339,   11159,     915,      95,       0,       0,       0,       0,       0,       0,       0,       0,       0,       0,   -1448,     -27,    -116,     -49,   -1394,   -1229,   -1470,   -1394,      22,     -54,  100.0,    6.1,   56.7,    3.8,   82.0,   38.7,   91.9,   99.2,    8.1,    0.8,  100.0,    6.1,   56.7,    3.8,   82.0,   38.7,   91.9,   99.2,    8.1,    0.8,    0.0,    0.0,    0.0,    0.0,    0.0,    0.0,    0.0,    0.0,    0.0,    0.0,     49,      7,      6,      6,     32,     20,     42,     29,     49,      7,      6,      6,     32,     20,     42,     29,      0,      0,      0,      0,      0,      0,      0,      0,    33.6,    51.4,    53.1,    74.8,    32.0,    51.1,    50.4,    74.2,    33.6,    51.4,    53.1,    74.8,    32.0,    51.1,    50.4,    74.2,     0.0,     0.0,     0.0,     0.0,     0.0,     0.0,     0.0,     0.0,"(CONTRACTS OF 44,000 LBS.)",052642,CME ,052 
CME MILK IV - CHICAGO MERCANTILE EXCHANGE,261006,2026-10-06,052644,CME ,00,052 ,   14401,    8219,    1663,     253,    5768,   11547,   14240,   13463,     161,     938,   14401,    8219,    1663,     253,    5768,   11547,   14240,   13463,     161,     938,       0,       0,       0,       0,       0,       0,       0,       0,       0,       0,    -215,     385,     101,    -137,    -441,     -74,    -193,    -110,     -22,    -105,  100.0,   57.1,   11.5,    1.8,   40.1,   80.2,   98.9,   93.5,    1.1,    6.5,  100.0,   57.1,   11.5,    1.8,   40.1,   80.2,   98.9,   93.5,    1.1,    6.5,    0.0,    0.0,    0.0,    0.0,    0.0,    0.0,    0.0,    0.0,    0.0,    0.0,     35,      4,      6,      4,     11,     17,     17,     25,     35,      4,      6,      4,     11,     17,     17,     25,      0,      0,      0,      0,      0,      0,      0,      0,    79.8,    62.2,    95.1,    78.6,    79.8,    61.7,    94.7,    76.7,    79.8,    62.2,    95.1,    78.6,    79.8,    61.7,    94.7,    76.7,     0.0,     0.0,     0.0,     0.0,     0.0,     0.0,     0.0,     0.0,"(CONTRACTS OF 200,000 POUNDS)",052644,CME ,052 
LEAN HOGS - CHICAGO MERCANTILE EXCHANGE,261006,2026-10-06,054642,CME ,00,054 ,  296786,   82822,  159290,   74689,  116545,   42560,  274056,  276539,   22730,   20247,  296318,   82851,  159164,   74551,  116345,   42530,  273747,  276245,   22571,   20073,     468,     108,     263,       1,     200,      30,     309,     294,     159,     174,    6943,    4724,    4961,     109,    2924,     911,    7757,    5981,    -814,     962,  100.0,   27.9,   53.7,   25.2,   39.3,   14.3,   92.3,   93.2,    7.7,    6.8,  100.0,   28.0,   53.7,   25.2,   39.3,   14.4,   92.4,   93.2,    7.6,    6.8,  100.0,   23.1,   56.2,    0.2,   42.7,    6.4,   66.0,   62.8,   34.0,   37.2,    364,     93,    138,    121,     95,     78,    267,    278,    363,     94,    136,    121,     95,     78,    266,    278,     19,      4,      9,      1,      4,      2,      8,     12,    16.2,    13.9,    26.9,    23.0,    14.7,    13.1,    23.8,    21.3,    16.2,    13.9,    26.9,    23.1,    14.8,    13.1,    23.8,    21.4,    63.0,    51.5,    66.0,    60.9,    63.0,    51.5,    65.8,    60.9,"(CONTRACTS OF 40,000 POUNDS)",054642,CME ,054 
LIVE CATTLE - CHICAGO MERCANTILE EXCHANGE,261006,2026-10-06,057642,CME ,00,057 ,  293647,   88098,   58706,   63037,  116581,  139482,  267716,  261225,   25931,   32422,  293647,   88098,   58706,   63037,  116581,  139482,  267716,  261225,   25931,   32422,       0,       0,       0,       0,       0,       0,       0,       0,       0,       0,       8,   -7971,   -2195,    3704,    3992,   -3100,    -275,   -1591,     283,    1599,  100.0,   30.0,   20.0,   21.5,   39.7,   47.5,   91.2,   89.0,    8.8,   11.0,  100.0,   30.0,   20.0,   21.5,   39.7,   47.5,   91.2,   89.0,    8.8,   11.0,    0.0,    0.0,    0.0,    0.0,    0.0,    0.0,    0.0,    0.0,    0.0,    0.0,    381,    113,     67,    106,    118,    152,    281,    296,    381,    113,     67,    106,    118,    152,    281,    296,      0,      0,      0,      0,      0,      0,      0,      0,    13.5,    15.2,    22.4,    24.9,    13.2,    14.9,    20.6,    23.4,    13.5,    15.2,    22.4,    24.9,    13.2,    14.9,    20.6,    23.4,     0.0,     0.0,     0.0,     0.0,     0.0,     0.0,     0.0,     0.0,"(CONTRACTS OF 40,000 POUNDS)",057642,CME ,057 
LUMBER - CHICAGO MERCANTILE EXCHANGE,261006,2026-10-06,058644,CME ,00,058 ,   10771,    2273,    8138,     401,    7043,    1462,    9717,   10001,    1054,     770,   10771,    2273,    8138,     401,    7043,    1462,    9717,   10001,    1054,     770,       0,       0,       0,       0,       0,       0,       0,       0,       0,       0,    1047,      14,     442,     291,     646,     252,     951,     985,      96,      62,  100.0,   21.1,   75.6,    3.7,   65.4,   13.6,   90.2,   92.9,    9.8,    7.1,  100.0,   21.1,   75.6,    3.7,   65.4,   13.6,   90.2,   92.9,    9.8,    7.1,    0.0,    0.0,    0.0,    0.0,    0.0,    0.0,    0.0,    0.0,    0.0,    0.0,    105,     21,     46,      6,     32,     12,     57,     63,    105,     21,     46,      6,     32,     12,     57,     63,      0,      0,      0,      0,      0,      0,      0,      0,    29.4,    24.3,    46.3,    40.8,    28.1,    24.3,    43.6,    40.8,    29.4,    24.3,    46.3,    40.8,    28.1,    24.3,    43.6,    40.8,     0.0,     0.0,     0.0,     0.0,     0.0,     0.0,     0.0,     0.0,"(CONTRACTS OF 27,500 BOARD FEET)",058644,CME ,058 
FEEDER CATTLE - CHICAGO MERCANTILE EXCHANGE,261006,2026-10-06,061641,CME ,00,061 ,   63656,   21801,   22736,   16062,   16271,   13201,   54134,   51999,    9522,   11657,   63656,   21801,   22736,   16062,   16271,   13201,   54134,   51999,    9522,   11657,       0,       0,       0,       0,       0,       0,       0,       0,       0,       0,    1488,    2029,     883,    -704,     237,    1218,    1562,    1397,     -74,      91,  100.0,   34.2,   35.7,   25.2,   25.6,   20.7,   85.0,   81.7,   15.0,   18.3,  100.0,   34.2,   35.7,   25.2,   25.6,   20.7,   85.0,   81.7,   15.0,   18.3,    0.0,    0.0,    0.0,    0.0,    0.0,    0.0,    0.0,    0.0,    0.0,    0.0,    216,     64,     52,     70,     56,     66,    162,    160,    216,     64,     52,     70,     56,     66,    162,    160,      0,      0,      0,      0,      0,      0,      0,      0,    15.1,    19.9,    25.4,    29.3,    12.4,    18.0,    18.8,    25.0,    15.1,    19.9,    25.4,    29.3,    12.4,    18.0,    18.8,    25.0,     0.0,     0.0,     0.0,     0.0,     0.0,     0.0,     0.0,     0.0,"(CONTRACTS OF 50,000 POUNDS)",061641,CME ,061 
CHEESE (CASH-SETTLED) - CHICAGO MERCANTILE EXCHANGE,261006,2026-10-06,063642,CME ,00,063 ,   31467,     624,   11282,    1661,   28258,   18024,   30543,   30967,     924,     500,   31467,     624,   11282,    1661,   28258,   18024,   30543,   30967,     924,     500,       0,       0,       0,       0,       0,       0,       0,       0,       0,       0,   -2672,     183,     407,    -453,   -2304,   -2573,   -2574,   -2619,     -98,     -53,  100.0,    2.0,   35.9,    5.3,   89.8,   57.3,   97.1,   98.4,    2.9,    1.6,  100.0,    2.0,   35.9,    5.3,   89.8,   57.3,   97.1,   98.4,    2.9,    1.6,    0.0,    0.0,    0.0,    0.0,    0.0,    0.0,    0.0,    0.0,    0.0,    0.0,     76,      4,     29,     10,     32,     30,     43,     62,     76,      4,     29,     10,     32,     30,     43,     62,      0,      0,      0,      0,      0,      0,      0,      0,    53.6,    32.4,    72.8,    49.7,    53.2,    31.5,    71.1,    47.0,    53.6,    32.4,    72.8,    49.7,    53.2,    31.5,    71.1,    47.0,     0.0,     0.0,     0.0,     0.0,     0.0,     0.0,     0.0,     0.0,"(CONTRACTS OF 20,000 POUNDS)",063642,CME ,063 
MID-C DAY-AHEAD PEAK - ICE FUTURES ENERGY DIV,261006,2026-10-06,064391,IFED,01,064 ,   37271,    2630,    4014,    3681,   30408,   29425,   36719,   37120,     552,     151,   37271,    2630,    4014,    3681,   30408,   29425,   36719,   37120,     552,     151,       0,       0,       0,       0,       0,       0,       0,       0,       0,       0,   -4641,      56,   -1981,    -822,   -3790,   -1869,   -4556,   -4672,     -85,      31,  100.0,    7.1,   10.8,    9.9,   81.6,   78.9,   98.5,   99.6,    1.5,    0.4,  100.0,    7.1,   10.8,    9.9,   81.6,   78.9,   98.5,   99.6,    1.5,    0.4,    0.0,    0.0,    0.0,    0.0,    0.0,    0.0,    0.0,    0.0,    0.0,    0.0,     56,      8,     12,      8,     32,     28,     42,     46,     56,      8,     12,      8,     32,     28,     42,     46,      0,      0,      0,      0,      0,      0,      0,      0,    39.2,    38.0,    58.2,    62.7,    33.1,    35.0,    47.0,    48.9,    39.2,    38.0,    58.2,    62.7,    33.1,    35.0,    47.0,    48.9,     0.0,     0.0,     0.0,     0.0,     0.0,     0.0,     0.0,     0.0,(Contracts of about 400 MWh),064391,IFED,064 
MID-C DAY-AHEAD OFF-PEAK - ICE FUTURES ENERGY DIV,261006,2026-10-06,064392,IFED,01,064 ,   24700,    3221,    2995,     872,   19731,   20670,   23824,   24537,     876,     163,   24700,    3221,    2995,     872,   19731,   20670,   23824,   24537,     876,     163,       0,       0,       0,       0,       0,       0,       0,       0,       0,       0,   -2779,    -434,    -852,     -85,   -2449,   -1799,   -2968,   -2736,     189,     -43,  100.0,   13.0,   12.1,    3.5,   79.9,   83.7,   96.5,   99.3,    3.5,    0.7,  100.0,   13.0,   12.1,    3.5,   79.9,   83.7,   96.5,   99.3,    3.5,    0.7,    0.0,    0.0,    0.0,    0.0,    0.0,    0.0,    0.0,    0.0,    0.0,    0.0,     39,      6,      3,      3,     27,     24,     35,     28,     39,      6,      3,      3,     27,     24,     35,     28,      0,      0,      0,      0,      0,      0,      0,      0,    41.1,    43.7,    60.4,    74.5,    28.9,    39.0,    42.4,    57.6,    41.1,    43.7,    60.4,    74.5,    28.9,    39.0,    42.4,    57.6,     0.0,     0.0,     0.0,     0.0,     0.0,     0.0,     0.0,     0.0,(Contracts of about 352 MWh),064392,IFED,064 
PJM WESTERN HUB RT OFF - ICE FUTURES ENERGY DIV,261006,2026-10-06,064394,IFED,01,064 ,  240848,   87192,   17038,   27038,  125129,  196425,  239359,  240501,    1489,     347,  240848,   87192,   17038,   27038,  125129,  196425,  239359,  240501,    1489,     347,       0,       0,       0,       0,       0,       0,       0,       0,       0,       0,  -12352,   -1714,     516,   -4476,   -6448,   -8371,  -12638,  -12331,     286,     -21,  100.0,   36.2,    7.1,   11.2,   52.0,   81.6,   99.4,   99.9,    0.6,    0.1,  100.0,   36.2,    7.1,   11.2,   52.0,   81.6,   99.4,   99.9,    0.6,    0.1,    0.0,    0.0,    0.0,    0.0,    0.0,    0.0,    0.0,    0.0,    0.0,    0.0,     91,     30,     12,     26,     46,     43,     85,     72,     91,     30,     12,     26,     46,     43,     85,     72,      0,      0,      0,      0,      0,      0,      0,      0,    38.2,    42.5,    52.7,    58.7,    33.6,    35.0,    41.3,    46.4,    38.2,    42.5,    52.7,    58.7,    33.6,    35.0,    41.3,    46.4,     0.0,     0.0,     0.0,     0.0,     0.0,     0.0,     0.0,     0.0,(Contracts of about 352 MWh),064394,IFED,064 
SP15 FIN DA PEAK FIXED - ICE FUTURES ENERGY DIV,261006,2026-10-06,064395,IFED,01,064 ,   93108,    2901,   14671,   13813,   75844,   64454,   92558,   92938,     550,     170,   93108,    2901,   14671,   13813,   75844,   64454,   92558,   92938,     550,     170,       0,       0,       0,       0,       0,       0,       0,       0,       0,       0,  -10255,    -424,   -5173,    -992,   -8904,   -4042,  -10320,  -10207,      65,     -48,  100.0,    3.1,   15.8,   14.8,   81.5,   69.2,   99.4,   99.8,    0.6,    0.2,  100.0,    3.1,   15.8,   14.8,   81.5,   69.2,   99.4,   99.8,    0.6,    0.2,    0.0,    0.0,    0.0,    0.0,    0.0,    0.0,    0.0,    0.0,    0.0,    0.0,     70,     12,     16,     14,     35,     34,     56,     55,     70,     12,     16,     14,     35,     34,     56,     55,      0,      0,      0,      0,      0,      0,      0,      0,    42.8,    36.4,    67.5,    59.3,    41.1,    28.4,    53.8,    44.9,    42.8,    36.4,    67.5,    59.3,    41.1,    28.4,    53.8,    44.9,     0.0,     0.0,     0.0,     0.0,     0.0,     0.0,     0.0,     0.0,(Contracts of about 400 MWh),064395,IFED,064 
CAISO SP-15 DA OFF-PK FIXED - ICE FUTURES ENERGY DIV,261006,2026-10-06,064396,IFED,01,064 ,   72662,    1307,   15250,    9224,   61868,   48091,   72399,   72565,     263,      97,   72662,    1307,   15250,    9224,   61868,   48091,   72399,   72565,     263,      97,       0,       0,       0,       0,       0,       0,       0,       0,       0,       0,   -5644,   -1698,    -963,    -902,   -3095,   -3715,   -5695,   -5580,      51,     -64,  100.0,    1.8,   21.0,   12.7,   85.1,   66.2,   99.6,   99.9,    0.4,    0.1,  100.0,    1.8,   21.0,   12.7,   85.1,   66.2,   99.6,   99.9,    0.4,    0.1,    0.0,    0.0,    0.0,    0.0,    0.0,    0.0,    0.0,    0.0,    0.0,    0.0,     45,      4,      8,      7,     28,     27,     38,     36,     45,      4,      8,      7,     28,     27,     38,     36,      0,      0,      0,      0,      0,      0,      0,      0,    47.8,    53.2,    70.8,    76.5,    47.6,    43.9,    60.8,    62.8,    47.8,    53.2,    70.8,    76.5,    47.6,    43.9,    60.8,    62.8,     0.0,     0.0,     0.0,     0.0,     0.0,     0.0,     0.0,     0.0,(Contracts of about 352 MWh),064396,IFED,064 
PJM AEP DAYTON RT OFF-PK FIXED - ICE FUTURES ENERGY DIV,261006,2026-10-06,06439A,IFED,01,064 ,   62447,   27613,   12642,    3720,   30742,   45227,   62075,   61589,     372,     858,   62447,   27613,   12642,    3720,   30742,   45227,   62075,   61589,     372,     858,       0,       0,       0,       0,       0,       0,       0,       0,       0,       0,    1585,    1061,    1179,    -328,     751,     605,    1484,    1456,     101,     129,  100.0,   44.2,   20.2,    6.0,   49.2,   72.4,   99.4,   98.6,    0.6,    1.4,  100.0,   44.2,   20.2,    6.0,   49.2,   72.4,   99.4,   98.6,    0.6,    1.4,    0.0,    0.0,    0.0,    0.0,    0.0,    0.0,    0.0,    0.0,    0.0,    0.0,     49,      8,      8,     11,     32,     30,     45,     44,     49,      8,      8,     11,     32,     30,     45,     44,      0,      0,      0,      0,      0,      0,      0,      0,    55.2,    33.7,    65.9,    53.6,    50.3,    26.8,    54.8,    40.6,    55.2,    33.7,    65.9,    53.6,    50.3,    26.8,    54.8,    40.6,     0.0,     0.0,     0.0,     0.0,     0.0,     0.0,     0.0,     0.0,(Contracts of about 352 MWh),06439A,IFED,064 
PJM AEP DAYTON RT PEAK FIXED - ICE FUTURES ENERGY DIV,261006,2026-10-06,06439B,IFED,01,064 ,   77391,   29639,   10935,    5756,   40654,   60097,   76049,   76788,    1342,     603,   77391,   29639,   10935,    5756,   40654,   60097,   76049,   76788,    1342,     603,       0,       0,       0,       0,       0,       0,       0,       0,       0,       0,    -634,    1472,    -838,     294,   -2793,      70,   -1027,    -474,     393,    -160,  100.0,   38.3,   14.1,    7.4,   52.5,   77.7,   98.3,   99.2,    1.7,    0.8,  100.0,   38.3,   14.1,    7.4,   52.5,   77.7,   98.3,   99.2,    1.7,    0.8,    0.0,    0.0,    0.0,    0.0,    0.0,    0.0,    0.0,    0.0,    0.0,    0.0,     59,     13,     11,     12,     34,     33,     54,     49,     59,     13,     11,     12,     34,     33,     54,     49,      0,      0,      0,      0,      0,      0,      0,      0,    42.6,    41.5,    57.7,    57.2,    37.8,    36.3,    48.5,    47.6,    42.6,    41.5,    57.7,    57.2,    37.8,    36.3,    48.5,    47.6,     0.0,     0.0,     0.0,     0.0,     0.0,     0.0,     0.0,     0.0,(Contracts of 800 MWh),06439B,IFED,064 
PJM AEP DAYTON HUB DA OFF-PK - ICE FUTURES ENERGY DIV,261006,2026-10-06,06439C,IFED,01,064 ,   52229,   18758,   12409,    3229,   29047,   36053,   51034,   51691,    1195,     538,   52229,   18758,   12409,    3229,   29047,   36053,   51034,   51691,    1195,     538,       0,       0,       0,       0,       0,       0,       0,       0,       0,       0,   -2341,    -662,    -369,    -246,   -1424,   -1758,   -2332,   -2373,      -9,      32,  100.0,   35.9,   23.8,    6.2,   55.6,   69.0,   97.7,   99.0,    2.3,    1.0,  100.0,   35.9,   23.8,    6.2,   55.6,   69.0,   97.7,   99.0,    2.3,    1.0,    0.0,    0.0,    0.0,    0.0,    0.0,    0.0,    0.0,    0.0,    0.0,    0.0,     55,      8,      9,      6,     30,     32,     41,     44,     55,      8,      9,      6,     30,     32,     41,     44,      0,      0,      0,      0,      0,      0,      0,      0,    47.4,    67.4,    63.7,    79.1,    46.7,    62.3,    59.8,    71.6,    47.4,    67.4,    63.7,    79.1,    46.7,    62.3,    59.8,    71.6,     0.0,     0.0,     0.0,     0.0,     0.0,     0.0,     0.0,     0.0,(Contracts of about 352 MWh),06439C,IFED,064 
AEP DAYTON HUB DA PEAK DAILY - ICE FUTURES ENERGY DIV,261006,2026-10-06,06439E,IFED,01,064 ,   11350,    2300,     350,     150,    8900,   10800,   11350,   11300,       0,      50,   11350,    2300,     350,     150,    8900,   10800,   11350,   11300,       0,      50,       0,       0,       0,       0,       0,       0,       0,       0,       0,       0,    4650,    1750,     200,       0,    2950,    4500,    4700,    4700,     -50,     -50,  100.0,   20.3,    3.1,    1.3,   78.4,   95.2,  100.0,   99.6,    0.0,    0.4,  100.0,   20.3,    3.1,    1.3,   78.4,   95.2,  100.0,   99.6,    0.0,    0.4,    0.0,    0.0,    0.0,    0.0,    0.0,    0.0,    0.0,    0.0,    0.0,    0.0,     24,      3,      2,      2,      8,     12,     12,     16,     24,      3,      2,      2,      8,     12,     12,     16,      0,      0,      0,      0,      0,      0,      0,      0,    88.1,    68.7,    96.0,    90.3,    87.7,    66.5,    93.8,    88.1,    88.1,    68.7,    96.0,    90.3,    87.7,    66.5,    93.8,    88.1,     0.0,     0.0,     0.0,     0.0,     0.0,     0.0,     0.0,     0.0,(Contracts of about 16 MWh),06439E,IFED,064 
PJM AEP DAYTON DA PEAK - ICE FUTURES ENERGY DIV,261006,2026-10-06,06439F,IFED,01,064 ,   60051,   18234,   12379,    3487,   37005,   43697,   58726,   59563,    1325,     488,   60051,   18234,   12379,    3487,   37005,   43697,   58726,   59563,    1325,     488,       0,       0,       0,       0,       0,       0,       0,       0,       0,       0,   -3162,    -764,    -378,    -589,   -1727,   -2195,   -3080,   -3162,     -82,       0,  100.0,   30.4,   20.6,    5.8,   61.6,   72.8,   97.8,   99.2,    2.2,    0.8,  100.0,   30.4,   20.6,    5.8,   61.6,   72.8,   97.8,   99.2,    2.2,    0.8,    0.0,    0.0,    0.0,    0.0,    0.0,    0.0,    0.0,    0.0,    0.0,    0.0,     62,      8,     11,      8,     35,     35,     46,     51,     62,      8,     11,      8,     35,     35,     46,     51,      0,      0,      0,      0,      0,      0,      0,      0,    42.4,    63.2,    56.9,    79.2,    41.5,    60.0,    54.2,    71.0,    42.4,    63.2,    56.9,    79.2,    41.5,    60.0,    54.2,    71.0,     0.0,     0.0,     0.0,     0.0,     0.0,     0.0,     0.0,     0.0,(Contracts of about 352 MWh),06439F,IFED,064 
MISO INDIANA  OFF-PEAK - ICE FUTURES ENERGY DIV,261006,2026-10-06,06439K,IFED,01,064 ,   41374,      50,    9770,     295,   40549,   31174,   40894,   41239,     480,     135,   41374,      50,    9770,     295,   40549,   31174,   40894,   41239,     480,     135,       0,       0,       0,       0,       0,       0,       0,       0,       0,       0,       5,      50,       0,       0,       5,       5,      55,       5,     -50,       0,  100.0,    0.1,   23.6,    0.7,   98.0,   75.3,   98.8,   99.7,    1.2,    0.3,  100.0,    0.1,   23.6,    0.7,   98.0,   75.3,   98.8,   99.7,    1.2,    0.3,    0.0,    0.0,    0.0,    0.0,    0.0,    0.0,    0.0,    0.0,    0.0,    0.0,     31,      1,      4,      3,     23,     18,     27,     23,     31,      1,      4,      3,     23,     18,     27,     23,      0,      0,      0,      0,      0,      0,      0,      0,    81.3,    56.3,    91.0,    80.8,    70.5,    49.7,    74.0,    69.1,    81.3,    56.3,    91.0,    80.8,    70.5,    49.7,    74.0,    69.1,     0.0,     0.0,     0.0,     0.0,     0.0,     0.0,     0.0,     0.0,(Contracts of about 352 MWh),06439K,IFED,064 
MISO IN. REAL-TIME OFF-PEAK - ICE FUTURES ENERGY DIV,261006,2026-10-06,06439L,IFED,01,064 ,   32088,    3974,    6097,    1090,   26720,   24376,   31784,   31563,     304,     525,   32088,    3974,    6097,    1090,   26720,   24376,   31784,   31563,     304,     525,       0,       0,       0,       0,       0,       0,       0,       0,       0,       0,     180,       0,       0,       0,     180,     180,     180,     180,       0,       0,  100.0,   12.4,   19.0,    3.4,   83.3,   76.0,   99.1,   98.4,    0.9,    1.6,  100.0,   12.4,   19.0,    3.4,   83.3,   76.0,   99.1,   98.4,    0.9,    1.6,    0.0,    0.0,    0.0,    0.0,    0.0,    0.0,    0.0,    0.0,    0.0,    0.0,     31,      2,      4,      1,     21,     22,     24,     26,     31,      2,      4,      1,     21,     22,     24,     26,      0,      0,      0,      0,      0,      0,      0,      0,    55.8,    48.2,    75.6,    76.8,    40.8,    39.9,    55.5,    58.0,    55.8,    48.2,    75.6,    76.8,    40.8,    39.9,    55.5,    58.0,     0.0,     0.0,     0.0,     0.0,     0.0,     0.0,     0.0,     0.0,(Contracts of about 352 MWh),06439L,IFED,064 
ERCOT HOUSTON 345KV RT PK FIX - ICE FUTURES ENERGY DIV,261006,2026-10-06,06439N,IFED,01,064 ,   41548,   10876,     370,    1180,   28900,   39998,   40956,   41548,     592,       0,   41548,   10876,     370,    1180,   28900,   39998,   40956,   41548,     592,       0,       0,       0,       0,       0,       0,       0,       0,       0,       0,       0,      -5,    -180,       0,       0,     115,      -5,     -65,      -5,      60,       0,  100.0,   26.2,    0.9,    2.8,   69.6,   96.3,   98.6,  100.0,    1.4,    0.0,  100.0,   26.2,    0.9,    2.8,   69.6,   96.3,   98.6,  100.0,    1.4,    0.0,    0.0,    0.0,    0.0,    0.0,    0.0,    0.0,    0.0,    0.0,    0.0,    0.0,     34,      5,      2,      5,     21,     19,     27,     25,     34,      5,      2,      5,     21,     19,     27,     25,      0,      0,      0,      0,      0,      0,      0,      0,    39.2,    69.8,    59.7,    84.3,    38.0,    69.8,    55.4,    75.9,    39.2,    69.8,    59.7,    84.3,    38.0,    69.8,    55.4,    75.9,     0.0,     0.0,     0.0,     0.0,     0.0,     0.0,     0.0,     0.0,(Contracts of about 352 MWh),06439N,IFED,064 
ERCOT Houston 345KV RT OFF FIX - ICE FUTURES ENERGY DIV,261006,2026-10-06,06439Q,IFED,01,064 ,   39763,   11366,      50,    1060,   26805,   38653,   39231,   39763,     532,       0,   39763,   11366,      50,    1060,   26805,   38653,   39231,   39763,     532,       0,       0,       0,       0,       0,       0,       0,       0,       0,       0,       0,    -720,    -180,       0,       0,    -600,    -720,    -780,    -720,      60,       0,  100.0,   28.6,    0.1,    2.7,   67.4,   97.2,   98.7,  100.0,    1.3,    0.0,  100.0,   28.6,    0.1,    2.7,   67.4,   97.2,   98.7,  100.0,    1.3,    0.0,    0.0,    0.0,    0.0,    0.0,    0.0,    0.0,    0.0,    0.0,    0.0,    0.0,     33,      6,      1,      4,     19,     18,     25,     23,     33,      6,      1,      4,     19,     18,     25,     23,      0,      0,      0,      0,      0,      0,      0,      0,    40.8,    71.4,    60.2,    85.2,    39.6,    71.1,    55.0,    77.7,    40.8,    71.4,    60.2,    85.2,    39.6,    71.1,    55.0,    77.7,     0.0,     0.0,     0.0,     0.0,     0.0,     0.0,     0.0,     0.0,(Contracts of about 352 MWh),06439Q,IFED,064 
ERCOT NORTH 345KV RT PK FIX - ICE FUTURES ENERGY DIV,261006,2026-10-06,06439R,IFED,01,064 ,  265887,   91890,   21287,   28547,  144531,  215710,  264968,  265544,     919,     343,  265887,   91890,   21287,   28547,  144531,  215710,  264968,  265544,     919,     343,       0,       0,       0,       0,       0,       0,       0,       0,       0,       0,   -1969,    -817,   -1062,     292,   -1034,    -962,   -1559,   -1732,    -410,    -237,  100.0,   34.6,    8.0,   10.7,   54.4,   81.1,   99.7,   99.9,    0.3,    0.1,  100.0,   34.6,    8.0,   10.7,   54.4,   81.1,   99.7,   99.9,    0.3,    0.1,    0.0,    0.0,    0.0,    0.0,    0.0,    0.0,    0.0,    0.0,    0.0,    0.0,    116,     27,     28,     32,     52,     50,     94,     97,    116,     27,     28,     32,     52,     50,     94,     97,      0,      0,      0,      0,      0,      0,      0,      0,    33.5,    38.5,    53.2,    54.4,    25.0,    33.2,    39.2,    42.0,    33.5,    38.5,    53.2,    54.4,    25.0,    33.2,    39.2,    42.0,     0.0,     0.0,     0.0,     0.0,     0.0,     0.0,     0.0,     0.0,(1 Mw per Peak Hour),06439R,IFED,064 
ERCOT SOUTH 345 KV RT PEAK FIX - ICE FUTURES ENERGY DIV,261006,2026-10-06,06439S,IFED,01,064 ,   28569,     490,    3310,     350,   27473,   24505,   28313,   28165,     256,     404,   28569,     490,    3310,     350,   27473,   24505,   28313,   28165,     256,     404,       0,       0,       0,       0,       0,       0,       0,       0,       0,       0,      25,      40,       0,       0,       0,      25,      40,      25,     -15,       0,  100.0,    1.7,   11.6,    1.2,   96.2,   85.8,   99.1,   98.6,    0.9,    1.4,  100.0,    1.7,   11.6,    1.2,   96.2,   85.8,   99.1,   98.6,    0.9,    1.4,    0.0,    0.0,    0.0,    0.0,    0.0,    0.0,    0.0,    0.0,    0.0,    0.0,     27,      2,      2,      1,     17,     13,     20,     15,     27,      2,      2,      1,     17,     13,     20,     15,      0,      0,      0,      0,      0,      0,      0,      0,    52.1,    52.4,    76.9,    87.8,    52.1,    52.4,    74.0,    85.4,    52.1,    52.4,    76.9,    87.8,    52.1,    52.4,    74.0,    85.4,     0.0,     0.0,     0.0,     0.0,     0.0,     0.0,     0.0,     0.0,(1 Mw per Peak Hour),06439S,IFED,064 
ERCOT-SOUTH MONTHLY OFFPEAK - ICE FUTURES ENERGY DIV,261006,2026-10-06,06439U,IFED,01,064 ,   27879,     490,    3310,     350,   26783,   23815,   27623,   27475,     256,     404,   27879,     490,    3310,     350,   26783,   23815,   27623,   27475,     256,     404,       0,       0,       0,       0,       0,       0,       0,       0,       0,       0,      25,      40,       0,       0,       0,      25,      40,      25,     -15,       0,  100.0,    1.8,   11.9,    1.3,   96.1,   85.4,   99.1,   98.6,    0.9,    1.4,  100.0,    1.8,   11.9,    1.3,   96.1,   85.4,   99.1,   98.6,    0.9,    1.4,    0.0,    0.0,    0.0,    0.0,    0.0,    0.0,    0.0,    0.0,    0.0,    0.0,     27,      2,      2,      1,     17,     14,     20,     16,     27,      2,      2,      1,     17,     14,     20,     16,      0,      0,      0,      0,      0,      0,      0,      0,    53.4,    53.7,    75.5,    87.5,    53.4,    53.7,    71.5,    84.2,    53.4,    53.7,    75.5,    87.5,    53.4,    53.7,    71.5,    84.2,     0.0,     0.0,     0.0,     0.0,     0.0,     0.0,     0.0,     0.0,(1 MW per off-peak hour),06439U,IFED,064 
ERCOT WEST 345KV RT PEAK - ICE FUTURES ENERGY DIV,261006,2026-10-06,06439V,IFED,01,064 ,   34070,     600,    4047,    1221,   32075,   28304,   33896,   33572,     174,     498,   34070,     600,    4047,    1221,   32075,   28304,   33896,   33572,     174,     498,       0,       0,       0,       0,       0,       0,       0,       0,       0,       0,     660,       0,     157,     300,     360,     143,     660,     600,       0,      60,  100.0,    1.8,   11.9,    3.6,   94.1,   83.1,   99.5,   98.5,    0.5,    1.5,  100.0,    1.8,   11.9,    3.6,   94.1,   83.1,   99.5,   98.5,    0.5,    1.5,    0.0,    0.0,    0.0,    0.0,    0.0,    0.0,    0.0,    0.0,    0.0,    0.0,     28,      1,      5,      3,     20,     15,     24,     20,     28,      1,      5,      3,     20,     15,     24,     20,      0,      0,      0,      0,      0,      0,      0,      0,    57.4,    60.6,    74.0,    84.6,    56.5,    55.0,    68.2,    75.7,    57.4,    60.6,    74.0,    84.6,    56.5,    55.0,    68.2,    75.7,     0.0,     0.0,     0.0,     0.0,     0.0,     0.0,     0.0,     0.0,(1 MW per peak hour),06439V,IFED,064 
ERCOT WEST 345K RT OFF-PEAK - ICE FUTURES ENERGY DIV,261006,2026-10-06,06439W,IFED,01,064 ,   33844,     600,    3822,    1221,   31849,   28333,   33670,   33376,     174,     468,   33844,     600,    3822,    1221,   31849,   28333,   33670,   33376,     174,     468,       0,       0,       0,       0,       0,       0,       0,       0,       0,       0,     660,       0,      82,     300,     360,     218,     660,     600,       0,      60,  100.0,    1.8,   11.3,    3.6,   94.1,   83.7,   99.5,   98.6,    0.5,    1.4,  100.0,    1.8,   11.3,    3.6,   94.1,   83.7,   99.5,   98.6,    0.5,    1.4,    0.0,    0.0,    0.0,    0.0,    0.0,    0.0,    0.0,    0.0,    0.0,    0.0,     27,      1,      4,      3,     20,     15,     24,     19,     27,      1,      4,      3,     20,     15,     24,     19,      0,      0,      0,      0,      0,      0,      0,      0,    57.2,    61.0,    73.8,    85.2,    56.1,    55.4,    67.9,    76.3,    57.2,    61.0,    73.8,    85.2,    56.1,    55.4,    67.9,    76.3,     0.0,     0.0,     0.0,     0.0,     0.0,     0.0,     0.0,     0.0,(1 MW per Off-Peak Hour),06439W,IFED,064 
ERCOT NORTH 345KV DA PK DLY FI - ICE FUTURES ENERGY DIV,261006,2026-10-06,0643A5,IFED,01,064 ,   15164,    3000,    8200,     600,   11564,    6314,   15164,   15114,       0,      50,   15164,    3000,    8200,     600,   11564,    6314,   15164,   15114,       0,      50,       0,       0,       0,       0,       0,       0,       0,       0,       0,       0,    5714,    1650,    1650,       0,    4114,    4014,    5764,    5664,     -50,      50,  100.0,   19.8,   54.1,    4.0,   76.3,   41.6,  100.0,   99.7,    0.0,    0.3,  100.0,   19.8,   54.1,    4.0,   76.3,   41.6,  100.0,   99.7,    0.0,    0.3,    0.0,    0.0,    0.0,    0.0,    0.0,    0.0,    0.0,    0.0,    0.0,    0.0,     25,      3,      5,      3,      8,     12,     14,     18,     25,      3,      5,      3,      8,     12,     14,     18,      0,      0,      0,      0,      0,      0,      0,      0,    82.5,    66.7,    95.7,    89.1,    65.0,    54.1,    71.9,    66.9,    82.5,    66.7,    95.7,    89.1,    65.0,    54.1,    71.9,    66.9,     0.0,     0.0,     0.0,     0.0,     0.0,     0.0,     0.0,     0.0,Megawatt Hours (MWh),0643A5,IFED,064 
ERCOT NORTH 345K RT OFFPK DLY - ICE FUTURES ENERGY DIV,261006,2026-10-06,0643A7,IFED,01,064 ,    6992,    4752,    2304,     200,    1600,    3600,    6552,    6104,     440,     888,    6992,    4752,    2304,     200,    1600,    3600,    6552,    6104,     440,     888,       0,       0,       0,       0,       0,       0,       0,       0,       0,       0,     264,     632,     176,     168,    -176,      24,     624,     368,    -360,    -104,  100.0,   68.0,   33.0,    2.9,   22.9,   51.5,   93.7,   87.3,    6.3,   12.7,  100.0,   68.0,   33.0,    2.9,   22.9,   51.5,   93.7,   87.3,    6.3,   12.7,    0.0,    0.0,    0.0,    0.0,    0.0,    0.0,    0.0,    0.0,    0.0,    0.0,     26,      6,      4,      6,     10,     13,     18,     21,     26,      6,      4,      6,     10,     13,     18,     21,      0,      0,      0,      0,      0,      0,      0,      0,    70.7,    48.9,    83.1,    68.3,    68.4,    47.1,    77.2,    66.4,    70.7,    48.9,    83.1,    68.3,    68.4,    47.1,    77.2,    66.4,     0.0,     0.0,     0.0,     0.0,     0.0,     0.0,     0.0,     0.0,50MWh,0643A7,IFED,064 
ERCOT - NORTH MONTHLY OFF-PEAK - ICE FUTURES ENERGY DIV,261006,2026-10-06,0643A8,IFED,01,064 ,  118595,    4015,   13488,    5921,  107795,   98483,  117731,  117892,     864,     703,  118595,    4015,   13488,    5921,  107795,   98483,  117731,  117892,     864,     703,       0,       0,       0,       0,       0,       0,       0,       0,       0,       0,     -38,       0,    -262,      10,    -108,     214,     -98,     -38,      60,       0,  100.0,    3.4,   11.4,    5.0,   90.9,   83.0,   99.3,   99.4,    0.7,    0.6,  100.0,    3.4,   11.4,    5.0,   90.9,   83.0,   99.3,   99.4,    0.7,    0.6,    0.0,    0.0,    0.0,    0.0,    0.0,    0.0,    0.0,    0.0,    0.0,    0.0,     48,      4,     11,      6,     29,     28,     37,     41,     48,      4,     11,      6,     29,     28,     37,     41,      0,      0,      0,      0,      0,      0,      0,      0,    41.9,    44.5,    68.2,    63.1,    37.8,    41.0,    60.1,    55.2,    41.9,    44.5,    68.2,    63.1,    37.8,    41.0,    60.1,    55.2,     0.0,     0.0,     0.0,     0.0,     0.0,     0.0,     0.0,     0.0,1 Mw per Off-Peak Hour,0643A8,IFED,064 
MISO IN. DAY-AHEAD PEAK - ICE FUTURES ENERGY DIV,261006,2026-10-06,0643AZ,IFED,01,064 ,   24490,     700,    3692,     490,   22810,   20133,   24000,   24315,     490,     175,   24490,     700,    3692,     490,   22810,   20133,   24000,   24315,     490,     175,       0,       0,       0,       0,       0,       0,       0,       0,       0,       0,     -36,       0,       0,       0,     -41,     -36,     -41,     -36,       5,       0,  100.0,    2.9,   15.1,    2.0,   93.1,   82.2,   98.0,   99.3,    2.0,    0.7,  100.0,    2.9,   15.1,    2.0,   93.1,   82.2,   98.0,   99.3,    2.0,    0.7,    0.0,    0.0,    0.0,    0.0,    0.0,    0.0,    0.0,    0.0,    0.0,    0.0,     39,      2,      6,      3,     30,     18,     35,     24,     39,      2,      6,      3,     30,     18,     35,     24,      0,      0,      0,      0,      0,      0,      0,      0,    57.9,    71.4,    74.6,    90.3,    48.8,    61.2,    63.6,    73.4,    57.9,    71.4,    74.6,    90.3,    48.8,    61.2,    63.6,    73.4,     0.0,     0.0,     0.0,     0.0,     0.0,     0.0,     0.0,     0.0,(1 MW per peak hour),0643AZ,IFED,064 
MISO INDIANA HUB RT PEAK - ICE FUTURES ENERGY DIV,261006,2026-10-06,0643B3,IFED,01,064 ,   40484,    4087,    9275,    3053,   32699,   27432,   39839,   39760,     645,     724,   40484,    4087,    9275,    3053,   32699,   27432,   39839,   39760,     645,     724,       0,       0,       0,       0,       0,       0,       0,       0,       0,       0,      42,      30,     371,    -125,     123,    -229,      28,      17,      14,      25,  100.0,   10.1,   22.9,    7.5,   80.8,   67.8,   98.4,   98.2,    1.6,    1.8,  100.0,   10.1,   22.9,    7.5,   80.8,   67.8,   98.4,   98.2,    1.6,    1.8,    0.0,    0.0,    0.0,    0.0,    0.0,    0.0,    0.0,    0.0,    0.0,    0.0,     37,      5,      6,      3,     21,     23,     29,     29,     37,      5,      6,      3,     21,     23,     29,     29,      0,      0,      0,      0,      0,      0,      0,      0,    54.0,    52.9,    77.1,    73.8,    46.0,    42.1,    60.3,    59.0,    54.0,    52.9,    77.1,    73.8,    46.0,    42.1,    60.3,    59.0,     0.0,     0.0,     0.0,     0.0,     0.0,     0.0,     0.0,     0.0,(Contracts of 800 MWh),0643B3,IFED,064 
PJM N. IL HUB DA OFF-PK - ICE FUTURES ENERGY DIV,261006,2026-10-06,0643BC,IFED,01,064 ,   22398,    2520,     819,     775,   18750,   20363,   22045,   21957,     353,     441,   22398,    2520,     819,     775,   18750,   20363,   22045,   21957,     353,     441,       0,       0,       0,       0,       0,       0,       0,       0,       0,       0,   -1546,    -370,      98,      32,   -1152,   -1638,   -1490,   -1508,     -56,     -38,  100.0,   11.3,    3.7,    3.5,   83.7,   90.9,   98.4,   98.0,    1.6,    2.0,  100.0,   11.3,    3.7,    3.5,   83.7,   90.9,   98.4,   98.0,    1.6,    2.0,    0.0,    0.0,    0.0,    0.0,    0.0,    0.0,    0.0,    0.0,    0.0,    0.0,     35,      2,      3,      2,     22,     19,     26,     23,     35,      2,      3,      2,     22,     19,     26,     23,      0,      0,      0,      0,      0,      0,      0,      0,    48.7,    70.9,    70.5,    84.6,    48.1,    70.0,    67.1,    79.7,    48.7,    70.9,    70.5,    84.6,    48.1,    70.0,    67.1,    79.7,     0.0,     0.0,     0.0,     0.0,     0.0,     0.0,     0.0,     0.0,(1 MW per off-peak hour),0643BC,IFED,064 
PJM N. IL HUB DA PEAK - ICE FUTURES ENERGY DIV,261006,2026-10-06,0643BE,IFED,01,064 ,   21596,    2637,     290,     483,   18052,   20326,   21172,   21099,     424,     497,   21596,    2637,     290,     483,   18052,   20326,   21172,   21099,     424,     497,       0,       0,       0,       0,       0,       0,       0,       0,       0,       0,   -1502,    -195,      -6,     -77,   -1251,   -1433,   -1523,   -1516,      21,      14,  100.0,   12.2,    1.3,    2.2,   83.6,   94.1,   98.0,   97.7,    2.0,    2.3,  100.0,   12.2,    1.3,    2.2,   83.6,   94.1,   98.0,   97.7,    2.0,    2.3,    0.0,    0.0,    0.0,    0.0,    0.0,    0.0,    0.0,    0.0,    0.0,    0.0,     35,      3,      4,      4,     23,     21,     28,     27,     35,      3,      4,      4,     23,     21,     28,     27,      0,      0,      0,      0,      0,      0,      0,      0,    46.8,    71.2,    65.5,    84.1,    46.3,    70.9,    64.2,    79.7,    46.8,    71.2,    65.5,    84.1,    46.3,    70.9,    64.2,    79.7,     0.0,     0.0,     0.0,     0.0,     0.0,     0.0,     0.0,     0.0,(1 MW per peak hour),0643BE,IFED,064 
ISO NE MASS HUB DA OFF-PK FIXD - ICE FUTURES ENERGY DIV,261006,2026-10-06,0643BF,IFED,01,064 ,   60256,    8378,    7207,     647,   50863,   52212,   59888,   60066,     368,     190,   60256,    8378,    7207,     647,   50863,   52212,   59888,   60066,     368,     190,       0,       0,       0,       0,       0,       0,       0,       0,       0,       0,   -3061,     463,    -199,    -427,   -3046,   -2418,   -3010,   -3044,     -51,     -17,  100.0,   13.9,   12.0,    1.1,   84.4,   86.7,   99.4,   99.7,    0.6,    0.3,  100.0,   13.9,   12.0,    1.1,   84.4,   86.7,   99.4,   99.7,    0.6,    0.3,    0.0,    0.0,    0.0,    0.0,    0.0,    0.0,    0.0,    0.0,    0.0,    0.0,     48,      6,     10,      8,     26,     23,     37,     36,     48,      6,     10,      8,     26,     23,     37,     36,      0,      0,      0,      0,      0,      0,      0,      0,    48.0,    66.3,    69.9,    80.9,    47.6,    65.9,    68.9,    77.7,    48.0,    66.3,    69.9,    80.9,    47.6,    65.9,    68.9,    77.7,     0.0,     0.0,     0.0,     0.0,     0.0,     0.0,     0.0,     0.0,(1 MW per Hour for about 368 Hours),0643BF,IFED,064 
ISO NE MASS HUB DA PEAK - ICE FUTURES ENERGY DIV,261006,2026-10-06,0643BG,IFED,01,064 ,   78224,    8554,   11755,    4213,   65025,   61914,   77792,   77882,     432,     342,   78224,    8554,   11755,    4213,   65025,   61914,   77792,   77882,     432,     342,       0,       0,       0,       0,       0,       0,       0,       0,       0,       0,   -6123,    1456,   -1923,   -1233,   -6280,   -2970,   -6057,   -6126,     -66,       3,  100.0,   10.9,   15.0,    5.4,   83.1,   79.1,   99.4,   99.6,    0.6,    0.4,  100.0,   10.9,   15.0,    5.4,   83.1,   79.1,   99.4,   99.6,    0.6,    0.4,    0.0,    0.0,    0.0,    0.0,    0.0,    0.0,    0.0,    0.0,    0.0,    0.0,     65,      8,     21,     16,     28,     27,     46,     54,     65,      8,     21,     16,     28,     27,     46,     54,      0,      0,      0,      0,      0,      0,      0,      0,    47.8,    62.2,    67.3,    73.5,    46.5,    61.1,    64.1,    71.4,    47.8,    62.2,    67.3,    73.5,    46.5,    61.1,    64.1,    71.4,     0.0,     0.0,     0.0,     0.0,     0.0,     0.0,     0.0,     0.0,(Contracts of 800MWh),0643BG,IFED,064 
CAISO NP-15 PEAK - ICE FUTURES ENERGY DIV,261006,2026-10-06,0643BM,IFED,01,064 ,   42642,    3222,    9574,    3394,   35743,   29556,   42359,   42524,     283,     118,   42642,    3222,    9574,    3394,   35743,   29556,   42359,   42524,     283,     118,       0,       0,       0,       0,       0,       0,       0,       0,       0,       0,   -2579,     658,     383,    -830,   -2366,   -2101,   -2538,   -2548,     -41,     -31,  100.0,    7.6,   22.5,    8.0,   83.8,   69.3,   99.3,   99.7,    0.7,    0.3,  100.0,    7.6,   22.5,    8.0,   83.8,   69.3,   99.3,   99.7,    0.7,    0.3,    0.0,    0.0,    0.0,    0.0,    0.0,    0.0,    0.0,    0.0,    0.0,    0.0,     44,      7,      5,      6,     26,     21,     36,     29,     44,      7,      5,      6,     26,     21,     36,     29,      0,      0,      0,      0,      0,      0,      0,      0,    50.5,    70.2,    73.5,    87.0,    49.3,    68.7,    67.2,    78.0,    50.5,    70.2,    73.5,    87.0,    49.3,    68.7,    67.2,    78.0,     0.0,     0.0,     0.0,     0.0,     0.0,     0.0,     0.0,     0.0,(Contracts of 400MWh),0643BM,IFED,064 
CAISO NP-15 DA OFF-PK FIXED - ICE FUTURES ENERGY DIV,261006,2026-10-06,0643BR,IFED,01,064 ,   42807,    7379,   12156,    1081,   33985,   29509,   42445,   42746,     362,      61,   42807,    7379,   12156,    1081,   33985,   29509,   42445,   42746,     362,      61,       0,       0,       0,       0,       0,       0,       0,       0,       0,       0,   -4239,    -548,   -1766,    -417,   -3358,   -2052,   -4323,   -4235,      84,      -4,  100.0,   17.2,   28.4,    2.5,   79.4,   68.9,   99.2,   99.9,    0.8,    0.1,  100.0,   17.2,   28.4,    2.5,   79.4,   68.9,   99.2,   99.9,    0.8,    0.1,    0.0,    0.0,    0.0,    0.0,    0.0,    0.0,    0.0,    0.0,    0.0,    0.0,     32,      5,      3,      5,     20,     14,     27,     20,     32,      5,      3,      5,     20,     14,     27,     20,      0,      0,      0,      0,      0,      0,      0,      0,    55.6,    82.1,    76.7,    93.4,    55.1,    81.3,    72.8,    90.0,    55.6,    82.1,    76.7,    93.4,    55.1,    81.3,    72.8,    90.0,     0.0,     0.0,     0.0,     0.0,     0.0,     0.0,     0.0,     0.0,(1 MW per Hour for about 386 Hours),0643BR,IFED,064 
PJM NI HUB RT OFF-PK FIXED - ICE FUTURES ENERGY DIV,261006,2026-10-06,0643BS,IFED,01,064 ,   78482,   47421,      33,    4335,   26261,   73457,   78017,   77825,     465,     657,   78482,   47421,      33,    4335,   26261,   73457,   78017,   77825,     465,     657,       0,       0,       0,       0,       0,       0,       0,       0,       0,       0,   -5418,   -6863,       0,     107,    1339,   -5486,   -5417,   -5379,      -1,     -39,  100.0,   60.4,    0.0,    5.5,   33.5,   93.6,   99.4,   99.2,    0.6,    0.8,  100.0,   60.4,    0.0,    5.5,   33.5,   93.6,   99.4,   99.2,    0.6,    0.8,    0.0,    0.0,    0.0,    0.0,    0.0,    0.0,    0.0,    0.0,    0.0,    0.0,     35,      5,      1,      3,     26,     22,     32,     25,     35,      5,      1,      3,     26,     22,     32,     25,      0,      0,      0,      0,      0,      0,      0,      0,    71.7,    73.1,    86.5,    83.9,    66.5,    72.3,    78.2,    79.2,    71.7,    73.1,    86.5,    83.9,    66.5,    72.3,    78.2,    79.2,     0.0,     0.0,     0.0,     0.0,     0.0,     0.0,     0.0,     0.0,(1 MW per Hour for about 386 Hours),0643BS,IFED,064 
PJM N. IL HUB RT PEAK - ICE FUTURES ENERGY DIV,261006,2026-10-06,0643BT,IFED,01,064 ,   71931,   29082,       0,    1024,   41234,   70726,   71340,   71750,     591,     181,   71931,   29082,       0,    1024,   41234,   70726,   71340,   71750,     591,     181,       0,       0,       0,       0,       0,       0,       0,       0,       0,       0,    1952,    2312,       0,      -8,    -353,    1993,    1951,    1985,       1,     -33,  100.0,   40.4,    0.0,    1.4,   57.3,   98.3,   99.2,   99.7,    0.8,    0.3,  100.0,   40.4,    0.0,    1.4,   57.3,   98.3,   99.2,   99.7,    0.8,    0.3,    0.0,    0.0,    0.0,    0.0,    0.0,    0.0,    0.0,    0.0,    0.0,    0.0,     37,      8,      0,      4,     27,     24,     35,     28,     37,      8,      0,      4,     27,     24,     35,     28,      0,      0,      0,      0,      0,      0,      0,      0,    65.5,    73.5,    80.5,    86.8,    60.2,    70.1,    73.6,    77.2,    65.5,    73.5,    80.5,    86.8,    60.2,    70.1,    73.6,    77.2,     0.0,     0.0,     0.0,     0.0,     0.0,     0.0,     0.0,     0.0,(Contracts of 800 MWh),0643BT,IFED,064 
NYISO ZONE J DA PEAK - ICE FUTURES ENERGY DIV,261006,2026-10-06,0643BW,IFED,01,064 ,   10768,    3064,    2611,      40,    7268,    8014,   10372,   10665,     396,     103,   10768,    3064,    2611,      40,    7268,    8014,   10372,   10665,     396,     103,       0,       0,       0,       0,       0,       0,       0,       0,       0,       0,    -488,     -78,     -10,     -20,    -392,    -437,    -490,    -467,       2,     -21,  100.0,   28.5,   24.2,    0.4,   67.5,   74.4,   96.3,   99.0,    3.7,    1.0,  100.0,   28.5,   24.2,    0.4,   67.5,   74.4,   96.3,   99.0,    3.7,    1.0,    0.0,    0.0,    0.0,    0.0,    0.0,    0.0,    0.0,    0.0,    0.0,    0.0,     24,      4,      2,      1,     14,     12,     19,     14,     24,      4,      2,      1,     14,     12,     19,     14,      0,      0,      0,      0,      0,      0,      0,      0,    52.1,    67.7,    72.4,    89.0,    50.1,    64.9,    69.5,    83.5,    52.1,    67.7,    72.4,    89.0,    50.1,    64.9,    69.5,    83.5,     0.0,     0.0,     0.0,     0.0,     0.0,     0.0,     0.0,     0.0,(Contracts of 800MWh),0643BW,IFED,064 
NYISO ZONE J DA OFF-PK FIXED - ICE FUTURES ENERGY DIV,261006,2026-10-06,0643BX,IFED,01,064 ,    9185,    2884,    2245,       0,    5743,    6840,    8627,    9085,     558,     100,    9185,    2884,    2245,       0,    5743,    6840,    8627,    9085,     558,     100,       0,       0,       0,       0,       0,       0,       0,       0,       0,       0,    -451,     -76,       0,     -25,    -366,    -406,    -467,    -431,      16,     -20,  100.0,   31.4,   24.4,    0.0,   62.5,   74.5,   93.9,   98.9,    6.1,    1.1,  100.0,   31.4,   24.4,    0.0,   62.5,   74.5,   93.9,   98.9,    6.1,    1.1,    0.0,    0.0,    0.0,    0.0,    0.0,    0.0,    0.0,    0.0,    0.0,    0.0,     22,      4,      1,      0,     13,     12,     17,     13,     22,      4,      1,      0,     13,     12,     17,     13,      0,      0,      0,      0,      0,      0,      0,      0,    54.3,    69.3,    74.7,    88.8,    54.3,    66.0,    72.1,    84.0,    54.3,    69.3,    74.7,    88.8,    54.3,    66.0,    72.1,    84.0,     0.0,     0.0,     0.0,     0.0,     0.0,     0.0,     0.0,     0.0,(1 MW for about 368 Hours),0643BX,IFED,064 
NYISO ZONE A DA PEAK - ICE FUTURES ENERGY DIV,261006,2026-10-06,0643BY,IFED,01,064 ,   32909,     438,    2041,     633,   30926,   29751,   31997,   32425,     912,     484,   32909,     438,    2041,     633,   30926,   29751,   31997,   32425,     912,     484,       0,       0,       0,       0,       0,       0,       0,       0,       0,       0,   -1247,     -50,     -96,    -126,   -1084,    -995,   -1260,   -1217,      13,     -30,  100.0,    1.3,    6.2,    1.9,   94.0,   90.4,   97.2,   98.5,    2.8,    1.5,  100.0,    1.3,    6.2,    1.9,   94.0,   90.4,   97.2,   98.5,    2.8,    1.5,    0.0,    0.0,    0.0,    0.0,    0.0,    0.0,    0.0,    0.0,    0.0,    0.0,     36,      3,      5,      3,     22,     21,     28,     26,     36,      3,      5,      3,     22,     21,     28,     26,      0,      0,      0,      0,      0,      0,      0,      0,    69.4,    67.1,    82.8,    82.3,    67.9,    60.2,    75.2,    72.3,    69.4,    67.1,    82.8,    82.3,    67.9,    60.2,    75.2,    72.3,     0.0,     0.0,     0.0,     0.0,     0.0,     0.0,     0.0,     0.0,(Contracts of 800MWh),0643BY,IFED,064 
NYISO ZONE A DA OFF-PK FIX PR - ICE FUTURES ENERGY DIV,261006,2026-10-06,0643BZ,IFED,01,064 ,   32159,    1123,     655,     953,   29215,   30200,   31291,   31808,     868,     351,   32159,    1123,     655,     953,   29215,   30200,   31291,   31808,     868,     351,       0,       0,       0,       0,       0,       0,       0,       0,       0,       0,   -1890,    -200,    -145,    -101,   -1558,   -1627,   -1859,   -1873,     -31,     -17,  100.0,    3.5,    2.0,    3.0,   90.8,   93.9,   97.3,   98.9,    2.7,    1.1,  100.0,    3.5,    2.0,    3.0,   90.8,   93.9,   97.3,   98.9,    2.7,    1.1,    0.0,    0.0,    0.0,    0.0,    0.0,    0.0,    0.0,    0.0,    0.0,    0.0,     36,      5,      3,      3,     22,     19,     28,     24,     36,      5,      3,      3,     22,     19,     28,     24,      0,      0,      0,      0,      0,      0,      0,      0,    68.4,    68.4,    79.1,    83.1,    63.2,    66.4,    70.9,    72.6,    68.4,    68.4,    79.1,    83.1,    63.2,    66.4,    70.9,    72.6,     0.0,     0.0,     0.0,     0.0,     0.0,     0.0,     0.0,     0.0,(1MW for about 368 Hours),0643BZ,IFED,064 
NYISO ZONE G DA PEAK - ICE FUTURES ENERGY DIV,261006,2026-10-06,0643C3,IFED,01,064 ,   24421,    1089,    4919,    1437,   20951,   17856,   23477,   24212,     944,     209,   24421,    1089,    4919,    1437,   20951,   17856,   23477,   24212,     944,     209,       0,       0,       0,       0,       0,       0,       0,       0,       0,       0,   -2164,     143,    -261,    -794,   -1743,   -1137,   -2394,   -2192,     230,      28,  100.0,    4.5,   20.1,    5.9,   85.8,   73.1,   96.1,   99.1,    3.9,    0.9,  100.0,    4.5,   20.1,    5.9,   85.8,   73.1,   96.1,   99.1,    3.9,    0.9,    0.0,    0.0,    0.0,    0.0,    0.0,    0.0,    0.0,    0.0,    0.0,    0.0,     44,      5,     11,      9,     25,     24,     35,     39,     44,      5,     11,      9,     25,     24,     35,     39,      0,      0,      0,      0,      0,      0,      0,      0,    45.7,    48.6,    66.3,    67.2,    43.1,    40.0,    56.5,    56.8,    45.7,    48.6,    66.3,    67.2,    43.1,    40.0,    56.5,    56.8,     0.0,     0.0,     0.0,     0.0,     0.0,     0.0,     0.0,     0.0,(Contracts of 800MWh),0643C3,IFED,064 
NYISO ZONE G DA OFF-PK - ICE FUTURES ENERGY DIV,261006,2026-10-06,0643C4,IFED,01,064 ,   22115,      90,    4366,    1527,   19685,   15645,   21302,   21538,     813,     577,   22115,      90,    4366,    1527,   19685,   15645,   21302,   21538,     813,     577,       0,       0,       0,       0,       0,       0,       0,       0,       0,       0,   -1431,     -80,     117,    -346,   -1165,   -1258,   -1591,   -1487,     160,      56,  100.0,    0.4,   19.7,    6.9,   89.0,   70.7,   96.3,   97.4,    3.7,    2.6,  100.0,    0.4,   19.7,    6.9,   89.0,   70.7,   96.3,   97.4,    3.7,    2.6,    0.0,    0.0,    0.0,    0.0,    0.0,    0.0,    0.0,    0.0,    0.0,    0.0,     37,      1,      9,      3,     24,     22,     28,     31,     37,      1,      9,      3,     24,     22,     28,     31,      0,      0,      0,      0,      0,      0,      0,      0,    46.1,    50.2,    67.3,    67.0,    43.1,    39.9,    57.4,    53.5,    46.1,    50.2,    67.3,    67.0,    43.1,    39.9,    57.4,    53.5,     0.0,     0.0,     0.0,     0.0,     0.0,     0.0,     0.0,     0.0,(1MW for about 368 Hours),0643C4,IFED,064 
PALO VERDE DA PEAK - ICE FUTURES ENERGY DIV,261006,2026-10-06,0643CB,IFED,01,064 ,   20891,     974,     183,     820,   18983,   19830,   20777,   20833,     114,      58,   20891,     974,     183,     820,   18983,   19830,   20777,   20833,     114,      58,       0,       0,       0,       0,       0,       0,       0,       0,       0,       0,   -2106,    -116,     -29,    -439,   -1558,   -1638,   -2113,   -2106,       7,       0,  100.0,    4.7,    0.9,    3.9,   90.9,   94.9,   99.5,   99.7,    0.5,    0.3,  100.0,    4.7,    0.9,    3.9,   90.9,   94.9,   99.5,   99.7,    0.5,    0.3,    0.0,    0.0,    0.0,    0.0,    0.0,    0.0,    0.0,    0.0,    0.0,    0.0,     38,      6,      3,      2,     21,     21,     27,     26,     38,      6,      3,      2,     21,     21,     27,     26,      0,      0,      0,      0,      0,      0,      0,      0,    55.9,    62.5,    75.6,    79.9,    43.5,    53.1,    55.8,    63.6,    55.9,    62.5,    75.6,    79.9,    43.5,    53.1,    55.8,    63.6,     0.0,     0.0,     0.0,     0.0,     0.0,     0.0,     0.0,     0.0,(Contracts of 400MWh),0643CB,IFED,064 
PALO VERDE DA OFF-PK FiXED PR - ICE FUTURES ENERGY DIV,261006,2026-10-06,0643CC,IFED,01,064 ,   17963,    4616,     287,    1014,   12278,   16472,   17908,   17773,      55,     190,   17963,    4616,     287,    1014,   12278,   16472,   17908,   17773,      55,     190,       0,       0,       0,       0,       0,       0,       0,       0,       0,       0,    -821,     125,    -304,    -156,    -741,    -404,    -772,    -864,     -49,      43,  100.0,   25.7,    1.6,    5.6,   68.4,   91.7,   99.7,   98.9,    0.3,    1.1,  100.0,   25.7,    1.6,    5.6,   68.4,   91.7,   99.7,   98.9,    0.3,    1.1,    0.0,    0.0,    0.0,    0.0,    0.0,    0.0,    0.0,    0.0,    0.0,    0.0,     33,      4,      3,      5,     17,     22,     24,     27,     33,      4,      3,      5,     17,     22,     24,     27,      0,      0,      0,      0,      0,      0,      0,      0,    65.3,    58.2,    82.8,    73.0,    59.7,    55.1,    73.9,    66.4,    65.3,    58.2,    82.8,    73.0,    59.7,    55.1,    73.9,    66.4,     0.0,     0.0,     0.0,     0.0,     0.0,     0.0,     0.0,     0.0,(1 MW for about 368 Hours),0643CC,IFED,064 
PJM WESTERN HUB DA OFF-PK - ICE FUTURES ENERGY DIV,261006,2026-10-06,0643DB,IFED,01,064 ,  115357,   17874,    3659,    2373,   94163,  108570,  114410,  114602,     947,     755,  115357,   17874,    3659,    2373,   94163,  108570,  114410,  114602,     947,     755,       0,       0,       0,       0,       0,       0,       0,       0,       0,       0,   -4849,    -780,   -2158,     108,   -4390,   -2593,   -5062,   -4643,     213,    -206,  100.0,   15.5,    3.2,    2.1,   81.6,   94.1,   99.2,   99.3,    0.8,    0.7,  100.0,   15.5,    3.2,    2.1,   81.6,   94.1,   99.2,   99.3,    0.8,    0.7,    0.0,    0.0,    0.0,    0.0,    0.0,    0.0,    0.0,    0.0,    0.0,    0.0,     70,     10,     11,      5,     42,     36,     55,     49,     70,     10,     11,      5,     42,     36,     55,     49,      0,      0,      0,      0,      0,      0,      0,      0,    41.5,    65.6,    59.7,    79.4,    36.6,    64.8,    54.0,    73.5,    41.5,    65.6,    59.7,    79.4,    36.6,    64.8,    54.0,    73.5,     0.0,     0.0,     0.0,     0.0,     0.0,     0.0,     0.0,     0.0,(1 MW per off-peak hour),0643DB,IFED,064 
PJM WESTERN HUB DA PEAK - ICE FUTURES ENERGY DIV,261006,2026-10-06,0643DC,IFED,01,064 ,  122564,   20287,    5598,    3379,   98324,  112699,  121990,  121676,     574,     888,  122564,   20287,    5598,    3379,   98324,  112699,  121990,  121676,     574,     888,       0,       0,       0,       0,       0,       0,       0,       0,       0,       0,   -6541,   -1673,   -3491,     -92,   -4946,   -3297,   -6711,   -6880,     170,     339,  100.0,   16.6,    4.6,    2.8,   80.2,   92.0,   99.5,   99.3,    0.5,    0.7,  100.0,   16.6,    4.6,    2.8,   80.2,   92.0,   99.5,   99.3,    0.5,    0.7,    0.0,    0.0,    0.0,    0.0,    0.0,    0.0,    0.0,    0.0,    0.0,    0.0,     80,     17,     11,     10,     44,     41,     66,     57,     80,     17,     11,     10,     44,     41,     66,     57,      0,      0,      0,      0,      0,      0,      0,      0,    38.0,    65.1,    58.0,    77.5,    34.6,    63.8,    53.9,    72.4,    38.0,    65.1,    58.0,    77.5,    34.6,    63.8,    53.9,    72.4,     0.0,     0.0,     0.0,     0.0,     0.0,     0.0,     0.0,     0.0,(Contracts of about 352 MWh),0643DC,IFED,064 
PJM WESTERN HUB RT PEAK MINI - ICE FUTURES ENERGY DIV,261006,2026-10-06,0643DF,IFED,01,064 ,  393216,   93305,  110241,   63480,  235138,  218442,  391923,  392163,    1293,    1053,  393216,   93305,  110241,   63480,  235138,  218442,  391923,  392163,    1293,    1053,       0,       0,       0,       0,       0,       0,       0,       0,       0,       0,   -5144,    3683,    9346,   -5454,   -3533,   -8805,   -5304,   -4913,     160,    -231,  100.0,   23.7,   28.0,   16.1,   59.8,   55.6,   99.7,   99.7,    0.3,    0.3,  100.0,   23.7,   28.0,   16.1,   59.8,   55.6,   99.7,   99.7,    0.3,    0.3,    0.0,    0.0,    0.0,    0.0,    0.0,    0.0,    0.0,    0.0,    0.0,    0.0,    126,     48,     21,     39,     50,     50,    113,     95,    126,     48,     21,     39,     50,     50,    113,     95,      0,      0,      0,      0,      0,      0,      0,      0,    22.5,    35.1,    37.9,    51.1,    19.1,    30.3,    30.4,    40.4,    22.5,    35.1,    37.9,    51.1,    19.1,    30.3,    30.4,    40.4,     0.0,     0.0,     0.0,     0.0,     0.0,     0.0,     0.0,     0.0,(1 MW per peak hour),0643DF,IFED,064 
MISO ARKANSAS DA PEAK FIXED - ICE FUTURES ENERGY DIV,261006,2026-10-06,0643F9,IFED,01,064 ,    7224,     350,     160,      25,    6821,    7004,    7196,    7189,      28,      35,    7224,     350,     160,      25,    6821,    7004,    7196,    7189,      28,      35,       0,       0,       0,       0,       0,       0,       0,       0,       0,       0,      65,       0,       0,       0,      65,      65,      65,      65,       0,       0,  100.0,    4.8,    2.2,    0.3,   94.4,   97.0,   99.6,   99.5,    0.4,    0.5,  100.0,    4.8,    2.2,    0.3,   94.4,   97.0,   99.6,   99.5,    0.4,    0.5,    0.0,    0.0,    0.0,    0.0,    0.0,    0.0,    0.0,    0.0,    0.0,    0.0,     20,      2,      2,      1,     14,     12,     16,     15,     20,      2,      2,      1,     14,     12,     16,     15,      0,      0,      0,      0,      0,      0,      0,      0,    74.8,    85.4,    89.4,    94.3,    66.5,    72.8,    75.4,    77.6,    74.8,    85.4,    89.4,    94.3,    66.5,    72.8,    75.4,    77.6,     0.0,     0.0,     0.0,     0.0,     0.0,     0.0,     0.0,     0.0,1 MW,0643F9,IFED,064 
CAISO SP-15 PEAK 0900-1600 HE - ICE FUTURES ENERGY DIV,261006,2026-10-06,0643HS,IFED,01,064 ,   20616,    4152,     365,     665,   15779,   19496,   20596,   20526,      20,      90,   20616,    4152,     365,     665,   15779,   19496,   20596,   20526,      20,      90,       0,       0,       0,       0,       0,       0,       0,       0,       0,       0,    -700,     225,       0,    -180,    -735,    -520,    -690,    -700,     -10,       0,  100.0,   20.1,    1.8,    3.2,   76.5,   94.6,   99.9,   99.6,    0.1,    0.4,  100.0,   20.1,    1.8,    3.2,   76.5,   94.6,   99.9,   99.6,    0.1,    0.4,    0.0,    0.0,    0.0,    0.0,    0.0,    0.0,    0.0,    0.0,    0.0,    0.0,     21,      4,      2,      1,     12,      8,     16,     11,     21,      4,      2,      1,     12,      8,     16,     11,      0,      0,      0,      0,      0,      0,      0,      0,    62.9,    89.1,    93.5,    97.6,    62.4,    89.0,    89.7,    93.4,    62.9,    89.1,    93.5,    97.6,    62.4,    89.0,    89.7,    93.4,     0.0,     0.0,     0.0,     0.0,     0.0,     0.0,     0.0,     0.0,368 MWh,0643HS,IFED,064 
ERCOT N 345KV REAL T PK DALY M - ICE FUTURES ENERGY DIV,261006,2026-10-06,0643IB,IFED,01,064 ,   10897,    2920,    3165,     615,    6917,    6657,   10452,   10437,     445,     460,   10897,    2920,    3165,     615,    6917,    6657,   10452,   10437,     445,     460,       0,       0,       0,       0,       0,       0,       0,       0,       0,       0,     237,    -715,   -1125,    -185,    1282,    1537,     382,     227,    -145,      10,  100.0,   26.8,   29.0,    5.6,   63.5,   61.1,   95.9,   95.8,    4.1,    4.2,  100.0,   26.8,   29.0,    5.6,   63.5,   61.1,   95.9,   95.8,    4.1,    4.2,    0.0,    0.0,    0.0,    0.0,    0.0,    0.0,    0.0,    0.0,    0.0,    0.0,     52,      8,     13,      8,     25,     24,     39,     39,     52,      8,     13,      8,     25,     24,     39,     39,      0,      0,      0,      0,      0,      0,      0,      0,    53.3,    45.7,    69.9,    60.5,    51.1,    45.1,    65.4,    58.2,    53.3,    45.7,    69.9,    60.5,    51.1,    45.1,    65.4,    58.2,     0.0,     0.0,     0.0,     0.0,     0.0,     0.0,     0.0,     0.0,(240 MW = 15 Hours X 16 MWh),0643IB,IFED,064 
ERCOT N 345KV REAL T PK 2x16 - ICE FUTURES ENERGY DIV,261006,2026-10-06,0643ID,IFED,01,064 ,  136939,   19239,   12803,    2148,  115020,  121811,  136407,  136762,     532,     177,  136939,   19239,   12803,    2148,  115020,  121811,  136407,  136762,     532,     177,       0,       0,       0,       0,       0,       0,       0,       0,       0,       0,    1585,       0,     795,       0,    1585,     790,    1585,    1585,       0,       0,  100.0,   14.0,    9.3,    1.6,   84.0,   89.0,   99.6,   99.9,    0.4,    0.1,  100.0,   14.0,    9.3,    1.6,   84.0,   89.0,   99.6,   99.9,    0.4,    0.1,    0.0,    0.0,    0.0,    0.0,    0.0,    0.0,    0.0,    0.0,    0.0,    0.0,     68,     12,     10,     13,     40,     36,     57,     54,     68,     12,     10,     13,     40,     36,     57,     54,      0,      0,      0,      0,      0,      0,      0,      0,    43.3,    36.2,    63.5,    59.8,    37.2,    28.0,    53.6,    44.8,    43.3,    36.2,    63.5,    59.8,    37.2,    28.0,    53.6,    44.8,     0.0,     0.0,     0.0,     0.0,     0.0,     0.0,     0.0,     0.0,(1MW for about 352 Hours),0643ID,IFED,064 
ERCOT North 345KV Hub RT 7x8 - ICE FUTURES ENERGY DIV,261006,2026-10-06,0643IK,IFED,01,064 ,  285043,  143890,    5924,   14798,  125485,  264010,  284173,  284732,     870,     311,  285043,  143890,    5924,   14798,  125485,  264010,  284173,  284732,     870,     311,       0,       0,       0,       0,       0,       0,       0,       0,       0,       0,    5949,    1905,      48,     767,    3293,    5134,    5965,    5949,     -16,       0,  100.0,   50.5,    2.1,    5.2,   44.0,   92.6,   99.7,   99.9,    0.3,    0.1,  100.0,   50.5,    2.1,    5.2,   44.0,   92.6,   99.7,   99.9,    0.3,    0.1,    0.0,    0.0,    0.0,    0.0,    0.0,    0.0,    0.0,    0.0,    0.0,    0.0,     67,     17,      9,     16,     31,     35,     55,     53,     67,     17,      9,     16,     31,     35,     55,     53,      0,      0,      0,      0,      0,      0,      0,      0,    60.2,    50.9,    72.3,    70.5,    51.9,    49.5,    60.7,    63.7,    60.2,    50.9,    72.3,    70.5,    51.9,    49.5,    60.7,    63.7,     0.0,     0.0,     0.0,     0.0,     0.0,     0.0,     0.0,     0.0,(1MW for about 352 Hours),0643IK,IFED,064 
ERCOT Houston 345KV Hub RT 7x8 - ICE FUTURES ENERGY DIV,261006,2026-10-06,0643IL,IFED,01,064 ,   14695,     100,       0,       0,   14595,   14575,   14695,   14575,       0,     120,   14695,     100,       0,       0,   14595,   14575,   14695,   14575,       0,     120,       0,       0,       0,       0,       0,       0,       0,       0,       0,       0,       0,       0,       0,       0,       0,       0,       0,       0,       0,       0,  100.0,    0.7,    0.0,    0.0,   99.3,   99.2,  100.0,   99.2,    0.0,    0.8,  100.0,    0.7,    0.0,    0.0,   99.3,   99.2,  100.0,   99.2,    0.0,    0.8,    0.0,    0.0,    0.0,    0.0,    0.0,    0.0,    0.0,    0.0,    0.0,    0.0,     21,      1,      0,      0,     13,     10,     14,     10,     21,      1,      0,      0,     13,     10,     14,     10,      0,      0,      0,      0,      0,      0,      0,      0,    81.0,    57.7,    95.8,    92.2,    76.9,    57.7,    91.7,    91.8,    81.0,    57.7,    95.8,    92.2,    76.9,    57.7,    91.7,    91.8,     0.0,     0.0,     0.0,     0.0,     0.0,     0.0,     0.0,     0.0,(1MW for about 352 Hours),0643IL,IFED,064 
ISONE.H.INTERNAL_HUB_mo_on_dap - NODAL EXCHANGE,261006,2026-10-06,064AAA,NODX,01,064 ,   77111,   11922,    2110,     255,   54025,   63742,   66202,   66107,   10909,   11004,   77111,   11922,    2110,     255,   54025,   63742,   66202,   66107,   10909,   11004,       0,       0,       0,       0,       0,       0,       0,       0,       0,       0,   -4263,   -1566,    -175,     -80,   -2221,   -3619,   -3867,   -3874,    -396,    -389,  100.0,   15.5,    2.7,    0.3,   70.1,   82.7,   85.9,   85.7,   14.1,   14.3,  100.0,   15.5,    2.7,    0.3,   70.1,   82.7,   85.9,   85.7,   14.1,   14.3,    0.0,    0.0,    0.0,    0.0,    0.0,    0.0,    0.0,    0.0,    0.0,    0.0,     32,      3,      3,      2,     21,     24,     26,     27,     32,      3,      3,      2,     21,     24,     26,     27,      0,      0,      0,      0,      0,      0,      0,      0,    64.5,    50.2,    77.4,    65.6,    63.1,    45.3,    70.9,    58.4,    64.5,    50.2,    77.4,    65.6,    63.1,    45.3,    70.9,    58.4,     0.0,     0.0,     0.0,     0.0,     0.0,     0.0,     0.0,     0.0,(Contracts of 400 MWh),064AAA,NODX,064 
ISONE.H.INTERNAL_HB_mo_off_dap - NODAL EXCHANGE,261006,2026-10-06,064AAB,NODX,01,064 ,   72929,   11935,    2828,     205,   51267,   60092,   63407,   63125,    9522,    9804,   72929,   11935,    2828,     205,   51267,   60092,   63407,   63125,    9522,    9804,       0,       0,       0,       0,       0,       0,       0,       0,       0,       0,   -3584,   -1376,     -70,     -85,   -1998,   -3289,   -3459,   -3444,    -125,    -140,  100.0,   16.4,    3.9,    0.3,   70.3,   82.4,   86.9,   86.6,   13.1,   13.4,  100.0,   16.4,    3.9,    0.3,   70.3,   82.4,   86.9,   86.6,   13.1,   13.4,    0.0,    0.0,    0.0,    0.0,    0.0,    0.0,    0.0,    0.0,    0.0,    0.0,     32,      3,      3,      2,     21,     24,     26,     27,     32,      3,      3,      2,     21,     24,     26,     27,      0,      0,      0,      0,      0,      0,      0,      0,    63.8,    47.7,    78.4,    63.5,    61.7,    44.5,    71.7,    56.5,    63.8,    47.7,    78.4,    63.5,    61.7,    44.5,    71.7,    56.5,     0.0,     0.0,     0.0,     0.0,     0.0,     0.0,     0.0,     0.0,(Contracts of 400 MWh),064AAB,NODX,064 
MISO.INDIANA.HUB_month_on_dap - NODAL EXCHANGE,261006,2026-10-06,064BFI,NODX,01,064 ,   23804,     100,    1928,    1255,   18094,   16069,   19449,   19252,    4355,    4552,   23804,     100,    1928,    1255,   18094,   16069,   19449,   19252,    4355,    4552,       0,       0,       0,       0,       0,       0,       0,       0,       0,       0,     950,       0,     550,       0,     950,     460,     950,    1010,       0,     -60,  100.0,    0.4,    8.1,    5.3,   76.0,   67.5,   81.7,   80.9,   18.3,   19.1,  100.0,    0.4,    8.1,    5.3,   76.0,   67.5,   81.7,   80.9,   18.3,   19.1,    0.0,    0.0,    0.0,    0.0,    0.0,    0.0,    0.0,    0.0,    0.0,    0.0,     26,      1,      2,      2,     16,     20,     19,     22,     26,      1,      2,      2,     16,     20,     19,     22,      0,      0,      0,      0,      0,      0,      0,      0,    45.6,    54.7,    67.2,    67.3,    42.6,    45.9,    57.3,    53.7,    45.6,    54.7,    67.2,    67.3,    42.6,    45.9,    57.3,    53.7,     0.0,     0.0,     0.0,     0.0,     0.0,     0.0,     0.0,     0.0,Megawatt Hours (MWh),064BFI,NODX,064 
MISO.INDIANA.HUB_month_off_dap - NODAL EXCHANGE,261006,2026-10-06,064BFJ,NODX,01,064 ,   23567,     100,    1529,    1395,   17872,   16306,   19367,   19230,    4200,    4337,   23567,     100,    1529,    1395,   17872,   16306,   19367,   19230,    4200,    4337,       0,       0,       0,       0,       0,       0,       0,       0,       0,       0,     660,       0,     550,       0,     900,      50,     900,     600,    -240,      60,  100.0,    0.4,    6.5,    5.9,   75.8,   69.2,   82.2,   81.6,   17.8,   18.4,  100.0,    0.4,    6.5,    5.9,   75.8,   69.2,   82.2,   81.6,   17.8,   18.4,    0.0,    0.0,    0.0,    0.0,    0.0,    0.0,    0.0,    0.0,    0.0,    0.0,     26,      1,      2,      2,     17,     20,     20,     22,     26,      1,      2,      2,     17,     20,     20,     22,      0,      0,      0,      0,      0,      0,      0,      0,    45.7,    52.6,    68.0,    67.1,    41.5,    44.3,    53.2,    53.7,    45.7,    52.6,    68.0,    67.1,    41.5,    44.3,    53.2,    53.7,     0.0,     0.0,     0.0,     0.0,     0.0,     0.0,     0.0,     0.0,Megawatt Hours (MWh),064BFJ,NODX,064 
NYISO.CENTRL_month_on_dap - NODAL EXCHANGE,261006,2026-10-06,064CTQ,NODX,01,064 ,   36343,   11207,      20,     100,   23443,   35418,   34750,   35538,    1593,     805,   36343,   11207,      20,     100,   23443,   35418,   34750,   35538,    1593,     805,       0,       0,       0,       0,       0,       0,       0,       0,       0,       0,     540,    -600,       0,       0,    1020,     420,     420,     420,     120,     120,  100.0,   30.8,    0.1,    0.3,   64.5,   97.5,   95.6,   97.8,    4.4,    2.2,  100.0,   30.8,    0.1,    0.3,   64.5,   97.5,   95.6,   97.8,    4.4,    2.2,    0.0,    0.0,    0.0,    0.0,    0.0,    0.0,    0.0,    0.0,    0.0,    0.0,     23,      3,      1,      1,     16,      9,     20,     10,     23,      3,      1,      1,     16,      9,     20,     10,      0,      0,      0,      0,      0,      0,      0,      0,    67.1,    96.4,    82.8,    97.7,    66.6,    94.9,    82.3,    95.2,    67.1,    96.4,    82.8,    97.7,    66.6,    94.9,    82.3,    95.2,     0.0,     0.0,     0.0,     0.0,     0.0,     0.0,     0.0,     0.0,Megawatt Hours (MWh),064CTQ,NODX,064 
NYISO.CENTRL_month_off_dap - NODAL EXCHANGE,261006,2026-10-06,064CTR,NODX,01,064 ,   33249,    9925,      20,     100,   21519,   32484,   31544,   32604,    1705,     645,   33249,    9925,      20,     100,   21519,   32484,   31544,   32604,    1705,     645,       0,       0,       0,       0,       0,       0,       0,       0,       0,       0,     540,    -600,       0,       0,     985,     420,     385,     420,     155,     120,  100.0,   29.9,    0.1,    0.3,   64.7,   97.7,   94.9,   98.1,    5.1,    1.9,  100.0,   29.9,    0.1,    0.3,   64.7,   97.7,   94.9,   98.1,    5.1,    1.9,    0.0,    0.0,    0.0,    0.0,    0.0,    0.0,    0.0,    0.0,    0.0,    0.0,     23,      3,      1,      1,     16,      9,     20,     10,     23,      3,      1,      1,     16,      9,     20,     10,      0,      0,      0,      0,      0,      0,      0,      0,    68.3,    95.8,    85.3,    97.9,    67.8,    95.4,    84.8,    95.4,    68.3,    95.8,    85.3,    97.9,    67.8,    95.4,    84.8,    95.4,     0.0,     0.0,     0.0,     0.0,     0.0,     0.0,     0.0,     0.0,Megawatt Hours (MWh),064CTR,NODX,064 
NYISO.HUD VL_month_on_dap - NODAL EXCHANGE,261006,2026-10-06,064CXO,NODX,01,064 ,   40265,    1140,    6896,    1760,   30748,   25419,   33648,   34075,    6617,    6190,   40265,    1140,    6896,    1760,   30748,   25419,   33648,   34075,    6617,    6190,       0,       0,       0,       0,       0,       0,       0,       0,       0,       0,     270,       0,     580,      50,    -199,    -437,    -149,     193,     419,      77,  100.0,    2.8,   17.1,    4.4,   76.4,   63.1,   83.6,   84.6,   16.4,   15.4,  100.0,    2.8,   17.1,    4.4,   76.4,   63.1,   83.6,   84.6,   16.4,   15.4,    0.0,    0.0,    0.0,    0.0,    0.0,    0.0,    0.0,    0.0,    0.0,    0.0,     32,      3,      4,      3,     23,     18,     28,     23,     32,      3,      4,      3,     23,     18,     28,     23,      0,      0,      0,      0,      0,      0,      0,      0,    34.1,    46.7,    54.5,    64.8,    33.7,    43.7,    49.6,    56.4,    34.1,    46.7,    54.5,    64.8,    33.7,    43.7,    49.6,    56.4,     0.0,     0.0,     0.0,     0.0,     0.0,     0.0,     0.0,     0.0,Megawatt Hours (MWh),064CXO,NODX,064 
NYISO.HUD VL_month_off_dap - NODAL EXCHANGE,261006,2026-10-06,064CXP,NODX,01,064 ,   38939,    1040,    7050,    1529,   29950,   24429,   32519,   33008,    6420,    5931,   38939,    1040,    7050,    1529,   29950,   24429,   32519,   33008,    6420,    5931,       0,       0,       0,       0,       0,       0,       0,       0,       0,       0,     459,       0,     580,      50,     -20,    -301,      30,     329,     429,     130,  100.0,    2.7,   18.1,    3.9,   76.9,   62.7,   83.5,   84.8,   16.5,   15.2,  100.0,    2.7,   18.1,    3.9,   76.9,   62.7,   83.5,   84.8,   16.5,   15.2,    0.0,    0.0,    0.0,    0.0,    0.0,    0.0,    0.0,    0.0,    0.0,    0.0,     32,      2,      5,      2,     23,     20,     27,     25,     32,      2,      5,      2,     23,     20,     27,     25,      0,      0,      0,      0,      0,      0,      0,      0,    35.7,    48.2,    53.6,    67.0,    35.3,    44.9,    48.7,    57.3,    35.7,    48.2,    53.6,    67.0,    35.3,    44.9,    48.7,    57.3,     0.0,     0.0,     0.0,     0.0,     0.0,     0.0,     0.0,     0.0,Megawatt Hours (MWh),064CXP,NODX,064 
NYISO.N.Y.C._month_on_dap - NODAL EXCHANGE,261006,2026-10-06,064CZS,NODX,01,064 ,   29628,    1856,     600,     189,   23689,   25334,   25734,   26123,    3894,    3505,   29628,    1856,     600,     189,   23689,   25334,   25734,   26123,    3894,    3505,       0,       0,       0,       0,       0,       0,       0,       0,       0,       0,     115,     480,       0,       0,    -585,    -185,    -105,    -185,     220,     300,  100.0,    6.3,    2.0,    0.6,   80.0,   85.5,   86.9,   88.2,   13.1,   11.8,  100.0,    6.3,    2.0,    0.6,   80.0,   85.5,   86.9,   88.2,   13.1,   11.8,    0.0,    0.0,    0.0,    0.0,    0.0,    0.0,    0.0,    0.0,    0.0,    0.0,     28,      2,      2,      1,     18,     17,     20,     20,     28,      2,      2,      1,     18,     17,     20,     20,      0,      0,      0,      0,      0,      0,      0,      0,    56.9,    56.7,    73.9,    78.7,    56.9,    56.7,    70.1,    77.0,    56.9,    56.7,    73.9,    78.7,    56.9,    56.7,    70.1,    77.0,     0.0,     0.0,     0.0,     0.0,     0.0,     0.0,     0.0,     0.0,Megawatt Hours (MWh),064CZS,NODX,064 
NYISO.N.Y.C._month_off_dap - NODAL EXCHANGE,261006,2026-10-06,064CZT,NODX,01,064 ,   29198,    1736,     600,     179,   23216,   24929,   25131,   25708,    4067,    3490,   29198,    1736,     600,     179,   23216,   24929,   25131,   25708,    4067,    3490,       0,       0,       0,       0,       0,       0,       0,       0,       0,       0,      10,     480,       0,       0,    -690,    -290,    -210,    -290,     220,     300,  100.0,    5.9,    2.1,    0.6,   79.5,   85.4,   86.1,   88.0,   13.9,   12.0,  100.0,    5.9,    2.1,    0.6,   79.5,   85.4,   86.1,   88.0,   13.9,   12.0,    0.0,    0.0,    0.0,    0.0,    0.0,    0.0,    0.0,    0.0,    0.0,    0.0,     27,      2,      2,      1,     16,     16,     18,     19,     27,      2,      2,      1,     16,     16,     18,     19,      0,      0,      0,      0,      0,      0,      0,      0,    57.0,    55.3,    74.4,    78.8,    57.0,    55.3,    70.7,    77.5,    57.0,    55.3,    74.4,    78.8,    57.0,    55.3,    70.7,    77.5,     0.0,     0.0,     0.0,     0.0,     0.0,     0.0,     0.0,     0.0,Megawatt Hours (MWh),064CZT,NODX,064 
NYISO.WEST_month_on_dap - NODAL EXCHANGE,261006,2026-10-06,064DEU,NODX,01,064 ,   38168,       0,    2997,     613,   35347,   32723,   35960,   36333,    2208,    1835,   38168,       0,    2997,     613,   35347,   32723,   35960,   36333,    2208,    1835,       0,       0,       0,       0,       0,       0,       0,       0,       0,       0,     306,       0,   -1650,      90,     266,    1855,     356,     295,     -50,      11,  100.0,    0.0,    7.9,    1.6,   92.6,   85.7,   94.2,   95.2,    5.8,    4.8,  100.0,    0.0,    7.9,    1.6,   92.6,   85.7,   94.2,   95.2,    5.8,    4.8,    0.0,    0.0,    0.0,    0.0,    0.0,    0.0,    0.0,    0.0,    0.0,    0.0,     30,      0,      4,      2,     18,     19,     20,     23,     30,      0,      4,      2,     18,     19,     20,     23,      0,      0,      0,      0,      0,      0,      0,      0,    74.0,    50.9,    84.4,    75.0,    68.3,    47.7,    76.1,    70.4,    74.0,    50.9,    84.4,    75.0,    68.3,    47.7,    76.1,    70.4,     0.0,     0.0,     0.0,     0.0,     0.0,     0.0,     0.0,     0.0,Megawatt Hours (MWh),064DEU,NODX,064 
NYISO.WEST_month_off_dap - NODAL EXCHANGE,261006,2026-10-06,064DEV,NODX,01,064 ,   37523,       0,    2166,     934,   34184,   32190,   35118,   35290,    2405,    2233,   37523,       0,    2166,     934,   34184,   32190,   35118,   35290,    2405,    2233,       0,       0,       0,       0,       0,       0,       0,       0,       0,       0,     389,       0,   -1500,      90,     319,    1533,     409,     123,     -20,     266,  100.0,    0.0,    5.8,    2.5,   91.1,   85.8,   93.6,   94.0,    6.4,    6.0,  100.0,    0.0,    5.8,    2.5,   91.1,   85.8,   93.6,   94.0,    6.4,    6.0,    0.0,    0.0,    0.0,    0.0,    0.0,    0.0,    0.0,    0.0,    0.0,    0.0,     25,      0,      4,      2,     15,     18,     17,     22,     25,      0,      4,      2,     15,     18,     17,     22,      0,      0,      0,      0,      0,      0,      0,      0,    76.8,    54.0,    89.3,    75.6,    71.9,    51.6,    78.5,    70.6,    76.8,    54.0,    89.3,    75.6,    71.9,    51.6,    78.5,    70.6,     0.0,     0.0,     0.0,     0.0,     0.0,     0.0,     0.0,     0.0,Megawatt Hours (MWh),064DEV,NODX,064 
PJM.AEP_month_on_dap - NODAL EXCHANGE,261006,2026-10-06,064DLQ,NODX,01,064 ,   26264,    1856,    4352,     355,   22514,   20482,   24725,   25189,    1539,    1075,   26264,    1856,    4352,     355,   22514,   20482,   24725,   25189,    1539,    1075,       0,       0,       0,       0,       0,       0,       0,       0,       0,       0,   -1584,    -100,    -294,      25,   -1613,   -1445,   -1688,   -1714,     104,     130,  100.0,    7.1,   16.6,    1.4,   85.7,   78.0,   94.1,   95.9,    5.9,    4.1,  100.0,    7.1,   16.6,    1.4,   85.7,   78.0,   94.1,   95.9,    5.9,    4.1,    0.0,    0.0,    0.0,    0.0,    0.0,    0.0,    0.0,    0.0,    0.0,    0.0,     22,      2,      1,      2,     15,      5,     19,      7,     22,      2,      1,      2,     15,      5,     19,      7,      0,      0,      0,      0,      0,      0,      0,      0,    62.7,    93.9,    78.6,    95.9,    62.7,    92.6,    78.6,    93.0,    62.7,    93.9,    78.6,    95.9,    62.7,    92.6,    78.6,    93.0,     0.0,     0.0,     0.0,     0.0,     0.0,     0.0,     0.0,     0.0,Megawatt Hours (MWh),064DLQ,NODX,064 
PJM.AEP_month_off_dap - NODAL EXCHANGE,261006,2026-10-06,064DLR,NODX,01,064 ,   26204,    1856,    4352,     355,   22469,   20422,   24680,   25129,    1524,    1075,   26204,    1856,    4352,     355,   22469,   20422,   24680,   25129,    1524,    1075,       0,       0,       0,       0,       0,       0,       0,       0,       0,       0,   -1584,    -100,    -294,      25,   -1618,   -1445,   -1693,   -1714,     109,     130,  100.0,    7.1,   16.6,    1.4,   85.7,   77.9,   94.2,   95.9,    5.8,    4.1,  100.0,    7.1,   16.6,    1.4,   85.7,   77.9,   94.2,   95.9,    5.8,    4.1,    0.0,    0.0,    0.0,    0.0,    0.0,    0.0,    0.0,    0.0,    0.0,    0.0,     22,      2,      1,      2,     15,      5,     19,      7,     22,      2,      1,      2,     15,      5,     19,      7,      0,      0,      0,      0,      0,      0,      0,      0,    62.8,    93.9,    78.6,    95.9,    62.8,    92.6,    78.6,    92.9,    62.8,    93.9,    78.6,    95.9,    62.8,    92.6,    78.6,    92.9,     0.0,     0.0,     0.0,     0.0,     0.0,     0.0,     0.0,     0.0,Megawatt Hours (MWh),064DLR,NODX,064 
PJM.AEP-DAYTON HUB_mo_on_dap - NODAL EXCHANGE,261006,2026-10-06,064DLW,NODX,01,064 ,   96666,   26087,    7581,     833,   51240,   68762,   78160,   77176,   18506,   19490,   96666,   26087,    7581,     833,   51240,   68762,   78160,   77176,   18506,   19490,       0,       0,       0,       0,       0,       0,       0,       0,       0,       0,   -5901,   -2348,    -460,     -13,   -1272,   -3487,   -3633,   -3960,   -2268,   -1941,  100.0,   27.0,    7.8,    0.9,   53.0,   71.1,   80.9,   79.8,   19.1,   20.2,  100.0,   27.0,    7.8,    0.9,   53.0,   71.1,   80.9,   79.8,   19.1,   20.2,    0.0,    0.0,    0.0,    0.0,    0.0,    0.0,    0.0,    0.0,    0.0,    0.0,     42,      7,      5,      5,     21,     26,     30,     34,     42,      7,      5,      5,     21,     26,     30,     34,      0,      0,      0,      0,      0,      0,      0,      0,    43.5,    35.3,    60.9,    55.3,    41.7,    33.3,    54.3,    50.5,    43.5,    35.3,    60.9,    55.3,    41.7,    33.3,    54.3,    50.5,     0.0,     0.0,     0.0,     0.0,     0.0,     0.0,     0.0,     0.0,Megawatt Hours (MWh),064DLW,NODX,064 
PJM.AEP-DAYTON HUB_mo_off_dap - NODAL EXCHANGE,261006,2026-10-06,064DLX,NODX,01,064 ,   93675,   25856,    4770,     999,   49238,   69390,   76093,   75159,   17582,   18516,   93675,   25856,    4770,     999,   49238,   69390,   76093,   75159,   17582,   18516,       0,       0,       0,       0,       0,       0,       0,       0,       0,       0,   -6072,   -2313,    -410,     -78,   -1325,   -3550,   -3716,   -4038,   -2356,   -2034,  100.0,   27.6,    5.1,    1.1,   52.6,   74.1,   81.2,   80.2,   18.8,   19.8,  100.0,   27.6,    5.1,    1.1,   52.6,   74.1,   81.2,   80.2,   18.8,   19.8,    0.0,    0.0,    0.0,    0.0,    0.0,    0.0,    0.0,    0.0,    0.0,    0.0,     41,      7,      5,      5,     20,     26,     29,     34,     41,      7,      5,      5,     20,     26,     29,     34,      0,      0,      0,      0,      0,      0,      0,      0,    44.1,    35.4,    63.1,    54.1,    40.4,    33.4,    53.8,    49.1,    44.1,    35.4,    63.1,    54.1,    40.4,    33.4,    53.8,    49.1,     0.0,     0.0,     0.0,     0.0,     0.0,     0.0,     0.0,     0.0,Megawatt Hours (MWh),064DLX,NODX,064 
PJM.APS_month_on_dap - NODAL EXCHANGE,261006,2026-10-06,064DMY,NODX,01,064 ,   11789,    2611,     330,       0,    7556,   10912,   10167,   11242,    1622,     547,   11789,    2611,     330,       0,    7556,   10912,   10167,   11242,    1622,     547,       0,       0,       0,       0,       0,       0,       0,       0,       0,       0,    -873,    -202,     -35,       0,    -534,    -806,    -736,    -841,    -137,     -32,  100.0,   22.1,    2.8,    0.0,   64.1,   92.6,   86.2,   95.4,   13.8,    4.6,  100.0,   22.1,    2.8,    0.0,   64.1,   92.6,   86.2,   95.4,   13.8,    4.6,    0.0,    0.0,    0.0,    0.0,    0.0,    0.0,    0.0,    0.0,    0.0,    0.0,     20,      3,      1,      0,     13,      7,     16,      8,     20,      3,      1,      0,     13,      7,     16,      8,      0,      0,      0,      0,      0,      0,      0,      0,    43.4,    81.8,    68.2,    95.4,    43.4,    80.9,    68.2,    89.3,    43.4,    81.8,    68.2,    95.4,    43.4,    80.9,    68.2,    89.3,     0.0,     0.0,     0.0,     0.0,     0.0,     0.0,     0.0,     0.0,Megawatt Hours (MWh),064DMY,NODX,064 
PJM.APS_month_off_dap - NODAL EXCHANGE,261006,2026-10-06,064DMZ,NODX,01,064 ,   11309,    2387,     330,       0,    7315,   10432,    9702,   10762,    1607,     547,   11309,    2387,     330,       0,    7315,   10432,    9702,   10762,    1607,     547,       0,       0,       0,       0,       0,       0,       0,       0,       0,       0,    -825,    -186,     -35,       0,    -502,    -758,    -688,    -793,    -137,     -32,  100.0,   21.1,    2.9,    0.0,   64.7,   92.2,   85.8,   95.2,   14.2,    4.8,  100.0,   21.1,    2.9,    0.0,   64.7,   92.2,   85.8,   95.2,   14.2,    4.8,    0.0,    0.0,    0.0,    0.0,    0.0,    0.0,    0.0,    0.0,    0.0,    0.0,     20,      3,      1,      0,     13,      7,     16,      8,     20,      3,      1,      0,     13,      7,     16,      8,      0,      0,      0,      0,      0,      0,      0,      0,    44.7,    81.9,    68.5,    95.2,    44.7,    80.9,    68.5,    90.4,    44.7,    81.9,    68.5,    95.2,    44.7,    80.9,    68.5,    90.4,     0.0,     0.0,     0.0,     0.0,     0.0,     0.0,     0.0,     0.0,Megawatt Hours (MWh),064DMZ,NODX,064 
PJM.BGE_month_on_dap - NODAL EXCHANGE,261006,2026-10-06,064DPQ,NODX,01,064 ,   24970,    3800,    2550,     180,   20345,   21450,   24325,   24180,     645,     790,   24970,    3800,    2550,     180,   20345,   21450,   24325,   24180,     645,     790,       0,       0,       0,       0,       0,       0,       0,       0,       0,       0,   -1535,    -245,     -15,     -35,   -1205,   -1445,   -1485,   -1495,     -50,     -40,  100.0,   15.2,   10.2,    0.7,   81.5,   85.9,   97.4,   96.8,    2.6,    3.2,  100.0,   15.2,   10.2,    0.7,   81.5,   85.9,   97.4,   96.8,    2.6,    3.2,    0.0,    0.0,    0.0,    0.0,    0.0,    0.0,    0.0,    0.0,    0.0,    0.0,     27,      5,      2,      1,     17,     10,     23,     12,     27,      5,      2,      1,     17,     10,     23,     12,      0,      0,      0,      0,      0,      0,      0,      0,    57.0,    87.6,    76.2,    93.8,    56.0,    85.9,    74.3,    90.1,    57.0,    87.6,    76.2,    93.8,    56.0,    85.9,    74.3,    90.1,     0.0,     0.0,     0.0,     0.0,     0.0,     0.0,     0.0,     0.0,Megawatt Hours (MWh),064DPQ,NODX,064 
PJM.BGE_month_off_dap - NODAL EXCHANGE,261006,2026-10-06,064DPR,NODX,01,064 ,   24890,    3815,    2575,     180,   19890,   21000,   23885,   23755,    1005,    1135,   24890,    3815,    2575,     180,   19890,   21000,   23885,   23755,    1005,    1135,       0,       0,       0,       0,       0,       0,       0,       0,       0,       0,   -1525,    -245,     -15,     -35,   -1190,   -1435,   -1470,   -1485,     -55,     -40,  100.0,   15.3,   10.3,    0.7,   79.9,   84.4,   96.0,   95.4,    4.0,    4.6,  100.0,   15.3,   10.3,    0.7,   79.9,   84.4,   96.0,   95.4,    4.0,    4.6,    0.0,    0.0,    0.0,    0.0,    0.0,    0.0,    0.0,    0.0,    0.0,    0.0,     27,      5,      2,      1,     17,     10,     23,     12,     27,      5,      2,      1,     17,     10,     23,     12,      0,      0,      0,      0,      0,      0,      0,      0,    56.4,    87.1,    74.1,    92.8,    55.5,    85.4,    72.2,    88.5,    56.4,    87.1,    74.1,    92.8,    55.5,    85.4,    72.2,    88.5,     0.0,     0.0,     0.0,     0.0,     0.0,     0.0,     0.0,     0.0,Megawatt Hours (MWh),064DPR,NODX,064 
PJM.DOM_month_on_dap - NODAL EXCHANGE,261006,2026-10-06,064DZS,NODX,01,064 ,   10924,    1310,    2470,      25,    8934,    7784,   10269,   10279,     655,     645,   10924,    1310,    2470,      25,    8934,    7784,   10269,   10279,     655,     645,       0,       0,       0,       0,       0,       0,       0,       0,       0,       0,    -955,     -50,    -115,       0,    -875,    -770,    -925,    -885,     -30,     -70,  100.0,   12.0,   22.6,    0.2,   81.8,   71.3,   94.0,   94.1,    6.0,    5.9,  100.0,   12.0,   22.6,    0.2,   81.8,   71.3,   94.0,   94.1,    6.0,    5.9,    0.0,    0.0,    0.0,    0.0,    0.0,    0.0,    0.0,    0.0,    0.0,    0.0,     21,      2,      4,      1,     13,      8,     16,     12,     21,      2,      4,      1,     13,      8,     16,     12,      0,      0,      0,      0,      0,      0,      0,      0,    59.9,    75.3,    81.4,    89.9,    57.4,    68.7,    76.0,    81.3,    59.9,    75.3,    81.4,    89.9,    57.4,    68.7,    76.0,    81.3,     0.0,     0.0,     0.0,     0.0,     0.0,     0.0,     0.0,     0.0,Megawatt Hours (MWh),064DZS,NODX,064 
PJM.DOM_month_off_dap - NODAL EXCHANGE,261006,2026-10-06,064DZT,NODX,01,064 ,   11384,    1310,    2470,      25,    9429,    8354,   10764,   10849,     620,     535,   11384,    1310,    2470,      25,    9429,    8354,   10764,   10849,     620,     535,       0,       0,       0,       0,       0,       0,       0,       0,       0,       0,    -985,     -50,    -115,       0,    -920,    -795,    -970,    -910,     -15,     -75,  100.0,   11.5,   21.7,    0.2,   82.8,   73.4,   94.6,   95.3,    5.4,    4.7,  100.0,   11.5,   21.7,    0.2,   82.8,   73.4,   94.6,   95.3,    5.4,    4.7,    0.0,    0.0,    0.0,    0.0,    0.0,    0.0,    0.0,    0.0,    0.0,    0.0,     22,      2,      4,      1,     14,      8,     17,     12,     22,      2,      4,      1,     14,      8,     17,     12,      0,      0,      0,      0,      0,      0,      0,      0,    58.2,    76.1,    82.2,    91.3,    55.8,    69.7,    77.3,    83.7,    58.2,    76.1,    82.2,    91.3,    55.8,    69.7,    77.3,    83.7,     0.0,     0.0,     0.0,     0.0,     0.0,     0.0,     0.0,     0.0,Megawatt Hours (MWh),064DZT,NODX,064 
PJM.JCPL_month_on_dap - NODAL EXCHANGE,261006,2026-10-06,064EJI,NODX,01,064 ,   44615,    5560,    7930,     135,   35890,   34355,   41585,   42420,    3030,    2195,   44615,    5560,    7930,     135,   35890,   34355,   41585,   42420,    3030,    2195,       0,       0,       0,       0,       0,       0,       0,       0,       0,       0,   -3377,   -1050,    1415,    -840,    -477,   -3477,   -2367,   -2902,   -1010,    -475,  100.0,   12.5,   17.8,    0.3,   80.4,   77.0,   93.2,   95.1,    6.8,    4.9,  100.0,   12.5,   17.8,    0.3,   80.4,   77.0,   93.2,   95.1,    6.8,    4.9,    0.0,    0.0,    0.0,    0.0,    0.0,    0.0,    0.0,    0.0,    0.0,    0.0,     31,      4,      2,      2,     19,     14,     24,     17,     31,      4,      2,      2,     19,     14,     24,     17,      0,      0,      0,      0,      0,      0,      0,      0,    58.2,    81.3,    74.1,    91.5,    57.6,    81.1,    73.2,    91.2,    58.2,    81.3,    74.1,    91.5,    57.6,    81.1,    73.2,    91.2,     0.0,     0.0,     0.0,     0.0,     0.0,     0.0,     0.0,     0.0,Megawatt Hours (MWh),064EJI,NODX,064 
PJM.JCPL_month_off_dap - NODAL EXCHANGE,261006,2026-10-06,064EJJ,NODX,01,064 ,   41550,    5590,    6650,      60,   32410,   32585,   38060,   39295,    3490,    2255,   41550,    5590,    6650,      60,   32410,   32585,   38060,   39295,    3490,    2255,       0,       0,       0,       0,       0,       0,       0,       0,       0,       0,   -3457,   -1050,    1415,    -840,   -1017,   -3557,   -2907,   -2982,    -550,    -475,  100.0,   13.5,   16.0,    0.1,   78.0,   78.4,   91.6,   94.6,    8.4,    5.4,  100.0,   13.5,   16.0,    0.1,   78.0,   78.4,   91.6,   94.6,    8.4,    5.4,    0.0,    0.0,    0.0,    0.0,    0.0,    0.0,    0.0,    0.0,    0.0,    0.0,     30,      4,      2,      2,     19,     14,     24,     17,     30,      4,      2,      2,     19,     14,     24,     17,      0,      0,      0,      0,      0,      0,      0,      0,    57.1,    81.0,    74.1,    90.3,    56.4,    80.9,    73.4,    90.1,    57.1,    81.0,    74.1,    90.3,    56.4,    80.9,    73.4,    90.1,     0.0,     0.0,     0.0,     0.0,     0.0,     0.0,     0.0,     0.0,Megawatt Hours (MWh),064EJJ,NODX,064 
PJM.METED_month_on_dap - NODAL EXCHANGE,261006,2026-10-06,064EOW,NODX,01,064 ,   10958,     174,     530,     245,    8486,    9354,    8905,   10129,    2053,     829,   10958,     174,     530,     245,    8486,    9354,    8905,   10129,    2053,     829,       0,       0,       0,       0,       0,       0,       0,       0,       0,       0,    -881,       9,     -45,     -10,    -945,    -783,    -946,    -838,      65,     -43,  100.0,    1.6,    4.8,    2.2,   77.4,   85.4,   81.3,   92.4,   18.7,    7.6,  100.0,    1.6,    4.8,    2.2,   77.4,   85.4,   81.3,   92.4,   18.7,    7.6,    0.0,    0.0,    0.0,    0.0,    0.0,    0.0,    0.0,    0.0,    0.0,    0.0,     21,      1,      3,      2,     14,      7,     17,     10,     21,      1,      3,      2,     14,      7,     17,     10,      0,      0,      0,      0,      0,      0,      0,      0,    55.5,    75.9,    71.6,    89.4,    55.5,    73.2,    71.1,    84.2,    55.5,    75.9,    71.6,    89.4,    55.5,    73.2,    71.1,    84.2,     0.0,     0.0,     0.0,     0.0,     0.0,     0.0,     0.0,     0.0,Megawatt Hours (MWh),064EOW,NODX,064 
PJM.METED_month_off_dap - NODAL EXCHANGE,261006,2026-10-06,064EOX,NODX,01,064 ,   11103,     174,     530,     245,    8631,    9529,    9050,   10304,    2053,     799,   11103,     174,     530,     245,    8631,    9529,    9050,   10304,    2053,     799,       0,       0,       0,       0,       0,       0,       0,       0,       0,       0,    -858,       9,     -45,     -10,    -925,    -773,    -926,    -828,      68,     -30,  100.0,    1.6,    4.8,    2.2,   77.7,   85.8,   81.5,   92.8,   18.5,    7.2,  100.0,    1.6,    4.8,    2.2,   77.7,   85.8,   81.5,   92.8,   18.5,    7.2,    0.0,    0.0,    0.0,    0.0,    0.0,    0.0,    0.0,    0.0,    0.0,    0.0,     21,      1,      3,      2,     14,      8,     17,     11,     21,      1,      3,      2,     14,      8,     17,     11,      0,      0,      0,      0,      0,      0,      0,      0,    54.1,    75.2,    72.0,    88.6,    52.9,    73.2,    68.2,    81.2,    54.1,    75.2,    72.0,    88.6,    52.9,    73.2,    68.2,    81.2,     0.0,     0.0,     0.0,     0.0,     0.0,     0.0,     0.0,     0.0,Megawatt Hours (MWh),064EOX,NODX,064 
PJM.N ILLINOIS HUB_mo_on_dap - NODAL EXCHANGE,261006,2026-10-06,064ERM,NODX,01,064 ,   91244,    2945,     385,       0,   80900,   83401,   83845,   83786,    7399,    7458,   91244,    2945,     385,       0,   80900,   83401,   83845,   83786,    7399,    7458,       0,       0,       0,       0,       0,       0,       0,       0,       0,       0,   -2548,    -140,       0,       0,   -1968,   -2113,   -2108,   -2113,    -440,    -435,  100.0,    3.2,    0.4,    0.0,   88.7,   91.4,   91.9,   91.8,    8.1,    8.2,  100.0,    3.2,    0.4,    0.0,   88.7,   91.4,   91.9,   91.8,    8.1,    8.2,    0.0,    0.0,    0.0,    0.0,    0.0,    0.0,    0.0,    0.0,    0.0,    0.0,     33,      4,      2,      0,     20,     21,     24,     23,     33,      4,      2,      0,     20,     21,     24,     23,      0,      0,      0,      0,      0,      0,      0,      0,    59.9,    74.5,    83.3,    84.2,    57.1,    74.3,    78.1,    82.4,    59.9,    74.5,    83.3,    84.2,    57.1,    74.3,    78.1,    82.4,     0.0,     0.0,     0.0,     0.0,     0.0,     0.0,     0.0,     0.0,Megawatt Hours (MWh),064ERM,NODX,064 
PJM.N ILLINOIS HUB_mo_off_dap - NODAL EXCHANGE,261006,2026-10-06,064ERN,NODX,01,064 ,   90199,    2885,     385,       0,   80080,   82521,   82965,   82906,    7234,    7293,   90199,    2885,     385,       0,   80080,   82521,   82965,   82906,    7234,    7293,       0,       0,       0,       0,       0,       0,       0,       0,       0,       0,   -2421,    -140,       0,       0,   -1786,   -1931,   -1926,   -1931,    -495,    -490,  100.0,    3.2,    0.4,    0.0,   88.8,   91.5,   92.0,   91.9,    8.0,    8.1,  100.0,    3.2,    0.4,    0.0,   88.8,   91.5,   92.0,   91.9,    8.0,    8.1,    0.0,    0.0,    0.0,    0.0,    0.0,    0.0,    0.0,    0.0,    0.0,    0.0,     33,      4,      2,      0,     20,     22,     24,     24,     33,      4,      2,      0,     20,     22,     24,     24,      0,      0,      0,      0,      0,      0,      0,      0,    59.5,    75.5,    82.0,    84.9,    56.5,    75.3,    77.1,    83.2,    59.5,    75.5,    82.0,    84.9,    56.5,    75.3,    77.1,    83.2,     0.0,     0.0,     0.0,     0.0,     0.0,     0.0,     0.0,     0.0,Megawatt Hours (MWh),064ERN,NODX,064 
PJM.PECO_month_on_dap - NODAL EXCHANGE,261006,2026-10-06,064EUY,NODX,01,064 ,   98883,   18319,    3501,     244,   72189,   87206,   90752,   90951,    8131,    7932,   98883,   18319,    3501,     244,   72189,   87206,   90752,   90951,    8131,    7932,       0,       0,       0,       0,       0,       0,       0,       0,       0,       0,   -4557,    -995,    2290,     -90,   -2536,   -5999,   -3621,   -3799,    -936,    -758,  100.0,   18.5,    3.5,    0.2,   73.0,   88.2,   91.8,   92.0,    8.2,    8.0,  100.0,   18.5,    3.5,    0.2,   73.0,   88.2,   91.8,   92.0,    8.2,    8.0,    0.0,    0.0,    0.0,    0.0,    0.0,    0.0,    0.0,    0.0,    0.0,    0.0,     38,      4,      6,      3,     23,     16,     29,     23,     38,      4,      6,      3,     23,     16,     29,     23,      0,      0,      0,      0,      0,      0,      0,      0,    47.0,    73.7,    71.1,    87.0,    44.8,    72.9,    61.1,    77.3,    47.0,    73.7,    71.1,    87.0,    44.8,    72.9,    61.1,    77.3,     0.0,     0.0,     0.0,     0.0,     0.0,     0.0,     0.0,     0.0,Megawatt Hours (MWh),064EUY,NODX,064 
PJM.PECO_month_off_dap - NODAL EXCHANGE,261006,2026-10-06,064EUZ,NODX,01,064 ,   98099,   18089,    3201,     419,   70464,   85471,   88972,   89091,    9127,    9008,   98099,   18089,    3201,     419,   70464,   85471,   88972,   89091,    9127,    9008,       0,       0,       0,       0,       0,       0,       0,       0,       0,       0,   -4794,   -1000,    2265,     -65,   -2386,   -5819,   -3451,   -3619,   -1343,   -1175,  100.0,   18.4,    3.3,    0.4,   71.8,   87.1,   90.7,   90.8,    9.3,    9.2,  100.0,   18.4,    3.3,    0.4,   71.8,   87.1,   90.7,   90.8,    9.3,    9.2,    0.0,    0.0,    0.0,    0.0,    0.0,    0.0,    0.0,    0.0,    0.0,    0.0,     38,      4,      6,      4,     23,     16,     30,     23,     38,      4,      6,      4,     23,     16,     30,     23,      0,      0,      0,      0,      0,      0,      0,      0,    44.4,    72.4,    70.2,    86.0,    41.8,    72.0,    59.0,    76.7,    44.4,    72.4,    70.2,    86.0,    41.8,    72.0,    59.0,    76.7,     0.0,     0.0,     0.0,     0.0,     0.0,     0.0,     0.0,     0.0,Megawatt Hours (MWh),064EUZ,NODX,064 
PJM.PENELEC_month_on_dap - NODAL EXCHANGE,261006,2026-10-06,064EVA,NODX,01,064 ,   11636,    5910,       0,      30,    4184,   10586,   10124,   10616,    1512,    1020,   11636,    5910,       0,      30,    4184,   10586,   10124,   10616,    1512,    1020,       0,       0,       0,       0,       0,       0,       0,       0,       0,       0,    -660,    -166,       0,     -10,    -393,    -625,    -569,    -635,     -91,     -25,  100.0,   50.8,    0.0,    0.3,   36.0,   91.0,   87.0,   91.2,   13.0,    8.8,  100.0,   50.8,    0.0,    0.3,   36.0,   91.0,   87.0,   91.2,   13.0,    8.8,    0.0,    0.0,    0.0,    0.0,    0.0,    0.0,    0.0,    0.0,    0.0,    0.0,     20,      5,      0,      1,     10,      8,     15,      9,     20,      5,      0,      1,     10,      8,     15,      9,      0,      0,      0,      0,      0,      0,      0,      0,    62.5,    80.5,    77.0,    91.0,    62.2,    80.5,    75.9,    88.2,    62.5,    80.5,    77.0,    91.0,    62.2,    80.5,    75.9,    88.2,     0.0,     0.0,     0.0,     0.0,     0.0,     0.0,     0.0,     0.0,Megawatt Hours (MWh),064EVA,NODX,064 
PJM.PEPCO_month_on_dap - NODAL EXCHANGE,261006,2026-10-06,064EVG,NODX,01,064 ,   29713,     750,    5619,     870,   24790,   20469,   26410,   26958,    3303,    2755,   29713,     750,    5619,     870,   24790,   20469,   26410,   26958,    3303,    2755,       0,       0,       0,       0,       0,       0,       0,       0,       0,       0,     832,    -100,   -1063,     285,     367,    1477,     552,     699,     280,     133,  100.0,    2.5,   18.9,    2.9,   83.4,   68.9,   88.9,   90.7,   11.1,    9.3,  100.0,    2.5,   18.9,    2.9,   83.4,   68.9,   88.9,   90.7,   11.1,    9.3,    0.0,    0.0,    0.0,    0.0,    0.0,    0.0,    0.0,    0.0,    0.0,    0.0,     29,      2,      3,      2,     20,     11,     23,     15,     29,      2,      3,      2,     20,     11,     23,     15,      0,      0,      0,      0,      0,      0,      0,      0,    45.8,    70.0,    67.6,    84.7,    45.7,    60.7,    64.0,    74.4,    45.8,    70.0,    67.6,    84.7,    45.7,    60.7,    64.0,    74.4,     0.0,     0.0,     0.0,     0.0,     0.0,     0.0,     0.0,     0.0,Megawatt Hours (MWh),064EVG,NODX,064 
PJM.PEPCO_month_off_dap - NODAL EXCHANGE,261006,2026-10-06,064EVH,NODX,01,064 ,   29713,     750,    5619,     870,   24790,   20469,   26410,   26958,    3303,    2755,   29713,     750,    5619,     870,   24790,   20469,   26410,   26958,    3303,    2755,       0,       0,       0,       0,       0,       0,       0,       0,       0,       0,     832,    -100,   -1063,     285,     367,    1477,     552,     699,     280,     133,  100.0,    2.5,   18.9,    2.9,   83.4,   68.9,   88.9,   90.7,   11.1,    9.3,  100.0,    2.5,   18.9,    2.9,   83.4,   68.9,   88.9,   90.7,   11.1,    9.3,    0.0,    0.0,    0.0,    0.0,    0.0,    0.0,    0.0,    0.0,    0.0,    0.0,     29,      2,      3,      2,     20,     11,     23,     15,     29,      2,      3,      2,     20,     11,     23,     15,      0,      0,      0,      0,      0,      0,      0,      0,    45.8,    70.0,    67.6,    84.7,    45.7,    60.7,    64.0,    74.4,    45.8,    70.0,    67.6,    84.7,    45.7,    60.7,    64.0,    74.4,     0.0,     0.0,     0.0,     0.0,     0.0,     0.0,     0.0,     0.0,Megawatt Hours (MWh),064EVH,NODX,064 
PJM.PPL_month_on_dap - NODAL EXCHANGE,261006,2026-10-06,064EWU,NODX,01,064 ,   70145,    2980,    2200,    1755,   63338,   64605,   68073,   68560,    2072,    1585,   70145,    2980,    2200,    1755,   63338,   64605,   68073,   68560,    2072,    1585,       0,       0,       0,       0,       0,       0,       0,       0,       0,       0,   -4315,      75,   -1330,      35,   -4336,   -2965,   -4226,   -4260,     -89,     -55,  100.0,    4.2,    3.1,    2.5,   90.3,   92.1,   97.0,   97.7,    3.0,    2.3,  100.0,    4.2,    3.1,    2.5,   90.3,   92.1,   97.0,   97.7,    3.0,    2.3,    0.0,    0.0,    0.0,    0.0,    0.0,    0.0,    0.0,    0.0,    0.0,    0.0,     40,      5,      1,      3,     29,     25,     35,     28,     40,      5,      1,      3,     29,     25,     35,     28,      0,      0,      0,      0,      0,      0,      0,      0,    67.5,    57.0,    79.0,    71.7,    66.0,    55.9,    73.9,    68.6,    67.5,    57.0,    79.0,    71.7,    66.0,    55.9,    73.9,    68.6,     0.0,     0.0,     0.0,     0.0,     0.0,     0.0,     0.0,     0.0,Megawatt Hours (MWh),064EWU,NODX,064 
PJM.PPL_month_off_dap - NODAL EXCHANGE,261006,2026-10-06,064EWV,NODX,01,064 ,   70151,    2980,    2190,    1800,   63357,   64621,   68137,   68611,    2014,    1540,   70151,    2980,    2190,    1800,   63357,   64621,   68137,   68611,    2014,    1540,       0,       0,       0,       0,       0,       0,       0,       0,       0,       0,   -4317,      75,   -1205,      80,   -4343,   -3092,   -4188,   -4217,    -129,    -100,  100.0,    4.2,    3.1,    2.6,   90.3,   92.1,   97.1,   97.8,    2.9,    2.2,  100.0,    4.2,    3.1,    2.6,   90.3,   92.1,   97.1,   97.8,    2.9,    2.2,    0.0,    0.0,    0.0,    0.0,    0.0,    0.0,    0.0,    0.0,    0.0,    0.0,     40,      5,      1,      3,     29,     25,     35,     28,     40,      5,      1,      3,     29,     25,     35,     28,      0,      0,      0,      0,      0,      0,      0,      0,    68.3,    57.6,    79.8,    72.3,    66.8,    57.1,    74.8,    69.7,    68.3,    57.6,    79.8,    72.3,    66.8,    57.1,    74.8,    69.7,     0.0,     0.0,     0.0,     0.0,     0.0,     0.0,     0.0,     0.0,Megawatt Hours (MWh),064EWV,NODX,064 
PJM PSEG DAP - NODAL EXCHANGE,261006,2026-10-06,064EXE,NODX,01,064 ,   84507,    6299,    6208,    3340,   60121,   60715,   69760,   70263,   14747,   14244,   84507,    6299,    6208,    3340,   60121,   60715,   69760,   70263,   14747,   14244,       0,       0,       0,       0,       0,       0,       0,       0,       0,       0,   -1275,    -511,   -3126,    1740,   -2559,     257,   -1330,   -1129,      55,    -146,  100.0,    7.5,    7.3,    4.0,   71.1,   71.8,   82.5,   83.1,   17.5,   16.9,  100.0,    7.5,    7.3,    4.0,   71.1,   71.8,   82.5,   83.1,   17.5,   16.9,    0.0,    0.0,    0.0,    0.0,    0.0,    0.0,    0.0,    0.0,    0.0,    0.0,     38,      3,      5,      4,     28,     21,     34,     27,     38,      3,      5,      4,     28,     21,     34,     27,      0,      0,      0,      0,      0,      0,      0,      0,    33.9,    46.1,    50.2,    64.9,    27.6,    33.8,    37.7,    45.7,    33.9,    46.1,    50.2,    64.9,    27.6,    33.8,    37.7,    45.7,     0.0,     0.0,     0.0,     0.0,     0.0,     0.0,     0.0,     0.0,Megawatt Hours (MWh),064EXE,NODX,064 
PJM.PSEG_month_off_dap - NODAL EXCHANGE,261006,2026-10-06,064EXF,NODX,01,064 ,   81730,    6109,    5813,    3115,   57682,   58596,   66906,   67524,   14824,   14206,   81730,    6109,    5813,    3115,   57682,   58596,   66906,   67524,   14824,   14206,       0,       0,       0,       0,       0,       0,       0,       0,       0,       0,   -1641,    -706,   -2716,    1380,   -2120,    -344,   -1446,   -1680,    -195,      39,  100.0,    7.5,    7.1,    3.8,   70.6,   71.7,   81.9,   82.6,   18.1,   17.4,  100.0,    7.5,    7.1,    3.8,   70.6,   71.7,   81.9,   82.6,   18.1,   17.4,    0.0,    0.0,    0.0,    0.0,    0.0,    0.0,    0.0,    0.0,    0.0,    0.0,     38,      3,      5,      4,     28,     21,     34,     27,     38,      3,      5,      4,     28,     21,     34,     27,      0,      0,      0,      0,      0,      0,      0,      0,    33.1,    44.2,    49.6,    64.4,    28.2,    33.4,    38.5,    46.4,    33.1,    44.2,    49.6,    64.4,    28.2,    33.4,    38.5,    46.4,     0.0,     0.0,     0.0,     0.0,     0.0,     0.0,     0.0,     0.0,Megawatt Hours (MWh),064EXF,NODX,064 
PJM.WESTERN HUB DAP - NODAL EXCHANGE,261006,2026-10-06,064FHK,NODX,01,064 ,  243066,   15910,   25234,    3017,  171839,  162567,  190766,  190818,   52300,   52248,  243066,   15910,   25234,    3017,  171839,  162567,  190766,  190818,   52300,   52248,       0,       0,       0,       0,       0,       0,       0,       0,       0,       0,   -4707,    4217,    2266,   -1252,   -3747,   -1617,    -782,    -603,   -3925,   -4104,  100.0,    6.5,   10.4,    1.2,   70.7,   66.9,   78.5,   78.5,   21.5,   21.5,  100.0,    6.5,   10.4,    1.2,   70.7,   66.9,   78.5,   78.5,   21.5,   21.5,    0.0,    0.0,    0.0,    0.0,    0.0,    0.0,    0.0,    0.0,    0.0,    0.0,     57,      8,      6,      7,     35,     39,     46,     49,     57,      8,      6,      7,     35,     39,     46,     49,      0,      0,      0,      0,      0,      0,      0,      0,    44.4,    33.9,    57.1,    52.1,    42.4,    31.9,    53.6,    49.3,    44.4,    33.9,    57.1,    52.1,    42.4,    31.9,    53.6,    49.3,     0.0,     0.0,     0.0,     0.0,     0.0,     0.0,     0.0,     0.0,Megawatt Hours (MWh),064FHK,NODX,064 
PJM.WESTERN HUB_month_off_dap - NODAL EXCHANGE,261006,2026-10-06,064FHL,NODX,01,064 ,  237823,   10139,   26258,    4299,  170998,  154801,  185436,  185358,   52387,   52465,  237823,   10139,   26258,    4299,  170998,  154801,  185436,  185358,   52387,   52465,       0,       0,       0,       0,       0,       0,       0,       0,       0,       0,   -5199,    4767,    2023,   -1702,   -3073,    -140,      -8,     181,   -5191,   -5380,  100.0,    4.3,   11.0,    1.8,   71.9,   65.1,   78.0,   77.9,   22.0,   22.1,  100.0,    4.3,   11.0,    1.8,   71.9,   65.1,   78.0,   77.9,   22.0,   22.1,    0.0,    0.0,    0.0,    0.0,    0.0,    0.0,    0.0,    0.0,    0.0,    0.0,     57,      7,      6,      8,     34,     39,     45,     50,     57,      7,      6,      8,     34,     39,     45,     50,      0,      0,      0,      0,      0,      0,      0,      0,    43.6,    32.5,    56.1,    50.8,    42.0,    29.7,    52.5,    47.5,    43.6,    32.5,    56.1,    50.8,    42.0,    29.7,    52.5,    47.5,     0.0,     0.0,     0.0,     0.0,     0.0,     0.0,     0.0,     0.0,Megawatt Hours (MWh),064FHL,NODX,064 
MISO.INDIANA.HUB_month_on_rtp - NODAL EXCHANGE,261006,2026-10-06,064FJY,NODX,01,064 ,   28745,     510,    3120,     340,   23370,   21080,   24220,   24540,    4525,    4205,   28745,     510,    3120,     340,   23370,   21080,   24220,   24540,    4525,    4205,       0,       0,       0,       0,       0,       0,       0,       0,       0,       0,     315,     -10,    -560,     250,    -130,     300,     110,     -10,     205,     325,  100.0,    1.8,   10.9,    1.2,   81.3,   73.3,   84.3,   85.4,   15.7,   14.6,  100.0,    1.8,   10.9,    1.2,   81.3,   73.3,   84.3,   85.4,   15.7,   14.6,    0.0,    0.0,    0.0,    0.0,    0.0,    0.0,    0.0,    0.0,    0.0,    0.0,     23,      2,      1,      2,     18,     18,     21,     20,     23,      2,      1,      2,     18,     18,     21,     20,      0,      0,      0,      0,      0,      0,      0,      0,    52.2,    55.7,    66.5,    68.5,    40.8,    43.3,    46.9,    49.2,    52.2,    55.7,    66.5,    68.5,    40.8,    43.3,    46.9,    49.2,     0.0,     0.0,     0.0,     0.0,     0.0,     0.0,     0.0,     0.0,Megawatt Hours (MWh),064FJY,NODX,064 
MISO.INDIANA.HUB_month_off_rtp - NODAL EXCHANGE,261006,2026-10-06,064FJZ,NODX,01,064 ,   27100,     875,    3073,      77,   23184,   21051,   24136,   24201,    2964,    2899,   27100,     875,    3073,      77,   23184,   21051,   24136,   24201,    2964,    2899,       0,       0,       0,       0,       0,       0,       0,       0,       0,       0,     -20,      10,    -690,       0,    -505,      75,    -495,    -615,     475,     595,  100.0,    3.2,   11.3,    0.3,   85.5,   77.7,   89.1,   89.3,   10.9,   10.7,  100.0,    3.2,   11.3,    0.3,   85.5,   77.7,   89.1,   89.3,   10.9,   10.7,    0.0,    0.0,    0.0,    0.0,    0.0,    0.0,    0.0,    0.0,    0.0,    0.0,     23,      2,      1,      2,     17,     18,     20,     20,     23,      2,      1,      2,     17,     18,     20,     20,      0,      0,      0,      0,      0,      0,      0,      0,    62.0,    56.8,    74.9,    72.3,    50.6,    48.5,    56.4,    56.3,    62.0,    56.8,    74.9,    72.3,    50.6,    48.5,    56.4,    56.3,     0.0,     0.0,     0.0,     0.0,     0.0,     0.0,     0.0,     0.0,Megawatt Hours (MWh),064FJZ,NODX,064 
PJM.AEP-DAYTON HUB_mo_on_rtp - NODAL EXCHANGE,261006,2026-10-06,064FKA,NODX,01,064 ,   72446,    8897,    6585,    3236,   51626,   54111,   63759,   63932,    8687,    8514,   72446,    8897,    6585,    3236,   51626,   54111,   63759,   63932,    8687,    8514,       0,       0,       0,       0,       0,       0,       0,       0,       0,       0,   -2232,     188,     125,    -305,   -1478,   -1507,   -1595,   -1687,    -637,    -545,  100.0,   12.3,    9.1,    4.5,   71.3,   74.7,   88.0,   88.2,   12.0,   11.8,  100.0,   12.3,    9.1,    4.5,   71.3,   74.7,   88.0,   88.2,   12.0,   11.8,    0.0,    0.0,    0.0,    0.0,    0.0,    0.0,    0.0,    0.0,    0.0,    0.0,     41,      8,      4,      8,     27,     27,     37,     37,     41,      8,      4,      8,     27,     27,     37,     37,      0,      0,      0,      0,      0,      0,      0,      0,    32.9,    43.9,    54.7,    61.0,    27.4,    35.3,    41.4,    48.5,    32.9,    43.9,    54.7,    61.0,    27.4,    35.3,    41.4,    48.5,     0.0,     0.0,     0.0,     0.0,     0.0,     0.0,     0.0,     0.0,Megawatt Hours (MWh),064FKA,NODX,064 
PJM.AEP-DAYTON HUB_mo_off_rtp - NODAL EXCHANGE,261006,2026-10-06,064FKB,NODX,01,064 ,   72630,    2657,    8210,    3422,   56745,   51597,   62824,   63229,    9806,    9401,   72630,    2657,    8210,    3422,   56745,   51597,   62824,   63229,    9806,    9401,       0,       0,       0,       0,       0,       0,       0,       0,       0,       0,   -1916,     -48,     280,    -240,   -1498,   -2021,   -1786,   -1981,    -130,      65,  100.0,    3.7,   11.3,    4.7,   78.1,   71.0,   86.5,   87.1,   13.5,   12.9,  100.0,    3.7,   11.3,    4.7,   78.1,   71.0,   86.5,   87.1,   13.5,   12.9,    0.0,    0.0,    0.0,    0.0,    0.0,    0.0,    0.0,    0.0,    0.0,    0.0,     40,      5,      7,      8,     26,     26,     36,     36,     40,      5,      7,      8,     26,     26,     36,     36,      0,      0,      0,      0,      0,      0,      0,      0,    37.3,    40.3,    55.3,    58.2,    27.5,    31.8,    40.6,    45.3,    37.3,    40.3,    55.3,    58.2,    27.5,    31.8,    40.6,    45.3,     0.0,     0.0,     0.0,     0.0,     0.0,     0.0,     0.0,     0.0,Megawatt Hours (MWh),064FKB,NODX,064 
PJM.N ILLINOIS HUB_mo_on_rtp - NODAL EXCHANGE,261006,2026-10-06,064FKC,NODX,01,064 ,   64875,     925,      70,     470,   57659,   58701,   59054,   59241,    5821,    5634,   64875,     925,      70,     470,   57659,   58701,   59054,   59241,    5821,    5634,       0,       0,       0,       0,       0,       0,       0,       0,       0,       0,   -1968,      55,      60,    -135,   -1391,   -1433,   -1471,   -1508,    -497,    -460,  100.0,    1.4,    0.1,    0.7,   88.9,   90.5,   91.0,   91.3,    9.0,    8.7,  100.0,    1.4,    0.1,    0.7,   88.9,   90.5,   91.0,   91.3,    9.0,    8.7,    0.0,    0.0,    0.0,    0.0,    0.0,    0.0,    0.0,    0.0,    0.0,    0.0,     26,      3,      1,      3,     18,     16,     22,     19,     26,      3,      1,      3,     18,     16,     22,     19,      0,      0,      0,      0,      0,      0,      0,      0,    57.0,    62.1,    77.9,    79.5,    37.9,    50.3,    53.6,    58.0,    57.0,    62.1,    77.9,    79.5,    37.9,    50.3,    53.6,    58.0,     0.0,     0.0,     0.0,     0.0,     0.0,     0.0,     0.0,     0.0,Megawatt Hours (MWh),064FKC,NODX,064 
PJM.N ILLINOIS HUB_mo_off_rtp - NODAL EXCHANGE,261006,2026-10-06,064FKD,NODX,01,064 ,   62742,    3339,      55,     370,   52301,   55877,   56010,   56302,    6732,    6440,   62742,    3339,      55,     370,   52301,   55877,   56010,   56302,    6732,    6440,       0,       0,       0,       0,       0,       0,       0,       0,       0,       0,   -1821,     180,      15,    -105,   -1453,   -1320,   -1378,   -1410,    -443,    -411,  100.0,    5.3,    0.1,    0.6,   83.4,   89.1,   89.3,   89.7,   10.7,   10.3,  100.0,    5.3,    0.1,    0.6,   83.4,   89.1,   89.3,   89.7,   10.7,   10.3,    0.0,    0.0,    0.0,    0.0,    0.0,    0.0,    0.0,    0.0,    0.0,    0.0,     27,      3,      1,      4,     17,     19,     21,     23,     27,      3,      1,      4,     17,     19,     21,     23,      0,      0,      0,      0,      0,      0,      0,      0,    55.7,    60.8,    72.9,    75.8,    31.9,    44.5,    44.3,    50.4,    55.7,    60.8,    72.9,    75.8,    31.9,    44.5,    44.3,    50.4,     0.0,     0.0,     0.0,     0.0,     0.0,     0.0,     0.0,     0.0,Megawatt Hours (MWh),064FKD,NODX,064 
PJM.WESTERN HUB_month_on_rtp - NODAL EXCHANGE,261006,2026-10-06,064FKE,NODX,01,064 ,  223562,   11966,   18988,    5044,  179224,  172073,  196234,  196105,   27328,   27457,  223562,   11966,   18988,    5044,  179224,  172073,  196234,  196105,   27328,   27457,       0,       0,       0,       0,       0,       0,       0,       0,       0,       0,  -11905,    1589,     426,    -325,  -12758,  -11595,  -11494,  -11494,    -411,    -411,  100.0,    5.4,    8.5,    2.3,   80.2,   77.0,   87.8,   87.7,   12.2,   12.3,  100.0,    5.4,    8.5,    2.3,   80.2,   77.0,   87.8,   87.7,   12.2,   12.3,    0.0,    0.0,    0.0,    0.0,    0.0,    0.0,    0.0,    0.0,    0.0,    0.0,     51,      7,      5,     10,     32,     33,     43,     45,     51,      7,      5,     10,     32,     33,     43,     45,      0,      0,      0,      0,      0,      0,      0,      0,    34.3,    46.1,    56.6,    60.7,    31.4,    40.9,    48.1,    51.9,    34.3,    46.1,    56.6,    60.7,    31.4,    40.9,    48.1,    51.9,     0.0,     0.0,     0.0,     0.0,     0.0,     0.0,     0.0,     0.0,Megawatt Hours (MWh),064FKE,NODX,064 
PJM.WESTERN HUB_month_off_rtp - NODAL EXCHANGE,261006,2026-10-06,064FKF,NODX,01,064 ,  188642,   11392,   13495,    7083,  138528,  136731,  157003,  157309,   31639,   31333,  188642,   11392,   13495,    7083,  138528,  136731,  157003,  157309,   31639,   31333,       0,       0,       0,       0,       0,       0,       0,       0,       0,       0,   -7471,    1251,    1340,    -315,   -6483,   -6362,   -5547,   -5337,   -1924,   -2134,  100.0,    6.0,    7.2,    3.8,   73.4,   72.5,   83.2,   83.4,   16.8,   16.6,  100.0,    6.0,    7.2,    3.8,   73.4,   72.5,   83.2,   83.4,   16.8,   16.6,    0.0,    0.0,    0.0,    0.0,    0.0,    0.0,    0.0,    0.0,    0.0,    0.0,     49,      5,      5,     10,     34,     33,     44,     44,     49,      5,      5,     10,     34,     33,     44,     44,      0,      0,      0,      0,      0,      0,      0,      0,    36.4,    45.2,    52.4,    58.2,    31.6,    40.3,    44.1,    50.3,    36.4,    45.2,    52.4,    58.2,    31.6,    40.3,    44.1,    50.3,     0.0,     0.0,     0.0,     0.0,     0.0,     0.0,     0.0,     0.0,Megawatt Hours (MWh),064FKF,NODX,064 
ERCOT.HB_NORTH_month_on_rtp - NODAL EXCHANGE,261006,2026-10-06,064FOK,NODX,01,064 ,   80113,    1900,    2240,       0,   69483,   69143,   71383,   71383,    8730,    8730,   80113,    1900,    2240,       0,   69483,   69143,   71383,   71383,    8730,    8730,       0,       0,       0,       0,       0,       0,       0,       0,       0,       0,     150,       0,       0,       0,     150,     150,     150,     150,       0,       0,  100.0,    2.4,    2.8,    0.0,   86.7,   86.3,   89.1,   89.1,   10.9,   10.9,  100.0,    2.4,    2.8,    0.0,   86.7,   86.3,   89.1,   89.1,   10.9,   10.9,    0.0,    0.0,    0.0,    0.0,    0.0,    0.0,    0.0,    0.0,    0.0,    0.0,     27,      1,      2,      0,     19,     21,     20,     23,     27,      1,      2,      0,     19,     21,     20,     23,      0,      0,      0,      0,      0,      0,      0,      0,    66.2,    48.7,    79.4,    70.0,    60.8,    46.6,    72.3,    63.5,    66.2,    48.7,    79.4,    70.0,    60.8,    46.6,    72.3,    63.5,     0.0,     0.0,     0.0,     0.0,     0.0,     0.0,     0.0,     0.0,Megawatt Hours (MWh),064FOK,NODX,064 
ERCOT.HB_NORTH_month_off_rtp - NODAL EXCHANGE,261006,2026-10-06,064FOL,NODX,01,064 ,   77378,       0,    1340,       0,   69574,   68190,   69574,   69530,    7804,    7848,   77378,       0,    1340,       0,   69574,   68190,   69574,   69530,    7804,    7848,       0,       0,       0,       0,       0,       0,       0,       0,       0,       0,     150,       0,       0,       0,     150,     150,     150,     150,       0,       0,  100.0,    0.0,    1.7,    0.0,   89.9,   88.1,   89.9,   89.9,   10.1,   10.1,  100.0,    0.0,    1.7,    0.0,   89.9,   88.1,   89.9,   89.9,   10.1,   10.1,    0.0,    0.0,    0.0,    0.0,    0.0,    0.0,    0.0,    0.0,    0.0,    0.0,     24,      0,      2,      0,     17,     20,     17,     22,     24,      0,      2,      0,     17,     20,     17,     22,      0,      0,      0,      0,      0,      0,      0,      0,    70.6,    50.6,    84.9,    71.7,    64.2,    48.5,    75.2,    65.7,    70.6,    50.6,    84.9,    71.7,    64.2,    48.5,    75.2,    65.7,     0.0,     0.0,     0.0,     0.0,     0.0,     0.0,     0.0,     0.0,Megawatt Hours (MWh),064FOL,NODX,064 
PJM.ATSI_month_on_dap - NODAL EXCHANGE,261006,2026-10-06,064FZA,NODX,01,064 ,   30899,    7552,    1375,     200,   21364,   27476,   29116,   29051,    1783,    1848,   30899,    7552,    1375,     200,   21364,   27476,   29116,   29051,    1783,    1848,       0,       0,       0,       0,       0,       0,       0,       0,       0,       0,    -711,    -400,     -80,     -25,    -111,    -423,    -536,    -528,    -175,    -183,  100.0,   24.4,    4.4,    0.6,   69.1,   88.9,   94.2,   94.0,    5.8,    6.0,  100.0,   24.4,    4.4,    0.6,   69.1,   88.9,   94.2,   94.0,    5.8,    6.0,    0.0,    0.0,    0.0,    0.0,    0.0,    0.0,    0.0,    0.0,    0.0,    0.0,     22,      2,      2,      1,     13,      9,     16,     11,     22,      2,      2,      1,     13,      9,     16,     11,      0,      0,      0,      0,      0,      0,      0,      0,    67.5,    73.9,    84.3,    89.5,    63.8,    72.8,    77.5,    84.1,    67.5,    73.9,    84.3,    89.5,    63.8,    72.8,    77.5,    84.1,     0.0,     0.0,     0.0,     0.0,     0.0,     0.0,     0.0,     0.0,Megawatt Hours (MWh),064FZA,NODX,064 
PJM.ATSI_month_off_dap - NODAL EXCHANGE,261006,2026-10-06,064FZB,NODX,01,064 ,   30899,    7552,    1375,     200,   21364,   27476,   29116,   29051,    1783,    1848,   30899,    7552,    1375,     200,   21364,   27476,   29116,   29051,    1783,    1848,       0,       0,       0,       0,       0,       0,       0,       0,       0,       0,    -711,    -400,     -80,     -25,    -111,    -423,    -536,    -528,    -175,    -183,  100.0,   24.4,    4.4,    0.6,   69.1,   88.9,   94.2,   94.0,    5.8,    6.0,  100.0,   24.4,    4.4,    0.6,   69.1,   88.9,   94.2,   94.0,    5.8,    6.0,    0.0,    0.0,    0.0,    0.0,    0.0,    0.0,    0.0,    0.0,    0.0,    0.0,     22,      2,      2,      1,     13,      9,     16,     11,     22,      2,      2,      1,     13,      9,     16,     11,      0,      0,      0,      0,      0,      0,      0,      0,    67.5,    73.9,    84.3,    89.5,    63.8,    72.8,    77.5,    84.1,    67.5,    73.9,    84.3,    89.5,    63.8,    72.8,    77.5,    84.1,     0.0,     0.0,     0.0,     0.0,     0.0,     0.0,     0.0,     0.0,Megawatt Hours (MWh),064FZB,NODX,064 
ERCOT.HB_NORTH_month_2x16_rtp - NODAL EXCHANGE,261006,2026-10-06,064GBC,NODX,01,064 ,   16204,    2900,       0,       0,   12004,   14904,   14904,   14904,    1300,    1300,   16204,    2900,       0,       0,   12004,   14904,   14904,   14904,    1300,    1300,       0,       0,       0,       0,       0,       0,       0,       0,       0,       0,       0,       0,       0,       0,       0,       0,       0,       0,       0,       0,  100.0,   17.9,    0.0,    0.0,   74.1,   92.0,   92.0,   92.0,    8.0,    8.0,  100.0,   17.9,    0.0,    0.0,   74.1,   92.0,   92.0,   92.0,    8.0,    8.0,    0.0,    0.0,    0.0,    0.0,    0.0,    0.0,    0.0,    0.0,    0.0,    0.0,     20,      2,      0,      0,     12,     14,     14,     14,     20,      2,      0,      0,     12,     14,     14,     14,      0,      0,      0,      0,      0,      0,      0,      0,    55.6,    57.4,    77.8,    79.3,    33.3,    26.2,    40.7,    39.2,    55.6,    57.4,    77.8,    79.3,    33.3,    26.2,    40.7,    39.2,     0.0,     0.0,     0.0,     0.0,     0.0,     0.0,     0.0,     0.0,Megawatt Hours (MWh),064GBC,NODX,064 
ERCOT.HB_NORTH_month_7x8_rtp - NODAL EXCHANGE,261006,2026-10-06,064GBD,NODX,01,064 ,   37765,    7200,    1150,    2350,   26465,   32695,   36015,   36195,    1750,    1570,   37765,    7200,    1150,    2350,   26465,   32695,   36015,   36195,    1750,    1570,       0,       0,       0,       0,       0,       0,       0,       0,       0,       0,       0,       0,       0,       0,       0,       0,       0,       0,       0,       0,  100.0,   19.1,    3.0,    6.2,   70.1,   86.6,   95.4,   95.8,    4.6,    4.2,  100.0,   19.1,    3.0,    6.2,   70.1,   86.6,   95.4,   95.8,    4.6,    4.2,    0.0,    0.0,    0.0,    0.0,    0.0,    0.0,    0.0,    0.0,    0.0,    0.0,     21,      1,      1,      1,     17,     14,     19,     15,     21,      1,      1,      1,     17,     14,     19,     15,      0,      0,      0,      0,      0,      0,      0,      0,    56.3,    62.6,    77.6,    85.8,    48.4,    48.4,    56.5,    59.2,    56.3,    62.6,    77.6,    85.8,    48.4,    48.4,    56.5,    59.2,     0.0,     0.0,     0.0,     0.0,     0.0,     0.0,     0.0,     0.0,Megawatt Hours (MWh),064GBD,NODX,064 
ERCOT North 345KV Hub RT 7x16 - ICE FUTURES ENERGY DIV,261006,2026-10-06,064IBM,IFED,01,064 ,   16661,     425,    2705,     300,   15556,   13521,   16281,   16526,     380,     135,   16661,     425,    2705,     300,   15556,   13521,   16281,   16526,     380,     135,       0,       0,       0,       0,       0,       0,       0,       0,       0,       0,       0,       0,       0,       0,       0,       0,       0,       0,       0,       0,  100.0,    2.6,   16.2,    1.8,   93.4,   81.2,   97.7,   99.2,    2.3,    0.8,  100.0,    2.6,   16.2,    1.8,   93.4,   81.2,   97.7,   99.2,    2.3,    0.8,    0.0,    0.0,    0.0,    0.0,    0.0,    0.0,    0.0,    0.0,    0.0,    0.0,     28,      3,      4,      2,     19,     18,     23,     23,     28,      3,      4,      2,     19,     18,     23,     23,      0,      0,      0,      0,      0,      0,      0,      0,    44.8,    50.1,    70.0,    71.1,    24.4,    32.8,    35.6,    42.5,    44.8,    50.1,    70.0,    71.1,    24.4,    32.8,    35.6,    42.5,     0.0,     0.0,     0.0,     0.0,     0.0,     0.0,     0.0,     0.0,(1MW for about 352 Hours),064IBM,IFED,064 
PROPANE ARGUS CIF ARA MINI - ICE FUTURES ENERGY DIV,261006,2026-10-06,066391,IFED,01,066 ,    6331,     241,    4293,      34,    5441,    1529,    5716,    5856,     615,     475,    6331,     241,    4293,      34,    5441,    1529,    5716,    5856,     615,     475,       0,       0,       0,       0,       0,       0,       0,       0,       0,       0,    -849,      -2,     -99,    -115,    -772,    -578,    -889,    -792,      40,     -57,  100.0,    3.8,   67.8,    0.5,   85.9,   24.2,   90.3,   92.5,    9.7,    7.5,  100.0,    3.8,   67.8,    0.5,   85.9,   24.2,   90.3,   92.5,    9.7,    7.5,    0.0,    0.0,    0.0,    0.0,    0.0,    0.0,    0.0,    0.0,    0.0,    0.0,     33,      2,      6,      1,     22,     15,     25,     21,     33,      2,      6,      1,     22,     15,     25,     21,      0,      0,      0,      0,      0,      0,      0,      0,    39.7,    67.3,    63.1,    85.6,    39.4,    66.8,    62.2,    82.1,    39.7,    67.3,    63.1,    85.6,    39.4,    66.8,    62.2,    82.1,     0.0,     0.0,     0.0,     0.0,     0.0,     0.0,     0.0,     0.0,100 metric tonnes,066391,IFED,066 
PROPANE ARGUS FAR EAST MINI - ICE FUTURES ENERGY DIV,261006,2026-10-06,066393,IFED,01,066 ,    8576,    1865,    2454,     432,    5450,    4994,    7747,    7880,     829,     696,    8576,    1865,    2454,     432,    5450,    4994,    7747,    7880,     829,     696,       0,       0,       0,       0,       0,       0,       0,       0,       0,       0,   -2166,     -61,    -896,    -240,   -1610,    -948,   -1911,   -2084,    -255,     -82,  100.0,   21.7,   28.6,    5.0,   63.5,   58.2,   90.3,   91.9,    9.7,    8.1,  100.0,   21.7,   28.6,    5.0,   63.5,   58.2,   90.3,   91.9,    9.7,    8.1,    0.0,    0.0,    0.0,    0.0,    0.0,    0.0,    0.0,    0.0,    0.0,    0.0,     65,     12,      8,      9,     38,     30,     55,     42,     65,     12,      8,      9,     38,     30,     55,     42,      0,      0,      0,      0,      0,      0,      0,      0,    17.5,    51.2,    31.8,    64.0,    17.5,    49.9,    29.2,    57.5,    17.5,    51.2,    31.8,    64.0,    17.5,    49.9,    29.2,    57.5,     0.0,     0.0,     0.0,     0.0,     0.0,     0.0,     0.0,     0.0,100  metric tonnes,066393,IFED,066 
"PROPANE,OPIS MT B TET/AFEI - ICE FUTURES ENERGY DIV",261006,2026-10-06,06639W,IFED,01,066 ,    4336,     262,    1299,     401,    2730,    1715,    3393,    3415,     943,     921,    4336,     262,    1299,     401,    2730,    1715,    3393,    3415,     943,     921,       0,       0,       0,       0,       0,       0,       0,       0,       0,       0,    -571,    -222,    -362,     -26,    -287,    -183,    -535,    -571,     -36,       0,  100.0,    6.0,   30.0,    9.2,   63.0,   39.6,   78.3,   78.8,   21.7,   21.2,  100.0,    6.0,   30.0,    9.2,   63.0,   39.6,   78.3,   78.8,   21.7,   21.2,    0.0,    0.0,    0.0,    0.0,    0.0,    0.0,    0.0,    0.0,    0.0,    0.0,     22,      4,      3,      6,     12,     11,     19,     17,     22,      4,      3,      6,     12,     11,     19,     17,      0,      0,      0,      0,      0,      0,      0,      0,    44.8,    66.0,    59.1,    75.4,    44.5,    61.6,    57.6,    65.2,    44.8,    66.0,    59.1,    75.4,    44.5,    61.6,    57.6,    65.2,     0.0,     0.0,     0.0,     0.0,     0.0,     0.0,     0.0,     0.0,1000 Metric Tonnes,06639W,IFED,066 
ARGUS CIF ARA Lg Finl Propane - ICE FUTURES ENERGY DIV,261006,2026-10-06,066411,IFED,01,066 ,    3934,    1005,     166,     310,    1962,    2651,    3277,    3127,     657,     807,    3934,    1005,     166,     310,    1962,    2651,    3277,    3127,     657,     807,       0,       0,       0,       0,       0,       0,       0,       0,       0,       0,    -363,     141,     -14,    -145,    -279,    -197,    -283,    -356,     -80,      -7,  100.0,   25.5,    4.2,    7.9,   49.9,   67.4,   83.3,   79.5,   16.7,   20.5,  100.0,   25.5,    4.2,    7.9,   49.9,   67.4,   83.3,   79.5,   16.7,   20.5,    0.0,    0.0,    0.0,    0.0,    0.0,    0.0,    0.0,    0.0,    0.0,    0.0,     20,      3,      1,      4,     12,     16,     16,     20,     20,      3,      1,      4,     12,     16,     16,     20,      0,      0,      0,      0,      0,      0,      0,      0,    47.4,    42.3,    69.4,    61.8,    36.9,    31.1,    42.8,    38.3,    47.4,    42.3,    69.4,    61.8,    36.9,    31.1,    42.8,    38.3,     0.0,     0.0,     0.0,     0.0,     0.0,     0.0,     0.0,     0.0,1000 metric tonnes,066411,IFED,066 
ARGUS FAR EAST PROPANE - ICE FUTURES ENERGY DIV,261006,2026-10-06,066413,IFED,01,066 ,   15550,    2507,    1204,    1515,   10188,   11918,   14210,   14637,    1340,     913,   15550,    2507,    1204,    1515,   10188,   11918,   14210,   14637,    1340,     913,       0,       0,       0,       0,       0,       0,       0,       0,       0,       0,   -1741,     233,       0,    -724,    -974,    -888,   -1465,   -1612,    -276,    -129,  100.0,   16.1,    7.7,    9.7,   65.5,   76.6,   91.4,   94.1,    8.6,    5.9,  100.0,   16.1,    7.7,    9.7,   65.5,   76.6,   91.4,   94.1,    8.6,    5.9,    0.0,    0.0,    0.0,    0.0,    0.0,    0.0,    0.0,    0.0,    0.0,    0.0,     73,     12,      6,     14,     50,     52,     67,     67,     73,     12,      6,     14,     50,     52,     67,     67,      0,      0,      0,      0,      0,      0,      0,      0,    32.0,    29.6,    46.6,    45.6,    28.5,    28.5,    38.8,    41.5,    32.0,    29.6,    46.6,    45.6,    28.5,    28.5,    38.8,    41.5,     0.0,     0.0,     0.0,     0.0,     0.0,     0.0,     0.0,     0.0,1000  metric tonnes,066413,IFED,066 
"ETHANE, MT. BELV-ENTERPRISE - ICE FUTURES ENERGY DIV",261006,2026-10-06,066416,IFED,01,066 ,   88452,   15289,    2986,   11111,   61613,   74121,   88013,   88218,     439,     234,   88452,   15289,    2986,   11111,   61613,   74121,   88013,   88218,     439,     234,       0,       0,       0,       0,       0,       0,       0,       0,       0,       0,   -4548,     728,     624,   -1084,   -3956,   -4131,   -4312,   -4591,    -236,      43,  100.0,   17.3,    3.4,   12.6,   69.7,   83.8,   99.5,   99.7,    0.5,    0.3,  100.0,   17.3,    3.4,   12.6,   69.7,   83.8,   99.5,   99.7,    0.5,    0.3,    0.0,    0.0,    0.0,    0.0,    0.0,    0.0,    0.0,    0.0,    0.0,    0.0,     57,      8,      6,      6,     37,     39,     48,     48,     57,      8,      6,      6,     37,     39,     48,     48,      0,      0,      0,      0,      0,      0,      0,      0,    47.6,    35.9,    68.0,    55.2,    28.0,    22.2,    36.4,    31.6,    47.6,    35.9,    68.0,    55.2,    28.0,    22.2,    36.4,    31.6,     0.0,     0.0,     0.0,     0.0,     0.0,     0.0,     0.0,     0.0,42000 gallons(1000 barrels),066416,IFED,066 
ISOBUTANE OPIS MT BELV NONTET - ICE FUTURES ENERGY DIV,261006,2026-10-06,066418,IFED,01,066 ,    8191,     454,    1102,      12,    7558,    6390,    8024,    7504,     167,     687,    8191,     454,    1102,      12,    7558,    6390,    8024,    7504,     167,     687,       0,       0,       0,       0,       0,       0,       0,       0,       0,       0,    -836,     -46,    -277,     -18,    -764,    -750,    -828,   -1045,      -8,     209,  100.0,    5.5,   13.5,    0.1,   92.3,   78.0,   98.0,   91.6,    2.0,    8.4,  100.0,    5.5,   13.5,    0.1,   92.3,   78.0,   98.0,   91.6,    2.0,    8.4,    0.0,    0.0,    0.0,    0.0,    0.0,    0.0,    0.0,    0.0,    0.0,    0.0,     30,      2,      1,      1,     19,     13,     21,     15,     30,      2,      1,      1,     19,     13,     21,     15,      0,      0,      0,      0,      0,      0,      0,      0,    52.5,    59.8,    74.0,    84.9,    47.0,    59.7,    68.5,    81.9,    52.5,    59.8,    74.0,    84.9,    47.0,    59.7,    68.5,    81.9,     0.0,     0.0,     0.0,     0.0,     0.0,     0.0,     0.0,     0.0,42000 gallons(1000 barrels),066418,IFED,066 
NAT GASLNE OPIS MT B NONTET FP - ICE FUTURES ENERGY DIV,261006,2026-10-06,06641A,IFED,01,066 ,   15729,     197,    4007,     722,   14720,   10063,   15639,   14792,      90,     937,   15729,     197,    4007,     722,   14720,   10063,   15639,   14792,      90,     937,       0,       0,       0,       0,       0,       0,       0,       0,       0,       0,   -2324,      20,    -875,      35,   -2431,   -1544,   -2376,   -2384,      52,      60,  100.0,    1.3,   25.5,    4.6,   93.6,   64.0,   99.4,   94.0,    0.6,    6.0,  100.0,    1.3,   25.5,    4.6,   93.6,   64.0,   99.4,   94.0,    0.6,    6.0,    0.0,    0.0,    0.0,    0.0,    0.0,    0.0,    0.0,    0.0,    0.0,    0.0,     30,      1,      4,      4,     17,     21,     21,     26,     30,      1,      4,      4,     17,     21,     21,     26,      0,      0,      0,      0,      0,      0,      0,      0,    57.6,    56.7,    81.6,    71.2,    51.2,    37.7,    60.3,    47.1,    57.6,    56.7,    81.6,    71.2,    51.2,    37.7,    60.3,    47.1,     0.0,     0.0,     0.0,     0.0,     0.0,     0.0,     0.0,     0.0,42000 gallons(1000 barrels),06641A,IFED,066 
BUTANE OPIS MT BELV NONTET FP - ICE FUTURES ENERGY DIV,261006,2026-10-06,06641D,IFED,01,066 ,   62667,   10888,    8141,    6615,   44936,   47407,   62439,   62163,     228,     504,   62667,   10888,    8141,    6615,   44936,   47407,   62439,   62163,     228,     504,       0,       0,       0,       0,       0,       0,       0,       0,       0,       0,   -7637,    -663,    1666,   -2023,   -4931,   -7309,   -7617,   -7666,     -20,      29,  100.0,   17.4,   13.0,   10.6,   71.7,   75.6,   99.6,   99.2,    0.4,    0.8,  100.0,   17.4,   13.0,   10.6,   71.7,   75.6,   99.6,   99.2,    0.4,    0.8,    0.0,    0.0,    0.0,    0.0,    0.0,    0.0,    0.0,    0.0,    0.0,    0.0,     96,     17,      6,     18,     55,     54,     79,     73,     96,     17,      6,     18,     55,     54,     79,     73,      0,      0,      0,      0,      0,      0,      0,      0,    29.2,    28.2,    46.5,    43.8,    25.5,    22.1,    38.7,    34.1,    29.2,    28.2,    46.5,    43.8,    25.5,    22.1,    38.7,    34.1,     0.0,     0.0,     0.0,     0.0,     0.0,     0.0,     0.0,     0.0,42000 gallons(1000 barrels),06641D,IFED,066 
PROPANE OPIS CONWAY INWELL FP - ICE FUTURES ENERGY DIV,261006,2026-10-06,06641E,IFED,01,066 ,   10177,    2683,    1010,     572,    6648,    8176,    9903,    9758,     274,     419,   10177,    2683,    1010,     572,    6648,    8176,    9903,    9758,     274,     419,       0,       0,       0,       0,       0,       0,       0,       0,       0,       0,   -1627,     238,     183,    -319,   -1538,   -1655,   -1619,   -1791,      -8,     164,  100.0,   26.4,    9.9,    5.6,   65.3,   80.3,   97.3,   95.9,    2.7,    4.1,  100.0,   26.4,    9.9,    5.6,   65.3,   80.3,   97.3,   95.9,    2.7,    4.1,    0.0,    0.0,    0.0,    0.0,    0.0,    0.0,    0.0,    0.0,    0.0,    0.0,     36,      6,      2,      6,     24,     21,     31,     28,     36,      6,      2,      6,     24,     21,     31,     28,      0,      0,      0,      0,      0,      0,      0,      0,    62.8,    53.8,    76.8,    74.9,    58.0,    50.3,    67.8,    64.0,    62.8,    53.8,    76.8,    74.9,    58.0,    50.3,    67.8,    64.0,     0.0,     0.0,     0.0,     0.0,     0.0,     0.0,     0.0,     0.0,42000 gallons(1000 barrels),06641E,IFED,066 
PROPANE OPIS MT BELV NONTET FP - ICE FUTURES ENERGY DIV,261006,2026-10-06,06641F,IFED,01,066 ,  100096,   21560,    6614,    8338,   70019,   84299,   99917,   99251,     179,     845,  100096,   21560,    6614,    8338,   70019,   84299,   99917,   99251,     179,     845,       0,       0,       0,       0,       0,       0,       0,       0,       0,       0,   -8316,    3947,     323,   -1482,  -10581,   -7361,   -8116,   -8520,    -200,     204,  100.0,   21.5,    6.6,    8.3,   70.0,   84.2,   99.8,   99.2,    0.2,    0.8,  100.0,   21.5,    6.6,    8.3,   70.0,   84.2,   99.8,   99.2,    0.2,    0.8,    0.0,    0.0,    0.0,    0.0,    0.0,    0.0,    0.0,    0.0,    0.0,    0.0,     80,      6,      9,      8,     42,     43,     54,     54,     80,      6,      9,      8,     42,     43,     54,     54,      0,      0,      0,      0,      0,      0,      0,      0,    60.3,    36.1,    73.0,    58.3,    55.6,    33.6,    68.3,    54.9,    60.3,    36.1,    73.0,    58.3,    55.6,    33.6,    68.3,    54.9,     0.0,     0.0,     0.0,     0.0,     0.0,     0.0,     0.0,     0.0,42000 gallons(1000 barrels),06641F,IFED,066 
PROPANE OPIS MT BELVIEU TET FP - ICE FUTURES ENERGY DIV,261006,2026-10-06,06641G,IFED,01,066 ,  175529,   33412,   45584,   17547,  123885,  111653,  174844,  174784,     685,     745,  175529,   33412,   45584,   17547,  123885,  111653,  174844,  174784,     685,     745,       0,       0,       0,       0,       0,       0,       0,       0,       0,       0,  -13564,      53,    4030,   -4084,   -9558,  -13685,  -13589,  -13739,      25,     175,  100.0,   19.0,   26.0,   10.0,   70.6,   63.6,   99.6,   99.6,    0.4,    0.4,  100.0,   19.0,   26.0,   10.0,   70.6,   63.6,   99.6,   99.6,    0.4,    0.4,    0.0,    0.0,    0.0,    0.0,    0.0,    0.0,    0.0,    0.0,    0.0,    0.0,    136,     17,     21,     23,     81,     86,    110,    119,    136,     17,     21,     23,     81,     86,    110,    119,      0,      0,      0,      0,      0,      0,      0,      0,    30.0,    31.4,    46.9,    44.2,    29.5,    27.8,    43.6,    38.1,    30.0,    31.4,    46.9,    44.2,    29.5,    27.8,    43.6,    38.1,     0.0,     0.0,     0.0,     0.0,     0.0,     0.0,     0.0,     0.0,42000 gallons(1000 barrels),06641G,IFED,066 
PROPANE ARGUS SAUDI CP FP - ICE FUTURES ENERGY DIV,261006,2026-10-06,06641H,IFED,01,066 ,    3098,     651,     212,     221,     918,    2143,    1790,    2576,    1308,     522,    3098,     651,     212,     221,     918,    2143,    1790,    2576,    1308,     522,       0,       0,       0,       0,       0,       0,       0,       0,       0,       0,    -824,     -59,     -62,     -13,    -648,    -812,    -720,    -887,    -104,      63,  100.0,   21.0,    6.8,    7.1,   29.6,   69.2,   57.8,   83.2,   42.2,   16.8,  100.0,   21.0,    6.8,    7.1,   29.6,   69.2,   57.8,   83.2,   42.2,   16.8,    0.0,    0.0,    0.0,    0.0,    0.0,    0.0,    0.0,    0.0,    0.0,    0.0,     28,      9,      2,      4,      8,     15,     18,     20,     28,      9,      2,      4,      8,     15,     18,     20,      0,      0,      0,      0,      0,      0,      0,      0,    29.7,    44.8,    46.5,    62.8,    25.9,    44.0,    37.3,    59.7,    29.7,    44.8,    46.5,    62.8,    25.9,    44.0,    37.3,    59.7,     0.0,     0.0,     0.0,     0.0,     0.0,     0.0,     0.0,     0.0,1000 Metric  Tonnes,06641H,IFED,066 
ARGUS PROPANE FAR EAST INDEX - NEW YORK MERCANTILE EXCHANGE,261006,2026-10-06,06665B,NYME,01,066 ,    4213,     933,       0,      78,    2415,    3628,    3426,    3706,     787,     507,    4213,     933,       0,      78,    2415,    3628,    3426,    3706,     787,     507,       0,       0,       0,       0,       0,       0,       0,       0,       0,       0,    -388,     -72,     -36,     -21,    -166,    -275,    -259,    -332,    -129,     -56,  100.0,   22.1,    0.0,    1.9,   57.3,   86.1,   81.3,   88.0,   18.7,   12.0,  100.0,   22.1,    0.0,    1.9,   57.3,   86.1,   81.3,   88.0,   18.7,   12.0,    0.0,    0.0,    0.0,    0.0,    0.0,    0.0,    0.0,    0.0,    0.0,    0.0,     24,      4,      0,      3,     18,     16,     22,     19,     24,      4,      0,      3,     18,     16,     22,     19,      0,      0,      0,      0,      0,      0,      0,      0,    49.0,    65.1,    62.8,    77.7,    45.8,    60.7,    54.8,    64.1,    49.0,    65.1,    62.8,    77.7,    45.8,    60.7,    54.8,    64.1,     0.0,     0.0,     0.0,     0.0,     0.0,     0.0,     0.0,     0.0,"(CONTRACTS OF 1,000 METRIC TONS)",06665B,NYME,066 
PROPANE NON-LDH MT BEL - NEW YORK MERCANTILE EXCHANGE,261006,2026-10-06,06665G,NYME,01,066 ,   29340,    3467,     853,    1883,   23434,   25940,   28784,   28676,     556,     664,   29340,    3467,     853,    1883,   23434,   25940,   28784,   28676,     556,     664,       0,       0,       0,       0,       0,       0,       0,       0,       0,       0,   -2830,     204,    -232,    -189,   -2945,   -2374,   -2930,   -2795,     100,     -35,  100.0,   11.8,    2.9,    6.4,   79.9,   88.4,   98.1,   97.7,    1.9,    2.3,  100.0,   11.8,    2.9,    6.4,   79.9,   88.4,   98.1,   97.7,    1.9,    2.3,    0.0,    0.0,    0.0,    0.0,    0.0,    0.0,    0.0,    0.0,    0.0,    0.0,     59,      3,      4,      5,     38,     34,     45,     40,     59,      3,      4,      5,     38,     34,     45,     40,      0,      0,      0,      0,      0,      0,      0,      0,    29.6,    46.5,    53.4,    63.9,    28.9,    42.9,    49.1,    59.0,    29.6,    46.5,    53.4,    63.9,    28.9,    42.9,    49.1,    59.0,     0.0,     0.0,     0.0,     0.0,     0.0,     0.0,     0.0,     0.0,"(CONTRACTS OF 42,000 GALLONS)",06665G,NYME,066 
PROPANE - NEW YORK MERCANTILE EXCHANGE,261006,2026-10-06,06665O,NYME,01,066 ,  102234,    5908,   16696,   10474,   84991,   74341,  101373,  101511,     861,     723,  102234,    5908,   16696,   10474,   84991,   74341,  101373,  101511,     861,     723,       0,       0,       0,       0,       0,       0,       0,       0,       0,       0,   -9820,    -676,    3134,   -2892,   -6058,  -10023,   -9626,   -9781,    -194,     -39,  100.0,    5.8,   16.3,   10.2,   83.1,   72.7,   99.2,   99.3,    0.8,    0.7,  100.0,    5.8,   16.3,   10.2,   83.1,   72.7,   99.2,   99.3,    0.8,    0.7,    0.0,    0.0,    0.0,    0.0,    0.0,    0.0,    0.0,    0.0,    0.0,    0.0,    135,     21,     18,     22,     82,     74,    117,    102,    135,     21,     18,     22,     82,     74,    117,    102,      0,      0,      0,      0,      0,      0,      0,      0,    35.7,    26.2,    49.5,    43.3,    29.1,    24.9,    36.4,    36.5,    35.7,    26.2,    49.5,    43.3,    29.1,    24.9,    36.4,    36.5,     0.0,     0.0,     0.0,     0.0,     0.0,     0.0,     0.0,     0.0,"(CONTRACTS OF 42,000 GALLONS)",06665O,NYME,066 
MT BELVIEU ETHANE OPIS - NEW YORK MERCANTILE EXCHANGE,261006,2026-10-06,06665P,NYME,01,066 ,   45561,    2649,     170,     440,   41976,   44345,   45065,   44955,     496,     606,   45561,    2649,     170,     440,   41976,   44345,   45065,   44955,     496,     606,       0,       0,       0,       0,       0,       0,       0,       0,       0,       0,   -3331,    -105,     -70,    -290,   -3007,   -2917,   -3402,   -3277,      71,     -54,  100.0,    5.8,    0.4,    1.0,   92.1,   97.3,   98.9,   98.7,    1.1,    1.3,  100.0,    5.8,    0.4,    1.0,   92.1,   97.3,   98.9,   98.7,    1.1,    1.3,    0.0,    0.0,    0.0,    0.0,    0.0,    0.0,    0.0,    0.0,    0.0,    0.0,     52,     12,      2,      5,     26,     34,     40,     40,     52,     12,      2,      5,     26,     34,     40,     40,      0,      0,      0,      0,      0,      0,      0,      0,    63.3,    38.1,    78.3,    60.5,    42.2,    30.1,    47.7,    39.9,    63.3,    38.1,    78.3,    60.5,    42.2,    30.1,    47.7,    39.9,     0.0,     0.0,     0.0,     0.0,     0.0,     0.0,     0.0,     0.0,"(CONTRACTS OF 42,000 GALLONS)",06665P,NYME,066 
MT BELV NORM BUTANE OPIS - NEW YORK MERCANTILE EXCHANGE,261006,2026-10-06,06665Q,NYME,01,066 ,   44638,    4866,    2470,    3779,   35271,   37289,   43916,   43538,     722,    1100,   44638,    4866,    2470,    3779,   35271,   37289,   43916,   43538,     722,    1100,       0,       0,       0,       0,       0,       0,       0,       0,       0,       0,   -5338,     774,    -462,    -767,   -5223,   -3986,   -5216,   -5215,    -122,    -123,  100.0,   10.9,    5.5,    8.5,   79.0,   83.5,   98.4,   97.5,    1.6,    2.5,  100.0,   10.9,    5.5,    8.5,   79.0,   83.5,   98.4,   97.5,    1.6,    2.5,    0.0,    0.0,    0.0,    0.0,    0.0,    0.0,    0.0,    0.0,    0.0,    0.0,    104,     19,      8,     15,     59,     56,     86,     75,    104,     19,      8,     15,     59,     56,     86,     75,      0,      0,      0,      0,      0,      0,      0,      0,    26.7,    18.4,    42.8,    34.0,    19.6,    16.8,    29.9,    27.6,    26.7,    18.4,    42.8,    34.0,    19.6,    16.8,    29.9,    27.6,     0.0,     0.0,     0.0,     0.0,     0.0,     0.0,     0.0,     0.0,"(CONTRACTS OF 42,000 GALLONS)",06665Q,NYME,066 
MT BELV NAT GASOLINE OPIS - NEW YORK MERCANTILE EXCHANGE,261006,2026-10-06,06665R,NYME,01,066 ,   49096,    1911,    1820,     200,   46854,   45910,   48965,   47930,     131,    1166,   49096,    1911,    1820,     200,   46854,   45910,   48965,   47930,     131,    1166,       0,       0,       0,       0,       0,       0,       0,       0,       0,       0,   -4708,    -511,     338,      17,   -4212,   -5046,   -4706,   -4691,      -2,     -17,  100.0,    3.9,    3.7,    0.4,   95.4,   93.5,   99.7,   97.6,    0.3,    2.4,  100.0,    3.9,    3.7,    0.4,   95.4,   93.5,   99.7,   97.6,    0.3,    2.4,    0.0,    0.0,    0.0,    0.0,    0.0,    0.0,    0.0,    0.0,    0.0,    0.0,     49,      5,      3,      4,     25,     31,     33,     36,     49,      5,      3,      4,     25,     31,     33,     36,      0,      0,      0,      0,      0,      0,      0,      0,    83.2,    43.9,    91.4,    67.6,    77.0,    43.7,    82.1,    66.7,    83.2,    43.9,    91.4,    67.6,    77.0,    43.7,    82.1,    66.7,     0.0,     0.0,     0.0,     0.0,     0.0,     0.0,     0.0,     0.0,"(CONTRACTS OF 42,000 GALLONS)",06665R,NYME,066 
CONWAY PROPANE (OPIS) - NEW YORK MERCANTILE EXCHANGE,261006,2026-10-06,06665T,NYME,01,066 ,   18844,     446,    1720,     880,   16496,   15998,   17822,   18598,    1022,     246,   18844,     446,    1720,     880,   16496,   15998,   17822,   18598,    1022,     246,       0,       0,       0,       0,       0,       0,       0,       0,       0,       0,   -1692,      79,     171,    -188,   -1671,   -1600,   -1780,   -1617,      88,     -75,  100.0,    2.4,    9.1,    4.7,   87.5,   84.9,   94.6,   98.7,    5.4,    1.3,  100.0,    2.4,    9.1,    4.7,   87.5,   84.9,   94.6,   98.7,    5.4,    1.3,    0.0,    0.0,    0.0,    0.0,    0.0,    0.0,    0.0,    0.0,    0.0,    0.0,     51,      2,      6,      5,     34,     28,     41,     34,     51,      2,      6,      5,     34,     28,     41,     34,      0,      0,      0,      0,      0,      0,      0,      0,    46.7,    48.6,    64.0,    72.6,    45.9,    41.4,    60.5,    63.3,    46.7,    48.6,    64.0,    72.6,    45.9,    41.4,    60.5,    63.3,     0.0,     0.0,     0.0,     0.0,     0.0,     0.0,     0.0,     0.0,"(CONTRACTS OF 42,000 GALLONS)",06665T,NYME,066 
CRUDE DIFF-WCS HOUSTON/WTI 1ST - ICE FUTURES ENERGY DIV,261006,2026-10-06,06739C,IFED,01,067 ,   61529,   13007,     461,     478,   48044,   60580,   61529,   61519,       0,      10,   61529,   13007,     461,     478,   48044,   60580,   61529,   61519,       0,      10,       0,       0,       0,       0,       0,       0,       0,       0,       0,       0,    1659,     -55,     210,     -76,    1790,    1525,    1659,    1659,       0,       0,  100.0,   21.1,    0.7,    0.8,   78.1,   98.5,  100.0,  100.0,    0.0,    0.0,  100.0,   21.1,    0.7,    0.8,   78.1,   98.5,  100.0,  100.0,    0.0,    0.0,    0.0,    0.0,    0.0,    0.0,    0.0,    0.0,    0.0,    0.0,    0.0,    0.0,     42,      7,      2,      5,     27,     21,     35,     27,     42,      7,      2,      5,     27,     21,     35,     27,      0,      0,      0,      0,      0,      0,      0,      0,    46.6,    78.4,    66.8,    89.7,    36.5,    66.7,    52.6,    70.6,    46.6,    78.4,    66.8,    89.7,    36.5,    66.7,    52.6,    70.6,     0.0,     0.0,     0.0,     0.0,     0.0,     0.0,     0.0,     0.0,(1000 Barrels),06739C,IFED,067 
"CRUDE OIL, LIGHT SWEET-WTI - ICE FUTURES EUROPE",261006,2026-10-06,067411,ICEU,01,067 ,  752148,   70340,   82786,  170845,  494618,  484855,  735803,  738486,   16345,   13662,  752148,   70340,   82786,  170845,  494618,  484855,  735803,  738486,   16345,   13662,       0,       0,       0,       0,       0,       0,       0,       0,       0,       0,    9522,   -6667,      39,   -4738,   21411,   13316,   10006,    8617,    -484,     905,  100.0,    9.4,   11.0,   22.7,   65.8,   64.5,   97.8,   98.2,    2.2,    1.8,  100.0,    9.4,   11.0,   22.7,   65.8,   64.5,   97.8,   98.2,    2.2,    1.8,    0.0,    0.0,    0.0,    0.0,    0.0,    0.0,    0.0,    0.0,    0.0,    0.0,    111,     17,     32,     40,     49,     51,     92,     99,    111,     17,     32,     40,     49,     51,     92,     99,      0,      0,      0,      0,      0,      0,      0,      0,    33.3,    32.1,    50.5,    45.2,    25.8,    21.0,    34.2,    27.8,    33.3,    32.1,    50.5,    45.2,    25.8,    21.0,    34.2,    27.8,     0.0,     0.0,     0.0,     0.0,     0.0,     0.0,     0.0,     0.0,"(CONTRACTS OF 1,000 BARRELS)",067411,ICEU,067 
WTI CRUDE OIL 1ST LINE - ICE FUTURES ENERGY DIV,261006,2026-10-06,06741Q,IFED,01,067 ,   19799,    1140,    5149,    1037,   15481,   11601,   17658,   17787,    2141,    2012,   19799,    1140,    5149,    1037,   15481,   11601,   17658,   17787,    2141,    2012,       0,       0,       0,       0,       0,       0,       0,       0,       0,       0,   -9093,    -577,   -6925,     -75,   -7864,   -1762,   -8516,   -8762,    -577,    -331,  100.0,    5.8,   26.0,    5.2,   78.2,   58.6,   89.2,   89.8,   10.8,   10.2,  100.0,    5.8,   26.0,    5.2,   78.2,   58.6,   89.2,   89.8,   10.8,   10.2,    0.0,    0.0,    0.0,    0.0,    0.0,    0.0,    0.0,    0.0,    0.0,    0.0,     20,      2,      2,      4,     13,     11,     17,     15,     20,      2,      2,      4,     13,     11,     17,     15,      0,      0,      0,      0,      0,      0,      0,      0,    61.3,    60.8,    79.2,    78.5,    53.0,    54.9,    65.1,    66.5,    61.3,    60.8,    79.2,    78.5,    53.0,    54.9,    65.1,    66.5,     0.0,     0.0,     0.0,     0.0,     0.0,     0.0,     0.0,     0.0,1000 US barrels per lot,06741Q,IFED,067 
CRUDE DIFF-TMX WCS 1A INDEX - ICE FUTURES ENERGY DIV,261006,2026-10-06,06742G,IFED,01,067 ,   72375,     330,   18420,     570,   71430,   53310,   72330,   72300,      45,      75,   72375,     330,   18420,     570,   71430,   53310,   72330,   72300,      45,      75,       0,       0,       0,       0,       0,       0,       0,       0,       0,       0,    3850,       0,    1590,       0,    3835,    2235,    3835,    3825,      15,      25,  100.0,    0.5,   25.5,    0.8,   98.7,   73.7,   99.9,   99.9,    0.1,    0.1,  100.0,    0.5,   25.5,    0.8,   98.7,   73.7,   99.9,   99.9,    0.1,    0.1,    0.0,    0.0,    0.0,    0.0,    0.0,    0.0,    0.0,    0.0,    0.0,    0.0,     47,      1,      4,      2,     28,     27,     31,     31,     47,      1,      4,      2,     28,     27,     31,     31,      0,      0,      0,      0,      0,      0,      0,      0,    69.3,    53.3,    86.6,    70.8,    53.5,    48.3,    64.6,    60.4,    69.3,    53.3,    86.6,    70.8,    53.5,    48.3,    64.6,    60.4,     0.0,     0.0,     0.0,     0.0,     0.0,     0.0,     0.0,     0.0,1000 BARRELS,06742G,IFED,067 
CRUDE DIFF-TMX SW 1A INDEX - ICE FUTURES ENERGY DIV,261006,2026-10-06,06742T,IFED,01,067 ,   10816,     170,     450,      85,   10561,   10281,   10816,   10816,       0,       0,   10816,     170,     450,      85,   10561,   10281,   10816,   10816,       0,       0,       0,       0,       0,       0,       0,       0,       0,       0,       0,       0,     540,       0,    -220,       0,     540,     760,     540,     540,       0,       0,  100.0,    1.6,    4.2,    0.8,   97.6,   95.1,  100.0,  100.0,    0.0,    0.0,  100.0,    1.6,    4.2,    0.8,   97.6,   95.1,  100.0,  100.0,    0.0,    0.0,    0.0,    0.0,    0.0,    0.0,    0.0,    0.0,    0.0,    0.0,    0.0,    0.0,     28,      1,      2,      1,     11,     21,     12,     24,     28,      1,      2,      1,     11,     21,     12,     24,      0,      0,      0,      0,      0,      0,      0,      0,    78.3,    50.0,    93.9,    72.1,    72.6,    50.0,    80.5,    68.1,    78.3,    50.0,    93.9,    72.1,    72.6,    50.0,    80.5,    68.1,     0.0,     0.0,     0.0,     0.0,     0.0,     0.0,     0.0,     0.0,1000 BARRELS,06742T,IFED,067 
CONDENSATE DIF-TMX C5 1A INDEX - ICE FUTURES ENERGY DIV,261006,2026-10-06,06743A,IFED,01,067 ,   13735,       0,       0,       0,   13690,   13630,   13690,   13630,      45,     105,   13735,       0,       0,       0,   13690,   13630,   13690,   13630,      45,     105,       0,       0,       0,       0,       0,       0,       0,       0,       0,       0,      85,       0,       0,       0,      85,      85,      85,      85,       0,       0,  100.0,    0.0,    0.0,    0.0,   99.7,   99.2,   99.7,   99.2,    0.3,    0.8,  100.0,    0.0,    0.0,    0.0,   99.7,   99.2,   99.7,   99.2,    0.3,    0.8,    0.0,    0.0,    0.0,    0.0,    0.0,    0.0,    0.0,    0.0,    0.0,    0.0,     25,      0,      0,      0,     16,     17,     16,     17,     25,      0,      0,      0,     16,     17,     16,     17,      0,      0,      0,      0,      0,      0,      0,      0,    71.0,    75.3,    88.4,    90.9,    66.1,    72.8,    78.4,    81.2,    71.0,    75.3,    88.4,    90.9,    66.1,    72.8,    78.4,    81.2,     0.0,     0.0,     0.0,     0.0,     0.0,     0.0,     0.0,     0.0,1000 BARRELS,06743A,IFED,067 
WTI-PHYSICAL - NEW YORK MERCANTILE EXCHANGE,261006,2026-10-06,067651,NYME,01,067 , 1889422,  336706,  237646,  581197,  894330, 1020788, 1812233, 1839631,   77189,   49791, 1889422,  336706,  237646,  581197,  894330, 1020788, 1812233, 1839631,   77189,   49791,       0,       0,       0,       0,       0,       0,       0,       0,       0,       0,   10846,  -24645,  -14242,   17459,   20693,    4533,   13507,    7750,   -2661,    3096,  100.0,   17.8,   12.6,   30.8,   47.3,   54.0,   95.9,   97.4,    4.1,    2.6,  100.0,   17.8,   12.6,   30.8,   47.3,   54.0,   95.9,   97.4,    4.1,    2.6,    0.0,    0.0,    0.0,    0.0,    0.0,    0.0,    0.0,    0.0,    0.0,    0.0,    298,    123,     62,    120,     95,     93,    269,    232,    298,    123,     62,    120,     95,     93,    269,    232,      0,      0,      0,      0,      0,      0,      0,      0,    17.5,    22.3,    31.1,    32.6,    10.3,    13.9,    17.1,    20.5,    17.5,    22.3,    31.1,    32.6,    10.3,    13.9,    17.1,    20.5,     0.0,     0.0,     0.0,     0.0,     0.0,     0.0,     0.0,     0.0,"(CONTRACTS OF 1,000 BARRELS)",067651,NYME,067 
WTI FINANCIAL CRUDE OIL - NEW YORK MERCANTILE EXCHANGE,261006,2026-10-06,06765A,NYME,01,067 ,  199984,   66958,   21809,    8334,   96366,  118433,  171658,  148576,   28326,   51408,  199984,   66958,   21809,    8334,   96366,  118433,  171658,  148576,   28326,   51408,       0,       0,       0,       0,       0,       0,       0,       0,       0,       0,  -19691,     171,   -2929,   -3110,  -18037,  -11387,  -20976,  -17426,    1285,   -2265,  100.0,   33.5,   10.9,    4.2,   48.2,   59.2,   85.8,   74.3,   14.2,   25.7,  100.0,   33.5,   10.9,    4.2,   48.2,   59.2,   85.8,   74.3,   14.2,   25.7,    0.0,    0.0,    0.0,    0.0,    0.0,    0.0,    0.0,    0.0,    0.0,    0.0,     48,      6,      5,      8,     27,     30,     36,     40,     48,      6,      5,      8,     27,     30,     36,     40,      0,      0,      0,      0,      0,      0,      0,      0,    36.8,    33.5,    55.9,    47.4,    34.7,    33.5,    51.8,    45.8,    36.8,    33.5,    55.9,    47.4,    34.7,    33.5,    51.8,    45.8,     0.0,     0.0,     0.0,     0.0,     0.0,     0.0,     0.0,     0.0,"(CONTRACTS OF 1,000 BARRELS)",06765A,NYME,067 
BRENT LAST DAY - NEW YORK MERCANTILE EXCHANGE,261006,2026-10-06,06765T,NYME,01,067 ,  230626,   39922,   71931,   89789,   90548,   62524,  220259,  224244,   10367,    6382,  230626,   39922,   71931,   89789,   90548,   62524,  220259,  224244,   10367,    6382,       0,       0,       0,       0,       0,       0,       0,       0,       0,       0,  -12698,   -1217,   -4871,   -4260,   -6461,   -1866,  -11938,  -10997,    -760,   -1701,  100.0,   17.3,   31.2,   38.9,   39.3,   27.1,   95.5,   97.2,    4.5,    2.8,  100.0,   17.3,   31.2,   38.9,   39.3,   27.1,   95.5,   97.2,    4.5,    2.8,    0.0,    0.0,    0.0,    0.0,    0.0,    0.0,    0.0,    0.0,    0.0,    0.0,     57,     18,     13,     26,     20,     22,     48,     52,     57,     18,     13,     26,     20,     22,     48,     52,      0,      0,      0,      0,      0,      0,      0,      0,    38.8,    52.6,    61.6,    73.6,    27.6,    36.1,    39.0,    46.6,    38.8,    52.6,    61.6,    73.6,    27.6,    36.1,    39.0,    46.6,     0.0,     0.0,     0.0,     0.0,     0.0,     0.0,     0.0,     0.0,"(CONTRACTS OF 1,000 BARRELS)",06765T,NYME,067 
WTI  HOUSTON ARGUS/WTI TR MO - NEW YORK MERCANTILE EXCHANGE,261006,2026-10-06,0676A5,NYME,01,067 ,  495766,    4057,   66062,   16429,  470935,  400166,  491421,  482657,    4345,   13109,  495766,    4057,   66062,   16429,  470935,  400166,  491421,  482657,    4345,   13109,       0,       0,       0,       0,       0,       0,       0,       0,       0,       0,  -24471,    -410,   -3437,   -2543,  -21911,  -15871,  -24864,  -21851,     393,   -2620,  100.0,    0.8,   13.3,    3.3,   95.0,   80.7,   99.1,   97.4,    0.9,    2.6,  100.0,    0.8,   13.3,    3.3,   95.0,   80.7,   99.1,   97.4,    0.9,    2.6,    0.0,    0.0,    0.0,    0.0,    0.0,    0.0,    0.0,    0.0,    0.0,    0.0,     46,      3,      4,      5,     27,     31,     33,     37,     46,      3,      4,      5,     27,     31,     33,     37,      0,      0,      0,      0,      0,      0,      0,      0,    62.0,    49.4,    84.5,    70.5,    61.3,    46.7,    74.6,    64.0,    62.0,    49.4,    84.5,    70.5,    61.3,    46.7,    74.6,    64.0,     0.0,     0.0,     0.0,     0.0,     0.0,     0.0,     0.0,     0.0,"(CONTRACTS OF 1,000 BARRELS)",0676A5,NYME,067 
WTI MIDLAND ARGUS VS WTI TRADE - NEW YORK MERCANTILE EXCHANGE,261006,2026-10-06,067A71,NYME,01,067 ,  430701,   17984,    5260,     465,  406275,  410090,  424724,  415815,    5977,   14886,  430701,   17984,    5260,     465,  406275,  410090,  424724,  415815,    5977,   14886,       0,       0,       0,       0,       0,       0,       0,       0,       0,       0,  -17609,   -4141,    -200,     465,  -11235,  -15572,  -14911,  -15307,   -2698,   -2302,  100.0,    4.2,    1.2,    0.1,   94.3,   95.2,   98.6,   96.5,    1.4,    3.5,  100.0,    4.2,    1.2,    0.1,   94.3,   95.2,   98.6,   96.5,    1.4,    3.5,    0.0,    0.0,    0.0,    0.0,    0.0,    0.0,    0.0,    0.0,    0.0,    0.0,     36,      2,      1,      1,     19,     23,     21,     25,     36,      2,      1,      1,     19,     23,     21,     25,      0,      0,      0,      0,      0,      0,      0,      0,    67.7,    64.9,    90.5,    84.1,    67.7,    64.7,    90.5,    84.0,    67.7,    64.9,    90.5,    84.1,    67.7,    64.7,    90.5,    84.0,     0.0,     0.0,     0.0,     0.0,     0.0,     0.0,     0.0,     0.0,"(CONTRACTS OF 1,000 BARRELS)",067A71,NYME,067 
COCOA - ICE FUTURES U.S.,261006,2026-10-06,073732,ICUS,01,073 ,  179765,   31413,   42061,   38560,   99395,   89732,  169368,  170353,   10397,    9412,  170603,   32454,   42834,   34253,   93995,   84297,  160702,  161384,    9901,    9219,    9162,    1923,    2191,    1343,    5400,    5435,    8666,    8969,     496,     193,   -4123,     953,   -2518,   -5552,     512,    3655,   -4087,   -4415,     -36,     292,  100.0,   17.5,   23.4,   21.5,   55.3,   49.9,   94.2,   94.8,    5.8,    5.2,  100.0,   19.0,   25.1,   20.1,   55.1,   49.4,   94.2,   94.6,    5.8,    5.4,  100.0,   21.0,   23.9,   14.7,   58.9,   59.3,   94.6,   97.9,    5.4,    2.1,    202,     61,     72,     80,     56,     43,    168,    152,    202,     64,     71,     77,     55,     42,    166,    149,     54,     14,     13,     10,     20,     15,     40,     32,    19.3,    16.1,    30.2,    28.0,    17.0,    13.1,    26.5,    21.9,    20.1,    16.8,    31.4,    28.7,    18.3,    14.3,    28.3,    23.5,    49.4,    34.9,    65.3,    61.0,    33.5,    27.9,    43.8,    44.0,(CONTRACTS OF 10 METRIC TONS),073732,ICUS,073 
PALLADIUM - NEW YORK MERCANTILE EXCHANGE,261006,2026-10-06,075651,NYME,01,075 ,   21060,    7658,   14675,    1298,    9196,    3408,   18152,   19381,    2908,    1679,   21060,    7658,   14675,    1298,    9196,    3408,   18152,   19381,    2908,    1679,       0,       0,       0,       0,       0,       0,       0,       0,       0,       0,    2458,    1260,    2452,     237,     813,    -278,    2310,    2411,     148,      47,  100.0,   36.4,   69.7,    6.2,   43.7,   16.2,   86.2,   92.0,   13.8,    8.0,  100.0,   36.4,   69.7,    6.2,   43.7,   16.2,   86.2,   92.0,   13.8,    8.0,    0.0,    0.0,    0.0,    0.0,    0.0,    0.0,    0.0,    0.0,    0.0,    0.0,    183,     74,     57,     32,     34,     22,    122,     97,    183,     74,     57,     32,     34,     22,    122,     97,      0,      0,      0,      0,      0,      0,      0,      0,    24.4,    27.1,    35.8,    41.5,    24.3,    25.8,    35.7,    40.2,    24.4,    27.1,    35.8,    41.5,    24.3,    25.8,    35.7,    40.2,     0.0,     0.0,     0.0,     0.0,     0.0,     0.0,     0.0,     0.0,(CONTRACTS OF 100 TROY OUNCES),075651,NYME,075 
PLATINUM - NEW YORK MERCANTILE EXCHANGE,261006,2026-10-06,076651,NYME,01,076 ,   65868,   27790,   13822,   12859,   18339,   36125,   58988,   62806,    6880,    3062,   65868,   27790,   13822,   12859,   18339,   36125,   58988,   62806,    6880,    3062,       0,       0,       0,       0,       0,       0,       0,       0,       0,       0,    1822,     600,     121,    1856,    -299,     439,    2157,    2416,    -335,    -594,  100.0,   42.2,   21.0,   19.5,   27.8,   54.8,   89.6,   95.4,   10.4,    4.6,  100.0,   42.2,   21.0,   19.5,   27.8,   54.8,   89.6,   95.4,   10.4,    4.6,    0.0,    0.0,    0.0,    0.0,    0.0,    0.0,    0.0,    0.0,    0.0,    0.0,    213,     94,     54,     32,     32,     41,    145,    109,    213,     94,     54,     32,     32,     41,    145,    109,      0,      0,      0,      0,      0,      0,      0,      0,    22.6,    36.4,    34.3,    52.5,    15.2,    31.5,    25.1,    43.5,    22.6,    36.4,    34.3,    52.5,    15.2,    31.5,    25.1,    43.5,     0.0,     0.0,     0.0,     0.0,     0.0,     0.0,     0.0,     0.0,(CONTRACTS OF 50 TROY OUNCES),076651,NYME,076 
SUGAR NO. 11 - ICE FUTURES U.S.,261006,2026-10-06,080732,ICUS,01,080 , 1158944,  406286,  189011,  198079,  448754,  726098, 1053119, 1113188,  105825,   45756, 1158944,  406286,  189011,  198079,  448754,  726098, 1053119, 1113188,  105825,   45756,       0,       0,       0,       0,       0,       0,       0,       0,       0,       0,   59768,   45360,   -3473,   18721,   -9540,   44883,   54541,   60131,    5227,    -363,  100.0,   35.1,   16.3,   17.1,   38.7,   62.7,   90.9,   96.1,    9.1,    3.9,  100.0,   35.1,   16.3,   17.1,   38.7,   62.7,   90.9,   96.1,    9.1,    3.9,    0.0,    0.0,    0.0,    0.0,    0.0,    0.0,    0.0,    0.0,    0.0,    0.0,    295,    127,     62,     94,     77,     80,    249,    195,    295,    127,     62,     94,     77,     80,    249,    195,      0,      0,      0,      0,      0,      0,      0,      0,    12.5,    25.9,    20.7,    38.6,    12.2,    21.6,    19.8,    33.2,    12.5,    25.9,    20.7,    38.6,    12.2,    21.6,    19.8,    33.2,     0.0,     0.0,     0.0,     0.0,     0.0,     0.0,     0.0,     0.0,"(CONTRACTS OF 112,000 POUNDS)",080732,ICUS,080 
COFFEE C - ICE FUTURES U.S.,261006,2026-10-06,083731,ICUS,01,083 ,  162806,   46693,   30480,   36707,   71756,   89268,  155156,  156455,    7650,    6351,  154455,   45016,   31758,   33607,   68455,   82927,  147078,  148292,    7377,    6163,    8351,    4571,    1616,     206,    3301,    6341,    8078,    8163,     273,     188,    7898,    2588,    -133,    4093,     948,    3928,    7629,    7888,     269,      10,  100.0,   28.7,   18.7,   22.5,   44.1,   54.8,   95.3,   96.1,    4.7,    3.9,  100.0,   29.1,   20.6,   21.8,   44.3,   53.7,   95.2,   96.0,    4.8,    4.0,  100.0,   54.7,   19.4,    2.5,   39.5,   75.9,   96.7,   97.7,    3.3,    2.3,    346,    105,     92,    106,    107,    109,    273,    262,    345,    106,     94,    104,    106,    104,    270,    257,    103,     15,     19,      5,     39,     35,     57,     56,    16.1,    14.7,    24.6,    23.9,    12.0,    12.0,    17.8,    18.7,    16.1,    14.3,    24.4,    24.1,    12.8,    11.5,    18.9,    18.4,    47.5,    38.9,    64.6,    57.6,    45.1,    38.8,    61.5,    56.2,"(CONTRACTS OF 37,500 POUNDS)",083731,ICUS,083 
SILVER - COMMODITY EXCHANGE INC.,261006,2026-10-06,084691,CMX ,01,084 ,  105130,   33648,   10495,   12831,   31745,   73337,   78224,   96663,   26906,    8467,  105130,   33648,   10495,   12831,   31745,   73337,   78224,   96663,   26906,    8467,       0,       0,       0,       0,       0,       0,       0,       0,       0,       0,   -1917,     166,    -904,     496,   -2350,    -768,   -1688,   -1176,    -229,    -741,  100.0,   32.0,   10.0,   12.2,   30.2,   69.8,   74.4,   91.9,   25.6,    8.1,  100.0,   32.0,   10.0,   12.2,   30.2,   69.8,   74.4,   91.9,   25.6,    8.1,    0.0,    0.0,    0.0,    0.0,    0.0,    0.0,    0.0,    0.0,    0.0,    0.0,    156,     76,     28,     36,     35,     38,    124,     89,    156,     76,     28,     36,     35,     38,    124,     89,      0,      0,      0,      0,      0,      0,      0,      0,    14.4,    33.4,    23.4,    49.0,    14.2,    31.1,    22.1,    45.3,    14.4,    33.4,    23.4,    49.0,    14.2,    31.1,    22.1,    45.3,     0.0,     0.0,     0.0,     0.0,     0.0,     0.0,     0.0,     0.0,"(CONTRACTS OF 5,000 TROY OUNCES)",084691,CMX ,084 
COPPER- #1 - COMMODITY EXCHANGE INC.,261006,2026-10-06,085692,CMX ,01,085 ,  304033,  108820,   39386,   74259,  103794,  181717,  286873,  295362,   17160,    8671,  304033,  108820,   39386,   74259,  103794,  181717,  286873,  295362,   17160,    8671,       0,       0,       0,       0,       0,       0,       0,       0,       0,       0,    2832,  -14485,    1492,    7325,   10662,   -6256,    3502,    2561,    -670,     271,  100.0,   35.8,   13.0,   24.4,   34.1,   59.8,   94.4,   97.1,    5.6,    2.9,  100.0,   35.8,   13.0,   24.4,   34.1,   59.8,   94.4,   97.1,    5.6,    2.9,    0.0,    0.0,    0.0,    0.0,    0.0,    0.0,    0.0,    0.0,    0.0,    0.0,    279,    144,     55,     83,     56,     59,    239,    167,    279,    144,     55,     83,     56,     59,    239,    167,      0,      0,      0,      0,      0,      0,      0,      0,    16.9,    31.4,    28.3,    45.3,    16.0,    30.8,    24.8,    41.7,    16.9,    31.4,    28.3,    45.3,    16.0,    30.8,    24.8,    41.7,     0.0,     0.0,     0.0,     0.0,     0.0,     0.0,     0.0,     0.0,"(CONTRACTS OF 25,000 POUNDS)",085692,CMX ,085 
GOLD - COMMODITY EXCHANGE INC.,261006,2026-10-06,088691,CMX ,01,088 ,  396109,  245403,   35068,   44440,   55802,  300329,  345645,  379837,   50464,   16272,  396109,  245403,   35068,   44440,   55802,  300329,  345645,  379837,   50464,   16272,       0,       0,       0,       0,       0,       0,       0,       0,       0,       0,  -10347,   -4333,    3964,   -4665,   -3029,   -9469,  -12027,  -10170,    1680,    -177,  100.0,   62.0,    8.9,   11.2,   14.1,   75.8,   87.3,   95.9,   12.7,    4.1,  100.0,   62.0,    8.9,   11.2,   14.1,   75.8,   87.3,   95.9,   12.7,    4.1,    0.0,    0.0,    0.0,    0.0,    0.0,    0.0,    0.0,    0.0,    0.0,    0.0,    285,    157,     51,     62,     54,     44,    234,    139,    285,    157,     51,     62,     54,     44,    234,    139,      0,      0,      0,      0,      0,      0,      0,      0,    21.4,    39.7,    31.2,    59.0,    20.8,    37.9,    28.9,    55.6,    21.4,    39.7,    31.2,    59.0,    20.8,    37.9,    28.9,    55.6,     0.0,     0.0,     0.0,     0.0,     0.0,     0.0,     0.0,     0.0,(CONTRACTS OF 100 TROY OUNCES),088691,CMX ,088 
MICRO GOLD - COMMODITY EXCHANGE INC.,261006,2026-10-06,088695,CMX ,01,088 ,  101296,   46462,   73474,    2612,    8131,       0,   57205,   76086,   44091,   25210,  101296,   46462,   73474,    2612,    8131,       0,   57205,   76086,   44091,   25210,       0,       0,       0,       0,       0,       0,       0,       0,       0,       0,    -194,    3892,    6148,   -3917,      98,       0,      73,    2231,    -267,   -2425,  100.0,   45.9,   72.5,    2.6,    8.0,    0.0,   56.5,   75.1,   43.5,   24.9,  100.0,   45.9,   72.5,    2.6,    8.0,    0.0,   56.5,   75.1,   43.5,   24.9,    0.0,    0.0,    0.0,    0.0,    0.0,    0.0,    0.0,    0.0,    0.0,    0.0,     47,     28,     16,      9,      3,      0,     39,     17,     47,     28,     16,      9,      3,      0,     39,     17,      0,      0,      0,      0,      0,      0,      0,      0,    34.6,    64.8,    41.3,    71.1,    34.4,    64.3,    40.9,    69.7,    34.6,    64.8,    41.3,    71.1,    34.4,    64.3,    40.9,    69.7,     0.0,     0.0,     0.0,     0.0,     0.0,     0.0,     0.0,     0.0,(CONTRACTS OF 10 TROY OUNCES),088695,CMX ,088 
CANADIAN DOLLAR - CHICAGO MERCANTILE EXCHANGE,261006,2026-10-06,090741,CME ,00,090 ,  371048,   91109,  181272,    4394,  248311,  144809,  343814,  330475,   27234,   40573,  371048,   91109,  181272,    4394,  248311,  144809,  343814,  330475,   27234,   40573,       0,       0,       0,       0,       0,       0,       0,       0,       0,       0,   23774,    6062,   17554,     217,   18359,    4421,   24638,   22192,    -864,    1582,  100.0,   24.6,   48.9,    1.2,   66.9,   39.0,   92.7,   89.1,    7.3,   10.9,  100.0,   24.6,   48.9,    1.2,   66.9,   39.0,   92.7,   89.1,    7.3,   10.9,    0.0,    0.0,    0.0,    0.0,    0.0,    0.0,    0.0,    0.0,    0.0,    0.0,    146,     24,     51,     17,     47,     39,     79,     99,    146,     24,     51,     17,     47,     39,     79,     99,      0,      0,      0,      0,      0,      0,      0,      0,    64.3,    32.8,    73.3,    45.2,    64.2,    32.8,    73.3,    45.2,    64.3,    32.8,    73.3,    45.2,    64.2,    32.8,    73.3,    45.2,     0.0,     0.0,     0.0,     0.0,     0.0,     0.0,     0.0,     0.0,"(CONTRACTS OF CAD 100,000)",090741,CME ,090 
SWISS FRANC - CHICAGO MERCANTILE EXCHANGE,261006,2026-10-06,092741,CME ,00,092 ,  137185,   27818,   51558,    6649,   92327,   55041,  126794,  113248,   10391,   23937,  137185,   27818,   51558,    6649,   92327,   55041,  126794,  113248,   10391,   23937,       0,       0,       0,       0,       0,       0,       0,       0,       0,       0,    3313,    2990,    2113,    1313,   -2069,     785,    2234,    4211,    1079,    -898,  100.0,   20.3,   37.6,    4.8,   67.3,   40.1,   92.4,   82.6,    7.6,   17.4,  100.0,   20.3,   37.6,    4.8,   67.3,   40.1,   92.4,   82.6,    7.6,   17.4,    0.0,    0.0,    0.0,    0.0,    0.0,    0.0,    0.0,    0.0,    0.0,    0.0,     63,     13,     18,      3,     16,     19,     30,     39,     63,     13,     18,      3,     16,     19,     30,     39,      0,      0,      0,      0,      0,      0,      0,      0,    73.8,    31.4,    81.3,    51.6,    69.0,    31.4,    75.0,    50.6,    73.8,    31.4,    81.3,    51.6,    69.0,    31.4,    75.0,    50.6,     0.0,     0.0,     0.0,     0.0,     0.0,     0.0,     0.0,     0.0,"(CONTRACTS OF CHF 125,000)",092741,CME ,092 
MEXICAN PESO - CHICAGO MERCANTILE EXCHANGE,261006,2026-10-06,095741,CME ,00,095 ,  290507,   98697,   87996,    1192,  185017,  197718,  284906,  286906,    5601,    3601,  290507,   98697,   87996,    1192,  185017,  197718,  284906,  286906,    5601,    3601,       0,       0,       0,       0,       0,       0,       0,       0,       0,       0,   15686,  -16734,   24967,     313,   32135,   -9761,   15714,   15519,     -28,     167,  100.0,   34.0,   30.3,    0.4,   63.7,   68.1,   98.1,   98.8,    1.9,    1.2,  100.0,   34.0,   30.3,    0.4,   63.7,   68.1,   98.1,   98.8,    1.9,    1.2,    0.0,    0.0,    0.0,    0.0,    0.0,    0.0,    0.0,    0.0,    0.0,    0.0,    161,     55,     39,     12,     39,     32,     97,     81,    161,     55,     39,     12,     39,     32,     97,     81,      0,      0,      0,      0,      0,      0,      0,      0,    34.9,    72.2,    55.7,    81.3,    34.9,    72.2,    55.7,    80.8,    34.9,    72.2,    55.7,    81.3,    34.9,    72.2,    55.7,    80.8,     0.0,     0.0,     0.0,     0.0,     0.0,     0.0,     0.0,     0.0,"(CONTRACTS OF MXN 500,000)",095741,CME ,095 
BRITISH POUND - CHICAGO MERCANTILE EXCHANGE,261006,2026-10-06,096742,CME ,00,096 ,  265890,   45259,  142870,    2899,  197105,   85238,  245263,  231007,   20627,   34883,  265890,   45259,  142870,    2899,  197105,   85238,  245263,  231007,   20627,   34883,       0,       0,       0,       0,       0,       0,       0,       0,       0,       0,   14150,    3863,   10399,     837,   13319,    2334,   18019,   13570,   -3869,     580,  100.0,   17.0,   53.7,    1.1,   74.1,   32.1,   92.2,   86.9,    7.8,   13.1,  100.0,   17.0,   53.7,    1.1,   74.1,   32.1,   92.2,   86.9,    7.8,   13.1,    0.0,    0.0,    0.0,    0.0,    0.0,    0.0,    0.0,    0.0,    0.0,    0.0,    111,     23,     31,      9,     26,     43,     54,     78,    111,     23,     31,      9,     26,     43,     54,     78,      0,      0,      0,      0,      0,      0,      0,      0,    52.5,    41.3,    69.2,    51.2,    51.0,    41.2,    67.1,    51.0,    52.5,    41.3,    69.2,    51.2,    51.0,    41.2,    67.1,    51.0,     0.0,     0.0,     0.0,     0.0,     0.0,     0.0,     0.0,     0.0,"(CONTRACTS OF GBP 62,500)",096742,CME ,096 
JAPANESE YEN - CHICAGO MERCANTILE EXCHANGE,261006,2026-10-06,097741,CME ,00,097 ,  368138,  190368,  128043,    3004,  140231,  201980,  333603,  333027,   34535,   35111,  368138,  190368,  128043,    3004,  140231,  201980,  333603,  333027,   34535,   35111,       0,       0,       0,       0,       0,       0,       0,       0,       0,       0,    7418,   14102,    7217,   -1628,   -4624,    1140,    7850,    6729,    -432,     689,  100.0,   51.7,   34.8,    0.8,   38.1,   54.9,   90.6,   90.5,    9.4,    9.5,  100.0,   51.7,   34.8,    0.8,   38.1,   54.9,   90.6,   90.5,    9.4,    9.5,    0.0,    0.0,    0.0,    0.0,    0.0,    0.0,    0.0,    0.0,    0.0,    0.0,    163,     37,     48,     12,     50,     47,     91,    103,    163,     37,     48,     12,     50,     47,     91,    103,      0,      0,      0,      0,      0,      0,      0,      0,    40.7,    38.2,    55.8,    56.4,    40.7,    37.3,    55.6,    55.6,    40.7,    38.2,    55.8,    56.4,    40.7,    37.3,    55.6,    55.6,     0.0,     0.0,     0.0,     0.0,     0.0,     0.0,     0.0,     0.0,"(CONTRACTS OF JPY 12,500,000)",097741,CME ,097 
USD INDEX - ICE FUTURES U.S.,261006,2026-10-06,098662,ICUS,01,098 ,   51095,   30526,   18515,    1796,   14771,   29042,   47093,   49353,    4002,    1742,   51095,   30526,   18515,    1796,   14771,   29042,   47093,   49353,    4002,    1742,       0,       0,       0,       0,       0,       0,       0,       0,       0,       0,    2753,     784,     654,     278,    1247,    1644,    2309,    2576,     444,     177,  100.0,   59.7,   36.2,    3.5,   28.9,   56.8,   92.2,   96.6,    7.8,    3.4,  100.0,   59.7,   36.2,    3.5,   28.9,   56.8,   92.2,   96.6,    7.8,    3.4,    0.0,    0.0,    0.0,    0.0,    0.0,    0.0,    0.0,    0.0,    0.0,    0.0,    127,     77,     36,      8,      9,      7,     86,     51,    127,     77,     36,      8,      9,      7,     86,     51,      0,      0,      0,      0,      0,      0,      0,      0,    43.7,    65.3,    58.5,    74.2,    41.4,    65.2,    56.0,    74.1,    43.7,    65.3,    58.5,    74.2,    41.4,    65.2,    56.0,    74.1,     0.0,     0.0,     0.0,     0.0,     0.0,     0.0,     0.0,     0.0,(U.S. DOLLAR INDEX X $1000),098662,ICUS,098 
EURO FX - CHICAGO MERCANTILE EXCHANGE,261006,2026-10-06,099741,CME ,00,099 ,  870291,  243020,  342352,   39238,  504296,  432272,  786554,  813862,   83737,   56429,  870291,  243020,  342352,   39238,  504296,  432272,  786554,  813862,   83737,   56429,       0,       0,       0,       0,       0,       0,       0,       0,       0,       0,   16332,    4837,   40913,    7374,     449,  -30998,   12660,   17289,    3672,    -957,  100.0,   27.9,   39.3,    4.5,   57.9,   49.7,   90.4,   93.5,    9.6,    6.5,  100.0,   27.9,   39.3,    4.5,   57.9,   49.7,   90.4,   93.5,    9.6,    6.5,    0.0,    0.0,    0.0,    0.0,    0.0,    0.0,    0.0,    0.0,    0.0,    0.0,    346,     84,     67,     32,    140,    107,    237,    193,    346,     84,     67,     32,    140,    107,    237,    193,      0,      0,      0,      0,      0,      0,      0,      0,    20.4,    32.4,    30.5,    46.2,    20.3,    31.4,    30.1,    44.9,    20.4,    32.4,    30.5,    46.2,    20.3,    31.4,    30.1,    44.9,     0.0,     0.0,     0.0,     0.0,     0.0,     0.0,     0.0,     0.0,"(CONTRACTS OF EUR 125,000)",099741,CME ,099 
BRAZILIAN REAL - CHICAGO MERCANTILE EXCHANGE,261006,2026-10-06,102741,CME ,00,102 ,  134541,   93229,   40966,    1996,   33803,   90538,  129028,  133500,    5513,    1041,  134541,   93229,   40966,    1996,   33803,   90538,  129028,  133500,    5513,    1041,       0,       0,       0,       0,       0,       0,       0,       0,       0,       0,  -12163,   -2838,    5437,  -18438,    8686,    1147,  -12590,  -11854,     427,    -309,  100.0,   69.3,   30.4,    1.5,   25.1,   67.3,   95.9,   99.2,    4.1,    0.8,  100.0,   69.3,   30.4,    1.5,   25.1,   67.3,   95.9,   99.2,    4.1,    0.8,    0.0,    0.0,    0.0,    0.0,    0.0,    0.0,    0.0,    0.0,    0.0,    0.0,    124,     65,     18,      8,     28,     13,     99,     34,    124,     65,     18,      8,     28,     13,     99,     34,      0,      0,      0,      0,      0,      0,      0,      0,    33.4,    77.2,    50.1,    90.8,    33.4,    77.2,    50.1,    90.6,    33.4,    77.2,    50.1,    90.8,    33.4,    77.2,    50.1,    90.6,     0.0,     0.0,     0.0,     0.0,     0.0,     0.0,     0.0,     0.0,"(CONTRACTS OF BRL 100,000)",102741,CME ,102 
GASOLINE RBOB - NEW YORK MERCANTILE EXCHANGE,261006,2026-10-06,111659,NYME,01,111 ,  348700,  119171,   48640,   59217,  144232,  228282,  322620,  336139,   26080,   12561,  348700,  119171,   48640,   59217,  144232,  228282,  322620,  336139,   26080,   12561,       0,       0,       0,       0,       0,       0,       0,       0,       0,       0,    5846,    5885,     585,    1608,   -2043,    3818,    5450,    6011,     396,    -165,  100.0,   34.2,   13.9,   17.0,   41.4,   65.5,   92.5,   96.4,    7.5,    3.6,  100.0,   34.2,   13.9,   17.0,   41.4,   65.5,   92.5,   96.4,    7.5,    3.6,    0.0,    0.0,    0.0,    0.0,    0.0,    0.0,    0.0,    0.0,    0.0,    0.0,    238,     92,     32,     71,     78,     95,    199,    175,    238,     92,     32,     71,     78,     95,    199,    175,      0,      0,      0,      0,      0,      0,      0,      0,    13.4,    19.7,    23.7,    32.3,    10.0,    17.8,    17.7,    25.6,    13.4,    19.7,    23.7,    32.3,    10.0,    17.8,    17.7,    25.6,     0.0,     0.0,     0.0,     0.0,     0.0,     0.0,     0.0,     0.0,"(CONTRACTS OF 42,000 U.S. GALLONS)",111659,NYME,111 
GULF COAST CBOB GAS A2 PL RBOB - NEW YORK MERCANTILE EXCHANGE,261006,2026-10-06,111A34,NYME,01,111 ,   19108,     965,       0,     440,   16967,   16803,   18372,   17243,     736,    1865,   19108,     965,       0,     440,   16967,   16803,   18372,   17243,     736,    1865,       0,       0,       0,       0,       0,       0,       0,       0,       0,       0,   -3899,    -245,       0,     125,   -3538,   -2624,   -3658,   -2499,    -241,   -1400,  100.0,    5.1,    0.0,    2.3,   88.8,   87.9,   96.1,   90.2,    3.9,    9.8,  100.0,    5.1,    0.0,    2.3,   88.8,   87.9,   96.1,   90.2,    3.9,    9.8,    0.0,    0.0,    0.0,    0.0,    0.0,    0.0,    0.0,    0.0,    0.0,    0.0,     26,      2,      0,      1,     19,     19,     21,     20,     26,      2,      0,      1,     19,     19,     21,     20,      0,      0,      0,      0,      0,      0,      0,      0,    45.9,    54.7,    73.1,    73.0,    43.4,    50.0,    62.4,    63.2,    45.9,    54.7,    73.1,    73.0,    43.4,    50.0,    62.4,    63.2,     0.0,     0.0,     0.0,     0.0,     0.0,     0.0,     0.0,     0.0,"(CONTRACTS OF 42,000 GALLONS)",111A34,NYME,111 
NZ DOLLAR - CHICAGO MERCANTILE EXCHANGE,261006,2026-10-06,112741,CME ,00,112 ,  129883,   27821,   57167,     626,   97032,   65652,  125479,  123445,    4404,    6438,  129883,   27821,   57167,     626,   97032,   65652,  125479,  123445,    4404,    6438,       0,       0,       0,       0,       0,       0,       0,       0,       0,       0,   15106,    4483,   16514,   -2762,   13241,     855,   14962,   14607,     144,     499,  100.0,   21.4,   44.0,    0.5,   74.7,   50.5,   96.6,   95.0,    3.4,    5.0,  100.0,   21.4,   44.0,    0.5,   74.7,   50.5,   96.6,   95.0,    3.4,    5.0,    0.0,    0.0,    0.0,    0.0,    0.0,    0.0,    0.0,    0.0,    0.0,    0.0,    116,     31,     47,      5,     22,     24,     54,     75,    116,     31,     47,      5,     22,     24,     54,     75,      0,      0,      0,      0,      0,      0,      0,      0,    57.4,    56.0,    77.4,    68.0,    57.3,    56.0,    76.5,    67.2,    57.4,    56.0,    77.4,    68.0,    57.3,    56.0,    76.5,    67.2,     0.0,     0.0,     0.0,     0.0,     0.0,     0.0,     0.0,     0.0,"(CONTRACTS OF NZD 100,000)",112741,CME ,112 
VIX FUTURES - CBOE FUTURES EXCHANGE,261006,2026-10-06,1170E1,E   ,00,117 ,  441261,   86555,  177849,  103287,  227749,  137151,  417591,  418287,   23670,   22974,  441261,   86555,  177849,  103287,  227749,  137151,  417591,  418287,   23670,   22974,       0,       0,       0,       0,       0,       0,       0,       0,       0,       0,   20148,   -1793,    9891,   14841,    9174,   -3495,   22222,   21237,   -2074,   -1089,  100.0,   19.6,   40.3,   23.4,   51.6,   31.1,   94.6,   94.8,    5.4,    5.2,  100.0,   19.6,   40.3,   23.4,   51.6,   31.1,   94.6,   94.8,    5.4,    5.2,    0.0,    0.0,    0.0,    0.0,    0.0,    0.0,    0.0,    0.0,    0.0,    0.0,    192,     66,     60,     83,     47,     43,    159,    150,    192,     66,     60,     83,     47,     43,    159,    150,      0,      0,      0,      0,      0,      0,      0,      0,    27.0,    20.3,    38.3,    32.9,    23.0,    17.0,    29.9,    24.9,    27.0,    20.3,    38.3,    32.9,    23.0,    17.0,    29.9,    24.9,     0.0,     0.0,     0.0,     0.0,     0.0,     0.0,     0.0,     0.0,($1000 X INDEX),1170E1,E   ,117 
SO AFRICAN RAND - CHICAGO MERCANTILE EXCHANGE,261006,2026-10-06,122741,CME ,00,122 ,   36413,   17721,    4260,     504,   15391,   30232,   33616,   34996,    2797,    1417,   36413,   17721,    4260,     504,   15391,   30232,   33616,   34996,    2797,    1417,       0,       0,       0,       0,       0,       0,       0,       0,       0,       0,    1435,   -1813,    1926,       0,    3973,    -507,    2160,    1419,    -725,      16,  100.0,   48.7,   11.7,    1.4,   42.3,   83.0,   92.3,   96.1,    7.7,    3.9,  100.0,   48.7,   11.7,    1.4,   42.3,   83.0,   92.3,   96.1,    7.7,    3.9,    0.0,    0.0,    0.0,    0.0,    0.0,    0.0,    0.0,    0.0,    0.0,    0.0,     51,     20,     10,      1,     12,     10,     33,     20,     51,     20,     10,      1,     12,     10,     33,     20,      0,      0,      0,      0,      0,      0,      0,      0,    53.3,    79.1,    71.5,    86.2,    53.3,    79.1,    71.5,    86.0,    53.3,    79.1,    71.5,    86.2,    53.3,    79.1,    71.5,    86.0,     0.0,     0.0,     0.0,     0.0,     0.0,     0.0,     0.0,     0.0,"(CONTRACTS OF ZAR 500,000)",122741,CME ,122 
DJIA Consolidated - CHICAGO BOARD OF TRADE,261006,2026-10-06,12460+,CBT ,00,124 ,   99865,   23931,   12128,    3055,   57583,   75361,   84570,   90543,   15295,    9322,   99865,   23931,   12128,    3055,   57583,   75361,   84570,   90543,   15295,    9322,       0,       0,       0,       0,       0,       0,       0,       0,       0,       0,    9814,    1427,    -351,    2248,    6133,    7830,    9808,    9727,       6,      87,  100.0,   24.0,   12.1,    3.1,   57.7,   75.5,   84.7,   90.7,   15.3,    9.3,  100.0,   24.0,   12.1,    3.1,   57.7,   75.5,   84.7,   90.7,   15.3,    9.3,    0.0,    0.0,    0.0,    0.0,    0.0,    0.0,    0.0,    0.0,    0.0,    0.0,    105,     31,     23,      9,     33,     26,     69,     53,    105,     31,     23,      9,     33,     26,     69,     53,      0,      0,      0,      0,      0,      0,      0,      0,    42.9,    46.6,    55.5,    63.6,    42.9,    46.2,    55.1,    63.1,    42.9,    46.6,    55.5,    63.6,    42.9,    46.2,    55.1,    63.1,     0.0,     0.0,     0.0,     0.0,     0.0,     0.0,     0.0,     0.0,($5 X DJIA INDEX),12460+,CBT ,124 
DJIA x $5 - CHICAGO BOARD OF TRADE,261006,2026-10-06,124603,CBT ,00,124 ,   95576,   23625,   14134,     468,   57201,   72548,   81294,   87150,   14282,    8426,   95576,   23625,   14134,     468,   57201,   72548,   81294,   87150,   14282,    8426,       0,       0,       0,       0,       0,       0,       0,       0,       0,       0,    7478,    1135,    1488,     251,    6093,    5612,    7479,    7351,      -1,     127,  100.0,   24.7,   14.8,    0.5,   59.8,   75.9,   85.1,   91.2,   14.9,    8.8,  100.0,   24.7,   14.8,    0.5,   59.8,   75.9,   85.1,   91.2,   14.9,    8.8,    0.0,    0.0,    0.0,    0.0,    0.0,    0.0,    0.0,    0.0,    0.0,    0.0,     90,     24,     19,      7,     30,     24,     58,     46,     90,     24,     19,      7,     30,     24,     58,     46,      0,      0,      0,      0,      0,      0,      0,      0,    44.8,    45.9,    58.0,    63.6,    44.8,    45.5,    57.6,    63.2,    44.8,    45.9,    58.0,    63.6,    44.8,    45.5,    57.6,    63.2,     0.0,     0.0,     0.0,     0.0,     0.0,     0.0,     0.0,     0.0,($5 X DJIA INDEX),124603,CBT ,124 
DOW JONES U.S. REAL ESTATE IDX - CHICAGO BOARD OF TRADE,261006,2026-10-06,124606,CBT ,00,124 ,   65528,    1531,    9107,       0,   61312,   54901,   62843,   64008,    2685,    1520,   65528,    1531,    9107,       0,   61312,   54901,   62843,   64008,    2685,    1520,       0,       0,       0,       0,       0,       0,       0,       0,       0,       0,    -738,    -601,    -714,       0,     277,    -130,    -324,    -844,    -414,     106,  100.0,    2.3,   13.9,    0.0,   93.6,   83.8,   95.9,   97.7,    4.1,    2.3,  100.0,    2.3,   13.9,    0.0,   93.6,   83.8,   95.9,   97.7,    4.1,    2.3,    0.0,    0.0,    0.0,    0.0,    0.0,    0.0,    0.0,    0.0,    0.0,    0.0,     52,      2,      5,      0,     33,     15,     35,     20,     52,      2,      5,      0,     33,     15,     35,     20,      0,      0,      0,      0,      0,      0,      0,      0,    46.1,    59.5,    63.4,    83.7,    45.9,    59.5,    63.2,    83.7,    46.1,    59.5,    63.4,    83.7,    45.9,    59.5,    63.2,    83.7,     0.0,     0.0,     0.0,     0.0,     0.0,     0.0,     0.0,     0.0,($100 X DJ US REAL ESTATE INDEX),124606,CBT ,124 
MICRO E-MINI DJIA (x$0.5) - CHICAGO BOARD OF TRADE,261006,2026-10-06,124608,CBT ,00,124 ,   42889,   28891,    5762,      45,    3822,   28127,   32758,   33934,   10131,    8955,   42889,   28891,    5762,      45,    3822,   28127,   32758,   33934,   10131,    8955,       0,       0,       0,       0,       0,       0,       0,       0,       0,       0,   23358,   22889,    1578,      -4,     402,   22183,   23287,   23757,      71,    -399,  100.0,   67.4,   13.4,    0.1,    8.9,   65.6,   76.4,   79.1,   23.6,   20.9,  100.0,   67.4,   13.4,    0.1,    8.9,   65.6,   76.4,   79.1,   23.6,   20.9,    0.0,    0.0,    0.0,    0.0,    0.0,    0.0,    0.0,    0.0,    0.0,    0.0,     24,      9,      7,      2,      5,      3,     15,     11,     24,      9,      7,      2,      5,      3,     15,     11,      0,      0,      0,      0,      0,      0,      0,      0,    66.0,    74.6,    71.4,    78.1,    65.9,    74.6,    71.4,    78.0,    66.0,    74.6,    71.4,    78.1,    65.9,    74.6,    71.4,    78.0,     0.0,     0.0,     0.0,     0.0,     0.0,     0.0,     0.0,     0.0,($0.5 X DJIA INDEX),124608,CBT ,124 
BITCOIN - CHICAGO MERCANTILE EXCHANGE,261006,2026-10-06,133741,CME ,00,133 ,   21432,   18313,   15773,    1861,      81,    3087,   20255,   20721,    1177,     711,   21432,   18313,   15773,    1861,      81,    3087,   20255,   20721,    1177,     711,       0,       0,       0,       0,       0,       0,       0,       0,       0,       0,    1836,    1125,    1050,     601,      42,     278,    1768,    1929,      68,     -93,  100.0,   85.4,   73.6,    8.7,    0.4,   14.4,   94.5,   96.7,    5.5,    3.3,  100.0,   85.4,   73.6,    8.7,    0.4,   14.4,   94.5,   96.7,    5.5,    3.3,    0.0,    0.0,    0.0,    0.0,    0.0,    0.0,    0.0,    0.0,    0.0,    0.0,    116,     56,     51,     28,      2,      6,     73,     71,    116,     56,     51,     28,      2,      6,     73,     71,      0,      0,      0,      0,      0,      0,      0,      0,    62.5,    31.1,    69.7,    53.4,    61.8,    30.2,    68.4,    51.0,    62.5,    31.1,    69.7,    53.4,    61.8,    30.2,    68.4,    51.0,     0.0,     0.0,     0.0,     0.0,     0.0,     0.0,     0.0,     0.0,(5 Bitcoins),133741,CME ,133 
MICRO BITCOIN - CHICAGO MERCANTILE EXCHANGE,261006,2026-10-06,133742,CME ,00,133 ,   34582,   26251,   32035,     795,     905,       0,   27951,   32830,    6631,    1752,   34582,   26251,   32035,     795,     905,       0,   27951,   32830,    6631,    1752,       0,       0,       0,       0,       0,       0,       0,       0,       0,       0,    8262,    7918,    8001,     265,    -690,     -50,    7493,    8216,     769,      46,  100.0,   75.9,   92.6,    2.3,    2.6,    0.0,   80.8,   94.9,   19.2,    5.1,  100.0,   75.9,   92.6,    2.3,    2.6,    0.0,   80.8,   94.9,   19.2,    5.1,    0.0,    0.0,    0.0,    0.0,    0.0,    0.0,    0.0,    0.0,    0.0,    0.0,    197,    140,     50,      8,      7,      0,    152,     53,    197,    140,     50,      8,      7,      0,    152,     53,      0,      0,      0,      0,      0,      0,      0,      0,    24.7,    81.6,    34.1,    86.3,    24.7,    80.8,    34.1,    84.7,    24.7,    81.6,    34.1,    86.3,    24.7,    80.8,    34.1,    84.7,     0.0,     0.0,     0.0,     0.0,     0.0,     0.0,     0.0,     0.0,(Bitcoin X $0.10),133742,CME ,133 
"Nano Bitcoin - COINBASE DERIVATIVES, LLC",261006,2026-10-06,133LM1,FREX,00,133 ,  119435,  118245,  110558,      64,       0,      28,  118309,  110650,    1126,    8785,  119435,  118245,  110558,      64,       0,      28,  118309,  110650,    1126,    8785,       0,       0,       0,       0,       0,       0,       0,       0,       0,       0,    5087,    4958,    4949,       5,       0,      28,    4963,    4982,     124,     105,  100.0,   99.0,   92.6,    0.1,    0.0,    0.0,   99.1,   92.6,    0.9,    7.4,  100.0,   99.0,   92.6,    0.1,    0.0,    0.0,   99.1,   92.6,    0.9,    7.4,    0.0,    0.0,    0.0,    0.0,    0.0,    0.0,    0.0,    0.0,    0.0,    0.0,    130,     80,     49,      1,      0,      1,     80,     51,    130,     80,     49,      1,      0,      1,     80,     51,      0,      0,      0,      0,      0,      0,      0,      0,    89.9,    77.6,    92.6,    86.5,    89.9,    77.6,    92.6,    86.5,    89.9,    77.6,    92.6,    86.5,    89.9,    77.6,    92.6,    86.5,     0.0,     0.0,     0.0,     0.0,     0.0,     0.0,     0.0,     0.0,(1/100 X Bitcoin = $300),133LM1,FREX,133 
"NANO BITCOIN PERP STYLE - COINBASE DERIVATIVES, LLC",261006,2026-10-06,133LM4,FREX,00,133 ,  163273,  132718,  138180,       0,    1176,    9279,  133894,  147459,   29379,   15814,  163273,  132718,  138180,       0,    1176,    9279,  133894,  147459,   29379,   15814,       0,       0,       0,       0,       0,       0,       0,       0,       0,       0,    4507,   -7849,   15733,       0,      25,  -14898,   -7824,     835,   12331,    3672,  100.0,   81.3,   84.6,    0.0,    0.7,    5.7,   82.0,   90.3,   18.0,    9.7,  100.0,   81.3,   84.6,    0.0,    0.7,    5.7,   82.0,   90.3,   18.0,    9.7,    0.0,    0.0,    0.0,    0.0,    0.0,    0.0,    0.0,    0.0,    0.0,    0.0,   1214,    740,    465,      0,      4,      5,    744,    470,   1214,    740,    465,      0,      4,      5,    744,    470,      0,      0,      0,      0,      0,      0,      0,      0,    12.0,    21.9,    18.2,    32.3,    12.0,    21.9,    18.2,    32.3,    12.0,    21.9,    18.2,    32.3,    12.0,    21.9,    18.2,    32.3,     0.0,     0.0,     0.0,     0.0,     0.0,     0.0,     0.0,     0.0,(1/100 X Bitcoin),133LM4,FREX,133 
"BITCOIN CASH PERP STYLE - COINBASE DERIVATIVES, LLC",261006,2026-10-06,133LM5,FREX,00,133 ,    2443,    2109,    1855,       0,       0,     477,    2109,    2332,     334,     111,    2443,    2109,    1855,       0,       0,     477,    2109,    2332,     334,     111,       0,       0,       0,       0,       0,       0,       0,       0,       0,       0,     128,     184,     -38,       0,       0,     231,     184,     193,     -56,     -65,  100.0,   86.3,   75.9,    0.0,    0.0,   19.5,   86.3,   95.5,   13.7,    4.5,  100.0,   86.3,   75.9,    0.0,    0.0,   19.5,   86.3,   95.5,   13.7,    4.5,    0.0,    0.0,    0.0,    0.0,    0.0,    0.0,    0.0,    0.0,    0.0,    0.0,     27,     19,      7,      0,      0,      1,     19,      8,     27,     19,      7,      0,      0,      1,     19,      8,      0,      0,      0,      0,      0,      0,      0,      0,    32.7,    82.4,    61.6,    95.5,    32.7,    82.4,    61.6,    95.5,    32.7,    82.4,    61.6,    95.5,    32.7,    82.4,    61.6,    95.5,     0.0,     0.0,     0.0,     0.0,     0.0,     0.0,     0.0,     0.0,(1 Bitcoin),133LM5,FREX,133 
SOFR-3M - CHICAGO MERCANTILE EXCHANGE,261006,2026-10-06,134741,CME ,00,134 ,12657372, 1441996, 3950578, 2488565, 8705401, 6196031,12635962,12635174,   21410,   22198,12657372, 1441996, 3950578, 2488565, 8705401, 6196031,12635962,12635174,   21410,   22198,       0,       0,       0,       0,       0,       0,       0,       0,       0,       0,  201495,   57949,   23854,   60694,   88199,  126339,  206842,  210887,   -5347,   -9392,  100.0,   11.4,   31.2,   19.7,   68.8,   49.0,   99.8,   99.8,    0.2,    0.2,  100.0,   11.4,   31.2,   19.7,   68.8,   49.0,   99.8,   99.8,    0.2,    0.2,    0.0,    0.0,    0.0,    0.0,    0.0,    0.0,    0.0,    0.0,    0.0,    0.0,    863,    225,    259,    205,    265,    286,    630,    637,    863,    225,    259,    205,    265,    286,    630,    637,      0,      0,      0,      0,      0,      0,      0,      0,    18.2,    18.3,    30.3,    28.0,    16.3,    12.9,    26.9,    20.1,    18.2,    18.3,    30.3,    28.0,    16.3,    12.9,    26.9,    20.1,     0.0,     0.0,     0.0,     0.0,     0.0,     0.0,     0.0,     0.0,"($2,500 x Contract IMM Index)",134741,CME ,134 
SOFR-1M - CHICAGO MERCANTILE EXCHANGE,261006,2026-10-06,134742,CME ,00,134 , 1245008,  225138,  242329,  262781,  756828,  739404, 1244747, 1244514,     261,     494, 1245008,  225138,  242329,  262781,  756828,  739404, 1244747, 1244514,     261,     494,       0,       0,       0,       0,       0,       0,       0,       0,       0,       0, -177068,  -64457, -104911,  -14804,  -95474,  -57531, -174735, -177246,   -2333,     178,  100.0,   18.1,   19.5,   21.1,   60.8,   59.4,  100.0,  100.0,    0.0,    0.0,  100.0,   18.1,   19.5,   21.1,   60.8,   59.4,  100.0,  100.0,    0.0,    0.0,    0.0,    0.0,    0.0,    0.0,    0.0,    0.0,    0.0,    0.0,    0.0,    0.0,    210,     40,     63,     58,     76,     99,    146,    191,    210,     40,     63,     58,     76,     99,    146,    191,      0,      0,      0,      0,      0,      0,      0,      0,    28.5,    29.6,    47.1,    41.1,    22.7,    21.2,    34.7,    27.0,    28.5,    29.6,    47.1,    41.1,    22.7,    21.2,    34.7,    27.0,     0.0,     0.0,     0.0,     0.0,     0.0,     0.0,     0.0,     0.0,"($4,167 x Contract IMM Index)",134742,CME ,134 
SOFR-3M - FMX FUTURES EXCHANGE,261006,2026-10-06,134FM1,FNFT,01,134 ,  154636,   17320,     845,   15096,  122142,  138619,  154558,  154560,      78,      76,  154636,   17320,     845,   15096,  122142,  138619,  154558,  154560,      78,      76,       0,       0,       0,       0,       0,       0,       0,       0,       0,       0,     -29,    1260,   -1144,    -627,    -663,    1741,     -30,     -30,       1,       1,  100.0,   11.2,    0.5,    9.8,   79.0,   89.6,   99.9,  100.0,    0.1,    0.0,  100.0,   11.2,    0.5,    9.8,   79.0,   89.6,   99.9,  100.0,    0.1,    0.0,    0.0,    0.0,    0.0,    0.0,    0.0,    0.0,    0.0,    0.0,    0.0,    0.0,     20,      5,      4,      8,     11,     10,     19,     19,     20,      5,      4,      8,     11,     10,     19,     19,      0,      0,      0,      0,      0,      0,      0,      0,    67.6,    72.1,    91.1,    91.6,    51.4,    60.6,    60.7,    61.1,    67.6,    72.1,    91.1,    91.6,    51.4,    60.6,    60.7,    61.1,     0.0,     0.0,     0.0,     0.0,     0.0,     0.0,     0.0,     0.0,"($2,500 x Contract IMM Index)",134FM1,FNFT,134 
CANOLA - ICE FUTURES U.S.,261006,2026-10-06,135731,ICUS,01,135 ,  352656,  153673,   47591,   51294,  142922,  248789,  347889,  347674,    4767,    4982,  344830,  153593,   47388,   50010,  136493,  242516,  340096,  339914,    4734,    4916,    7826,    1311,    1434,      53,    6429,    6273,    7793,    7760,      33,      66,    7054,    -597,   -8618,    4158,    1597,   10137,    5158,    5677,    1896,    1377,  100.0,   43.6,   13.5,   14.5,   40.5,   70.5,   98.6,   98.6,    1.4,    1.4,  100.0,   44.5,   13.7,   14.5,   39.6,   70.3,   98.6,   98.6,    1.4,    1.4,  100.0,   16.8,   18.3,    0.7,   82.1,   80.2,   99.6,   99.2,    0.4,    0.8,    354,    126,    116,     62,     42,     90,    205,    238,    348,    128,    115,     59,     40,     88,    200,    232,     55,     10,     18,      3,     11,     15,     24,     34,    27.3,    36.5,    41.5,    49.4,    21.0,    33.2,    34.2,    43.9,    27.5,    37.3,    42.0,    49.2,    21.2,    34.6,    34.5,    44.6,    82.0,    77.6,    93.6,    89.2,    82.0,    77.6,    93.6,    89.2,(20 Metric Tonnes),135731,ICUS,135 
S&P 500 Consolidated - CHICAGO MERCANTILE EXCHANGE,261006,2026-10-06,13874+,CME ,00,138 , 1949777,  213525,  369176,   39741, 1440895, 1395553, 1694161, 1804470,  255616,  145307, 1949777,  213525,  369176,   39741, 1440895, 1395553, 1694161, 1804470,  255616,  145307,       0,       0,       0,       0,       0,       0,       0,       0,       0,       0,   39788,    3053,   13748,    8956,   27044,   19014,   39054,   41719,     735,   -1931,  100.0,   11.0,   18.9,    2.0,   73.9,   71.6,   86.9,   92.5,   13.1,    7.5,  100.0,   11.0,   18.9,    2.0,   73.9,   71.6,   86.9,   92.5,   13.1,    7.5,    0.0,    0.0,    0.0,    0.0,    0.0,    0.0,    0.0,    0.0,    0.0,    0.0,    450,     78,     71,     42,    237,    171,    337,    262,    450,     78,     71,     42,    237,    171,    337,    262,      0,      0,      0,      0,      0,      0,      0,      0,     9.5,    27.2,    17.1,    38.5,     9.2,    26.1,    15.7,    37.3,     9.5,    27.2,    17.1,    38.5,     9.2,    26.1,    15.7,    37.3,     0.0,     0.0,     0.0,     0.0,     0.0,     0.0,     0.0,     0.0,(S&P 500 INDEX X $50.00),13874+,CME ,138 
E-MINI S&P CONSU STAPLES INDEX - CHICAGO MERCANTILE EXCHANGE,261006,2026-10-06,138748,CME ,00,138 ,   22044,    1491,       0,       0,   18466,   19800,   19957,   19800,    2087,    2244,   22044,    1491,       0,       0,   18466,   19800,   19957,   19800,    2087,    2244,       0,       0,       0,       0,       0,       0,       0,       0,       0,       0,    -106,    -386,       0,       0,    2180,      39,    1794,      39,   -1900,    -145,  100.0,    6.8,    0.0,    0.0,   83.8,   89.8,   90.5,   89.8,    9.5,   10.2,  100.0,    6.8,    0.0,    0.0,   83.8,   89.8,   90.5,   89.8,    9.5,   10.2,    0.0,    0.0,    0.0,    0.0,    0.0,    0.0,    0.0,    0.0,    0.0,    0.0,     25,      3,      0,      0,     10,     13,     13,     13,     25,      3,      0,      0,     10,     13,     13,     13,      0,      0,      0,      0,      0,      0,      0,      0,    57.7,    55.7,    83.6,    79.2,    57.7,    55.7,    83.6,    79.2,    57.7,    55.7,    83.6,    79.2,    57.7,    55.7,    83.6,    79.2,     0.0,     0.0,     0.0,     0.0,     0.0,     0.0,     0.0,     0.0,($100 x S&P Select Sector Consumer Stapl,138748,CME ,138 
E-MINI S&P ENERGY INDEX - CHICAGO MERCANTILE EXCHANGE,261006,2026-10-06,138749,CME ,00,138 ,   30308,    5813,    2876,     503,   20491,   25757,   26807,   29136,    3501,    1172,   30308,    5813,    2876,     503,   20491,   25757,   26807,   29136,    3501,    1172,       0,       0,       0,       0,       0,       0,       0,       0,       0,       0,    1497,     462,     847,      50,    1245,     603,    1757,    1500,    -260,      -3,  100.0,   19.2,    9.5,    1.7,   67.6,   85.0,   88.4,   96.1,   11.6,    3.9,  100.0,   19.2,    9.5,    1.7,   67.6,   85.0,   88.4,   96.1,   11.6,    3.9,    0.0,    0.0,    0.0,    0.0,    0.0,    0.0,    0.0,    0.0,    0.0,    0.0,     43,      5,      5,      1,     21,     14,     27,     19,     43,      5,      5,      1,     21,     14,     27,     19,      0,      0,      0,      0,      0,      0,      0,      0,    51.9,    54.9,    64.0,    76.3,    50.6,    54.9,    62.6,    74.7,    51.9,    54.9,    64.0,    76.3,    50.6,    54.9,    62.6,    74.7,     0.0,     0.0,     0.0,     0.0,     0.0,     0.0,     0.0,     0.0,($100 x S&P Select Sector Energy Index p,138749,CME ,138 
E-MINI S&P 500 - CHICAGO MERCANTILE EXCHANGE,261006,2026-10-06,13874A,CME ,00,138 , 1932227,  212009,  366079,   34781, 1437320, 1394255, 1684110, 1795115,  248117,  137112, 1932227,  212009,  366079,   34781, 1437320, 1394255, 1684110, 1795115,  248117,  137112,       0,       0,       0,       0,       0,       0,       0,       0,       0,       0,   36305,    2422,   13993,    6209,   26420,   18636,   35051,   38838,    1254,   -2533,  100.0,   11.0,   18.9,    1.8,   74.4,   72.2,   87.2,   92.9,   12.8,    7.1,  100.0,   11.0,   18.9,    1.8,   74.4,   72.2,   87.2,   92.9,   12.8,    7.1,    0.0,    0.0,    0.0,    0.0,    0.0,    0.0,    0.0,    0.0,    0.0,    0.0,    441,     73,     68,     40,    234,    171,    329,    257,    441,     73,     68,     40,    234,    171,    329,    257,      0,      0,      0,      0,      0,      0,      0,      0,     9.6,    27.4,    17.2,    38.9,     9.2,    26.4,    15.8,    37.7,     9.6,    27.4,    17.2,    38.9,     9.2,    26.4,    15.8,    37.7,     0.0,     0.0,     0.0,     0.0,     0.0,     0.0,     0.0,     0.0,($50 X S&P 500 INDEX),13874A,CME ,138 
E-MINI S&P FINANCIAL INDEX - CHICAGO MERCANTILE EXCHANGE,261006,2026-10-06,13874C,CME ,00,138 ,   62552,    2389,       0,       0,   57803,   60123,   60192,   60123,    2360,    2429,   62552,    2389,       0,       0,   57803,   60123,   60192,   60123,    2360,    2429,       0,       0,       0,       0,       0,       0,       0,       0,       0,       0,     811,     202,       0,       0,     611,     433,     813,     433,      -2,     378,  100.0,    3.8,    0.0,    0.0,   92.4,   96.1,   96.2,   96.1,    3.8,    3.9,  100.0,    3.8,    0.0,    0.0,   92.4,   96.1,   96.2,   96.1,    3.8,    3.9,    0.0,    0.0,    0.0,    0.0,    0.0,    0.0,    0.0,    0.0,    0.0,    0.0,     34,      4,      0,      0,     18,     12,     22,     12,     34,      4,      0,      0,     18,     12,     22,     12,      0,      0,      0,      0,      0,      0,      0,      0,    59.2,    76.2,    80.7,    92.5,    59.2,    76.2,    80.7,    92.5,    59.2,    76.2,    80.7,    92.5,    59.2,    76.2,    80.7,    92.5,     0.0,     0.0,     0.0,     0.0,     0.0,     0.0,     0.0,     0.0,($250 x S&P Select Sector Financial Inde,13874C,CME ,138 
E-MINI S&P HEALTH CARE INDEX - CHICAGO MERCANTILE EXCHANGE,261006,2026-10-06,13874E,CME ,00,138 ,   14181,    3838,       0,       0,    7306,   12813,   11144,   12813,    3037,    1368,   14181,    3838,       0,       0,    7306,   12813,   11144,   12813,    3037,    1368,       0,       0,       0,       0,       0,       0,       0,       0,       0,       0,      14,    -143,       0,       0,    -205,     -87,    -348,     -87,     362,     101,  100.0,   27.1,    0.0,    0.0,   51.5,   90.4,   78.6,   90.4,   21.4,    9.6,  100.0,   27.1,    0.0,    0.0,   51.5,   90.4,   78.6,   90.4,   21.4,    9.6,    0.0,    0.0,    0.0,    0.0,    0.0,    0.0,    0.0,    0.0,    0.0,    0.0,     24,      4,      0,      0,      8,     12,     12,     12,     24,      4,      0,      0,      8,     12,     12,     12,      0,      0,      0,      0,      0,      0,      0,      0,    49.6,    50.8,    69.9,    79.5,    49.6,    50.8,    69.9,    79.5,    49.6,    50.8,    69.9,    79.5,    49.6,    50.8,    69.9,    79.5,     0.0,     0.0,     0.0,     0.0,     0.0,     0.0,     0.0,     0.0,($100 x S&P Select Sector Health Care In,13874E,CME ,138 
E-MINI S&P INDUSTRIAL INDEX - CHICAGO MERCANTILE EXCHANGE,261006,2026-10-06,13874F,CME ,00,138 ,   12848,    1772,     635,       0,    9825,   11300,   11597,   11935,    1251,     913,   12848,    1772,     635,       0,    9825,   11300,   11597,   11935,    1251,     913,       0,       0,       0,       0,       0,       0,       0,       0,       0,       0,    -107,    -120,     -29,       0,    -106,    -171,    -226,    -200,     119,      93,  100.0,   13.8,    4.9,    0.0,   76.5,   88.0,   90.3,   92.9,    9.7,    7.1,  100.0,   13.8,    4.9,    0.0,   76.5,   88.0,   90.3,   92.9,    9.7,    7.1,    0.0,    0.0,    0.0,    0.0,    0.0,    0.0,    0.0,    0.0,    0.0,    0.0,     27,      3,      2,      0,     12,     10,     15,     12,     27,      3,      2,      0,     12,     10,     15,     12,      0,      0,      0,      0,      0,      0,      0,      0,    52.9,    63.2,    74.2,    83.5,    52.9,    63.2,    74.2,    83.5,    52.9,    63.2,    74.2,    83.5,    52.9,    63.2,    74.2,    83.5,     0.0,     0.0,     0.0,     0.0,     0.0,     0.0,     0.0,     0.0,($100 x S&P Select Sector Industrial Ind,13874F,CME ,138 
E-MINI S&P TECHNOLOGY INDEX - CHICAGO MERCANTILE EXCHANGE,261006,2026-10-06,13874I,CME ,00,138 ,   13319,    1506,       0,       0,    9039,   12954,   10545,   12954,    2774,     365,   13319,    1506,       0,       0,    9039,   12954,   10545,   12954,    2774,     365,       0,       0,       0,       0,       0,       0,       0,       0,       0,       0,     367,     230,       0,       0,     373,     275,     603,     275,    -236,      92,  100.0,   11.3,    0.0,    0.0,   67.9,   97.3,   79.2,   97.3,   20.8,    2.7,  100.0,   11.3,    0.0,    0.0,   67.9,   97.3,   79.2,   97.3,   20.8,    2.7,    0.0,    0.0,    0.0,    0.0,    0.0,    0.0,    0.0,    0.0,    0.0,    0.0,     23,      2,      0,      0,     12,     10,     14,     10,     23,      2,      0,      0,     12,     10,     14,     10,      0,      0,      0,      0,      0,      0,      0,      0,    50.8,    77.1,    68.1,    94.7,    50.8,    77.1,    67.6,    94.7,    50.8,    77.1,    68.1,    94.7,    50.8,    77.1,    67.6,    94.7,     0.0,     0.0,     0.0,     0.0,     0.0,     0.0,     0.0,     0.0,($100 x S&P Select Sector Technology Ind,13874I,CME ,138 
E-MINI S&P UTILITIES INDEX - CHICAGO MERCANTILE EXCHANGE,261006,2026-10-06,13874J,CME ,00,138 ,   28320,    2396,    2503,       0,   20984,   24420,   23380,   26923,    4940,    1397,   28320,    2396,    2503,       0,   20984,   24420,   23380,   26923,    4940,    1397,       0,       0,       0,       0,       0,       0,       0,       0,       0,       0,     359,    -816,    2182,       0,    -984,   -1385,   -1800,     797,    2159,    -438,  100.0,    8.5,    8.8,    0.0,   74.1,   86.2,   82.6,   95.1,   17.4,    4.9,  100.0,    8.5,    8.8,    0.0,   74.1,   86.2,   82.6,   95.1,   17.4,    4.9,    0.0,    0.0,    0.0,    0.0,    0.0,    0.0,    0.0,    0.0,    0.0,    0.0,     31,      2,      2,      0,     12,     15,     14,     17,     31,      2,      2,      0,     12,     15,     14,     17,      0,      0,      0,      0,      0,      0,      0,      0,    54.7,    57.8,    73.7,    77.7,    54.7,    57.8,    73.7,    77.7,    54.7,    57.8,    73.7,    77.7,    54.7,    57.8,    73.7,    77.7,     0.0,     0.0,     0.0,     0.0,     0.0,     0.0,     0.0,     0.0,($100 x S&P Select Sector Utilities Inde,13874J,CME ,138 
E-MINI S&P COMMUNICATION INDEX - CHICAGO MERCANTILE EXCHANGE,261006,2026-10-06,13874P,CME ,00,138 ,   17280,    1669,     203,       0,   14263,   16483,   15932,   16686,    1348,     594,   17280,    1669,     203,       0,   14263,   16483,   15932,   16686,    1348,     594,       0,       0,       0,       0,       0,       0,       0,       0,       0,       0,     577,    -395,     203,       0,    1129,     449,     734,     652,    -157,     -75,  100.0,    9.7,    1.2,    0.0,   82.5,   95.4,   92.2,   96.6,    7.8,    3.4,  100.0,    9.7,    1.2,    0.0,   82.5,   95.4,   92.2,   96.6,    7.8,    3.4,    0.0,    0.0,    0.0,    0.0,    0.0,    0.0,    0.0,    0.0,    0.0,    0.0,     25,      2,      1,      0,     14,     10,     16,     11,     25,      2,      1,      0,     14,     10,     16,     11,      0,      0,      0,      0,      0,      0,      0,      0,    53.7,    66.2,    75.5,    95.2,    53.5,    66.2,    75.3,    95.2,    53.7,    66.2,    75.5,    95.2,    53.5,    66.2,    75.3,    95.2,     0.0,     0.0,     0.0,     0.0,     0.0,     0.0,     0.0,     0.0,($250 x S&P Select Sector Communication,13874P,CME ,138 
MICRO E-MINI S&P 500 INDEX - CHICAGO MERCANTILE EXCHANGE,261006,2026-10-06,13874U,CME ,00,138 ,  175502,   62457,   78271,    2304,   35749,   12979,  100510,   93554,   74992,   81948,  175502,   62457,   78271,    2304,   35749,   12979,  100510,   93554,   74992,   81948,       0,       0,       0,       0,       0,       0,       0,       0,       0,       0,   34833,   32968,   24208,     817,    6241,    3784,   40026,   28809,   -5193,    6024,  100.0,   35.6,   44.6,    1.3,   20.4,    7.4,   57.3,   53.3,   42.7,   46.7,  100.0,   35.6,   44.6,    1.3,   20.4,    7.4,   57.3,   53.3,   42.7,   46.7,    0.0,    0.0,    0.0,    0.0,    0.0,    0.0,    0.0,    0.0,    0.0,    0.0,     32,     11,      6,      7,     11,      6,     24,     17,     32,     11,      6,      7,     11,      6,     24,     17,      0,      0,      0,      0,      0,      0,      0,      0,    33.0,    43.7,    43.1,    50.9,    32.5,    43.2,    42.6,    50.4,    33.0,    43.7,    43.1,    50.9,    32.5,    43.2,    42.6,    50.4,     0.0,     0.0,     0.0,     0.0,     0.0,     0.0,     0.0,     0.0,($5 X S&P 500 INDEX),13874U,CME ,138 
ADJUSTED INT RATE S&P 500 TOTL - CHICAGO MERCANTILE EXCHANGE,261006,2026-10-06,13874W,CME ,00,138 , 1015668,   99028,   89967,  122057,  780982,  782291, 1002067,  994315,   13601,   21353, 1015668,   99028,   89967,  122057,  780982,  782291, 1002067,  994315,   13601,   21353,       0,       0,       0,       0,       0,       0,       0,       0,       0,       0,    7825,       0,    -350,   -2200,    6995,    6041,    4795,    3491,    3030,    4334,  100.0,    9.8,    8.9,   12.0,   76.9,   77.0,   98.7,   97.9,    1.3,    2.1,  100.0,    9.8,    8.9,   12.0,   76.9,   77.0,   98.7,   97.9,    1.3,    2.1,    0.0,    0.0,    0.0,    0.0,    0.0,    0.0,    0.0,    0.0,    0.0,    0.0,     73,      8,     10,     17,     42,     51,     59,     72,     73,      8,     10,     17,     42,     51,     59,     72,      0,      0,      0,      0,      0,      0,      0,      0,    32.5,    22.8,    55.6,    38.9,    26.2,    21.7,    39.9,    36.9,    32.5,    22.8,    55.6,    38.9,    26.2,    21.7,    39.9,    36.9,     0.0,     0.0,     0.0,     0.0,     0.0,     0.0,     0.0,     0.0,(S&P 500 TOTAL RETURN INDEX x $25),13874W,CME ,138 
ETHER CASH SETTLED - CHICAGO MERCANTILE EXCHANGE,261006,2026-10-06,146021,CME ,00,146 ,   27681,   24635,   22358,    1888,     199,    2986,   26722,   27232,     959,     449,   27681,   24635,   22358,    1888,     199,    2986,   26722,   27232,     959,     449,       0,       0,       0,       0,       0,       0,       0,       0,       0,       0,     289,    -649,    -190,     796,     147,    -321,     294,     285,      -5,       4,  100.0,   89.0,   80.8,    6.8,    0.7,   10.8,   96.5,   98.4,    3.5,    1.6,  100.0,   89.0,   80.8,    6.8,    0.7,   10.8,   96.5,   98.4,    3.5,    1.6,    0.0,    0.0,    0.0,    0.0,    0.0,    0.0,    0.0,    0.0,    0.0,    0.0,     94,     46,     40,     18,      2,      6,     60,     53,     94,     46,     40,     18,      2,      6,     60,     53,      0,      0,      0,      0,      0,      0,      0,      0,    78.6,    44.4,    82.7,    61.9,    76.0,    41.3,    79.8,    58.5,    78.6,    44.4,    82.7,    61.9,    76.0,    41.3,    79.8,    58.5,     0.0,     0.0,     0.0,     0.0,     0.0,     0.0,     0.0,     0.0,(50 Index Points),146021,CME ,146 
MICRO ETHER - CHICAGO MERCANTILE EXCHANGE,261006,2026-10-06,146022,CME ,00,146 ,   79652,   67218,   67782,   10405,     200,    1138,   77823,   79325,    1829,     327,   79652,   67218,   67782,   10405,     200,    1138,   77823,   79325,    1829,     327,       0,       0,       0,       0,       0,       0,       0,       0,       0,       0,   13394,    4608,    4981,    8915,       0,    -478,   13523,   13418,    -129,     -24,  100.0,   84.4,   85.1,   13.1,    0.3,    1.4,   97.7,   99.6,    2.3,    0.4,  100.0,   84.4,   85.1,   13.1,    0.3,    1.4,   97.7,   99.6,    2.3,    0.4,    0.0,    0.0,    0.0,    0.0,    0.0,    0.0,    0.0,    0.0,    0.0,    0.0,    224,    184,     38,      6,      1,      1,    188,     42,    224,    184,     38,      6,      1,      1,    188,     42,      0,      0,      0,      0,      0,      0,      0,      0,    59.0,    87.4,    65.3,    93.9,    49.2,    74.8,    54.6,    81.3,    59.0,    87.4,    65.3,    93.9,    49.2,    74.8,    54.6,    81.3,     0.0,     0.0,     0.0,     0.0,     0.0,     0.0,     0.0,     0.0,(0.1 Index Points),146022,CME ,146 
"NANO ETHER - COINBASE DERIVATIVES, LLC",261006,2026-10-06,146LM1,FREX,00,146 ,   48205,   47034,   47709,     299,       0,       0,   47333,   48008,     872,     197,   48205,   47034,   47709,     299,       0,       0,   47333,   48008,     872,     197,       0,       0,       0,       0,       0,       0,       0,       0,       0,       0,    9365,    8989,    9211,     170,       0,     -26,    9159,    9355,     206,      10,  100.0,   97.6,   99.0,    0.6,    0.0,    0.0,   98.2,   99.6,    1.8,    0.4,  100.0,   97.6,   99.0,    0.6,    0.0,    0.0,   98.2,   99.6,    1.8,    0.4,    0.0,    0.0,    0.0,    0.0,    0.0,    0.0,    0.0,    0.0,    0.0,    0.0,    100,     77,     23,      3,      0,      0,     78,     25,    100,     77,     23,      3,      0,      0,     78,     25,      0,      0,      0,      0,      0,      0,      0,      0,    45.6,    92.9,    65.5,    97.5,    45.6,    92.9,    65.5,    97.4,    45.6,    92.9,    65.5,    97.5,    45.6,    92.9,    65.5,    97.4,     0.0,     0.0,     0.0,     0.0,     0.0,     0.0,     0.0,     0.0,"(0.1 Ether or 1/10 X$2,000 = $200)",146LM1,FREX,146 
"NANO ETHER PERP STYLE - COINBASE DERIVATIVES, LLC",261006,2026-10-06,146LM3,FREX,00,146 ,  208020,  190890,  136103,       0,    4642,   52060,  195532,  188163,   12488,   19857,  208020,  190890,  136103,       0,    4642,   52060,  195532,  188163,   12488,   19857,       0,       0,       0,       0,       0,       0,       0,       0,       0,       0,    2847,     469,    5876,       0,     180,   -5579,     649,     297,    2198,    2550,  100.0,   91.8,   65.4,    0.0,    2.2,   25.0,   94.0,   90.5,    6.0,    9.5,  100.0,   91.8,   65.4,    0.0,    2.2,   25.0,   94.0,   90.5,    6.0,    9.5,    0.0,    0.0,    0.0,    0.0,    0.0,    0.0,    0.0,    0.0,    0.0,    0.0,    855,    657,    189,      0,      6,      3,    663,    192,    855,    657,    189,      0,      6,      3,    663,    192,      0,      0,      0,      0,      0,      0,      0,      0,    14.8,    44.9,    22.8,    59.9,    14.8,    44.9,    22.8,    59.9,    14.8,    44.9,    22.8,    59.9,    14.8,    44.9,    22.8,    59.9,     0.0,     0.0,     0.0,     0.0,     0.0,     0.0,     0.0,     0.0,(1/10 X Ether),146LM3,FREX,146 
"LITECOIN PERP STYLE - COINBASE DERIVATIVES, LLC",261006,2026-10-06,167LM1,FREX,00,180 ,    5499,    4535,    4867,       0,       0,       0,    4535,    4867,     964,     632,    5499,    4535,    4867,       0,       0,       0,    4535,    4867,     964,     632,       0,       0,       0,       0,       0,       0,       0,       0,       0,       0,     -39,    -175,    -371,       0,       0,       0,    -175,    -371,     136,     332,  100.0,   82.5,   88.5,    0.0,    0.0,    0.0,   82.5,   88.5,   17.5,   11.5,  100.0,   82.5,   88.5,    0.0,    0.0,    0.0,   82.5,   88.5,   17.5,   11.5,    0.0,    0.0,    0.0,    0.0,    0.0,    0.0,    0.0,    0.0,    0.0,    0.0,     52,     43,      9,      0,      0,      0,     43,      9,     52,     43,      9,      0,      0,      0,     43,      9,      0,      0,      0,      0,      0,      0,      0,      0,    30.5,    81.9,    44.3,    88.0,    30.5,    81.9,    44.3,    88.0,    30.5,    81.9,    44.3,    88.0,    30.5,    81.9,    44.3,    88.0,     0.0,     0.0,     0.0,     0.0,     0.0,     0.0,     0.0,     0.0,(5 Litecoin),167LM1,FREX,180 
"DOGECOIN PERP STYLE - COINBASE DERIVATIVES, LLC",261006,2026-10-06,168LM2,FREX,00,168 ,    3325,    1954,    3164,       0,       0,       0,    1954,    3164,    1371,     161,    3325,    1954,    3164,       0,       0,       0,    1954,    3164,    1371,     161,       0,       0,       0,       0,       0,       0,       0,       0,       0,       0,    -204,    -511,     556,       0,       0,       0,    -511,     556,     307,    -760,  100.0,   58.8,   95.2,    0.0,    0.0,    0.0,   58.8,   95.2,   41.2,    4.8,  100.0,   58.8,   95.2,    0.0,    0.0,    0.0,   58.8,   95.2,   41.2,    4.8,    0.0,    0.0,    0.0,    0.0,    0.0,    0.0,    0.0,    0.0,    0.0,    0.0,     36,     27,      9,      0,      0,      0,     27,      9,     36,     27,      9,      0,      0,      0,     27,      9,      0,      0,      0,      0,      0,      0,      0,      0,    17.7,    85.1,    30.3,    94.4,    17.7,    85.1,    30.3,    94.4,    17.7,    85.1,    30.3,    94.4,    17.7,    85.1,    30.3,    94.4,     0.0,     0.0,     0.0,     0.0,     0.0,     0.0,     0.0,     0.0,"(5,000 Dogecoin)",168LM2,FREX,168 
"POLKADOT PERP STYLE - COINBASE DERIVATIVES, LLC",261006,2026-10-06,169LM2,FREX,00,180 ,    5884,    5253,    5772,       0,       0,       0,    5253,    5772,     631,     112,    5884,    5253,    5772,       0,       0,       0,    5253,    5772,     631,     112,       0,       0,       0,       0,       0,       0,       0,       0,       0,       0,    -272,    -402,    -262,       0,       0,       0,    -402,    -262,     130,     -10,  100.0,   89.3,   98.1,    0.0,    0.0,    0.0,   89.3,   98.1,   10.7,    1.9,  100.0,   89.3,   98.1,    0.0,    0.0,    0.0,   89.3,   98.1,   10.7,    1.9,    0.0,    0.0,    0.0,    0.0,    0.0,    0.0,    0.0,    0.0,    0.0,    0.0,     38,     27,     11,      0,      0,      0,     27,     11,     38,     27,     11,      0,      0,      0,     27,     11,      0,      0,      0,      0,      0,      0,      0,      0,    63.0,    93.1,    70.3,    96.6,    63.0,    93.1,    70.3,    96.6,    63.0,    93.1,    70.3,    96.6,    63.0,    93.1,    70.3,    96.6,     0.0,     0.0,     0.0,     0.0,     0.0,     0.0,     0.0,     0.0,(100 Polkadot),169LM2,FREX,180 
"CHAINLINK PERP STYLE - COINBASE DERIVATIVES, LLC",261006,2026-10-06,170LM2,FREX,00,180 ,    5722,    4005,    5520,       0,       0,       0,    4005,    5520,    1717,     202,    5722,    4005,    5520,       0,       0,       0,    4005,    5520,    1717,     202,       0,       0,       0,       0,       0,       0,       0,       0,       0,       0,     554,     380,     725,       0,       0,       0,     380,     725,     174,    -171,  100.0,   70.0,   96.5,    0.0,    0.0,    0.0,   70.0,   96.5,   30.0,    3.5,  100.0,   70.0,   96.5,    0.0,    0.0,    0.0,   70.0,   96.5,   30.0,    3.5,    0.0,    0.0,    0.0,    0.0,    0.0,    0.0,    0.0,    0.0,    0.0,    0.0,     87,     66,     21,      0,      0,      0,     66,     21,     87,     66,     21,      0,      0,      0,     66,     21,      0,      0,      0,      0,      0,      0,      0,      0,     8.5,    73.8,    16.1,    84.3,     8.5,    73.8,    16.1,    84.3,     8.5,    73.8,    16.1,    84.3,     8.5,    73.8,    16.1,    84.3,     0.0,     0.0,     0.0,     0.0,     0.0,     0.0,     0.0,     0.0,(50 Chainlink),170LM2,FREX,180 
"AVALANCHE - COINBASE DERIVATIVES, LLC",261006,2026-10-06,171LM1,FREX,00,180 ,    4521,    4124,    4275,     185,       0,       0,    4309,    4460,     212,      61,    4521,    4124,    4275,     185,       0,       0,    4309,    4460,     212,      61,       0,       0,       0,       0,       0,       0,       0,       0,       0,       0,    -588,    -666,    -589,      -8,       0,       0,    -674,    -597,      86,       9,  100.0,   91.2,   94.6,    4.1,    0.0,    0.0,   95.3,   98.7,    4.7,    1.3,  100.0,   91.2,   94.6,    4.1,    0.0,    0.0,   95.3,   98.7,    4.7,    1.3,    0.0,    0.0,    0.0,    0.0,    0.0,    0.0,    0.0,    0.0,    0.0,    0.0,     26,     15,     11,      3,      0,      0,     17,     12,     26,     15,     11,      3,      0,      0,     17,     12,      0,      0,      0,      0,      0,      0,      0,      0,    79.2,    86.4,    88.4,    95.7,    77.6,    84.3,    85.8,    92.9,    79.2,    86.4,    88.4,    95.7,    77.6,    84.3,    85.8,    92.9,     0.0,     0.0,     0.0,     0.0,     0.0,     0.0,     0.0,     0.0,(10 Avalanche x $30 = $300),171LM1,FREX,180 
"AVALANCHE PERP STYLE - COINBASE DERIVATIVES, LLC",261006,2026-10-06,171LM2,FREX,00,180 ,   15616,   13872,   15350,       0,       0,       0,   13872,   15350,    1744,     266,   15616,   13872,   15350,       0,       0,       0,   13872,   15350,    1744,     266,       0,       0,       0,       0,       0,       0,       0,       0,       0,       0,    1411,    1423,    1507,       0,       0,       0,    1423,    1507,     -12,     -96,  100.0,   88.8,   98.3,    0.0,    0.0,    0.0,   88.8,   98.3,   11.2,    1.7,  100.0,   88.8,   98.3,    0.0,    0.0,    0.0,   88.8,   98.3,   11.2,    1.7,    0.0,    0.0,    0.0,    0.0,    0.0,    0.0,    0.0,    0.0,    0.0,    0.0,    133,    108,     25,      0,      0,      0,    108,     25,    133,    108,     25,      0,      0,      0,    108,     25,      0,      0,      0,      0,      0,      0,      0,      0,    13.2,    87.5,    21.7,    91.7,    13.2,    87.5,    21.7,    91.7,    13.2,    87.5,    21.7,    91.7,    13.2,    87.5,    21.7,    91.7,     0.0,     0.0,     0.0,     0.0,     0.0,     0.0,     0.0,     0.0,(10 Avalanche),171LM2,FREX,180 
"1K SHIB PERP - COINBASE DERIVATIVES, LLC",261006,2026-10-06,172LM2,FREX,00,180 ,    4190,    3395,    4081,       0,       0,       0,    3395,    4081,     795,     109,    4190,    3395,    4081,       0,       0,       0,    3395,    4081,     795,     109,       0,       0,       0,       0,       0,       0,       0,       0,       0,       0,     329,     306,     331,       0,       0,       0,     306,     331,      23,      -2,  100.0,   81.0,   97.4,    0.0,    0.0,    0.0,   81.0,   97.4,   19.0,    2.6,  100.0,   81.0,   97.4,    0.0,    0.0,    0.0,   81.0,   97.4,   19.0,    2.6,    0.0,    0.0,    0.0,    0.0,    0.0,    0.0,    0.0,    0.0,    0.0,    0.0,     34,     28,      6,      0,      0,      0,     28,      6,     34,     28,      6,      0,      0,      0,     28,      6,      0,      0,      0,      0,      0,      0,      0,      0,    45.9,    96.1,    56.2,    97.4,    45.9,    96.1,    56.2,    97.4,    45.9,    96.1,    56.2,    97.4,    45.9,    96.1,    56.2,    97.4,     0.0,     0.0,     0.0,     0.0,     0.0,     0.0,     0.0,     0.0,"(10,000 x 1k Shib Index)",172LM2,FREX,180 
"STELLAR PERP STYLE - COINBASE DERIVATIVES, LLC",261006,2026-10-06,173LM2,FREX,00,180 ,    4516,    3059,    4358,       0,       0,       0,    3059,    4358,    1457,     158,    4516,    3059,    4358,       0,       0,       0,    3059,    4358,    1457,     158,       0,       0,       0,       0,       0,       0,       0,       0,       0,       0,     377,     340,     445,       0,       0,       0,     340,     445,      37,     -68,  100.0,   67.7,   96.5,    0.0,    0.0,    0.0,   67.7,   96.5,   32.3,    3.5,  100.0,   67.7,   96.5,    0.0,    0.0,    0.0,   67.7,   96.5,   32.3,    3.5,    0.0,    0.0,    0.0,    0.0,    0.0,    0.0,    0.0,    0.0,    0.0,    0.0,     55,     43,     12,      0,      0,      0,     43,     12,     55,     43,     12,      0,      0,      0,     43,     12,      0,      0,      0,      0,      0,      0,      0,      0,    20.9,    87.8,    29.8,    93.4,    20.9,    87.8,    29.8,    93.4,    20.9,    87.8,    29.8,    93.4,    20.9,    87.8,    29.8,    93.4,     0.0,     0.0,     0.0,     0.0,     0.0,     0.0,     0.0,     0.0,(5000 Stellar),173LM2,FREX,180 
"CARDONA PERP STYLE - COINBASE DERIVATIVES, LLC",261006,2026-10-06,174LM2,FREX,00,174 ,    9612,    7543,    9059,       0,       0,       0,    7543,    9059,    2069,     553,    9612,    7543,    9059,       0,       0,       0,    7543,    9059,    2069,     553,       0,       0,       0,       0,       0,       0,       0,       0,       0,       0,     613,     258,     317,       0,       0,       0,     258,     317,     355,     296,  100.0,   78.5,   94.2,    0.0,    0.0,    0.0,   78.5,   94.2,   21.5,    5.8,  100.0,   78.5,   94.2,    0.0,    0.0,    0.0,   78.5,   94.2,   21.5,    5.8,    0.0,    0.0,    0.0,    0.0,    0.0,    0.0,    0.0,    0.0,    0.0,    0.0,    130,    104,     26,      0,      0,      0,    104,     26,    130,    104,     26,      0,      0,      0,    104,     26,      0,      0,      0,      0,      0,      0,      0,      0,     8.5,    76.5,    16.9,    82.9,     8.5,    76.5,    16.9,    82.9,     8.5,    76.5,    16.9,    82.9,     8.5,    76.5,    16.9,    82.9,     0.0,     0.0,     0.0,     0.0,     0.0,     0.0,     0.0,     0.0,"(1,000 Cardano)",174LM2,FREX,174 
XRP - CHICAGO MERCANTILE EXCHANGE,261006,2026-10-06,176740,CME ,00,176 ,    7871,    7468,    6322,      80,     162,    1301,    7710,    7703,     161,     168,    7871,    7468,    6322,      80,     162,    1301,    7710,    7703,     161,     168,       0,       0,       0,       0,       0,       0,       0,       0,       0,       0,     155,      77,      12,      39,      23,      70,     139,     121,      16,      34,  100.0,   94.9,   80.3,    1.0,    2.1,   16.5,   98.0,   97.9,    2.0,    2.1,  100.0,   94.9,   80.3,    1.0,    2.1,   16.5,   98.0,   97.9,    2.0,    2.1,    0.0,    0.0,    0.0,    0.0,    0.0,    0.0,    0.0,    0.0,    0.0,    0.0,     28,      8,     15,      3,      1,      4,     12,     19,     28,      8,     15,      3,      1,      4,     12,     19,      0,      0,      0,      0,      0,      0,      0,      0,    87.2,    61.8,    95.7,    79.2,    87.2,    61.6,    95.7,    79.0,    87.2,    61.8,    95.7,    79.2,    87.2,    61.6,    95.7,    79.0,     0.0,     0.0,     0.0,     0.0,     0.0,     0.0,     0.0,     0.0,"(Contracts of 50,000 XRP)",176740,CME ,176 
"NANO XRP - COINBASE DERIVATIVES, LLC",261006,2026-10-06,176LM1,FREX,00,176 ,   59287,   58180,   58641,     486,       0,       0,   58666,   59127,     621,     160,   59287,   58180,   58641,     486,       0,       0,   58666,   59127,     621,     160,       0,       0,       0,       0,       0,       0,       0,       0,       0,       0,    2894,    2697,    2772,     112,       0,       0,    2809,    2884,      85,      10,  100.0,   98.1,   98.9,    0.8,    0.0,    0.0,   99.0,   99.7,    1.0,    0.3,  100.0,   98.1,   98.9,    0.8,    0.0,    0.0,   99.0,   99.7,    1.0,    0.3,    0.0,    0.0,    0.0,    0.0,    0.0,    0.0,    0.0,    0.0,    0.0,    0.0,     40,     28,     12,      1,      0,      0,     29,     12,     40,     28,     12,      1,      0,      0,     29,     12,      0,      0,      0,      0,      0,      0,      0,      0,    95.7,    98.9,    96.9,    99.5,    95.2,    98.1,    96.3,    98.7,    95.7,    98.9,    96.9,    99.5,    95.2,    98.1,    96.3,    98.7,     0.0,     0.0,     0.0,     0.0,     0.0,     0.0,     0.0,     0.0,(500 XRP x $2.00 = $1000),176LM1,FREX,176 
"XRP - COINBASE DERIVATIVES, LLC",261006,2026-10-06,176LM2,FREX,00,176 ,   24483,   24437,   21929,      28,       0,      45,   24465,   22002,      18,    2481,   24483,   24437,   21929,      28,       0,      45,   24465,   22002,      18,    2481,       0,       0,       0,       0,       0,       0,       0,       0,       0,       0,.,.,.,.,.,.,.,.,.,.,  100.0,   99.8,   89.6,    0.1,    0.0,    0.2,   99.9,   89.9,    0.1,   10.1,  100.0,   99.8,   89.6,    0.1,    0.0,    0.2,   99.9,   89.9,    0.1,   10.1,    0.0,    0.0,    0.0,    0.0,    0.0,    0.0,    0.0,    0.0,    0.0,    0.0,     21,      5,     15,      3,      0,      1,      8,     16,     21,      5,     15,      3,      0,      1,      8,     16,      0,      0,      0,      0,      0,      0,      0,      0,    99.5,    68.6,    99.9,    84.5,    99.5,    68.5,    99.8,    84.5,    99.5,    68.6,    99.9,    84.5,    99.5,    68.5,    99.8,    84.5,     0.0,     0.0,     0.0,     0.0,     0.0,     0.0,     0.0,     0.0,"(10,000 XRP x $2.00 = $20,000)",176LM2,FREX,176 
"NANO XRP PERP STYLE - COINBASE DERIVATIVES, LLC",261006,2026-10-06,176LM3,FREX,00,176 ,   38760,   28515,   31983,       0,     225,    2110,   28740,   34093,   10020,    4667,   38760,   28515,   31983,       0,     225,    2110,   28740,   34093,   10020,    4667,       0,       0,       0,       0,       0,       0,       0,       0,       0,       0,    -299,   -3642,    1776,       0,       0,    -194,   -3642,    1582,    3343,   -1881,  100.0,   73.6,   82.5,    0.0,    0.6,    5.4,   74.1,   88.0,   25.9,   12.0,  100.0,   73.6,   82.5,    0.0,    0.6,    5.4,   74.1,   88.0,   25.9,   12.0,    0.0,    0.0,    0.0,    0.0,    0.0,    0.0,    0.0,    0.0,    0.0,    0.0,    295,    261,     31,      0,      1,      2,    262,     33,    295,    261,     31,      0,      1,      2,    262,     33,      0,      0,      0,      0,      0,      0,      0,      0,    12.5,    72.2,    19.1,    80.8,    12.5,    72.2,    19.1,    80.8,    12.5,    72.2,    19.1,    80.8,    12.5,    72.2,    19.1,    80.8,     0.0,     0.0,     0.0,     0.0,     0.0,     0.0,     0.0,     0.0,(500 XRP x $2.00 = $1000),176LM3,FREX,176 
SOL - CHICAGO MERCANTILE EXCHANGE,261006,2026-10-06,177741,CME ,00,177 ,   13273,   12252,   11552,      47,     604,    1415,   12903,   13014,     370,     259,   13273,   12252,   11552,      47,     604,    1415,   12903,   13014,     370,     259,       0,       0,       0,       0,       0,       0,       0,       0,       0,       0,     191,     326,     220,      13,    -106,     -64,     233,     169,     -42,      22,  100.0,   92.3,   87.0,    0.4,    4.6,   10.7,   97.2,   98.0,    2.8,    2.0,  100.0,   92.3,   87.0,    0.4,    4.6,   10.7,   97.2,   98.0,    2.8,    2.0,    0.0,    0.0,    0.0,    0.0,    0.0,    0.0,    0.0,    0.0,    0.0,    0.0,     38,     12,     20,      2,      2,      5,     16,     25,     38,     12,     20,      2,      2,      5,     16,     25,      0,      0,      0,      0,      0,      0,      0,      0,    90.9,    65.5,    94.5,    80.4,    90.9,    65.3,    94.4,    80.2,    90.9,    65.5,    94.5,    80.4,    90.9,    65.3,    94.4,    80.2,     0.0,     0.0,     0.0,     0.0,     0.0,     0.0,     0.0,     0.0,(500 SOL- CME CF Solana - Dollar Referen,177741,CME ,177 
MICRO SOL - CHICAGO MERCANTILE EXCHANGE,261006,2026-10-06,177742,CME ,00,177 ,    2407,    1885,    2290,       1,       0,       0,    1886,    2291,     521,     116,    2407,    1885,    2290,       1,       0,       0,    1886,    2291,     521,     116,       0,       0,       0,       0,       0,       0,       0,       0,       0,       0,.,.,.,.,.,.,.,.,.,.,  100.0,   78.3,   95.1,    0.0,    0.0,    0.0,   78.4,   95.2,   21.6,    4.8,  100.0,   78.3,   95.1,    0.0,    0.0,    0.0,   78.4,   95.2,   21.6,    4.8,    0.0,    0.0,    0.0,    0.0,    0.0,    0.0,    0.0,    0.0,    0.0,    0.0,     22,     15,      7,      1,      0,      0,     16,      7,     22,     15,      7,      1,      0,      0,     16,      7,      0,      0,      0,      0,      0,      0,      0,      0,    54.8,    88.4,    69.8,    95.2,    54.8,    88.3,    69.8,    95.1,    54.8,    88.4,    69.8,    95.2,    54.8,    88.3,    69.8,    95.1,     0.0,     0.0,     0.0,     0.0,     0.0,     0.0,     0.0,     0.0,"(25 SOL, defined by CME CF Solana-Dollar",177742,CME ,177 
"NANO SOLANA - COINBASE DERIVATIVES, LLC",261006,2026-10-06,177LM1,FREX,00,177 ,    6242,    5572,    5727,     357,       0,      41,    5929,    6125,     313,     117,    6242,    5572,    5727,     357,       0,      41,    5929,    6125,     313,     117,       0,       0,       0,       0,       0,       0,       0,       0,       0,       0,     662,     435,     399,     239,       0,      -3,     674,     635,     -12,      27,  100.0,   89.3,   91.7,    5.7,    0.0,    0.7,   95.0,   98.1,    5.0,    1.9,  100.0,   89.3,   91.7,    5.7,    0.0,    0.7,   95.0,   98.1,    5.0,    1.9,    0.0,    0.0,    0.0,    0.0,    0.0,    0.0,    0.0,    0.0,    0.0,    0.0,     37,     26,     10,      1,      0,      1,     26,     12,     37,     26,     10,      1,      0,      1,     26,     12,      0,      0,      0,      0,      0,      0,      0,      0,    68.9,    91.0,    79.0,    95.6,    66.2,    86.7,    75.0,    90.7,    68.9,    91.0,    79.0,    95.6,    66.2,    86.7,    75.0,    90.7,     0.0,     0.0,     0.0,     0.0,     0.0,     0.0,     0.0,     0.0,(5 Solana x $250 = $1250),177LM1,FREX,177 
"NANO SOLANA PERP STYLE - COINBASE DERIVATIVES, LLC",261006,2026-10-06,177LM3,FREX,00,177 ,   33500,   25131,   19785,       0,     989,    1981,   26120,   21766,    7380,   11734,   33500,   25131,   19785,       0,     989,    1981,   26120,   21766,    7380,   11734,       0,       0,       0,       0,       0,       0,       0,       0,       0,       0,    -242,   -2216,    2873,       0,      30,   -1793,   -2186,    1080,    1944,   -1322,  100.0,   75.0,   59.1,    0.0,    3.0,    5.9,   78.0,   65.0,   22.0,   35.0,  100.0,   75.0,   59.1,    0.0,    3.0,    5.9,   78.0,   65.0,   22.0,   35.0,    0.0,    0.0,    0.0,    0.0,    0.0,    0.0,    0.0,    0.0,    0.0,    0.0,    286,    228,     54,      0,      3,      1,    231,     55,    286,    228,     54,      0,      3,      1,    231,     55,      0,      0,      0,      0,      0,      0,      0,      0,    11.2,    45.4,    19.4,    52.8,    11.2,    45.4,    19.4,    52.8,    11.2,    45.4,    19.4,    52.8,    11.2,    45.4,    19.4,    52.8,     0.0,     0.0,     0.0,     0.0,     0.0,     0.0,     0.0,     0.0,(5 Solana x $180 = $900),177LM3,FREX,177 
"SUI PERP STYLE - COINBASE DERIVATIVES, LLC",261006,2026-10-06,180LM3,FREX,00,180 ,    7281,    5178,    6953,       0,       0,       0,    5178,    6953,    2103,     328,    7281,    5178,    6953,       0,       0,       0,    5178,    6953,    2103,     328,       0,       0,       0,       0,       0,       0,       0,       0,       0,       0,    1067,     874,    1094,       0,       0,       0,     874,    1094,     193,     -27,  100.0,   71.1,   95.5,    0.0,    0.0,    0.0,   71.1,   95.5,   28.9,    4.5,  100.0,   71.1,   95.5,    0.0,    0.0,    0.0,   71.1,   95.5,   28.9,    4.5,    0.0,    0.0,    0.0,    0.0,    0.0,    0.0,    0.0,    0.0,    0.0,    0.0,     98,     77,     21,      0,      0,      0,     77,     21,     98,     77,     21,      0,      0,      0,     77,     21,      0,      0,      0,      0,      0,      0,      0,      0,    14.9,    82.1,    20.4,    87.6,    14.9,    82.1,    20.4,    87.6,    14.9,    82.1,    20.4,    87.6,    14.9,    82.1,    20.4,    87.6,     0.0,     0.0,     0.0,     0.0,     0.0,     0.0,     0.0,     0.0,(500 x SUI),180LM3,FREX,180 
"HEDERA PERP STYLE - COINBASE DERIVATIVES, LLC",261006,2026-10-06,180LM4,FREX,00,180 ,    3670,    2285,    3251,       0,       0,       0,    2285,    3251,    1385,     419,    3670,    2285,    3251,       0,       0,       0,    2285,    3251,    1385,     419,       0,       0,       0,       0,       0,       0,       0,       0,       0,       0,     527,     396,     346,       0,       0,       0,     396,     346,     131,     181,  100.0,   62.3,   88.6,    0.0,    0.0,    0.0,   62.3,   88.6,   37.7,   11.4,  100.0,   62.3,   88.6,    0.0,    0.0,    0.0,   62.3,   88.6,   37.7,   11.4,    0.0,    0.0,    0.0,    0.0,    0.0,    0.0,    0.0,    0.0,    0.0,    0.0,     57,     45,     12,      0,      0,      0,     45,     12,     57,     45,     12,      0,      0,      0,     45,     12,      0,      0,      0,      0,      0,      0,      0,      0,     8.7,    76.0,    16.9,    84.0,     8.7,    76.0,    16.9,    84.0,     8.7,    76.0,    16.9,    84.0,     8.7,    76.0,    16.9,    84.0,     0.0,     0.0,     0.0,     0.0,     0.0,     0.0,     0.0,     0.0,(5000 Hedera),180LM4,FREX,180 
"NEAR PROTOCAL PERP STYLE - COINBASE DERIVATIVES, LLC",261006,2026-10-06,180LM7,FREX,00,180 ,    3718,    2439,    3170,       0,       0,       0,    2439,    3170,    1279,     548,    3718,    2439,    3170,       0,       0,       0,    2439,    3170,    1279,     548,       0,       0,       0,       0,       0,       0,       0,       0,       0,       0,    -186,    -276,    -114,       0,       0,       0,    -276,    -114,      90,     -72,  100.0,   65.6,   85.3,    0.0,    0.0,    0.0,   65.6,   85.3,   34.4,   14.7,  100.0,   65.6,   85.3,    0.0,    0.0,    0.0,   65.6,   85.3,   34.4,   14.7,    0.0,    0.0,    0.0,    0.0,    0.0,    0.0,    0.0,    0.0,    0.0,    0.0,     57,     41,     16,      0,      0,      0,     41,     16,     57,     41,     16,      0,      0,      0,     41,     16,      0,      0,      0,      0,      0,      0,      0,      0,    13.6,    71.6,    24.4,    77.7,    13.6,    71.6,    24.4,    77.7,    13.6,    71.6,    24.4,    77.7,    13.6,    71.6,    24.4,    77.7,     0.0,     0.0,     0.0,     0.0,     0.0,     0.0,     0.0,     0.0,(500 NER),180LM7,FREX,180 
"ONDO PERP STYLE - COINBASE DERIVATIVES, LLC",261006,2026-10-06,180LM8,FREX,00,180 ,    6872,    4944,    6702,       0,       0,       0,    4944,    6702,    1928,     170,    6872,    4944,    6702,       0,       0,       0,    4944,    6702,    1928,     170,       0,       0,       0,       0,       0,       0,       0,       0,       0,       0,    1300,    1092,    1378,       0,       0,       0,    1092,    1378,     208,     -78,  100.0,   71.9,   97.5,    0.0,    0.0,    0.0,   71.9,   97.5,   28.1,    2.5,  100.0,   71.9,   97.5,    0.0,    0.0,    0.0,   71.9,   97.5,   28.1,    2.5,    0.0,    0.0,    0.0,    0.0,    0.0,    0.0,    0.0,    0.0,    0.0,    0.0,     84,     71,     13,      0,      0,      0,     71,     13,     84,     71,     13,      0,      0,      0,     71,     13,      0,      0,      0,      0,      0,      0,      0,      0,    13.5,    90.7,    19.3,    94.6,    13.5,    90.7,    19.3,    94.6,    13.5,    90.7,    19.3,    94.6,    13.5,    90.7,    19.3,    94.6,     0.0,     0.0,     0.0,     0.0,     0.0,     0.0,     0.0,     0.0,"(1,000 ONDO)",180LM8,FREX,180 
"PAX GOLD PERP STYLE - COINBASE DERIVATIVES, LLC",261006,2026-10-06,180LM9,FREX,00,180 ,    1605,     861,    1502,       0,       0,       0,     861,    1502,     744,     103,    1605,     861,    1502,       0,       0,       0,     861,    1502,     744,     103,       0,       0,       0,       0,       0,       0,       0,       0,       0,       0,      93,      79,     101,       0,       0,       0,      79,     101,      14,      -8,  100.0,   53.6,   93.6,    0.0,    0.0,    0.0,   53.6,   93.6,   46.4,    6.4,  100.0,   53.6,   93.6,    0.0,    0.0,    0.0,   53.6,   93.6,   46.4,    6.4,    0.0,    0.0,    0.0,    0.0,    0.0,    0.0,    0.0,    0.0,    0.0,    0.0,     24,     11,     13,      0,      0,      0,     11,     13,     24,     11,     13,      0,      0,      0,     11,     13,      0,      0,      0,      0,      0,      0,      0,      0,    38.9,    64.3,    48.5,    80.5,    38.9,    64.3,    48.5,    80.5,    38.9,    64.3,    48.5,    80.5,    38.9,    64.3,    48.5,    80.5,     0.0,     0.0,     0.0,     0.0,     0.0,     0.0,     0.0,     0.0,(1 PAX Gold),180LM9,FREX,180 
"ZCASH PERP STYLE - COINBASE DERIVATIVES, LLC",261006,2026-10-06,180LMB,FREX,00,180 ,    8313,    6149,    5636,       0,       0,       0,    6149,    5636,    2164,    2677,    8313,    6149,    5636,       0,       0,       0,    6149,    5636,    2164,    2677,       0,       0,       0,       0,       0,       0,       0,       0,       0,       0,      79,     107,    -642,       0,       0,       0,     107,    -642,     -28,     721,  100.0,   74.0,   67.8,    0.0,    0.0,    0.0,   74.0,   67.8,   26.0,   32.2,  100.0,   74.0,   67.8,    0.0,    0.0,    0.0,   74.0,   67.8,   26.0,   32.2,    0.0,    0.0,    0.0,    0.0,    0.0,    0.0,    0.0,    0.0,    0.0,    0.0,     98,     71,     27,      0,      0,      0,     71,     27,     98,     71,     27,      0,      0,      0,     71,     27,      0,      0,      0,      0,      0,      0,      0,      0,    18.8,    38.7,    32.6,    54.9,    18.8,    38.7,    32.6,    54.9,    18.8,    38.7,    32.6,    54.9,    18.8,    38.7,    32.6,    54.9,     0.0,     0.0,     0.0,     0.0,     0.0,     0.0,     0.0,     0.0,(1 Zcash),180LMB,FREX,180 
"CRYPTO HYPE PERP STYLE - COINBASE DERIVATIVES, LLC",261006,2026-10-06,183LM2,FREX,00,183 ,    8865,    6841,    7273,       0,     200,    1086,    7041,    8359,    1824,     506,    8865,    6841,    7273,       0,     200,    1086,    7041,    8359,    1824,     506,       0,       0,       0,       0,       0,       0,       0,       0,       0,       0,    -646,    -456,    -369,       0,       0,     445,    -456,      76,    -190,    -722,  100.0,   77.2,   82.0,    0.0,    2.3,   12.3,   79.4,   94.3,   20.6,    5.7,  100.0,   77.2,   82.0,    0.0,    2.3,   12.3,   79.4,   94.3,   20.6,    5.7,    0.0,    0.0,    0.0,    0.0,    0.0,    0.0,    0.0,    0.0,    0.0,    0.0,     91,     72,     17,      0,      1,      1,     73,     18,     91,     72,     17,      0,      1,      1,     73,     18,      0,      0,      0,      0,      0,      0,      0,      0,    21.5,    83.4,    30.1,    88.7,    21.5,    83.4,    30.1,    88.7,    21.5,    83.4,    30.1,    88.7,    21.5,    83.4,    30.1,    88.7,     0.0,     0.0,     0.0,     0.0,     0.0,     0.0,     0.0,     0.0,(10 x HYPE Index),183LM2,FREX,183 
COBALT - COMMODITY EXCHANGE INC.,261006,2026-10-06,188691,CMX ,01,188 ,   15441,    4098,    4926,    2841,    8125,    6804,   15064,   14571,     377,     870,   15441,    4098,    4926,    2841,    8125,    6804,   15064,   14571,     377,     870,       0,       0,       0,       0,       0,       0,       0,       0,       0,       0,    -479,    -553,     176,    -313,     464,    -388,    -402,    -525,     -77,      46,  100.0,   26.5,   31.9,   18.4,   52.6,   44.1,   97.6,   94.4,    2.4,    5.6,  100.0,   26.5,   31.9,   18.4,   52.6,   44.1,   97.6,   94.4,    2.4,    5.6,    0.0,    0.0,    0.0,    0.0,    0.0,    0.0,    0.0,    0.0,    0.0,    0.0,     39,      8,      8,      8,     19,     18,     30,     31,     39,      8,      8,      8,     19,     18,     30,     31,      0,      0,      0,      0,      0,      0,      0,      0,    38.6,    45.5,    68.0,    69.8,    35.7,    39.4,    60.4,    57.5,    38.6,    45.5,    68.0,    69.8,    35.7,    39.4,    60.4,    57.5,     0.0,     0.0,     0.0,     0.0,     0.0,     0.0,     0.0,     0.0,"2,204.62 pounds (1 Metric Ton)",188691,CMX ,188 
LITHIUM HYDROXIDE - COMMODITY EXCHANGE INC.,261006,2026-10-06,189691,CMX ,01,189 ,   19440,    3163,    8725,    2138,   13829,    8119,   19130,   18982,     310,     458,   19440,    3163,    8725,    2138,   13829,    8119,   19130,   18982,     310,     458,       0,       0,       0,       0,       0,       0,       0,       0,       0,       0,   -1553,      28,    -677,    -773,    -751,     -70,   -1496,   -1520,     -57,     -33,  100.0,   16.3,   44.9,   11.0,   71.1,   41.8,   98.4,   97.6,    1.6,    2.4,  100.0,   16.3,   44.9,   11.0,   71.1,   41.8,   98.4,   97.6,    1.6,    2.4,    0.0,    0.0,    0.0,    0.0,    0.0,    0.0,    0.0,    0.0,    0.0,    0.0,     42,      6,     21,      7,     13,     10,     23,     34,     42,      6,     21,      7,     13,     10,     23,     34,      0,      0,      0,      0,      0,      0,      0,      0,    57.6,    52.6,    79.6,    69.5,    56.2,    52.5,    74.2,    66.9,    57.6,    52.6,    79.6,    69.5,    56.2,    52.5,    74.2,    66.9,     0.0,     0.0,     0.0,     0.0,     0.0,     0.0,     0.0,     0.0,(1000) Kilograms,189691,CMX ,189 
ALUMINUM MWP - COMMODITY EXCHANGE INC.,261006,2026-10-06,191693,CMX ,01,191 ,   29294,    2953,    3840,     594,   25606,   24315,   29153,   28749,     141,     545,   29294,    2953,    3840,     594,   25606,   24315,   29153,   28749,     141,     545,       0,       0,       0,       0,       0,       0,       0,       0,       0,       0,   -2161,     -82,     -54,    -323,   -1726,   -1781,   -2131,   -2158,     -30,      -3,  100.0,   10.1,   13.1,    2.0,   87.4,   83.0,   99.5,   98.1,    0.5,    1.9,  100.0,   10.1,   13.1,    2.0,   87.4,   83.0,   99.5,   98.1,    0.5,    1.9,    0.0,    0.0,    0.0,    0.0,    0.0,    0.0,    0.0,    0.0,    0.0,    0.0,     57,      4,     12,      7,     25,     31,     34,     47,     57,      4,     12,      7,     25,     31,     34,     47,      0,      0,      0,      0,      0,      0,      0,      0,    48.6,    51.2,    72.7,    70.9,    48.4,    51.1,    72.5,    70.0,    48.6,    51.2,    72.7,    70.9,    48.4,    51.1,    72.5,    70.0,     0.0,     0.0,     0.0,     0.0,     0.0,     0.0,     0.0,     0.0,"(55,116 US Pounds-25 MT)",191693,CMX ,191 
ALUMINIUM EURO PREM DUTY-PAID - COMMODITY EXCHANGE INC.,261006,2026-10-06,191696,CMX ,01,191 ,   12756,    2033,    2843,     120,   10263,    9733,   12416,   12696,     340,      60,   12756,    2033,    2843,     120,   10263,    9733,   12416,   12696,     340,      60,       0,       0,       0,       0,       0,       0,       0,       0,       0,       0,   -1957,    -707,    -779,      -4,   -1400,   -1174,   -2111,   -1957,     154,       0,  100.0,   15.9,   22.3,    0.9,   80.5,   76.3,   97.3,   99.5,    2.7,    0.5,  100.0,   15.9,   22.3,    0.9,   80.5,   76.3,   97.3,   99.5,    2.7,    0.5,    0.0,    0.0,    0.0,    0.0,    0.0,    0.0,    0.0,    0.0,    0.0,    0.0,     29,      4,      3,      1,     15,     16,     20,     19,     29,      4,      3,      1,     15,     16,     20,     19,      0,      0,      0,      0,      0,      0,      0,      0,    50.6,    51.2,    77.2,    73.5,    50.6,    50.2,    69.7,    70.1,    50.6,    51.2,    77.2,    73.5,    50.6,    50.2,    69.7,    70.1,     0.0,     0.0,     0.0,     0.0,     0.0,     0.0,     0.0,     0.0,(25 METRIC TONS),191696,CMX ,191 
STEEL-HRC - COMMODITY EXCHANGE INC.,261006,2026-10-06,192651,CMX ,01,192 ,   37302,   10628,    1614,    1457,   24712,   34088,   36797,   37159,     505,     143,   37302,   10628,    1614,    1457,   24712,   34088,   36797,   37159,     505,     143,       0,       0,       0,       0,       0,       0,       0,       0,       0,       0,   -5087,   -1037,    -823,      -2,   -4095,   -4276,   -5134,   -5101,      47,      14,  100.0,   28.5,    4.3,    3.9,   66.2,   91.4,   98.6,   99.6,    1.4,    0.4,  100.0,   28.5,    4.3,    3.9,   66.2,   91.4,   98.6,   99.6,    1.4,    0.4,    0.0,    0.0,    0.0,    0.0,    0.0,    0.0,    0.0,    0.0,    0.0,    0.0,     71,     29,      8,     10,     29,     19,     62,     34,     71,     29,      8,     10,     29,     19,     62,     34,      0,      0,      0,      0,      0,      0,      0,      0,    39.3,    77.8,    60.7,    88.2,    38.1,    75.6,    58.4,    81.4,    39.3,    77.8,    60.7,    88.2,    38.1,    75.6,    58.4,    81.4,     0.0,     0.0,     0.0,     0.0,     0.0,     0.0,     0.0,     0.0,(CONTRACTS OF 20 SHORT TONS),192651,CMX ,192 
NORTH EURO HOT-ROLL COIL STEEL - COMMODITY EXCHANGE INC.,261006,2026-10-06,192691,CMX ,01,192 ,    8982,     677,     897,     656,    7422,    7370,    8755,    8923,     227,      59,    8982,     677,     897,     656,    7422,    7370,    8755,    8923,     227,      59,       0,       0,       0,       0,       0,       0,       0,       0,       0,       0,   -1414,   -1258,     187,    -114,    -122,   -1487,   -1494,   -1414,      80,       0,  100.0,    7.5,   10.0,    7.3,   82.6,   82.1,   97.5,   99.3,    2.5,    0.7,  100.0,    7.5,   10.0,    7.3,   82.6,   82.1,   97.5,   99.3,    2.5,    0.7,    0.0,    0.0,    0.0,    0.0,    0.0,    0.0,    0.0,    0.0,    0.0,    0.0,     21,      5,      2,      2,     13,      5,     20,      7,     21,      5,      2,      2,     13,      5,     20,      7,      0,      0,      0,      0,      0,      0,      0,      0,    64.4,    93.3,    81.4,    99.3,    62.3,    82.5,    74.2,    83.6,    64.4,    93.3,    81.4,    99.3,    62.3,    82.5,    74.2,    83.6,     0.0,     0.0,     0.0,     0.0,     0.0,     0.0,     0.0,     0.0,(20 Metric Tons),192691,CMX ,192 
NASDAQ-100 Consolidated - CHICAGO MERCANTILE EXCHANGE,261006,2026-10-06,20974+,CME ,00,209 ,  297655,   84033,   29922,   14223,  150403,  217597,  248659,  261742,   48996,   35913,  297655,   84033,   29922,   14223,  150403,  217597,  248659,  261742,   48996,   35913,       0,       0,       0,       0,       0,       0,       0,       0,       0,       0,   13704,    5381,   -3334,     443,    5796,   13421,   11620,   10530,    2085,    3175,  100.0,   28.2,   10.1,    4.8,   50.5,   73.1,   83.5,   87.9,   16.5,   12.1,  100.0,   28.2,   10.1,    4.8,   50.5,   73.1,   83.5,   87.9,   16.5,   12.1,    0.0,    0.0,    0.0,    0.0,    0.0,    0.0,    0.0,    0.0,    0.0,    0.0,    343,     98,     58,     33,    136,     92,    251,    167,    343,     98,     58,     33,    136,     92,    251,    167,      0,      0,      0,      0,      0,      0,      0,      0,    19.6,    34.1,    28.9,    47.8,    19.4,    33.7,    28.5,    46.3,    19.6,    34.1,    28.9,    47.8,    19.4,    33.7,    28.5,    46.3,     0.0,     0.0,     0.0,     0.0,     0.0,     0.0,     0.0,     0.0,(NASDAQ 100 INDEX X $20),20974+,CME ,209 
NASDAQ MINI - CHICAGO MERCANTILE EXCHANGE,261006,2026-10-06,209742,CME ,00,209 ,  283586,   86745,   28622,    6120,  148690,  217136,  241555,  251878,   42031,   31708,  283586,   86745,   28622,    6120,  148690,  217136,  241555,  251878,   42031,   31708,       0,       0,       0,       0,       0,       0,       0,       0,       0,       0,   13032,    5315,   -1561,    -629,    6313,   13168,   10999,   10978,    2033,    2054,  100.0,   30.6,   10.1,    2.2,   52.4,   76.6,   85.2,   88.8,   14.8,   11.2,  100.0,   30.6,   10.1,    2.2,   52.4,   76.6,   85.2,   88.8,   14.8,   11.2,    0.0,    0.0,    0.0,    0.0,    0.0,    0.0,    0.0,    0.0,    0.0,    0.0,    298,     86,     43,     24,    118,     86,    214,    143,    298,     86,     43,     24,    118,     86,    214,    143,      0,      0,      0,      0,      0,      0,      0,      0,    20.6,    35.8,    30.3,    49.1,    20.3,    35.4,    29.9,    48.6,    20.6,    35.8,    30.3,    49.1,    20.3,    35.4,    29.9,    48.6,     0.0,     0.0,     0.0,     0.0,     0.0,     0.0,     0.0,     0.0,(NASDAQ 100 STOCK INDEX X $20),209742,CME ,209 
MICRO E-MINI NASDAQ-100 INDEX - CHICAGO MERCANTILE EXCHANGE,261006,2026-10-06,209747,CME ,00,209 ,  140688,   52248,   92373,    1660,   17134,    4606,   71042,   98639,   69646,   42049,  140688,   52248,   92373,    1660,   17134,    4606,   71042,   98639,   69646,   42049,       0,       0,       0,       0,       0,       0,       0,       0,       0,       0,    6724,   10344,   -8047,    1036,   -5173,    2527,    6207,   -4484,     517,   11208,  100.0,   37.1,   65.7,    1.2,   12.2,    3.3,   50.5,   70.1,   49.5,   29.9,  100.0,   37.1,   65.7,    1.2,   12.2,    3.3,   50.5,   70.1,   49.5,   29.9,    0.0,    0.0,    0.0,    0.0,    0.0,    0.0,    0.0,    0.0,    0.0,    0.0,     73,     25,     20,     11,     22,      9,     52,     35,     73,     25,     20,     11,     22,      9,     52,     35,      0,      0,      0,      0,      0,      0,      0,      0,    31.7,    53.5,    37.1,    62.0,    31.6,    52.8,    37.1,    61.2,    31.7,    53.5,    37.1,    62.0,    31.6,    52.8,    37.1,    61.2,     0.0,     0.0,     0.0,     0.0,     0.0,     0.0,     0.0,     0.0,(NASDAQ 100 STOCK INDEX x $2),209747,CME ,209 
BBG COMMODITY - CHICAGO BOARD OF TRADE,261006,2026-10-06,221602,CBT ,00,221 ,  200629,  124137,  138282,    2311,   73717,   60000,  200165,  200593,     464,      36,  200629,  124137,  138282,    2311,   73717,   60000,  200165,  200593,     464,      36,       0,       0,       0,       0,       0,       0,       0,       0,       0,       0,    2541,    2102,    2538,       6,     425,       0,    2533,    2544,       8,      -3,  100.0,   61.9,   68.9,    1.2,   36.7,   29.9,   99.8,  100.0,    0.2,    0.0,  100.0,   61.9,   68.9,    1.2,   36.7,   29.9,   99.8,  100.0,    0.2,    0.0,    0.0,    0.0,    0.0,    0.0,    0.0,    0.0,    0.0,    0.0,    0.0,    0.0,     79,     49,     14,      3,     15,      1,     65,     17,     79,     49,     14,      3,     15,      1,     65,     17,      0,      0,      0,      0,      0,      0,      0,      0,    64.8,    91.6,    79.7,    98.4,    64.6,    91.6,    78.6,    97.8,    64.8,    91.6,    79.7,    98.4,    64.6,    91.6,    78.6,    97.8,     0.0,     0.0,     0.0,     0.0,     0.0,     0.0,     0.0,     0.0,($100 X INDEX),221602,CBT ,221 
BLOOMBERG IG CREDIT FUTURES - CHICAGO BOARD OF TRADE,261006,2026-10-06,221606,CBT ,00,221 ,    7222,    6556,    7024,       0,     623,     149,    7179,    7173,      43,      49,    7222,    6556,    7024,       0,     623,     149,    7179,    7173,      43,      49,       0,       0,       0,       0,       0,       0,       0,       0,       0,       0,    1224,    1218,    1230,       0,       0,       0,    1218,    1230,       6,      -6,  100.0,   90.8,   97.3,    0.0,    8.6,    2.1,   99.4,   99.3,    0.6,    0.7,  100.0,   90.8,   97.3,    0.0,    8.6,    2.1,   99.4,   99.3,    0.6,    0.7,    0.0,    0.0,    0.0,    0.0,    0.0,    0.0,    0.0,    0.0,    0.0,    0.0,     23,      9,     10,      0,      2,      2,     11,     12,     23,      9,     10,      0,      2,      2,     11,     12,      0,      0,      0,      0,      0,      0,      0,      0,    78.7,    87.7,    96.8,    97.1,    78.7,    87.7,    96.8,    97.1,    78.7,    87.7,    96.8,    97.1,    78.7,    87.7,    96.8,    97.1,     0.0,     0.0,     0.0,     0.0,     0.0,     0.0,     0.0,     0.0,($30 X INDEX),221606,CBT ,221 
AUSTRALIAN DOLLAR - CHICAGO MERCANTILE EXCHANGE,261006,2026-10-06,232741,CME ,00,232 ,  328682,  100138,  198726,    2406,  193742,  108650,  296286,  309782,   32396,   18900,  328682,  100138,  198726,    2406,  193742,  108650,  296286,  309782,   32396,   18900,       0,       0,       0,       0,       0,       0,       0,       0,       0,       0,   18882,   -9552,   25797,    1095,   28555,  -10189,   20098,   16703,   -1216,    2179,  100.0,   30.5,   60.5,    0.7,   58.9,   33.1,   90.1,   94.2,    9.9,    5.8,  100.0,   30.5,   60.5,    0.7,   58.9,   33.1,   90.1,   94.2,    9.9,    5.8,    0.0,    0.0,    0.0,    0.0,    0.0,    0.0,    0.0,    0.0,    0.0,    0.0,    124,     49,     20,     12,     39,     27,     90,     57,    124,     49,     20,     12,     39,     27,     90,     57,      0,      0,      0,      0,      0,      0,      0,      0,    38.9,    73.5,    56.9,    82.3,    38.9,    73.4,    56.9,    82.2,    38.9,    73.5,    56.9,    82.3,    38.9,    73.4,    56.9,    82.2,     0.0,     0.0,     0.0,     0.0,     0.0,     0.0,     0.0,     0.0,"(CONTRACTS OF AUD 100,000)",232741,CME ,232 
RUSSELL E-MINI - CHICAGO MERCANTILE EXCHANGE,261006,2026-10-06,239742,CME ,00,239 ,  425152,   87450,  175295,   10161,  296071,  215787,  393682,  401243,   31470,   23909,  425152,   87450,  175295,   10161,  296071,  215787,  393682,  401243,   31470,   23909,       0,       0,       0,       0,       0,       0,       0,       0,       0,       0,   -2896,   -1451,    8954,    -544,   -2344,  -12416,   -4339,   -4006,    1443,    1110,  100.0,   20.6,   41.2,    2.4,   69.6,   50.8,   92.6,   94.4,    7.4,    5.6,  100.0,   20.6,   41.2,    2.4,   69.6,   50.8,   92.6,   94.4,    7.4,    5.6,    0.0,    0.0,    0.0,    0.0,    0.0,    0.0,    0.0,    0.0,    0.0,    0.0,    312,     40,     63,     21,    134,    124,    189,    193,    312,     40,     63,     21,    134,    124,    189,    193,      0,      0,      0,      0,      0,      0,      0,      0,    18.7,    28.8,    29.7,    39.5,    18.1,    28.6,    27.7,    38.8,    18.7,    28.8,    29.7,    39.5,    18.1,    28.6,    27.7,    38.8,     0.0,     0.0,     0.0,     0.0,     0.0,     0.0,     0.0,     0.0,(RUSSEL 2000 INDEX X $50),239742,CME ,239 
MICRO E-MINI RUSSELL 2000 INDX - CHICAGO MERCANTILE EXCHANGE,261006,2026-10-06,239747,CME ,00,239 ,   64741,   48420,    5780,    1165,    3544,    9323,   53129,   16268,   11612,   48473,   64741,   48420,    5780,    1165,    3544,    9323,   53129,   16268,   11612,   48473,       0,       0,       0,       0,       0,       0,       0,       0,       0,       0,   11348,   10446,   -5110,     722,    -164,    4812,   11004,     424,     344,   10924,  100.0,   74.8,    8.9,    1.8,    5.5,   14.4,   82.1,   25.1,   17.9,   74.9,  100.0,   74.8,    8.9,    1.8,    5.5,   14.4,   82.1,   25.1,   17.9,   74.9,    0.0,    0.0,    0.0,    0.0,    0.0,    0.0,    0.0,    0.0,    0.0,    0.0,     32,     12,      9,      5,      8,      3,     22,     15,     32,     12,      9,      5,      8,      3,     22,     15,      0,      0,      0,      0,      0,      0,      0,      0,    66.7,    18.9,    74.2,    23.1,    65.1,    18.9,    72.6,    22.0,    66.7,    18.9,    74.2,    23.1,    65.1,    18.9,    72.6,    22.0,     0.0,     0.0,     0.0,     0.0,     0.0,     0.0,     0.0,     0.0,(RUSSEL 2000 INDEX X $0.5),239747,CME ,239 
RUSSELL 2000 ANNUAL DIVIDEND - CHICAGO MERCANTILE EXCHANGE,261006,2026-10-06,239750,CME ,00,239 ,   42842,   14193,   17966,    1684,   26829,   23191,   42706,   42841,     136,       1,   42842,   14193,   17966,    1684,   26829,   23191,   42706,   42841,     136,       1,       0,       0,       0,       0,       0,       0,       0,       0,       0,       0,     170,    -200,      75,       0,     370,      95,     170,     170,       0,       0,  100.0,   33.1,   41.9,    3.9,   62.6,   54.1,   99.7,  100.0,    0.3,    0.0,  100.0,   33.1,   41.9,    3.9,   62.6,   54.1,   99.7,  100.0,    0.3,    0.0,    0.0,    0.0,    0.0,    0.0,    0.0,    0.0,    0.0,    0.0,    0.0,    0.0,     21,      5,      3,      1,      8,      9,     14,     12,     21,      5,      3,      1,      8,      9,     14,     12,      0,      0,      0,      0,      0,      0,      0,      0,    92.0,    85.6,    96.4,    97.3,    89.7,    81.6,    92.7,    92.6,    92.0,    85.6,    96.4,    97.3,    89.7,    81.6,    92.7,    92.6,     0.0,     0.0,     0.0,     0.0,     0.0,     0.0,     0.0,     0.0,(RUSSEL 2000 INDEX X $100),239750,CME ,239 
NIKKEI STOCK AVERAGE YEN DENOM - CHICAGO MERCANTILE EXCHANGE,261006,2026-10-06,240743,CME ,00,240 ,   20996,    4728,    3914,     169,   10354,    7640,   15251,   11723,    5745,    9273,   20996,    4728,    3914,     169,   10354,    7640,   15251,   11723,    5745,    9273,       0,       0,       0,       0,       0,       0,       0,       0,       0,       0,   -2007,    -332,     190,      68,   -1958,     198,   -2222,     456,     215,   -2463,  100.0,   22.5,   18.6,    0.8,   49.3,   36.4,   72.6,   55.8,   27.4,   44.2,  100.0,   22.5,   18.6,    0.8,   49.3,   36.4,   72.6,   55.8,   27.4,   44.2,    0.0,    0.0,    0.0,    0.0,    0.0,    0.0,    0.0,    0.0,    0.0,    0.0,     39,     10,      8,      2,     13,     11,     24,     20,     39,     10,      8,      2,     13,     11,     24,     20,      0,      0,      0,      0,      0,      0,      0,      0,    39.3,    25.5,    52.7,    39.4,    39.3,    24.2,    52.6,    37.5,    39.3,    25.5,    52.7,    39.4,    39.3,    24.2,    52.6,    37.5,     0.0,     0.0,     0.0,     0.0,     0.0,     0.0,     0.0,     0.0,(NIKKEI INDEX X JPY 500),240743,CME ,240 
MSCI EAFE - ICE FUTURES U.S.,261006,2026-10-06,244041,ICUS,01,244 ,  493234,   66215,   53185,    4235,  406983,  428003,  477433,  485423,   15801,    7811,  493234,   66215,   53185,    4235,  406983,  428003,  477433,  485423,   15801,    7811,       0,       0,       0,       0,       0,       0,       0,       0,       0,       0,    2601,   10344,   14899,    1267,   -9384,  -13416,    2227,    2750,     374,    -149,  100.0,   13.4,   10.8,    0.9,   82.5,   86.8,   96.8,   98.4,    3.2,    1.6,  100.0,   13.4,   10.8,    0.9,   82.5,   86.8,   96.8,   98.4,    3.2,    1.6,    0.0,    0.0,    0.0,    0.0,    0.0,    0.0,    0.0,    0.0,    0.0,    0.0,    194,     31,     16,     11,    113,     75,    147,     99,    194,     31,     16,     11,    113,     75,    147,     99,      0,      0,      0,      0,      0,      0,      0,      0,    23.6,    32.7,    37.0,    49.5,    18.9,    25.9,    30.3,    42.6,    23.6,    32.7,    37.0,    49.5,    18.9,    25.9,    30.3,    42.6,     0.0,     0.0,     0.0,     0.0,     0.0,     0.0,     0.0,     0.0,(MSCI EAFE INDEX X $50),244041,ICUS,244 
MSCI EM INDEX - ICE FUTURES U.S.,261006,2026-10-06,244042,ICUS,01,244 , 1059025,  141514,  103011,   17300,  870306,  929994, 1029120, 1050305,   29905,    8720, 1059025,  141514,  103011,   17300,  870306,  929994, 1029120, 1050305,   29905,    8720,       0,       0,       0,       0,       0,       0,       0,       0,       0,       0,   -7052,   -5168,    -166,     392,    -680,   -6288,   -5456,   -6062,   -1596,    -990,  100.0,   13.4,    9.7,    1.6,   82.2,   87.8,   97.2,   99.2,    2.8,    0.8,  100.0,   13.4,    9.7,    1.6,   82.2,   87.8,   97.2,   99.2,    2.8,    0.8,    0.0,    0.0,    0.0,    0.0,    0.0,    0.0,    0.0,    0.0,    0.0,    0.0,    385,     67,     27,     22,    239,    136,    315,    176,    385,     67,     27,     22,    239,    136,    315,    176,      0,      0,      0,      0,      0,      0,      0,      0,    15.0,    39.6,    24.0,    54.1,    15.0,    39.5,    24.0,    54.0,    15.0,    39.6,    24.0,    54.1,    15.0,    39.5,    24.0,    54.0,     0.0,     0.0,     0.0,     0.0,     0.0,     0.0,     0.0,     0.0,(MSCI Emerging Markets Index x $50),244042,ICUS,244 
UREA (GRANULAR) FOB US GULF - CHICAGO BOARD OF TRADE,261006,2026-10-06,251607,CBT ,00,251 ,    1613,     155,     209,     248,    1083,    1056,    1486,    1513,     127,     100,    1613,     155,     209,     248,    1083,    1056,    1486,    1513,     127,     100,       0,       0,       0,       0,       0,       0,       0,       0,       0,       0,    -368,     -45,    -134,      -6,    -247,    -185,    -298,    -325,     -70,     -43,  100.0,    9.6,   13.0,   15.4,   67.1,   65.5,   92.1,   93.8,    7.9,    6.2,  100.0,    9.6,   13.0,   15.4,   67.1,   65.5,   92.1,   93.8,    7.9,    6.2,    0.0,    0.0,    0.0,    0.0,    0.0,    0.0,    0.0,    0.0,    0.0,    0.0,     20,      4,      4,      5,     10,      7,     17,     13,     20,      4,      4,      5,     10,      7,     17,     13,      0,      0,      0,      0,      0,      0,      0,      0,    56.7,    62.6,    75.4,    82.8,    52.1,    50.2,    62.0,    64.1,    56.7,    62.6,    75.4,    82.8,    52.1,    50.2,    62.0,    64.1,     0.0,     0.0,     0.0,     0.0,     0.0,     0.0,     0.0,     0.0,(CONTRACTS OF 100 METRIC TONS),251607,CBT ,251 
EURO FX/BRITISH POUND XRATE - CHICAGO MERCANTILE EXCHANGE,261006,2026-10-06,299741,CME ,00,099 ,   40934,    8262,    9162,       0,   19710,   25229,   27972,   34391,   12962,    6543,   40934,    8262,    9162,       0,   19710,   25229,   27972,   34391,   12962,    6543,       0,       0,       0,       0,       0,       0,       0,       0,       0,       0,    -204,   -1240,    -150,       0,    1453,    -395,     213,    -545,    -417,     341,  100.0,   20.2,   22.4,    0.0,   48.2,   61.6,   68.3,   84.0,   31.7,   16.0,  100.0,   20.2,   22.4,    0.0,   48.2,   61.6,   68.3,   84.0,   31.7,   16.0,    0.0,    0.0,    0.0,    0.0,    0.0,    0.0,    0.0,    0.0,    0.0,    0.0,     32,      5,      7,      0,     17,      7,     22,     14,     32,      5,      7,      0,     17,      7,     22,     14,      0,      0,      0,      0,      0,      0,      0,      0,    25.3,    70.6,    42.4,    80.0,    25.2,    70.6,    41.5,    79.2,    25.3,    70.6,    42.4,    80.0,    25.2,    70.6,    41.5,    79.2,     0.0,     0.0,     0.0,     0.0,     0.0,     0.0,     0.0,     0.0,"(CONTRACTS OF EUR 125,000)",299741,CME ,099 
E-MINI S&P 400 STOCK INDEX - CHICAGO MERCANTILE EXCHANGE,261006,2026-10-06,33874A,CME ,00,138 ,   48725,    7028,    3955,    1269,   32192,   38403,   40489,   43627,    8236,    5098,   48725,    7028,    3955,    1269,   32192,   38403,   40489,   43627,    8236,    5098,       0,       0,       0,       0,       0,       0,       0,       0,       0,       0,    2934,    2112,   -1379,      39,    1869,    3957,    4020,    2617,   -1086,     317,  100.0,   14.4,    8.1,    2.6,   66.1,   78.8,   83.1,   89.5,   16.9,   10.5,  100.0,   14.4,    8.1,    2.6,   66.1,   78.8,   83.1,   89.5,   16.9,   10.5,    0.0,    0.0,    0.0,    0.0,    0.0,    0.0,    0.0,    0.0,    0.0,    0.0,     76,     12,     10,      4,     40,     23,     53,     36,     76,     12,     10,      4,     40,     23,     53,     36,      0,      0,      0,      0,      0,      0,      0,      0,    23.0,    50.6,    36.2,    64.8,    22.8,    50.6,    35.9,    64.4,    23.0,    50.6,    36.2,    64.8,    22.8,    50.6,    35.9,    64.4,     0.0,     0.0,     0.0,     0.0,     0.0,     0.0,     0.0,     0.0,(S&P 400 INDEX X $100),33874A,CME ,138 
2 YEAR ERIS SOFR SWAP - CHICAGO BOARD OF TRADE,261006,2026-10-06,342603,CBT ,00,342 ,  229875,  192603,  171813,   37062,     190,   20998,  229855,  229873,      20,       2,  229875,  192603,  171813,   37062,     190,   20998,  229855,  229873,      20,       2,       0,       0,       0,       0,       0,       0,       0,       0,       0,       0,    6075,    9198,    7838,   -3141,       0,    1378,    6057,    6075,      18,       0,  100.0,   83.8,   74.7,   16.1,    0.1,    9.1,  100.0,  100.0,    0.0,    0.0,  100.0,   83.8,   74.7,   16.1,    0.1,    9.1,  100.0,  100.0,    0.0,    0.0,    0.0,    0.0,    0.0,    0.0,    0.0,    0.0,    0.0,    0.0,    0.0,    0.0,     51,     11,     33,      5,      2,      6,     15,     42,     51,     11,     33,      5,      2,      6,     15,     42,      0,      0,      0,      0,      0,      0,      0,      0,    96.5,    58.1,    99.4,    77.9,    82.8,    51.0,    83.6,    64.7,    96.5,    58.1,    99.4,    77.9,    82.8,    51.0,    83.6,    64.7,     0.0,     0.0,     0.0,     0.0,     0.0,     0.0,     0.0,     0.0,"(100,000 USD notional principal)",342603,CBT ,342 
10 YEAR ERIS SOFR SWAP - CHICAGO BOARD OF TRADE,261006,2026-10-06,343603,CBT ,00,343 ,  194576,   67057,  110206,   51918,   75601,   32413,  194576,  194537,       0,      39,  194576,   67057,  110206,   51918,   75601,   32413,  194576,  194537,       0,      39,       0,       0,       0,       0,       0,       0,       0,       0,       0,       0,   -7151,   -2821,   -8565,     570,   -4900,     830,   -7151,   -7165,       0,      14,  100.0,   34.5,   56.6,   26.7,   38.9,   16.7,  100.0,  100.0,    0.0,    0.0,  100.0,   34.5,   56.6,   26.7,   38.9,   16.7,  100.0,  100.0,    0.0,    0.0,    0.0,    0.0,    0.0,    0.0,    0.0,    0.0,    0.0,    0.0,    0.0,    0.0,     60,     30,     21,      8,      5,      5,     40,     29,     60,     30,     21,      8,      5,      5,     40,     29,      0,      0,      0,      0,      0,      0,      0,      0,    51.2,    76.1,    70.8,    96.5,    33.1,    55.9,    46.7,    61.1,    51.2,    76.1,    70.8,    96.5,    33.1,    55.9,    46.7,    61.1,     0.0,     0.0,     0.0,     0.0,     0.0,     0.0,     0.0,     0.0,"(100,000 USD notional principal)",343603,CBT ,343 
5 YEAR ERIS SOFR SWAP - CHICAGO BOARD OF TRADE,261006,2026-10-06,344605,CBT ,00,344 ,  198979,  112552,   90281,   61025,   25379,   47603,  198956,  198909,      23,      70,  198979,  112552,   90281,   61025,   25379,   47603,  198956,  198909,      23,      70,       0,       0,       0,       0,       0,       0,       0,       0,       0,       0,    2298,    -839,   -2817,    3507,    -370,    1611,    2298,    2301,       0,      -3,  100.0,   56.6,   45.4,   30.7,   12.8,   23.9,  100.0,  100.0,    0.0,    0.0,  100.0,   56.6,   45.4,   30.7,   12.8,   23.9,  100.0,  100.0,    0.0,    0.0,    0.0,    0.0,    0.0,    0.0,    0.0,    0.0,    0.0,    0.0,    0.0,    0.0,     74,     21,     41,      6,      4,      9,     26,     55,     74,     21,     41,      6,      4,      9,     26,     55,      0,      0,      0,      0,      0,      0,      0,      0,    71.5,    47.5,    88.0,    64.2,    45.2,    32.9,    56.0,    45.8,    71.5,    47.5,    88.0,    64.2,    45.2,    32.9,    56.0,    45.8,     0.0,     0.0,     0.0,     0.0,     0.0,     0.0,     0.0,     0.0,"(100,000 USD notional principal)",344605,CBT ,344 
3 YEAR ERIS SOFR SWAP - CHICAGO BOARD OF TRADE,261006,2026-10-06,344606,CBT ,00,344 ,   71243,   55620,   33402,   11611,    4000,   26205,   71231,   71218,      12,      25,   71243,   55620,   33402,   11611,    4000,   26205,   71231,   71218,      12,      25,       0,       0,       0,       0,       0,       0,       0,       0,       0,       0,  -25025,  -19241,  -19541,   -5784,       0,     300,  -25025,  -25025,       0,       0,  100.0,   78.1,   46.9,   16.3,    5.6,   36.8,  100.0,  100.0,    0.0,    0.0,  100.0,   78.1,   46.9,   16.3,    5.6,   36.8,  100.0,  100.0,    0.0,    0.0,    0.0,    0.0,    0.0,    0.0,    0.0,    0.0,    0.0,    0.0,    0.0,    0.0,     31,      5,     19,      4,      1,      6,      6,     29,     31,      5,     19,      4,      1,      6,      6,     29,      0,      0,      0,      0,      0,      0,      0,      0,    82.4,    59.4,   100.0,    82.1,    73.9,    58.8,    83.7,    73.0,    82.4,    59.4,   100.0,    82.1,    73.9,    58.8,    83.7,    73.0,     0.0,     0.0,     0.0,     0.0,     0.0,     0.0,     0.0,     0.0,"100,000 USD notional principal",344606,CBT ,344 
7 YEAR ERIS SOFR SWAP - CHICAGO BOARD OF TRADE,261006,2026-10-06,344607,CBT ,00,344 ,   31328,   18072,   11392,   13156,     100,    6764,   31328,   31312,       0,      16,   31328,   18072,   11392,   13156,     100,    6764,   31328,   31312,       0,      16,       0,       0,       0,       0,       0,       0,       0,       0,       0,       0,     -74,     254,      37,    -253,     -75,     142,     -74,     -74,       0,       0,  100.0,   57.7,   36.4,   42.0,    0.3,   21.6,  100.0,   99.9,    0.0,    0.1,  100.0,   57.7,   36.4,   42.0,    0.3,   21.6,  100.0,   99.9,    0.0,    0.1,    0.0,    0.0,    0.0,    0.0,    0.0,    0.0,    0.0,    0.0,    0.0,    0.0,     20,      3,     11,      5,      1,      5,      6,     19,     20,      3,     11,      5,      1,      5,      6,     19,      0,      0,      0,      0,      0,      0,      0,      0,    98.1,    65.2,   100.0,    91.6,    58.0,    43.7,    58.0,    54.6,    98.1,    65.2,   100.0,    91.6,    58.0,    43.7,    58.0,    54.6,     0.0,     0.0,     0.0,     0.0,     0.0,     0.0,     0.0,     0.0,"100,000 USD notional principal",344607,CBT ,344 
EURO FX/JAPANESE YEN XRATE - CHICAGO MERCANTILE EXCHANGE,261006,2026-10-06,399741,CME ,00,099 ,   17367,    4315,    3135,     532,    3354,    8997,    8201,   12664,    9166,    4703,   17367,    4315,    3135,     532,    3354,    8997,    8201,   12664,    9166,    4703,       0,       0,       0,       0,       0,       0,       0,       0,       0,       0,.,.,.,.,.,.,.,.,.,.,  100.0,   24.8,   18.1,    3.1,   19.3,   51.8,   47.2,   72.9,   52.8,   27.1,  100.0,   24.8,   18.1,    3.1,   19.3,   51.8,   47.2,   72.9,   52.8,   27.1,    0.0,    0.0,    0.0,    0.0,    0.0,    0.0,    0.0,    0.0,    0.0,    0.0,     20,      4,      3,      3,     10,     11,     16,     15,     20,      4,      3,      3,     10,     11,     16,     15,      0,      0,      0,      0,      0,      0,      0,      0,    32.5,    37.5,    45.2,    58.6,    30.2,    37.1,    42.9,    57.5,    32.5,    37.5,    45.2,    58.6,    30.2,    37.1,    42.9,    57.5,     0.0,     0.0,     0.0,     0.0,     0.0,     0.0,     0.0,     0.0,"(CONTRACTS OF EUR 125,000)",399741,CME ,099 
PGP PROPYLENE (PCW) CAL - NEW YORK MERCANTILE EXCHANGE,261006,2026-10-06,406651,NYME,01,406 ,    7487,    2505,    5165,    1088,    3796,    1150,    7389,    7403,      98,      84,    7487,    2505,    5165,    1088,    3796,    1150,    7389,    7403,      98,      84,       0,       0,       0,       0,       0,       0,       0,       0,       0,       0,   -1124,     -17,    -676,    -386,    -687,    -116,   -1090,   -1178,     -34,      54,  100.0,   33.5,   69.0,   14.5,   50.7,   15.4,   98.7,   98.9,    1.3,    1.1,  100.0,   33.5,   69.0,   14.5,   50.7,   15.4,   98.7,   98.9,    1.3,    1.1,    0.0,    0.0,    0.0,    0.0,    0.0,    0.0,    0.0,    0.0,    0.0,    0.0,     22,      7,      4,      6,      9,      7,     18,     15,     22,      7,      4,      6,      9,      7,     18,     15,      0,      0,      0,      0,      0,      0,      0,      0,    54.1,    81.3,    78.0,    93.2,    52.0,    77.2,    68.1,    78.3,    54.1,    81.3,    78.0,    93.2,    52.0,    77.2,    68.1,    78.3,     0.0,     0.0,     0.0,     0.0,     0.0,     0.0,     0.0,     0.0,"(CONTRACTS OF 100,000 POUNDS)",406651,NYME,406 
S&P 500 ANNUAL DIVIDEND INDEX - CHICAGO MERCANTILE EXCHANGE,261006,2026-10-06,43874A,CME ,00,138 ,  416205,  137391,   70011,   26744,  248732,  318252,  412867,  415007,    3338,    1198,  416205,  137391,   70011,   26744,  248732,  318252,  412867,  415007,    3338,    1198,       0,       0,       0,       0,       0,       0,       0,       0,       0,       0,   -6427,   -4905,    6553,   -7210,    6217,   -5767,   -5898,   -6424,    -529,      -3,  100.0,   33.0,   16.8,    6.4,   59.8,   76.5,   99.2,   99.7,    0.8,    0.3,  100.0,   33.0,   16.8,    6.4,   59.8,   76.5,   99.2,   99.7,    0.8,    0.3,    0.0,    0.0,    0.0,    0.0,    0.0,    0.0,    0.0,    0.0,    0.0,    0.0,     87,     26,     10,     15,     43,     25,     75,     44,     87,     26,     10,     15,     43,     25,     75,     44,      0,      0,      0,      0,      0,      0,      0,      0,    26.0,    57.0,    41.4,    77.8,    25.9,    56.9,    41.3,    75.6,    26.0,    57.0,    41.4,    77.8,    25.9,    56.9,    41.3,    75.6,     0.0,     0.0,     0.0,     0.0,     0.0,     0.0,     0.0,     0.0,(S&P 500 ANNUAL DIVIDEND INDEX X $250),43874A,CME ,138 
S&P 500 QUARTERLY DIVIDEND IND - CHICAGO MERCANTILE EXCHANGE,261006,2026-10-06,43874Q,CME ,00,138 ,   35201,   20525,   12556,    1920,   12749,   20712,   35194,   35188,       7,      13,   35201,   20525,   12556,    1920,   12749,   20712,   35194,   35188,       7,      13,       0,       0,       0,       0,       0,       0,       0,       0,       0,       0,     438,    1701,      93,     -20,   -1243,     352,     438,     425,       0,      13,  100.0,   58.3,   35.7,    5.5,   36.2,   58.8,  100.0,  100.0,    0.0,    0.0,  100.0,   58.3,   35.7,    5.5,   36.2,   58.8,  100.0,  100.0,    0.0,    0.0,    0.0,    0.0,    0.0,    0.0,    0.0,    0.0,    0.0,    0.0,    0.0,    0.0,     30,      5,      3,      4,     12,     14,     19,     19,     30,      5,      3,      4,     12,     14,     19,     19,      0,      0,      0,      0,      0,      0,      0,      0,    78.9,    64.8,    93.3,    86.9,    75.2,    63.3,    87.9,    83.5,    78.9,    64.8,    93.3,    86.9,    75.2,    63.3,    87.9,    83.5,     0.0,     0.0,     0.0,     0.0,     0.0,     0.0,     0.0,     0.0,(S&P 500 QUARTERLY DIVIDEND INDEX X $100,43874Q,CME ,138 
GULF JET NY HEAT OIL SPR - NEW YORK MERCANTILE EXCHANGE,261006,2026-10-06,86465A,NYME,01,864 ,   10929,       0,       0,       0,   10583,   10909,   10583,   10909,     346,      20,   10929,       0,       0,       0,   10583,   10909,   10583,   10909,     346,      20,       0,       0,       0,       0,       0,       0,       0,       0,       0,       0,   -1450,     -50,       0,       0,   -1473,   -1470,   -1523,   -1470,      73,      20,  100.0,    0.0,    0.0,    0.0,   96.8,   99.8,   96.8,   99.8,    3.2,    0.2,  100.0,    0.0,    0.0,    0.0,   96.8,   99.8,   96.8,   99.8,    3.2,    0.2,    0.0,    0.0,    0.0,    0.0,    0.0,    0.0,    0.0,    0.0,    0.0,    0.0,     29,      0,      0,      0,     21,     21,     21,     21,     29,      0,      0,      0,     21,     21,     21,     21,      0,      0,      0,      0,      0,      0,      0,      0,    51.0,    71.7,    71.9,    83.3,    43.2,    55.3,    56.6,    65.2,    51.0,    71.7,    71.9,    83.3,    43.2,    55.3,    56.6,    65.2,     0.0,     0.0,     0.0,     0.0,     0.0,     0.0,     0.0,     0.0,"(CONTRACTS OF 42,000 GALLONS)",86465A,NYME,864 
GULF # 6 FUEL OIL CRACK - NEW YORK MERCANTILE EXCHANGE,261006,2026-10-06,86565A,NYME,01,865 ,    9265,    2114,     865,    1321,    5830,    7079,    9265,    9265,       0,       0,    9265,    2114,     865,    1321,    5830,    7079,    9265,    9265,       0,       0,       0,       0,       0,       0,       0,       0,       0,       0,       0,       0,   -1520,    -411,      99,     -14,   -1095,   -1605,   -1520,   -1520,       0,       0,  100.0,   22.8,    9.3,   14.3,   62.9,   76.4,  100.0,  100.0,    0.0,    0.0,  100.0,   22.8,    9.3,   14.3,   62.9,   76.4,  100.0,  100.0,    0.0,    0.0,    0.0,    0.0,    0.0,    0.0,    0.0,    0.0,    0.0,    0.0,    0.0,    0.0,     28,      4,      5,      5,     16,     10,     21,     19,     28,      4,      5,      5,     16,     10,     21,     19,      0,      0,      0,      0,      0,      0,      0,      0,    58.8,    53.0,    83.8,    75.8,    48.4,    48.6,    63.7,    64.7,    58.8,    53.0,    83.8,    75.8,    48.4,    48.6,    63.7,    64.7,     0.0,     0.0,     0.0,     0.0,     0.0,     0.0,     0.0,     0.0,"(CONTRACTS OF 1,000 BARRELS)",86565A,NYME,865 
