WHEAT-SRW - CHICAGO BOARD OF TRADE,260901,2026-09-01,001602,CBT ,00,001 ,  470560,   42440,  144846,   94285,   15615,    9764,  109614,   94710,  117082,   36777,   26978,   26242,  436204,  435237,   34356,   35323,  414017,   36687,  116499,   84589,   15230,    8530,  102218,  104446,   95531,   36223,   27304,   18853,  382631,  386393,   31386,   27624,   56543,    5753,   28347,   10641,    1330,     289,   26516,    9384,    2431,    5244,    4364,    2699,   53573,   48844,    2970,    7699,   27029,   -8545,   20413,   -1139,    1114,    1608,   22113,   -6388,   14291,    3066,      85,   -4263,   27131,   26860,    -102,     169,  100.0,    9.0,   30.8,   20.0,    3.3,    2.1,   23.3,   20.1,   24.9,    7.8,    5.7,    5.6,   92.7,   92.5,    7.3,    7.5,  100.0,    8.9,   28.1,   20.4,    3.7,    2.1,   24.7,   25.2,   23.1,    8.7,    6.6,    4.6,   92.4,   93.3,    7.6,    6.7,  100.0,   10.2,   50.1,   18.8,    2.4,    0.5,   46.9,   16.6,    4.3,    9.3,    7.7,    4.8,   94.7,   86.4,    5.3,   13.6,    429,     52,    107,     25,      8,     12,     80,     55,     72,     72,     53,     51,    304,    299,    425,     44,    105,     24,      9,     11,     79,     56,     67,     74,     53,     45,    288,    290,    195,     21,     81,     15,      7,.,     27,     14,     11,     17,     27,     16,     95,    145,    11.6,    14.1,    20.1,    24.4,     8.5,     8.6,    14.8,    14.3,    12.3,    15.6,    20.5,    27.1,     8.4,    10.6,    15.0,    16.8,    27.9,    20.0,    46.4,    31.6,    27.9,    19.0,    46.4,    28.3,"(CONTRACTS OF 5,000 BUSHELS)",001602,CBT ,001 ,A10,FutOnly
WHEAT-HRW - CHICAGO BOARD OF TRADE,260901,2026-09-01,001612,CBT ,00,001 ,  306154,   16088,  128345,   83025,    3153,   10201,   82473,   33647,   65272,    8880,   25956,   19670,  285609,  286244,   20545,   19910,  273626,   12598,  114382,   77007,    2811,    8680,   79056,   36884,   55051,   10276,   27832,   12984,  255652,  258624,   17974,   15002,   32528,    3490,   13963,    7538,    1862,       1,   12721,    6067,     917,    3444,    2964,    1846,   29957,   27620,    2571,    4908,   11763,   -2562,    8002,    2690,    2043,    5257,    6440,     128,   -1318,    2785,    -508,   -1721,   11571,   11883,     192,    -120,  100.0,    5.3,   41.9,   27.1,    1.0,    3.3,   26.9,   11.0,   21.3,    2.9,    8.5,    6.4,   93.3,   93.5,    6.7,    6.5,  100.0,    4.6,   41.8,   28.1,    1.0,    3.2,   28.9,   13.5,   20.1,    3.8,   10.2,    4.7,   93.4,   94.5,    6.6,    5.5,  100.0,   10.7,   42.9,   23.2,    5.7,    0.0,   39.1,   18.7,    2.8,   10.6,    9.1,    5.7,   92.1,   84.9,    7.9,   15.1,    292,     41,     87,     20,      5,     10,     66,     27,     46,     33,     39,     34,    203,    212,    289,     36,     85,     19,      6,      9,     63,     30,     44,     36,     40,     32,    195,    207,    154,     13,     67,     12,      6,.,     19,     12,      8,     10,     23,     10,     63,    119,    14.8,    14.7,    25.5,    24.5,    11.2,    11.6,    19.8,    18.1,    16.2,    16.3,    27.3,    27.2,    11.7,    13.1,    20.1,    20.5,    31.7,    21.4,    45.0,    34.9,    31.7,    17.5,    45.0,    27.4,"(CONTRACTS OF 5,000 BUSHELS)",001612,CBT ,001 ,A10,FutOnly
WHEAT-HRSpring - MIAX FUTURES EXCHANGE,260901,2026-09-01,001626,MGE ,00,001 ,   77320,   31983,   62634,    6729,     150,     131,   23757,    2884,     962,    2056,    1735,    1550,   67168,   70046,   10152,    7274,   75947,   31611,   61524,    6537,     150,     131,   23549,    2887,     959,    1839,    1806,    1410,   66036,   68867,    9911,    7080,    1373,     372,    1110,     192,       0,       0,     211,       0,       0,     312,      24,      45,    1132,    1179,     241,     194,    3249,    -268,    8551,    -150,       0,      51,    4101,   -3087,    -796,     703,     592,    -947,    2694,    4364,     555,   -1115,  100.0,   41.4,   81.0,    8.7,    0.2,    0.2,   30.7,    3.7,    1.2,    2.7,    2.2,    2.0,   86.9,   90.6,   13.1,    9.4,  100.0,   41.6,   81.0,    8.6,    0.2,    0.2,   31.0,    3.8,    1.3,    2.4,    2.4,    1.9,   87.0,   90.7,   13.0,    9.3,  100.0,   27.1,   80.8,   14.0,    0.0,    0.0,   15.4,    0.0,    0.0,   22.7,    1.7,    3.3,   82.4,   85.9,   17.6,   14.1,    119,     47,     43,      7,.,      5,     23,      6,      7,      9,      8,      5,     90,     71,    118,     45,     42,      7,.,      5,     23,      6,      6,      7,      9,      5,     86,     70,     39,      7,     28,      4,      0,      0,.,      0,      0,.,.,.,     16,     30,    26.4,    37.2,    38.4,    57.2,    26.4,    36.7,    38.1,    56.1,    26.8,    37.6,    38.8,    57.9,    26.8,    37.2,    38.5,    56.9,    48.6,    44.7,    72.1,    59.7,    45.3,    44.7,    67.7,    59.4,"(CONTRACTS OF 5,000 BUSHELS)",001626,MGE ,001 ,A10,FutOnly
CORN - CHICAGO BOARD OF TRADE,260901,2026-09-01,002602,CBT ,00,002 , 1764182,  259861, 1060004,  349875,   26553,   27883,  467856,   66853,  235318,  197443,   61703,   94993, 1633229, 1573307,  130953,  190875, 1661227,  230687,  995103,  340504,   23394,   27844,  460488,   92841,  201621,  200531,   65591,   79457, 1541132, 1485851,  120095,  175376,  102955,   29174,   64901,    9405,    3193,       5,   40365,    7009,     700,    9596,    8796,    2852,   92097,   87456,   10858,   15499,   56476,  -26512,   52777,  -23014,     -90,   17539,   56094,  -27461,   35679,   16193,    3920,  -19376,   56603,   62988,    -127,   -6512,  100.0,   14.7,   60.1,   19.8,    1.5,    1.6,   26.5,    3.8,   13.3,   11.2,    3.5,    5.4,   92.6,   89.2,    7.4,   10.8,  100.0,   13.9,   59.9,   20.5,    1.4,    1.7,   27.7,    5.6,   12.1,   12.1,    3.9,    4.8,   92.8,   89.4,    7.2,   10.6,  100.0,   28.3,   63.0,    9.1,    3.1,    0.0,   39.2,    6.8,    0.7,    9.3,    8.5,    2.8,   89.5,   84.9,   10.5,   15.1,    883,    245,    368,     32,      9,     17,    113,     45,     79,    118,    100,     75,    590,    628,    876,    233,    363,     32,      9,     15,    114,     48,     76,    110,    110,     68,    567,    619,    418,     59,    245,     15,      4,.,     25,     12,      4,     28,     50,     20,    136,    329,    10.9,    12.2,    18.6,    20.0,    10.7,    11.3,    17.6,    18.6,    11.4,    11.7,    19.6,    19.4,    11.3,    10.8,    18.5,    18.0,    31.4,    32.8,    44.1,    41.6,    31.4,    32.5,    43.8,    41.1,"(CONTRACTS OF 5,000 BUSHELS)",002602,CBT ,002 ,A10,FutOnly
OATS - CHICAGO BOARD OF TRADE,260901,2026-09-01,004603,CBT ,00,004 ,    3132,     389,    1543,       0,       0,       0,     339,     221,       0,     398,     421,     191,    1317,    2376,    1815,     756,    3129,     389,    1543,       0,       0,       0,     339,     221,       0,     398,     418,     191,    1317,    2373,    1812,     756,       3,       0,       0,       0,       0,       0,       0,       0,       0,       0,       3,       0,       0,       3,       3,       0,.,.,.,.,.,.,.,.,.,.,.,.,.,.,.,.,  100.0,   12.4,   49.3,    0.0,    0.0,    0.0,   10.8,    7.1,    0.0,   12.7,   13.4,    6.1,   42.0,   75.9,   58.0,   24.1,  100.0,   12.4,   49.3,    0.0,    0.0,    0.0,   10.8,    7.1,    0.0,   12.7,   13.4,    6.1,   42.1,   75.8,   57.9,   24.2,  100.0,    0.0,    0.0,    0.0,    0.0,    0.0,    0.0,    0.0,    0.0,    0.0,  100.0,    0.0,    0.0,  100.0,  100.0,    0.0,     20,      5,      6,      0,      0,      0,.,.,      0,.,.,.,     12,     12,     20,      5,      6,      0,      0,      0,.,.,      0,.,.,.,     12,     12,.,      0,      0,      0,      0,      0,      0,      0,      0,      0,.,      0,      0,.,    24.3,    45.8,    36.3,    66.7,    23.7,    45.1,    34.8,    61.5,    24.3,    45.9,    36.3,    66.6,    23.7,    45.1,    34.8,    61.5,     0.0,   100.0,     0.0,   100.0,     0.0,   100.0,     0.0,   100.0,"(CONTRACTS OF 5,000 BUSHELS)",004603,CBT ,004 ,A10,FutOnly
SOYBEANS - CHICAGO BOARD OF TRADE,260901,2026-09-01,005602,CBT ,00,005 , 1027541,  284738,  622046,  150716,   42150,    8355,  270450,   35530,  125300,   67019,   53952,   70779,  977357,  958112,   50184,   69429,  983613,  269947,  597425,  149914,   41426,    7172,  262594,   37313,  117889,   65801,   52378,   63842,  937159,  917445,   46454,   66168,   43928,   14791,   24621,    1882,    1804,     103,   11907,    2268,    3360,    2183,    2539,    5972,   40198,   40667,    3730,    3261,   55010,   -6755,   26157,    4880,     774,    -709,   31115,   -3126,   10720,    2835,   10516,    7611,   49697,   51943,    5313,    3067,  100.0,   27.7,   60.5,   14.7,    4.1,    0.8,   26.3,    3.5,   12.2,    6.5,    5.3,    6.9,   95.1,   93.2,    4.9,    6.8,  100.0,   27.4,   60.7,   15.2,    4.2,    0.7,   26.7,    3.8,   12.0,    6.7,    5.3,    6.5,   95.3,   93.3,    4.7,    6.7,  100.0,   33.7,   56.0,    4.3,    4.1,    0.2,   27.1,    5.2,    7.6,    5.0,    5.8,   13.6,   91.5,   92.6,    8.5,    7.4,    625,    148,    262,     23,     17,     14,    111,     26,     69,     72,     79,     74,    427,    483,    624,    146,    261,     23,     17,     12,    110,     29,     68,     70,     81,     73,    421,    481,    264,     29,    155,      9,      8,.,     18,      9,.,     14,     29,     16,     81,    212,     9.9,    16.9,    17.9,    27.8,     9.6,    15.1,    17.2,    23.6,    10.4,    16.9,    18.5,    27.5,    10.0,    15.1,    17.9,    23.5,    34.5,    37.4,    50.7,    53.8,    32.7,    37.3,    43.7,    45.5,"(CONTRACTS OF 5,000 BUSHELS)",005602,CBT ,005 ,A30,FutOnly
MINI SOYBEANS - CHICAGO BOARD OF TRADE,260901,2026-09-01,005603,CBT ,00,005 ,   28677,       7,   11602,       0,       0,       0,       0,       0,       0,   24763,    1607,     878,   25648,   14087,    3029,   14590,   26752,       7,   10301,       0,       0,       0,       0,       0,       0,   24116,    1593,     878,   25001,   12772,    1751,   13980,    1925,       0,    1301,       0,       0,       0,       0,       0,       0,     647,      14,       0,     647,    1315,    1278,     610,    1706,      -1,     390,       0,       0,       0,       0,       0,       0,    1460,     182,     227,    1686,     799,      20,     907,  100.0,    0.0,   40.5,    0.0,    0.0,    0.0,    0.0,    0.0,    0.0,   86.4,    5.6,    3.1,   89.4,   49.1,   10.6,   50.9,  100.0,    0.0,   38.5,    0.0,    0.0,    0.0,    0.0,    0.0,    0.0,   90.1,    6.0,    3.3,   93.5,   47.7,    6.5,   52.3,  100.0,    0.0,   67.6,    0.0,    0.0,    0.0,    0.0,    0.0,    0.0,   33.6,    0.7,    0.0,   33.6,   68.3,   66.4,   31.7,     31,.,     17,      0,      0,      0,      0,      0,      0,      7,      7,      4,     10,     27,     31,.,     17,      0,      0,      0,      0,      0,      0,      7,      7,      4,     10,     27,     19,      0,     15,      0,      0,      0,      0,      0,      0,.,.,      0,.,     17,    82.3,    28.1,    89.4,    33.8,    81.2,    28.1,    86.4,    33.3,    85.8,    25.7,    93.4,    31.6,    84.6,    25.7,    90.1,    31.0,    33.6,    63.1,    33.6,    65.8,    33.6,    63.1,    33.6,    65.8,"(Contracts of 1,000 Bushels)",005603,CBT ,005 ,A30,FutOnly
NJ SRECS - ICE FUTURES ENERGY DIV,260901,2026-09-01,0063CC,IFED,01,006 ,  128119,   92655,   72898,    7000,    3070,       0,       0,     990,       0,   26534,   49231,    1930,  128119,  128119,       0,       0,  128119,   92655,   72898,    7000,    3070,       0,       0,     990,       0,   26534,   49231,    1930,  128119,  128119,       0,       0,       0,       0,       0,       0,       0,       0,       0,       0,       0,       0,       0,       0,       0,       0,       0,       0,     600,     600,       0,       0,       0,       0,       0,       0,       0,       0,     600,       0,     600,     600,       0,       0,  100.0,   72.3,   56.9,    5.5,    2.4,    0.0,    0.0,    0.8,    0.0,   20.7,   38.4,    1.5,  100.0,  100.0,    0.0,    0.0,  100.0,   72.3,   56.9,    5.5,    2.4,    0.0,    0.0,    0.8,    0.0,   20.7,   38.4,    1.5,  100.0,  100.0,    0.0,    0.0,  100.0,    0.0,    0.0,    0.0,    0.0,    0.0,    0.0,    0.0,    0.0,    0.0,    0.0,    0.0,    0.0,    0.0,    0.0,    0.0,     36,     17,      7,.,.,      0,      0,.,      0,      4,      6,.,     23,     19,     36,     17,      7,.,.,      0,      0,.,      0,      4,      6,.,     23,     19,      0,      0,      0,      0,      0,      0,      0,      0,      0,      0,      0,      0,      0,      0,    53.4,    86.3,    77.8,    93.8,    53.4,    86.3,    77.8,    92.7,    53.4,    86.3,    77.8,    93.8,    53.4,    86.3,    77.8,    92.7,     0.0,     0.0,     0.0,     0.0,     0.0,     0.0,     0.0,     0.0,(10 SRECs),0063CC,IFED,006 ,N60,FutOnly
PJM TRI-RECs CLASS 1  - ICE FUTURES ENERGY DIV,260901,2026-09-01,0063CH,IFED,01,006 ,  245193,  180128,  163366,    7965,     245,       0,     588,    5506,     144,   30356,   49920,   26012,  245193,  245193,       0,       0,  245193,  180128,  163366,    7965,     245,       0,     588,    5506,     144,   30356,   49920,   26012,  245193,  245193,       0,       0,       0,       0,       0,       0,       0,       0,       0,       0,       0,       0,       0,       0,       0,       0,       0,       0,    -290,     318,   -1205,       0,       0,       0,    -100,       0,       0,   -1000,     423,     492,    -290,    -290,       0,       0,  100.0,   73.5,   66.6,    3.2,    0.1,    0.0,    0.2,    2.2,    0.1,   12.4,   20.4,   10.6,  100.0,  100.0,    0.0,    0.0,  100.0,   73.5,   66.6,    3.2,    0.1,    0.0,    0.2,    2.2,    0.1,   12.4,   20.4,   10.6,  100.0,  100.0,    0.0,    0.0,  100.0,    0.0,    0.0,    0.0,    0.0,    0.0,    0.0,    0.0,    0.0,    0.0,    0.0,    0.0,    0.0,    0.0,    0.0,    0.0,     50,     20,     17,.,.,      0,      4,.,.,      7,      7,      8,     37,     32,     50,     20,     17,.,.,      0,      4,.,.,      7,      7,      8,     37,     32,      0,      0,      0,      0,      0,      0,      0,      0,      0,      0,      0,      0,      0,      0,    49.3,    57.1,    72.0,    73.9,    42.5,    57.1,    64.5,    71.6,    49.3,    57.1,    72.0,    73.9,    42.5,    57.1,    64.5,    71.6,     0.0,     0.0,     0.0,     0.0,     0.0,     0.0,     0.0,     0.0,(100 MWh of renewable energy certificates),0063CH,IFED,006 ,N60,FutOnly
CALIF LOW CARBON FSC-OPIS  - ICE FUTURES ENERGY DIV,260901,2026-09-01,0063CU,IFED,01,006 ,  120893,    6539,   90592,   40190,    3373,       0,   69177,       0,    1142,    3389,   25478,     308,  120745,  120893,     148,       0,  120893,    6539,   90592,   40190,    3373,       0,   69177,       0,    1142,    3389,   25478,     308,  120745,  120893,     148,       0,       0,       0,       0,       0,       0,       0,       0,       0,       0,       0,       0,       0,       0,       0,       0,       0,    -302,    -785,    -196,   -1195,    -120,       0,     804,       0,       8,     724,      -9,      15,    -429,    -302,     127,       0,  100.0,    5.4,   74.9,   33.2,    2.8,    0.0,   57.2,    0.0,    0.9,    2.8,   21.1,    0.3,   99.9,  100.0,    0.1,    0.0,  100.0,    5.4,   74.9,   33.2,    2.8,    0.0,   57.2,    0.0,    0.9,    2.8,   21.1,    0.3,   99.9,  100.0,    0.1,    0.0,  100.0,    0.0,    0.0,    0.0,    0.0,    0.0,    0.0,    0.0,    0.0,    0.0,    0.0,    0.0,    0.0,    0.0,    0.0,    0.0,     53,     10,      9,.,.,      0,     17,      0,.,     10,      5,.,     41,     18,     53,     10,      9,.,.,      0,     17,      0,.,     10,      5,.,     41,     18,      0,      0,      0,      0,      0,      0,      0,      0,      0,      0,      0,      0,      0,      0,    65.4,    81.1,    80.1,    95.6,    65.4,    80.5,    80.1,    95.0,    65.4,    81.1,    80.1,    95.6,    65.4,    80.5,    80.1,    95.0,     0.0,     0.0,     0.0,     0.0,     0.0,     0.0,     0.0,     0.0,(100 LCFS Credits- each of 1 MT),0063CU,IFED,006 ,N60,FutOnly
D6 RINs OPIS CURRENT YEAR - ICE FUTURES ENERGY DIV,260901,2026-09-01,0063CW,IFED,01,006 ,   29395,    3916,    7727,    1585,     460,     491,    3212,    1264,    3256,    8261,    7498,    8519,   29240,   29215,     155,     180,   29395,    3916,    7727,    1585,     460,     491,    3212,    1264,    3256,    8261,    7498,    8519,   29240,   29215,     155,     180,       0,       0,       0,       0,       0,       0,       0,       0,       0,       0,       0,       0,       0,       0,       0,       0,   -1544,   -1741,    -272,     100,   -2046,     291,     357,    -753,    1006,   -3111,   -1187,    1503,   -1595,   -1458,      51,     -86,  100.0,   13.3,   26.3,    5.4,    1.6,    1.7,   10.9,    4.3,   11.1,   28.1,   25.5,   29.0,   99.5,   99.4,    0.5,    0.6,  100.0,   13.3,   26.3,    5.4,    1.6,    1.7,   10.9,    4.3,   11.1,   28.1,   25.5,   29.0,   99.5,   99.4,    0.5,    0.6,  100.0,    0.0,    0.0,    0.0,    0.0,    0.0,    0.0,    0.0,    0.0,    0.0,    0.0,    0.0,    0.0,    0.0,    0.0,    0.0,     72,      6,     12,.,.,.,      5,      7,      6,     14,     24,     13,     39,     57,     72,      6,     12,.,.,.,      5,      7,      6,     14,     24,     13,     39,     57,      0,      0,      0,      0,      0,      0,      0,      0,      0,      0,      0,      0,      0,      0,    59.1,    48.0,    78.4,    63.5,    35.8,    26.9,    48.9,    34.7,    59.1,    48.0,    78.4,    63.5,    35.8,    26.9,    48.9,    34.7,     0.0,     0.0,     0.0,     0.0,     0.0,     0.0,     0.0,     0.0,"(50,000 RINs)",0063CW,IFED,006 ,N60,FutOnly
PA SOLAR ALTER ENERGY CREDIT - ICE FUTURES ENERGY DIV,260901,2026-09-01,0063DA,IFED,01,006 ,   24210,    9495,   23410,     215,       0,       0,       0,       0,       0,   14500,     800,       0,   24210,   24210,       0,       0,   24210,    9495,   23410,     215,       0,       0,       0,       0,       0,   14500,     800,       0,   24210,   24210,       0,       0,       0,       0,       0,       0,       0,       0,       0,       0,       0,       0,       0,       0,       0,       0,       0,       0,       0,       0,       0,       0,       0,       0,       0,       0,       0,       0,       0,       0,       0,       0,       0,       0,  100.0,   39.2,   96.7,    0.9,    0.0,    0.0,    0.0,    0.0,    0.0,   59.9,    3.3,    0.0,  100.0,  100.0,    0.0,    0.0,  100.0,   39.2,   96.7,    0.9,    0.0,    0.0,    0.0,    0.0,    0.0,   59.9,    3.3,    0.0,  100.0,  100.0,    0.0,    0.0,  100.0,    0.0,    0.0,    0.0,    0.0,    0.0,    0.0,    0.0,    0.0,    0.0,    0.0,    0.0,    0.0,    0.0,    0.0,    0.0,     20,      9,      4,.,      0,      0,      0,      0,      0,      5,.,      0,     15,      6,     20,      9,      4,.,      0,      0,      0,      0,      0,      5,.,      0,     15,      6,      0,      0,      0,      0,      0,      0,      0,      0,      0,      0,      0,      0,      0,      0,    67.5,    97.5,    87.4,   100.0,    67.5,    94.6,    85.3,    95.9,    67.5,    97.5,    87.4,   100.0,    67.5,    94.6,    85.3,    95.9,     0.0,     0.0,     0.0,     0.0,     0.0,     0.0,     0.0,     0.0,(10 PA SRECs),0063DA,IFED,006 ,N60,FutOnly
CALIF CARBON CURRENT AUCTION - ICE FUTURES ENERGY DIV,260901,2026-09-01,0063DB,IFED,01,006 ,   53239,   12857,    3485,   16385,   16687,       0,    3545,   11164,    1460,   11672,   13139,    7304,   53223,   53239,      16,       0,   53239,   12857,    3485,   16385,   16687,       0,    3545,   11164,    1460,   11672,   13139,    7304,   53223,   53239,      16,       0,       0,       0,       0,       0,       0,       0,       0,       0,       0,       0,       0,       0,       0,       0,       0,       0,  -13471,   -2120,   -4509,   -4500,   -1468,    -950,   -2179,   -1093,   -1321,   -1406,   -3162,    -968,  -13444,  -13471,     -27,       0,  100.0,   24.1,    6.5,   30.8,   31.3,    0.0,    6.7,   21.0,    2.7,   21.9,   24.7,   13.7,  100.0,  100.0,    0.0,    0.0,  100.0,   24.1,    6.5,   30.8,   31.3,    0.0,    6.7,   21.0,    2.7,   21.9,   24.7,   13.7,  100.0,  100.0,    0.0,    0.0,  100.0,    0.0,    0.0,    0.0,    0.0,    0.0,    0.0,    0.0,    0.0,    0.0,    0.0,    0.0,    0.0,    0.0,    0.0,    0.0,     47,     11,.,      5,.,      0,      4,      4,.,     12,      5,      5,     38,     16,     47,     11,.,      5,.,      0,      4,      4,.,     12,      5,      5,     38,     16,      0,      0,      0,      0,      0,      0,      0,      0,      0,      0,      0,      0,      0,      0,    49.2,    86.4,    69.0,    96.5,    44.0,    71.4,    61.7,    80.5,    49.2,    86.4,    69.0,    96.5,    44.0,    71.4,    61.7,    80.5,     0.0,     0.0,     0.0,     0.0,     0.0,     0.0,     0.0,     0.0,"(1,000 California carbon allowances)",0063DB,IFED,006 ,N60,FutOnly
RGGI AUCTION CLEARING PRICE - ICE FUTURES ENERGY DIV,260901,2026-09-01,0063DD,IFED,01,006 ,    4745,    1246,    2260,       0,       0,       0,    2619,     425,       0,     860,    2060,       0,    4725,    4745,      20,       0,    4745,    1246,    2260,       0,       0,       0,    2619,     425,       0,     860,    2060,       0,    4725,    4745,      20,       0,       0,       0,       0,       0,       0,       0,       0,       0,       0,       0,       0,       0,       0,       0,       0,       0,.,.,.,.,.,.,.,.,.,.,.,.,.,.,.,.,  100.0,   26.3,   47.6,    0.0,    0.0,    0.0,   55.2,    9.0,    0.0,   18.1,   43.4,    0.0,   99.6,  100.0,    0.4,    0.0,  100.0,   26.3,   47.6,    0.0,    0.0,    0.0,   55.2,    9.0,    0.0,   18.1,   43.4,    0.0,   99.6,  100.0,    0.4,    0.0,  100.0,    0.0,    0.0,    0.0,    0.0,    0.0,    0.0,    0.0,    0.0,    0.0,    0.0,    0.0,    0.0,    0.0,    0.0,    0.0,     21,      5,.,      0,      0,      0,      6,.,      0,      5,.,      0,     16,      5,     21,      5,.,      0,      0,      0,      6,.,      0,      5,.,      0,     16,      5,      0,      0,      0,      0,      0,      0,      0,      0,      0,      0,      0,      0,      0,      0,    47.5,    98.1,    75.3,   100.0,    47.5,    98.1,    75.3,   100.0,    47.5,    98.1,    75.3,   100.0,    47.5,    98.1,    75.3,   100.0,     0.0,     0.0,     0.0,     0.0,     0.0,     0.0,     0.0,     0.0,"1,000 RGGI CO2 Allowances of 1 Eligible Contract",0063DD,IFED,006 ,N60,FutOnly
D4 BIODIESEL RINs OPIS CURR YR - ICE FUTURES ENERGY DIV,260901,2026-09-01,0063DG,IFED,01,006 ,   18284,    3259,    6899,     762,    1527,     418,    1751,      80,    2081,    4956,    2352,    4837,   18064,   18194,     220,      90,   18284,    3259,    6899,     762,    1527,     418,    1751,      80,    2081,    4956,    2352,    4837,   18064,   18194,     220,      90,       0,       0,       0,       0,       0,       0,       0,       0,       0,       0,       0,       0,       0,       0,       0,       0,    1873,     536,     217,   -1117,    -544,      67,   -1203,      40,    1148,    1130,    -388,    1354,    1915,    1894,     -42,     -21,  100.0,   17.8,   37.7,    4.2,    8.4,    2.3,    9.6,    0.4,   11.4,   27.1,   12.9,   26.5,   98.8,   99.5,    1.2,    0.5,  100.0,   17.8,   37.7,    4.2,    8.4,    2.3,    9.6,    0.4,   11.4,   27.1,   12.9,   26.5,   98.8,   99.5,    1.2,    0.5,  100.0,    0.0,    0.0,    0.0,    0.0,    0.0,    0.0,    0.0,    0.0,    0.0,    0.0,    0.0,    0.0,    0.0,    0.0,    0.0,     63,     11,     11,      4,.,.,      8,.,.,     19,     13,     10,     48,     38,     63,     11,     11,      4,.,.,      8,.,.,     19,     13,     10,     48,     38,      0,      0,      0,      0,      0,      0,      0,      0,      0,      0,      0,      0,      0,      0,    47.6,    51.1,    62.8,    68.8,    23.3,    36.2,    32.3,    47.6,    47.6,    51.1,    62.8,    68.8,    23.3,    36.2,    32.3,    47.6,     0.0,     0.0,     0.0,     0.0,     0.0,     0.0,     0.0,     0.0,"(50,000 RINs)",0063DG,IFED,006 ,N60,FutOnly
CT RECs CLASS 1  - ICE FUTURES ENERGY DIV,260901,2026-09-01,0063DK,IFED,01,006 ,    8775,    5725,    6171,     600,     750,       0,       0,     100,       0,    2450,    1754,       0,    8775,    8775,       0,       0,    8775,    5725,    6171,     600,     750,       0,       0,     100,       0,    2450,    1754,       0,    8775,    8775,       0,       0,       0,       0,       0,       0,       0,       0,       0,       0,       0,       0,       0,       0,       0,       0,       0,       0,       0,       0,       0,       0,       0,       0,       0,       0,       0,       0,       0,       0,       0,       0,       0,       0,  100.0,   65.2,   70.3,    6.8,    8.5,    0.0,    0.0,    1.1,    0.0,   27.9,   20.0,    0.0,  100.0,  100.0,    0.0,    0.0,  100.0,   65.2,   70.3,    6.8,    8.5,    0.0,    0.0,    1.1,    0.0,   27.9,   20.0,    0.0,  100.0,  100.0,    0.0,    0.0,  100.0,    0.0,    0.0,    0.0,    0.0,    0.0,    0.0,    0.0,    0.0,    0.0,    0.0,    0.0,    0.0,    0.0,    0.0,    0.0,     20,      7,      8,.,.,      0,      0,.,      0,.,.,      0,      9,     13,     20,      7,      8,.,.,      0,      0,.,      0,.,.,      0,      9,     13,      0,      0,      0,      0,      0,      0,      0,      0,      0,      0,      0,      0,      0,      0,    73.5,    62.6,    97.7,    90.9,    69.0,    62.6,    92.3,    88.3,    73.5,    62.6,    97.7,    90.9,    69.0,    62.6,    92.3,    88.3,     0.0,     0.0,     0.0,     0.0,     0.0,     0.0,     0.0,     0.0,(100 MWh of Class 1 Renewable Energy Certificates),0063DK,IFED,006 ,N60,FutOnly
MASS COMPLIANCE RECs CLASS 1  - ICE FUTURES ENERGY DIV,260901,2026-09-01,0063DL,IFED,01,006 ,   20879,   20579,    9939,       0,       0,       0,       0,       0,       0,       0,   10640,     300,   20879,   20879,       0,       0,   20879,   20579,    9939,       0,       0,       0,       0,       0,       0,       0,   10640,     300,   20879,   20879,       0,       0,       0,       0,       0,       0,       0,       0,       0,       0,       0,       0,       0,       0,       0,       0,       0,       0,       0,       0,       0,       0,       0,       0,       0,       0,       0,       0,       0,       0,       0,       0,       0,       0,  100.0,   98.6,   47.6,    0.0,    0.0,    0.0,    0.0,    0.0,    0.0,    0.0,   51.0,    1.4,  100.0,  100.0,    0.0,    0.0,  100.0,   98.6,   47.6,    0.0,    0.0,    0.0,    0.0,    0.0,    0.0,    0.0,   51.0,    1.4,  100.0,  100.0,    0.0,    0.0,  100.0,    0.0,    0.0,    0.0,    0.0,    0.0,    0.0,    0.0,    0.0,    0.0,    0.0,    0.0,    0.0,    0.0,    0.0,    0.0,     24,      9,     12,      0,      0,      0,      0,      0,      0,      0,      7,.,     10,     19,     24,      9,     12,      0,      0,      0,      0,      0,      0,      0,      7,.,     10,     19,      0,      0,      0,      0,      0,      0,      0,      0,      0,      0,      0,      0,      0,      0,    90.3,    63.0,    98.9,    82.7,    90.3,    63.0,    94.7,    79.4,    90.3,    63.0,    98.9,    82.7,    90.3,    63.0,    94.7,    79.4,     0.0,     0.0,     0.0,     0.0,     0.0,     0.0,     0.0,     0.0,100 MWh of Class 1 Renewable Energy Certificates,0063DL,IFED,006 ,N60,FutOnly
MARYLAND COMPLIANCE REC TIER1 - ICE FUTURES ENERGY DIV,260901,2026-09-01,0063DM,IFED,01,006 ,   11641,    9496,    5188,    1725,    1541,       0,      50,       0,       0,     250,    4792,     120,   11641,   11641,       0,       0,   11641,    9496,    5188,    1725,    1541,       0,      50,       0,       0,     250,    4792,     120,   11641,   11641,       0,       0,       0,       0,       0,       0,       0,       0,       0,       0,       0,       0,       0,       0,       0,       0,       0,       0,       0,       0,       0,       0,       0,       0,       0,       0,       0,       0,       0,       0,       0,       0,       0,       0,  100.0,   81.6,   44.6,   14.8,   13.2,    0.0,    0.4,    0.0,    0.0,    2.1,   41.2,    1.0,  100.0,  100.0,    0.0,    0.0,  100.0,   81.6,   44.6,   14.8,   13.2,    0.0,    0.4,    0.0,    0.0,    2.1,   41.2,    1.0,  100.0,  100.0,    0.0,    0.0,  100.0,    0.0,    0.0,    0.0,    0.0,    0.0,    0.0,    0.0,    0.0,    0.0,    0.0,    0.0,    0.0,    0.0,    0.0,    0.0,     24,     10,      7,.,.,      0,.,      0,      0,.,      5,.,     15,     13,     24,     10,      7,.,.,      0,.,      0,      0,.,      5,.,     15,     13,      0,      0,      0,      0,      0,      0,      0,      0,      0,      0,      0,      0,      0,      0,    61.2,    61.4,    85.7,    91.4,    61.2,    61.4,    82.6,    85.8,    61.2,    61.4,    85.7,    91.4,    61.2,    61.4,    82.6,    85.8,     0.0,     0.0,     0.0,     0.0,     0.0,     0.0,     0.0,     0.0,(100 Tier 1 RECs),0063DM,IFED,006 ,N60,FutOnly
MARYLAND SOLAR REC - ICE FUTURES ENERGY DIV,260901,2026-09-01,0063DN,IFED,01,006 ,   55581,   27531,   11450,   17300,   40981,       0,       0,       0,       0,   10750,    3150,       0,   55581,   55581,       0,       0,   55581,   27531,   11450,   17300,   40981,       0,       0,       0,       0,   10750,    3150,       0,   55581,   55581,       0,       0,       0,       0,       0,       0,       0,       0,       0,       0,       0,       0,       0,       0,       0,       0,       0,       0,       0,       0,       0,       0,       0,       0,       0,       0,       0,       0,       0,       0,       0,       0,       0,       0,  100.0,   49.5,   20.6,   31.1,   73.7,    0.0,    0.0,    0.0,    0.0,   19.3,    5.7,    0.0,  100.0,  100.0,    0.0,    0.0,  100.0,   49.5,   20.6,   31.1,   73.7,    0.0,    0.0,    0.0,    0.0,   19.3,    5.7,    0.0,  100.0,  100.0,    0.0,    0.0,  100.0,    0.0,    0.0,    0.0,    0.0,    0.0,    0.0,    0.0,    0.0,    0.0,    0.0,    0.0,    0.0,    0.0,    0.0,    0.0,     22,      8,      5,.,.,      0,      0,      0,      0,.,.,      0,     13,     10,     22,      8,      5,.,.,      0,      0,      0,      0,.,.,      0,     13,     10,      0,      0,      0,      0,      0,      0,      0,      0,      0,      0,      0,      0,      0,      0,    74.9,    89.2,    94.7,    98.8,    74.0,    89.2,    92.9,    98.1,    74.9,    89.2,    94.7,    98.8,    74.0,    89.2,    92.9,    98.1,     0.0,     0.0,     0.0,     0.0,     0.0,     0.0,     0.0,     0.0,(10 SRECs),0063DN,IFED,006 ,N60,FutOnly
NEPOOL DUAL RECs CLASS 1  - ICE FUTURES ENERGY DIV,260901,2026-09-01,0063DQ,IFED,01,006 ,   12760,    9910,    4234,     880,       0,       0,       0,       0,       0,    1065,    7546,     905,   12760,   12685,       0,      75,   12760,    9910,    4234,     880,       0,       0,       0,       0,       0,    1065,    7546,     905,   12760,   12685,       0,      75,       0,       0,       0,       0,       0,       0,       0,       0,       0,       0,       0,       0,       0,       0,       0,       0,       0,       0,       0,       0,       0,       0,       0,       0,       0,       0,       0,       0,       0,       0,       0,       0,  100.0,   77.7,   33.2,    6.9,    0.0,    0.0,    0.0,    0.0,    0.0,    8.3,   59.1,    7.1,  100.0,   99.4,    0.0,    0.6,  100.0,   77.7,   33.2,    6.9,    0.0,    0.0,    0.0,    0.0,    0.0,    8.3,   59.1,    7.1,  100.0,   99.4,    0.0,    0.6,  100.0,    0.0,    0.0,    0.0,    0.0,    0.0,    0.0,    0.0,    0.0,    0.0,    0.0,    0.0,    0.0,    0.0,    0.0,    0.0,     22,     11,      8,.,      0,      0,      0,      0,      0,.,.,.,     14,     12,     22,     11,      8,.,      0,      0,      0,      0,      0,.,.,.,     14,     12,      0,      0,      0,      0,      0,      0,      0,      0,      0,      0,      0,      0,      0,      0,    51.1,    67.0,    79.5,    92.0,    44.0,    67.0,    70.5,    85.0,    51.1,    67.0,    79.5,    92.0,    44.0,    67.0,    70.5,    85.0,     0.0,     0.0,     0.0,     0.0,     0.0,     0.0,     0.0,     0.0,100 MWh of Class 1 Renewable Energy Certificates,0063DQ,IFED,006 ,N60,FutOnly
NJ COMPLIANCE RECs CLASS 1 - ICE FUTURES ENERGY DIV,260901,2026-09-01,0063DR,IFED,01,006 ,   26688,   14552,   18916,      50,       0,       0,       0,     250,       0,   12085,    7522,       0,   26687,   26688,       1,       0,   26688,   14552,   18916,      50,       0,       0,       0,     250,       0,   12085,    7522,       0,   26687,   26688,       1,       0,       0,       0,       0,       0,       0,       0,       0,       0,       0,       0,       0,       0,       0,       0,       0,       0,       0,       0,      50,       0,       0,       0,       0,       0,       0,       0,     -50,       0,       0,       0,       0,       0,  100.0,   54.5,   70.9,    0.2,    0.0,    0.0,    0.0,    0.9,    0.0,   45.3,   28.2,    0.0,  100.0,  100.0,    0.0,    0.0,  100.0,   54.5,   70.9,    0.2,    0.0,    0.0,    0.0,    0.9,    0.0,   45.3,   28.2,    0.0,  100.0,  100.0,    0.0,    0.0,  100.0,    0.0,    0.0,    0.0,    0.0,    0.0,    0.0,    0.0,    0.0,    0.0,    0.0,    0.0,    0.0,    0.0,    0.0,    0.0,     22,     10,      5,.,      0,      0,      0,.,      0,      4,.,      0,     15,      9,     22,     10,      5,.,      0,      0,      0,.,      0,      4,.,      0,     15,      9,      0,      0,      0,      0,      0,      0,      0,      0,      0,      0,      0,      0,      0,      0,    74.9,    93.6,    92.7,    99.8,    74.9,    93.6,    92.7,    99.5,    74.9,    93.6,    92.7,    99.8,    74.9,    93.6,    92.7,    99.5,     0.0,     0.0,     0.0,     0.0,     0.0,     0.0,     0.0,     0.0,100 MWh of Class 1 Renewable Energy Certificates,0063DR,IFED,006 ,N60,FutOnly
PA COMPLIANCE AECs TIER1 - ICE FUTURES ENERGY DIV,260901,2026-09-01,0063DT,IFED,01,006 ,   49507,   37477,   28051,    1000,    3920,       0,    1100,       0,       0,    8771,   16357,    1159,   49507,   49487,       0,      20,   49507,   37477,   28051,    1000,    3920,       0,    1100,       0,       0,    8771,   16357,    1159,   49507,   49487,       0,      20,       0,       0,       0,       0,       0,       0,       0,       0,       0,       0,       0,       0,       0,       0,       0,       0,     838,     938,    1638,       0,       0,       0,       0,       0,       0,       0,    -700,    -100,     838,     838,       0,       0,  100.0,   75.7,   56.7,    2.0,    7.9,    0.0,    2.2,    0.0,    0.0,   17.7,   33.0,    2.3,  100.0,  100.0,    0.0,    0.0,  100.0,   75.7,   56.7,    2.0,    7.9,    0.0,    2.2,    0.0,    0.0,   17.7,   33.0,    2.3,  100.0,  100.0,    0.0,    0.0,  100.0,    0.0,    0.0,    0.0,    0.0,    0.0,    0.0,    0.0,    0.0,    0.0,    0.0,    0.0,    0.0,    0.0,    0.0,    0.0,     34,     17,      5,.,.,      0,.,      0,      0,      5,      6,.,     25,     13,     34,     17,      5,.,.,      0,.,      0,      0,      5,      6,.,     25,     13,      0,      0,      0,      0,      0,      0,      0,      0,      0,      0,      0,      0,      0,      0,    47.7,    74.1,    66.5,    96.9,    47.7,    74.1,    66.5,    94.8,    47.7,    74.1,    66.5,    96.9,    47.7,    74.1,    66.5,    94.8,     0.0,     0.0,     0.0,     0.0,     0.0,     0.0,     0.0,     0.0,(100 AECs),0063DT,IFED,006 ,N60,FutOnly
WASHINGTON CARBON ALL V2026 - ICE FUTURES ENERGY DIV,260901,2026-09-01,0063EA,IFED,01,006 ,    5293,    1432,    1200,     150,     557,       0,     247,    1044,       4,    3402,    2326,      50,    5285,    5181,       8,     112,    5293,    1432,    1200,     150,     557,       0,     247,    1044,       4,    3402,    2326,      50,    5285,    5181,       8,     112,       0,       0,       0,       0,       0,       0,       0,       0,       0,       0,       0,       0,       0,       0,       0,       0,     525,      64,      -3,       0,     -24,       0,       0,     -43,     -15,     466,     599,      30,     545,     544,     -20,     -19,  100.0,   27.1,   22.7,    2.8,   10.5,    0.0,    4.7,   19.7,    0.1,   64.3,   43.9,    0.9,   99.8,   97.9,    0.2,    2.1,  100.0,   27.1,   22.7,    2.8,   10.5,    0.0,    4.7,   19.7,    0.1,   64.3,   43.9,    0.9,   99.8,   97.9,    0.2,    2.1,  100.0,    0.0,    0.0,    0.0,    0.0,    0.0,    0.0,    0.0,    0.0,    0.0,    0.0,    0.0,    0.0,    0.0,    0.0,    0.0,     35,      6,      6,.,.,      0,.,      6,.,      4,      8,.,     16,     24,     35,      6,      6,.,.,      0,.,      6,.,      4,      8,.,     16,     24,      0,      0,      0,      0,      0,      0,      0,      0,      0,      0,      0,      0,      0,      0,    82.3,    48.2,    94.2,    74.1,    82.3,    47.7,    92.6,    70.1,    82.3,    48.2,    94.2,    74.1,    82.3,    47.7,    92.6,    70.1,     0.0,     0.0,     0.0,     0.0,     0.0,     0.0,     0.0,     0.0,"1,000 Washington carbon allowances",0063EA,IFED,006 ,N60,FutOnly
CALIF CARBON ALL VINTAGE 2026 - ICE FUTURES ENERGY DIV,260901,2026-09-01,0063EE,IFED,01,006 ,  205667,   29096,   53736,   15816,   90612,    2767,  115620,   12653,    9001,   29504,   33215,    3668,  205472,  205652,     195,      15,  205667,   29096,   53736,   15816,   90612,    2767,  115620,   12653,    9001,   29504,   33215,    3668,  205472,  205652,     195,      15,       0,       0,       0,       0,       0,       0,       0,       0,       0,       0,       0,       0,       0,       0,       0,       0,   -4833,      39,     106,   -1692,    1637,   -1350,     766,     103,     401,    1972,    -746,   -4972,   -4836,   -4821,       3,     -12,  100.0,   14.1,   26.1,    7.7,   44.1,    1.3,   56.2,    6.2,    4.4,   14.3,   16.1,    1.8,   99.9,  100.0,    0.1,    0.0,  100.0,   14.1,   26.1,    7.7,   44.1,    1.3,   56.2,    6.2,    4.4,   14.3,   16.1,    1.8,   99.9,  100.0,    0.1,    0.0,  100.0,    0.0,    0.0,    0.0,    0.0,    0.0,    0.0,    0.0,    0.0,    0.0,    0.0,    0.0,    0.0,    0.0,    0.0,    0.0,    146,     24,     21,      5,     12,      5,     46,      6,      6,     27,     14,      8,    111,     64,    146,     24,     21,      5,     12,      5,     46,      6,      6,     27,     14,      8,    111,     64,      0,      0,      0,      0,      0,      0,      0,      0,      0,      0,      0,      0,      0,      0,    39.4,    22.8,    53.4,    40.8,    37.7,    21.8,    49.2,    39.5,    39.4,    22.8,    53.4,    40.8,    37.7,    21.8,    49.2,    39.5,     0.0,     0.0,     0.0,     0.0,     0.0,     0.0,     0.0,     0.0,"1,000 California carbon allowances",0063EE,IFED,006 ,N60,FutOnly
CALIF CARBON ALL VINTAGE 2027 - ICE FUTURES ENERGY DIV,260901,2026-09-01,0063EI,IFED,01,006 ,   34529,   15330,    2433,    2675,   23264,      69,    2844,    1662,     405,   12848,    6335,     350,   34521,   34518,       8,      11,   34529,   15330,    2433,    2675,   23264,      69,    2844,    1662,     405,   12848,    6335,     350,   34521,   34518,       8,      11,       0,       0,       0,       0,       0,       0,       0,       0,       0,       0,       0,       0,       0,       0,       0,       0,    2692,    -482,     100,     540,     388,       0,     930,       0,       0,    1704,    2203,       0,    2692,    2691,       0,       1,  100.0,   44.4,    7.0,    7.7,   67.4,    0.2,    8.2,    4.8,    1.2,   37.2,   18.3,    1.0,  100.0,  100.0,    0.0,    0.0,  100.0,   44.4,    7.0,    7.7,   67.4,    0.2,    8.2,    4.8,    1.2,   37.2,   18.3,    1.0,  100.0,  100.0,    0.0,    0.0,  100.0,    0.0,    0.0,    0.0,    0.0,    0.0,    0.0,    0.0,    0.0,    0.0,    0.0,    0.0,    0.0,    0.0,    0.0,    0.0,     41,      8,      4,.,      8,.,      6,.,.,     10,.,.,     27,     17,     41,      8,      4,.,      8,.,      6,.,.,     10,.,.,     27,     17,      0,      0,      0,      0,      0,      0,      0,      0,      0,      0,      0,      0,      0,      0,    59.4,    74.7,    77.5,    93.0,    59.4,    74.6,    76.5,    91.9,    59.4,    74.7,    77.5,    93.0,    59.4,    74.6,    76.5,    91.9,     0.0,     0.0,     0.0,     0.0,     0.0,     0.0,     0.0,     0.0,"1,000 California carbon allowances",0063EI,IFED,006 ,N60,FutOnly
CALIF CARBON ALLOWANCE V2026 - NODAL EXCHANGE,260901,2026-09-01,0063EL,NODX,01,006 ,    7114,    2617,     655,      10,     732,     250,     800,    1316,     500,    2647,    3373,       0,    6824,    6826,     290,     288,    7114,    2617,     655,      10,     732,     250,     800,    1316,     500,    2647,    3373,       0,    6824,    6826,     290,     288,       0,       0,       0,       0,       0,       0,       0,       0,       0,       0,       0,       0,       0,       0,       0,       0,     953,      19,      50,    -200,      20,     250,       0,       0,     500,     150,    -104,       0,     719,     716,     234,     237,  100.0,   36.8,    9.2,    0.1,   10.3,    3.5,   11.2,   18.5,    7.0,   37.2,   47.4,    0.0,   95.9,   96.0,    4.1,    4.0,  100.0,   36.8,    9.2,    0.1,   10.3,    3.5,   11.2,   18.5,    7.0,   37.2,   47.4,    0.0,   95.9,   96.0,    4.1,    4.0,  100.0,    0.0,    0.0,    0.0,    0.0,    0.0,    0.0,    0.0,    0.0,    0.0,    0.0,    0.0,    0.0,    0.0,    0.0,    0.0,     28,      7,      4,.,      5,.,.,.,.,      4,      4,      0,     15,     17,     28,      7,      4,.,      5,.,.,.,.,      4,      4,      0,     15,     17,      0,      0,      0,      0,      0,      0,      0,      0,      0,      0,      0,      0,      0,      0,    72.9,    66.4,    90.4,    83.8,    68.7,    65.5,    81.1,    78.0,    72.9,    66.4,    90.4,    83.8,    68.7,    65.5,    81.1,    78.0,     0.0,     0.0,     0.0,     0.0,     0.0,     0.0,     0.0,     0.0,"(1,000 California carbon allowances)",0063EL,NODX,006 ,N60,FutOnly
RGGI V2026 - ICE FUTURES ENERGY DIV,260901,2026-09-01,0063EM,IFED,01,006 ,   56860,   23652,   43981,   15966,    3840,     664,    8268,     871,    2418,    4644,    3868,    1163,   56775,   56805,      85,      55,   56860,   23652,   43981,   15966,    3840,     664,    8268,     871,    2418,    4644,    3868,    1163,   56775,   56805,      85,      55,       0,       0,       0,       0,       0,       0,       0,       0,       0,       0,       0,       0,       0,       0,       0,       0,   -2000,   -1546,    -386,    -166,   -1839,     -50,    -559,    -141,     377,       2,      69,     -66,   -2008,   -2036,       8,      36,  100.0,   41.6,   77.3,   28.1,    6.8,    1.2,   14.5,    1.5,    4.3,    8.2,    6.8,    2.0,   99.9,   99.9,    0.1,    0.1,  100.0,   41.6,   77.3,   28.1,    6.8,    1.2,   14.5,    1.5,    4.3,    8.2,    6.8,    2.0,   99.9,   99.9,    0.1,    0.1,  100.0,    0.0,    0.0,    0.0,    0.0,    0.0,    0.0,    0.0,    0.0,    0.0,    0.0,    0.0,    0.0,    0.0,    0.0,    0.0,     67,     13,      9,      4,      4,      5,     14,      7,      7,     11,      8,      4,     51,     35,     67,     13,      9,      4,      4,      5,     14,      7,      7,     11,      8,      4,     51,     35,      0,      0,      0,      0,      0,      0,      0,      0,      0,      0,      0,      0,      0,      0,    52.9,    83.6,    71.4,    91.6,    52.5,    82.6,    68.5,    86.4,    52.9,    83.6,    71.4,    91.6,    52.5,    82.6,    68.5,    86.4,     0.0,     0.0,     0.0,     0.0,     0.0,     0.0,     0.0,     0.0,"1,000 RGGI CO2 Allowances",0063EM,IFED,006 ,N60,FutOnly
RGGI V2027 - ICE FUTURES ENERGY DIV,260901,2026-09-01,0063F6,IFED,01,006 ,   23731,   14646,    2902,    3718,    3452,     250,       0,   13063,    1948,    2063,     994,    1091,   23716,   23700,      15,      31,   23731,   14646,    2902,    3718,    3452,     250,       0,   13063,    1948,    2063,     994,    1091,   23716,   23700,      15,      31,       0,       0,       0,       0,       0,       0,       0,       0,       0,       0,       0,       0,       0,       0,       0,       0,     298,     219,    -132,      77,     248,       0,       0,     -17,      -1,    -169,      34,     172,     298,     304,       0,      -6,  100.0,   61.7,   12.2,   15.7,   14.5,    1.1,    0.0,   55.0,    8.2,    8.7,    4.2,    4.6,   99.9,   99.9,    0.1,    0.1,  100.0,   61.7,   12.2,   15.7,   14.5,    1.1,    0.0,   55.0,    8.2,    8.7,    4.2,    4.6,   99.9,   99.9,    0.1,    0.1,  100.0,    0.0,    0.0,    0.0,    0.0,    0.0,    0.0,    0.0,    0.0,    0.0,    0.0,    0.0,    0.0,    0.0,    0.0,    0.0,     37,      7,     10,      5,.,.,      0,      8,.,      5,      4,.,     18,     26,     37,      7,     10,      5,.,.,      0,      8,.,      5,      4,.,     18,     26,      0,      0,      0,      0,      0,      0,      0,      0,      0,      0,      0,      0,      0,      0,    65.7,    62.6,    88.2,    85.5,    64.0,    54.4,    76.2,    75.4,    65.7,    62.6,    88.2,    85.5,    64.0,    54.4,    76.2,    75.4,     0.0,     0.0,     0.0,     0.0,     0.0,     0.0,     0.0,     0.0,"(1,000 RGGI CO2 Allowances)",0063F6,IFED,006 ,N60,FutOnly
TX REC CRS V26 BACK HALF - NODAL EXCHANGE,260901,2026-09-01,006NHT,NODX,01,006 ,    8645,    8111,    2624,     300,     435,       0,       0,       0,       0,      75,    5415,       0,    8486,    8474,     159,     171,    8645,    8111,    2624,     300,     435,       0,       0,       0,       0,      75,    5415,       0,    8486,    8474,     159,     171,       0,       0,       0,       0,       0,       0,       0,       0,       0,       0,       0,       0,       0,       0,       0,       0,       0,       0,       0,       0,       0,       0,       0,       0,       0,       0,       0,       0,       0,       0,       0,       0,  100.0,   93.8,   30.4,    3.5,    5.0,    0.0,    0.0,    0.0,    0.0,    0.9,   62.6,    0.0,   98.2,   98.0,    1.8,    2.0,  100.0,   93.8,   30.4,    3.5,    5.0,    0.0,    0.0,    0.0,    0.0,    0.9,   62.6,    0.0,   98.2,   98.0,    1.8,    2.0,  100.0,    0.0,    0.0,    0.0,    0.0,    0.0,    0.0,    0.0,    0.0,    0.0,    0.0,    0.0,    0.0,    0.0,    0.0,    0.0,     29,     13,      7,.,.,      0,      0,      0,      0,.,      6,      0,     15,     14,     29,     13,      7,.,.,      0,      0,      0,      0,.,      6,      0,     15,     14,      0,      0,      0,      0,      0,      0,      0,      0,      0,      0,      0,      0,      0,      0,    62.5,    65.8,    87.4,    89.0,    62.5,    65.8,    87.4,    89.0,    62.5,    65.8,    87.4,    89.0,    62.5,    65.8,    87.4,    89.0,     0.0,     0.0,     0.0,     0.0,     0.0,     0.0,     0.0,     0.0,1000 Texas RECs,006NHT,NODX,006 ,N60,FutOnly
TX REC CRS V27 BACK HALF - NODAL EXCHANGE,260901,2026-09-01,006NHU,NODX,01,006 ,    6665,    5714,    1902,       0,     400,       0,       0,       0,       0,     651,    4063,       0,    6365,    6365,     300,     300,    6665,    5714,    1902,       0,     400,       0,       0,       0,       0,     651,    4063,       0,    6365,    6365,     300,     300,       0,       0,       0,       0,       0,       0,       0,       0,       0,       0,       0,       0,       0,       0,       0,       0,       0,       0,       0,       0,       0,       0,       0,       0,       0,       0,       0,       0,       0,       0,       0,       0,  100.0,   85.7,   28.5,    0.0,    6.0,    0.0,    0.0,    0.0,    0.0,    9.8,   61.0,    0.0,   95.5,   95.5,    4.5,    4.5,  100.0,   85.7,   28.5,    0.0,    6.0,    0.0,    0.0,    0.0,    0.0,    9.8,   61.0,    0.0,   95.5,   95.5,    4.5,    4.5,  100.0,    0.0,    0.0,    0.0,    0.0,    0.0,    0.0,    0.0,    0.0,    0.0,    0.0,    0.0,    0.0,    0.0,    0.0,    0.0,     31,     13,      6,      0,.,      0,      0,      0,      0,      6,      4,      0,     19,     12,     31,     13,      6,      0,.,      0,      0,      0,      0,      6,      4,      0,     19,     12,      0,      0,      0,      0,      0,      0,      0,      0,      0,      0,      0,      0,      0,      0,    62.5,    73.7,    84.0,    92.5,    62.5,    73.7,    84.0,    92.5,    62.5,    73.7,    84.0,    92.5,    62.5,    73.7,    84.0,    92.5,     0.0,     0.0,     0.0,     0.0,     0.0,     0.0,     0.0,     0.0,1000 Texas RECs,006NHU,NODX,006 ,N60,FutOnly
TX REC CRS V28 BACK HALF - NODAL EXCHANGE,260901,2026-09-01,006NHV,NODX,01,006 ,    4961,    3492,    1546,      25,     412,       0,     164,       0,       0,     532,    2240,     441,    4654,    4639,     307,     322,    4961,    3492,    1546,      25,     412,       0,     164,       0,       0,     532,    2240,     441,    4654,    4639,     307,     322,       0,       0,       0,       0,       0,       0,       0,       0,       0,       0,       0,       0,       0,       0,       0,       0,       0,       0,       0,       0,       0,       0,       0,       0,       0,       0,       0,       0,       0,       0,       0,       0,  100.0,   70.4,   31.2,    0.5,    8.3,    0.0,    3.3,    0.0,    0.0,   10.7,   45.2,    8.9,   93.8,   93.5,    6.2,    6.5,  100.0,   70.4,   31.2,    0.5,    8.3,    0.0,    3.3,    0.0,    0.0,   10.7,   45.2,    8.9,   93.8,   93.5,    6.2,    6.5,  100.0,    0.0,    0.0,    0.0,    0.0,    0.0,    0.0,    0.0,    0.0,    0.0,    0.0,    0.0,    0.0,    0.0,    0.0,    0.0,     31,     13,      6,.,.,      0,.,      0,      0,      5,      4,.,     20,     12,     31,     13,      6,.,.,      0,.,      0,      0,      5,      4,.,     20,     12,      0,      0,      0,      0,      0,      0,      0,      0,      0,      0,      0,      0,      0,      0,    49.7,    71.3,    75.1,    86.6,    42.8,    67.2,    66.2,    80.7,    49.7,    71.3,    75.1,    86.6,    42.8,    67.2,    66.2,    80.7,     0.0,     0.0,     0.0,     0.0,     0.0,     0.0,     0.0,     0.0,1000 Texas RECs,006NHV,NODX,006 ,N60,FutOnly
TX REC CRS V29 BACK HALF - NODAL EXCHANGE,260901,2026-09-01,006NHW,NODX,01,006 ,    4310,    3727,    1336,       0,     587,       0,       0,       0,       0,     481,    2285,       0,    4208,    4208,     102,     102,    4310,    3727,    1336,       0,     587,       0,       0,       0,       0,     481,    2285,       0,    4208,    4208,     102,     102,       0,       0,       0,       0,       0,       0,       0,       0,       0,       0,       0,       0,       0,       0,       0,       0,    -100,      50,     -50,       0,       0,       0,       0,       0,       0,    -150,     -50,       0,    -100,    -100,       0,       0,  100.0,   86.5,   31.0,    0.0,   13.6,    0.0,    0.0,    0.0,    0.0,   11.2,   53.0,    0.0,   97.6,   97.6,    2.4,    2.4,  100.0,   86.5,   31.0,    0.0,   13.6,    0.0,    0.0,    0.0,    0.0,   11.2,   53.0,    0.0,   97.6,   97.6,    2.4,    2.4,  100.0,    0.0,    0.0,    0.0,    0.0,    0.0,    0.0,    0.0,    0.0,    0.0,    0.0,    0.0,    0.0,    0.0,    0.0,    0.0,     31,     14,      5,      0,.,      0,      0,      0,      0,      5,      4,      0,     19,     12,     31,     14,      5,      0,.,      0,      0,      0,      0,      5,      4,      0,     19,     12,      0,      0,      0,      0,      0,      0,      0,      0,      0,      0,      0,      0,      0,      0,    62.0,    78.9,    81.5,    92.8,    62.0,    78.9,    81.5,    92.8,    62.0,    78.9,    81.5,    92.8,    62.0,    78.9,    81.5,    92.8,     0.0,     0.0,     0.0,     0.0,     0.0,     0.0,     0.0,     0.0,1000 Texas RECs,006NHW,NODX,006 ,N60,FutOnly
TX REC CRS V30 BACK HALF - NODAL EXCHANGE,260901,2026-09-01,006NHX,NODX,01,006 ,    4163,    3627,    1368,       0,     275,       0,       0,       0,       0,     395,    2367,       0,    4022,    4010,     141,     153,    4163,    3627,    1368,       0,     275,       0,       0,       0,       0,     395,    2367,       0,    4022,    4010,     141,     153,       0,       0,       0,       0,       0,       0,       0,       0,       0,       0,       0,       0,       0,       0,       0,       0,      50,     -50,      50,       0,       0,       0,       0,       0,       0,     100,       0,       0,      50,      50,       0,       0,  100.0,   87.1,   32.9,    0.0,    6.6,    0.0,    0.0,    0.0,    0.0,    9.5,   56.9,    0.0,   96.6,   96.3,    3.4,    3.7,  100.0,   87.1,   32.9,    0.0,    6.6,    0.0,    0.0,    0.0,    0.0,    9.5,   56.9,    0.0,   96.6,   96.3,    3.4,    3.7,  100.0,    0.0,    0.0,    0.0,    0.0,    0.0,    0.0,    0.0,    0.0,    0.0,    0.0,    0.0,    0.0,    0.0,    0.0,    0.0,     28,     11,      8,      0,.,      0,      0,      0,      0,      4,      5,      0,     15,     15,     28,     11,      8,      0,.,      0,      0,      0,      0,      4,      5,      0,     15,     15,      0,      0,      0,      0,      0,      0,      0,      0,      0,      0,      0,      0,      0,      0,    75.4,    74.3,    88.6,    90.2,    74.8,    74.3,    87.9,    90.2,    75.4,    74.3,    88.6,    90.2,    74.8,    74.3,    87.9,    90.2,     0.0,     0.0,     0.0,     0.0,     0.0,     0.0,     0.0,     0.0,"(1,000 MWh representing 1,000 Texas RECs)",006NHX,NODX,006 ,N60,FutOnly
TX REC CRS V26 FRONT HALF - NODAL EXCHANGE,260901,2026-09-01,006NHY,NODX,01,006 ,    8043,    7446,    3546,       0,     685,       0,       0,       0,       0,     266,    3482,       0,    7712,    7713,     331,     330,    8043,    7446,    3546,       0,     685,       0,       0,       0,       0,     266,    3482,       0,    7712,    7713,     331,     330,       0,       0,       0,       0,       0,       0,       0,       0,       0,       0,       0,       0,       0,       0,       0,       0,     -62,       0,       0,       0,     -62,       0,       0,       0,       0,     -62,       0,       0,     -62,     -62,       0,       0,  100.0,   92.6,   44.1,    0.0,    8.5,    0.0,    0.0,    0.0,    0.0,    3.3,   43.3,    0.0,   95.9,   95.9,    4.1,    4.1,  100.0,   92.6,   44.1,    0.0,    8.5,    0.0,    0.0,    0.0,    0.0,    3.3,   43.3,    0.0,   95.9,   95.9,    4.1,    4.1,  100.0,    0.0,    0.0,    0.0,    0.0,    0.0,    0.0,    0.0,    0.0,    0.0,    0.0,    0.0,    0.0,    0.0,    0.0,    0.0,     30,     15,      5,      0,.,      0,      0,      0,      0,.,      5,      0,     18,     12,     30,     15,      5,      0,.,      0,      0,      0,      0,.,      5,      0,     18,     12,      0,      0,      0,      0,      0,      0,      0,      0,      0,      0,      0,      0,      0,      0,    64.8,    59.3,    82.2,    86.1,    64.8,    59.3,    82.2,    86.1,    64.8,    59.3,    82.2,    86.1,    64.8,    59.3,    82.2,    86.1,     0.0,     0.0,     0.0,     0.0,     0.0,     0.0,     0.0,     0.0,1000 Texas RECs,006NHY,NODX,006 ,N60,FutOnly
TX REC CRS V27 FRONT HALF - NODAL EXCHANGE,260901,2026-09-01,006NHZ,NODX,01,006 ,    7482,    5938,    3328,       0,     703,       0,       0,       0,       0,    1365,    3231,       0,    7303,    7262,     179,     220,    7482,    5938,    3328,       0,     703,       0,       0,       0,       0,    1365,    3231,       0,    7303,    7262,     179,     220,       0,       0,       0,       0,       0,       0,       0,       0,       0,       0,       0,       0,       0,       0,       0,       0,       0,       0,       0,       0,       0,       0,       0,       0,       0,       0,       0,       0,       0,       0,       0,       0,  100.0,   79.4,   44.5,    0.0,    9.4,    0.0,    0.0,    0.0,    0.0,   18.2,   43.2,    0.0,   97.6,   97.1,    2.4,    2.9,  100.0,   79.4,   44.5,    0.0,    9.4,    0.0,    0.0,    0.0,    0.0,   18.2,   43.2,    0.0,   97.6,   97.1,    2.4,    2.9,  100.0,    0.0,    0.0,    0.0,    0.0,    0.0,    0.0,    0.0,    0.0,    0.0,    0.0,    0.0,    0.0,    0.0,    0.0,    0.0,     32,     15,      6,      0,.,      0,      0,      0,      0,      7,.,      0,     22,     11,     32,     15,      6,      0,.,      0,      0,      0,      0,      7,.,      0,     22,     11,      0,      0,      0,      0,      0,      0,      0,      0,      0,      0,      0,      0,      0,      0,    58.5,    75.1,    76.7,    94.0,    58.5,    74.8,    76.7,    93.7,    58.5,    75.1,    76.7,    94.0,    58.5,    74.8,    76.7,    93.7,     0.0,     0.0,     0.0,     0.0,     0.0,     0.0,     0.0,     0.0,1000 Texas RECs,006NHZ,NODX,006 ,N60,FutOnly
TX REC CRS V28 FRONT HALF - NODAL EXCHANGE,260901,2026-09-01,006NJ1,NODX,01,006 ,    5949,    4990,    2042,       0,     538,       0,       0,       0,       0,     684,    3065,       0,    5674,    5645,     275,     304,    5949,    4990,    2042,       0,     538,       0,       0,       0,       0,     684,    3065,       0,    5674,    5645,     275,     304,       0,       0,       0,       0,       0,       0,       0,       0,       0,       0,       0,       0,       0,       0,       0,       0,       0,       0,       0,       0,       0,       0,       0,       0,       0,       0,       0,       0,       0,       0,       0,       0,  100.0,   83.9,   34.3,    0.0,    9.0,    0.0,    0.0,    0.0,    0.0,   11.5,   51.5,    0.0,   95.4,   94.9,    4.6,    5.1,  100.0,   83.9,   34.3,    0.0,    9.0,    0.0,    0.0,    0.0,    0.0,   11.5,   51.5,    0.0,   95.4,   94.9,    4.6,    5.1,  100.0,    0.0,    0.0,    0.0,    0.0,    0.0,    0.0,    0.0,    0.0,    0.0,    0.0,    0.0,    0.0,    0.0,    0.0,    0.0,     24,     10,      7,      0,.,      0,      0,      0,      0,.,      4,      0,     13,     12,     24,     10,      7,      0,.,      0,      0,      0,      0,.,      4,      0,     13,     12,      0,      0,      0,      0,      0,      0,      0,      0,      0,      0,      0,      0,      0,      0,    67.9,    71.0,    85.6,    90.4,    67.0,    71.0,    84.7,    90.4,    67.9,    71.0,    85.6,    90.4,    67.0,    71.0,    84.7,    90.4,     0.0,     0.0,     0.0,     0.0,     0.0,     0.0,     0.0,     0.0,1000 Texas RECs,006NJ1,NODX,006 ,N60,FutOnly
TX REC CRS V29 FRONT HALF - NODAL EXCHANGE,260901,2026-09-01,006NJ2,NODX,01,006 ,    5998,    4691,    2821,       0,     713,       0,       0,       0,       0,    1156,    2307,      33,    5880,    5874,     118,     124,    5998,    4691,    2821,       0,     713,       0,       0,       0,       0,    1156,    2307,      33,    5880,    5874,     118,     124,       0,       0,       0,       0,       0,       0,       0,       0,       0,       0,       0,       0,       0,       0,       0,       0,    -100,      50,     -50,       0,       0,       0,       0,       0,       0,    -108,      -8,     -42,    -100,    -100,       0,       0,  100.0,   78.2,   47.0,    0.0,   11.9,    0.0,    0.0,    0.0,    0.0,   19.3,   38.5,    0.6,   98.0,   97.9,    2.0,    2.1,  100.0,   78.2,   47.0,    0.0,   11.9,    0.0,    0.0,    0.0,    0.0,   19.3,   38.5,    0.6,   98.0,   97.9,    2.0,    2.1,  100.0,    0.0,    0.0,    0.0,    0.0,    0.0,    0.0,    0.0,    0.0,    0.0,    0.0,    0.0,    0.0,    0.0,    0.0,    0.0,     31,     12,      7,      0,.,      0,      0,      0,      0,      6,.,.,     18,     14,     31,     12,      7,      0,.,      0,      0,      0,      0,      6,.,.,     18,     14,      0,      0,      0,      0,      0,      0,      0,      0,      0,      0,      0,      0,      0,      0,    69.9,    84.3,    87.6,    93.3,    69.9,    84.3,    87.6,    93.3,    69.9,    84.3,    87.6,    93.3,    69.9,    84.3,    87.6,    93.3,     0.0,     0.0,     0.0,     0.0,     0.0,     0.0,     0.0,     0.0,1000 Texas RECs,006NJ2,NODX,006 ,N60,FutOnly
TX REC CRS V30 FRONT HALF - NODAL EXCHANGE,260901,2026-09-01,006NJ3,NODX,01,006 ,    3563,    2951,    1157,       0,     400,       0,       0,       0,       0,     458,    1826,       0,    3409,    3383,     154,     180,    3563,    2951,    1157,       0,     400,       0,       0,       0,       0,     458,    1826,       0,    3409,    3383,     154,     180,       0,       0,       0,       0,       0,       0,       0,       0,       0,       0,       0,       0,       0,       0,       0,       0,      50,     -50,      50,       0,       0,       0,       0,       0,       0,     122,       0,       0,      72,      50,     -22,       0,  100.0,   82.8,   32.5,    0.0,   11.2,    0.0,    0.0,    0.0,    0.0,   12.9,   51.2,    0.0,   95.7,   94.9,    4.3,    5.1,  100.0,   82.8,   32.5,    0.0,   11.2,    0.0,    0.0,    0.0,    0.0,   12.9,   51.2,    0.0,   95.7,   94.9,    4.3,    5.1,  100.0,    0.0,    0.0,    0.0,    0.0,    0.0,    0.0,    0.0,    0.0,    0.0,    0.0,    0.0,    0.0,    0.0,    0.0,    0.0,     26,     10,      8,      0,.,      0,      0,      0,      0,.,      6,      0,     13,     16,     26,     10,      8,      0,.,      0,      0,      0,      0,.,      6,      0,     13,     16,      0,      0,      0,      0,      0,      0,      0,      0,      0,      0,      0,      0,      0,      0,    70.6,    68.7,    86.3,    85.5,    68.3,    68.7,    84.1,    85.5,    70.6,    68.7,    86.3,    85.5,    68.3,    68.7,    84.1,    85.5,     0.0,     0.0,     0.0,     0.0,     0.0,     0.0,     0.0,     0.0,1000 Texas RECs,006NJ3,NODX,006 ,N60,FutOnly
TX REC CRS V31 BACK HALF - NODAL EXCHANGE,260901,2026-09-01,006NKH,NODX,01,006 ,    2247,    1711,     908,     262,      50,       0,       0,       0,       0,     174,    1174,       0,    2147,    2132,     100,     115,    2247,    1711,     908,     262,      50,       0,       0,       0,       0,     174,    1174,       0,    2147,    2132,     100,     115,       0,       0,       0,       0,       0,       0,       0,       0,       0,       0,       0,       0,       0,       0,       0,       0,       0,       0,       0,       0,       0,       0,       0,       0,       0,       0,       0,       0,       0,       0,       0,       0,  100.0,   76.1,   40.4,   11.7,    2.2,    0.0,    0.0,    0.0,    0.0,    7.7,   52.2,    0.0,   95.5,   94.9,    4.5,    5.1,  100.0,   76.1,   40.4,   11.7,    2.2,    0.0,    0.0,    0.0,    0.0,    7.7,   52.2,    0.0,   95.5,   94.9,    4.5,    5.1,  100.0,    0.0,    0.0,    0.0,    0.0,    0.0,    0.0,    0.0,    0.0,    0.0,    0.0,    0.0,    0.0,    0.0,    0.0,    0.0,     20,      7,      7,.,.,      0,      0,      0,      0,.,.,      0,     11,     11,     20,      7,      7,.,.,      0,      0,      0,      0,.,.,      0,     11,     11,      0,      0,      0,      0,      0,      0,      0,      0,      0,      0,      0,      0,      0,      0,    72.6,    78.1,    89.2,    91.4,    70.2,    78.1,    86.9,    91.4,    72.6,    78.1,    89.2,    91.4,    70.2,    78.1,    86.9,    91.4,     0.0,     0.0,     0.0,     0.0,     0.0,     0.0,     0.0,     0.0,1000 Texas RECs,006NKH,NODX,006 ,N60,FutOnly
TX REC CRS V31 FRONT HALF - NODAL EXCHANGE,260901,2026-09-01,006NKJ,NODX,01,006 ,    2296,    1486,     822,     200,     222,      63,       0,       0,       0,     423,    1089,       0,    2172,    2196,     124,     100,    2296,    1486,     822,     200,     222,      63,       0,       0,       0,     423,    1089,       0,    2172,    2196,     124,     100,       0,       0,       0,       0,       0,       0,       0,       0,       0,       0,       0,       0,       0,       0,       0,       0,       0,       0,       0,       0,       0,       0,       0,       0,       0,       0,       0,       0,       0,       0,       0,       0,  100.0,   64.7,   35.8,    8.7,    9.7,    2.7,    0.0,    0.0,    0.0,   18.4,   47.4,    0.0,   94.6,   95.6,    5.4,    4.4,  100.0,   64.7,   35.8,    8.7,    9.7,    2.7,    0.0,    0.0,    0.0,   18.4,   47.4,    0.0,   94.6,   95.6,    5.4,    4.4,  100.0,    0.0,    0.0,    0.0,    0.0,    0.0,    0.0,    0.0,    0.0,    0.0,    0.0,    0.0,    0.0,    0.0,    0.0,    0.0,     20,      8,      5,.,.,.,      0,      0,      0,.,.,      0,     13,      9,     20,      8,      5,.,.,.,      0,      0,      0,.,.,      0,     13,      9,      0,      0,      0,      0,      0,      0,      0,      0,      0,      0,      0,      0,      0,      0,    59.7,    78.1,    83.7,    94.5,    58.5,    78.1,    82.5,    91.7,    59.7,    78.1,    83.7,    94.5,    58.5,    78.1,    82.5,    91.7,     0.0,     0.0,     0.0,     0.0,     0.0,     0.0,     0.0,     0.0,1000 Texas RECs,006NKJ,NODX,006 ,N60,FutOnly
NEW JERSEY RECs CLASS 2 V2027 - NODAL EXCHANGE,260901,2026-09-01,006NMM,NODX,01,006 ,   10806,    5990,    1850,     321,    8606,       0,    1150,       0,       0,    3345,     350,       0,   10806,   10806,       0,       0,   10806,    5990,    1850,     321,    8606,       0,    1150,       0,       0,    3345,     350,       0,   10806,   10806,       0,       0,       0,       0,       0,       0,       0,       0,       0,       0,       0,       0,       0,       0,       0,       0,       0,       0,       0,       0,       0,       0,       0,       0,       0,       0,       0,       0,       0,       0,       0,       0,       0,       0,  100.0,   55.4,   17.1,    3.0,   79.6,    0.0,   10.6,    0.0,    0.0,   31.0,    3.2,    0.0,  100.0,  100.0,    0.0,    0.0,  100.0,   55.4,   17.1,    3.0,   79.6,    0.0,   10.6,    0.0,    0.0,   31.0,    3.2,    0.0,  100.0,  100.0,    0.0,    0.0,  100.0,    0.0,    0.0,    0.0,    0.0,    0.0,    0.0,    0.0,    0.0,    0.0,    0.0,    0.0,    0.0,    0.0,    0.0,    0.0,     24,     12,.,.,.,      0,.,      0,      0,      5,.,      0,     19,      5,     24,     12,.,.,.,      0,.,      0,      0,      5,.,      0,     19,      5,      0,      0,      0,      0,      0,      0,      0,      0,      0,      0,      0,      0,      0,      0,    54.8,    96.8,    81.7,   100.0,    54.8,    96.8,    81.7,   100.0,    54.8,    96.8,    81.7,   100.0,    54.8,    96.8,    81.7,   100.0,     0.0,     0.0,     0.0,     0.0,     0.0,     0.0,     0.0,     0.0,(100 MWh representing 100 NJ Class 2 RECs),006NMM,NODX,006 ,N60,FutOnly
PENNSYLVANIA AEC TIER 2-V2027 - NODAL EXCHANGE,260901,2026-09-01,006NMT,NODX,01,006 ,   26628,   18725,   14709,    1020,     500,       0,    2500,       0,       0,    4383,   11419,       0,   26628,   26628,       0,       0,   26628,   18725,   14709,    1020,     500,       0,    2500,       0,       0,    4383,   11419,       0,   26628,   26628,       0,       0,       0,       0,       0,       0,       0,       0,       0,       0,       0,       0,       0,       0,       0,       0,       0,       0,       0,       0,       0,       0,       0,       0,       0,       0,       0,       0,       0,       0,       0,       0,       0,       0,  100.0,   70.3,   55.2,    3.8,    1.9,    0.0,    9.4,    0.0,    0.0,   16.5,   42.9,    0.0,  100.0,  100.0,    0.0,    0.0,  100.0,   70.3,   55.2,    3.8,    1.9,    0.0,    9.4,    0.0,    0.0,   16.5,   42.9,    0.0,  100.0,  100.0,    0.0,    0.0,  100.0,    0.0,    0.0,    0.0,    0.0,    0.0,    0.0,    0.0,    0.0,    0.0,    0.0,    0.0,    0.0,    0.0,    0.0,    0.0,     30,     13,      6,.,.,      0,.,      0,      0,      4,      4,      0,     20,     11,     30,     13,      6,.,.,      0,.,      0,      0,      4,      4,      0,     20,     11,      0,      0,      0,      0,      0,      0,      0,      0,      0,      0,      0,      0,      0,      0,    50.7,    80.3,    76.0,    96.5,    50.7,    80.3,    76.0,    96.3,    50.7,    80.3,    76.0,    96.5,    50.7,    80.3,    76.0,    96.3,     0.0,     0.0,     0.0,     0.0,     0.0,     0.0,     0.0,     0.0,(100 MWh = 100 Tier 2  AECs),006NMT,NODX,006 ,N60,FutOnly
NEW JERSEY RECs CLASS 2 V2028 - NODAL EXCHANGE,260901,2026-09-01,006NMW,NODX,01,006 ,    4361,    2050,    2495,     201,       0,       0,     900,       0,       0,    1210,    1866,       0,    4361,    4361,       0,       0,    4361,    2050,    2495,     201,       0,       0,     900,       0,       0,    1210,    1866,       0,    4361,    4361,       0,       0,       0,       0,       0,       0,       0,       0,       0,       0,       0,       0,       0,       0,       0,       0,       0,       0,       0,       0,       0,       0,       0,       0,       0,       0,       0,       0,       0,       0,       0,       0,       0,       0,  100.0,   47.0,   57.2,    4.6,    0.0,    0.0,   20.6,    0.0,    0.0,   27.7,   42.8,    0.0,  100.0,  100.0,    0.0,    0.0,  100.0,   47.0,   57.2,    4.6,    0.0,    0.0,   20.6,    0.0,    0.0,   27.7,   42.8,    0.0,  100.0,  100.0,    0.0,    0.0,  100.0,    0.0,    0.0,    0.0,    0.0,    0.0,    0.0,    0.0,    0.0,    0.0,    0.0,    0.0,    0.0,    0.0,    0.0,    0.0,     21,      8,      5,.,      0,      0,.,      0,      0,      4,.,      0,     14,      7,     21,      8,      5,.,      0,      0,.,      0,      0,      4,.,      0,     14,      7,      0,      0,      0,      0,      0,      0,      0,      0,      0,      0,      0,      0,      0,      0,    61.9,    89.7,    88.3,   100.0,    61.9,    89.7,    88.3,   100.0,    61.9,    89.7,    88.3,   100.0,    61.9,    89.7,    88.3,   100.0,     0.0,     0.0,     0.0,     0.0,     0.0,     0.0,     0.0,     0.0,100 MWh representing 100 NJ Class 2 RECs,006NMW,NODX,006 ,N60,FutOnly
PENNSYLVANIA AEC TIER 2-V2028 - NODAL EXCHANGE,260901,2026-09-01,006NMX,NODX,01,006 ,   20730,   16565,   12956,     550,       0,       0,     550,       0,       0,    3065,    7774,       0,   20730,   20730,       0,       0,   20730,   16565,   12956,     550,       0,       0,     550,       0,       0,    3065,    7774,       0,   20730,   20730,       0,       0,       0,       0,       0,       0,       0,       0,       0,       0,       0,       0,       0,       0,       0,       0,       0,       0,       0,       0,       0,       0,       0,       0,       0,       0,       0,       0,       0,       0,       0,       0,       0,       0,  100.0,   79.9,   62.5,    2.7,    0.0,    0.0,    2.7,    0.0,    0.0,   14.8,   37.5,    0.0,  100.0,  100.0,    0.0,    0.0,  100.0,   79.9,   62.5,    2.7,    0.0,    0.0,    2.7,    0.0,    0.0,   14.8,   37.5,    0.0,  100.0,  100.0,    0.0,    0.0,  100.0,    0.0,    0.0,    0.0,    0.0,    0.0,    0.0,    0.0,    0.0,    0.0,    0.0,    0.0,    0.0,    0.0,    0.0,    0.0,     27,     13,      4,.,      0,      0,.,      0,      0,      5,.,      0,     21,      6,     27,     13,      4,.,      0,      0,.,      0,      0,      5,.,      0,     21,      6,      0,      0,      0,      0,      0,      0,      0,      0,      0,      0,      0,      0,      0,      0,    55.3,    97.7,    76.7,   100.0,    55.3,    97.7,    76.7,   100.0,    55.3,    97.7,    76.7,   100.0,    55.3,    97.7,    76.7,   100.0,     0.0,     0.0,     0.0,     0.0,     0.0,     0.0,     0.0,     0.0,(100 MWh = 100 Tier 2  AECs),006NMX,NODX,006 ,N60,FutOnly
CALIF CARBON VINTAGE SPEC 2029 - ICE FUTURES ENERGY DIV,260901,2026-09-01,006WCA,IFED,01,006 ,    7585,       0,    2785,    1831,    1544,    1221,    4222,     492,      51,     260,    1492,       0,    7585,    7585,       0,       0,    7585,       0,    2785,    1831,    1544,    1221,    4222,     492,      51,     260,    1492,       0,    7585,    7585,       0,       0,       0,       0,       0,       0,       0,       0,       0,       0,       0,       0,       0,       0,       0,       0,       0,       0,.,.,.,.,.,.,.,.,.,.,.,.,.,.,.,.,  100.0,    0.0,   36.7,   24.1,   20.4,   16.1,   55.7,    6.5,    0.7,    3.4,   19.7,    0.0,  100.0,  100.0,    0.0,    0.0,  100.0,    0.0,   36.7,   24.1,   20.4,   16.1,   55.7,    6.5,    0.7,    3.4,   19.7,    0.0,  100.0,  100.0,    0.0,    0.0,  100.0,    0.0,    0.0,    0.0,    0.0,    0.0,    0.0,    0.0,    0.0,    0.0,    0.0,    0.0,    0.0,    0.0,    0.0,    0.0,     21,      0,      6,.,.,.,.,.,.,.,      5,      0,      7,     17,     21,      0,      6,.,.,.,.,.,.,.,      5,      0,      7,     17,      0,      0,      0,      0,      0,      0,      0,      0,      0,      0,      0,      0,      0,      0,    81.2,    63.7,   100.0,    81.6,    77.2,    53.4,    83.2,    68.8,    81.2,    63.7,   100.0,    81.6,    77.2,    53.4,    83.2,    68.8,     0.0,     0.0,     0.0,     0.0,     0.0,     0.0,     0.0,     0.0,"(1,000 California Carbon Allowances)",006WCA,IFED,006 ,N60,FutOnly
SOYBEAN OIL - CHICAGO BOARD OF TRADE,260901,2026-09-01,007601,CBT ,00,007 ,  609008,  174682,  399109,   93542,    9143,   17936,  124046,   24223,   75398,   43269,   16543,   44654,  573527,  587006,   35481,   22002,  599923,  172736,  393840,   94181,    9483,   16677,  122744,   24627,   74807,   43362,   19039,   40482,  564989,  578955,   34934,   20968,    9085,    1946,    5269,     615,     914,       5,    1886,     180,       7,    2808,     405,    1271,    8538,    8051,     547,    1034,   11937,   -6326,   18709,   -1472,      47,     338,    9798,   -4909,   -1662,    7228,      -8,     114,    8018,   12629,    3919,    -692,  100.0,   28.7,   65.5,   15.4,    1.5,    2.9,   20.4,    4.0,   12.4,    7.1,    2.7,    7.3,   94.2,   96.4,    5.8,    3.6,  100.0,   28.8,   65.6,   15.7,    1.6,    2.8,   20.5,    4.1,   12.5,    7.2,    3.2,    6.7,   94.2,   96.5,    5.8,    3.5,  100.0,   21.4,   58.0,    6.8,   10.1,    0.1,   20.8,    2.0,    0.1,   30.9,    4.5,   14.0,   94.0,   88.6,    6.0,   11.4,    331,     68,     86,     23,      9,     16,     86,     22,     53,     50,     30,     43,    267,    226,    331,     68,     86,     23,      9,     16,     85,     23,     53,     50,     32,     42,    266,    226,     64,     14,     15,      8,.,.,      7,      6,.,     10,      6,      6,     43,     33,    12.4,    27.5,    20.0,    40.1,     7.4,    22.6,    12.3,    31.8,    12.6,    27.6,    20.1,    40.3,     7.5,    22.8,    12.5,    31.9,    41.8,    38.5,    61.7,    60.2,    35.2,    37.3,    53.6,    53.1,"(CONTRACTS OF 60,000 POUNDS)",007601,CBT ,007 ,A30,FutOnly
USGC HSFO (PLATTS) - ICE FUTURES ENERGY DIV,260901,2026-09-01,02141B,IFED,01,021 ,   34677,   17609,   31587,    2343,     505,     133,       0,       0,     147,   12613,     272,    1800,   34645,   34444,      32,     233,   34677,   17609,   31587,    2343,     505,     133,       0,       0,     147,   12613,     272,    1800,   34645,   34444,      32,     233,       0,       0,       0,       0,       0,       0,       0,       0,       0,       0,       0,       0,       0,       0,       0,       0,    2060,    1467,    2085,     229,      36,     -50,     -25,       0,      25,     761,     205,    -329,    2078,    1972,     -18,      88,  100.0,   50.8,   91.1,    6.8,    1.5,    0.4,    0.0,    0.0,    0.4,   36.4,    0.8,    5.2,   99.9,   99.3,    0.1,    0.7,  100.0,   50.8,   91.1,    6.8,    1.5,    0.4,    0.0,    0.0,    0.4,   36.4,    0.8,    5.2,   99.9,   99.3,    0.1,    0.7,  100.0,    0.0,    0.0,    0.0,    0.0,    0.0,    0.0,    0.0,    0.0,    0.0,    0.0,    0.0,    0.0,    0.0,    0.0,    0.0,     60,     24,     38,      4,      4,.,      0,      0,.,      9,.,      7,     42,     51,     60,     24,     38,      4,      4,.,      0,      0,.,      9,.,      7,     42,     51,      0,      0,      0,      0,      0,      0,      0,      0,      0,      0,      0,      0,      0,      0,    46.3,    31.0,    68.4,    53.4,    36.6,    19.8,    45.5,    33.0,    46.3,    31.0,    68.4,    53.4,    36.6,    19.8,    45.5,    33.0,     0.0,     0.0,     0.0,     0.0,     0.0,     0.0,     0.0,     0.0,(1000 barrels),02141B,IFED,021 ,N10,FutOnly
FUEL OIL-3% USGC/3.5% FOB RDAM - ICE FUTURES ENERGY DIV,260901,2026-09-01,02141C,IFED,01,021 ,   20561,   12313,    8120,    4306,    1068,     135,       0,    2760,       0,    1328,    6351,    2109,   20191,   20543,     370,      18,   20561,   12313,    8120,    4306,    1068,     135,       0,    2760,       0,    1328,    6351,    2109,   20191,   20543,     370,      18,       0,       0,       0,       0,       0,       0,       0,       0,       0,       0,       0,       0,       0,       0,       0,       0,    -330,    -623,     295,       0,     -50,       0,       0,       0,       0,       0,    -510,     -70,    -693,    -335,     363,       5,  100.0,   59.9,   39.5,   20.9,    5.2,    0.7,    0.0,   13.4,    0.0,    6.5,   30.9,   10.3,   98.2,   99.9,    1.8,    0.1,  100.0,   59.9,   39.5,   20.9,    5.2,    0.7,    0.0,   13.4,    0.0,    6.5,   30.9,   10.3,   98.2,   99.9,    1.8,    0.1,  100.0,    0.0,    0.0,    0.0,    0.0,    0.0,    0.0,    0.0,    0.0,    0.0,    0.0,    0.0,    0.0,    0.0,    0.0,    0.0,     43,     21,     17,      4,.,.,      0,.,      0,.,      7,      4,     30,     29,     43,     21,     17,      4,.,.,      0,.,      0,.,      7,      4,     30,     29,      0,      0,      0,      0,      0,      0,      0,      0,      0,      0,      0,      0,      0,      0,    38.8,    60.3,    65.7,    79.5,    36.4,    48.7,    52.1,    62.2,    38.8,    60.3,    65.7,    79.5,    36.4,    48.7,    52.1,    62.2,     0.0,     0.0,     0.0,     0.0,     0.0,     0.0,     0.0,     0.0,(1000 barrels),02141C,IFED,021 ,N10,FutOnly
USGC HSFO-PLATTS/BRENT 1ST LN  - ICE FUTURES ENERGY DIV,260901,2026-09-01,02141R,IFED,01,021 ,   17043,   13192,    6933,     313,    2150,       0,       0,       0,       0,    1295,    5747,    2087,   16887,   16917,     156,     126,   17043,   13192,    6933,     313,    2150,       0,       0,       0,       0,    1295,    5747,    2087,   16887,   16917,     156,     126,       0,       0,       0,       0,       0,       0,       0,       0,       0,       0,       0,       0,       0,       0,       0,       0,     864,    1129,    -563,      15,     277,       0,       0,       0,       0,    -720,     801,     349,     773,     864,      91,       0,  100.0,   77.4,   40.7,    1.8,   12.6,    0.0,    0.0,    0.0,    0.0,    7.6,   33.7,   12.2,   99.1,   99.3,    0.9,    0.7,  100.0,   77.4,   40.7,    1.8,   12.6,    0.0,    0.0,    0.0,    0.0,    7.6,   33.7,   12.2,   99.1,   99.3,    0.9,    0.7,  100.0,    0.0,    0.0,    0.0,    0.0,    0.0,    0.0,    0.0,    0.0,    0.0,    0.0,    0.0,    0.0,    0.0,    0.0,    0.0,     44,     26,     16,.,.,      0,      0,      0,      0,.,      7,      5,     35,     26,     44,     26,     16,.,.,      0,      0,      0,      0,.,      7,      5,     35,     26,      0,      0,      0,      0,      0,      0,      0,      0,      0,      0,      0,      0,      0,      0,    64.4,    57.3,    79.1,    79.8,    53.5,    55.6,    67.4,    68.0,    64.4,    57.3,    79.1,    79.8,    53.5,    55.6,    67.4,    68.0,     0.0,     0.0,     0.0,     0.0,     0.0,     0.0,     0.0,     0.0,(1000 Barrels),02141R,IFED,021 ,N10,FutOnly
NY HARBOR ULSD - NEW YORK MERCANTILE EXCHANGE,260901,2026-09-01,022651,NYME,01,022 ,  265540,   49928,  136479,   56017,    7196,   10456,   40889,   20545,   18369,    8725,   14990,   30784,  215168,  238819,   50372,   26721,  265540,   49928,  136479,   56017,    7196,   10456,   40889,   20545,   18369,    8725,   14990,   30784,  215168,  238819,   50372,   26721,       0,       0,       0,       0,       0,       0,       0,       0,       0,       0,       0,       0,       0,       0,       0,       0,   -5729,   -4470,   -2106,    -874,     396,    -437,    1725,   -1978,    -688,   -1043,    1061,    -190,   -5977,   -3942,     248,   -1787,  100.0,   18.8,   51.4,   21.1,    2.7,    3.9,   15.4,    7.7,    6.9,    3.3,    5.6,   11.6,   81.0,   89.9,   19.0,   10.1,  100.0,   18.8,   51.4,   21.1,    2.7,    3.9,   15.4,    7.7,    6.9,    3.3,    5.6,   11.6,   81.0,   89.9,   19.0,   10.1,  100.0,    0.0,    0.0,    0.0,    0.0,    0.0,    0.0,    0.0,    0.0,    0.0,    0.0,    0.0,    0.0,    0.0,    0.0,    0.0,    170,     46,     61,     16,      7,     15,     36,     11,     28,     16,     15,     23,    145,    135,    170,     46,     61,     16,      7,     15,     36,     11,     28,     16,     15,     23,    145,    135,      0,      0,      0,      0,      0,      0,      0,      0,      0,      0,      0,      0,      0,      0,    14.1,    16.7,    22.6,    28.0,    11.9,    15.1,    18.3,    21.4,    14.1,    16.7,    22.6,    28.0,    11.9,    15.1,    18.3,    21.4,     0.0,     0.0,     0.0,     0.0,     0.0,     0.0,     0.0,     0.0,"(CONTRACTS OF 42,000 U.S. GALLONS)",022651,NYME,022 ,N10,FutOnly
UP DOWN GC ULSD VS HO SPR - NEW YORK MERCANTILE EXCHANGE,260901,2026-09-01,022A13,NYME,01,022 ,   36703,   20479,   21299,       0,    7870,     719,       0,     412,     921,     860,       0,     396,   23375,   31617,   13328,    5086,   36703,   20479,   21299,       0,    7870,     719,       0,     412,     921,     860,       0,     396,   23375,   31617,   13328,    5086,       0,       0,       0,       0,       0,       0,       0,       0,       0,       0,       0,       0,       0,       0,       0,       0,    1962,    1415,    1884,       0,    -438,       0,       0,     130,    -105,     325,       0,    -325,    1310,    1146,     652,     816,  100.0,   55.8,   58.0,    0.0,   21.4,    2.0,    0.0,    1.1,    2.5,    2.3,    0.0,    1.1,   63.7,   86.1,   36.3,   13.9,  100.0,   55.8,   58.0,    0.0,   21.4,    2.0,    0.0,    1.1,    2.5,    2.3,    0.0,    1.1,   63.7,   86.1,   36.3,   13.9,  100.0,    0.0,    0.0,    0.0,    0.0,    0.0,    0.0,    0.0,    0.0,    0.0,    0.0,    0.0,    0.0,    0.0,    0.0,    0.0,     27,     19,     13,      0,.,.,      0,.,.,.,      0,.,     22,     17,     27,     19,     13,      0,.,.,      0,.,.,.,      0,.,     22,     17,      0,      0,      0,      0,      0,      0,      0,      0,      0,      0,      0,      0,      0,      0,    34.4,    66.0,    46.6,    76.6,    29.4,    64.9,    39.1,    69.6,    34.4,    66.0,    46.6,    76.6,    29.4,    64.9,    39.1,    69.6,     0.0,     0.0,     0.0,     0.0,     0.0,     0.0,     0.0,     0.0,"(CONTRACTS OF 42,000 GALLONS)",022A13,NYME,022 ,N10,FutOnly
NAT GAS ICE LD1 - ICE FUTURES ENERGY DIV,260901,2026-09-01,023391,IFED,01,023 , 7816562, 4265170, 2374536,  817404, 2870513,  354164,  632651,  471259,  921129,  211286,  226561,  575378, 7777182, 7793540,   39380,   23022, 7816562, 4265170, 2374536,  817404, 2870513,  354164,  632651,  471259,  921129,  211286,  226561,  575378, 7777182, 7793540,   39380,   23022,       0,       0,       0,       0,       0,       0,       0,       0,       0,       0,       0,       0,       0,       0,       0,       0, -344804, -241605,  -32868,  -18295, -159372,    -909,    6874,  -19066,  -66015,   33149,  -11486,  -57314, -344115, -347030,    -689,    2226,  100.0,   54.6,   30.4,   10.5,   36.7,    4.5,    8.1,    6.0,   11.8,    2.7,    2.9,    7.4,   99.5,   99.7,    0.5,    0.3,  100.0,   54.6,   30.4,   10.5,   36.7,    4.5,    8.1,    6.0,   11.8,    2.7,    2.9,    7.4,   99.5,   99.7,    0.5,    0.3,  100.0,    0.0,    0.0,    0.0,    0.0,    0.0,    0.0,    0.0,    0.0,    0.0,    0.0,    0.0,    0.0,    0.0,    0.0,    0.0,    273,    142,    111,     23,     20,     26,     15,     10,     24,     33,     20,     45,    255,    216,    273,    142,    111,     23,     20,     26,     15,     10,     24,     33,     20,     45,    255,    216,      0,      0,      0,      0,      0,      0,      0,      0,      0,      0,      0,      0,      0,      0,    21.8,    34.3,    34.4,    49.2,    17.1,    30.2,    27.9,    43.0,    21.8,    34.3,    34.4,    49.2,    17.1,    30.2,    27.9,    43.0,     0.0,     0.0,     0.0,     0.0,     0.0,     0.0,     0.0,     0.0,"(Contracts of 2,500  MMBTU'S)",023391,IFED,023 ,N13,FutOnly
NAT GAS ICE PEN - ICE FUTURES ENERGY DIV,260901,2026-09-01,023392,IFED,01,023 ,  651706,   73109,   93204,  210470,   68147,  123371,    8166,  129644,  105519,   74523,   75154,   55996,  651154,  651035,     552,     671,  651706,   73109,   93204,  210470,   68147,  123371,    8166,  129644,  105519,   74523,   75154,   55996,  651154,  651035,     552,     671,       0,       0,       0,       0,       0,       0,       0,       0,       0,       0,       0,       0,       0,       0,       0,       0, -100321,  -24981,   -2459,   15086,  -16657,  -24649,   -5108,  -35500,     967,  -45463,   -5869,  -16114, -100262, -100281,     -59,     -40,  100.0,   11.2,   14.3,   32.3,   10.5,   18.9,    1.3,   19.9,   16.2,   11.4,   11.5,    8.6,   99.9,   99.9,    0.1,    0.1,  100.0,   11.2,   14.3,   32.3,   10.5,   18.9,    1.3,   19.9,   16.2,   11.4,   11.5,    8.6,   99.9,   99.9,    0.1,    0.1,  100.0,    0.0,    0.0,    0.0,    0.0,    0.0,    0.0,    0.0,    0.0,    0.0,    0.0,    0.0,    0.0,    0.0,    0.0,    0.0,     73,     15,     16,     11,      7,     16,      5,      8,     10,     15,      7,     17,     64,     63,     73,     15,     16,     11,      7,     16,      5,      8,     10,     15,      7,     17,     64,     63,      0,      0,      0,      0,      0,      0,      0,      0,      0,      0,      0,      0,      0,      0,    39.2,    45.3,    60.8,    70.0,    27.5,    30.4,    35.3,    38.8,    39.2,    45.3,    60.8,    70.0,    27.5,    30.4,    35.3,    38.8,     0.0,     0.0,     0.0,     0.0,     0.0,     0.0,     0.0,     0.0,"(Contracts of 2,500  MMBTU'S)",023392,IFED,023 ,N13,FutOnly
SOCAL BORDER FIN BASIS - ICE FUTURES ENERGY DIV,260901,2026-09-01,023393,IFED,01,023 ,  280597,  156446,  225355,   61612,   12194,   17660,   16806,    5276,    6363,    3714,     880,    3814,  266415,  271542,   14182,    9055,  280597,  156446,  225355,   61612,   12194,   17660,   16806,    5276,    6363,    3714,     880,    3814,  266415,  271542,   14182,    9055,       0,       0,       0,       0,       0,       0,       0,       0,       0,       0,       0,       0,       0,       0,       0,       0,    6568,    4876,    7515,    -396,   -1407,     384,      95,     929,     182,    1262,     265,    -300,    6103,    7568,     465,   -1000,  100.0,   55.8,   80.3,   22.0,    4.3,    6.3,    6.0,    1.9,    2.3,    1.3,    0.3,    1.4,   94.9,   96.8,    5.1,    3.2,  100.0,   55.8,   80.3,   22.0,    4.3,    6.3,    6.0,    1.9,    2.3,    1.3,    0.3,    1.4,   94.9,   96.8,    5.1,    3.2,  100.0,    0.0,    0.0,    0.0,    0.0,    0.0,    0.0,    0.0,    0.0,    0.0,    0.0,    0.0,    0.0,    0.0,    0.0,    0.0,     55,     26,     27,      5,      4,      6,      4,      4,      5,.,.,      5,     47,     46,     55,     26,     27,      5,      4,      6,      4,      4,      5,.,.,      5,     47,     46,      0,      0,      0,      0,      0,      0,      0,      0,      0,      0,      0,      0,      0,      0,    41.5,    56.8,    58.7,    69.0,    40.0,    53.1,    55.5,    61.9,    41.5,    56.8,    58.7,    69.0,    40.0,    53.1,    55.5,    61.9,     0.0,     0.0,     0.0,     0.0,     0.0,     0.0,     0.0,     0.0,"(Contracts of 2,500  MMBTU'S)",023393,IFED,023 ,N13,FutOnly
PG&E CITYGATE FIN BASIS - ICE FUTURES ENERGY DIV,260901,2026-09-01,023394,IFED,01,023 ,  197063,  152825,  145702,   14226,   23972,    7339,    3098,    5729,    5546,    3376,    1063,     613,  187023,  189964,   10040,    7099,  197063,  152825,  145702,   14226,   23972,    7339,    3098,    5729,    5546,    3376,    1063,     613,  187023,  189964,   10040,    7099,       0,       0,       0,       0,       0,       0,       0,       0,       0,       0,       0,       0,       0,       0,       0,       0,    5451,    2823,    2890,     217,      49,     702,    -865,    -697,    1049,    -272,    -549,     140,    3794,    3584,    1657,    1867,  100.0,   77.6,   73.9,    7.2,   12.2,    3.7,    1.6,    2.9,    2.8,    1.7,    0.5,    0.3,   94.9,   96.4,    5.1,    3.6,  100.0,   77.6,   73.9,    7.2,   12.2,    3.7,    1.6,    2.9,    2.8,    1.7,    0.5,    0.3,   94.9,   96.4,    5.1,    3.6,  100.0,    0.0,    0.0,    0.0,    0.0,    0.0,    0.0,    0.0,    0.0,    0.0,    0.0,    0.0,    0.0,    0.0,    0.0,    0.0,     49,     29,     24,      6,.,      9,.,      4,      4,.,.,.,     46,     41,     49,     29,     24,      6,.,      9,.,      4,      4,.,.,.,     46,     41,      0,      0,      0,      0,      0,      0,      0,      0,      0,      0,      0,      0,      0,      0,    50.0,    61.9,    63.4,    76.9,    49.9,    56.6,    61.5,    69.4,    50.0,    61.9,    63.4,    76.9,    49.9,    56.6,    61.5,    69.4,     0.0,     0.0,     0.0,     0.0,     0.0,     0.0,     0.0,     0.0,"(Contracts of 2,500  MMBTU'S)",023394,IFED,023 ,N13,FutOnly
NWP ROCKIES FIN BASIS - ICE FUTURES ENERGY DIV,260901,2026-09-01,023395,IFED,01,023 ,  392317,  251215,  221018,   74529,  124831,   16231,   26303,    3791,    5406,     752,    3710,    3827,  378263,  378814,   14054,   13503,  392317,  251215,  221018,   74529,  124831,   16231,   26303,    3791,    5406,     752,    3710,    3827,  378263,  378814,   14054,   13503,       0,       0,       0,       0,       0,       0,       0,       0,       0,       0,       0,       0,       0,       0,       0,       0,    3605,    4097,   -3993,    -919,    2899,     723,   -2007,    1309,     454,     318,     876,     -73,    2593,    2195,    1012,    1410,  100.0,   64.0,   56.3,   19.0,   31.8,    4.1,    6.7,    1.0,    1.4,    0.2,    0.9,    1.0,   96.4,   96.6,    3.6,    3.4,  100.0,   64.0,   56.3,   19.0,   31.8,    4.1,    6.7,    1.0,    1.4,    0.2,    0.9,    1.0,   96.4,   96.6,    3.6,    3.4,  100.0,    0.0,    0.0,    0.0,    0.0,    0.0,    0.0,    0.0,    0.0,    0.0,    0.0,    0.0,    0.0,    0.0,    0.0,    0.0,     70,     32,     32,      9,      8,     11,      9,.,      4,.,.,.,     59,     54,     70,     32,     32,      9,      8,     11,      9,.,      4,.,.,.,     59,     54,      0,      0,      0,      0,      0,      0,      0,      0,      0,      0,      0,      0,      0,      0,    48.1,    43.0,    64.1,    61.7,    35.2,    37.2,    48.6,    47.9,    48.1,    43.0,    64.1,    61.7,    35.2,    37.2,    48.6,    47.9,     0.0,     0.0,     0.0,     0.0,     0.0,     0.0,     0.0,     0.0,"(Contracts of 2,500  MMBTU'S)",023395,IFED,023 ,N13,FutOnly
AECO FIN BASIS - ICE FUTURES ENERGY DIV,260901,2026-09-01,023396,IFED,01,023 ,  991777,  844892,  232092,   57877,  705293,   26321,   13979,    5416,   10791,   16444,    3358,    1798,  972102,  985069,   19675,    6708,  991777,  844892,  232092,   57877,  705293,   26321,   13979,    5416,   10791,   16444,    3358,    1798,  972102,  985069,   19675,    6708,       0,       0,       0,       0,       0,       0,       0,       0,       0,       0,       0,       0,       0,       0,       0,       0,    4034,    -327,    4008,     378,   -2234,     984,   -1056,    1300,     -98,    1300,   -2026,    1022,    2203,    2956,    1831,    1078,  100.0,   85.2,   23.4,    5.8,   71.1,    2.7,    1.4,    0.5,    1.1,    1.7,    0.3,    0.2,   98.0,   99.3,    2.0,    0.7,  100.0,   85.2,   23.4,    5.8,   71.1,    2.7,    1.4,    0.5,    1.1,    1.7,    0.3,    0.2,   98.0,   99.3,    2.0,    0.7,  100.0,    0.0,    0.0,    0.0,    0.0,    0.0,    0.0,    0.0,    0.0,    0.0,    0.0,    0.0,    0.0,    0.0,    0.0,    0.0,     63,     33,     22,      5,      8,      8,      5,      5,      9,.,.,.,     56,     45,     63,     33,     22,      5,      8,      8,      5,      5,      9,.,.,.,     56,     45,      0,      0,      0,      0,      0,      0,      0,      0,      0,      0,      0,      0,      0,      0,    44.3,    52.0,    59.4,    78.1,    40.2,    52.0,    53.5,    73.8,    44.3,    52.0,    59.4,    78.1,    40.2,    52.0,    53.5,    73.8,     0.0,     0.0,     0.0,     0.0,     0.0,     0.0,     0.0,     0.0,"(Contracts of 2,500  MMBTU'S)",023396,IFED,023 ,N13,FutOnly
CHICAGO FIN BASIS - ICE FUTURES ENERGY DIV,260901,2026-09-01,023397,IFED,01,023 ,  370648,  278624,  315417,   54808,   31455,    4988,   12489,    1755,    2919,    4621,    1129,    2186,  360635,  359849,   10013,   10799,  370648,  278624,  315417,   54808,   31455,    4988,   12489,    1755,    2919,    4621,    1129,    2186,  360635,  359849,   10013,   10799,       0,       0,       0,       0,       0,       0,       0,       0,       0,       0,       0,       0,       0,       0,       0,       0,    2085,   -2601,    1127,     703,     270,     300,    2212,     -29,     -71,     997,    -678,     -37,    1503,     882,     582,    1203,  100.0,   75.2,   85.1,   14.8,    8.5,    1.3,    3.4,    0.5,    0.8,    1.2,    0.3,    0.6,   97.3,   97.1,    2.7,    2.9,  100.0,   75.2,   85.1,   14.8,    8.5,    1.3,    3.4,    0.5,    0.8,    1.2,    0.3,    0.6,   97.3,   97.1,    2.7,    2.9,  100.0,    0.0,    0.0,    0.0,    0.0,    0.0,    0.0,    0.0,    0.0,    0.0,    0.0,    0.0,    0.0,    0.0,    0.0,    0.0,     61,     33,     29,      8,.,      5,      6,.,.,.,.,.,     53,     43,     61,     33,     29,      8,.,      5,      6,.,.,.,.,.,     53,     43,      0,      0,      0,      0,      0,      0,      0,      0,      0,      0,      0,      0,      0,      0,    43.7,    38.7,    59.3,    63.6,    33.5,    31.5,    43.1,    44.6,    43.7,    38.7,    59.3,    63.6,    33.5,    31.5,    43.1,    44.6,     0.0,     0.0,     0.0,     0.0,     0.0,     0.0,     0.0,     0.0,"(Contracts of 2,500  MMBTU'S)",023397,IFED,023 ,N13,FutOnly
HSC FIN BASIS - ICE FUTURES ENERGY DIV,260901,2026-09-01,023398,IFED,01,023 ,  906654,  582804,  548765,  242951,  136376,   34080,    4235,  128215,   21322,   10435,   26464,    4250,  900077,  899472,    6577,    7182,  906654,  582804,  548765,  242951,  136376,   34080,    4235,  128215,   21322,   10435,   26464,    4250,  900077,  899472,    6577,    7182,       0,       0,       0,       0,       0,       0,       0,       0,       0,       0,       0,       0,       0,       0,       0,       0,   10326,    4515,   10706,    3076,     937,    -493,    2165,    1570,      23,     718,   -2171,     -23,    9981,   10549,     345,    -223,  100.0,   64.3,   60.5,   26.8,   15.0,    3.8,    0.5,   14.1,    2.4,    1.2,    2.9,    0.5,   99.3,   99.2,    0.7,    0.8,  100.0,   64.3,   60.5,   26.8,   15.0,    3.8,    0.5,   14.1,    2.4,    1.2,    2.9,    0.5,   99.3,   99.2,    0.7,    0.8,  100.0,    0.0,    0.0,    0.0,    0.0,    0.0,    0.0,    0.0,    0.0,    0.0,    0.0,    0.0,    0.0,    0.0,    0.0,    0.0,    101,     46,     42,      9,     12,     11,.,     11,      6,      5,      6,.,     73,     81,    101,     46,     42,      9,     12,     11,.,     11,      6,      5,      6,.,     73,     81,      0,      0,      0,      0,      0,      0,      0,      0,      0,      0,      0,      0,      0,      0,    29.6,    26.7,    50.0,    43.0,    28.8,    26.0,    47.4,    41.2,    29.6,    26.7,    50.0,    43.0,    28.8,    26.0,    47.4,    41.2,     0.0,     0.0,     0.0,     0.0,     0.0,     0.0,     0.0,     0.0,"(Contracts of 2,500  MMBTU'S)",023398,IFED,023 ,N13,FutOnly
WAHA FIN BASIS - ICE FUTURES ENERGY DIV,260901,2026-09-01,023399,IFED,01,023 ,  749673,  633304,  298905,   24631,  351285,   15148,   31784,   12428,   28379,     210,   23437,   12247,  745703,  741829,    3970,    7844,  749673,  633304,  298905,   24631,  351285,   15148,   31784,   12428,   28379,     210,   23437,   12247,  745703,  741829,    3970,    7844,       0,       0,       0,       0,       0,       0,       0,       0,       0,       0,       0,       0,       0,       0,       0,       0,   10546,   11752,    7382,   -1017,    1800,    -488,    1286,    -284,    -288,    -464,    1638,    -274,   10507,    9486,      39,    1060,  100.0,   84.5,   39.9,    3.3,   46.9,    2.0,    4.2,    1.7,    3.8,    0.0,    3.1,    1.6,   99.5,   99.0,    0.5,    1.0,  100.0,   84.5,   39.9,    3.3,   46.9,    2.0,    4.2,    1.7,    3.8,    0.0,    3.1,    1.6,   99.5,   99.0,    0.5,    1.0,  100.0,    0.0,    0.0,    0.0,    0.0,    0.0,    0.0,    0.0,    0.0,    0.0,    0.0,    0.0,    0.0,    0.0,    0.0,    0.0,     84,     44,     29,      5,     16,     13,      7,.,      8,.,      6,.,     72,     64,     84,     44,     29,      5,     16,     13,      7,.,      8,.,      6,.,     72,     64,      0,      0,      0,      0,      0,      0,      0,      0,      0,      0,      0,      0,      0,      0,    27.8,    40.8,    46.8,    60.6,    22.0,    35.5,    38.0,    51.1,    27.8,    40.8,    46.8,    60.6,    22.0,    35.5,    38.0,    51.1,     0.0,     0.0,     0.0,     0.0,     0.0,     0.0,     0.0,     0.0,"(Contracts of 2,500  MMBTU'S)",023399,IFED,023 ,N13,FutOnly
ALGONQUIN CITYGATES BASIS - ICE FUTURES ENERGY DIV,260901,2026-09-01,02339E,IFED,01,023 ,  111544,   87052,   93595,   17286,       0,     215,     300,    2923,       0,    2390,    5551,     219,  107462,  102503,    4082,    9041,  111544,   87052,   93595,   17286,       0,     215,     300,    2923,       0,    2390,    5551,     219,  107462,  102503,    4082,    9041,       0,       0,       0,       0,       0,       0,       0,       0,       0,       0,       0,       0,       0,       0,       0,       0,    1211,     394,    1166,    1651,       0,      60,       0,    -241,       0,     413,      61,    -177,    2341,     869,   -1130,     342,  100.0,   78.0,   83.9,   15.5,    0.0,    0.2,    0.3,    2.6,    0.0,    2.1,    5.0,    0.2,   96.3,   91.9,    3.7,    8.1,  100.0,   78.0,   83.9,   15.5,    0.0,    0.2,    0.3,    2.6,    0.0,    2.1,    5.0,    0.2,   96.3,   91.9,    3.7,    8.1,  100.0,    0.0,    0.0,    0.0,    0.0,    0.0,    0.0,    0.0,    0.0,    0.0,    0.0,    0.0,    0.0,    0.0,    0.0,    0.0,     31,     10,     14,      5,      0,.,.,.,      0,.,.,.,     18,     21,     31,     10,     14,      5,      0,.,.,.,      0,.,.,.,     18,     21,      0,      0,      0,      0,      0,      0,      0,      0,      0,      0,      0,      0,      0,      0,    69.6,    59.6,    85.4,    78.4,    66.7,    58.2,    81.3,    76.2,    69.6,    59.6,    85.4,    78.4,    66.7,    58.2,    81.3,    76.2,     0.0,     0.0,     0.0,     0.0,     0.0,     0.0,     0.0,     0.0,"(Contracts of 2,500  MMBTU'S)",02339E,IFED,023 ,N13,FutOnly
CG-MAINLINE FINANCIAL INDEX - ICE FUTURES ENERGY DIV,260901,2026-09-01,02339P,IFED,01,023 ,   42155,   33154,   29500,    4362,    1456,       0,    2234,    8862,     586,    1208,       0,       0,   41544,   40404,     611,    1751,   42155,   33154,   29500,    4362,    1456,       0,    2234,    8862,     586,    1208,       0,       0,   41544,   40404,     611,    1751,       0,       0,       0,       0,       0,       0,       0,       0,       0,       0,       0,       0,       0,       0,       0,       0,    1292,     806,    1412,      60,       0,       0,     -90,    -210,      90,       0,       0,       0,     866,    1292,     426,       0,  100.0,   78.6,   70.0,   10.3,    3.5,    0.0,    5.3,   21.0,    1.4,    2.9,    0.0,    0.0,   98.6,   95.8,    1.4,    4.2,  100.0,   78.6,   70.0,   10.3,    3.5,    0.0,    5.3,   21.0,    1.4,    2.9,    0.0,    0.0,   98.6,   95.8,    1.4,    4.2,  100.0,    0.0,    0.0,    0.0,    0.0,    0.0,    0.0,    0.0,    0.0,    0.0,    0.0,    0.0,    0.0,    0.0,    0.0,    0.0,     32,     12,     14,.,.,      0,.,.,.,.,      0,      0,     18,     18,     32,     12,     14,.,.,      0,.,.,.,.,      0,      0,     18,     18,      0,      0,      0,      0,      0,      0,      0,      0,      0,      0,      0,      0,      0,      0,    60.4,    48.4,    80.5,    77.9,    60.4,    48.4,    79.0,    76.3,    60.4,    48.4,    80.5,    77.9,    60.4,    48.4,    79.0,    76.3,     0.0,     0.0,     0.0,     0.0,     0.0,     0.0,     0.0,     0.0,"(Contracts of 2,500  MMBTU'S)",02339P,IFED,023 ,N13,FutOnly
CHICAGO CITYGATE (INDEX) - ICE FUTURES ENERGY DIV,260901,2026-09-01,02339Q,IFED,01,023 ,  102729,   67059,   93648,   30203,    2468,    1812,    1035,    2048,     750,     310,       0,       0,  101169,  100726,    1560,    2003,  102729,   67059,   93648,   30203,    2468,    1812,    1035,    2048,     750,     310,       0,       0,  101169,  100726,    1560,    2003,       0,       0,       0,       0,       0,       0,       0,       0,       0,       0,       0,       0,       0,       0,       0,       0,    4535,    3804,    4719,     301,       0,       0,     485,       0,       0,     310,    -300,       0,    4900,    4419,    -365,     116,  100.0,   65.3,   91.2,   29.4,    2.4,    1.8,    1.0,    2.0,    0.7,    0.3,    0.0,    0.0,   98.5,   98.1,    1.5,    1.9,  100.0,   65.3,   91.2,   29.4,    2.4,    1.8,    1.0,    2.0,    0.7,    0.3,    0.0,    0.0,   98.5,   98.1,    1.5,    1.9,  100.0,    0.0,    0.0,    0.0,    0.0,    0.0,    0.0,    0.0,    0.0,    0.0,    0.0,    0.0,    0.0,    0.0,    0.0,    0.0,     41,     23,     16,      6,.,.,.,.,.,.,      0,      0,     34,     18,     41,     23,     16,      6,.,.,.,.,.,.,      0,      0,     34,     18,      0,      0,      0,      0,      0,      0,      0,      0,      0,      0,      0,      0,      0,      0,    52.5,    68.9,    71.0,    87.4,    51.9,    65.0,    66.3,    76.9,    52.5,    68.9,    71.0,    87.4,    51.9,    65.0,    66.3,    76.9,     0.0,     0.0,     0.0,     0.0,     0.0,     0.0,     0.0,     0.0,"(Contracts of 2,500  MMBTU'S)",02339Q,IFED,023 ,N13,FutOnly
CIG ROCKIES FINANCIAL INDEX - ICE FUTURES ENERGY DIV,260901,2026-09-01,02339S,IFED,01,023 ,   32992,   29270,   15470,       0,     586,     704,       0,   13935,     248,     427,     376,     120,   30769,   31439,    2223,    1553,   32992,   29270,   15470,       0,     586,     704,       0,   13935,     248,     427,     376,     120,   30769,   31439,    2223,    1553,       0,       0,       0,       0,       0,       0,       0,       0,       0,       0,       0,       0,       0,       0,       0,       0,    1204,    1114,     368,    -580,     226,     580,       0,       0,       0,       0,     -60,      60,    1174,    1174,      30,      30,  100.0,   88.7,   46.9,    0.0,    1.8,    2.1,    0.0,   42.2,    0.8,    1.3,    1.1,    0.4,   93.3,   95.3,    6.7,    4.7,  100.0,   88.7,   46.9,    0.0,    1.8,    2.1,    0.0,   42.2,    0.8,    1.3,    1.1,    0.4,   93.3,   95.3,    6.7,    4.7,  100.0,    0.0,    0.0,    0.0,    0.0,    0.0,    0.0,    0.0,    0.0,    0.0,    0.0,    0.0,    0.0,    0.0,    0.0,    0.0,     31,     18,     17,      0,.,.,      0,      4,.,.,.,.,     22,     24,     31,     18,     17,      0,.,.,      0,      4,.,.,.,.,     22,     24,      0,      0,      0,      0,      0,      0,      0,      0,      0,      0,      0,      0,      0,      0,    52.0,    59.9,    73.9,    74.6,    33.9,    47.8,    51.4,    56.8,    52.0,    59.9,    73.9,    74.6,    33.9,    47.8,    51.4,    56.8,     0.0,     0.0,     0.0,     0.0,     0.0,     0.0,     0.0,     0.0,"(Contracts of 2,500 MMBTU'S)",02339S,IFED,023 ,N13,FutOnly
CIG ROCKIES BASIS - ICE FUTURES ENERGY DIV,260901,2026-09-01,02339U,IFED,01,023 ,  437793,  398631,  148946,    3345,  210656,   10459,    7765,   48489,    4642,    2493,    4907,    1324,  428659,  429423,    9134,    8370,  437793,  398631,  148946,    3345,  210656,   10459,    7765,   48489,    4642,    2493,    4907,    1324,  428659,  429423,    9134,    8370,       0,       0,       0,       0,       0,       0,       0,       0,       0,       0,       0,       0,       0,       0,       0,       0,    7335,   10078,    4649,     397,    4528,     847,   -3301,   -3965,     182,    -299,     901,     773,    8677,    7915,   -1342,    -580,  100.0,   91.1,   34.0,    0.8,   48.1,    2.4,    1.8,   11.1,    1.1,    0.6,    1.1,    0.3,   97.9,   98.1,    2.1,    1.9,  100.0,   91.1,   34.0,    0.8,   48.1,    2.4,    1.8,   11.1,    1.1,    0.6,    1.1,    0.3,   97.9,   98.1,    2.1,    1.9,  100.0,    0.0,    0.0,    0.0,    0.0,    0.0,    0.0,    0.0,    0.0,    0.0,    0.0,    0.0,    0.0,    0.0,    0.0,    0.0,     63,     35,     23,.,     12,      7,.,      6,      5,.,.,.,     52,     48,     63,     35,     23,.,     12,      7,.,      6,      5,.,.,.,     52,     48,      0,      0,      0,      0,      0,      0,      0,      0,      0,      0,      0,      0,      0,      0,    45.6,    51.6,    61.8,    73.4,    32.9,    47.3,    46.4,    54.2,    45.6,    51.6,    61.8,    73.4,    32.9,    47.3,    46.4,    54.2,     0.0,     0.0,     0.0,     0.0,     0.0,     0.0,     0.0,     0.0,2500 mmbtu,02339U,IFED,023 ,N13,FutOnly
TCO Basis  - ICE FUTURES ENERGY DIV,260901,2026-09-01,02339W,IFED,01,023 ,  231799,  200294,   35583,   16628,  174613,    7827,       0,    1848,    1097,       0,       0,       0,  225846,  220968,    5953,   10831,  231799,  200294,   35583,   16628,  174613,    7827,       0,    1848,    1097,       0,       0,       0,  225846,  220968,    5953,   10831,       0,       0,       0,       0,       0,       0,       0,       0,       0,       0,       0,       0,       0,       0,       0,       0,    2088,    2406,    1197,    -319,       0,      99,    -316,     597,     195,       0,       0,       0,    2065,    2088,      23,       0,  100.0,   86.4,   15.4,    7.2,   75.3,    3.4,    0.0,    0.8,    0.5,    0.0,    0.0,    0.0,   97.4,   95.3,    2.6,    4.7,  100.0,   86.4,   15.4,    7.2,   75.3,    3.4,    0.0,    0.8,    0.5,    0.0,    0.0,    0.0,   97.4,   95.3,    2.6,    4.7,  100.0,    0.0,    0.0,    0.0,    0.0,    0.0,    0.0,    0.0,    0.0,    0.0,    0.0,    0.0,    0.0,    0.0,    0.0,    0.0,     40,     20,     11,.,     11,      4,      0,.,.,      0,      0,      0,     26,     27,     40,     20,     11,.,     11,      4,      0,.,.,      0,      0,      0,     26,     27,      0,      0,      0,      0,      0,      0,      0,      0,      0,      0,      0,      0,      0,      0,    51.7,    53.5,    73.1,    76.9,    51.6,    52.8,    71.6,    76.0,    51.7,    53.5,    73.1,    76.9,    51.6,    52.8,    71.6,    76.0,     0.0,     0.0,     0.0,     0.0,     0.0,     0.0,     0.0,     0.0,2500 mm btu,02339W,IFED,023 ,N13,FutOnly
CG Mainline Basis - ICE FUTURES ENERGY DIV,260901,2026-09-01,02339Y,IFED,01,023 ,  356966,  332694,  230279,    1862,   93097,    4821,    3036,   18629,    2860,    3624,      31,     212,  349109,  349929,    7857,    7037,  356966,  332694,  230279,    1862,   93097,    4821,    3036,   18629,    2860,    3624,      31,     212,  349109,  349929,    7857,    7037,       0,       0,       0,       0,       0,       0,       0,       0,       0,       0,       0,       0,       0,       0,       0,       0,   14036,   13194,    5983,    -118,    6134,      33,    -155,      59,       0,       0,       0,       0,   12954,   12209,    1082,    1827,  100.0,   93.2,   64.5,    0.5,   26.1,    1.4,    0.9,    5.2,    0.8,    1.0,    0.0,    0.1,   97.8,   98.0,    2.2,    2.0,  100.0,   93.2,   64.5,    0.5,   26.1,    1.4,    0.9,    5.2,    0.8,    1.0,    0.0,    0.1,   97.8,   98.0,    2.2,    2.0,  100.0,    0.0,    0.0,    0.0,    0.0,    0.0,    0.0,    0.0,    0.0,    0.0,    0.0,    0.0,    0.0,    0.0,    0.0,    0.0,     46,     18,     16,.,      9,      4,.,      6,.,.,.,.,     30,     33,     46,     18,     16,.,      9,      4,.,      6,.,.,.,.,     30,     33,      0,      0,      0,      0,      0,      0,      0,      0,      0,      0,      0,      0,      0,      0,    75.4,    65.4,    87.6,    78.9,    75.1,    64.7,    86.8,    77.9,    75.4,    65.4,    87.6,    78.9,    75.1,    64.7,    86.8,    77.9,     0.0,     0.0,     0.0,     0.0,     0.0,     0.0,     0.0,     0.0,2500 mmbtu,02339Y,IFED,023 ,N13,FutOnly
DOMINION - SOUTH POINT - ICE FUTURES ENERGY DIV,260901,2026-09-01,0233A2,IFED,01,023 ,   54400,   25634,   40444,   12184,    5097,    1298,    8793,    3840,     697,    2948,       0,       0,   51554,   51376,    2846,    3024,   54400,   25634,   40444,   12184,    5097,    1298,    8793,    3840,     697,    2948,       0,       0,   51554,   51376,    2846,    3024,       0,       0,       0,       0,       0,       0,       0,       0,       0,       0,       0,       0,       0,       0,       0,       0,    5808,    5274,    4840,      90,    1658,    -420,     604,    -874,       0,     480,       0,       0,    6028,    5204,    -220,     604,  100.0,   47.1,   74.3,   22.4,    9.4,    2.4,   16.2,    7.1,    1.3,    5.4,    0.0,    0.0,   94.8,   94.4,    5.2,    5.6,  100.0,   47.1,   74.3,   22.4,    9.4,    2.4,   16.2,    7.1,    1.3,    5.4,    0.0,    0.0,   94.8,   94.4,    5.2,    5.6,  100.0,    0.0,    0.0,    0.0,    0.0,    0.0,    0.0,    0.0,    0.0,    0.0,    0.0,    0.0,    0.0,    0.0,    0.0,    0.0,     40,     17,     19,.,.,.,.,.,.,.,      0,      0,     27,     24,     40,     17,     19,.,.,.,.,.,.,.,      0,      0,     27,     24,      0,      0,      0,      0,      0,      0,      0,      0,      0,      0,      0,      0,      0,      0,    51.1,    45.5,    69.9,    70.0,    46.2,    39.7,    61.2,    57.0,    51.1,    45.5,    69.9,    70.0,    46.2,    39.7,    61.2,    57.0,     0.0,     0.0,     0.0,     0.0,     0.0,     0.0,     0.0,     0.0,2500 mmbtu,0233A2,IFED,023 ,N13,FutOnly
DOMINION - SOUTH POINT (BASIS) - ICE FUTURES ENERGY DIV,260901,2026-09-01,0233A3,IFED,01,023 ,  785235,  641410,  201320,   11906,  457435,   36755,   29776,   47473,   16760,   20813,    7457,    9764,  767184,  776964,   18051,    8271,  785235,  641410,  201320,   11906,  457435,   36755,   29776,   47473,   16760,   20813,    7457,    9764,  767184,  776964,   18051,    8271,       0,       0,       0,       0,       0,       0,       0,       0,       0,       0,       0,       0,       0,       0,       0,       0,   10621,    5202,    4111,    -732,    9186,     361,    2006,   -2136,   -1774,    5422,     -78,     780,   11265,   10450,    -644,     171,  100.0,   81.7,   25.6,    1.5,   58.3,    4.7,    3.8,    6.0,    2.1,    2.7,    0.9,    1.2,   97.7,   98.9,    2.3,    1.1,  100.0,   81.7,   25.6,    1.5,   58.3,    4.7,    3.8,    6.0,    2.1,    2.7,    0.9,    1.2,   97.7,   98.9,    2.3,    1.1,  100.0,    0.0,    0.0,    0.0,    0.0,    0.0,    0.0,    0.0,    0.0,    0.0,    0.0,    0.0,    0.0,    0.0,    0.0,    0.0,     95,     45,     37,.,     17,     11,.,     14,      6,      5,      5,      6,     71,     79,     95,     45,     37,.,     17,     11,.,     14,      6,      5,      5,      6,     71,     79,      0,      0,      0,      0,      0,      0,      0,      0,      0,      0,      0,      0,      0,      0,    33.5,    37.3,    48.9,    53.5,    32.8,    33.2,    45.0,    49.0,    33.5,    37.3,    48.9,    53.5,    32.8,    33.2,    45.0,    49.0,     0.0,     0.0,     0.0,     0.0,     0.0,     0.0,     0.0,     0.0,2500 mmbtu,0233A3,IFED,023 ,N13,FutOnly
EP SAN JUAN BASIS - ICE FUTURES ENERGY DIV,260901,2026-09-01,0233A8,IFED,01,023 ,  260050,  156004,  184949,   69102,   42470,   16709,    1996,     458,    1230,    1299,    6565,     856,  247196,  253237,   12854,    6813,  260050,  156004,  184949,   69102,   42470,   16709,    1996,     458,    1230,    1299,    6565,     856,  247196,  253237,   12854,    6813,       0,       0,       0,       0,       0,       0,       0,       0,       0,       0,       0,       0,       0,       0,       0,       0,  -12206,   -9428,  -13552,     704,    -228,     373,    -642,       0,       0,     179,     -62,       0,   -8814,  -13469,   -3392,    1263,  100.0,   60.0,   71.1,   26.6,   16.3,    6.4,    0.8,    0.2,    0.5,    0.5,    2.5,    0.3,   95.1,   97.4,    4.9,    2.6,  100.0,   60.0,   71.1,   26.6,   16.3,    6.4,    0.8,    0.2,    0.5,    0.5,    2.5,    0.3,   95.1,   97.4,    4.9,    2.6,  100.0,    0.0,    0.0,    0.0,    0.0,    0.0,    0.0,    0.0,    0.0,    0.0,    0.0,    0.0,    0.0,    0.0,    0.0,    0.0,     34,     13,     13,      7,      4,      7,.,.,.,.,.,.,     26,     26,     34,     13,     13,      7,      4,      7,.,.,.,.,.,.,     26,     26,      0,      0,      0,      0,      0,      0,      0,      0,      0,      0,      0,      0,      0,      0,    50.3,    72.5,    75.5,    85.5,    37.8,    52.6,    55.0,    63.0,    50.3,    72.5,    75.5,    85.5,    37.8,    52.6,    55.0,    63.0,     0.0,     0.0,     0.0,     0.0,     0.0,     0.0,     0.0,     0.0,2500 mmbtu,0233A8,IFED,023 ,N13,FutOnly
HENRY HUB BASIS - ICE FUTURES ENERGY DIV,260901,2026-09-01,0233AG,IFED,01,023 ,  142762,   54280,   97603,   40504,    1434,    4675,   30266,   28603,    1891,    6602,    4890,    1828,  140046,  140924,    2716,    1838,  142762,   54280,   97603,   40504,    1434,    4675,   30266,   28603,    1891,    6602,    4890,    1828,  140046,  140924,    2716,    1838,       0,       0,       0,       0,       0,       0,       0,       0,       0,       0,       0,       0,       0,       0,       0,       0,   16880,   11589,    6978,   -3184,       0,    2610,    3576,    9599,   -2579,    4200,    -149,    -241,   15971,   16218,     909,     662,  100.0,   38.0,   68.4,   28.4,    1.0,    3.3,   21.2,   20.0,    1.3,    4.6,    3.4,    1.3,   98.1,   98.7,    1.9,    1.3,  100.0,   38.0,   68.4,   28.4,    1.0,    3.3,   21.2,   20.0,    1.3,    4.6,    3.4,    1.3,   98.1,   98.7,    1.9,    1.3,  100.0,    0.0,    0.0,    0.0,    0.0,    0.0,    0.0,    0.0,    0.0,    0.0,    0.0,    0.0,    0.0,    0.0,    0.0,    0.0,     67,     22,     23,      9,.,      4,      6,      4,.,      4,      6,.,     42,     40,     67,     22,     23,      9,.,      4,      6,      4,.,      4,      6,.,     42,     40,      0,      0,      0,      0,      0,      0,      0,      0,      0,      0,      0,      0,      0,      0,    36.3,    50.0,    55.7,    71.0,    35.5,    49.5,    54.5,    70.3,    36.3,    50.0,    55.7,    71.0,    35.5,    49.5,    54.5,    70.3,     0.0,     0.0,     0.0,     0.0,     0.0,     0.0,     0.0,     0.0,2500 mmbtu,0233AG,IFED,023 ,N13,FutOnly
HENRY HUB INDEX - ICE FUTURES ENERGY DIV,260901,2026-09-01,0233AH,IFED,01,023 ,  191499,   82240,  124334,   45044,    1819,    4636,   36082,   42658,    3411,   14371,    9652,    2770,  188554,  189280,    2945,    2219,  191499,   82240,  124334,   45044,    1819,    4636,   36082,   42658,    3411,   14371,    9652,    2770,  188554,  189280,    2945,    2219,       0,       0,       0,       0,       0,       0,       0,       0,       0,       0,       0,       0,       0,       0,       0,       0,   16849,   12131,    7304,   -3274,       0,    2610,    3934,   10199,   -2997,    4080,    -838,     -32,   16452,   16246,     397,     603,  100.0,   42.9,   64.9,   23.5,    0.9,    2.4,   18.8,   22.3,    1.8,    7.5,    5.0,    1.4,   98.5,   98.8,    1.5,    1.2,  100.0,   42.9,   64.9,   23.5,    0.9,    2.4,   18.8,   22.3,    1.8,    7.5,    5.0,    1.4,   98.5,   98.8,    1.5,    1.2,  100.0,    0.0,    0.0,    0.0,    0.0,    0.0,    0.0,    0.0,    0.0,    0.0,    0.0,    0.0,    0.0,    0.0,    0.0,    0.0,     83,     37,     37,      9,.,      4,      7,      4,      7,      6,      4,      5,     64,     57,     83,     37,     37,      9,.,      4,      7,      4,      7,      6,      4,      5,     64,     57,      0,      0,      0,      0,      0,      0,      0,      0,      0,      0,      0,      0,      0,      0,    37.9,    40.3,    53.0,    58.8,    35.9,    39.5,    50.0,    54.7,    37.9,    40.3,    53.0,    58.8,    35.9,    39.5,    50.0,    54.7,     0.0,     0.0,     0.0,     0.0,     0.0,     0.0,     0.0,     0.0,2500 mmbtu,0233AH,IFED,023 ,N13,FutOnly
HOUSTON SHIP CHANNEL (INDEX) - ICE FUTURES ENERGY DIV,260901,2026-09-01,0233AM,IFED,01,023 ,  503423,  224951,  278955,  261282,   17050,    8432,       0,  140477,    2738,       0,   52676,     334,  497737,  500662,    5686,    2761,  503423,  224951,  278955,  261282,   17050,    8432,       0,  140477,    2738,       0,   52676,     334,  497737,  500662,    5686,    2761,       0,       0,       0,       0,       0,       0,       0,       0,       0,       0,       0,       0,       0,       0,       0,       0,    8627,    4789,    3503,    3778,       0,       0,       0,    4780,       0,       0,     300,       0,    8567,    8583,      60,      44,  100.0,   44.7,   55.4,   51.9,    3.4,    1.7,    0.0,   27.9,    0.5,    0.0,   10.5,    0.1,   98.9,   99.5,    1.1,    0.5,  100.0,   44.7,   55.4,   51.9,    3.4,    1.7,    0.0,   27.9,    0.5,    0.0,   10.5,    0.1,   98.9,   99.5,    1.1,    0.5,  100.0,    0.0,    0.0,    0.0,    0.0,    0.0,    0.0,    0.0,    0.0,    0.0,    0.0,    0.0,    0.0,    0.0,    0.0,    0.0,     75,     30,     37,     11,.,      5,      0,      8,.,      0,      6,.,     44,     58,     75,     30,     37,     11,.,      5,      0,      8,.,      0,      6,.,     44,     58,      0,      0,      0,      0,      0,      0,      0,      0,      0,      0,      0,      0,      0,      0,    56.6,    40.9,    79.3,    54.3,    56.3,    40.6,    79.0,    53.6,    56.6,    40.9,    79.3,    54.3,    56.3,    40.6,    79.0,    53.6,     0.0,     0.0,     0.0,     0.0,     0.0,     0.0,     0.0,     0.0,2500 mmbtu,0233AM,IFED,023 ,N13,FutOnly
MICHCON FINANCIAL INDEX - ICE FUTURES ENERGY DIV,260901,2026-09-01,0233AN,IFED,01,023 ,   24669,   19351,   19666,    3643,     217,     372,       0,    3233,       0,     480,       0,       0,   23846,   23488,     823,    1181,   24669,   19351,   19666,    3643,     217,     372,       0,    3233,       0,     480,       0,       0,   23846,   23488,     823,    1181,       0,       0,       0,       0,       0,       0,       0,       0,       0,       0,       0,       0,       0,       0,       0,       0,     770,    1010,      68,    -612,       0,     372,       0,     198,       0,       0,       0,       0,     770,     638,       0,     132,  100.0,   78.4,   79.7,   14.8,    0.9,    1.5,    0.0,   13.1,    0.0,    1.9,    0.0,    0.0,   96.7,   95.2,    3.3,    4.8,  100.0,   78.4,   79.7,   14.8,    0.9,    1.5,    0.0,   13.1,    0.0,    1.9,    0.0,    0.0,   96.7,   95.2,    3.3,    4.8,  100.0,    0.0,    0.0,    0.0,    0.0,    0.0,    0.0,    0.0,    0.0,    0.0,    0.0,    0.0,    0.0,    0.0,    0.0,    0.0,     29,     14,     17,      4,.,.,      0,.,      0,.,      0,      0,     19,     21,     29,     14,     17,      4,.,.,      0,.,      0,.,      0,      0,     19,     21,      0,      0,      0,      0,      0,      0,      0,      0,      0,      0,      0,      0,      0,      0,    58.9,    42.5,    77.9,    67.4,    56.4,    40.8,    68.3,    62.3,    58.9,    42.5,    77.9,    67.4,    56.4,    40.8,    68.3,    62.3,     0.0,     0.0,     0.0,     0.0,     0.0,     0.0,     0.0,     0.0,"(Contracts of 2,500  MMBTU'S)",0233AN,IFED,023 ,N13,FutOnly
MICHCON BASIS - ICE FUTURES ENERGY DIV,260901,2026-09-01,0233AQ,IFED,01,023 ,  217601,  199216,  125843,       0,   56642,    2016,    2582,   22209,    1246,    1766,       0,    3173,  209999,  211129,    7602,    6472,  217601,  199216,  125843,       0,   56642,    2016,    2582,   22209,    1246,    1766,       0,    3173,  209999,  211129,    7602,    6472,       0,       0,       0,       0,       0,       0,       0,       0,       0,       0,       0,       0,       0,       0,       0,       0,    3972,    2369,    3479,       0,    2378,    -301,     -31,   -2714,     424,     -30,       0,     883,    3314,    4149,     658,    -177,  100.0,   91.6,   57.8,    0.0,   26.0,    0.9,    1.2,   10.2,    0.6,    0.8,    0.0,    1.5,   96.5,   97.0,    3.5,    3.0,  100.0,   91.6,   57.8,    0.0,   26.0,    0.9,    1.2,   10.2,    0.6,    0.8,    0.0,    1.5,   96.5,   97.0,    3.5,    3.0,  100.0,    0.0,    0.0,    0.0,    0.0,    0.0,    0.0,    0.0,    0.0,    0.0,    0.0,    0.0,    0.0,    0.0,    0.0,    0.0,     57,     34,     34,      0,      8,.,.,      6,.,.,      0,.,     44,     51,     57,     34,     34,      0,      8,.,.,      6,.,.,      0,.,     44,     51,      0,      0,      0,      0,      0,      0,      0,      0,      0,      0,      0,      0,      0,      0,    51.5,    29.9,    64.9,    49.6,    47.1,    28.2,    55.4,    44.6,    51.5,    29.9,    64.9,    49.6,    47.1,    28.2,    55.4,    44.6,     0.0,     0.0,     0.0,     0.0,     0.0,     0.0,     0.0,     0.0,2500 mmbtu,0233AQ,IFED,023 ,N13,FutOnly
NAT GAS LD1 for GDD -TEXOK - ICE FUTURES ENERGY DIV,260901,2026-09-01,0233AT,IFED,01,023 ,  153044,  133149,  136242,    9315,       0,    1812,    6700,   11582,     480,     489,     480,       0,  151945,  150596,    1099,    2448,  153044,  133149,  136242,    9315,       0,    1812,    6700,   11582,     480,     489,     480,       0,  151945,  150596,    1099,    2448,       0,       0,       0,       0,       0,       0,       0,       0,       0,       0,       0,       0,       0,       0,       0,       0,   10898,   10458,   10898,     620,       0,       0,    -930,    -420,     480,     210,       0,       0,   10838,   10958,      60,     -60,  100.0,   87.0,   89.0,    6.1,    0.0,    1.2,    4.4,    7.6,    0.3,    0.3,    0.3,    0.0,   99.3,   98.4,    0.7,    1.6,  100.0,   87.0,   89.0,    6.1,    0.0,    1.2,    4.4,    7.6,    0.3,    0.3,    0.3,    0.0,   99.3,   98.4,    0.7,    1.6,  100.0,    0.0,    0.0,    0.0,    0.0,    0.0,    0.0,    0.0,    0.0,    0.0,    0.0,    0.0,    0.0,    0.0,    0.0,    0.0,     50,     25,     23,      4,      0,.,      4,.,.,.,.,      0,     36,     28,     50,     25,     23,      4,      0,.,      4,.,.,.,.,      0,     36,     28,      0,      0,      0,      0,      0,      0,      0,      0,      0,      0,      0,      0,      0,      0,    73.8,    39.5,    86.7,    64.5,    71.5,    37.8,    83.1,    61.5,    73.8,    39.5,    86.7,    64.5,    71.5,    37.8,    83.1,    61.5,     0.0,     0.0,     0.0,     0.0,     0.0,     0.0,     0.0,     0.0,2500 mmbtu,0233AT,IFED,023 ,N13,FutOnly
ALGONQUIN CITYGATES INDEX - ICE FUTURES ENERGY DIV,260901,2026-09-01,0233AW,IFED,01,023 ,   31293,   15269,   28064,   12523,       0,       0,     310,       0,       0,       0,       0,       0,   28102,   28064,    3191,    3229,   31293,   15269,   28064,   12523,       0,       0,     310,       0,       0,       0,       0,       0,   28102,   28064,    3191,    3229,       0,       0,       0,       0,       0,       0,       0,       0,       0,       0,       0,       0,       0,       0,       0,       0,    3438,    3318,    3258,      90,       0,       0,       0,       0,       0,       0,       0,       0,    3408,    3258,      30,     180,  100.0,   48.8,   89.7,   40.0,    0.0,    0.0,    1.0,    0.0,    0.0,    0.0,    0.0,    0.0,   89.8,   89.7,   10.2,   10.3,  100.0,   48.8,   89.7,   40.0,    0.0,    0.0,    1.0,    0.0,    0.0,    0.0,    0.0,    0.0,   89.8,   89.7,   10.2,   10.3,  100.0,    0.0,    0.0,    0.0,    0.0,    0.0,    0.0,    0.0,    0.0,    0.0,    0.0,    0.0,    0.0,    0.0,    0.0,    0.0,     20,      9,     11,.,      0,      0,.,      0,      0,      0,      0,      0,     13,     11,     20,      9,     11,.,      0,      0,.,      0,      0,      0,      0,      0,     13,     11,      0,      0,      0,      0,      0,      0,      0,      0,      0,      0,      0,      0,      0,      0,    69.5,    75.5,    84.1,    86.9,    62.9,    73.5,    75.2,    78.4,    69.5,    75.5,    84.1,    86.9,    62.9,    73.5,    75.2,    78.4,     0.0,     0.0,     0.0,     0.0,     0.0,     0.0,     0.0,     0.0,mmbtu,0233AW,IFED,023 ,N13,FutOnly
NATURAL GAS INDEX: EP SAN JUAN - ICE FUTURES ENERGY DIV,260901,2026-09-01,0233AX,IFED,01,023 ,   17407,   13029,   14891,     541,     720,     790,       0,       0,       0,       0,       0,       0,   14360,   16401,    3047,    1006,   17407,   13029,   14891,     541,     720,     790,       0,       0,       0,       0,       0,       0,   14360,   16401,    3047,    1006,       0,       0,       0,       0,       0,       0,       0,       0,       0,       0,       0,       0,       0,       0,       0,       0,     280,    -512,     374,     274,       0,    -124,       0,       0,       0,       0,       0,       0,    -362,     250,     642,      30,  100.0,   74.8,   85.5,    3.1,    4.1,    4.5,    0.0,    0.0,    0.0,    0.0,    0.0,    0.0,   82.5,   94.2,   17.5,    5.8,  100.0,   74.8,   85.5,    3.1,    4.1,    4.5,    0.0,    0.0,    0.0,    0.0,    0.0,    0.0,   82.5,   94.2,   17.5,    5.8,  100.0,    0.0,    0.0,    0.0,    0.0,    0.0,    0.0,    0.0,    0.0,    0.0,    0.0,    0.0,    0.0,    0.0,    0.0,    0.0,     20,     10,     12,.,.,.,      0,      0,      0,      0,      0,      0,     12,     14,     20,     10,     12,.,.,.,      0,      0,      0,      0,      0,      0,     12,     14,      0,      0,      0,      0,      0,      0,      0,      0,      0,      0,      0,      0,      0,      0,    55.8,    50.6,    74.6,    74.6,    42.1,    42.3,    55.3,    59.7,    55.8,    50.6,    74.6,    74.6,    42.1,    42.3,    55.3,    59.7,     0.0,     0.0,     0.0,     0.0,     0.0,     0.0,     0.0,     0.0,2500 MMBtu,0233AX,IFED,023 ,N13,FutOnly
NGPL MIDCONT BASIS - ICE FUTURES ENERGY DIV,260901,2026-09-01,0233AY,IFED,01,023 ,   99402,   87730,   68207,     352,   13076,    2957,       0,    1552,     428,       0,       0,       0,   91467,   86220,    7935,   13182,   99402,   87730,   68207,     352,   13076,    2957,       0,    1552,     428,       0,       0,       0,   91467,   86220,    7935,   13182,       0,       0,       0,       0,       0,       0,       0,       0,       0,       0,       0,       0,       0,       0,       0,       0,      58,      58,      58,       0,       0,       0,       0,       0,       0,       0,       0,       0,      58,      58,       0,       0,  100.0,   88.3,   68.6,    0.4,   13.2,    3.0,    0.0,    1.6,    0.4,    0.0,    0.0,    0.0,   92.0,   86.7,    8.0,   13.3,  100.0,   88.3,   68.6,    0.4,   13.2,    3.0,    0.0,    1.6,    0.4,    0.0,    0.0,    0.0,   92.0,   86.7,    8.0,   13.3,  100.0,    0.0,    0.0,    0.0,    0.0,    0.0,    0.0,    0.0,    0.0,    0.0,    0.0,    0.0,    0.0,    0.0,    0.0,    0.0,     24,     15,     14,.,.,.,      0,.,.,      0,      0,      0,     19,     19,     24,     15,     14,.,.,.,      0,.,.,      0,      0,      0,     19,     19,      0,      0,      0,      0,      0,      0,      0,      0,      0,      0,      0,      0,      0,      0,    67.3,    50.1,    84.5,    72.9,    65.8,    48.1,    76.4,    66.4,    67.3,    50.1,    84.5,    72.9,    65.8,    48.1,    76.4,    66.4,     0.0,     0.0,     0.0,     0.0,     0.0,     0.0,     0.0,     0.0,2500 mmbtu,0233AY,IFED,023 ,N13,FutOnly
NGPL TXOK BASIS - ICE FUTURES ENERGY DIV,260901,2026-09-01,0233B1,IFED,01,023 ,  668950,  602974,  384226,   15270,  167465,   13127,   25380,   81362,    3557,    1333,    7933,    2529,  664170,  660199,    4780,    8751,  668950,  602974,  384226,   15270,  167465,   13127,   25380,   81362,    3557,    1333,    7933,    2529,  664170,  660199,    4780,    8751,       0,       0,       0,       0,       0,       0,       0,       0,       0,       0,       0,       0,       0,       0,       0,       0,   12859,   11348,    3778,   -1698,     123,    -398,    2166,    9697,     -13,    1333,    -467,    -120,   12618,   12600,     241,     259,  100.0,   90.1,   57.4,    2.3,   25.0,    2.0,    3.8,   12.2,    0.5,    0.2,    1.2,    0.4,   99.3,   98.7,    0.7,    1.3,  100.0,   90.1,   57.4,    2.3,   25.0,    2.0,    3.8,   12.2,    0.5,    0.2,    1.2,    0.4,   99.3,   98.7,    0.7,    1.3,  100.0,    0.0,    0.0,    0.0,    0.0,    0.0,    0.0,    0.0,    0.0,    0.0,    0.0,    0.0,    0.0,    0.0,    0.0,    0.0,     74,     40,     28,.,     10,      7,      4,      6,      4,.,      5,.,     57,     55,     74,     40,     28,.,     10,      7,      4,      6,      4,.,      5,.,     57,     55,      0,      0,      0,      0,      0,      0,      0,      0,      0,      0,      0,      0,      0,      0,    43.9,    56.6,    60.5,    69.0,    43.6,    54.9,    59.5,    66.2,    43.9,    56.6,    60.5,    69.0,    43.6,    54.9,    59.5,    66.2,     0.0,     0.0,     0.0,     0.0,     0.0,     0.0,     0.0,     0.0,2500 mmbtu,0233B1,IFED,023 ,N13,FutOnly
NNG VENTURA BASIS - ICE FUTURES ENERGY DIV,260901,2026-09-01,0233BB,IFED,01,023 ,  160904,   98536,  149304,   39458,    1297,    1280,       0,    4891,       0,       0,     629,     276,  139550,  157677,   21354,    3227,  160904,   98536,  149304,   39458,    1297,    1280,       0,    4891,       0,       0,     629,     276,  139550,  157677,   21354,    3227,       0,       0,       0,       0,       0,       0,       0,       0,       0,       0,       0,       0,       0,       0,       0,       0,    4818,    3772,    4842,    2743,       0,    -277,       0,     365,       0,       0,     150,       0,    6238,    5080,   -1420,    -262,  100.0,   61.2,   92.8,   24.5,    0.8,    0.8,    0.0,    3.0,    0.0,    0.0,    0.4,    0.2,   86.7,   98.0,   13.3,    2.0,  100.0,   61.2,   92.8,   24.5,    0.8,    0.8,    0.0,    3.0,    0.0,    0.0,    0.4,    0.2,   86.7,   98.0,   13.3,    2.0,  100.0,    0.0,    0.0,    0.0,    0.0,    0.0,    0.0,    0.0,    0.0,    0.0,    0.0,    0.0,    0.0,    0.0,    0.0,    0.0,     35,     19,     17,      6,.,.,      0,.,      0,      0,.,.,     27,     25,     35,     19,     17,      6,.,.,      0,.,      0,      0,.,.,     27,     25,      0,      0,      0,      0,      0,      0,      0,      0,      0,      0,      0,      0,      0,      0,    42.3,    65.6,    64.3,    80.8,    34.2,    64.2,    53.5,    73.3,    42.3,    65.6,    64.3,    80.8,    34.2,    64.2,    53.5,    73.3,     0.0,     0.0,     0.0,     0.0,     0.0,     0.0,     0.0,     0.0,2500 mmbtu,0233BB,IFED,023 ,N13,FutOnly
NWP SUMAS BASIS - ICE FUTURES ENERGY DIV,260901,2026-09-01,0233BC,IFED,01,023 ,   72129,   29428,   52593,   34443,    2401,    1286,     210,     303,       0,     839,       0,       0,   66206,   56583,    5923,   15546,   72129,   29428,   52593,   34443,    2401,    1286,     210,     303,       0,     839,       0,       0,   66206,   56583,    5923,   15546,       0,       0,       0,       0,       0,       0,       0,       0,       0,       0,       0,       0,       0,       0,       0,       0,     547,     182,     487,     426,     123,    -152,       0,       0,       0,      60,       0,       0,     516,     458,      31,      89,  100.0,   40.8,   72.9,   47.8,    3.3,    1.8,    0.3,    0.4,    0.0,    1.2,    0.0,    0.0,   91.8,   78.4,    8.2,   21.6,  100.0,   40.8,   72.9,   47.8,    3.3,    1.8,    0.3,    0.4,    0.0,    1.2,    0.0,    0.0,   91.8,   78.4,    8.2,   21.6,  100.0,    0.0,    0.0,    0.0,    0.0,    0.0,    0.0,    0.0,    0.0,    0.0,    0.0,    0.0,    0.0,    0.0,    0.0,    0.0,     22,      8,     11,      6,.,.,.,.,      0,.,      0,      0,     16,     15,     22,      8,     11,      6,.,.,.,.,      0,.,      0,      0,     16,     15,      0,      0,      0,      0,      0,      0,      0,      0,      0,      0,      0,      0,      0,      0,    62.1,    58.1,    80.1,    72.6,    61.7,    54.4,    75.4,    63.9,    62.1,    58.1,    80.1,    72.6,    61.7,    54.4,    75.4,    63.9,     0.0,     0.0,     0.0,     0.0,     0.0,     0.0,     0.0,     0.0,2500 mmbtu,0233BC,IFED,023 ,N13,FutOnly
NWP Rockies Index - ICE FUTURES ENERGY DIV,260901,2026-09-01,0233BD,IFED,01,023 ,   36144,   29581,   28372,    1767,    2272,       0,    2310,     698,    1299,       0,    1105,       0,   34957,   33746,    1187,    2398,   36144,   29581,   28372,    1767,    2272,       0,    2310,     698,    1299,       0,    1105,       0,   34957,   33746,    1187,    2398,       0,       0,       0,       0,       0,       0,       0,       0,       0,       0,       0,       0,       0,       0,       0,       0,    1601,    1571,    1631,       0,       0,       0,       0,       0,       0,       0,     -30,       0,    1571,    1601,      30,       0,  100.0,   81.8,   78.5,    4.9,    6.3,    0.0,    6.4,    1.9,    3.6,    0.0,    3.1,    0.0,   96.7,   93.4,    3.3,    6.6,  100.0,   81.8,   78.5,    4.9,    6.3,    0.0,    6.4,    1.9,    3.6,    0.0,    3.1,    0.0,   96.7,   93.4,    3.3,    6.6,  100.0,    0.0,    0.0,    0.0,    0.0,    0.0,    0.0,    0.0,    0.0,    0.0,    0.0,    0.0,    0.0,    0.0,    0.0,    0.0,     34,     17,     16,.,.,      0,.,.,.,      0,.,      0,     22,     22,     34,     17,     16,.,.,      0,.,.,.,      0,.,      0,     22,     22,      0,      0,      0,      0,      0,      0,      0,      0,      0,      0,      0,      0,      0,      0,    47.7,    53.9,    66.2,    70.5,    44.9,    53.9,    61.6,    65.5,    47.7,    53.9,    66.2,    70.5,    44.9,    53.9,    61.6,    65.5,     0.0,     0.0,     0.0,     0.0,     0.0,     0.0,     0.0,     0.0,2500 mmbtu,0233BD,IFED,023 ,N13,FutOnly
ONEOK GAS TRANSPORTATION BASIS - ICE FUTURES ENERGY DIV,260901,2026-09-01,0233BF,IFED,01,023 ,   70196,   58919,    8800,    5871,   54422,    1492,       0,       0,       0,       0,       0,       0,   66282,   64714,    3914,    5482,   70196,   58919,    8800,    5871,   54422,    1492,       0,       0,       0,       0,       0,       0,   66282,   64714,    3914,    5482,       0,       0,       0,       0,       0,       0,       0,       0,       0,       0,       0,       0,       0,       0,       0,       0,     560,    -106,     586,     302,       0,       0,       0,       0,       0,       0,       0,       0,     196,     586,     364,     -26,  100.0,   83.9,   12.5,    8.4,   77.5,    2.1,    0.0,    0.0,    0.0,    0.0,    0.0,    0.0,   94.4,   92.2,    5.6,    7.8,  100.0,   83.9,   12.5,    8.4,   77.5,    2.1,    0.0,    0.0,    0.0,    0.0,    0.0,    0.0,   94.4,   92.2,    5.6,    7.8,  100.0,    0.0,    0.0,    0.0,    0.0,    0.0,    0.0,    0.0,    0.0,    0.0,    0.0,    0.0,    0.0,    0.0,    0.0,    0.0,     20,      7,      8,      4,      6,.,      0,      0,      0,      0,      0,      0,     11,     17,     20,      7,      8,      4,      6,.,      0,      0,      0,      0,      0,      0,     11,     17,      0,      0,      0,      0,      0,      0,      0,      0,      0,      0,      0,      0,      0,      0,    75.9,    69.4,    90.3,    85.9,    73.9,    69.4,    87.1,    84.7,    75.9,    69.4,    90.3,    85.9,    73.9,    69.4,    87.1,    84.7,     0.0,     0.0,     0.0,     0.0,     0.0,     0.0,     0.0,     0.0,2500 mmbtu,0233BF,IFED,023 ,N13,FutOnly
MALIN (BASIS) - ICE FUTURES ENERGY DIV,260901,2026-09-01,0233BH,IFED,01,023 ,  137260,  102464,  103778,   15501,   14973,    5116,     465,    7786,    3487,       0,       0,       0,  127033,  135140,   10227,    2120,  137260,  102464,  103778,   15501,   14973,    5116,     465,    7786,    3487,       0,       0,       0,  127033,  135140,   10227,    2120,       0,       0,       0,       0,       0,       0,       0,       0,       0,       0,       0,       0,       0,       0,       0,       0,    1558,    1137,    1681,     306,    -214,     122,       0,       0,       0,    -277,       0,     -30,    1258,    1559,     300,      -1,  100.0,   74.6,   75.6,   11.3,   10.9,    3.7,    0.3,    5.7,    2.5,    0.0,    0.0,    0.0,   92.5,   98.5,    7.5,    1.5,  100.0,   74.6,   75.6,   11.3,   10.9,    3.7,    0.3,    5.7,    2.5,    0.0,    0.0,    0.0,   92.5,   98.5,    7.5,    1.5,  100.0,    0.0,    0.0,    0.0,    0.0,    0.0,    0.0,    0.0,    0.0,    0.0,    0.0,    0.0,    0.0,    0.0,    0.0,    0.0,     29,     13,     16,      5,.,      6,.,.,.,      0,      0,      0,     23,     25,     29,     13,     16,      5,.,      6,.,.,.,      0,      0,      0,     23,     25,      0,      0,      0,      0,      0,      0,      0,      0,      0,      0,      0,      0,      0,      0,    66.9,    59.6,    79.2,    81.8,    58.9,    52.2,    66.2,    68.7,    66.9,    59.6,    79.2,    81.8,    58.9,    52.2,    66.2,    68.7,     0.0,     0.0,     0.0,     0.0,     0.0,     0.0,     0.0,     0.0,2500 mmbtu,0233BH,IFED,023 ,N13,FutOnly
PANHANDLE BASIS - ICE FUTURES ENERGY DIV,260901,2026-09-01,0233BL,IFED,01,023 ,  203891,  146825,   70843,    9112,  108124,   11080,   16355,     349,    2529,    1491,     306,     216,  187608,  193447,   16283,   10444,  203891,  146825,   70843,    9112,  108124,   11080,   16355,     349,    2529,    1491,     306,     216,  187608,  193447,   16283,   10444,       0,       0,       0,       0,       0,       0,       0,       0,       0,       0,       0,       0,       0,       0,       0,       0,    1422,    2348,    2220,     239,    -849,     209,   -1398,     110,     324,       0,       0,       0,    1722,    2014,    -300,    -592,  100.0,   72.0,   34.7,    4.5,   53.0,    5.4,    8.0,    0.2,    1.2,    0.7,    0.1,    0.1,   92.0,   94.9,    8.0,    5.1,  100.0,   72.0,   34.7,    4.5,   53.0,    5.4,    8.0,    0.2,    1.2,    0.7,    0.1,    0.1,   92.0,   94.9,    8.0,    5.1,  100.0,    0.0,    0.0,    0.0,    0.0,    0.0,    0.0,    0.0,    0.0,    0.0,    0.0,    0.0,    0.0,    0.0,    0.0,    0.0,     44,     23,     19,.,     10,      9,.,.,      4,.,.,.,     38,     37,     44,     23,     19,.,     10,      9,.,.,      4,.,.,.,     38,     37,      0,      0,      0,      0,      0,      0,      0,      0,      0,      0,      0,      0,      0,      0,    40.1,    42.2,    54.9,    65.4,    34.4,    40.8,    45.9,    58.2,    40.1,    42.2,    54.9,    65.4,    34.4,    40.8,    45.9,    58.2,     0.0,     0.0,     0.0,     0.0,     0.0,     0.0,     0.0,     0.0,2500 mmbtu,0233BL,IFED,023 ,N13,FutOnly
PG&E - CITYGATE (INDEX) - ICE FUTURES ENERGY DIV,260901,2026-09-01,0233BQ,IFED,01,023 ,   36750,   29294,   32989,     303,       0,       0,    2072,       0,     600,       0,    2123,       0,   32269,   35712,    4481,    1038,   36750,   29294,   32989,     303,       0,       0,    2072,       0,     600,       0,    2123,       0,   32269,   35712,    4481,    1038,       0,       0,       0,       0,       0,       0,       0,       0,       0,       0,       0,       0,       0,       0,       0,       0,     240,     240,       0,       0,       0,       0,       0,       0,       0,       0,     150,       0,     240,     150,       0,      90,  100.0,   79.7,   89.8,    0.8,    0.0,    0.0,    5.6,    0.0,    1.6,    0.0,    5.8,    0.0,   87.8,   97.2,   12.2,    2.8,  100.0,   79.7,   89.8,    0.8,    0.0,    0.0,    5.6,    0.0,    1.6,    0.0,    5.8,    0.0,   87.8,   97.2,   12.2,    2.8,  100.0,    0.0,    0.0,    0.0,    0.0,    0.0,    0.0,    0.0,    0.0,    0.0,    0.0,    0.0,    0.0,    0.0,    0.0,    0.0,     27,     14,      9,.,      0,      0,.,      0,.,      0,.,      0,     18,     14,     27,     14,      9,.,      0,      0,.,      0,.,      0,.,      0,     18,     14,      0,      0,      0,      0,      0,      0,      0,      0,      0,      0,      0,      0,      0,      0,    61.8,    69.4,    73.2,    91.6,    61.8,    68.1,    72.2,    89.9,    61.8,    69.4,    73.2,    91.6,    61.8,    68.1,    72.2,    89.9,     0.0,     0.0,     0.0,     0.0,     0.0,     0.0,     0.0,     0.0,2500 mmbtu,0233BQ,IFED,023 ,N13,FutOnly
SOCAL (INDEX) - ICE FUTURES ENERGY DIV,260901,2026-09-01,0233BW,IFED,01,023 ,   24291,   11978,   19032,    3961,      91,     368,    5357,    2070,     981,     630,     341,      31,   23306,   22914,     985,    1377,   24291,   11978,   19032,    3961,      91,     368,    5357,    2070,     981,     630,     341,      31,   23306,   22914,     985,    1377,       0,       0,       0,       0,       0,       0,       0,       0,       0,       0,       0,       0,       0,       0,       0,       0,     248,     248,     248,       0,       0,       0,       0,       0,       0,       0,       0,       0,     248,     248,       0,       0,  100.0,   49.3,   78.3,   16.3,    0.4,    1.5,   22.1,    8.5,    4.0,    2.6,    1.4,    0.1,   95.9,   94.3,    4.1,    5.7,  100.0,   49.3,   78.3,   16.3,    0.4,    1.5,   22.1,    8.5,    4.0,    2.6,    1.4,    0.1,   95.9,   94.3,    4.1,    5.7,  100.0,    0.0,    0.0,    0.0,    0.0,    0.0,    0.0,    0.0,    0.0,    0.0,    0.0,    0.0,    0.0,    0.0,    0.0,    0.0,     31,     13,     10,.,.,.,.,.,.,.,.,.,     23,     17,     31,     13,     10,.,.,.,.,.,.,.,.,.,     23,     17,      0,      0,      0,      0,      0,      0,      0,      0,      0,      0,      0,      0,      0,      0,    44.2,    73.7,    68.8,    84.4,    42.0,    64.6,    64.0,    72.9,    44.2,    73.7,    68.8,    84.4,    42.0,    64.6,    64.0,    72.9,     0.0,     0.0,     0.0,     0.0,     0.0,     0.0,     0.0,     0.0,2500 mmbtu,0233BW,IFED,023 ,N13,FutOnly
SOCAL CITYGATE FINANCIAL BASIS - ICE FUTURES ENERGY DIV,260901,2026-09-01,0233BY,IFED,01,023 ,   38624,   22965,   32863,    9341,    1692,     384,     420,     240,       0,     572,     486,     514,   34196,   36179,    4428,    2445,   38624,   22965,   32863,    9341,    1692,     384,     420,     240,       0,     572,     486,     514,   34196,   36179,    4428,    2445,       0,       0,       0,       0,       0,       0,       0,       0,       0,       0,       0,       0,       0,       0,       0,       0,    1636,    1453,    1538,       0,    -241,      31,       0,       0,       0,       0,     184,       0,    1484,    1512,     152,     124,  100.0,   59.5,   85.1,   24.2,    4.4,    1.0,    1.1,    0.6,    0.0,    1.5,    1.3,    1.3,   88.5,   93.7,   11.5,    6.3,  100.0,   59.5,   85.1,   24.2,    4.4,    1.0,    1.1,    0.6,    0.0,    1.5,    1.3,    1.3,   88.5,   93.7,   11.5,    6.3,  100.0,    0.0,    0.0,    0.0,    0.0,    0.0,    0.0,    0.0,    0.0,    0.0,    0.0,    0.0,    0.0,    0.0,    0.0,    0.0,     25,     12,     13,.,.,.,.,.,      0,.,.,.,     19,     18,     25,     12,     13,.,.,.,.,.,      0,.,.,.,     19,     18,      0,      0,      0,      0,      0,      0,      0,      0,      0,      0,      0,      0,      0,      0,    51.7,    63.9,    75.6,    84.5,    50.9,    49.9,    63.5,    68.9,    51.7,    63.9,    75.6,    84.5,    50.9,    49.9,    63.5,    68.9,     0.0,     0.0,     0.0,     0.0,     0.0,     0.0,     0.0,     0.0,MMBtu,0233BY,IFED,023 ,N13,FutOnly
SONAT - TIER 1 POOL (ZONE 0) - ICE FUTURES ENERGY DIV,260901,2026-09-01,0233C1,IFED,01,023 ,   86005,   63798,   68292,    1394,    5835,    5094,    3710,       0,     459,    1035,       0,     182,   75672,   79862,   10333,    6143,   86005,   63798,   68292,    1394,    5835,    5094,    3710,       0,     459,    1035,       0,     182,   75672,   79862,   10333,    6143,       0,       0,       0,       0,       0,       0,       0,       0,       0,       0,       0,       0,       0,       0,       0,       0,     849,    1542,     766,       0,    -954,    -484,       0,       0,       0,      31,       0,     -31,    1058,    -703,    -209,    1552,  100.0,   74.2,   79.4,    1.6,    6.8,    5.9,    4.3,    0.0,    0.5,    1.2,    0.0,    0.2,   88.0,   92.9,   12.0,    7.1,  100.0,   74.2,   79.4,    1.6,    6.8,    5.9,    4.3,    0.0,    0.5,    1.2,    0.0,    0.2,   88.0,   92.9,   12.0,    7.1,  100.0,    0.0,    0.0,    0.0,    0.0,    0.0,    0.0,    0.0,    0.0,    0.0,    0.0,    0.0,    0.0,    0.0,    0.0,    0.0,     30,     13,     18,.,.,.,.,      0,.,.,      0,.,     19,     24,     30,     13,     18,.,.,.,.,      0,.,.,      0,.,     19,     24,      0,      0,      0,      0,      0,      0,      0,      0,      0,      0,      0,      0,      0,      0,    59.4,    52.8,    77.3,    68.9,    51.3,    47.9,    66.4,    61.6,    59.4,    52.8,    77.3,    68.9,    51.3,    47.9,    66.4,    61.6,     0.0,     0.0,     0.0,     0.0,     0.0,     0.0,     0.0,     0.0,2500 mmbtu,0233C1,IFED,023 ,N13,FutOnly
TETCO WLA BASIS - ICE FUTURES ENERGY DIV,260901,2026-09-01,0233CC,IFED,01,023 ,  131347,  104725,   83796,   15877,    8692,    6480,       0,   30595,       0,       0,       0,       0,  127082,  129563,    4265,    1784,  131347,  104725,   83796,   15877,    8692,    6480,       0,   30595,       0,       0,       0,       0,  127082,  129563,    4265,    1784,       0,       0,       0,       0,       0,       0,       0,       0,       0,       0,       0,       0,       0,       0,       0,       0,       0,       0,       0,       0,       0,       0,       0,     -31,       0,       0,       0,       0,       0,     -31,       0,      31,  100.0,   79.7,   63.8,   12.1,    6.6,    4.9,    0.0,   23.3,    0.0,    0.0,    0.0,    0.0,   96.8,   98.6,    3.2,    1.4,  100.0,   79.7,   63.8,   12.1,    6.6,    4.9,    0.0,   23.3,    0.0,    0.0,    0.0,    0.0,   96.8,   98.6,    3.2,    1.4,  100.0,    0.0,    0.0,    0.0,    0.0,    0.0,    0.0,    0.0,    0.0,    0.0,    0.0,    0.0,    0.0,    0.0,    0.0,    0.0,     39,     19,     15,      4,.,      4,      0,      4,      0,      0,      0,      0,     25,     24,     39,     19,     15,      4,.,      4,      0,      4,      0,      0,      0,      0,     25,     24,      0,      0,      0,      0,      0,      0,      0,      0,      0,      0,      0,      0,      0,      0,    51.7,    60.9,    74.5,    79.4,    51.7,    57.8,    73.6,    74.4,    51.7,    60.9,    74.5,    79.4,    51.7,    57.8,    73.6,    74.4,     0.0,     0.0,     0.0,     0.0,     0.0,     0.0,     0.0,     0.0,mmbtu,0233CC,IFED,023 ,N13,FutOnly
TETCO ELA BASIS - ICE FUTURES ENERGY DIV,260901,2026-09-01,0233CF,IFED,01,023 ,   76024,   49004,   65063,   20441,    1708,    3305,    1541,    1080,       0,       0,       0,       0,   74291,   71156,    1733,    4868,   76024,   49004,   65063,   20441,    1708,    3305,    1541,    1080,       0,       0,       0,       0,   74291,   71156,    1733,    4868,       0,       0,       0,       0,       0,       0,       0,       0,       0,       0,       0,       0,       0,       0,       0,       0,     302,     302,     302,       0,       0,       0,       0,       0,       0,       0,       0,       0,     302,     302,       0,       0,  100.0,   64.5,   85.6,   26.9,    2.2,    4.3,    2.0,    1.4,    0.0,    0.0,    0.0,    0.0,   97.7,   93.6,    2.3,    6.4,  100.0,   64.5,   85.6,   26.9,    2.2,    4.3,    2.0,    1.4,    0.0,    0.0,    0.0,    0.0,   97.7,   93.6,    2.3,    6.4,  100.0,    0.0,    0.0,    0.0,    0.0,    0.0,    0.0,    0.0,    0.0,    0.0,    0.0,    0.0,    0.0,    0.0,    0.0,    0.0,     21,      6,     10,      5,.,.,.,.,      0,      0,      0,      0,     12,     16,     21,      6,     10,      5,.,.,.,.,      0,      0,      0,      0,     12,     16,      0,      0,      0,      0,      0,      0,      0,      0,      0,      0,      0,      0,      0,      0,    68.3,    69.3,    90.9,    85.5,    64.5,    63.6,    81.3,    78.1,    68.3,    69.3,    90.9,    85.5,    64.5,    63.6,    81.3,    78.1,     0.0,     0.0,     0.0,     0.0,     0.0,     0.0,     0.0,     0.0,mmbtu,0233CF,IFED,023 ,N13,FutOnly
TETCO M3 INDEX - ICE FUTURES ENERGY DIV,260901,2026-09-01,0233CG,IFED,01,023 ,   67147,   36479,   57530,   23203,       0,    5312,     775,     582,       0,     430,       0,       0,   66199,   63424,     948,    3723,   67147,   36479,   57530,   23203,       0,    5312,     775,     582,       0,     430,       0,       0,   66199,   63424,     948,    3723,       0,       0,       0,       0,       0,       0,       0,       0,       0,       0,       0,       0,       0,       0,       0,       0,    2230,    1810,    2354,     360,       0,       0,       0,       0,       0,       0,       0,       0,    2170,    2354,      60,    -124,  100.0,   54.3,   85.7,   34.6,    0.0,    7.9,    1.2,    0.9,    0.0,    0.6,    0.0,    0.0,   98.6,   94.5,    1.4,    5.5,  100.0,   54.3,   85.7,   34.6,    0.0,    7.9,    1.2,    0.9,    0.0,    0.6,    0.0,    0.0,   98.6,   94.5,    1.4,    5.5,  100.0,    0.0,    0.0,    0.0,    0.0,    0.0,    0.0,    0.0,    0.0,    0.0,    0.0,    0.0,    0.0,    0.0,    0.0,    0.0,     30,      6,     17,      5,      0,.,.,.,      0,.,      0,      0,     13,     21,     30,      6,     17,      5,      0,.,.,.,      0,.,      0,      0,     13,     21,      0,      0,      0,      0,      0,      0,      0,      0,      0,      0,      0,      0,      0,      0,    69.1,    52.7,    93.5,    74.7,    69.1,    44.9,    80.0,    66.5,    69.1,    52.7,    93.5,    74.7,    69.1,    44.9,    80.0,    66.5,     0.0,     0.0,     0.0,     0.0,     0.0,     0.0,     0.0,     0.0,2500 mmbtu,0233CG,IFED,023 ,N13,FutOnly
TETCO M3 BASIS - ICE FUTURES ENERGY DIV,260901,2026-09-01,0233CH,IFED,01,023 ,  173613,  103317,  123600,   38714,   21356,    8922,    2372,    6935,    4790,    4521,    1710,     245,  162881,  167558,   10732,    6055,  173613,  103317,  123600,   38714,   21356,    8922,    2372,    6935,    4790,    4521,    1710,     245,  162881,  167558,   10732,    6055,       0,       0,       0,       0,       0,       0,       0,       0,       0,       0,       0,       0,       0,       0,       0,       0,     581,     849,    -306,    -246,     132,     695,    -389,    -511,     420,    -912,       0,     245,     662,     675,     -81,     -94,  100.0,   59.5,   71.2,   22.3,   12.3,    5.1,    1.4,    4.0,    2.8,    2.6,    1.0,    0.1,   93.8,   96.5,    6.2,    3.5,  100.0,   59.5,   71.2,   22.3,   12.3,    5.1,    1.4,    4.0,    2.8,    2.6,    1.0,    0.1,   93.8,   96.5,    6.2,    3.5,  100.0,    0.0,    0.0,    0.0,    0.0,    0.0,    0.0,    0.0,    0.0,    0.0,    0.0,    0.0,    0.0,    0.0,    0.0,    0.0,     48,     17,     22,      6,      7,      8,.,      4,      4,.,.,.,     32,     41,     48,     17,     22,      6,      7,      8,.,      4,      4,.,.,.,     32,     41,      0,      0,      0,      0,      0,      0,      0,      0,      0,      0,      0,      0,      0,      0,    43.9,    35.5,    65.5,    52.0,    40.8,    35.4,    61.3,    49.7,    43.9,    35.5,    65.5,    52.0,    40.8,    35.4,    61.3,    49.7,     0.0,     0.0,     0.0,     0.0,     0.0,     0.0,     0.0,     0.0,2500 mm btu,0233CH,IFED,023 ,N13,FutOnly
TGT ZONE 1 BASIS - ICE FUTURES ENERGY DIV,260901,2026-09-01,0233CM,IFED,01,023 ,  232434,  197933,  136619,   11050,   67269,   13547,    6229,       0,       0,       0,       0,       0,  228759,  217435,    3675,   14999,  232434,  197933,  136619,   11050,   67269,   13547,    6229,       0,       0,       0,       0,       0,  228759,  217435,    3675,   14999,       0,       0,       0,       0,       0,       0,       0,       0,       0,       0,       0,       0,       0,       0,       0,       0,    2981,    3105,    1044,     -30,    1907,      30,    -124,       0,       0,       0,       0,       0,    2981,    2981,       0,       0,  100.0,   85.2,   58.8,    4.8,   28.9,    5.8,    2.7,    0.0,    0.0,    0.0,    0.0,    0.0,   98.4,   93.5,    1.6,    6.5,  100.0,   85.2,   58.8,    4.8,   28.9,    5.8,    2.7,    0.0,    0.0,    0.0,    0.0,    0.0,   98.4,   93.5,    1.6,    6.5,  100.0,    0.0,    0.0,    0.0,    0.0,    0.0,    0.0,    0.0,    0.0,    0.0,    0.0,    0.0,    0.0,    0.0,    0.0,    0.0,     39,     25,     19,.,      5,      6,.,      0,      0,      0,      0,      0,     33,     27,     39,     25,     19,.,      5,      6,.,      0,      0,      0,      0,      0,     33,     27,      0,      0,      0,      0,      0,      0,      0,      0,      0,      0,      0,      0,      0,      0,    44.7,    58.5,    73.1,    78.5,    43.9,    57.0,    67.6,    73.8,    44.7,    58.5,    73.1,    78.5,    43.9,    57.0,    67.6,    73.8,     0.0,     0.0,     0.0,     0.0,     0.0,     0.0,     0.0,     0.0,2500 MMBtus,0233CM,IFED,023 ,N13,FutOnly
TRANSCO STN 85 MONTHLY INDEX - ICE FUTURES ENERGY DIV,260901,2026-09-01,0233CS,IFED,01,023 ,   67577,   42751,   46729,    2760,    6553,     704,   17932,    3132,    2135,     210,    7378,       0,   66492,   66631,    1085,     946,   67577,   42751,   46729,    2760,    6553,     704,   17932,    3132,    2135,     210,    7378,       0,   66492,   66631,    1085,     946,       0,       0,       0,       0,       0,       0,       0,       0,       0,       0,       0,       0,       0,       0,       0,       0,     -60,    1080,       8,      30,       0,     210,   -1518,       0,       0,       0,    -150,       0,    -198,      68,     138,    -128,  100.0,   63.3,   69.1,    4.1,    9.7,    1.0,   26.5,    4.6,    3.2,    0.3,   10.9,    0.0,   98.4,   98.6,    1.6,    1.4,  100.0,   63.3,   69.1,    4.1,    9.7,    1.0,   26.5,    4.6,    3.2,    0.3,   10.9,    0.0,   98.4,   98.6,    1.6,    1.4,  100.0,    0.0,    0.0,    0.0,    0.0,    0.0,    0.0,    0.0,    0.0,    0.0,    0.0,    0.0,    0.0,    0.0,    0.0,    0.0,     46,     18,     21,.,      4,.,      5,      4,.,.,.,      0,     28,     33,     46,     18,     21,.,      4,.,      5,      4,.,.,.,      0,     28,     33,      0,      0,      0,      0,      0,      0,      0,      0,      0,      0,      0,      0,      0,      0,    44.4,    50.4,    71.3,    68.7,    44.4,    50.1,    71.0,    66.7,    44.4,    50.4,    71.3,    68.7,    44.4,    50.1,    71.0,    66.7,     0.0,     0.0,     0.0,     0.0,     0.0,     0.0,     0.0,     0.0,mmbtu,0233CS,IFED,023 ,N13,FutOnly
TRANSCO ZONE 6 BASIS - ICE FUTURES ENERGY DIV,260901,2026-09-01,0233CU,IFED,01,023 ,  278461,  156681,  190984,   92628,   46202,   10439,    4053,   11393,    4343,     466,    7939,    1774,  270384,  273074,    8077,    5387,  278461,  156681,  190984,   92628,   46202,   10439,    4053,   11393,    4343,     466,    7939,    1774,  270384,  273074,    8077,    5387,       0,       0,       0,       0,       0,       0,       0,       0,       0,       0,       0,       0,       0,       0,       0,       0,    3452,    1660,     930,    1202,    1045,      72,     -32,     -54,     -89,     -62,     162,     365,    3116,    2431,     336,    1021,  100.0,   56.3,   68.6,   33.3,   16.6,    3.7,    1.5,    4.1,    1.6,    0.2,    2.9,    0.6,   97.1,   98.1,    2.9,    1.9,  100.0,   56.3,   68.6,   33.3,   16.6,    3.7,    1.5,    4.1,    1.6,    0.2,    2.9,    0.6,   97.1,   98.1,    2.9,    1.9,  100.0,    0.0,    0.0,    0.0,    0.0,    0.0,    0.0,    0.0,    0.0,    0.0,    0.0,    0.0,    0.0,    0.0,    0.0,    0.0,     55,     27,     22,      5,      6,      6,.,      4,.,.,.,      4,     43,     40,     55,     27,     22,      5,      6,      6,.,      4,.,.,.,      4,     43,     40,      0,      0,      0,      0,      0,      0,      0,      0,      0,      0,      0,      0,      0,      0,    39.3,    53.2,    61.6,    67.4,    37.9,    52.7,    58.2,    64.5,    39.3,    53.2,    61.6,    67.4,    37.9,    52.7,    58.2,    64.5,     0.0,     0.0,     0.0,     0.0,     0.0,     0.0,     0.0,     0.0,mmbtu,0233CU,IFED,023 ,N13,FutOnly
TRANSCO ZONE 6 MONTHLY INDEX - ICE FUTURES ENERGY DIV,260901,2026-09-01,0233CV,IFED,01,023 ,  135853,   48052,  118427,   79451,    1044,    3424,       0,    1857,       0,       0,    6744,       0,  130927,  131496,    4926,    4357,  135853,   48052,  118427,   79451,    1044,    3424,       0,    1857,       0,       0,    6744,       0,  130927,  131496,    4926,    4357,       0,       0,       0,       0,       0,       0,       0,       0,       0,       0,       0,       0,       0,       0,       0,       0,    4044,    1418,    3169,    1842,      60,       0,       0,      60,       0,       0,       0,       0,    3260,    3289,     784,     755,  100.0,   35.4,   87.2,   58.5,    0.8,    2.5,    0.0,    1.4,    0.0,    0.0,    5.0,    0.0,   96.4,   96.8,    3.6,    3.2,  100.0,   35.4,   87.2,   58.5,    0.8,    2.5,    0.0,    1.4,    0.0,    0.0,    5.0,    0.0,   96.4,   96.8,    3.6,    3.2,  100.0,    0.0,    0.0,    0.0,    0.0,    0.0,    0.0,    0.0,    0.0,    0.0,    0.0,    0.0,    0.0,    0.0,    0.0,    0.0,     31,      9,     16,      6,.,.,      0,.,      0,      0,.,      0,     15,     22,     31,      9,     16,      6,.,.,      0,.,      0,      0,.,      0,     15,     22,      0,      0,      0,      0,      0,      0,      0,      0,      0,      0,      0,      0,      0,      0,    73.9,    65.2,    91.3,    81.6,    73.9,    65.2,    90.4,    80.8,    73.9,    65.2,    91.3,    81.6,    73.9,    65.2,    90.4,    80.8,     0.0,     0.0,     0.0,     0.0,     0.0,     0.0,     0.0,     0.0,mmbtu,0233CV,IFED,023 ,N13,FutOnly
TRANSCO STATION 85-ZONE 4 BASI - ICE FUTURES ENERGY DIV,260901,2026-09-01,0233CW,IFED,01,023 ,  299298,  167024,  223840,   27953,   19014,   15897,   63581,    5908,   12095,       0,   16904,    2936,  289486,  296594,    9812,    2704,  299298,  167024,  223840,   27953,   19014,   15897,   63581,    5908,   12095,       0,   16904,    2936,  289486,  296594,    9812,    2704,       0,       0,       0,       0,       0,       0,       0,       0,       0,       0,       0,       0,       0,       0,       0,       0,    4434,    9429,    9365,     -63,   -8787,    3416,   -3434,    2059,   -1180,    -540,    -184,    -564,    7064,    4125,   -2630,     309,  100.0,   55.8,   74.8,    9.3,    6.4,    5.3,   21.2,    2.0,    4.0,    0.0,    5.6,    1.0,   96.7,   99.1,    3.3,    0.9,  100.0,   55.8,   74.8,    9.3,    6.4,    5.3,   21.2,    2.0,    4.0,    0.0,    5.6,    1.0,   96.7,   99.1,    3.3,    0.9,  100.0,    0.0,    0.0,    0.0,    0.0,    0.0,    0.0,    0.0,    0.0,    0.0,    0.0,    0.0,    0.0,    0.0,    0.0,    0.0,     71,     30,     40,      6,.,      7,      9,.,      6,      0,      5,.,     51,     60,     71,     30,     40,      6,.,      7,      9,.,      6,      0,      5,.,     51,     60,      0,      0,      0,      0,      0,      0,      0,      0,      0,      0,      0,      0,      0,      0,    31.5,    31.2,    52.5,    48.1,    25.8,    25.6,    41.4,    40.4,    31.5,    31.2,    52.5,    48.1,    25.8,    25.6,    41.4,    40.4,     0.0,     0.0,     0.0,     0.0,     0.0,     0.0,     0.0,     0.0,2500 mm btu,0233CW,IFED,023 ,N13,FutOnly
WAHA INDEX  - ICE FUTURES ENERGY DIV,260901,2026-09-01,0233D4,IFED,01,023 ,  101146,   93683,   75144,    3439,   19060,       0,    1061,       0,     961,     148,    2515,      62,   99354,   97742,    1792,    3404,  101146,   93683,   75144,    3439,   19060,       0,    1061,       0,     961,     148,    2515,      62,   99354,   97742,    1792,    3404,       0,       0,       0,       0,       0,       0,       0,       0,       0,       0,       0,       0,       0,       0,       0,       0,     564,    -438,     566,       0,     180,       0,     672,       0,       0,     148,       0,      62,     444,     808,     120,    -244,  100.0,   92.6,   74.3,    3.4,   18.8,    0.0,    1.0,    0.0,    1.0,    0.1,    2.5,    0.1,   98.2,   96.6,    1.8,    3.4,  100.0,   92.6,   74.3,    3.4,   18.8,    0.0,    1.0,    0.0,    1.0,    0.1,    2.5,    0.1,   98.2,   96.6,    1.8,    3.4,  100.0,    0.0,    0.0,    0.0,    0.0,    0.0,    0.0,    0.0,    0.0,    0.0,    0.0,    0.0,    0.0,    0.0,    0.0,    0.0,     45,     22,     20,      4,      7,      0,.,      0,.,.,.,.,     28,     31,     45,     22,     20,      4,      7,      0,.,      0,.,.,.,.,     28,     31,      0,      0,      0,      0,      0,      0,      0,      0,      0,      0,      0,      0,      0,      0,    56.3,    57.4,    77.3,    77.0,    55.3,    55.9,    74.7,    68.1,    56.3,    57.4,    77.3,    77.0,    55.3,    55.9,    74.7,    68.1,     0.0,     0.0,     0.0,     0.0,     0.0,     0.0,     0.0,     0.0,2500 mm btu,0233D4,IFED,023 ,N13,FutOnly
TGT ZONE 1 INDEX DIFF - ICE FUTURES ENERGY DIV,260901,2026-09-01,0233DC,IFED,01,023 ,   19711,   14474,   18146,       0,     774,       0,    4870,       0,       0,       0,       0,       0,   19344,   18920,     367,     791,   19711,   14474,   18146,       0,     774,       0,    4870,       0,       0,       0,       0,       0,   19344,   18920,     367,     791,       0,       0,       0,       0,       0,       0,       0,       0,       0,       0,       0,       0,       0,       0,       0,       0,.,.,.,.,.,.,.,.,.,.,.,.,.,.,.,.,  100.0,   73.4,   92.1,    0.0,    3.9,    0.0,   24.7,    0.0,    0.0,    0.0,    0.0,    0.0,   98.1,   96.0,    1.9,    4.0,  100.0,   73.4,   92.1,    0.0,    3.9,    0.0,   24.7,    0.0,    0.0,    0.0,    0.0,    0.0,   98.1,   96.0,    1.9,    4.0,  100.0,    0.0,    0.0,    0.0,    0.0,    0.0,    0.0,    0.0,    0.0,    0.0,    0.0,    0.0,    0.0,    0.0,    0.0,    0.0,     23,      8,     13,      0,.,      0,.,      0,      0,      0,      0,      0,     10,     14,     23,      8,     13,      0,.,      0,.,      0,      0,      0,      0,      0,     10,     14,      0,      0,      0,      0,      0,      0,      0,      0,      0,      0,      0,      0,      0,      0,    78.3,    59.8,    94.5,    82.3,    78.3,    57.0,    93.5,    79.1,    78.3,    59.8,    94.5,    82.3,    78.3,    57.0,    93.5,    79.1,     0.0,     0.0,     0.0,     0.0,     0.0,     0.0,     0.0,     0.0,"Any Multiple of 2,500",0233DC,IFED,023 ,N13,FutOnly
TETCO M2 Basis (Receipts) - ICE FUTURES ENERGY DIV,260901,2026-09-01,0233DR,IFED,01,023 ,  579306,  510578,   20379,    6809,  529813,   14130,   32521,    4657,    1862,    1534,     752,    4671,  572105,  576264,    7201,    3042,  579306,  510578,   20379,    6809,  529813,   14130,   32521,    4657,    1862,    1534,     752,    4671,  572105,  576264,    7201,    3042,       0,       0,       0,       0,       0,       0,       0,       0,       0,       0,       0,       0,       0,       0,       0,       0,    2893,    2390,    2568,     436,     743,    -341,     348,      60,    -180,      77,      60,    -108,    2622,    2802,     271,      91,  100.0,   88.1,    3.5,    1.2,   91.5,    2.4,    5.6,    0.8,    0.3,    0.3,    0.1,    0.8,   98.8,   99.5,    1.2,    0.5,  100.0,   88.1,    3.5,    1.2,   91.5,    2.4,    5.6,    0.8,    0.3,    0.3,    0.1,    0.8,   98.8,   99.5,    1.2,    0.5,  100.0,    0.0,    0.0,    0.0,    0.0,    0.0,    0.0,    0.0,    0.0,    0.0,    0.0,    0.0,    0.0,    0.0,    0.0,    0.0,     62,     35,     12,.,     16,      5,.,.,.,.,.,.,     45,     36,     62,     35,     12,.,     16,      5,.,.,.,.,.,.,     45,     36,      0,      0,      0,      0,      0,      0,      0,      0,      0,      0,      0,      0,      0,      0,    45.1,    49.3,    63.0,    72.9,    45.1,    49.3,    62.3,    72.8,    45.1,    49.3,    63.0,    72.9,    45.1,    49.3,    62.3,    72.8,     0.0,     0.0,     0.0,     0.0,     0.0,     0.0,     0.0,     0.0,2500 MM Btus,0233DR,IFED,023 ,N13,FutOnly
TRANSCO LEIDY BASIS - ICE FUTURES ENERGY DIV,260901,2026-09-01,0233DT,IFED,01,023 ,  134738,   84581,   58528,   17020,   55176,   12799,    9834,       0,       0,    5459,    4405,     400,  130093,  131308,    4645,    3430,  134738,   84581,   58528,   17020,   55176,   12799,    9834,       0,       0,    5459,    4405,     400,  130093,  131308,    4645,    3430,       0,       0,       0,       0,       0,       0,       0,       0,       0,       0,       0,       0,       0,       0,       0,       0,    9624,    8504,    2077,    -738,    2692,    1192,     969,       0,       0,     608,    3780,       0,   10535,    9741,    -911,    -117,  100.0,   62.8,   43.4,   12.6,   41.0,    9.5,    7.3,    0.0,    0.0,    4.1,    3.3,    0.3,   96.6,   97.5,    3.4,    2.5,  100.0,   62.8,   43.4,   12.6,   41.0,    9.5,    7.3,    0.0,    0.0,    4.1,    3.3,    0.3,   96.6,   97.5,    3.4,    2.5,  100.0,    0.0,    0.0,    0.0,    0.0,    0.0,    0.0,    0.0,    0.0,    0.0,    0.0,    0.0,    0.0,    0.0,    0.0,    0.0,     41,     20,     10,.,     11,      8,.,      0,      0,.,.,.,     33,     25,     41,     20,     10,.,     11,      8,.,      0,      0,.,.,.,     33,     25,      0,      0,      0,      0,      0,      0,      0,      0,      0,      0,      0,      0,      0,      0,    41.4,    39.6,    60.2,    62.3,    41.1,    39.1,    59.8,    57.8,    41.4,    39.6,    60.2,    62.3,    41.1,    39.1,    59.8,    57.8,     0.0,     0.0,     0.0,     0.0,     0.0,     0.0,     0.0,     0.0,"(Contracts of 2,500  MMBTU'S)",0233DT,IFED,023 ,N13,FutOnly
TETCO M2 Index (Receipts) - ICE FUTURES ENERGY DIV,260901,2026-09-01,0233DW,IFED,01,023 ,   42658,   36834,   35107,    4280,    4203,       0,       0,       0,       0,    1208,    1510,       0,   42322,   40820,     336,    1838,   42658,   36834,   35107,    4280,    4203,       0,       0,       0,       0,    1208,    1510,       0,   42322,   40820,     336,    1838,       0,       0,       0,       0,       0,       0,       0,       0,       0,       0,       0,       0,       0,       0,       0,       0,     301,     211,     391,       0,      30,       0,       0,       0,       0,       0,       0,       0,     211,     421,      90,    -120,  100.0,   86.3,   82.3,   10.0,    9.9,    0.0,    0.0,    0.0,    0.0,    2.8,    3.5,    0.0,   99.2,   95.7,    0.8,    4.3,  100.0,   86.3,   82.3,   10.0,    9.9,    0.0,    0.0,    0.0,    0.0,    2.8,    3.5,    0.0,   99.2,   95.7,    0.8,    4.3,  100.0,    0.0,    0.0,    0.0,    0.0,    0.0,    0.0,    0.0,    0.0,    0.0,    0.0,    0.0,    0.0,    0.0,    0.0,    0.0,     33,     14,     18,.,.,      0,      0,      0,      0,.,.,      0,     17,     21,     33,     14,     18,.,.,      0,      0,      0,      0,.,.,      0,     17,     21,      0,      0,      0,      0,      0,      0,      0,      0,      0,      0,      0,      0,      0,      0,    61.9,    45.1,    81.0,    71.1,    61.9,    45.1,    79.9,    71.1,    61.9,    45.1,    81.0,    71.1,    61.9,    45.1,    79.9,    71.1,     0.0,     0.0,     0.0,     0.0,     0.0,     0.0,     0.0,     0.0,2500 MM Btus,0233DW,IFED,023 ,N13,FutOnly
REX ZONE 3 BASIS - ICE FUTURES ENERGY DIV,260901,2026-09-01,0233EB,IFED,01,023 ,  294112,  234202,  137080,   21421,  111344,    6256,   16680,   12400,    5177,     600,   11192,    3633,  287969,  287082,    6143,    7030,  294112,  234202,  137080,   21421,  111344,    6256,   16680,   12400,    5177,     600,   11192,    3633,  287969,  287082,    6143,    7030,       0,       0,       0,       0,       0,       0,       0,       0,       0,       0,       0,       0,       0,       0,       0,       0,   10696,    9986,   -2303,     273,    -309,     864,    -298,    4448,    1173,   -1318,    5403,     261,   10941,    9537,    -245,    1159,  100.0,   79.6,   46.6,    7.3,   37.9,    2.1,    5.7,    4.2,    1.8,    0.2,    3.8,    1.2,   97.9,   97.6,    2.1,    2.4,  100.0,   79.6,   46.6,    7.3,   37.9,    2.1,    5.7,    4.2,    1.8,    0.2,    3.8,    1.2,   97.9,   97.6,    2.1,    2.4,  100.0,    0.0,    0.0,    0.0,    0.0,    0.0,    0.0,    0.0,    0.0,    0.0,    0.0,    0.0,    0.0,    0.0,    0.0,    0.0,     63,     30,     25,.,     13,.,.,      4,.,.,      5,.,     41,     50,     63,     30,     25,.,     13,.,.,      4,.,.,      5,.,     41,     50,      0,      0,      0,      0,      0,      0,      0,      0,      0,      0,      0,      0,      0,      0,    34.5,    30.8,    54.1,    47.8,    33.4,    28.3,    48.3,    43.5,    34.5,    30.8,    54.1,    47.8,    33.4,    28.3,    48.3,    43.5,     0.0,     0.0,     0.0,     0.0,     0.0,     0.0,     0.0,     0.0,2500 MMBtus,0233EB,IFED,023 ,N13,FutOnly
REX ZONE 3 INDEX - ICE FUTURES ENERGY DIV,260901,2026-09-01,0233ED,IFED,01,023 ,   58219,   31041,   49825,   21343,    2392,     420,    1607,    1357,       0,    1251,    2480,       0,   55662,   56474,    2557,    1745,   58219,   31041,   49825,   21343,    2392,     420,    1607,    1357,       0,    1251,    2480,       0,   55662,   56474,    2557,    1745,       0,       0,       0,       0,       0,       0,       0,       0,       0,       0,       0,       0,       0,       0,       0,       0,    5894,    2046,    3325,    2694,       0,     -31,       0,     210,       0,       0,    2480,       0,    4709,    5984,    1185,     -90,  100.0,   53.3,   85.6,   36.7,    4.1,    0.7,    2.8,    2.3,    0.0,    2.1,    4.3,    0.0,   95.6,   97.0,    4.4,    3.0,  100.0,   53.3,   85.6,   36.7,    4.1,    0.7,    2.8,    2.3,    0.0,    2.1,    4.3,    0.0,   95.6,   97.0,    4.4,    3.0,  100.0,    0.0,    0.0,    0.0,    0.0,    0.0,    0.0,    0.0,    0.0,    0.0,    0.0,    0.0,    0.0,    0.0,    0.0,    0.0,     31,     16,     17,.,.,.,.,.,      0,.,.,      0,     21,     22,     31,     16,     17,.,.,.,.,.,      0,.,.,      0,     21,     22,      0,      0,      0,      0,      0,      0,      0,      0,      0,      0,      0,      0,      0,      0,    66.1,    42.7,    80.6,    64.6,    56.4,    33.2,    66.0,    52.7,    66.1,    42.7,    80.6,    64.6,    56.4,    33.2,    66.0,    52.7,     0.0,     0.0,     0.0,     0.0,     0.0,     0.0,     0.0,     0.0,2500 MMBtus,0233ED,IFED,023 ,N13,FutOnly
NAT GAS TETCO-WLA INDEX - ICE FUTURES ENERGY DIV,260901,2026-09-01,0233EP,IFED,01,023 ,   21767,   20378,    8941,     458,     537,     300,       0,   11395,       0,     390,       0,       0,   21526,   21173,     241,     594,   21767,   20378,    8941,     458,     537,     300,       0,   11395,       0,     390,       0,       0,   21526,   21173,     241,     594,       0,       0,       0,       0,       0,       0,       0,       0,       0,       0,       0,       0,       0,       0,       0,       0,     330,     450,     420,       0,     120,    -120,       0,     -90,       0,       0,       0,       0,     330,     330,       0,       0,  100.0,   93.6,   41.1,    2.1,    2.5,    1.4,    0.0,   52.3,    0.0,    1.8,    0.0,    0.0,   98.9,   97.3,    1.1,    2.7,  100.0,   93.6,   41.1,    2.1,    2.5,    1.4,    0.0,   52.3,    0.0,    1.8,    0.0,    0.0,   98.9,   97.3,    1.1,    2.7,  100.0,    0.0,    0.0,    0.0,    0.0,    0.0,    0.0,    0.0,    0.0,    0.0,    0.0,    0.0,    0.0,    0.0,    0.0,    0.0,     23,     12,      6,.,.,.,      0,.,      0,.,      0,      0,     15,     10,     23,     12,      6,.,.,.,      0,.,      0,.,      0,      0,     15,     10,      0,      0,      0,      0,      0,      0,      0,      0,      0,      0,      0,      0,      0,      0,    56.7,    80.3,    84.1,    93.4,    56.7,    73.6,    80.8,    85.3,    56.7,    80.3,    84.1,    93.4,    56.7,    73.6,    80.8,    85.3,     0.0,     0.0,     0.0,     0.0,     0.0,     0.0,     0.0,     0.0,2500 MMBtus,0233EP,IFED,023 ,N13,FutOnly
Transco Zone 5 South Basis - ICE FUTURES ENERGY DIV,260901,2026-09-01,0233FJ,IFED,01,023 ,  154114,   84148,  128683,   24241,    7994,    7797,   22986,    2235,     764,    1244,    1430,     428,  141608,  149331,   12506,    4783,  154114,   84148,  128683,   24241,    7994,    7797,   22986,    2235,     764,    1244,    1430,     428,  141608,  149331,   12506,    4783,       0,       0,       0,       0,       0,       0,       0,       0,       0,       0,       0,       0,       0,       0,       0,       0,    2928,     732,    2410,   -1713,    -120,     -94,     307,       0,       0,     120,    -428,     428,    -220,    2196,    3148,     732,  100.0,   54.6,   83.5,   15.7,    5.2,    5.1,   14.9,    1.5,    0.5,    0.8,    0.9,    0.3,   91.9,   96.9,    8.1,    3.1,  100.0,   54.6,   83.5,   15.7,    5.2,    5.1,   14.9,    1.5,    0.5,    0.8,    0.9,    0.3,   91.9,   96.9,    8.1,    3.1,  100.0,    0.0,    0.0,    0.0,    0.0,    0.0,    0.0,    0.0,    0.0,    0.0,    0.0,    0.0,    0.0,    0.0,    0.0,    0.0,     45,     20,     30,.,.,.,.,.,.,.,.,.,     30,     38,     45,     20,     30,.,.,.,.,.,.,.,.,.,     30,     38,      0,      0,      0,      0,      0,      0,      0,      0,      0,      0,      0,      0,      0,      0,    50.4,    44.8,    71.0,    64.2,    46.6,    43.5,    65.8,    58.5,    50.4,    44.8,    71.0,    64.2,    46.6,    43.5,    65.8,    58.5,     0.0,     0.0,     0.0,     0.0,     0.0,     0.0,     0.0,     0.0,2500 MMBtus,0233FJ,IFED,023 ,N13,FutOnly
NAT GAS NYME - NEW YORK MERCANTILE EXCHANGE,260901,2026-09-01,023651,NYME,01,023 , 1807497,  236617,  253666,  229726,   19245,  110153,  258649,  348130,  648453,   42993,  162423,  224068, 1750659, 1766138,   56838,   41359, 1807497,  236617,  253666,  229726,   19245,  110153,  258649,  348130,  648453,   42993,  162423,  224068, 1750659, 1766138,   56838,   41359,       0,       0,       0,       0,       0,       0,       0,       0,       0,       0,       0,       0,       0,       0,       0,       0,   59767,      15,   -1921,    5332,    1573,    -892,  -10476,    7332,   42874,   -1659,   -8488,   24985,   60179,   65463,    -412,   -5696,  100.0,   13.1,   14.0,   12.7,    1.1,    6.1,   14.3,   19.3,   35.9,    2.4,    9.0,   12.4,   96.9,   97.7,    3.1,    2.3,  100.0,   13.1,   14.0,   12.7,    1.1,    6.1,   14.3,   19.3,   35.9,    2.4,    9.0,   12.4,   96.9,   97.7,    3.1,    2.3,  100.0,    0.0,    0.0,    0.0,    0.0,    0.0,    0.0,    0.0,    0.0,    0.0,    0.0,    0.0,    0.0,    0.0,    0.0,    0.0,    323,     47,     42,     27,      9,     27,     67,     61,     88,     54,     44,     74,    295,    256,    323,     47,     42,     27,      9,     27,     67,     61,     88,     54,     44,     74,    295,    256,      0,      0,      0,      0,      0,      0,      0,      0,      0,      0,      0,      0,      0,      0,    17.2,    24.5,    26.9,    36.1,     8.7,    10.7,    13.3,    15.0,    17.2,    24.5,    26.9,    36.1,     8.7,    10.7,    13.3,    15.0,     0.0,     0.0,     0.0,     0.0,     0.0,     0.0,     0.0,     0.0,"(Contracts of 10,000 MMBTU'S)",023651,NYME,023 ,N13,FutOnly
HENRY HUB LAST DAY FIN - NEW YORK MERCANTILE EXCHANGE,260901,2026-09-01,023A55,NYME,01,023 ,  383705,  134958,   49129,   29382,  141466,   20560,   40382,   12815,   14229,   76458,   93508,   44929,  360898,  376636,   22807,    7069,  383705,  134958,   49129,   29382,  141466,   20560,   40382,   12815,   14229,   76458,   93508,   44929,  360898,  376636,   22807,    7069,       0,       0,       0,       0,       0,       0,       0,       0,       0,       0,       0,       0,       0,       0,       0,       0,  -38175,  -15809,   -5612,     460,  -17056,   -3029,   -6163,   -5592,   -2553,    1808,    6416,  -10850,  -36136,  -38276,   -2039,     101,  100.0,   35.2,   12.8,    7.7,   36.9,    5.4,   10.5,    3.3,    3.7,   19.9,   24.4,   11.7,   94.1,   98.2,    5.9,    1.8,  100.0,   35.2,   12.8,    7.7,   36.9,    5.4,   10.5,    3.3,    3.7,   19.9,   24.4,   11.7,   94.1,   98.2,    5.9,    1.8,  100.0,    0.0,    0.0,    0.0,    0.0,    0.0,    0.0,    0.0,    0.0,    0.0,    0.0,    0.0,    0.0,    0.0,    0.0,    0.0,     88,     26,     22,     15,      8,     17,      6,      4,     10,     15,     11,     21,     85,     70,     88,     26,     22,     15,      8,     17,      6,      4,     10,     15,     11,     21,     85,     70,      0,      0,      0,      0,      0,      0,      0,      0,      0,      0,      0,      0,      0,      0,    18.9,    41.6,    33.0,    55.7,    16.0,    40.8,    27.2,    52.9,    18.9,    41.6,    33.0,    55.7,    16.0,    40.8,    27.2,    52.9,     0.0,     0.0,     0.0,     0.0,     0.0,     0.0,     0.0,     0.0,"(Contracts of 10,000 MMBTU'S)",023A55,NYME,023 ,N13,FutOnly
HENRY HUB PENULTIMATE FIN - NEW YORK MERCANTILE EXCHANGE,260901,2026-09-01,023A56,NYME,01,023 ,  201249,   18092,   38563,   71043,   51185,   29577,   19769,   12111,   18157,   18392,   26490,   20373,  195403,  196456,    5846,    4793,  201249,   18092,   38563,   71043,   51185,   29577,   19769,   12111,   18157,   18392,   26490,   20373,  195403,  196456,    5846,    4793,       0,       0,       0,       0,       0,       0,       0,       0,       0,       0,       0,       0,       0,       0,       0,       0,  -49448,  -11410,  -21477,   -7797,   -4861,   -1186,    3358,  -10453,   -2888,  -24447,   -2041,   -5419,  -49789,  -48325,     341,   -1123,  100.0,    9.0,   19.2,   35.3,   25.4,   14.7,    9.8,    6.0,    9.0,    9.1,   13.2,   10.1,   97.1,   97.6,    2.9,    2.4,  100.0,    9.0,   19.2,   35.3,   25.4,   14.7,    9.8,    6.0,    9.0,    9.1,   13.2,   10.1,   97.1,   97.6,    2.9,    2.4,  100.0,    0.0,    0.0,    0.0,    0.0,    0.0,    0.0,    0.0,    0.0,    0.0,    0.0,    0.0,    0.0,    0.0,    0.0,    0.0,     77,     12,     14,     11,      8,     14,     10,      9,     14,     11,     14,     23,     70,     70,     77,     12,     14,     11,      8,     14,     10,      9,     14,     11,     14,     23,     70,     70,      0,      0,      0,      0,      0,      0,      0,      0,      0,      0,      0,      0,      0,      0,    26.6,    33.3,    44.3,    47.0,    24.7,    22.7,    36.8,    31.2,    26.6,    33.3,    44.3,    47.0,    24.7,    22.7,    36.8,    31.2,     0.0,     0.0,     0.0,     0.0,     0.0,     0.0,     0.0,     0.0,"(Contracts of 10,000 MMBTU'S)",023A56,NYME,023 ,N13,FutOnly
ETHANOL T2 FOB INCL DUTY - NEW YORK MERCANTILE EXCHANGE,260901,2026-09-01,025608,NYME,01,025 ,    3875,    3518,    3630,       0,       0,       0,       0,       0,       0,      80,      95,      40,    3638,    3765,     237,     110,    3875,    3518,    3630,       0,       0,       0,       0,       0,       0,      80,      95,      40,    3638,    3765,     237,     110,       0,       0,       0,       0,       0,       0,       0,       0,       0,       0,       0,       0,       0,       0,       0,       0,     400,     280,     400,       0,       0,       0,       0,       0,       0,      80,     -40,      40,     400,     400,       0,       0,  100.0,   90.8,   93.7,    0.0,    0.0,    0.0,    0.0,    0.0,    0.0,    2.1,    2.5,    1.0,   93.9,   97.2,    6.1,    2.8,  100.0,   90.8,   93.7,    0.0,    0.0,    0.0,    0.0,    0.0,    0.0,    2.1,    2.5,    1.0,   93.9,   97.2,    6.1,    2.8,  100.0,    0.0,    0.0,    0.0,    0.0,    0.0,    0.0,    0.0,    0.0,    0.0,    0.0,    0.0,    0.0,    0.0,    0.0,    0.0,     28,     22,     21,      0,      0,      0,      0,      0,      0,.,.,.,     23,     23,     28,     22,     21,      0,      0,      0,      0,      0,      0,.,.,.,     23,     23,      0,      0,      0,      0,      0,      0,      0,      0,      0,      0,      0,      0,      0,      0,    46.3,    51.8,    67.5,    71.9,    39.3,    35.2,    52.3,    51.0,    46.3,    51.8,    67.5,    71.9,    39.3,    35.2,    52.3,    51.0,     0.0,     0.0,     0.0,     0.0,     0.0,     0.0,     0.0,     0.0,(100 CUBIC METERS),025608,NYME,025 ,N10,FutOnly
ETHANOL - NEW YORK MERCANTILE EXCHANGE,260901,2026-09-01,025651,NYME,01,025 ,   49127,   35646,   41243,     997,    4074,     468,    8009,     317,     333,    1715,     555,    1331,   48499,   48321,     628,     806,   49127,   35646,   41243,     997,    4074,     468,    8009,     317,     333,    1715,     555,    1331,   48499,   48321,     628,     806,       0,       0,       0,       0,       0,       0,       0,       0,       0,       0,       0,       0,       0,       0,       0,       0,     979,     943,     723,      50,     603,    -125,     643,      70,     181,      -9,     174,    -617,    1066,    1009,     -87,     -30,  100.0,   72.6,   84.0,    2.0,    8.3,    1.0,   16.3,    0.6,    0.7,    3.5,    1.1,    2.7,   98.7,   98.4,    1.3,    1.6,  100.0,   72.6,   84.0,    2.0,    8.3,    1.0,   16.3,    0.6,    0.7,    3.5,    1.1,    2.7,   98.7,   98.4,    1.3,    1.6,  100.0,    0.0,    0.0,    0.0,    0.0,    0.0,    0.0,    0.0,    0.0,    0.0,    0.0,    0.0,    0.0,    0.0,    0.0,    0.0,    118,     44,     61,      4,      4,.,     20,      4,      5,      8,      7,      7,     84,     84,    118,     44,     61,      4,      4,.,     20,      4,      5,      8,      7,      7,     84,     84,      0,      0,      0,      0,      0,      0,      0,      0,      0,      0,      0,      0,      0,      0,    33.8,    24.7,    48.4,    40.9,    12.8,    14.5,    22.3,    23.2,    33.8,    24.7,    48.4,    40.9,    12.8,    14.5,    22.3,    23.2,     0.0,     0.0,     0.0,     0.0,     0.0,     0.0,     0.0,     0.0,"(CONTRACTS OF 42,000 U.S. GALLONS)",025651,NYME,025 ,N10,FutOnly
SOYBEAN MEAL - CHICAGO BOARD OF TRADE,260901,2026-09-01,026603,CBT ,00,026 ,  649027,  107296,  425273,  125605,   10213,    8175,  178183,   21004,   76832,   37863,   17179,   66065,  600019,  624741,   49008,   24286,  639917,  104853,  420160,  124876,    9670,    8125,  176710,   21151,   76668,   37706,   18232,   62678,  591616,  616684,   48301,   23233,    9110,    2443,    5113,     779,     593,       0,    1637,      17,       0,    1774,     564,    1770,    8403,    8057,     707,    1053,   40674,  -16691,   39197,     -66,    2829,   -1205,   48568,  -12658,    5093,   -2758,    1576,    7769,   40710,   42601,     -36,   -1927,  100.0,   16.5,   65.5,   19.4,    1.6,    1.3,   27.5,    3.2,   11.8,    5.8,    2.6,   10.2,   92.4,   96.3,    7.6,    3.7,  100.0,   16.4,   65.7,   19.5,    1.5,    1.3,   27.6,    3.3,   12.0,    5.9,    2.8,    9.8,   92.5,   96.4,    7.5,    3.6,  100.0,   26.8,   56.1,    8.6,    6.5,    0.0,   18.0,    0.2,    0.0,   19.5,    6.2,   19.4,   92.2,   88.4,    7.8,   11.6,    348,     96,    100,     24,      7,     15,     88,     23,     56,     47,     25,     41,    299,    233,    348,     96,     99,     24,      7,     15,     88,     23,     56,     47,     26,     41,    299,    232,     59,     16,     16,      7,.,      0,      7,.,      0,      5,      9,      8,     40,     31,     9.7,    36.3,    18.0,    46.6,     8.6,    32.8,    16.0,    39.5,     9.9,    36.5,    18.2,    46.9,     8.7,    33.1,    16.2,    39.7,    45.8,    43.5,    63.1,    66.1,    40.0,    40.0,    53.7,    53.8,(CONTRACTS OF 100 TONS),026603,CBT ,026 ,A30,FutOnly
COTTON NO. 2 - ICE FUTURES U.S.,260901,2026-09-01,033661,ICUS,01,033 ,  383730,   45621,  224232,   63508,   26797,   17952,  115804,   14841,   39086,   51938,   22180,   29761,  363670,  374849,   20060,    8881,  353043,   29896,  207388,   62703,   19547,   16507,  111880,   15975,   37118,   48460,   20262,   27524,  334088,  344321,   18955,    8722,   30687,   15725,   16844,    2250,    8695,       0,    5733,     675,     159,    5566,    4006,     149,   29582,   30528,    1105,     159,    8871,    1265,    9716,    -698,    -697,    -875,   11309,   -1361,    1691,   -2899,    1953,   -2019,    7774,    8408,    1097,     463,  100.0,   11.9,   58.4,   16.6,    7.0,    4.7,   30.2,    3.9,   10.2,   13.5,    5.8,    7.8,   94.8,   97.7,    5.2,    2.3,  100.0,    8.5,   58.7,   17.8,    5.5,    4.7,   31.7,    4.5,   10.5,   13.7,    5.7,    7.8,   94.6,   97.5,    5.4,    2.5,  100.0,   51.2,   54.9,    7.3,   28.3,    0.0,   18.7,    2.2,    0.5,   18.1,   13.1,    0.5,   96.4,   99.5,    3.6,    0.5,    361,     40,     54,     22,     15,     13,    108,     23,     64,     79,     40,     50,    294,    226,    357,     32,     52,     21,     16,     12,    108,     25,     61,     74,     46,     49,    282,    221,    103,     20,     21,      7,     12,      0,     12,      6,.,     21,      9,      5,     62,     53,     8.3,    29.0,    14.6,    40.3,     6.4,    27.2,    11.6,    36.2,     8.5,    30.0,    14.9,    40.5,     6.7,    28.4,    12.1,    37.8,    42.9,    42.8,    57.4,    63.0,    42.9,    42.8,    57.2,    63.0,"(CONTRACTS OF 50,000 POUNDS)",033661,ICUS,033 ,A40,FutOnly
HENRY HUB - NEW YORK MERCANTILE EXCHANGE,260901,2026-09-01,03565B,NYME,01,023 ,  392571,   29551,   22285,   21056,  289992,   43669,       0,    5964,       0,  284503,   15746,    2020,  380799,  379676,   11772,   12895,  392571,   29551,   22285,   21056,  289992,   43669,       0,    5964,       0,  284503,   15746,    2020,  380799,  379676,   11772,   12895,       0,       0,       0,       0,       0,       0,       0,       0,       0,       0,       0,       0,       0,       0,       0,       0,  -10186,   -1810,    2904,   -1087,   -7148,   -1338,       0,    -388,       0,   -5049,   -2799,      61,   -9223,   -8708,    -963,   -1478,  100.0,    7.5,    5.7,    5.4,   73.9,   11.1,    0.0,    1.5,    0.0,   72.5,    4.0,    0.5,   97.0,   96.7,    3.0,    3.3,  100.0,    7.5,    5.7,    5.4,   73.9,   11.1,    0.0,    1.5,    0.0,   72.5,    4.0,    0.5,   97.0,   96.7,    3.0,    3.3,  100.0,    0.0,    0.0,    0.0,    0.0,    0.0,    0.0,    0.0,    0.0,    0.0,    0.0,    0.0,    0.0,    0.0,    0.0,    0.0,     34,      5,      5,.,     12,     12,      0,.,      0,      6,.,.,     25,     25,     34,      5,      5,.,     12,     12,      0,.,      0,      6,.,.,     25,     25,      0,      0,      0,      0,      0,      0,      0,      0,      0,      0,      0,      0,      0,      0,    71.3,    58.8,    84.0,    82.2,    70.8,    55.7,    80.8,    77.4,    71.3,    58.8,    84.0,    82.2,    70.8,    55.7,    80.8,    77.4,     0.0,     0.0,     0.0,     0.0,     0.0,     0.0,     0.0,     0.0,"(Contracts of 2,500  MMBTU'S)",03565B,NYME,023 ,N13,FutOnly
HENRY HUB PENULTIMATE NAT GAS - NEW YORK MERCANTILE EXCHANGE,260901,2026-09-01,03565C,NYME,01,023 ,  100802,    9834,   13639,   21609,   25011,   26072,    7184,    7309,    3507,    8179,    6401,   11749,   88134,   93688,   12668,    7114,  100802,    9834,   13639,   21609,   25011,   26072,    7184,    7309,    3507,    8179,    6401,   11749,   88134,   93688,   12668,    7114,       0,       0,       0,       0,       0,       0,       0,       0,       0,       0,       0,       0,       0,       0,       0,       0,   -9210,   -1782,   -2513,     125,    2661,   -3992,     804,    -575,   -1207,   -1679,   -1263,   -1709,   -9440,   -8598,     230,    -612,  100.0,    9.8,   13.5,   21.4,   24.8,   25.9,    7.1,    7.3,    3.5,    8.1,    6.3,   11.7,   87.4,   92.9,   12.6,    7.1,  100.0,    9.8,   13.5,   21.4,   24.8,   25.9,    7.1,    7.3,    3.5,    8.1,    6.3,   11.7,   87.4,   92.9,   12.6,    7.1,  100.0,    0.0,    0.0,    0.0,    0.0,    0.0,    0.0,    0.0,    0.0,    0.0,    0.0,    0.0,    0.0,    0.0,    0.0,    0.0,     41,      5,      6,      6,      6,     11,      5,.,      4,      8,      6,     10,     37,     33,     41,      5,      6,      6,      6,     11,      5,.,      4,      8,      6,     10,     37,     33,      0,      0,      0,      0,      0,      0,      0,      0,      0,      0,      0,      0,      0,      0,    33.7,    36.9,    49.9,    62.2,    20.9,    25.8,    29.9,    37.2,    33.7,    36.9,    49.9,    62.2,    20.9,    25.8,    29.9,    37.2,     0.0,     0.0,     0.0,     0.0,     0.0,     0.0,     0.0,     0.0,"(Contracts of 2,500  MMBTU'S)",03565C,NYME,023 ,N13,FutOnly
USD Malaysian Crude Palm Oil C - CHICAGO MERCANTILE EXCHANGE,260901,2026-09-01,037021,CME ,00,037 ,   39719,   33354,   28810,     440,    2529,    2728,     440,    3637,     360,    1022,     320,    1335,   39679,   39719,      40,       0,   39719,   33354,   28810,     440,    2529,    2728,     440,    3637,     360,    1022,     320,    1335,   39679,   39719,      40,       0,       0,       0,       0,       0,       0,       0,       0,       0,       0,       0,       0,       0,       0,       0,       0,       0,   -5290,   -5387,   -2590,    -260,   -1340,     -20,     240,   -1055,       0,     -78,    -480,     195,   -5310,   -5290,      20,       0,  100.0,   84.0,   72.5,    1.1,    6.4,    6.9,    1.1,    9.2,    0.9,    2.6,    0.8,    3.4,   99.9,  100.0,    0.1,    0.0,  100.0,   84.0,   72.5,    1.1,    6.4,    6.9,    1.1,    9.2,    0.9,    2.6,    0.8,    3.4,   99.9,  100.0,    0.1,    0.0,  100.0,    0.0,    0.0,    0.0,    0.0,    0.0,    0.0,    0.0,    0.0,    0.0,    0.0,    0.0,    0.0,    0.0,    0.0,    0.0,     28,     10,     10,.,      4,.,.,.,.,      4,.,.,     22,     20,     28,     10,     10,.,      4,.,.,.,.,      4,.,.,     22,     20,      0,      0,      0,      0,      0,      0,      0,      0,      0,      0,      0,      0,      0,      0,    77.8,    65.3,    88.5,    87.4,    41.0,    37.9,    44.9,    44.6,    77.8,    65.3,    88.5,    87.4,    41.0,    37.9,    44.9,    44.6,     0.0,     0.0,     0.0,     0.0,     0.0,     0.0,     0.0,     0.0,(CONTRACTS OF 25 METRIC TONS),037021,CME ,037 ,A30,FutOnly
ROUGH RICE - CHICAGO BOARD OF TRADE,260901,2026-09-01,039601,CBT ,00,039 ,   12982,    4249,    8330,     259,       0,       0,    3235,    1915,       6,    1630,    1172,     633,   10012,   12056,    2970,     926,   12982,    4249,    8330,     259,       0,       0,    3235,    1915,       6,    1630,    1172,     633,   10012,   12056,    2970,     926,       0,       0,       0,       0,       0,       0,       0,       0,       0,       0,       0,       0,       0,       0,       0,       0,   -1008,   -1166,    -460,       0,       0,       0,     170,    -181,     -63,      55,    -216,    -182,   -1186,   -1102,     178,      94,  100.0,   32.7,   64.2,    2.0,    0.0,    0.0,   24.9,   14.8,    0.0,   12.6,    9.0,    4.9,   77.1,   92.9,   22.9,    7.1,  100.0,   32.7,   64.2,    2.0,    0.0,    0.0,   24.9,   14.8,    0.0,   12.6,    9.0,    4.9,   77.1,   92.9,   22.9,    7.1,  100.0,    0.0,    0.0,    0.0,    0.0,    0.0,    0.0,    0.0,    0.0,    0.0,    0.0,    0.0,    0.0,    0.0,    0.0,    0.0,     74,     17,     18,.,      0,      0,     14,      6,.,     14,      9,      6,     52,     34,     74,     17,     18,.,      0,      0,     14,      6,.,     14,      9,      6,     52,     34,      0,      0,      0,      0,      0,      0,      0,      0,      0,      0,      0,      0,      0,      0,    26.2,    40.9,    37.5,    57.9,    26.2,    40.9,    36.9,    57.5,    26.2,    40.9,    37.5,    57.9,    26.2,    40.9,    36.9,    57.5,     0.0,     0.0,     0.0,     0.0,     0.0,     0.0,     0.0,     0.0,"(CONTRACTS OF 200,000 POUNDS)",039601,CBT ,039 ,A10,FutOnly
FRZN CONCENTRATED ORANGE JUICE - ICE FUTURES U.S.,260901,2026-09-01,040701,ICUS,01,040 ,   10204,    1356,    3002,     899,     233,      70,    2638,    4123,      77,    2547,     442,     318,    7905,    8265,    2299,    1939,    8905,     736,    2421,     899,     303,       0,    2701,    4123,      14,    2658,     433,       0,    7008,    7294,    1897,    1611,    1299,     620,     581,      70,       0,       0,       0,      63,       0,     207,     327,       0,     897,     971,     402,     328,     618,    -169,    -386,      91,     145,       0,      52,     230,     -34,     294,     227,     128,     362,     310,     256,     308,  100.0,   13.3,   29.4,    8.8,    2.3,    0.7,   25.9,   40.4,    0.8,   25.0,    4.3,    3.1,   77.5,   81.0,   22.5,   19.0,  100.0,    8.3,   27.2,   10.1,    3.4,    0.0,   30.3,   46.3,    0.2,   29.8,    4.9,    0.0,   78.7,   81.9,   21.3,   18.1,  100.0,   47.7,   44.7,    5.4,    0.0,    0.0,    0.0,    4.8,    0.0,   15.9,   25.2,    0.0,   69.1,   74.7,   30.9,   25.3,     54,      8,      4,.,.,.,      6,     15,.,     16,.,.,     36,     25,     53,      7,      4,.,.,      0,      6,     15,.,     16,.,      0,     33,     22,     16,      7,.,.,      0,      0,      0,.,      0,      4,.,      0,     12,      5,    25.7,    40.7,    39.6,    56.1,    25.7,    40.5,    39.1,    55.7,    29.4,    40.1,    45.3,    57.7,    29.4,    39.9,    45.3,    57.4,    44.0,    69.9,    63.2,    74.7,    44.0,    69.4,    63.2,    74.3,"(CONTRACTS OF 15,000 POUNDS)",040701,ICUS,040 ,A50,FutOnly
BUTTER (CASH SETTLED) - CHICAGO MERCANTILE EXCHANGE,260901,2026-09-01,050642,CME ,00,050 ,   20728,   11612,    9911,    5643,     870,    1993,       0,     540,     122,     129,    6525,     495,   19994,   20456,     734,     272,   20728,   11612,    9911,    5643,     870,    1993,       0,     540,     122,     129,    6525,     495,   19994,   20456,     734,     272,       0,       0,       0,       0,       0,       0,       0,       0,       0,       0,       0,       0,       0,       0,       0,       0,    1809,     946,     -82,     831,     -25,     157,       0,      54,       3,     -16,    1747,    -124,    1797,    1730,      12,      79,  100.0,   56.0,   47.8,   27.2,    4.2,    9.6,    0.0,    2.6,    0.6,    0.6,   31.5,    2.4,   96.5,   98.7,    3.5,    1.3,  100.0,   56.0,   47.8,   27.2,    4.2,    9.6,    0.0,    2.6,    0.6,    0.6,   31.5,    2.4,   96.5,   98.7,    3.5,    1.3,  100.0,    0.0,    0.0,    0.0,    0.0,    0.0,    0.0,    0.0,    0.0,    0.0,    0.0,    0.0,    0.0,    0.0,    0.0,    0.0,     55,     30,     20,      4,.,      4,      0,      4,.,.,      6,      4,     43,     35,     55,     30,     20,      4,.,      4,      0,      4,.,.,      6,      4,     43,     35,      0,      0,      0,      0,      0,      0,      0,      0,      0,      0,      0,      0,      0,      0,    38.8,    41.1,    55.7,    62.0,    35.5,    37.4,    50.1,    53.3,    38.8,    41.1,    55.7,    62.0,    35.5,    37.4,    50.1,    53.3,     0.0,     0.0,     0.0,     0.0,     0.0,     0.0,     0.0,     0.0,"(CONTRACTS OF 20,000 POUNDS)",050642,CME ,050 ,A25,FutOnly
"MILK, Class III - CHICAGO MERCANTILE EXCHANGE",260901,2026-09-01,052641,CME ,00,052 ,   34567,   15960,   11271,    9908,    2076,     637,     129,    5142,     968,    2941,    7975,    1968,   32511,   30037,    2056,    4530,   34567,   15960,   11271,    9908,    2076,     637,     129,    5142,     968,    2941,    7975,    1968,   32511,   30037,    2056,    4530,       0,       0,       0,       0,       0,       0,       0,       0,       0,       0,       0,       0,       0,       0,       0,       0,    2834,    2194,     812,     727,     277,      17,      99,       7,     103,    -154,     989,     184,    3170,    2389,    -336,     445,  100.0,   46.2,   32.6,   28.7,    6.0,    1.8,    0.4,   14.9,    2.8,    8.5,   23.1,    5.7,   94.1,   86.9,    5.9,   13.1,  100.0,   46.2,   32.6,   28.7,    6.0,    1.8,    0.4,   14.9,    2.8,    8.5,   23.1,    5.7,   94.1,   86.9,    5.9,   13.1,  100.0,    0.0,    0.0,    0.0,    0.0,    0.0,    0.0,    0.0,    0.0,    0.0,    0.0,    0.0,    0.0,    0.0,    0.0,    0.0,     92,     30,     22,      5,.,.,.,     16,      4,      7,     18,     14,     58,     64,     92,     30,     22,      5,.,.,.,     16,      4,      7,     18,     14,     58,     64,      0,      0,      0,      0,      0,      0,      0,      0,      0,      0,      0,      0,      0,      0,    45.3,    25.8,    62.1,    43.3,    45.3,    22.6,    62.1,    38.0,    45.3,    25.8,    62.1,    43.3,    45.3,    22.6,    62.1,    38.0,     0.0,     0.0,     0.0,     0.0,     0.0,     0.0,     0.0,     0.0,"(CONTRACTS OF 200,000 POUNDS)",052641,CME ,052 ,A25,FutOnly
NON FAT DRY MILK - CHICAGO MERCANTILE EXCHANGE,260901,2026-09-01,052642,CME ,00,052 ,   12404,    8473,    4806,    2049,     525,     647,      72,     843,      27,     233,    5296,      42,   11543,   12186,     861,     218,   12404,    8473,    4806,    2049,     525,     647,      72,     843,      27,     233,    5296,      42,   11543,   12186,     861,     218,       0,       0,       0,       0,       0,       0,       0,       0,       0,       0,       0,       0,       0,       0,       0,       0,    1227,     975,      78,      83,      47,     154,      11,      56,      -6,       8,     847,      -8,    1217,    1168,      10,      59,  100.0,   68.3,   38.7,   16.5,    4.2,    5.2,    0.6,    6.8,    0.2,    1.9,   42.7,    0.3,   93.1,   98.2,    6.9,    1.8,  100.0,   68.3,   38.7,   16.5,    4.2,    5.2,    0.6,    6.8,    0.2,    1.9,   42.7,    0.3,   93.1,   98.2,    6.9,    1.8,  100.0,    0.0,    0.0,    0.0,    0.0,    0.0,    0.0,    0.0,    0.0,    0.0,    0.0,    0.0,    0.0,    0.0,    0.0,    0.0,     54,     30,     18,      6,.,      5,.,.,.,.,      7,.,     44,     32,     54,     30,     18,      6,.,      5,.,.,.,.,      7,.,     44,     32,      0,      0,      0,      0,      0,      0,      0,      0,      0,      0,      0,      0,      0,      0,    32.3,    45.1,    51.2,    65.9,    30.5,    44.8,    44.9,    64.9,    32.3,    45.1,    51.2,    65.9,    30.5,    44.8,    44.9,    64.9,     0.0,     0.0,     0.0,     0.0,     0.0,     0.0,     0.0,     0.0,"(CONTRACTS OF 44,000 LBS.)",052642,CME ,052 ,A25,FutOnly
CME MILK IV - CHICAGO MERCANTILE EXCHANGE,260901,2026-09-01,052644,CME ,00,052 ,   11519,    3716,    7150,    1956,    1336,      17,      53,       0,     191,    5287,    1801,     107,   11327,   10602,     192,     917,   11519,    3716,    7150,    1956,    1336,      17,      53,       0,     191,    5287,    1801,     107,   11327,   10602,     192,     917,       0,       0,       0,       0,       0,       0,       0,       0,       0,       0,       0,       0,       0,       0,       0,       0,    2420,      14,    2065,     -20,     208,     -11,      53,     -30,      66,    2370,      70,     -60,    2412,    2308,       8,     112,  100.0,   32.3,   62.1,   17.0,   11.6,    0.1,    0.5,    0.0,    1.7,   45.9,   15.6,    0.9,   98.3,   92.0,    1.7,    8.0,  100.0,   32.3,   62.1,   17.0,   11.6,    0.1,    0.5,    0.0,    1.7,   45.9,   15.6,    0.9,   98.3,   92.0,    1.7,    8.0,  100.0,    0.0,    0.0,    0.0,    0.0,    0.0,    0.0,    0.0,    0.0,    0.0,    0.0,    0.0,    0.0,    0.0,    0.0,    0.0,     35,      8,     15,.,.,.,.,      0,.,      4,      5,.,     18,     25,     35,      8,     15,.,.,.,.,      0,.,      4,      5,.,     18,     25,      0,      0,      0,      0,      0,      0,      0,      0,      0,      0,      0,      0,      0,      0,    79.4,    53.5,    93.4,    74.1,    79.4,    52.7,    92.3,    72.4,    79.4,    53.5,    93.4,    74.1,    79.4,    52.7,    92.3,    72.4,     0.0,     0.0,     0.0,     0.0,     0.0,     0.0,     0.0,     0.0,"(CONTRACTS OF 200,000 POUNDS)",052644,CME ,052 ,A25,FutOnly
LEAN HOGS - CHICAGO MERCANTILE EXCHANGE,260901,2026-09-01,054642,CME ,00,054 ,  286408,   32082,   41677,   74746,    3594,    4606,   58819,   93510,   57721,   14179,   42259,   25731,  267884,  269098,   18524,   17310,  128846,   13716,   11916,   35922,    3172,       0,   53688,   77934,    4086,   14347,   23956,       0,  121759,  121064,    7087,    7782,  157562,   18366,   29761,   41567,    3165,    1863,   41377,   51822,   17389,   14607,   33078,   10956,  146125,  148034,   11437,    9528,   11397,   -1624,   -1037,    -995,    1088,    1872,    1308,     -99,    6307,     159,   -1584,    5142,   12169,   11689,    -772,    -292,  100.0,   11.2,   14.6,   26.1,    1.3,    1.6,   20.5,   32.6,   20.2,    5.0,   14.8,    9.0,   93.5,   94.0,    6.5,    6.0,  100.0,   10.6,    9.2,   27.9,    2.5,    0.0,   41.7,   60.5,    3.2,   11.1,   18.6,    0.0,   94.5,   94.0,    5.5,    6.0,  100.0,   11.7,   18.9,   26.4,    2.0,    1.2,   26.3,   32.9,   11.0,    9.3,   21.0,    7.0,   92.7,   94.0,    7.3,    6.0,    323,     52,     63,     17,      7,     11,     55,     67,     64,     31,     44,     50,    233,    249,    282,     33,     40,     16,      8,      0,     46,     70,     19,     29,     48,      0,    138,    171,    250,     40,     54,     17,      5,      9,     53,     35,     43,     32,     28,     34,    177,    181,    17.8,    13.8,    27.2,    22.9,    16.7,    12.5,    24.9,    20.4,    26.3,    16.0,    38.8,    28.6,    26.3,    16.0,    38.8,    28.6,    15.9,    22.9,    28.1,    32.9,    15.8,    22.8,    27.4,    32.4,"(CONTRACTS OF 40,000 POUNDS)",054642,CME ,054 ,A20,FutOnly
LIVE CATTLE - CHICAGO MERCANTILE EXCHANGE,260901,2026-09-01,057642,CME ,00,057 ,  300731,   41772,  129883,   72848,    4030,    1252,   82039,   33188,   55465,   10243,   31714,   12780,  276399,  268312,   24332,   32419,  300731,   41772,  129883,   72848,    4030,    1252,   82039,   33188,   55465,   10243,   31714,   12780,  276399,  268312,   24332,   32419,       0,       0,       0,       0,       0,       0,       0,       0,       0,       0,       0,       0,       0,       0,       0,       0,   11988,    6864,     643,    2879,    -182,     126,   -2302,    8576,    6192,   -1952,   -4364,     451,   12258,   11442,    -270,     546,  100.0,   13.9,   43.2,   24.2,    1.3,    0.4,   27.3,   11.0,   18.4,    3.4,   10.5,    4.2,   91.9,   89.2,    8.1,   10.8,  100.0,   13.9,   43.2,   24.2,    1.3,    0.4,   27.3,   11.0,   18.4,    3.4,   10.5,    4.2,   91.9,   89.2,    8.1,   10.8,  100.0,    0.0,    0.0,    0.0,    0.0,    0.0,    0.0,    0.0,    0.0,    0.0,    0.0,    0.0,    0.0,    0.0,    0.0,    0.0,    372,     81,    129,     20,.,      9,     69,     43,     65,     41,     36,     44,    260,    293,    372,     81,    129,     20,.,      9,     69,     43,     65,     41,     36,     44,    260,    293,      0,      0,      0,      0,      0,      0,      0,      0,      0,      0,      0,      0,      0,      0,    15.7,    14.5,    24.4,    23.6,    14.3,    13.9,    21.5,    21.9,    15.7,    14.5,    24.4,    23.6,    14.3,    13.9,    21.5,    21.9,     0.0,     0.0,     0.0,     0.0,     0.0,     0.0,     0.0,     0.0,"(CONTRACTS OF 40,000 POUNDS)",057642,CME ,057 ,A20,FutOnly
LUMBER - CHICAGO MERCANTILE EXCHANGE,260901,2026-09-01,058644,CME ,00,058 ,   10162,    6098,     780,     702,     673,       6,     524,    6299,       0,    1525,    1411,     237,    9092,    9406,    1070,     756,   10162,    6098,     780,     702,     673,       6,     524,    6299,       0,    1525,    1411,     237,    9092,    9406,    1070,     756,       0,       0,       0,       0,       0,       0,       0,       0,       0,       0,       0,       0,       0,       0,       0,       0,     876,     366,     -50,       6,     -45,       0,       0,    1005,       0,     272,    -150,     192,     836,     952,      40,     -76,  100.0,   60.0,    7.7,    6.9,    6.6,    0.1,    5.2,   62.0,    0.0,   15.0,   13.9,    2.3,   89.5,   92.6,   10.5,    7.4,  100.0,   60.0,    7.7,    6.9,    6.6,    0.1,    5.2,   62.0,    0.0,   15.0,   13.9,    2.3,   89.5,   92.6,   10.5,    7.4,  100.0,    0.0,    0.0,    0.0,    0.0,    0.0,    0.0,    0.0,    0.0,    0.0,    0.0,    0.0,    0.0,    0.0,    0.0,    0.0,     97,     30,     11,.,.,.,      4,     29,      0,     13,     13,      6,     52,     61,     97,     30,     11,.,.,.,      4,     29,      0,     13,     13,      6,     52,     61,      0,      0,      0,      0,      0,      0,      0,      0,      0,      0,      0,      0,      0,      0,    29.0,    26.6,    45.9,    44.2,    29.0,    26.6,    44.4,    44.2,    29.0,    26.6,    45.9,    44.2,    29.0,    26.6,    44.4,    44.2,     0.0,     0.0,     0.0,     0.0,     0.0,     0.0,     0.0,     0.0,"(CONTRACTS OF 27,500 BOARD FEET)",058644,CME ,058 ,N30,FutOnly
FEEDER CATTLE - CHICAGO MERCANTILE EXCHANGE,260901,2026-09-01,061641,CME ,00,061 ,   64359,    8454,   10661,    7579,    1151,    2414,   16043,    7607,   10901,    1494,   12659,    7385,   54270,   52778,   10089,   11581,   64359,    8454,   10661,    7579,    1151,    2414,   16043,    7607,   10901,    1494,   12659,    7385,   54270,   52778,   10089,   11581,       0,       0,       0,       0,       0,       0,       0,       0,       0,       0,       0,       0,       0,       0,       0,       0,   -4807,    -130,     736,   -1220,     151,     406,      32,     482,   -1722,    -471,   -3697,    -647,   -3752,   -4291,   -1055,    -516,  100.0,   13.1,   16.6,   11.8,    1.8,    3.8,   24.9,   11.8,   16.9,    2.3,   19.7,   11.5,   84.3,   82.0,   15.7,   18.0,  100.0,   13.1,   16.6,   11.8,    1.8,    3.8,   24.9,   11.8,   16.9,    2.3,   19.7,   11.5,   84.3,   82.0,   15.7,   18.0,  100.0,    0.0,    0.0,    0.0,    0.0,    0.0,    0.0,    0.0,    0.0,    0.0,    0.0,    0.0,    0.0,    0.0,    0.0,    0.0,    232,     48,     56,     12,      6,     11,     41,     23,     35,     26,     25,     41,    176,    169,    232,     48,     56,     12,      6,     11,     41,     23,     35,     26,     25,     41,    176,    169,      0,      0,      0,      0,      0,      0,      0,      0,      0,      0,      0,      0,      0,      0,    14.2,    16.0,    23.8,    25.2,    10.5,    14.4,    18.3,    21.4,    14.2,    16.0,    23.8,    25.2,    10.5,    14.4,    18.3,    21.4,     0.0,     0.0,     0.0,     0.0,     0.0,     0.0,     0.0,     0.0,"(CONTRACTS OF 50,000 POUNDS)",061641,CME ,061 ,A20,FutOnly
CHEESE (CASH-SETTLED) - CHICAGO MERCANTILE EXCHANGE,260901,2026-09-01,063642,CME ,00,063 ,   32126,   17596,   15822,    9505,    2019,    1355,     334,    2991,    1104,     252,    7319,     922,   31068,   31532,    1058,     594,   32126,   17596,   15822,    9505,    2019,    1355,     334,    2991,    1104,     252,    7319,     922,   31068,   31532,    1058,     594,       0,       0,       0,       0,       0,       0,       0,       0,       0,       0,       0,       0,       0,       0,       0,       0,    1081,     904,     597,    -162,    -213,      53,     -98,     129,     126,     111,     101,     103,    1037,     896,      44,     185,  100.0,   54.8,   49.2,   29.6,    6.3,    4.2,    1.0,    9.3,    3.4,    0.8,   22.8,    2.9,   96.7,   98.2,    3.3,    1.8,  100.0,   54.8,   49.2,   29.6,    6.3,    4.2,    1.0,    9.3,    3.4,    0.8,   22.8,    2.9,   96.7,   98.2,    3.3,    1.8,  100.0,    0.0,    0.0,    0.0,    0.0,    0.0,    0.0,    0.0,    0.0,    0.0,    0.0,    0.0,    0.0,    0.0,    0.0,    0.0,     76,     23,     27,.,.,      4,.,     13,.,      4,     15,     10,     43,     63,     76,     23,     27,.,.,      4,.,     13,.,      4,     15,     10,     43,     63,      0,      0,      0,      0,      0,      0,      0,      0,      0,      0,      0,      0,      0,      0,    49.1,    28.1,    69.5,    50.2,    48.5,    27.2,    67.3,    45.5,    49.1,    28.1,    69.5,    50.2,    48.5,    27.2,    67.3,    45.5,     0.0,     0.0,     0.0,     0.0,     0.0,     0.0,     0.0,     0.0,"(CONTRACTS OF 20,000 POUNDS)",063642,CME ,063 ,A25,FutOnly
MID-C DAY-AHEAD PEAK - ICE FUTURES ENERGY DIV,260901,2026-09-01,064391,IFED,01,064 ,   42001,   25420,   30033,    6143,     156,    2778,    1080,    3407,    1907,    1894,    1416,    2197,   41419,   41894,     582,     107,   42001,   25420,   30033,    6143,     156,    2778,    1080,    3407,    1907,    1894,    1416,    2197,   41419,   41894,     582,     107,       0,       0,       0,       0,       0,       0,       0,       0,       0,       0,       0,       0,       0,       0,       0,       0,   -4063,   -2106,   -1775,   -1104,      76,     409,    -691,   -2192,     -69,    -182,    -223,    -284,   -4027,   -4058,     -36,      -5,  100.0,   60.5,   71.5,   14.6,    0.4,    6.6,    2.6,    8.1,    4.5,    4.5,    3.4,    5.2,   98.6,   99.7,    1.4,    0.3,  100.0,   60.5,   71.5,   14.6,    0.4,    6.6,    2.6,    8.1,    4.5,    4.5,    3.4,    5.2,   98.6,   99.7,    1.4,    0.3,  100.0,    0.0,    0.0,    0.0,    0.0,    0.0,    0.0,    0.0,    0.0,    0.0,    0.0,    0.0,    0.0,    0.0,    0.0,    0.0,     61,     25,     29,      4,.,.,.,     10,      4,      7,      4,      7,     45,     53,     61,     25,     29,      4,.,.,.,     10,      4,      7,      4,      7,     45,     53,      0,      0,      0,      0,      0,      0,      0,      0,      0,      0,      0,      0,      0,      0,    38.8,    38.8,    59.0,    62.2,    34.1,    37.5,    47.9,    54.5,    38.8,    38.8,    59.0,    62.2,    34.1,    37.5,    47.9,    54.5,     0.0,     0.0,     0.0,     0.0,     0.0,     0.0,     0.0,     0.0,(Contracts of about 400 MWh),064391,IFED,064 ,N16,FutOnly
MID-C DAY-AHEAD OFF-PEAK - ICE FUTURES ENERGY DIV,260901,2026-09-01,064392,IFED,01,064 ,   27517,   15894,   19724,    4291,     240,    1973,     779,    2198,     809,    2693,    1980,     376,   26815,   27300,     702,     217,   27517,   15894,   19724,    4291,     240,    1973,     779,    2198,     809,    2693,    1980,     376,   26815,   27300,     702,     217,       0,       0,       0,       0,       0,       0,       0,       0,       0,       0,       0,       0,       0,       0,       0,       0,   -2694,   -1618,    -562,    -730,     -20,      81,    -328,   -1515,     310,    -440,   -1021,      60,   -2665,   -2667,     -29,     -27,  100.0,   57.8,   71.7,   15.6,    0.9,    7.2,    2.8,    8.0,    2.9,    9.8,    7.2,    1.4,   97.4,   99.2,    2.6,    0.8,  100.0,   57.8,   71.7,   15.6,    0.9,    7.2,    2.8,    8.0,    2.9,    9.8,    7.2,    1.4,   97.4,   99.2,    2.6,    0.8,  100.0,    0.0,    0.0,    0.0,    0.0,    0.0,    0.0,    0.0,    0.0,    0.0,    0.0,    0.0,    0.0,    0.0,    0.0,    0.0,     40,     23,     23,      4,.,.,.,.,.,      4,.,.,     34,     35,     40,     23,     23,      4,.,.,.,.,.,      4,.,.,     34,     35,      0,      0,      0,      0,      0,      0,      0,      0,      0,      0,      0,      0,      0,      0,    39.6,    42.8,    58.4,    72.0,    29.0,    38.6,    42.5,    55.8,    39.6,    42.8,    58.4,    72.0,    29.0,    38.6,    42.5,    55.8,     0.0,     0.0,     0.0,     0.0,     0.0,     0.0,     0.0,     0.0,(Contracts of about 352 MWh),064392,IFED,064 ,N16,FutOnly
PJM WESTERN HUB RT OFF - ICE FUTURES ENERGY DIV,260901,2026-09-01,064394,IFED,01,064 ,  265077,  105728,  159468,    4036,   45650,   13845,  100280,    5504,   12962,   11834,   11926,   15271,  263956,  264626,    1121,     451,  265077,  105728,  159468,    4036,   45650,   13845,  100280,    5504,   12962,   11834,   11926,   15271,  263956,  264626,    1121,     451,       0,       0,       0,       0,       0,       0,       0,       0,       0,       0,       0,       0,       0,       0,       0,       0,    -181,     642,     -77,    -100,    -566,     347,   -1517,    -339,     285,     -31,      -2,     202,    -172,    -150,      -9,     -31,  100.0,   39.9,   60.2,    1.5,   17.2,    5.2,   37.8,    2.1,    4.9,    4.5,    4.5,    5.8,   99.6,   99.8,    0.4,    0.2,  100.0,   39.9,   60.2,    1.5,   17.2,    5.2,   37.8,    2.1,    4.9,    4.5,    4.5,    5.8,   99.6,   99.8,    0.4,    0.2,  100.0,    0.0,    0.0,    0.0,    0.0,    0.0,    0.0,    0.0,    0.0,    0.0,    0.0,    0.0,    0.0,    0.0,    0.0,    0.0,     89,     37,     33,.,      8,      7,     20,.,     10,     12,      6,     12,     81,     69,     89,     37,     33,.,      8,      7,     20,.,     10,     12,      6,     12,     81,     69,      0,      0,      0,      0,      0,      0,      0,      0,      0,      0,      0,      0,      0,      0,    41.0,    41.4,    53.9,    59.4,    36.8,    33.3,    44.6,    45.8,    41.0,    41.4,    53.9,    59.4,    36.8,    33.3,    44.6,    45.8,     0.0,     0.0,     0.0,     0.0,     0.0,     0.0,     0.0,     0.0,(Contracts of about 352 MWh),064394,IFED,064 ,N16,FutOnly
SP15 FIN DA PEAK FIXED - ICE FUTURES ENERGY DIV,260901,2026-09-01,064395,IFED,01,064 ,  110078,   76367,   53134,    9883,   14476,    3772,    1591,   19483,    8302,    2340,    2860,    7664,  109919,  109691,     159,     387,  110078,   76367,   53134,    9883,   14476,    3772,    1591,   19483,    8302,    2340,    2860,    7664,  109919,  109691,     159,     387,       0,       0,       0,       0,       0,       0,       0,       0,       0,       0,       0,       0,       0,       0,       0,       0,     933,     274,     797,     371,    -849,     226,    -100,    -423,     555,   -1411,    -516,    1026,     941,     816,      -8,     117,  100.0,   69.4,   48.3,    9.0,   13.2,    3.4,    1.4,   17.7,    7.5,    2.1,    2.6,    7.0,   99.9,   99.6,    0.1,    0.4,  100.0,   69.4,   48.3,    9.0,   13.2,    3.4,    1.4,   17.7,    7.5,    2.1,    2.6,    7.0,   99.9,   99.6,    0.1,    0.4,  100.0,    0.0,    0.0,    0.0,    0.0,    0.0,    0.0,    0.0,    0.0,    0.0,    0.0,    0.0,    0.0,    0.0,    0.0,    0.0,     75,     31,     30,      5,.,      7,.,     13,      5,      7,      8,     12,     59,     63,     75,     31,     30,      5,.,      7,.,     13,      5,      7,      8,     12,     59,     63,      0,      0,      0,      0,      0,      0,      0,      0,      0,      0,      0,      0,      0,      0,    44.9,    39.9,    72.1,    60.7,    42.9,    32.2,    57.8,    48.3,    44.9,    39.9,    72.1,    60.7,    42.9,    32.2,    57.8,    48.3,     0.0,     0.0,     0.0,     0.0,     0.0,     0.0,     0.0,     0.0,(Contracts of about 400 MWh),064395,IFED,064 ,N16,FutOnly
CAISO SP-15 DA OFF-PK FIXED - ICE FUTURES ENERGY DIV,260901,2026-09-01,064396,IFED,01,064 ,   81817,   57426,   36805,    3428,    9831,    5616,    5900,    7396,    5406,     394,   13185,    3411,   81581,   81650,     236,     167,   81817,   57426,   36805,    3428,    9831,    5616,    5900,    7396,    5406,     394,   13185,    3411,   81581,   81650,     236,     167,       0,       0,       0,       0,       0,       0,       0,       0,       0,       0,       0,       0,       0,       0,       0,       0,    -386,    -599,     175,     736,    -581,    -315,    -365,   -2027,     439,     164,    2369,    -446,    -386,    -386,       0,       0,  100.0,   70.2,   45.0,    4.2,   12.0,    6.9,    7.2,    9.0,    6.6,    0.5,   16.1,    4.2,   99.7,   99.8,    0.3,    0.2,  100.0,   70.2,   45.0,    4.2,   12.0,    6.9,    7.2,    9.0,    6.6,    0.5,   16.1,    4.2,   99.7,   99.8,    0.3,    0.2,  100.0,    0.0,    0.0,    0.0,    0.0,    0.0,    0.0,    0.0,    0.0,    0.0,    0.0,    0.0,    0.0,    0.0,    0.0,    0.0,     45,     22,     20,      5,.,      5,.,.,.,.,      4,      5,     39,     33,     45,     22,     20,      5,.,      5,.,.,.,.,      4,      5,     39,     33,      0,      0,      0,      0,      0,      0,      0,      0,      0,      0,      0,      0,      0,      0,    49.2,    50.2,    71.2,    75.1,    43.5,    43.2,    59.3,    62.9,    49.2,    50.2,    71.2,    75.1,    43.5,    43.2,    59.3,    62.9,     0.0,     0.0,     0.0,     0.0,     0.0,     0.0,     0.0,     0.0,(Contracts of about 352 MWh),064396,IFED,064 ,N16,FutOnly
PJM AEP DAYTON RT OFF-PK FIXED - ICE FUTURES ENERGY DIV,260901,2026-09-01,06439A,IFED,01,064 ,   58001,   29562,   27496,     692,   10324,    3129,    1265,   10387,    1627,   19544,    2527,    1862,   57681,   57352,     320,     649,   58001,   29562,   27496,     692,   10324,    3129,    1265,   10387,    1627,   19544,    2527,    1862,   57681,   57352,     320,     649,       0,       0,       0,       0,       0,       0,       0,       0,       0,       0,       0,       0,       0,       0,       0,       0,    1184,     378,     814,      60,      84,      10,     993,     246,    -170,    -134,      58,      37,    1174,    1079,      10,     105,  100.0,   51.0,   47.4,    1.2,   17.8,    5.4,    2.2,   17.9,    2.8,   33.7,    4.4,    3.2,   99.4,   98.9,    0.6,    1.1,  100.0,   51.0,   47.4,    1.2,   17.8,    5.4,    2.2,   17.9,    2.8,   33.7,    4.4,    3.2,   99.4,   98.9,    0.6,    1.1,  100.0,    0.0,    0.0,    0.0,    0.0,    0.0,    0.0,    0.0,    0.0,    0.0,    0.0,    0.0,    0.0,    0.0,    0.0,    0.0,     48,     24,     21,.,      5,      7,.,      5,.,      4,      5,      6,     42,     42,     48,     24,     21,.,      5,      7,.,      5,.,      4,      5,      6,     42,     42,      0,      0,      0,      0,      0,      0,      0,      0,      0,      0,      0,      0,      0,      0,    53.6,    37.3,    68.3,    54.2,    47.6,    32.5,    53.8,    44.9,    53.6,    37.3,    68.3,    54.2,    47.6,    32.5,    53.8,    44.9,     0.0,     0.0,     0.0,     0.0,     0.0,     0.0,     0.0,     0.0,(Contracts of about 352 MWh),06439A,IFED,064 ,N16,FutOnly
PJM AEP DAYTON RT PEAK FIXED - ICE FUTURES ENERGY DIV,260901,2026-09-01,06439B,IFED,01,064 ,   74707,   36447,   41515,    2291,   10595,    4175,    9491,   11279,    2067,   17645,    2827,    1372,   73488,   73830,    1219,     877,   74707,   36447,   41515,    2291,   10595,    4175,    9491,   11279,    2067,   17645,    2827,    1372,   73488,   73830,    1219,     877,       0,       0,       0,       0,       0,       0,       0,       0,       0,       0,       0,       0,       0,       0,       0,       0,    2699,     815,    1640,     -98,    -109,     132,    1491,     420,     -40,     111,     294,     285,    2696,    2622,       3,      77,  100.0,   48.8,   55.6,    3.1,   14.2,    5.6,   12.7,   15.1,    2.8,   23.6,    3.8,    1.8,   98.4,   98.8,    1.6,    1.2,  100.0,   48.8,   55.6,    3.1,   14.2,    5.6,   12.7,   15.1,    2.8,   23.6,    3.8,    1.8,   98.4,   98.8,    1.6,    1.2,  100.0,    0.0,    0.0,    0.0,    0.0,    0.0,    0.0,    0.0,    0.0,    0.0,    0.0,    0.0,    0.0,    0.0,    0.0,    0.0,     63,     26,     24,.,      4,      7,      9,      4,      4,      6,      8,      9,     56,     48,     63,     26,     24,.,      4,      7,      9,      4,      4,      6,      8,      9,     56,     48,      0,      0,      0,      0,      0,      0,      0,      0,      0,      0,      0,      0,      0,      0,    41.6,    40.6,    59.7,    57.6,    36.9,    37.1,    47.9,    49.8,    41.6,    40.6,    59.7,    57.6,    36.9,    37.1,    47.9,    49.8,     0.0,     0.0,     0.0,     0.0,     0.0,     0.0,     0.0,     0.0,(Contracts of 800 MWh),06439B,IFED,064 ,N16,FutOnly
PJM AEP DAYTON HUB DA OFF-PK  - ICE FUTURES ENERGY DIV,260901,2026-09-01,06439C,IFED,01,064 ,   56502,   27471,   10885,    3231,   27406,    1173,       0,    2216,    1931,   20506,   11477,     867,   55179,   55955,    1323,     547,   56502,   27471,   10885,    3231,   27406,    1173,       0,    2216,    1931,   20506,   11477,     867,   55179,   55955,    1323,     547,       0,       0,       0,       0,       0,       0,       0,       0,       0,       0,       0,       0,       0,       0,       0,       0,     252,     -39,     -28,       0,      75,      75,       0,    -100,     125,       5,      27,      78,     244,     252,       8,       0,  100.0,   48.6,   19.3,    5.7,   48.5,    2.1,    0.0,    3.9,    3.4,   36.3,   20.3,    1.5,   97.7,   99.0,    2.3,    1.0,  100.0,   48.6,   19.3,    5.7,   48.5,    2.1,    0.0,    3.9,    3.4,   36.3,   20.3,    1.5,   97.7,   99.0,    2.3,    1.0,  100.0,    0.0,    0.0,    0.0,    0.0,    0.0,    0.0,    0.0,    0.0,    0.0,    0.0,    0.0,    0.0,    0.0,    0.0,    0.0,     52,     24,     20,      4,      5,      7,      0,.,.,      7,      6,      5,     41,     40,     52,     24,     20,      4,      5,      7,      0,.,.,      7,      6,      5,     41,     40,      0,      0,      0,      0,      0,      0,      0,      0,      0,      0,      0,      0,      0,      0,    48.1,    67.8,    65.0,    81.6,    47.4,    64.3,    62.6,    74.9,    48.1,    67.8,    65.0,    81.6,    47.4,    64.3,    62.6,    74.9,     0.0,     0.0,     0.0,     0.0,     0.0,     0.0,     0.0,     0.0,(Contracts of about 352 MWh),06439C,IFED,064 ,N16,FutOnly
AEP DAYTON HUB DA PEAK DAILY - ICE FUTURES ENERGY DIV,260901,2026-09-01,06439E,IFED,01,064 ,    6550,    5800,    4450,       0,     200,     100,     250,     850,       0,       0,     900,       0,    6150,    6500,     400,      50,    6550,    5800,    4450,       0,     200,     100,     250,     850,       0,       0,     900,       0,    6150,    6500,     400,      50,       0,       0,       0,       0,       0,       0,       0,       0,       0,       0,       0,       0,       0,       0,       0,       0,.,.,.,.,.,.,.,.,.,.,.,.,.,.,.,.,  100.0,   88.5,   67.9,    0.0,    3.1,    1.5,    3.8,   13.0,    0.0,    0.0,   13.7,    0.0,   93.9,   99.2,    6.1,    0.8,  100.0,   88.5,   67.9,    0.0,    3.1,    1.5,    3.8,   13.0,    0.0,    0.0,   13.7,    0.0,   93.9,   99.2,    6.1,    0.8,  100.0,    0.0,    0.0,    0.0,    0.0,    0.0,    0.0,    0.0,    0.0,    0.0,    0.0,    0.0,    0.0,    0.0,    0.0,    0.0,     29,     12,     11,      0,.,.,.,.,      0,      0,      4,      0,     14,     20,     29,     12,     11,      0,.,.,.,.,      0,      0,      4,      0,     14,     20,      0,      0,      0,      0,      0,      0,      0,      0,      0,      0,      0,      0,      0,      0,    54.2,    68.7,    83.2,    83.2,    54.2,    65.6,    81.7,    79.4,    54.2,    68.7,    83.2,    83.2,    54.2,    65.6,    81.7,    79.4,     0.0,     0.0,     0.0,     0.0,     0.0,     0.0,     0.0,     0.0,(Contracts of about 16 MWh),06439E,IFED,064 ,N16,FutOnly
PJM AEP DAYTON DA PEAK - ICE FUTURES ENERGY DIV,260901,2026-09-01,06439F,IFED,01,064 ,   66203,   35025,   20319,    4461,   25641,    1971,       0,    2300,    2166,   20335,   12325,     974,   64932,   65696,    1271,     507,   66203,   35025,   20319,    4461,   25641,    1971,       0,    2300,    2166,   20335,   12325,     974,   64932,   65696,    1271,     507,       0,       0,       0,       0,       0,       0,       0,       0,       0,       0,       0,       0,       0,       0,       0,       0,     479,     336,     316,     -25,      59,      25,       0,    -370,     389,      55,      55,       5,     785,     479,    -306,       0,  100.0,   52.9,   30.7,    6.7,   38.7,    3.0,    0.0,    3.5,    3.3,   30.7,   18.6,    1.5,   98.1,   99.2,    1.9,    0.8,  100.0,   52.9,   30.7,    6.7,   38.7,    3.0,    0.0,    3.5,    3.3,   30.7,   18.6,    1.5,   98.1,   99.2,    1.9,    0.8,  100.0,    0.0,    0.0,    0.0,    0.0,    0.0,    0.0,    0.0,    0.0,    0.0,    0.0,    0.0,    0.0,    0.0,    0.0,    0.0,     65,     29,     24,      5,      4,      5,      0,.,.,      8,     11,      7,     46,     51,     65,     29,     24,      5,      4,      5,      0,.,.,      8,     11,      7,     46,     51,      0,      0,      0,      0,      0,      0,      0,      0,      0,      0,      0,      0,      0,      0,    41.9,    62.9,    57.7,    78.2,    41.3,    59.8,    55.9,    70.2,    41.9,    62.9,    57.7,    78.2,    41.3,    59.8,    55.9,    70.2,     0.0,     0.0,     0.0,     0.0,     0.0,     0.0,     0.0,     0.0,(Contracts of about 352 MWh),06439F,IFED,064 ,N16,FutOnly
MISO INDIANA  OFF-PEAK - ICE FUTURES ENERGY DIV,260901,2026-09-01,06439K,IFED,01,064 ,   43301,   36463,   24053,     140,    3127,    5860,       0,     314,     110,      35,    9405,     305,   42913,   43174,     388,     127,   43301,   36463,   24053,     140,    3127,    5860,       0,     314,     110,      35,    9405,     305,   42913,   43174,     388,     127,       0,       0,       0,       0,       0,       0,       0,       0,       0,       0,       0,       0,       0,       0,       0,       0,     800,     215,     395,       0,    -535,     585,       0,      50,       0,       0,     185,       0,     800,     680,       0,     120,  100.0,   84.2,   55.5,    0.3,    7.2,   13.5,    0.0,    0.7,    0.3,    0.1,   21.7,    0.7,   99.1,   99.7,    0.9,    0.3,  100.0,   84.2,   55.5,    0.3,    7.2,   13.5,    0.0,    0.7,    0.3,    0.1,   21.7,    0.7,   99.1,   99.7,    0.9,    0.3,  100.0,    0.0,    0.0,    0.0,    0.0,    0.0,    0.0,    0.0,    0.0,    0.0,    0.0,    0.0,    0.0,    0.0,    0.0,    0.0,     30,     18,     15,.,      4,.,      0,.,.,.,.,.,     25,     23,     30,     18,     15,.,      4,.,      0,.,.,.,.,.,     25,     23,      0,      0,      0,      0,      0,      0,      0,      0,      0,      0,      0,      0,      0,      0,    83.3,    54.4,    92.7,    81.8,    64.7,    40.0,    67.5,    60.0,    83.3,    54.4,    92.7,    81.8,    64.7,    40.0,    67.5,    60.0,     0.0,     0.0,     0.0,     0.0,     0.0,     0.0,     0.0,     0.0,(Contracts of about 352 MWh),06439K,IFED,064 ,N16,FutOnly
MISO IN. REAL-TIME OFF-PEAK - ICE FUTURES ENERGY DIV,260901,2026-09-01,06439L,IFED,01,064 ,   32705,   24164,   17941,    1145,    4414,    1966,    4135,    2825,       0,      25,    4268,     940,   32375,   32354,     330,     351,   32705,   24164,   17941,    1145,    4414,    1966,    4135,    2825,       0,      25,    4268,     940,   32375,   32354,     330,     351,       0,       0,       0,       0,       0,       0,       0,       0,       0,       0,       0,       0,       0,       0,       0,       0,      95,     198,     -43,    -173,     205,      70,       0,      58,       0,       0,    -195,       0,      95,      95,       0,       0,  100.0,   73.9,   54.9,    3.5,   13.5,    6.0,   12.6,    8.6,    0.0,    0.1,   13.0,    2.9,   99.0,   98.9,    1.0,    1.1,  100.0,   73.9,   54.9,    3.5,   13.5,    6.0,   12.6,    8.6,    0.0,    0.1,   13.0,    2.9,   99.0,   98.9,    1.0,    1.1,  100.0,    0.0,    0.0,    0.0,    0.0,    0.0,    0.0,    0.0,    0.0,    0.0,    0.0,    0.0,    0.0,    0.0,    0.0,    0.0,     30,     18,     15,.,      4,      5,.,.,      0,.,.,.,     26,     24,     30,     18,     15,.,      4,      5,.,.,      0,.,.,.,     26,     24,      0,      0,      0,      0,      0,      0,      0,      0,      0,      0,      0,      0,      0,      0,    56.4,    55.2,    74.9,    83.1,    46.5,    45.4,    57.9,    62.4,    56.4,    55.2,    74.9,    83.1,    46.5,    45.4,    57.9,    62.4,     0.0,     0.0,     0.0,     0.0,     0.0,     0.0,     0.0,     0.0,(Contracts of about 352 MWh),06439L,IFED,064 ,N16,FutOnly
ERCOT HOUSTON 345KV RT PK FIX - ICE FUTURES ENERGY DIV,260901,2026-09-01,06439N,IFED,01,064 ,   43880,   24694,   34464,    2505,    4241,    3120,    4151,     250,     250,    7220,     475,    1080,   43020,   43880,     860,       0,   43880,   24694,   34464,    2505,    4241,    3120,    4151,     250,     250,    7220,     475,    1080,   43020,   43880,     860,       0,       0,       0,       0,       0,       0,       0,       0,       0,       0,       0,       0,       0,       0,       0,       0,       0,       0,      -5,       0,       0,       0,       0,       0,       0,       0,       0,       0,       0,      -5,       0,       5,       0,  100.0,   56.3,   78.5,    5.7,    9.7,    7.1,    9.5,    0.6,    0.6,   16.5,    1.1,    2.5,   98.0,  100.0,    2.0,    0.0,  100.0,   56.3,   78.5,    5.7,    9.7,    7.1,    9.5,    0.6,    0.6,   16.5,    1.1,    2.5,   98.0,  100.0,    2.0,    0.0,  100.0,    0.0,    0.0,    0.0,    0.0,    0.0,    0.0,    0.0,    0.0,    0.0,    0.0,    0.0,    0.0,    0.0,    0.0,    0.0,     33,     16,     13,.,.,      4,.,.,.,      4,.,      4,     27,     24,     33,     16,     13,.,.,      4,.,.,.,      4,.,      4,     27,     24,      0,      0,      0,      0,      0,      0,      0,      0,      0,      0,      0,      0,      0,      0,    35.6,    69.9,    56.4,    84.9,    33.0,    69.8,    51.2,    76.4,    35.6,    69.9,    56.4,    84.9,    33.0,    69.8,    51.2,    76.4,     0.0,     0.0,     0.0,     0.0,     0.0,     0.0,     0.0,     0.0,(Contracts of about 352 MWh),06439N,IFED,064 ,N16,FutOnly
ERCOT Houston 345KV RT OFF FIX - ICE FUTURES ENERGY DIV,260901,2026-09-01,06439Q,IFED,01,064 ,   42020,   23229,   33059,    1935,    4381,    3120,    4151,     250,     250,    7590,       0,     960,   41235,   42020,     785,       0,   42020,   23229,   33059,    1935,    4381,    3120,    4151,     250,     250,    7590,       0,     960,   41235,   42020,     785,       0,       0,       0,       0,       0,       0,       0,       0,       0,       0,       0,       0,       0,       0,       0,       0,       0,       0,      -5,       0,       0,       0,       0,       0,       0,       0,       0,       0,       0,      -5,       0,       5,       0,  100.0,   55.3,   78.7,    4.6,   10.4,    7.4,    9.9,    0.6,    0.6,   18.1,    0.0,    2.3,   98.1,  100.0,    1.9,    0.0,  100.0,   55.3,   78.7,    4.6,   10.4,    7.4,    9.9,    0.6,    0.6,   18.1,    0.0,    2.3,   98.1,  100.0,    1.9,    0.0,  100.0,    0.0,    0.0,    0.0,    0.0,    0.0,    0.0,    0.0,    0.0,    0.0,    0.0,    0.0,    0.0,    0.0,    0.0,    0.0,     33,     15,     12,.,.,      4,.,.,.,      5,      0,.,     26,     22,     33,     15,     12,.,.,      4,.,.,.,      5,      0,.,     26,     22,      0,      0,      0,      0,      0,      0,      0,      0,      0,      0,      0,      0,      0,      0,    35.5,    70.9,    56.0,    86.6,    34.4,    70.5,    51.4,    77.0,    35.5,    70.9,    56.0,    86.6,    34.4,    70.5,    51.4,    77.0,     0.0,     0.0,     0.0,     0.0,     0.0,     0.0,     0.0,     0.0,(Contracts of about 352 MWh),06439Q,IFED,064 ,N16,FutOnly
ERCOT NORTH 345KV RT PK FIX - ICE FUTURES ENERGY DIV,260901,2026-09-01,06439R,IFED,01,064 ,  275223,  122509,  177301,   12287,   25660,   14774,   68268,    7659,   24402,   22689,   16095,    8944,  273873,  274835,    1350,     388,  275223,  122509,  177301,   12287,   25660,   14774,   68268,    7659,   24402,   22689,   16095,    8944,  273873,  274835,    1350,     388,       0,       0,       0,       0,       0,       0,       0,       0,       0,       0,       0,       0,       0,       0,       0,       0,    4188,    3167,    3410,     -39,     456,    -147,     881,     102,      80,     997,    1485,    -867,    4072,    4519,     116,    -331,  100.0,   44.5,   64.4,    4.5,    9.3,    5.4,   24.8,    2.8,    8.9,    8.2,    5.8,    3.2,   99.5,   99.9,    0.5,    0.1,  100.0,   44.5,   64.4,    4.5,    9.3,    5.4,   24.8,    2.8,    8.9,    8.2,    5.8,    3.2,   99.5,   99.9,    0.5,    0.1,  100.0,    0.0,    0.0,    0.0,    0.0,    0.0,    0.0,    0.0,    0.0,    0.0,    0.0,    0.0,    0.0,    0.0,    0.0,    0.0,    118,     41,     40,.,      8,      8,     15,     15,     14,     15,     12,     17,     92,     98,    118,     41,     40,.,      8,      8,     15,     15,     14,     15,     12,     17,     92,     98,      0,      0,      0,      0,      0,      0,      0,      0,      0,      0,      0,      0,      0,      0,    32.0,    34.8,    51.0,    52.6,    23.3,    28.1,    37.9,    38.3,    32.0,    34.8,    51.0,    52.6,    23.3,    28.1,    37.9,    38.3,     0.0,     0.0,     0.0,     0.0,     0.0,     0.0,     0.0,     0.0,(1 Mw per Peak Hour),06439R,IFED,064 ,N16,FutOnly
ERCOT SOUTH 345 KV RT PEAK FIX - ICE FUTURES ENERGY DIV,260901,2026-09-01,06439S,IFED,01,064 ,   30167,   23453,   17054,    4375,    8185,     679,       0,    3375,       0,    1040,      75,     350,   29897,   29718,     270,     449,   30167,   23453,   17054,    4375,    8185,     679,       0,    3375,       0,    1040,      75,     350,   29897,   29718,     270,     449,       0,       0,       0,       0,       0,       0,       0,       0,       0,       0,       0,       0,       0,       0,       0,       0,       0,     -15,       0,       0,       0,       0,       0,       0,       0,      15,       0,       0,       0,       0,       0,       0,  100.0,   77.7,   56.5,   14.5,   27.1,    2.3,    0.0,   11.2,    0.0,    3.4,    0.2,    1.2,   99.1,   98.5,    0.9,    1.5,  100.0,   77.7,   56.5,   14.5,   27.1,    2.3,    0.0,   11.2,    0.0,    3.4,    0.2,    1.2,   99.1,   98.5,    0.9,    1.5,  100.0,    0.0,    0.0,    0.0,    0.0,    0.0,    0.0,    0.0,    0.0,    0.0,    0.0,    0.0,    0.0,    0.0,    0.0,    0.0,     26,     13,      9,.,.,.,      0,.,      0,.,.,.,     19,     15,     26,     13,      9,.,.,.,      0,.,      0,.,.,.,     19,     15,      0,      0,      0,      0,      0,      0,      0,      0,      0,      0,      0,      0,      0,      0,    49.4,    50.7,    74.6,    86.6,    49.4,    50.7,    71.7,    84.3,    49.4,    50.7,    74.6,    86.6,    49.4,    50.7,    71.7,    84.3,     0.0,     0.0,     0.0,     0.0,     0.0,     0.0,     0.0,     0.0,(1 Mw per Peak Hour),06439S,IFED,064 ,N16,FutOnly
ERCOT-SOUTH MONTHLY OFFPEAK - ICE FUTURES ENERGY DIV,260901,2026-09-01,06439U,IFED,01,064 ,   29130,   22405,   16774,    4375,    7227,     955,       0,    3375,       0,     765,       0,     360,   28860,   28691,     270,     439,   29130,   22405,   16774,    4375,    7227,     955,       0,    3375,       0,     765,       0,     360,   28860,   28691,     270,     439,       0,       0,       0,       0,       0,       0,       0,       0,       0,       0,       0,       0,       0,       0,       0,       0,       0,     -15,       0,       0,       0,       0,       0,       0,       0,      15,       0,       0,       0,       0,       0,       0,  100.0,   76.9,   57.6,   15.0,   24.8,    3.3,    0.0,   11.6,    0.0,    2.6,    0.0,    1.2,   99.1,   98.5,    0.9,    1.5,  100.0,   76.9,   57.6,   15.0,   24.8,    3.3,    0.0,   11.6,    0.0,    2.6,    0.0,    1.2,   99.1,   98.5,    0.9,    1.5,  100.0,    0.0,    0.0,    0.0,    0.0,    0.0,    0.0,    0.0,    0.0,    0.0,    0.0,    0.0,    0.0,    0.0,    0.0,    0.0,     26,     13,      9,.,.,.,      0,.,      0,.,      0,.,     19,     15,     26,     13,      9,.,.,.,      0,.,      0,.,      0,.,     19,     15,      0,      0,      0,      0,      0,      0,      0,      0,      0,      0,      0,      0,      0,      0,    51.1,    52.2,    73.2,    87.0,    51.1,    52.2,    69.8,    83.6,    51.1,    52.2,    73.2,    87.0,    51.1,    52.2,    69.8,    83.6,     0.0,     0.0,     0.0,     0.0,     0.0,     0.0,     0.0,     0.0,(1 MW per off-peak hour),06439U,IFED,064 ,N16,FutOnly
ERCOT WEST 345KV RT PEAK - ICE FUTURES ENERGY DIV,260901,2026-09-01,06439V,IFED,01,064 ,   33609,   17572,   27474,   12663,       0,    1495,       0,    1734,     400,     622,    1344,     679,   33431,   33126,     178,     483,   33609,   17572,   27474,   12663,       0,    1495,       0,    1734,     400,     622,    1344,     679,   33431,   33126,     178,     483,       0,       0,       0,       0,       0,       0,       0,       0,       0,       0,       0,       0,       0,       0,       0,       0,       0,       0,       0,       0,       0,       0,       0,       0,       0,       0,       0,       0,       0,       0,       0,       0,  100.0,   52.3,   81.7,   37.7,    0.0,    4.4,    0.0,    5.2,    1.2,    1.9,    4.0,    2.0,   99.5,   98.6,    0.5,    1.4,  100.0,   52.3,   81.7,   37.7,    0.0,    4.4,    0.0,    5.2,    1.2,    1.9,    4.0,    2.0,   99.5,   98.6,    0.5,    1.4,  100.0,    0.0,    0.0,    0.0,    0.0,    0.0,    0.0,    0.0,    0.0,    0.0,    0.0,    0.0,    0.0,    0.0,    0.0,    0.0,     27,     14,     10,      5,      0,      4,      0,.,.,.,.,.,     23,     18,     27,     14,     10,      5,      0,      4,      0,.,.,.,.,.,     23,     18,      0,      0,      0,      0,      0,      0,      0,      0,      0,      0,      0,      0,      0,      0,    57.4,    64.3,    74.9,    87.0,    56.2,    57.5,    68.1,    77.0,    57.4,    64.3,    74.9,    87.0,    56.2,    57.5,    68.1,    77.0,     0.0,     0.0,     0.0,     0.0,     0.0,     0.0,     0.0,     0.0,(1 MW per peak hour),06439V,IFED,064 ,N16,FutOnly
ERCOT WEST 345K RT OFF-PEAK - ICE FUTURES ENERGY DIV,260901,2026-09-01,06439W,IFED,01,064 ,   33532,   17500,   27457,   12718,       0,    1435,       0,    1734,     400,     622,    1344,     679,   33354,   33049,     178,     483,   33532,   17500,   27457,   12718,       0,    1435,       0,    1734,     400,     622,    1344,     679,   33354,   33049,     178,     483,       0,       0,       0,       0,       0,       0,       0,       0,       0,       0,       0,       0,       0,       0,       0,       0,       0,       0,       0,       0,       0,       0,       0,       0,       0,       0,       0,       0,       0,       0,       0,       0,  100.0,   52.2,   81.9,   37.9,    0.0,    4.3,    0.0,    5.2,    1.2,    1.9,    4.0,    2.0,   99.5,   98.6,    0.5,    1.4,  100.0,   52.2,   81.9,   37.9,    0.0,    4.3,    0.0,    5.2,    1.2,    1.9,    4.0,    2.0,   99.5,   98.6,    0.5,    1.4,  100.0,    0.0,    0.0,    0.0,    0.0,    0.0,    0.0,    0.0,    0.0,    0.0,    0.0,    0.0,    0.0,    0.0,    0.0,    0.0,     27,     14,     10,      5,      0,      4,      0,.,.,.,.,.,     23,     18,     27,     14,     10,      5,      0,      4,      0,.,.,.,.,.,     23,     18,      0,      0,      0,      0,      0,      0,      0,      0,      0,      0,      0,      0,      0,      0,    57.4,    64.5,    74.8,    87.2,    56.3,    57.7,    68.2,    77.2,    57.4,    64.5,    74.8,    87.2,    56.3,    57.7,    68.2,    77.2,     0.0,     0.0,     0.0,     0.0,     0.0,     0.0,     0.0,     0.0,(1 MW per Off-Peak Hour),06439W,IFED,064 ,N16,FutOnly
ERCOT NORTH 345KV DA PK DLY FI - ICE FUTURES ENERGY DIV,260901,2026-09-01,0643A5,IFED,01,064 ,   18700,   11450,    8825,    5800,     350,       0,       0,    6225,      50,     850,    2250,     450,   18600,   18150,     100,     550,   18700,   11450,    8825,    5800,     350,       0,       0,    6225,      50,     850,    2250,     450,   18600,   18150,     100,     550,       0,       0,       0,       0,       0,       0,       0,       0,       0,       0,       0,       0,       0,       0,       0,       0,   -5700,   -3650,   -2775,    -150,    -750,       0,    -100,    -675,      50,   -1850,   -1850,    -100,   -5800,   -6100,     100,     400,  100.0,   61.2,   47.2,   31.0,    1.9,    0.0,    0.0,   33.3,    0.3,    4.5,   12.0,    2.4,   99.5,   97.1,    0.5,    2.9,  100.0,   61.2,   47.2,   31.0,    1.9,    0.0,    0.0,   33.3,    0.3,    4.5,   12.0,    2.4,   99.5,   97.1,    0.5,    2.9,  100.0,    0.0,    0.0,    0.0,    0.0,    0.0,    0.0,    0.0,    0.0,    0.0,    0.0,    0.0,    0.0,    0.0,    0.0,    0.0,     25,      9,      9,.,.,      0,      0,.,.,.,      6,.,     15,     19,     25,      9,      9,.,.,      0,      0,.,.,.,      6,.,     15,     19,      0,      0,      0,      0,      0,      0,      0,      0,      0,      0,      0,      0,      0,      0,    87.4,    67.6,    94.9,    89.6,    73.1,    58.4,    77.1,    71.3,    87.4,    67.6,    94.9,    89.6,    73.1,    58.4,    77.1,    71.3,     0.0,     0.0,     0.0,     0.0,     0.0,     0.0,     0.0,     0.0,Megawatt Hours (MWh),0643A5,IFED,064 ,N16,FutOnly
ERCOT NORTH 345K RT OFFPK DLY  - ICE FUTURES ENERGY DIV,260901,2026-09-01,0643A7,IFED,01,064 ,    6168,    2832,    4096,      72,       0,      24,    2224,       0,      40,     128,    1304,      24,    5344,    5488,     824,     680,    6168,    2832,    4096,      72,       0,      24,    2224,       0,      40,     128,    1304,      24,    5344,    5488,     824,     680,       0,       0,       0,       0,       0,       0,       0,       0,       0,       0,       0,       0,       0,       0,       0,       0,     752,      -8,     560,     -32,       0,      24,     672,       0,      -8,    -104,     136,      24,     568,     736,     184,      16,  100.0,   45.9,   66.4,    1.2,    0.0,    0.4,   36.1,    0.0,    0.6,    2.1,   21.1,    0.4,   86.6,   89.0,   13.4,   11.0,  100.0,   45.9,   66.4,    1.2,    0.0,    0.4,   36.1,    0.0,    0.6,    2.1,   21.1,    0.4,   86.6,   89.0,   13.4,   11.0,  100.0,    0.0,    0.0,    0.0,    0.0,    0.0,    0.0,    0.0,    0.0,    0.0,    0.0,    0.0,    0.0,    0.0,    0.0,    0.0,     22,      8,     10,.,      0,.,.,      0,.,.,.,.,     16,     15,     22,      8,     10,.,      0,.,.,      0,.,.,.,.,     16,     15,      0,      0,      0,      0,      0,      0,      0,      0,      0,      0,      0,      0,      0,      0,    71.3,    63.2,    80.4,    80.7,    71.2,    61.2,    78.7,    77.0,    71.3,    63.2,    80.4,    80.7,    71.2,    61.2,    78.7,    77.0,     0.0,     0.0,     0.0,     0.0,     0.0,     0.0,     0.0,     0.0,50MWh,0643A7,IFED,064 ,N16,FutOnly
ERCOT - NORTH MONTHLY OFF-PEAK - ICE FUTURES ENERGY DIV,260901,2026-09-01,0643A8,IFED,01,064 ,  121673,   88330,   84838,   10631,    6252,   10032,    6520,    4276,    3350,     275,   10033,    1736,  120874,  120517,     799,    1156,  121673,   88330,   84838,   10631,    6252,   10032,    6520,    4276,    3350,     275,   10033,    1736,  120874,  120517,     799,    1156,       0,       0,       0,       0,       0,       0,       0,       0,       0,       0,       0,       0,       0,       0,       0,       0,    1308,     672,    1128,     180,     180,    -180,     360,       0,    -120,     156,       0,       0,    1068,    1008,     240,     300,  100.0,   72.6,   69.7,    8.7,    5.1,    8.2,    5.4,    3.5,    2.8,    0.2,    8.2,    1.4,   99.3,   99.0,    0.7,    0.9,  100.0,   72.6,   69.7,    8.7,    5.1,    8.2,    5.4,    3.5,    2.8,    0.2,    8.2,    1.4,   99.3,   99.0,    0.7,    0.9,  100.0,    0.0,    0.0,    0.0,    0.0,    0.0,    0.0,    0.0,    0.0,    0.0,    0.0,    0.0,    0.0,    0.0,    0.0,    0.0,     49,     23,     21,.,.,      5,      4,.,.,.,      8,      6,     38,     39,     49,     23,     21,.,.,      5,      4,.,.,.,      8,      6,     38,     39,      0,      0,      0,      0,      0,      0,      0,      0,      0,      0,      0,      0,      0,      0,    44.8,    43.9,    70.5,    62.0,    40.7,    40.2,    62.5,    55.2,    44.8,    43.9,    70.5,    62.0,    40.7,    40.2,    62.5,    55.2,     0.0,     0.0,     0.0,     0.0,     0.0,     0.0,     0.0,     0.0,1 Mw per Off-Peak Hour,0643A8,IFED,064 ,N16,FutOnly
MISO IN. DAY-AHEAD PEAK - ICE FUTURES ENERGY DIV,260901,2026-09-01,0643AZ,IFED,01,064 ,   20205,   15620,    9028,     420,    3805,    2985,      50,     863,     180,     145,    2643,     494,   19894,   19998,     311,     207,   20205,   15620,    9028,     420,    3805,    2985,      50,     863,     180,     145,    2643,     494,   19894,   19998,     311,     207,       0,       0,       0,       0,       0,       0,       0,       0,       0,       0,       0,       0,       0,       0,       0,       0,     337,     201,     302,      61,    -530,      80,       0,      -2,     -15,       0,     377,       0,     327,     212,      10,     125,  100.0,   77.3,   44.7,    2.1,   18.8,   14.8,    0.2,    4.3,    0.9,    0.7,   13.1,    2.4,   98.5,   99.0,    1.5,    1.0,  100.0,   77.3,   44.7,    2.1,   18.8,   14.8,    0.2,    4.3,    0.9,    0.7,   13.1,    2.4,   98.5,   99.0,    1.5,    1.0,  100.0,    0.0,    0.0,    0.0,    0.0,    0.0,    0.0,    0.0,    0.0,    0.0,    0.0,    0.0,    0.0,    0.0,    0.0,    0.0,     40,     25,     14,.,.,.,.,      4,.,.,.,.,     34,     24,     40,     25,     14,.,.,.,.,      4,.,.,.,.,     34,     24,      0,      0,      0,      0,      0,      0,      0,      0,      0,      0,      0,      0,      0,      0,    56.2,    71.0,    73.3,    88.6,    39.9,    51.1,    52.5,    60.9,    56.2,    71.0,    73.3,    88.6,    39.9,    51.1,    52.5,    60.9,     0.0,     0.0,     0.0,     0.0,     0.0,     0.0,     0.0,     0.0,(1 MW per peak hour),0643AZ,IFED,064 ,N16,FutOnly
MISO INDIANA HUB RT PEAK - ICE FUTURES ENERGY DIV,260901,2026-09-01,0643B3,IFED,01,064 ,   41821,   25177,   23389,    2475,    1638,    3725,    6129,    5121,      20,      25,    3964,    3573,   41124,   41430,     697,     391,   41821,   25177,   23389,    2475,    1638,    3725,    6129,    5121,      20,      25,    3964,    3573,   41124,   41430,     697,     391,       0,       0,       0,       0,       0,       0,       0,       0,       0,       0,       0,       0,       0,       0,       0,       0,     133,     652,     -31,    -556,     400,      14,       0,      -3,       0,      25,    -260,       0,     135,     120,      -2,      13,  100.0,   60.2,   55.9,    5.9,    3.9,    8.9,   14.7,   12.2,    0.0,    0.1,    9.5,    8.5,   98.3,   99.1,    1.7,    0.9,  100.0,   60.2,   55.9,    5.9,    3.9,    8.9,   14.7,   12.2,    0.0,    0.1,    9.5,    8.5,   98.3,   99.1,    1.7,    0.9,  100.0,    0.0,    0.0,    0.0,    0.0,    0.0,    0.0,    0.0,    0.0,    0.0,    0.0,    0.0,    0.0,    0.0,    0.0,    0.0,     38,     16,     20,.,      4,      4,      6,.,.,.,.,.,     28,     31,     38,     16,     20,.,      4,      4,      6,.,.,.,.,.,     28,     31,      0,      0,      0,      0,      0,      0,      0,      0,      0,      0,      0,      0,      0,      0,    50.6,    51.2,    73.8,    74.9,    41.0,    40.4,    53.8,    57.5,    50.6,    51.2,    73.8,    74.9,    41.0,    40.4,    53.8,    57.5,     0.0,     0.0,     0.0,     0.0,     0.0,     0.0,     0.0,     0.0,(Contracts of 800 MWh),0643B3,IFED,064 ,N16,FutOnly
PJM N. IL HUB DA OFF-PK  - ICE FUTURES ENERGY DIV,260901,2026-09-01,0643BC,IFED,01,064 ,   24233,   16491,   16512,    2925,    4976,     589,     600,     940,     480,    3000,     234,       0,   24085,   23731,     148,     502,   24233,   16491,   16512,    2925,    4976,     589,     600,     940,     480,    3000,     234,       0,   24085,   23731,     148,     502,       0,       0,       0,       0,       0,       0,       0,       0,       0,       0,       0,       0,       0,       0,       0,       0,     567,     219,     116,     120,     367,       0,       0,    -225,     225,       0,      84,       0,     564,     567,       3,       0,  100.0,   68.1,   68.1,   12.1,   20.5,    2.4,    2.5,    3.9,    2.0,   12.4,    1.0,    0.0,   99.4,   97.9,    0.6,    2.1,  100.0,   68.1,   68.1,   12.1,   20.5,    2.4,    2.5,    3.9,    2.0,   12.4,    1.0,    0.0,   99.4,   97.9,    0.6,    2.1,  100.0,    0.0,    0.0,    0.0,    0.0,    0.0,    0.0,    0.0,    0.0,    0.0,    0.0,    0.0,    0.0,    0.0,    0.0,    0.0,     37,     18,     14,.,      6,      4,.,.,.,.,.,      0,     27,     25,     37,     18,     14,.,      6,      4,.,.,.,.,.,      0,     27,     25,      0,      0,      0,      0,      0,      0,      0,      0,      0,      0,      0,      0,      0,      0,    50.3,    72.0,    72.0,    85.6,    50.0,    69.0,    69.9,    80.2,    50.3,    72.0,    72.0,    85.6,    50.0,    69.0,    69.9,    80.2,     0.0,     0.0,     0.0,     0.0,     0.0,     0.0,     0.0,     0.0,(1 MW per off-peak hour),0643BC,IFED,064 ,N16,FutOnly
PJM N. IL HUB DA PEAK - ICE FUTURES ENERGY DIV,260901,2026-09-01,0643BE,IFED,01,064 ,   23775,   16259,   17794,    2645,    3595,     680,     600,     505,     245,    3086,     400,      35,   23550,   23254,     225,     521,   23775,   16259,   17794,    2645,    3595,     680,     600,     505,     245,    3086,     400,      35,   23550,   23254,     225,     521,       0,       0,       0,       0,       0,       0,       0,       0,       0,       0,       0,       0,       0,       0,       0,       0,     547,     220,     128,     120,     329,     -25,       0,    -125,     225,      17,      25,     -10,     547,     547,       0,       0,  100.0,   68.4,   74.8,   11.1,   15.1,    2.9,    2.5,    2.1,    1.0,   13.0,    1.7,    0.1,   99.1,   97.8,    0.9,    2.2,  100.0,   68.4,   74.8,   11.1,   15.1,    2.9,    2.5,    2.1,    1.0,   13.0,    1.7,    0.1,   99.1,   97.8,    0.9,    2.2,  100.0,    0.0,    0.0,    0.0,    0.0,    0.0,    0.0,    0.0,    0.0,    0.0,    0.0,    0.0,    0.0,    0.0,    0.0,    0.0,     38,     20,     11,.,      6,      4,.,.,.,.,.,.,     30,     23,     38,     20,     11,.,      6,      4,.,.,.,.,.,.,     30,     23,      0,      0,      0,      0,      0,      0,      0,      0,      0,      0,      0,      0,      0,      0,    49.2,    71.3,    69.7,    85.3,    49.0,    69.4,    68.6,    79.3,    49.2,    71.3,    69.7,    85.3,    49.0,    69.4,    68.6,    79.3,     0.0,     0.0,     0.0,     0.0,     0.0,     0.0,     0.0,     0.0,(1 MW per peak hour),0643BE,IFED,064 ,N16,FutOnly
ISO NE MASS HUB DA OFF-PK FIXD - ICE FUTURES ENERGY DIV,260901,2026-09-01,0643BF,IFED,01,064 ,   63656,   46265,   45929,    7242,    6113,    1804,     934,    6853,     279,    5610,    1431,    1171,   63305,   63580,     351,      76,   63656,   46265,   45929,    7242,    6113,    1804,     934,    6853,     279,    5610,    1431,    1171,   63305,   63580,     351,      76,       0,       0,       0,       0,       0,       0,       0,       0,       0,       0,       0,       0,       0,       0,       0,       0,     472,     272,     320,      54,       0,       0,     107,      97,     -50,      49,      55,      23,     455,     445,      17,      27,  100.0,   72.7,   72.2,   11.4,    9.6,    2.8,    1.5,   10.8,    0.4,    8.8,    2.2,    1.8,   99.4,   99.9,    0.6,    0.1,  100.0,   72.7,   72.2,   11.4,    9.6,    2.8,    1.5,   10.8,    0.4,    8.8,    2.2,    1.8,   99.4,   99.9,    0.6,    0.1,  100.0,    0.0,    0.0,    0.0,    0.0,    0.0,    0.0,    0.0,    0.0,    0.0,    0.0,    0.0,    0.0,    0.0,    0.0,    0.0,     52,     20,     17,      6,.,      5,.,      4,      4,      5,      6,      5,     40,     37,     52,     20,     17,      6,.,      5,.,      4,      4,      5,      6,      5,     40,     37,      0,      0,      0,      0,      0,      0,      0,      0,      0,      0,      0,      0,      0,      0,    42.7,    67.0,    64.5,    78.5,    42.3,    66.5,    63.0,    75.8,    42.7,    67.0,    64.5,    78.5,    42.3,    66.5,    63.0,    75.8,     0.0,     0.0,     0.0,     0.0,     0.0,     0.0,     0.0,     0.0,(1 MW per Hour for about 368 Hours),0643BF,IFED,064 ,N16,FutOnly
ISO NE MASS HUB DA PEAK - ICE FUTURES ENERGY DIV,260901,2026-09-01,0643BG,IFED,01,064 ,   91196,   67544,   61123,    8173,    5409,    1783,     934,   15247,    2883,    7068,    2313,    2117,   90502,   90875,     694,     321,   91196,   67544,   61123,    8173,    5409,    1783,     934,   15247,    2883,    7068,    2313,    2117,   90502,   90875,     694,     321,       0,       0,       0,       0,       0,       0,       0,       0,       0,       0,       0,       0,       0,       0,       0,       0,    1004,     398,     248,     -51,     203,     -44,    -129,    -180,     726,     246,     161,    -129,    1017,     985,     -13,      19,  100.0,   74.1,   67.0,    9.0,    5.9,    2.0,    1.0,   16.7,    3.2,    7.8,    2.5,    2.3,   99.2,   99.6,    0.8,    0.4,  100.0,   74.1,   67.0,    9.0,    5.9,    2.0,    1.0,   16.7,    3.2,    7.8,    2.5,    2.3,   99.2,   99.6,    0.8,    0.4,  100.0,    0.0,    0.0,    0.0,    0.0,    0.0,    0.0,    0.0,    0.0,    0.0,    0.0,    0.0,    0.0,    0.0,    0.0,    0.0,     70,     21,     19,      6,      4,      5,.,     12,      5,      8,      9,     13,     52,     54,     70,     21,     19,      6,      4,      5,.,     12,      5,      8,      9,     13,     52,     54,      0,      0,      0,      0,      0,      0,      0,      0,      0,      0,      0,      0,      0,      0,    47.1,    58.9,    65.1,    74.2,    46.8,    56.0,    62.5,    70.1,    47.1,    58.9,    65.1,    74.2,    46.8,    56.0,    62.5,    70.1,     0.0,     0.0,     0.0,     0.0,     0.0,     0.0,     0.0,     0.0,(Contracts of 800MWh),0643BG,IFED,064 ,N16,FutOnly
CAISO NP-15 PEAK - ICE FUTURES ENERGY DIV,260901,2026-09-01,0643BM,IFED,01,064 ,   46546,   26087,   31132,   11957,       7,    1979,     770,    3396,    2491,    1758,    6177,    1301,   46343,   46483,     203,      63,   46546,   26087,   31132,   11957,       7,    1979,     770,    3396,    2491,    1758,    6177,    1301,   46343,   46483,     203,      63,       0,       0,       0,       0,       0,       0,       0,       0,       0,       0,       0,       0,       0,       0,       0,       0,     116,    -380,     -89,     329,     -88,     131,     -20,    -166,     300,      20,     304,    -158,     222,     234,    -106,    -118,  100.0,   56.0,   66.9,   25.7,    0.0,    4.3,    1.7,    7.3,    5.4,    3.8,   13.3,    2.8,   99.6,   99.9,    0.4,    0.1,  100.0,   56.0,   66.9,   25.7,    0.0,    4.3,    1.7,    7.3,    5.4,    3.8,   13.3,    2.8,   99.6,   99.9,    0.4,    0.1,  100.0,    0.0,    0.0,    0.0,    0.0,    0.0,    0.0,    0.0,    0.0,    0.0,    0.0,    0.0,    0.0,    0.0,    0.0,    0.0,     46,     21,     16,      6,.,.,.,.,.,      4,      4,      5,     39,     28,     46,     21,     16,      6,.,.,.,.,.,      4,      4,      5,     39,     28,      0,      0,      0,      0,      0,      0,      0,      0,      0,      0,      0,      0,      0,      0,    48.4,    68.2,    71.0,    87.8,    48.2,    65.9,    64.5,    78.7,    48.4,    68.2,    71.0,    87.8,    48.2,    65.9,    64.5,    78.7,     0.0,     0.0,     0.0,     0.0,     0.0,     0.0,     0.0,     0.0,(Contracts of 400MWh),0643BM,IFED,064 ,N16,FutOnly
CAISO NP-15 DA OFF-PK FIXED - ICE FUTURES ENERGY DIV,260901,2026-09-01,0643BR,IFED,01,064 ,   49701,   22531,   32384,   17744,     450,     129,     463,    9101,    1147,    6913,    5931,     479,   49406,   49621,     295,      80,   49701,   22531,   32384,   17744,     450,     129,     463,    9101,    1147,    6913,    5931,     479,   49406,   49621,     295,      80,       0,       0,       0,       0,       0,       0,       0,       0,       0,       0,       0,       0,       0,       0,       0,       0,    1455,     335,    -360,    -435,       0,       0,       0,    1230,     295,    1255,     300,       0,    1450,    1465,       5,     -10,  100.0,   45.3,   65.2,   35.7,    0.9,    0.3,    0.9,   18.3,    2.3,   13.9,   11.9,    1.0,   99.4,   99.8,    0.6,    0.2,  100.0,   45.3,   65.2,   35.7,    0.9,    0.3,    0.9,   18.3,    2.3,   13.9,   11.9,    1.0,   99.4,   99.8,    0.6,    0.2,  100.0,    0.0,    0.0,    0.0,    0.0,    0.0,    0.0,    0.0,    0.0,    0.0,    0.0,    0.0,    0.0,    0.0,    0.0,    0.0,     36,     16,     14,      5,.,.,.,.,.,      5,.,.,     29,     22,     36,     16,     14,      5,.,.,.,.,.,      5,.,.,     29,     22,      0,      0,      0,      0,      0,      0,      0,      0,      0,      0,      0,      0,      0,      0,    55.8,    82.4,    76.5,    93.8,    55.4,    80.2,    73.8,    90.1,    55.8,    82.4,    76.5,    93.8,    55.4,    80.2,    73.8,    90.1,     0.0,     0.0,     0.0,     0.0,     0.0,     0.0,     0.0,     0.0,(1 MW per Hour for about 386 Hours),0643BR,IFED,064 ,N16,FutOnly
PJM NI HUB RT OFF-PK FIXED - ICE FUTURES ENERGY DIV,260901,2026-09-01,0643BS,IFED,01,064 ,   87107,   20356,   69226,    1451,   10839,    1860,   58560,       0,    3638,     100,     334,     385,   86350,   86282,     757,     825,   87107,   20356,   69226,    1451,   10839,    1860,   58560,       0,    3638,     100,     334,     385,   86350,   86282,     757,     825,       0,       0,       0,       0,       0,       0,       0,       0,       0,       0,       0,       0,       0,       0,       0,       0,    4722,    -102,    4823,       0,    -277,      25,    4830,       0,     -30,     -85,      36,      85,    4723,    4662,      -1,      60,  100.0,   23.4,   79.5,    1.7,   12.4,    2.1,   67.2,    0.0,    4.2,    0.1,    0.4,    0.4,   99.1,   99.1,    0.9,    0.9,  100.0,   23.4,   79.5,    1.7,   12.4,    2.1,   67.2,    0.0,    4.2,    0.1,    0.4,    0.4,   99.1,   99.1,    0.9,    0.9,  100.0,    0.0,    0.0,    0.0,    0.0,    0.0,    0.0,    0.0,    0.0,    0.0,    0.0,    0.0,    0.0,    0.0,    0.0,    0.0,     34,     18,     16,.,      4,      5,      4,      0,.,.,.,.,     30,     25,     34,     18,     16,.,      4,      5,      4,      0,.,.,.,.,     30,     25,      0,      0,      0,      0,      0,      0,      0,      0,      0,      0,      0,      0,      0,      0,    76.9,    75.7,    87.8,    85.8,    72.7,    74.0,    81.1,    80.1,    76.9,    75.7,    87.8,    85.8,    72.7,    74.0,    81.1,    80.1,     0.0,     0.0,     0.0,     0.0,     0.0,     0.0,     0.0,     0.0,(1 MW per Hour for about 386 Hours),0643BS,IFED,064 ,N16,FutOnly
PJM N. IL HUB RT PEAK - ICE FUTURES ENERGY DIV,260901,2026-09-01,0643BT,IFED,01,064 ,   67272,   36446,   53913,    3278,   10333,    1489,   23603,       0,    1037,     638,     158,       4,   66495,   66934,     777,     338,   67272,   36446,   53913,    3278,   10333,    1489,   23603,       0,    1037,     638,     158,       4,   66495,   66934,     777,     338,       0,       0,       0,       0,       0,       0,       0,       0,       0,       0,       0,       0,       0,       0,       0,       0,    -329,    -402,     -59,     -29,    -327,      -1,     117,       0,     -16,       0,      17,       0,    -331,    -386,       2,      57,  100.0,   54.2,   80.1,    4.9,   15.4,    2.2,   35.1,    0.0,    1.5,    0.9,    0.2,    0.0,   98.8,   99.5,    1.2,    0.5,  100.0,   54.2,   80.1,    4.9,   15.4,    2.2,   35.1,    0.0,    1.5,    0.9,    0.2,    0.0,   98.8,   99.5,    1.2,    0.5,  100.0,    0.0,    0.0,    0.0,    0.0,    0.0,    0.0,    0.0,    0.0,    0.0,    0.0,    0.0,    0.0,    0.0,    0.0,    0.0,     34,     20,     16,.,      4,      5,.,      0,.,.,.,.,     31,     25,     34,     20,     16,.,      4,      5,.,      0,.,.,.,.,     31,     25,      0,      0,      0,      0,      0,      0,      0,      0,      0,      0,      0,      0,      0,      0,    60.8,    68.2,    80.2,    84.7,    53.9,    66.4,    69.8,    73.4,    60.8,    68.2,    80.2,    84.7,    53.9,    66.4,    69.8,    73.4,     0.0,     0.0,     0.0,     0.0,     0.0,     0.0,     0.0,     0.0,(Contracts of 800 MWh),0643BT,IFED,064 ,N16,FutOnly
NYISO ZONE J DA PEAK - ICE FUTURES ENERGY DIV,260901,2026-09-01,0643BW,IFED,01,064 ,   10787,    5259,    7213,    1590,     968,     574,       0,    1791,      45,    2946,       0,      40,   10454,   10631,     333,     156,   10787,    5259,    7213,    1590,     968,     574,       0,    1791,      45,    2946,       0,      40,   10454,   10631,     333,     156,       0,       0,       0,       0,       0,       0,       0,       0,       0,       0,       0,       0,       0,       0,       0,       0,     249,       0,     175,     250,       0,       0,       0,      75,      -1,       0,       0,       0,     249,     249,       0,       0,  100.0,   48.8,   66.9,   14.7,    9.0,    5.3,    0.0,   16.6,    0.4,   27.3,    0.0,    0.4,   96.9,   98.6,    3.1,    1.4,  100.0,   48.8,   66.9,   14.7,    9.0,    5.3,    0.0,   16.6,    0.4,   27.3,    0.0,    0.4,   96.9,   98.6,    3.1,    1.4,  100.0,    0.0,    0.0,    0.0,    0.0,    0.0,    0.0,    0.0,    0.0,    0.0,    0.0,    0.0,    0.0,    0.0,    0.0,    0.0,     27,     10,     10,.,.,      4,      0,.,.,      4,      0,.,     21,     18,     27,     10,     10,.,.,      4,      0,.,.,      4,      0,.,     21,     18,      0,      0,      0,      0,      0,      0,      0,      0,      0,      0,      0,      0,      0,      0,    51.6,    62.0,    74.6,    84.5,    51.0,    59.2,    70.7,    78.2,    51.6,    62.0,    74.6,    84.5,    51.0,    59.2,    70.7,    78.2,     0.0,     0.0,     0.0,     0.0,     0.0,     0.0,     0.0,     0.0,(Contracts of 800MWh),0643BW,IFED,064 ,N16,FutOnly
NYISO ZONE J DA OFF-PK FIXED - ICE FUTURES ENERGY DIV,260901,2026-09-01,0643BX,IFED,01,064 ,    8898,    3889,    6248,    1235,     663,     462,      60,    1270,      25,    2597,       0,      30,    8298,    8698,     600,     200,    8898,    3889,    6248,    1235,     663,     462,      60,    1270,      25,    2597,       0,      30,    8298,    8698,     600,     200,       0,       0,       0,       0,       0,       0,       0,       0,       0,       0,       0,       0,       0,       0,       0,       0,      75,       0,       0,      75,       0,       0,       0,      75,       0,       0,       0,       0,      75,      75,       0,       0,  100.0,   43.7,   70.2,   13.9,    7.5,    5.2,    0.7,   14.3,    0.3,   29.2,    0.0,    0.3,   93.3,   97.8,    6.7,    2.2,  100.0,   43.7,   70.2,   13.9,    7.5,    5.2,    0.7,   14.3,    0.3,   29.2,    0.0,    0.3,   93.3,   97.8,    6.7,    2.2,  100.0,    0.0,    0.0,    0.0,    0.0,    0.0,    0.0,    0.0,    0.0,    0.0,    0.0,    0.0,    0.0,    0.0,    0.0,    0.0,     22,      7,      8,.,.,      4,.,.,.,.,      0,.,     17,     15,     22,      7,      8,.,.,      4,.,.,.,.,      0,.,     17,     15,      0,      0,      0,      0,      0,      0,      0,      0,      0,      0,      0,      0,      0,      0,    57.4,    63.7,    78.8,    85.7,    57.4,    60.2,    73.5,    79.1,    57.4,    63.7,    78.8,    85.7,    57.4,    60.2,    73.5,    79.1,     0.0,     0.0,     0.0,     0.0,     0.0,     0.0,     0.0,     0.0,(1 MW for about 368 Hours),0643BX,IFED,064 ,N16,FutOnly
NYISO ZONE A DA PEAK - ICE FUTURES ENERGY DIV,260901,2026-09-01,0643BY,IFED,01,064 ,   34170,   29782,   25474,     243,    3157,    1911,     478,    1054,     614,     155,    1257,     180,   33363,   33647,     807,     523,   34170,   29782,   25474,     243,    3157,    1911,     478,    1054,     614,     155,    1257,     180,   33363,   33647,     807,     523,       0,       0,       0,       0,       0,       0,       0,       0,       0,       0,       0,       0,       0,       0,       0,       0,     972,     853,     523,    -310,    -140,     309,      20,     480,      65,       0,    -300,      35,     972,     972,       0,       0,  100.0,   87.2,   74.6,    0.7,    9.2,    5.6,    1.4,    3.1,    1.8,    0.5,    3.7,    0.5,   97.6,   98.5,    2.4,    1.5,  100.0,   87.2,   74.6,    0.7,    9.2,    5.6,    1.4,    3.1,    1.8,    0.5,    3.7,    0.5,   97.6,   98.5,    2.4,    1.5,  100.0,    0.0,    0.0,    0.0,    0.0,    0.0,    0.0,    0.0,    0.0,    0.0,    0.0,    0.0,    0.0,    0.0,    0.0,    0.0,     38,     17,     16,.,      5,      6,.,.,.,.,.,.,     31,     28,     38,     17,     16,.,      5,      6,.,.,.,.,.,.,     31,     28,      0,      0,      0,      0,      0,      0,      0,      0,      0,      0,      0,      0,      0,      0,    66.8,    65.5,    81.1,    81.3,    65.2,    58.5,    73.8,    71.6,    66.8,    65.5,    81.1,    81.3,    65.2,    58.5,    73.8,    71.6,     0.0,     0.0,     0.0,     0.0,     0.0,     0.0,     0.0,     0.0,(Contracts of 800MWh),0643BY,IFED,064 ,N16,FutOnly
NYISO ZONE A DA OFF-PK FIX PR - ICE FUTURES ENERGY DIV,260901,2026-09-01,0643BZ,IFED,01,064 ,   34232,   28600,   25695,     733,    4752,    1359,    1834,     315,     636,       0,     818,     344,   33506,   33919,     726,     313,   34232,   28600,   25695,     733,    4752,    1359,    1834,     315,     636,       0,     818,     344,   33506,   33919,     726,     313,       0,       0,       0,       0,       0,       0,       0,       0,       0,       0,       0,       0,       0,       0,       0,       0,      65,     -75,    -112,    -497,     -37,     394,     446,     244,    -134,     -75,    -275,       0,      59,      80,       6,     -15,  100.0,   83.5,   75.1,    2.1,   13.9,    4.0,    5.4,    0.9,    1.9,    0.0,    2.4,    1.0,   97.9,   99.1,    2.1,    0.9,  100.0,   83.5,   75.1,    2.1,   13.9,    4.0,    5.4,    0.9,    1.9,    0.0,    2.4,    1.0,   97.9,   99.1,    2.1,    0.9,  100.0,    0.0,    0.0,    0.0,    0.0,    0.0,    0.0,    0.0,    0.0,    0.0,    0.0,    0.0,    0.0,    0.0,    0.0,    0.0,     36,     16,     15,      4,      4,      4,      4,.,.,      0,.,.,     28,     26,     36,     16,     15,      4,      4,      4,      4,.,.,      0,.,.,     28,     26,      0,      0,      0,      0,      0,      0,      0,      0,      0,      0,      0,      0,      0,      0,    63.8,    69.0,    77.2,    83.4,    58.2,    66.5,    67.0,    73.6,    63.8,    69.0,    77.2,    83.4,    58.2,    66.5,    67.0,    73.6,     0.0,     0.0,     0.0,     0.0,     0.0,     0.0,     0.0,     0.0,(1MW for about 368 Hours),0643BZ,IFED,064 ,N16,FutOnly
NYISO ZONE G DA PEAK - ICE FUTURES ENERGY DIV,260901,2026-09-01,0643C3,IFED,01,064 ,   25805,   19585,   12317,     568,    4660,    2079,    1219,    3213,    1019,     263,    1824,     603,   25336,   25715,     469,      90,   25805,   19585,   12317,     568,    4660,    2079,    1219,    3213,    1019,     263,    1824,     603,   25336,   25715,     469,      90,       0,       0,       0,       0,       0,       0,       0,       0,       0,       0,       0,       0,       0,       0,       0,       0,     982,     625,     397,    -214,     113,     249,     221,    -158,     208,     -68,     204,     -38,     983,     975,      -1,       7,  100.0,   75.9,   47.7,    2.2,   18.1,    8.1,    4.7,   12.5,    3.9,    1.0,    7.1,    2.3,   98.2,   99.7,    1.8,    0.3,  100.0,   75.9,   47.7,    2.2,   18.1,    8.1,    4.7,   12.5,    3.9,    1.0,    7.1,    2.3,   98.2,   99.7,    1.8,    0.3,  100.0,    0.0,    0.0,    0.0,    0.0,    0.0,    0.0,    0.0,    0.0,    0.0,    0.0,    0.0,    0.0,    0.0,    0.0,    0.0,     49,     22,     18,.,      6,      6,      6,.,      4,.,      7,.,     38,     40,     49,     22,     18,.,      6,      6,      6,.,      4,.,      7,.,     38,     40,      0,      0,      0,      0,      0,      0,      0,      0,      0,      0,      0,      0,      0,      0,    45.8,    47.7,    65.3,    66.6,    44.9,    43.3,    58.3,    58.1,    45.8,    47.7,    65.3,    66.6,    44.9,    43.3,    58.3,    58.1,     0.0,     0.0,     0.0,     0.0,     0.0,     0.0,     0.0,     0.0,(Contracts of 800MWh),0643C3,IFED,064 ,N16,FutOnly
NYISO ZONE G DA OFF-PK - ICE FUTURES ENERGY DIV,260901,2026-09-01,0643C4,IFED,01,064 ,   21789,   16657,   11094,     652,    2790,    2346,     244,    3221,     480,       0,     653,     809,   21188,   21393,     601,     396,   21789,   16657,   11094,     652,    2790,    2346,     244,    3221,     480,       0,     653,     809,   21188,   21393,     601,     396,       0,       0,       0,       0,       0,       0,       0,       0,       0,       0,       0,       0,       0,       0,       0,       0,    1221,     915,     508,     -43,     -58,     388,       0,     125,      70,     -95,     189,     -11,    1224,    1211,      -3,      10,  100.0,   76.4,   50.9,    3.0,   12.8,   10.8,    1.1,   14.8,    2.2,    0.0,    3.0,    3.7,   97.2,   98.2,    2.8,    1.8,  100.0,   76.4,   50.9,    3.0,   12.8,   10.8,    1.1,   14.8,    2.2,    0.0,    3.0,    3.7,   97.2,   98.2,    2.8,    1.8,  100.0,    0.0,    0.0,    0.0,    0.0,    0.0,    0.0,    0.0,    0.0,    0.0,    0.0,    0.0,    0.0,    0.0,    0.0,    0.0,     39,     16,     15,.,      5,      6,.,.,      4,      0,      6,.,     29,     32,     39,     16,     15,.,      5,      6,.,.,      4,      0,      6,.,     29,     32,      0,      0,      0,      0,      0,      0,      0,      0,      0,      0,      0,      0,      0,      0,    46.3,    50.0,    66.1,    68.0,    45.3,    44.1,    59.6,    57.0,    46.3,    50.0,    66.1,    68.0,    45.3,    44.1,    59.6,    57.0,     0.0,     0.0,     0.0,     0.0,     0.0,     0.0,     0.0,     0.0,(1MW for about 368 Hours),0643C4,IFED,064 ,N16,FutOnly
PALO VERDE DA PEAK - ICE FUTURES ENERGY DIV,260901,2026-09-01,0643CB,IFED,01,064 ,   22767,   10537,   14795,    6943,    3100,    3418,       0,     157,    1090,     620,      70,      55,   22663,   22685,     104,      82,   22767,   10537,   14795,    6943,    3100,    3418,       0,     157,    1090,     620,      70,      55,   22663,   22685,     104,      82,       0,       0,       0,       0,       0,       0,       0,       0,       0,       0,       0,       0,       0,       0,       0,       0,   -1631,    -976,    -113,     -97,    -676,    -376,       0,    -439,      40,    -174,     -23,     -58,   -1641,   -1645,      10,      14,  100.0,   46.3,   65.0,   30.5,   13.6,   15.0,    0.0,    0.7,    4.8,    2.7,    0.3,    0.2,   99.5,   99.6,    0.5,    0.4,  100.0,   46.3,   65.0,   30.5,   13.6,   15.0,    0.0,    0.7,    4.8,    2.7,    0.3,    0.2,   99.5,   99.6,    0.5,    0.4,  100.0,    0.0,    0.0,    0.0,    0.0,    0.0,    0.0,    0.0,    0.0,    0.0,    0.0,    0.0,    0.0,    0.0,    0.0,    0.0,     36,     18,     18,      5,.,.,      0,.,.,.,.,.,     29,     25,     36,     18,     18,      5,.,.,      0,.,.,.,.,.,     29,     25,      0,      0,      0,      0,      0,      0,      0,      0,      0,      0,      0,      0,      0,      0,    52.8,    63.0,    72.0,    80.5,    39.5,    48.5,    53.0,    60.1,    52.8,    63.0,    72.0,    80.5,    39.5,    48.5,    53.0,    60.1,     0.0,     0.0,     0.0,     0.0,     0.0,     0.0,     0.0,     0.0,(Contracts of 400MWh),0643CB,IFED,064 ,N16,FutOnly
PALO VERDE DA OFF-PK FiXED PR - ICE FUTURES ENERGY DIV,260901,2026-09-01,0643CC,IFED,01,064 ,   18017,    5487,   11361,    6650,    4117,     601,    4005,     172,     940,      40,     389,     215,   17938,   17795,      79,     222,   18017,    5487,   11361,    6650,    4117,     601,    4005,     172,     940,      40,     389,     215,   17938,   17795,      79,     222,       0,       0,       0,       0,       0,       0,       0,       0,       0,       0,       0,       0,       0,       0,       0,       0,    -822,    -274,    -433,    -466,      10,       8,     -55,    -262,       0,     -45,    -110,       0,    -832,    -787,      10,     -35,  100.0,   30.5,   63.1,   36.9,   22.9,    3.3,   22.2,    1.0,    5.2,    0.2,    2.2,    1.2,   99.6,   98.8,    0.4,    1.2,  100.0,   30.5,   63.1,   36.9,   22.9,    3.3,   22.2,    1.0,    5.2,    0.2,    2.2,    1.2,   99.6,   98.8,    0.4,    1.2,  100.0,    0.0,    0.0,    0.0,    0.0,    0.0,    0.0,    0.0,    0.0,    0.0,    0.0,    0.0,    0.0,    0.0,    0.0,    0.0,     35,     14,     18,.,.,      5,.,.,.,.,      4,.,     24,     29,     35,     14,     18,.,.,      5,.,.,.,.,      4,.,     24,     29,      0,      0,      0,      0,      0,      0,      0,      0,      0,      0,      0,      0,      0,      0,    65.6,    55.3,    84.1,    71.0,    59.2,    51.8,    73.5,    64.7,    65.6,    55.3,    84.1,    71.0,    59.2,    51.8,    73.5,    64.7,     0.0,     0.0,     0.0,     0.0,     0.0,     0.0,     0.0,     0.0,(1 MW for about 368 Hours),0643CC,IFED,064 ,N16,FutOnly
PJM WESTERN HUB DA OFF-PK - ICE FUTURES ENERGY DIV,260901,2026-09-01,0643DB,IFED,01,064 ,  122761,   92218,  100343,    3231,    5611,    5218,    4169,    1280,    1036,   14409,    6151,    2120,  122401,  121759,     360,    1002,  122761,   92218,  100343,    3231,    5611,    5218,    4169,    1280,    1036,   14409,    6151,    2120,  122401,  121759,     360,    1002,       0,       0,       0,       0,       0,       0,       0,       0,       0,       0,       0,       0,       0,       0,       0,       0,     973,     860,     779,    -145,     -29,     126,    -103,      50,     140,      27,     -98,      -7,     898,     961,      75,      12,  100.0,   75.1,   81.7,    2.6,    4.6,    4.3,    3.4,    1.0,    0.8,   11.7,    5.0,    1.7,   99.7,   99.2,    0.3,    0.8,  100.0,   75.1,   81.7,    2.6,    4.6,    4.3,    3.4,    1.0,    0.8,   11.7,    5.0,    1.7,   99.7,   99.2,    0.3,    0.8,  100.0,    0.0,    0.0,    0.0,    0.0,    0.0,    0.0,    0.0,    0.0,    0.0,    0.0,    0.0,    0.0,    0.0,    0.0,    0.0,     70,     32,     28,      7,      5,      9,      6,      4,.,      6,      6,      4,     59,     51,     70,     32,     28,      7,      5,      9,      6,      4,.,      6,      6,      4,     59,     51,      0,      0,      0,      0,      0,      0,      0,      0,      0,      0,      0,      0,      0,      0,    41.7,    63.5,    60.2,    79.6,    37.0,    63.0,    55.2,    73.4,    41.7,    63.5,    60.2,    79.6,    37.0,    63.0,    55.2,    73.4,     0.0,     0.0,     0.0,     0.0,     0.0,     0.0,     0.0,     0.0,(1 MW per off-peak hour),0643DB,IFED,064 ,N16,FutOnly
PJM WESTERN HUB DA PEAK - ICE FUTURES ENERGY DIV,260901,2026-09-01,0643DC,IFED,01,064 ,  134466,   96654,  108540,    5141,    4082,    5901,    1853,    1602,    2415,   20144,    9303,    1963,  134071,  133806,     395,     660,  134466,   96654,  108540,    5141,    4082,    5901,    1853,    1602,    2415,   20144,    9303,    1963,  134071,  133806,     395,     660,       0,       0,       0,       0,       0,       0,       0,       0,       0,       0,       0,       0,       0,       0,       0,       0,    2711,    2035,    1496,     -12,     243,    -106,       0,     141,      25,     777,    1096,     -31,    2688,    2864,      23,    -153,  100.0,   71.9,   80.7,    3.8,    3.0,    4.4,    1.4,    1.2,    1.8,   15.0,    6.9,    1.5,   99.7,   99.5,    0.3,    0.5,  100.0,   71.9,   80.7,    3.8,    3.0,    4.4,    1.4,    1.2,    1.8,   15.0,    6.9,    1.5,   99.7,   99.5,    0.3,    0.5,  100.0,    0.0,    0.0,    0.0,    0.0,    0.0,    0.0,    0.0,    0.0,    0.0,    0.0,    0.0,    0.0,    0.0,    0.0,    0.0,     78,     32,     26,      7,      6,     10,      5,.,.,     11,      9,      9,     67,     53,     78,     32,     26,      7,      6,     10,      5,.,.,     11,      9,      9,     67,     53,      0,      0,      0,      0,      0,      0,      0,      0,      0,      0,      0,      0,      0,      0,    38.6,    63.6,    57.0,    77.9,    35.9,    62.0,    53.5,    74.1,    38.6,    63.6,    57.0,    77.9,    35.9,    62.0,    53.5,    74.1,     0.0,     0.0,     0.0,     0.0,     0.0,     0.0,     0.0,     0.0,(Contracts of about 352 MWh),0643DC,IFED,064 ,N16,FutOnly
PJM WESTERN HUB RT PEAK MINI - ICE FUTURES ENERGY DIV,260901,2026-09-01,0643DF,IFED,01,064 ,  392439,  197468,  157534,   15237,   49853,   20041,   64104,    7147,   48385,   22558,   85114,   23243,  391036,  391317,    1403,    1122,  392439,  197468,  157534,   15237,   49853,   20041,   64104,    7147,   48385,   22558,   85114,   23243,  391036,  391317,    1403,    1122,       0,       0,       0,       0,       0,       0,       0,       0,       0,       0,       0,       0,       0,       0,       0,       0,    1385,   -1912,    1069,     301,    -671,    1942,    1035,    -328,   -2130,     705,     -72,    1645,    1586,    1455,    -201,     -70,  100.0,   50.3,   40.1,    3.9,   12.7,    5.1,   16.3,    1.8,   12.3,    5.7,   21.7,    5.9,   99.6,   99.7,    0.4,    0.3,  100.0,   50.3,   40.1,    3.9,   12.7,    5.1,   16.3,    1.8,   12.3,    5.7,   21.7,    5.9,   99.6,   99.7,    0.4,    0.3,  100.0,    0.0,    0.0,    0.0,    0.0,    0.0,    0.0,    0.0,    0.0,    0.0,    0.0,    0.0,    0.0,    0.0,    0.0,    0.0,    135,     42,     39,.,     10,      9,     35,      7,     21,     15,     21,     30,    125,    106,    135,     42,     39,.,     10,      9,     35,      7,     21,     15,     21,     30,    125,    106,      0,      0,      0,      0,      0,      0,      0,      0,      0,      0,      0,      0,      0,      0,    20.7,    33.5,    34.8,    49.4,    18.5,    28.3,    29.4,    41.1,    20.7,    33.5,    34.8,    49.4,    18.5,    28.3,    29.4,    41.1,     0.0,     0.0,     0.0,     0.0,     0.0,     0.0,     0.0,     0.0,(1 MW per peak hour),0643DF,IFED,064 ,N16,FutOnly
S PATH 15 EZ GEN HUB DA DLY OP - ICE FUTURES ENERGY DIV,260901,2026-09-01,0643DN,IFED,01,064 ,    2904,     856,    2088,     144,     304,       0,    1632,     280,      40,     152,       0,       0,    2824,    2712,      80,     192,    2904,     856,    2088,     144,     304,       0,    1632,     280,      40,     152,       0,       0,    2824,    2712,      80,     192,       0,       0,       0,       0,       0,       0,       0,       0,       0,       0,       0,       0,       0,       0,       0,       0,    -176,   -1144,    -400,     144,     -16,     -72,     912,     280,      24,     -80,     -32,      -8,    -224,    -224,      48,      48,  100.0,   29.5,   71.9,    5.0,   10.5,    0.0,   56.2,    9.6,    1.4,    5.2,    0.0,    0.0,   97.2,   93.4,    2.8,    6.6,  100.0,   29.5,   71.9,    5.0,   10.5,    0.0,   56.2,    9.6,    1.4,    5.2,    0.0,    0.0,   97.2,   93.4,    2.8,    6.6,  100.0,    0.0,    0.0,    0.0,    0.0,    0.0,    0.0,    0.0,    0.0,    0.0,    0.0,    0.0,    0.0,    0.0,    0.0,    0.0,     20,     10,     10,.,.,      0,.,.,.,.,      0,      0,     15,     14,     20,     10,     10,.,.,      0,.,.,.,.,      0,      0,     15,     14,      0,      0,      0,      0,      0,      0,      0,      0,      0,      0,      0,      0,      0,      0,    73.8,    68.6,    87.1,    84.3,    66.7,    65.3,    74.1,    73.3,    73.8,    68.6,    87.1,    84.3,    66.7,    65.3,    74.1,    73.3,     0.0,     0.0,     0.0,     0.0,     0.0,     0.0,     0.0,     0.0,25MWh,0643DN,IFED,064 ,N16,FutOnly
PJM WEST HUB REAL TIME PK MINI - ICE FUTURES ENERGY DIV,260901,2026-09-01,0643IA,IFED,01,064 ,    6560,    2670,    1190,      50,     395,      65,     109,    1960,     725,    1290,     845,    1010,    5919,    6190,     641,     370,    6560,    2670,    1190,      50,     395,      65,     109,    1960,     725,    1290,     845,    1010,    5919,    6190,     641,     370,       0,       0,       0,       0,       0,       0,       0,       0,       0,       0,       0,       0,       0,       0,       0,       0,.,.,.,.,.,.,.,.,.,.,.,.,.,.,.,.,  100.0,   40.7,   18.1,    0.8,    6.0,    1.0,    1.7,   29.9,   11.1,   19.7,   12.9,   15.4,   90.2,   94.4,    9.8,    5.6,  100.0,   40.7,   18.1,    0.8,    6.0,    1.0,    1.7,   29.9,   11.1,   19.7,   12.9,   15.4,   90.2,   94.4,    9.8,    5.6,  100.0,    0.0,    0.0,    0.0,    0.0,    0.0,    0.0,    0.0,    0.0,    0.0,    0.0,    0.0,    0.0,    0.0,    0.0,    0.0,     31,     12,      7,.,.,.,.,      4,.,      4,      4,.,     22,     20,     31,     12,      7,.,.,.,.,      4,.,      4,      4,.,     22,     20,      0,      0,      0,      0,      0,      0,      0,      0,      0,      0,      0,      0,      0,      0,    52.5,    54.0,    72.9,    69.9,    32.9,    32.3,    44.2,    46.0,    52.5,    54.0,    72.9,    69.9,    32.9,    32.3,    44.2,    46.0,     0.0,     0.0,     0.0,     0.0,     0.0,     0.0,     0.0,     0.0,16 MWh,0643IA,IFED,064 ,N16,FutOnly
ERCOT N 345KV REAL T PK DALY M - ICE FUTURES ENERGY DIV,260901,2026-09-01,0643IB,IFED,01,064 ,   17965,    6465,    7430,    1120,     830,     360,    4130,    1750,    1625,    2280,    3800,    1380,   17360,   17175,     605,     790,   17965,    6465,    7430,    1120,     830,     360,    4130,    1750,    1625,    2280,    3800,    1380,   17360,   17175,     605,     790,       0,       0,       0,       0,       0,       0,       0,       0,       0,       0,       0,       0,       0,       0,       0,       0,     364,    -950,   -1480,     -80,     620,     195,    -706,    1205,     719,    1015,   -1185,     390,     583,     464,    -219,    -100,  100.0,   36.0,   41.4,    6.2,    4.6,    2.0,   23.0,    9.7,    9.0,   12.7,   21.2,    7.7,   96.6,   95.6,    3.4,    4.4,  100.0,   36.0,   41.4,    6.2,    4.6,    2.0,   23.0,    9.7,    9.0,   12.7,   21.2,    7.7,   96.6,   95.6,    3.4,    4.4,  100.0,    0.0,    0.0,    0.0,    0.0,    0.0,    0.0,    0.0,    0.0,    0.0,    0.0,    0.0,    0.0,    0.0,    0.0,    0.0,     65,     26,     25,.,      4,      5,      5,      5,      4,      7,      9,     10,     53,     51,     65,     26,     25,.,      4,      5,      5,      5,      4,      7,      9,     10,     53,     51,      0,      0,      0,      0,      0,      0,      0,      0,      0,      0,      0,      0,      0,      0,    45.0,    24.0,    57.9,    41.4,    37.2,    21.7,    47.6,    36.2,    45.0,    24.0,    57.9,    41.4,    37.2,    21.7,    47.6,    36.2,     0.0,     0.0,     0.0,     0.0,     0.0,     0.0,     0.0,     0.0,(240 MW = 15 Hours X 16 MWh),0643IB,IFED,064 ,N16,FutOnly
ERCOT N 345KV REAL T PK 2x16 - ICE FUTURES ENERGY DIV,260901,2026-09-01,0643ID,IFED,01,064 ,  134745,   94850,   99380,    9595,   12315,    7713,    7771,    2699,     762,   11045,    8794,    2634,  134370,  134297,     375,     448,  134745,   94850,   99380,    9595,   12315,    7713,    7771,    2699,     762,   11045,    8794,    2634,  134370,  134297,     375,     448,       0,       0,       0,       0,       0,       0,       0,       0,       0,       0,       0,       0,       0,       0,       0,       0,    2621,     103,    1711,    1574,      25,     198,     118,     596,      24,     605,     116,     -51,    2571,    2619,      50,       2,  100.0,   70.4,   73.8,    7.1,    9.1,    5.7,    5.8,    2.0,    0.6,    8.2,    6.5,    2.0,   99.7,   99.7,    0.3,    0.3,  100.0,   70.4,   73.8,    7.1,    9.1,    5.7,    5.8,    2.0,    0.6,    8.2,    6.5,    2.0,   99.7,   99.7,    0.3,    0.3,  100.0,    0.0,    0.0,    0.0,    0.0,    0.0,    0.0,    0.0,    0.0,    0.0,    0.0,    0.0,    0.0,    0.0,    0.0,    0.0,     61,     31,     26,.,.,      4,      5,.,      5,      5,      7,      9,     53,     48,     61,     31,     26,.,.,      4,      5,.,      5,      5,      7,      9,     53,     48,      0,      0,      0,      0,      0,      0,      0,      0,      0,      0,      0,      0,      0,      0,    44.9,    35.8,    63.7,    60.1,    39.1,    27.1,    55.3,    45.4,    44.9,    35.8,    63.7,    60.1,    39.1,    27.1,    55.3,    45.4,     0.0,     0.0,     0.0,     0.0,     0.0,     0.0,     0.0,     0.0,(1MW for about 352 Hours),0643ID,IFED,064 ,N16,FutOnly
ERCOT North 345KV Hub RT 7x8 - ICE FUTURES ENERGY DIV,260901,2026-09-01,0643IK,IFED,01,064 ,  273239,  103349,  205470,    4243,   35073,    9149,  125154,    1573,   10601,   12864,    4290,    6959,  272319,  273115,     920,     124,  273239,  103349,  205470,    4243,   35073,    9149,  125154,    1573,   10601,   12864,    4290,    6959,  272319,  273115,     920,     124,       0,       0,       0,       0,       0,       0,       0,       0,       0,       0,       0,       0,       0,       0,       0,       0,   12118,     546,   13944,     -55,     891,    -592,   13269,     444,   -2363,      -2,   -1340,    1247,   12050,   12231,      68,    -113,  100.0,   37.8,   75.2,    1.6,   12.8,    3.3,   45.8,    0.6,    3.9,    4.7,    1.6,    2.5,   99.7,  100.0,    0.3,    0.0,  100.0,   37.8,   75.2,    1.6,   12.8,    3.3,   45.8,    0.6,    3.9,    4.7,    1.6,    2.5,   99.7,  100.0,    0.3,    0.0,  100.0,    0.0,    0.0,    0.0,    0.0,    0.0,    0.0,    0.0,    0.0,    0.0,    0.0,    0.0,    0.0,    0.0,    0.0,    0.0,     67,     26,     28,.,      5,      5,      7,      4,      8,      8,      7,     11,     55,     55,     67,     26,     28,.,      5,      5,      7,      4,      8,      8,      7,     11,     55,     55,      0,      0,      0,      0,      0,      0,      0,      0,      0,      0,      0,      0,      0,      0,    57.8,    47.9,    70.5,    68.3,    51.9,    45.4,    60.3,    60.7,    57.8,    47.9,    70.5,    68.3,    51.9,    45.4,    60.3,    60.7,     0.0,     0.0,     0.0,     0.0,     0.0,     0.0,     0.0,     0.0,(1MW for about 352 Hours),0643IK,IFED,064 ,N16,FutOnly
ERCOT Houston 345KV Hub RT 7x8 - ICE FUTURES ENERGY DIV,260901,2026-09-01,0643IL,IFED,01,064 ,   15370,   13195,   10870,    2050,    4380,       0,       0,       0,       0,     125,       0,       0,   15370,   15250,       0,     120,   15370,   13195,   10870,    2050,    4380,       0,       0,       0,       0,     125,       0,       0,   15370,   15250,       0,     120,       0,       0,       0,       0,       0,       0,       0,       0,       0,       0,       0,       0,       0,       0,       0,       0,      55,      55,      55,       0,       0,       0,       0,       0,       0,       0,       0,       0,      55,      55,       0,       0,  100.0,   85.8,   70.7,   13.3,   28.5,    0.0,    0.0,    0.0,    0.0,    0.8,    0.0,    0.0,  100.0,   99.2,    0.0,    0.8,  100.0,   85.8,   70.7,   13.3,   28.5,    0.0,    0.0,    0.0,    0.0,    0.8,    0.0,    0.0,  100.0,   99.2,    0.0,    0.8,  100.0,    0.0,    0.0,    0.0,    0.0,    0.0,    0.0,    0.0,    0.0,    0.0,    0.0,    0.0,    0.0,    0.0,    0.0,    0.0,     21,     10,      8,.,.,      0,      0,      0,      0,.,      0,      0,     14,     10,     21,     10,      8,.,.,      0,      0,      0,      0,.,      0,      0,     14,     10,      0,      0,      0,      0,      0,      0,      0,      0,      0,      0,      0,      0,      0,      0,    79.8,    57.1,    95.3,    91.6,    75.0,    57.1,    90.4,    91.1,    79.8,    57.1,    95.3,    91.6,    75.0,    57.1,    90.4,    91.1,     0.0,     0.0,     0.0,     0.0,     0.0,     0.0,     0.0,     0.0,(1MW for about 352 Hours),0643IL,IFED,064 ,N16,FutOnly
ISONE.H.INTERNAL_HUB_mo_on_dap - NODAL EXCHANGE,260901,2026-09-01,064AAA,NODX,01,064 ,   83495,   58034,   57587,       0,   11765,     472,    1145,    1390,     170,   12309,     650,     295,   72425,   72329,   11070,   11166,   83495,   58034,   57587,       0,   11765,     472,    1145,    1390,     170,   12309,     650,     295,   72425,   72329,   11070,   11166,       0,       0,       0,       0,       0,       0,       0,       0,       0,       0,       0,       0,       0,       0,       0,       0,     381,    -441,     179,       0,     280,     -43,       0,       0,       0,     900,       0,       0,     416,     416,     -35,     -35,  100.0,   69.5,   69.0,    0.0,   14.1,    0.6,    1.4,    1.7,    0.2,   14.7,    0.8,    0.4,   86.7,   86.6,   13.3,   13.4,  100.0,   69.5,   69.0,    0.0,   14.1,    0.6,    1.4,    1.7,    0.2,   14.7,    0.8,    0.4,   86.7,   86.6,   13.3,   13.4,  100.0,    0.0,    0.0,    0.0,    0.0,    0.0,    0.0,    0.0,    0.0,    0.0,    0.0,    0.0,    0.0,    0.0,    0.0,    0.0,     32,     17,     17,      0,      6,      5,.,.,.,.,.,.,     27,     26,     32,     17,     17,      0,      6,      5,.,.,.,.,.,.,     27,     26,      0,      0,      0,      0,      0,      0,      0,      0,      0,      0,      0,      0,      0,      0,    67.0,    48.0,    78.9,    63.5,    65.2,    42.2,    72.0,    54.8,    67.0,    48.0,    78.9,    63.5,    65.2,    42.2,    72.0,    54.8,     0.0,     0.0,     0.0,     0.0,     0.0,     0.0,     0.0,     0.0,(Contracts of 400 MWh),064AAA,NODX,064 ,N16,FutOnly
ISONE.H.INTERNAL_HB_mo_off_dap - NODAL EXCHANGE,260901,2026-09-01,064AAB,NODX,01,064 ,   78042,   54111,   52211,       0,   11977,    1083,     980,    1600,     195,   11897,     888,     180,   68446,   68134,    9596,    9908,   78042,   54111,   52211,       0,   11977,    1083,     980,    1600,     195,   11897,     888,     180,   68446,   68134,    9596,    9908,       0,       0,       0,       0,       0,       0,       0,       0,       0,       0,       0,       0,       0,       0,       0,       0,    1168,     500,    1220,       0,     180,       0,       0,       0,       0,     900,       0,       0,    1400,    1400,    -232,    -232,  100.0,   69.3,   66.9,    0.0,   15.3,    1.4,    1.3,    2.1,    0.2,   15.2,    1.1,    0.2,   87.7,   87.3,   12.3,   12.7,  100.0,   69.3,   66.9,    0.0,   15.3,    1.4,    1.3,    2.1,    0.2,   15.2,    1.1,    0.2,   87.7,   87.3,   12.3,   12.7,  100.0,    0.0,    0.0,    0.0,    0.0,    0.0,    0.0,    0.0,    0.0,    0.0,    0.0,    0.0,    0.0,    0.0,    0.0,    0.0,     32,     17,     17,      0,      6,      4,.,.,.,.,.,.,     26,     26,     32,     17,     17,      0,      6,      4,.,.,.,.,.,.,     26,     26,      0,      0,      0,      0,      0,      0,      0,      0,      0,      0,      0,      0,      0,      0,    66.3,    45.3,    79.0,    61.7,    63.9,    41.8,    72.0,    53.4,    66.3,    45.3,    79.0,    61.7,    63.9,    41.8,    72.0,    53.4,     0.0,     0.0,     0.0,     0.0,     0.0,     0.0,     0.0,     0.0,(Contracts of 400 MWh),064AAB,NODX,064 ,N16,FutOnly
MISO.INDIANA.HUB_month_on_dap - NODAL EXCHANGE,260901,2026-09-01,064BFI,NODX,01,064 ,   20537,   12642,   13701,    3215,     871,     445,     125,     613,     180,       0,     495,     855,   17462,   17160,    3075,    3377,   20537,   12642,   13701,    3215,     871,     445,     125,     613,     180,       0,     495,     855,   17462,   17160,    3075,    3377,       0,       0,       0,       0,       0,       0,       0,       0,       0,       0,       0,       0,       0,       0,       0,       0,     215,     215,     215,       0,       0,       0,       0,       0,       0,       0,       0,       0,     215,     215,       0,       0,  100.0,   61.6,   66.7,   15.7,    4.2,    2.2,    0.6,    3.0,    0.9,    0.0,    2.4,    4.2,   85.0,   83.6,   15.0,   16.4,  100.0,   61.6,   66.7,   15.7,    4.2,    2.2,    0.6,    3.0,    0.9,    0.0,    2.4,    4.2,   85.0,   83.6,   15.0,   16.4,  100.0,    0.0,    0.0,    0.0,    0.0,    0.0,    0.0,    0.0,    0.0,    0.0,    0.0,    0.0,    0.0,    0.0,    0.0,    0.0,     27,     15,     16,.,.,.,.,.,.,      0,.,.,     20,     22,     27,     15,     16,.,.,.,.,.,.,      0,.,.,     20,     22,      0,      0,      0,      0,      0,      0,      0,      0,      0,      0,      0,      0,      0,      0,    49.1,    55.9,    68.7,    71.2,    46.0,    48.5,    58.2,    59.4,    49.1,    55.9,    68.7,    71.2,    46.0,    48.5,    58.2,    59.4,     0.0,     0.0,     0.0,     0.0,     0.0,     0.0,     0.0,     0.0,Megawatt Hours (MWh),064BFI,NODX,064 ,N16,FutOnly
MISO.INDIANA.HUB_month_off_dap - NODAL EXCHANGE,260901,2026-09-01,064BFJ,NODX,01,064 ,   21193,   13273,   14069,    2250,     475,     940,     125,     865,     180,       0,     157,    1255,   18023,   17941,    3170,    3252,   21193,   13273,   14069,    2250,     475,     940,     125,     865,     180,       0,     157,    1255,   18023,   17941,    3170,    3252,       0,       0,       0,       0,       0,       0,       0,       0,       0,       0,       0,       0,       0,       0,       0,       0,     215,     215,     215,       0,       0,       0,       0,     -35,       0,       0,      35,       0,     215,     215,       0,       0,  100.0,   62.6,   66.4,   10.6,    2.2,    4.4,    0.6,    4.1,    0.8,    0.0,    0.7,    5.9,   85.0,   84.7,   15.0,   15.3,  100.0,   62.6,   66.4,   10.6,    2.2,    4.4,    0.6,    4.1,    0.8,    0.0,    0.7,    5.9,   85.0,   84.7,   15.0,   15.3,  100.0,    0.0,    0.0,    0.0,    0.0,    0.0,    0.0,    0.0,    0.0,    0.0,    0.0,    0.0,    0.0,    0.0,    0.0,    0.0,     27,     13,     15,.,      4,      4,.,.,.,      0,.,.,     20,     23,     27,     13,     15,.,      4,      4,.,.,.,      0,.,.,     20,     23,      0,      0,      0,      0,      0,      0,      0,      0,      0,      0,      0,      0,      0,      0,    49.4,    54.1,    67.9,    71.9,    47.0,    47.4,    56.3,    56.5,    49.4,    54.1,    67.9,    71.9,    47.0,    47.4,    56.3,    56.5,     0.0,     0.0,     0.0,     0.0,     0.0,     0.0,     0.0,     0.0,Megawatt Hours (MWh),064BFJ,NODX,064 ,N16,FutOnly
NYISO.CENTRL_month_on_dap - NODAL EXCHANGE,260901,2026-09-01,064CTQ,NODX,01,064 ,   36903,   16329,   34043,    6784,    1255,     785,      55,       0,     120,   11410,       0,       0,   35483,   36203,    1420,     700,   36903,   16329,   34043,    6784,    1255,     785,      55,       0,     120,   11410,       0,       0,   35483,   36203,    1420,     700,       0,       0,       0,       0,       0,       0,       0,       0,       0,       0,       0,       0,       0,       0,       0,       0,    -320,      -5,    -360,    -335,     -25,      65,      50,       0,       0,    -195,       0,       0,    -420,    -320,     100,       0,  100.0,   44.2,   92.2,   18.4,    3.4,    2.1,    0.1,    0.0,    0.3,   30.9,    0.0,    0.0,   96.2,   98.1,    3.8,    1.9,  100.0,   44.2,   92.2,   18.4,    3.4,    2.1,    0.1,    0.0,    0.3,   30.9,    0.0,    0.0,   96.2,   98.1,    3.8,    1.9,  100.0,    0.0,    0.0,    0.0,    0.0,    0.0,    0.0,    0.0,    0.0,    0.0,    0.0,    0.0,    0.0,    0.0,    0.0,    0.0,     25,     13,.,      4,.,      4,.,      0,.,.,      0,      0,     21,      9,     25,     13,.,      4,.,      4,.,      0,.,.,      0,      0,     21,      9,      0,      0,      0,      0,      0,      0,      0,      0,      0,      0,      0,      0,      0,      0,    70.0,    95.9,    83.4,    98.0,    69.5,    95.4,    82.8,    95.7,    70.0,    95.9,    83.4,    98.0,    69.5,    95.4,    82.8,    95.7,     0.0,     0.0,     0.0,     0.0,     0.0,     0.0,     0.0,     0.0,Megawatt Hours (MWh),064CTQ,NODX,064 ,N16,FutOnly
NYISO.CENTRL_month_off_dap - NODAL EXCHANGE,260901,2026-09-01,064CTR,NODX,01,064 ,   33868,   14434,   32553,    7444,     415,     295,      55,       0,     120,   10085,       0,       0,   32433,   33383,    1435,     485,   33868,   14434,   32553,    7444,     415,     295,      55,       0,     120,   10085,       0,       0,   32433,   33383,    1435,     485,       0,       0,       0,       0,       0,       0,       0,       0,       0,       0,       0,       0,       0,       0,       0,       0,    -250,      -5,    -360,    -310,       0,      55,      50,       0,       0,    -195,       0,       0,    -405,    -305,     155,      55,  100.0,   42.6,   96.1,   22.0,    1.2,    0.9,    0.2,    0.0,    0.4,   29.8,    0.0,    0.0,   95.8,   98.6,    4.2,    1.4,  100.0,   42.6,   96.1,   22.0,    1.2,    0.9,    0.2,    0.0,    0.4,   29.8,    0.0,    0.0,   95.8,   98.6,    4.2,    1.4,  100.0,    0.0,    0.0,    0.0,    0.0,    0.0,    0.0,    0.0,    0.0,    0.0,    0.0,    0.0,    0.0,    0.0,    0.0,    0.0,     25,     14,      5,      5,.,      4,.,      0,.,.,      0,      0,     23,     10,     25,     14,      5,      5,.,      4,.,      0,.,.,      0,      0,     23,     10,      0,      0,      0,      0,      0,      0,      0,      0,      0,      0,      0,      0,      0,      0,    71.3,    96.7,    85.6,    98.4,    70.7,    95.9,    85.1,    95.9,    71.3,    96.7,    85.6,    98.4,    70.7,    95.9,    85.1,    95.9,     0.0,     0.0,     0.0,     0.0,     0.0,     0.0,     0.0,     0.0,Megawatt Hours (MWh),064CTR,NODX,064 ,N16,FutOnly
NYISO.HUD VL_month_on_dap - NODAL EXCHANGE,260901,2026-09-01,064CXO,NODX,01,064 ,   38085,   25628,   10799,    1465,   10895,    2150,     775,    1210,     950,     375,    5321,     386,   31729,   31711,    6356,    6374,   38085,   25628,   10799,    1465,   10895,    2150,     775,    1210,     950,     375,    5321,     386,   31729,   31711,    6356,    6374,       0,       0,       0,       0,       0,       0,       0,       0,       0,       0,       0,       0,       0,       0,       0,       0,    1914,     503,    -162,     -75,     100,     450,       0,    -180,     600,       0,     370,      26,    1504,    1204,     410,     710,  100.0,   67.3,   28.4,    3.8,   28.6,    5.6,    2.0,    3.2,    2.5,    1.0,   14.0,    1.0,   83.3,   83.3,   16.7,   16.7,  100.0,   67.3,   28.4,    3.8,   28.6,    5.6,    2.0,    3.2,    2.5,    1.0,   14.0,    1.0,   83.3,   83.3,   16.7,   16.7,  100.0,    0.0,    0.0,    0.0,    0.0,    0.0,    0.0,    0.0,    0.0,    0.0,    0.0,    0.0,    0.0,    0.0,    0.0,    0.0,     33,     18,     11,.,      4,      6,.,.,.,.,.,.,     29,     23,     33,     18,     11,.,      4,      6,.,.,.,.,.,.,     29,     23,      0,      0,      0,      0,      0,      0,      0,      0,      0,      0,      0,      0,      0,      0,    32.6,    42.7,    54.1,    61.6,    32.0,    39.1,    49.1,    54.2,    32.6,    42.7,    54.1,    61.6,    32.0,    39.1,    49.1,    54.2,     0.0,     0.0,     0.0,     0.0,     0.0,     0.0,     0.0,     0.0,Megawatt Hours (MWh),064CXO,NODX,064 ,N16,FutOnly
NYISO.HUD VL_month_off_dap - NODAL EXCHANGE,260901,2026-09-01,064CXP,NODX,01,064 ,   36818,   25532,   10780,    1145,   10488,    1779,     960,     925,    1020,     300,    5801,     412,   31148,   31205,    5670,    5613,   36818,   25532,   10780,    1145,   10488,    1779,     960,     925,    1020,     300,    5801,     412,   31148,   31205,    5670,    5613,       0,       0,       0,       0,       0,       0,       0,       0,       0,       0,       0,       0,       0,       0,       0,       0,    1172,     217,    -443,     -75,    -245,     475,    -420,       0,     420,       0,     370,       0,     617,     577,     555,     595,  100.0,   69.3,   29.3,    3.1,   28.5,    4.8,    2.6,    2.5,    2.8,    0.8,   15.8,    1.1,   84.6,   84.8,   15.4,   15.2,  100.0,   69.3,   29.3,    3.1,   28.5,    4.8,    2.6,    2.5,    2.8,    0.8,   15.8,    1.1,   84.6,   84.8,   15.4,   15.2,  100.0,    0.0,    0.0,    0.0,    0.0,    0.0,    0.0,    0.0,    0.0,    0.0,    0.0,    0.0,    0.0,    0.0,    0.0,    0.0,     32,     17,     12,.,      4,      6,.,.,.,.,.,.,     27,     24,     32,     17,     12,.,      4,      6,.,.,.,.,.,.,     27,     24,      0,      0,      0,      0,      0,      0,      0,      0,      0,      0,      0,      0,      0,      0,    33.4,    45.1,    52.8,    64.9,    32.6,    41.3,    48.3,    56.6,    33.4,    45.1,    52.8,    64.9,    32.6,    41.3,    48.3,    56.6,     0.0,     0.0,     0.0,     0.0,     0.0,     0.0,     0.0,     0.0,Megawatt Hours (MWh),064CXP,NODX,064 ,N16,FutOnly
NYISO.N.Y.C._month_on_dap - NODAL EXCHANGE,260901,2026-09-01,064CZS,NODX,01,064 ,   30279,   17119,   24300,    6398,       0,    1330,       0,     300,       0,     975,     384,     600,   26422,   26914,    3857,    3365,   30279,   17119,   24300,    6398,       0,    1330,       0,     300,       0,     975,     384,     600,   26422,   26914,    3857,    3365,       0,       0,       0,       0,       0,       0,       0,       0,       0,       0,       0,       0,       0,       0,       0,       0,    1507,    1062,    1362,     675,       0,       0,       0,       0,       0,    -366,       9,     136,    1507,    1507,       0,       0,  100.0,   56.5,   80.3,   21.1,    0.0,    4.4,    0.0,    1.0,    0.0,    3.2,    1.3,    2.0,   87.3,   88.9,   12.7,   11.1,  100.0,   56.5,   80.3,   21.1,    0.0,    4.4,    0.0,    1.0,    0.0,    3.2,    1.3,    2.0,   87.3,   88.9,   12.7,   11.1,  100.0,    0.0,    0.0,    0.0,    0.0,    0.0,    0.0,    0.0,    0.0,    0.0,    0.0,    0.0,    0.0,    0.0,    0.0,    0.0,     27,     12,     14,      5,      0,      4,      0,.,      0,.,.,.,     19,     21,     27,     12,     14,      5,      0,      4,      0,.,      0,.,.,.,     19,     21,      0,      0,      0,      0,      0,      0,      0,      0,      0,      0,      0,      0,      0,      0,    55.7,    54.4,    74.0,    78.9,    55.7,    54.4,    72.1,    77.2,    55.7,    54.4,    74.0,    78.9,    55.7,    54.4,    72.1,    77.2,     0.0,     0.0,     0.0,     0.0,     0.0,     0.0,     0.0,     0.0,Megawatt Hours (MWh),064CZS,NODX,064 ,N16,FutOnly
NYISO.N.Y.C._month_off_dap - NODAL EXCHANGE,260901,2026-09-01,064CZT,NODX,01,064 ,   29634,   16206,   23990,    6873,       0,    1200,       0,     300,       0,     975,     429,     355,   25609,   26274,    4025,    3360,   29634,   16206,   23990,    6873,       0,    1200,       0,     300,       0,     975,     429,     355,   25609,   26274,    4025,    3360,       0,       0,       0,       0,       0,       0,       0,       0,       0,       0,       0,       0,       0,       0,       0,       0,    1382,    1062,    1362,     675,       0,       0,       0,       0,       0,    -246,     129,    -109,    1382,    1382,       0,       0,  100.0,   54.7,   81.0,   23.2,    0.0,    4.0,    0.0,    1.0,    0.0,    3.3,    1.4,    1.2,   86.4,   88.7,   13.6,   11.3,  100.0,   54.7,   81.0,   23.2,    0.0,    4.0,    0.0,    1.0,    0.0,    3.3,    1.4,    1.2,   86.4,   88.7,   13.6,   11.3,  100.0,    0.0,    0.0,    0.0,    0.0,    0.0,    0.0,    0.0,    0.0,    0.0,    0.0,    0.0,    0.0,    0.0,    0.0,    0.0,     26,     10,     13,      5,      0,.,      0,.,      0,.,.,.,     17,     19,     26,     10,     13,      5,      0,.,      0,.,      0,.,.,.,     17,     19,      0,      0,      0,      0,      0,      0,      0,      0,      0,      0,      0,      0,      0,      0,    55.5,    54.4,    74.6,    79.4,    55.5,    53.8,    72.8,    78.1,    55.5,    54.4,    74.6,    79.4,    55.5,    53.8,    72.8,    78.1,     0.0,     0.0,     0.0,     0.0,     0.0,     0.0,     0.0,     0.0,Megawatt Hours (MWh),064CZT,NODX,064 ,N16,FutOnly
NYISO.WEST_month_on_dap - NODAL EXCHANGE,260901,2026-09-01,064DEU,NODX,01,064 ,   36431,   29024,   23280,    3075,    5564,    1206,       0,      50,       0,     150,    3344,     556,   34011,   34000,    2420,    2431,   36431,   29024,   23280,    3075,    5564,    1206,       0,      50,       0,     150,    3344,     556,   34011,   34000,    2420,    2431,       0,       0,       0,       0,       0,       0,       0,       0,       0,       0,       0,       0,       0,       0,       0,       0,    -189,    -864,     266,      90,    -285,     -10,       0,      50,       0,       0,    -905,      75,    -709,    -809,     520,     620,  100.0,   79.7,   63.9,    8.4,   15.3,    3.3,    0.0,    0.1,    0.0,    0.4,    9.2,    1.5,   93.4,   93.3,    6.6,    6.7,  100.0,   79.7,   63.9,    8.4,   15.3,    3.3,    0.0,    0.1,    0.0,    0.4,    9.2,    1.5,   93.4,   93.3,    6.6,    6.7,  100.0,    0.0,    0.0,    0.0,    0.0,    0.0,    0.0,    0.0,    0.0,    0.0,    0.0,    0.0,    0.0,    0.0,    0.0,    0.0,     30,     14,     15,      4,.,      5,      0,.,      0,.,.,.,     22,     22,     30,     14,     15,      4,.,      5,      0,.,      0,.,.,.,     22,     22,      0,      0,      0,      0,      0,      0,      0,      0,      0,      0,      0,      0,      0,      0,    70.2,    51.3,    81.7,    77.8,    62.8,    45.7,    71.9,    70.2,    70.2,    51.3,    81.7,    77.8,    62.8,    45.7,    71.9,    70.2,     0.0,     0.0,     0.0,     0.0,     0.0,     0.0,     0.0,     0.0,Megawatt Hours (MWh),064DEU,NODX,064 ,N16,FutOnly
NYISO.WEST_month_off_dap - NODAL EXCHANGE,260901,2026-09-01,064DEV,NODX,01,064 ,   36619,   28428,   23445,    4132,    6674,     508,       0,     355,       0,     150,    2399,     801,   34019,   34182,    2600,    2437,   36619,   28428,   23445,    4132,    6674,     508,       0,     355,       0,     150,    2399,     801,   34019,   34182,    2600,    2437,       0,       0,       0,       0,       0,       0,       0,       0,       0,       0,       0,       0,       0,       0,       0,       0,      53,    -826,     199,     265,     115,       5,       0,      50,       0,       0,   -1025,     145,    -411,    -511,     464,     564,  100.0,   77.6,   64.0,   11.3,   18.2,    1.4,    0.0,    1.0,    0.0,    0.4,    6.6,    2.2,   92.9,   93.3,    7.1,    6.7,  100.0,   77.6,   64.0,   11.3,   18.2,    1.4,    0.0,    1.0,    0.0,    0.4,    6.6,    2.2,   92.9,   93.3,    7.1,    6.7,  100.0,    0.0,    0.0,    0.0,    0.0,    0.0,    0.0,    0.0,    0.0,    0.0,    0.0,    0.0,    0.0,    0.0,    0.0,    0.0,     27,     11,     14,.,.,      5,      0,.,      0,.,.,.,     18,     23,     27,     11,     14,.,.,      5,      0,.,      0,.,.,.,     18,     23,      0,      0,      0,      0,      0,      0,      0,      0,      0,      0,      0,      0,      0,      0,    74.2,    54.4,    87.5,    78.0,    68.5,    50.1,    78.1,    69.3,    74.2,    54.4,    87.5,    78.0,    68.5,    50.1,    78.1,    69.3,     0.0,     0.0,     0.0,     0.0,     0.0,     0.0,     0.0,     0.0,Megawatt Hours (MWh),064DEV,NODX,064 ,N16,FutOnly
PJM.AEP_month_on_dap - NODAL EXCHANGE,260901,2026-09-01,064DLQ,NODX,01,064 ,   29266,   18230,   22151,    7115,     395,     370,    1570,       0,       0,     486,    5065,     380,   28151,   28361,    1115,     905,   29266,   18230,   22151,    7115,     395,     370,    1570,       0,       0,     486,    5065,     380,   28151,   28361,    1115,     905,       0,       0,       0,       0,       0,       0,       0,       0,       0,       0,       0,       0,       0,       0,       0,       0,       5,       5,       0,       0,       0,       0,       0,       0,       0,       0,       5,       0,       5,       5,       0,       0,  100.0,   62.3,   75.7,   24.3,    1.3,    1.3,    5.4,    0.0,    0.0,    1.7,   17.3,    1.3,   96.2,   96.9,    3.8,    3.1,  100.0,   62.3,   75.7,   24.3,    1.3,    1.3,    5.4,    0.0,    0.0,    1.7,   17.3,    1.3,   96.2,   96.9,    3.8,    3.1,  100.0,    0.0,    0.0,    0.0,    0.0,    0.0,    0.0,    0.0,    0.0,    0.0,    0.0,    0.0,    0.0,    0.0,    0.0,    0.0,     22,     11,.,      4,.,.,.,      0,      0,.,.,.,     19,      6,     22,     11,.,      4,.,.,.,      0,      0,.,.,.,     19,      6,      0,      0,      0,      0,      0,      0,      0,      0,      0,      0,      0,      0,      0,      0,    64.1,    94.0,    80.1,    96.9,    64.1,    92.6,    80.1,    94.3,    64.1,    94.0,    80.1,    96.9,    64.1,    92.6,    80.1,    94.3,     0.0,     0.0,     0.0,     0.0,     0.0,     0.0,     0.0,     0.0,Megawatt Hours (MWh),064DLQ,NODX,064 ,N16,FutOnly
PJM.AEP_month_off_dap - NODAL EXCHANGE,260901,2026-09-01,064DLR,NODX,01,064 ,   29231,   18255,   22116,    7080,     395,     370,    1570,       0,       0,     486,    5065,     380,   28141,   28326,    1090,     905,   29231,   18255,   22116,    7080,     395,     370,    1570,       0,       0,     486,    5065,     380,   28141,   28326,    1090,     905,       0,       0,       0,       0,       0,       0,       0,       0,       0,       0,       0,       0,       0,       0,       0,       0,       5,       5,       0,       0,       0,       0,       0,       0,       0,       0,       5,       0,       5,       5,       0,       0,  100.0,   62.5,   75.7,   24.2,    1.4,    1.3,    5.4,    0.0,    0.0,    1.7,   17.3,    1.3,   96.3,   96.9,    3.7,    3.1,  100.0,   62.5,   75.7,   24.2,    1.4,    1.3,    5.4,    0.0,    0.0,    1.7,   17.3,    1.3,   96.3,   96.9,    3.7,    3.1,  100.0,    0.0,    0.0,    0.0,    0.0,    0.0,    0.0,    0.0,    0.0,    0.0,    0.0,    0.0,    0.0,    0.0,    0.0,    0.0,     22,     11,.,      4,.,.,.,      0,      0,.,.,.,     19,      6,     22,     11,.,      4,.,.,.,      0,      0,.,.,.,     19,      6,      0,      0,      0,      0,      0,      0,      0,      0,      0,      0,      0,      0,      0,      0,    64.2,    94.0,    80.1,    96.9,    64.2,    92.5,    80.1,    94.2,    64.2,    94.0,    80.1,    96.9,    64.2,    92.5,    80.1,    94.2,     0.0,     0.0,     0.0,     0.0,     0.0,     0.0,     0.0,     0.0,Megawatt Hours (MWh),064DLR,NODX,064 ,N16,FutOnly
PJM.AEP-DAYTON HUB_mo_on_dap - NODAL EXCHANGE,260901,2026-09-01,064DLW,NODX,01,064 ,  107447,   45653,   46762,    5021,   26527,    2451,    5855,    5637,     120,   25442,    2660,     940,   85482,   85097,   21965,   22350,  107447,   45653,   46762,    5021,   26527,    2451,    5855,    5637,     120,   25442,    2660,     940,   85482,   85097,   21965,   22350,       0,       0,       0,       0,       0,       0,       0,       0,       0,       0,       0,       0,       0,       0,       0,       0,    5485,    4347,    4607,     -45,    1120,    -100,    1495,      25,    -150,     -45,       0,       0,    5502,    5502,     -17,     -17,  100.0,   42.5,   43.5,    4.7,   24.7,    2.3,    5.4,    5.2,    0.1,   23.7,    2.5,    0.9,   79.6,   79.2,   20.4,   20.8,  100.0,   42.5,   43.5,    4.7,   24.7,    2.3,    5.4,    5.2,    0.1,   23.7,    2.5,    0.9,   79.6,   79.2,   20.4,   20.8,  100.0,    0.0,    0.0,    0.0,    0.0,    0.0,    0.0,    0.0,    0.0,    0.0,    0.0,    0.0,    0.0,    0.0,    0.0,    0.0,     47,     18,     22,.,      6,      5,.,.,.,      7,.,.,     34,     36,     47,     18,     22,.,      6,      5,.,.,.,      7,.,.,     34,     36,      0,      0,      0,      0,      0,      0,      0,      0,      0,      0,      0,      0,      0,      0,    47.8,    35.6,    65.3,    55.6,    45.9,    33.5,    58.1,    50.9,    47.8,    35.6,    65.3,    55.6,    45.9,    33.5,    58.1,    50.9,     0.0,     0.0,     0.0,     0.0,     0.0,     0.0,     0.0,     0.0,Megawatt Hours (MWh),064DLW,NODX,064 ,N16,FutOnly
PJM.AEP-DAYTON HUB_mo_off_dap - NODAL EXCHANGE,260901,2026-09-01,064DLX,NODX,01,064 ,  103785,   43015,   49736,    4766,   23212,    2756,    5155,    2845,     240,   25912,    2650,     940,   82784,   82379,   21001,   21406,  103785,   43015,   49736,    4766,   23212,    2756,    5155,    2845,     240,   25912,    2650,     940,   82784,   82379,   21001,   21406,       0,       0,       0,       0,       0,       0,       0,       0,       0,       0,       0,       0,       0,       0,       0,       0,    4920,    4255,    4550,     -95,     860,     -40,    1495,       0,    -425,    -245,       0,       0,    4945,    4945,     -25,     -25,  100.0,   41.4,   47.9,    4.6,   22.4,    2.7,    5.0,    2.7,    0.2,   25.0,    2.6,    0.9,   79.8,   79.4,   20.2,   20.6,  100.0,   41.4,   47.9,    4.6,   22.4,    2.7,    5.0,    2.7,    0.2,   25.0,    2.6,    0.9,   79.8,   79.4,   20.2,   20.6,  100.0,    0.0,    0.0,    0.0,    0.0,    0.0,    0.0,    0.0,    0.0,    0.0,    0.0,    0.0,    0.0,    0.0,    0.0,    0.0,     43,     15,     23,.,      5,      5,.,.,.,      6,.,.,     30,     36,     43,     15,     23,.,      5,      5,.,.,.,      6,.,.,     30,     36,      0,      0,      0,      0,      0,      0,      0,      0,      0,      0,      0,      0,      0,      0,    49.4,    36.0,    66.9,    55.4,    44.4,    34.1,    56.6,    50.2,    49.4,    36.0,    66.9,    55.4,    44.4,    34.1,    56.6,    50.2,     0.0,     0.0,     0.0,     0.0,     0.0,     0.0,     0.0,     0.0,Megawatt Hours (MWh),064DLX,NODX,064 ,N16,FutOnly
PJM.APS_month_on_dap - NODAL EXCHANGE,260901,2026-09-01,064DMY,NODX,01,064 ,   13683,    7600,   11774,    1040,     694,     174,    2010,       0,       0,    1003,     390,       0,   11827,   13032,    1856,     651,   13683,    7600,   11774,    1040,     694,     174,    2010,       0,       0,    1003,     390,       0,   11827,   13032,    1856,     651,       0,       0,       0,       0,       0,       0,       0,       0,       0,       0,       0,       0,       0,       0,       0,       0,     840,     840,     840,       0,       0,       0,       0,       0,       0,       0,       0,       0,     840,     840,       0,       0,  100.0,   55.5,   86.0,    7.6,    5.1,    1.3,   14.7,    0.0,    0.0,    7.3,    2.9,    0.0,   86.4,   95.2,   13.6,    4.8,  100.0,   55.5,   86.0,    7.6,    5.1,    1.3,   14.7,    0.0,    0.0,    7.3,    2.9,    0.0,   86.4,   95.2,   13.6,    4.8,  100.0,    0.0,    0.0,    0.0,    0.0,    0.0,    0.0,    0.0,    0.0,    0.0,    0.0,    0.0,    0.0,    0.0,    0.0,    0.0,     21,     12,      6,.,.,.,.,      0,      0,.,.,      0,     17,      8,     21,     12,      6,.,.,.,.,      0,      0,.,.,      0,     17,      8,      0,      0,      0,      0,      0,      0,      0,      0,      0,      0,      0,      0,      0,      0,    41.7,    83.4,    66.3,    95.2,    41.7,    82.1,    66.3,    87.5,    41.7,    83.4,    66.3,    95.2,    41.7,    82.1,    66.3,    87.5,     0.0,     0.0,     0.0,     0.0,     0.0,     0.0,     0.0,     0.0,Megawatt Hours (MWh),064DMY,NODX,064 ,N16,FutOnly
PJM.APS_month_off_dap - NODAL EXCHANGE,260901,2026-09-01,064DMZ,NODX,01,064 ,   13047,    7235,   11138,    1040,     694,     174,    2010,       0,       0,     747,     390,       0,   11206,   12396,    1841,     651,   13047,    7235,   11138,    1040,     694,     174,    2010,       0,       0,     747,     390,       0,   11206,   12396,    1841,     651,       0,       0,       0,       0,       0,       0,       0,       0,       0,       0,       0,       0,       0,       0,       0,       0,     840,     840,     840,       0,       0,       0,       0,       0,       0,       0,       0,       0,     840,     840,       0,       0,  100.0,   55.5,   85.4,    8.0,    5.3,    1.3,   15.4,    0.0,    0.0,    5.7,    3.0,    0.0,   85.9,   95.0,   14.1,    5.0,  100.0,   55.5,   85.4,    8.0,    5.3,    1.3,   15.4,    0.0,    0.0,    5.7,    3.0,    0.0,   85.9,   95.0,   14.1,    5.0,  100.0,    0.0,    0.0,    0.0,    0.0,    0.0,    0.0,    0.0,    0.0,    0.0,    0.0,    0.0,    0.0,    0.0,    0.0,    0.0,     21,     12,      6,.,.,.,.,      0,      0,.,.,      0,     17,      8,     21,     12,      6,.,.,.,.,      0,      0,.,.,      0,     17,      8,      0,      0,      0,      0,      0,      0,      0,      0,      0,      0,      0,      0,      0,      0,    42.9,    83.3,    66.8,    95.0,    42.9,    82.0,    66.8,    88.7,    42.9,    83.3,    66.8,    95.0,    42.9,    82.0,    66.8,    88.7,     0.0,     0.0,     0.0,     0.0,     0.0,     0.0,     0.0,     0.0,Megawatt Hours (MWh),064DMZ,NODX,064 ,N16,FutOnly
PJM.BGE_month_on_dap - NODAL EXCHANGE,260901,2026-09-01,064DPQ,NODX,01,064 ,   28270,   19645,   23385,    2545,     945,     340,    2640,       0,       0,    1535,    1850,     390,   27095,   26910,    1175,    1360,   28270,   19645,   23385,    2545,     945,     340,    2640,       0,       0,    1535,    1850,     390,   27095,   26910,    1175,    1360,       0,       0,       0,       0,       0,       0,       0,       0,       0,       0,       0,       0,       0,       0,       0,       0,     610,     540,     675,     -15,       0,      15,       0,       0,       0,     110,     -40,     -30,     620,     620,     -10,     -10,  100.0,   69.5,   82.7,    9.0,    3.3,    1.2,    9.3,    0.0,    0.0,    5.4,    6.5,    1.4,   95.8,   95.2,    4.2,    4.8,  100.0,   69.5,   82.7,    9.0,    3.3,    1.2,    9.3,    0.0,    0.0,    5.4,    6.5,    1.4,   95.8,   95.2,    4.2,    4.8,  100.0,    0.0,    0.0,    0.0,    0.0,    0.0,    0.0,    0.0,    0.0,    0.0,    0.0,    0.0,    0.0,    0.0,    0.0,    0.0,     29,     14,      5,.,.,.,.,      0,      0,      4,.,.,     25,     12,     29,     14,      5,.,.,.,.,      0,      0,      4,.,.,     25,     12,      0,      0,      0,      0,      0,      0,      0,      0,      0,      0,      0,      0,      0,      0,    55.9,    87.5,    74.8,    93.1,    55.3,    86.3,    73.7,    89.8,    55.9,    87.5,    74.8,    93.1,    55.3,    86.3,    73.7,    89.8,     0.0,     0.0,     0.0,     0.0,     0.0,     0.0,     0.0,     0.0,Megawatt Hours (MWh),064DPQ,NODX,064 ,N16,FutOnly
PJM.BGE_month_off_dap - NODAL EXCHANGE,260901,2026-09-01,064DPR,NODX,01,064 ,   28185,   19430,   23135,    2245,     680,     455,    2640,       0,       0,    1535,    1875,     390,   26695,   26535,    1490,    1650,   28185,   19430,   23135,    2245,     680,     455,    2640,       0,       0,    1535,    1875,     390,   26695,   26535,    1490,    1650,       0,       0,       0,       0,       0,       0,       0,       0,       0,       0,       0,       0,       0,       0,       0,       0,     610,     540,     675,     -15,       0,      15,       0,       0,       0,     110,     -40,     -30,     620,     620,     -10,     -10,  100.0,   68.9,   82.1,    8.0,    2.4,    1.6,    9.4,    0.0,    0.0,    5.4,    6.7,    1.4,   94.7,   94.1,    5.3,    5.9,  100.0,   68.9,   82.1,    8.0,    2.4,    1.6,    9.4,    0.0,    0.0,    5.4,    6.7,    1.4,   94.7,   94.1,    5.3,    5.9,  100.0,    0.0,    0.0,    0.0,    0.0,    0.0,    0.0,    0.0,    0.0,    0.0,    0.0,    0.0,    0.0,    0.0,    0.0,    0.0,     29,     14,      5,.,.,.,.,      0,      0,      4,.,.,     25,     12,     29,     14,      5,.,.,.,.,      0,      0,      4,.,.,     25,     12,      0,      0,      0,      0,      0,      0,      0,      0,      0,      0,      0,      0,      0,      0,    55.3,    86.9,    73.3,    92.0,    54.8,    85.8,    72.1,    88.4,    55.3,    86.9,    73.3,    92.0,    54.8,    85.8,    72.1,    88.4,     0.0,     0.0,     0.0,     0.0,     0.0,     0.0,     0.0,     0.0,Megawatt Hours (MWh),064DPR,NODX,064 ,N16,FutOnly
PJM.DOM_month_on_dap - NODAL EXCHANGE,260901,2026-09-01,064DZS,NODX,01,064 ,   12314,    7995,    5700,    1555,    2915,     429,    1000,     730,       0,     750,    1930,      25,   11754,   11729,     560,     585,   12314,    7995,    5700,    1555,    2915,     429,    1000,     730,       0,     750,    1930,      25,   11754,   11729,     560,     585,       0,       0,       0,       0,       0,       0,       0,       0,       0,       0,       0,       0,       0,       0,       0,       0,      25,      50,      25,       0,       0,       0,       0,       0,       0,     -25,       0,       0,      25,      25,       0,       0,  100.0,   64.9,   46.3,   12.6,   23.7,    3.5,    8.1,    5.9,    0.0,    6.1,   15.7,    0.2,   95.5,   95.2,    4.5,    4.8,  100.0,   64.9,   46.3,   12.6,   23.7,    3.5,    8.1,    5.9,    0.0,    6.1,   15.7,    0.2,   95.5,   95.2,    4.5,    4.8,  100.0,    0.0,    0.0,    0.0,    0.0,    0.0,    0.0,    0.0,    0.0,    0.0,    0.0,    0.0,    0.0,    0.0,    0.0,    0.0,     24,     10,      4,.,      5,.,.,.,      0,.,.,.,     16,     13,     24,     10,      4,.,      5,.,.,.,      0,.,.,.,     16,     13,      0,      0,      0,      0,      0,      0,      0,      0,      0,      0,      0,      0,      0,      0,    59.6,    73.1,    81.5,    92.3,    59.6,    67.5,    79.4,    83.7,    59.6,    73.1,    81.5,    92.3,    59.6,    67.5,    79.4,    83.7,     0.0,     0.0,     0.0,     0.0,     0.0,     0.0,     0.0,     0.0,Megawatt Hours (MWh),064DZS,NODX,064 ,N16,FutOnly
PJM.DOM_month_off_dap - NODAL EXCHANGE,260901,2026-09-01,064DZT,NODX,01,064 ,   12824,    8405,    6145,    1805,    3190,     294,    1000,     730,       0,     750,    1930,      25,   12279,   12314,     545,     510,   12824,    8405,    6145,    1805,    3190,     294,    1000,     730,       0,     750,    1930,      25,   12279,   12314,     545,     510,       0,       0,       0,       0,       0,       0,       0,       0,       0,       0,       0,       0,       0,       0,       0,       0,      25,      50,      25,       0,       0,       0,       0,       0,       0,     -25,       0,       0,      25,      25,       0,       0,  100.0,   65.5,   47.9,   14.1,   24.9,    2.3,    7.8,    5.7,    0.0,    5.8,   15.0,    0.2,   95.8,   96.0,    4.2,    4.0,  100.0,   65.5,   47.9,   14.1,   24.9,    2.3,    7.8,    5.7,    0.0,    5.8,   15.0,    0.2,   95.8,   96.0,    4.2,    4.0,  100.0,    0.0,    0.0,    0.0,    0.0,    0.0,    0.0,    0.0,    0.0,    0.0,    0.0,    0.0,    0.0,    0.0,    0.0,    0.0,     26,     11,      5,.,      5,.,.,.,      0,.,.,.,     18,     14,     26,     11,      5,.,      5,.,.,.,      0,.,.,.,     18,     14,      0,      0,      0,      0,      0,      0,      0,      0,      0,      0,      0,      0,      0,      0,    58.2,    72.9,    80.7,    92.4,    58.2,    67.5,    80.2,    84.7,    58.2,    72.9,    80.7,    92.4,    58.2,    67.5,    80.2,    84.7,     0.0,     0.0,     0.0,     0.0,     0.0,     0.0,     0.0,     0.0,Megawatt Hours (MWh),064DZT,NODX,064 ,N16,FutOnly
ERCOT North 345KV Hub RT 10x17 - ICE FUTURES ENERGY DIV,260901,2026-09-01,064ED7,IFED,01,064 ,    6739,    5098,    2928,     600,     755,     120,       0,       0,       0,     705,    2320,       0,    6523,    6123,     216,     616,    6739,    5098,    2928,     600,     755,     120,       0,       0,       0,     705,    2320,       0,    6523,    6123,     216,     616,       0,       0,       0,       0,       0,       0,       0,       0,       0,       0,       0,       0,       0,       0,       0,       0,      60,      45,      60,       0,       0,       0,       0,       0,       0,      15,       0,       0,      60,      60,       0,       0,  100.0,   75.6,   43.4,    8.9,   11.2,    1.8,    0.0,    0.0,    0.0,   10.5,   34.4,    0.0,   96.8,   90.9,    3.2,    9.1,  100.0,   75.6,   43.4,    8.9,   11.2,    1.8,    0.0,    0.0,    0.0,   10.5,   34.4,    0.0,   96.8,   90.9,    3.2,    9.1,  100.0,    0.0,    0.0,    0.0,    0.0,    0.0,    0.0,    0.0,    0.0,    0.0,    0.0,    0.0,    0.0,    0.0,    0.0,    0.0,     20,     11,      6,.,.,.,      0,      0,      0,.,.,      0,     15,     10,     20,     11,      6,.,.,.,      0,      0,      0,.,.,      0,     15,     10,      0,      0,      0,      0,      0,      0,      0,      0,      0,      0,      0,      0,      0,      0,    65.5,    80.8,    86.0,    89.1,    61.9,    80.0,    82.3,    85.8,    65.5,    80.8,    86.0,    89.1,    61.9,    80.0,    82.3,    85.8,     0.0,     0.0,     0.0,     0.0,     0.0,     0.0,     0.0,     0.0,(1MW for about 352 Hours),064ED7,IFED,064 ,N16,FutOnly
PJM.JCPL_month_on_dap - NODAL EXCHANGE,260901,2026-09-01,064EJI,NODX,01,064 ,   50232,   33787,   37260,    2575,    2317,     910,    3080,    4980,       0,    4025,     295,     975,   45352,   46737,    4880,    3495,   50232,   33787,   37260,    2575,    2317,     910,    3080,    4980,       0,    4025,     295,     975,   45352,   46737,    4880,    3495,       0,       0,       0,       0,       0,       0,       0,       0,       0,       0,       0,       0,       0,       0,       0,       0,     600,     290,     900,       0,       0,       0,       0,       0,       0,     250,    -360,      50,     590,     590,      10,      10,  100.0,   67.3,   74.2,    5.1,    4.6,    1.8,    6.1,    9.9,    0.0,    8.0,    0.6,    1.9,   90.3,   93.0,    9.7,    7.0,  100.0,   67.3,   74.2,    5.1,    4.6,    1.8,    6.1,    9.9,    0.0,    8.0,    0.6,    1.9,   90.3,   93.0,    9.7,    7.0,  100.0,    0.0,    0.0,    0.0,    0.0,    0.0,    0.0,    0.0,    0.0,    0.0,    0.0,    0.0,    0.0,    0.0,    0.0,    0.0,     29,     13,      8,.,.,      4,.,.,      0,.,.,.,     23,     17,     29,     13,      8,.,.,      4,.,.,      0,.,.,.,     23,     17,      0,      0,      0,      0,      0,      0,      0,      0,      0,      0,      0,      0,      0,      0,    53.7,    78.7,    70.4,    88.7,    49.8,    78.7,    66.6,    84.3,    53.7,    78.7,    70.4,    88.7,    49.8,    78.7,    66.6,    84.3,     0.0,     0.0,     0.0,     0.0,     0.0,     0.0,     0.0,     0.0,Megawatt Hours (MWh),064EJI,NODX,064 ,N16,FutOnly
PJM.JCPL_month_off_dap - NODAL EXCHANGE,260901,2026-09-01,064EJJ,NODX,01,064 ,   47982,   31797,   35530,    1810,    2317,    1250,    3080,    4380,       0,    4215,       0,     640,   42792,   44117,    5190,    3865,   47982,   31797,   35530,    1810,    2317,    1250,    3080,    4380,       0,    4215,       0,     640,   42792,   44117,    5190,    3865,       0,       0,       0,       0,       0,       0,       0,       0,       0,       0,       0,       0,       0,       0,       0,       0,     670,     290,     900,       0,       0,       0,       0,       0,       0,     510,    -100,    -210,     590,     590,      80,      80,  100.0,   66.3,   74.0,    3.8,    4.8,    2.6,    6.4,    9.1,    0.0,    8.8,    0.0,    1.3,   89.2,   91.9,   10.8,    8.1,  100.0,   66.3,   74.0,    3.8,    4.8,    2.6,    6.4,    9.1,    0.0,    8.8,    0.0,    1.3,   89.2,   91.9,   10.8,    8.1,  100.0,    0.0,    0.0,    0.0,    0.0,    0.0,    0.0,    0.0,    0.0,    0.0,    0.0,    0.0,    0.0,    0.0,    0.0,    0.0,     29,     14,      8,.,.,      4,.,.,      0,      4,      0,.,     24,     17,     29,     14,      8,.,.,      4,.,.,      0,      4,      0,.,     24,     17,      0,      0,      0,      0,      0,      0,      0,      0,      0,      0,      0,      0,      0,      0,    52.0,    79.3,    69.6,    87.7,    49.4,    79.2,    67.0,    84.9,    52.0,    79.3,    69.6,    87.7,    49.4,    79.2,    67.0,    84.9,     0.0,     0.0,     0.0,     0.0,     0.0,     0.0,     0.0,     0.0,Megawatt Hours (MWh),064EJJ,NODX,064 ,N16,FutOnly
PJM.METED_month_on_dap - NODAL EXCHANGE,260901,2026-09-01,064EOW,NODX,01,064 ,   12687,   10000,    8924,      25,    1705,     491,      40,     190,     205,     150,     200,     120,   11031,   11835,    1656,     852,   12687,   10000,    8924,      25,    1705,     491,      40,     190,     205,     150,     200,     120,   11031,   11835,    1656,     852,       0,       0,       0,       0,       0,       0,       0,       0,       0,       0,       0,       0,       0,       0,       0,       0,       0,       0,       0,       0,       0,       0,       0,       0,       0,       0,       0,       0,       0,       0,       0,       0,  100.0,   78.8,   70.3,    0.2,   13.4,    3.9,    0.3,    1.5,    1.6,    1.2,    1.6,    0.9,   86.9,   93.3,   13.1,    6.7,  100.0,   78.8,   70.3,    0.2,   13.4,    3.9,    0.3,    1.5,    1.6,    1.2,    1.6,    0.9,   86.9,   93.3,   13.1,    6.7,  100.0,    0.0,    0.0,    0.0,    0.0,    0.0,    0.0,    0.0,    0.0,    0.0,    0.0,    0.0,    0.0,    0.0,    0.0,    0.0,     23,     11,      4,.,.,      4,.,.,.,.,.,.,     19,     12,     23,     11,      4,.,.,      4,.,.,.,.,.,.,     19,     12,      0,      0,      0,      0,      0,      0,      0,      0,      0,      0,      0,      0,      0,      0,    55.6,    77.5,    75.0,    89.2,    55.6,    77.1,    73.1,    82.6,    55.6,    77.5,    75.0,    89.2,    55.6,    77.1,    73.1,    82.6,     0.0,     0.0,     0.0,     0.0,     0.0,     0.0,     0.0,     0.0,Megawatt Hours (MWh),064EOW,NODX,064 ,N16,FutOnly
PJM.METED_month_off_dap - NODAL EXCHANGE,260901,2026-09-01,064EOX,NODX,01,064 ,   12859,   10177,    9174,      25,    1715,     496,      40,     190,     205,     150,     200,     120,   11213,   12100,    1646,     759,   12859,   10177,    9174,      25,    1715,     496,      40,     190,     205,     150,     200,     120,   11213,   12100,    1646,     759,       0,       0,       0,       0,       0,       0,       0,       0,       0,       0,       0,       0,       0,       0,       0,       0,       0,       0,       0,       0,       0,       0,       0,       0,       0,       0,       0,       0,       0,       0,       0,       0,  100.0,   79.1,   71.3,    0.2,   13.3,    3.9,    0.3,    1.5,    1.6,    1.2,    1.6,    0.9,   87.2,   94.1,   12.8,    5.9,  100.0,   79.1,   71.3,    0.2,   13.3,    3.9,    0.3,    1.5,    1.6,    1.2,    1.6,    0.9,   87.2,   94.1,   12.8,    5.9,  100.0,    0.0,    0.0,    0.0,    0.0,    0.0,    0.0,    0.0,    0.0,    0.0,    0.0,    0.0,    0.0,    0.0,    0.0,    0.0,     24,     13,      6,.,.,      4,.,.,.,.,.,.,     21,     14,     24,     13,      6,.,.,      4,.,.,.,.,.,.,     21,     14,      0,      0,      0,      0,      0,      0,      0,      0,      0,      0,      0,      0,      0,      0,    53.5,    77.1,    74.5,    88.5,    52.4,    76.2,    69.7,    81.7,    53.5,    77.1,    74.5,    88.5,    52.4,    76.2,    69.7,    81.7,     0.0,     0.0,     0.0,     0.0,     0.0,     0.0,     0.0,     0.0,Megawatt Hours (MWh),064EOX,NODX,064 ,N16,FutOnly
PJM.N ILLINOIS HUB_mo_on_dap - NODAL EXCHANGE,260901,2026-09-01,064ERM,NODX,01,064 ,   93081,   65688,   79639,   13838,    2353,    3041,     325,     260,       0,    2450,       0,       0,   85342,   85293,    7739,    7788,   93081,   65688,   79639,   13838,    2353,    3041,     325,     260,       0,    2450,       0,       0,   85342,   85293,    7739,    7788,       0,       0,       0,       0,       0,       0,       0,       0,       0,       0,       0,       0,       0,       0,       0,       0,    1825,    1700,    1800,      75,       0,       0,      25,       0,       0,       0,       0,       0,    1800,    1800,      25,      25,  100.0,   70.6,   85.6,   14.9,    2.5,    3.3,    0.3,    0.3,    0.0,    2.6,    0.0,    0.0,   91.7,   91.6,    8.3,    8.4,  100.0,   70.6,   85.6,   14.9,    2.5,    3.3,    0.3,    0.3,    0.0,    2.6,    0.0,    0.0,   91.7,   91.6,    8.3,    8.4,  100.0,    0.0,    0.0,    0.0,    0.0,    0.0,    0.0,    0.0,    0.0,    0.0,    0.0,    0.0,    0.0,    0.0,    0.0,    0.0,     31,     14,     14,      4,.,      5,.,.,      0,.,      0,      0,     23,     21,     31,     14,     14,      4,.,      5,.,.,      0,.,      0,      0,     23,     21,      0,      0,      0,      0,      0,      0,      0,      0,      0,      0,      0,      0,      0,      0,    58.7,    77.3,    82.1,    84.0,    56.7,    77.0,    76.7,    82.3,    58.7,    77.3,    82.1,    84.0,    56.7,    77.0,    76.7,    82.3,     0.0,     0.0,     0.0,     0.0,     0.0,     0.0,     0.0,     0.0,Megawatt Hours (MWh),064ERM,NODX,064 ,N16,FutOnly
PJM.N ILLINOIS HUB_mo_off_dap - NODAL EXCHANGE,260901,2026-09-01,064ERN,NODX,01,064 ,   91320,   63175,   78543,   14992,    1915,    2909,     325,     260,       0,    2275,       0,       0,   83676,   83627,    7644,    7693,   91320,   63175,   78543,   14992,    1915,    2909,     325,     260,       0,    2275,       0,       0,   83676,   83627,    7644,    7693,       0,       0,       0,       0,       0,       0,       0,       0,       0,       0,       0,       0,       0,       0,       0,       0,    1900,    1775,    1965,      75,     -90,       0,      25,       0,       0,       0,       0,       0,    1875,    1875,      25,      25,  100.0,   69.2,   86.0,   16.4,    2.1,    3.2,    0.4,    0.3,    0.0,    2.5,    0.0,    0.0,   91.6,   91.6,    8.4,    8.4,  100.0,   69.2,   86.0,   16.4,    2.1,    3.2,    0.4,    0.3,    0.0,    2.5,    0.0,    0.0,   91.6,   91.6,    8.4,    8.4,  100.0,    0.0,    0.0,    0.0,    0.0,    0.0,    0.0,    0.0,    0.0,    0.0,    0.0,    0.0,    0.0,    0.0,    0.0,    0.0,     29,     14,     16,      5,.,      5,.,.,      0,.,      0,      0,     22,     23,     29,     14,     16,      5,.,      5,.,.,      0,.,      0,      0,     22,     23,      0,      0,      0,      0,      0,      0,      0,      0,      0,      0,      0,      0,      0,      0,    58.9,    77.8,    82.1,    84.2,    56.8,    77.6,    77.0,    82.8,    58.9,    77.8,    82.1,    84.2,    56.8,    77.6,    77.0,    82.8,     0.0,     0.0,     0.0,     0.0,     0.0,     0.0,     0.0,     0.0,Megawatt Hours (MWh),064ERN,NODX,064 ,N16,FutOnly
PJM.PECO_month_on_dap - NODAL EXCHANGE,260901,2026-09-01,064EUY,NODX,01,064 ,  107735,   72350,   83837,    3956,   14733,    1775,    1945,    1005,       0,   21120,     206,     374,  101520,  101930,    6215,    5805,  107735,   72350,   83837,    3956,   14733,    1775,    1945,    1005,       0,   21120,     206,     374,  101520,  101930,    6215,    5805,       0,       0,       0,       0,       0,       0,       0,       0,       0,       0,       0,       0,       0,       0,       0,       0,     483,     440,     140,       0,     210,      -2,       0,       0,       0,     -90,       0,     150,     498,     498,     -15,     -15,  100.0,   67.2,   77.8,    3.7,   13.7,    1.6,    1.8,    0.9,    0.0,   19.6,    0.2,    0.3,   94.2,   94.6,    5.8,    5.4,  100.0,   67.2,   77.8,    3.7,   13.7,    1.6,    1.8,    0.9,    0.0,   19.6,    0.2,    0.3,   94.2,   94.6,    5.8,    5.4,  100.0,    0.0,    0.0,    0.0,    0.0,    0.0,    0.0,    0.0,    0.0,    0.0,    0.0,    0.0,    0.0,    0.0,    0.0,    0.0,     37,     21,     11,.,.,.,.,.,      0,      4,.,.,     30,     22,     37,     21,     11,.,.,.,.,.,      0,      4,.,.,     30,     22,      0,      0,      0,      0,      0,      0,      0,      0,      0,      0,      0,      0,      0,      0,    53.7,    78.1,    74.4,    91.1,    47.8,    76.5,    63.3,    78.8,    53.7,    78.1,    74.4,    91.1,    47.8,    76.5,    63.3,    78.8,     0.0,     0.0,     0.0,     0.0,     0.0,     0.0,     0.0,     0.0,Megawatt Hours (MWh),064EUY,NODX,064 ,N16,FutOnly
PJM.PECO_month_off_dap - NODAL EXCHANGE,260901,2026-09-01,064EUZ,NODX,01,064 ,  106995,   70315,   83552,    4001,   13173,    1775,    1945,     640,     175,   21005,     211,     369,   99585,   99895,    7410,    7100,  106995,   70315,   83552,    4001,   13173,    1775,    1945,     640,     175,   21005,     211,     369,   99585,   99895,    7410,    7100,       0,       0,       0,       0,       0,       0,       0,       0,       0,       0,       0,       0,       0,       0,       0,       0,     485,     475,     175,       0,     210,       0,       0,       0,       0,     -90,       0,     150,     535,     535,     -50,     -50,  100.0,   65.7,   78.1,    3.7,   12.3,    1.7,    1.8,    0.6,    0.2,   19.6,    0.2,    0.3,   93.1,   93.4,    6.9,    6.6,  100.0,   65.7,   78.1,    3.7,   12.3,    1.7,    1.8,    0.6,    0.2,   19.6,    0.2,    0.3,   93.1,   93.4,    6.9,    6.6,  100.0,    0.0,    0.0,    0.0,    0.0,    0.0,    0.0,    0.0,    0.0,    0.0,    0.0,    0.0,    0.0,    0.0,    0.0,    0.0,     37,     21,     11,.,.,.,.,.,.,      4,.,.,     31,     22,     37,     21,     11,.,.,.,.,.,.,      4,.,.,     31,     22,      0,      0,      0,      0,      0,      0,      0,      0,      0,      0,      0,      0,      0,      0,    52.9,    77.3,    73.7,    90.0,    47.2,    75.2,    62.6,    77.5,    52.9,    77.3,    73.7,    90.0,    47.2,    75.2,    62.6,    77.5,     0.0,     0.0,     0.0,     0.0,     0.0,     0.0,     0.0,     0.0,Megawatt Hours (MWh),064EUZ,NODX,064 ,N16,FutOnly
PJM.PENELEC_month_on_dap - NODAL EXCHANGE,260901,2026-09-01,064EVA,NODX,01,064 ,   13604,    3010,   10203,    1550,    2440,      96,     415,       0,       0,    6824,       0,      60,   11955,   12799,    1649,     805,   13604,    3010,   10203,    1550,    2440,      96,     415,       0,       0,    6824,       0,      60,   11955,   12799,    1649,     805,       0,       0,       0,       0,       0,       0,       0,       0,       0,       0,       0,       0,       0,       0,       0,       0,.,.,.,.,.,.,.,.,.,.,.,.,.,.,.,.,  100.0,   22.1,   75.0,   11.4,   17.9,    0.7,    3.1,    0.0,    0.0,   50.2,    0.0,    0.4,   87.9,   94.1,   12.1,    5.9,  100.0,   22.1,   75.0,   11.4,   17.9,    0.7,    3.1,    0.0,    0.0,   50.2,    0.0,    0.4,   87.9,   94.1,   12.1,    5.9,  100.0,    0.0,    0.0,    0.0,    0.0,    0.0,    0.0,    0.0,    0.0,    0.0,    0.0,    0.0,    0.0,    0.0,    0.0,    0.0,     21,      7,      6,.,.,.,.,      0,      0,      4,      0,.,     15,      9,     21,      7,      6,.,.,.,.,      0,      0,      4,      0,.,     15,      9,      0,      0,      0,      0,      0,      0,      0,      0,      0,      0,      0,      0,      0,      0,    66.1,    89.3,    78.9,    94.0,    66.1,    89.3,    78.4,    92.9,    66.1,    89.3,    78.9,    94.0,    66.1,    89.3,    78.4,    92.9,     0.0,     0.0,     0.0,     0.0,     0.0,     0.0,     0.0,     0.0,Megawatt Hours (MWh),064EVA,NODX,064 ,N16,FutOnly
PJM.PENELEC_month_off_dap - NODAL EXCHANGE,260901,2026-09-01,064EVB,NODX,01,064 ,   13554,    2620,   10153,    1550,    2440,      96,     415,       0,       0,    6824,       0,      60,   11565,   12749,    1989,     805,   13554,    2620,   10153,    1550,    2440,      96,     415,       0,       0,    6824,       0,      60,   11565,   12749,    1989,     805,       0,       0,       0,       0,       0,       0,       0,       0,       0,       0,       0,       0,       0,       0,       0,       0,.,.,.,.,.,.,.,.,.,.,.,.,.,.,.,.,  100.0,   19.3,   74.9,   11.4,   18.0,    0.7,    3.1,    0.0,    0.0,   50.3,    0.0,    0.4,   85.3,   94.1,   14.7,    5.9,  100.0,   19.3,   74.9,   11.4,   18.0,    0.7,    3.1,    0.0,    0.0,   50.3,    0.0,    0.4,   85.3,   94.1,   14.7,    5.9,  100.0,    0.0,    0.0,    0.0,    0.0,    0.0,    0.0,    0.0,    0.0,    0.0,    0.0,    0.0,    0.0,    0.0,    0.0,    0.0,     20,      6,      6,.,.,.,.,      0,      0,      4,      0,.,     14,      9,     20,      6,      6,.,.,.,.,      0,      0,      4,      0,.,     14,      9,      0,      0,      0,      0,      0,      0,      0,      0,      0,      0,      0,      0,      0,      0,    66.3,    89.3,    78.9,    94.0,    66.3,    89.3,    78.4,    92.8,    66.3,    89.3,    78.9,    94.0,    66.3,    89.3,    78.4,    92.8,     0.0,     0.0,     0.0,     0.0,     0.0,     0.0,     0.0,     0.0,Megawatt Hours (MWh),064EVB,NODX,064 ,N16,FutOnly
PJM.PEPCO_month_on_dap - NODAL EXCHANGE,260901,2026-09-01,064EVG,NODX,01,064 ,   24267,   18454,   11140,    1277,    1455,    1310,     725,    2125,       0,     200,    6432,      30,   21996,   22492,    2271,    1775,   24267,   18454,   11140,    1277,    1455,    1310,     725,    2125,       0,     200,    6432,      30,   21996,   22492,    2271,    1775,       0,       0,       0,       0,       0,       0,       0,       0,       0,       0,       0,       0,       0,       0,       0,       0,     550,     295,     370,      60,     130,    -100,       0,       0,       0,      50,     -95,       0,     305,     305,     245,     245,  100.0,   76.0,   45.9,    5.3,    6.0,    5.4,    3.0,    8.8,    0.0,    0.8,   26.5,    0.1,   90.6,   92.7,    9.4,    7.3,  100.0,   76.0,   45.9,    5.3,    6.0,    5.4,    3.0,    8.8,    0.0,    0.8,   26.5,    0.1,   90.6,   92.7,    9.4,    7.3,  100.0,    0.0,    0.0,    0.0,    0.0,    0.0,    0.0,    0.0,    0.0,    0.0,    0.0,    0.0,    0.0,    0.0,    0.0,    0.0,     31,     18,      8,.,.,      5,.,.,      0,.,.,.,     26,     18,     31,     18,      8,.,.,      5,.,.,      0,.,.,.,     26,     18,      0,      0,      0,      0,      0,      0,      0,      0,      0,      0,      0,      0,      0,      0,    46.5,    70.5,    67.6,    82.1,    45.0,    66.4,    63.4,    76.3,    46.5,    70.5,    67.6,    82.1,    45.0,    66.4,    63.4,    76.3,     0.0,     0.0,     0.0,     0.0,     0.0,     0.0,     0.0,     0.0,Megawatt Hours (MWh),064EVG,NODX,064 ,N16,FutOnly
PJM.PEPCO_month_off_dap - NODAL EXCHANGE,260901,2026-09-01,064EVH,NODX,01,064 ,   24267,   18454,   11140,    1277,    1455,    1310,     725,    2125,       0,     200,    6432,      30,   21996,   22492,    2271,    1775,   24267,   18454,   11140,    1277,    1455,    1310,     725,    2125,       0,     200,    6432,      30,   21996,   22492,    2271,    1775,       0,       0,       0,       0,       0,       0,       0,       0,       0,       0,       0,       0,       0,       0,       0,       0,     550,     295,     370,      60,     130,    -100,       0,       0,       0,      50,     -95,       0,     305,     305,     245,     245,  100.0,   76.0,   45.9,    5.3,    6.0,    5.4,    3.0,    8.8,    0.0,    0.8,   26.5,    0.1,   90.6,   92.7,    9.4,    7.3,  100.0,   76.0,   45.9,    5.3,    6.0,    5.4,    3.0,    8.8,    0.0,    0.8,   26.5,    0.1,   90.6,   92.7,    9.4,    7.3,  100.0,    0.0,    0.0,    0.0,    0.0,    0.0,    0.0,    0.0,    0.0,    0.0,    0.0,    0.0,    0.0,    0.0,    0.0,    0.0,     31,     18,      8,.,.,      5,.,.,      0,.,.,.,     26,     18,     31,     18,      8,.,.,      5,.,.,      0,.,.,.,     26,     18,      0,      0,      0,      0,      0,      0,      0,      0,      0,      0,      0,      0,      0,      0,    46.5,    70.5,    67.6,    82.1,    45.0,    66.4,    63.4,    76.3,    46.5,    70.5,    67.6,    82.1,    45.0,    66.4,    63.4,    76.3,     0.0,     0.0,     0.0,     0.0,     0.0,     0.0,     0.0,     0.0,Megawatt Hours (MWh),064EVH,NODX,064 ,N16,FutOnly
PJM.PPL_month_on_dap - NODAL EXCHANGE,260901,2026-09-01,064EWU,NODX,01,064 ,   64115,   51597,   45538,    5660,   12187,    1515,    2185,       0,      90,     735,    2845,     385,   62167,   62560,    1948,    1555,   64115,   51597,   45538,    5660,   12187,    1515,    2185,       0,      90,     735,    2845,     385,   62167,   62560,    1948,    1555,       0,       0,       0,       0,       0,       0,       0,       0,       0,       0,       0,       0,       0,       0,       0,       0,     925,     475,    1050,      10,    -200,     -10,       0,       0,       0,     440,      75,      10,     925,     925,       0,       0,  100.0,   80.5,   71.0,    8.8,   19.0,    2.4,    3.4,    0.0,    0.1,    1.1,    4.4,    0.6,   97.0,   97.6,    3.0,    2.4,  100.0,   80.5,   71.0,    8.8,   19.0,    2.4,    3.4,    0.0,    0.1,    1.1,    4.4,    0.6,   97.0,   97.6,    3.0,    2.4,  100.0,    0.0,    0.0,    0.0,    0.0,    0.0,    0.0,    0.0,    0.0,    0.0,    0.0,    0.0,    0.0,    0.0,    0.0,    0.0,     40,     24,     12,.,      6,      4,.,      0,.,.,.,.,     35,     23,     40,     24,     12,.,      6,      4,.,      0,.,.,.,.,     35,     23,      0,      0,      0,      0,      0,      0,      0,      0,      0,      0,      0,      0,      0,      0,    62.9,    58.2,    75.5,    78.5,    62.1,    56.2,    73.6,    74.6,    62.9,    58.2,    75.5,    78.5,    62.1,    56.2,    73.6,    74.6,     0.0,     0.0,     0.0,     0.0,     0.0,     0.0,     0.0,     0.0,Megawatt Hours (MWh),064EWU,NODX,064 ,N16,FutOnly
PJM.PPL_month_off_dap - NODAL EXCHANGE,260901,2026-09-01,064EWV,NODX,01,064 ,   63973,   51455,   45879,    5835,   12089,    1355,    2185,       0,      90,     735,    2610,     430,   62085,   62453,    1888,    1520,   63973,   51455,   45879,    5835,   12089,    1355,    2185,       0,      90,     735,    2610,     430,   62085,   62453,    1888,    1520,       0,       0,       0,       0,       0,       0,       0,       0,       0,       0,       0,       0,       0,       0,       0,       0,     935,     475,    1050,      10,    -200,       0,       0,       0,       0,     440,      75,      10,     935,     935,       0,       0,  100.0,   80.4,   71.7,    9.1,   18.9,    2.1,    3.4,    0.0,    0.1,    1.1,    4.1,    0.7,   97.0,   97.6,    3.0,    2.4,  100.0,   80.4,   71.7,    9.1,   18.9,    2.1,    3.4,    0.0,    0.1,    1.1,    4.1,    0.7,   97.0,   97.6,    3.0,    2.4,  100.0,    0.0,    0.0,    0.0,    0.0,    0.0,    0.0,    0.0,    0.0,    0.0,    0.0,    0.0,    0.0,    0.0,    0.0,    0.0,     40,     23,     12,.,      6,      4,.,      0,.,.,.,.,     34,     23,     40,     23,     12,.,      6,      4,.,      0,.,.,.,.,     34,     23,      0,      0,      0,      0,      0,      0,      0,      0,      0,      0,      0,      0,      0,      0,    64.2,    59.3,    76.6,    78.9,    63.4,    58.2,    74.7,    75.8,    64.2,    59.3,    76.6,    78.9,    63.4,    58.2,    74.7,    75.8,     0.0,     0.0,     0.0,     0.0,     0.0,     0.0,     0.0,     0.0,Megawatt Hours (MWh),064EWV,NODX,064 ,N16,FutOnly
PJM PSEG DAP - NODAL EXCHANGE,260901,2026-09-01,064EXE,NODX,01,064 ,   90495,   53301,   50451,   11070,   12960,    1665,    3850,    1260,     300,    4180,    7760,    2490,   76856,   76886,   13639,   13609,   90495,   53301,   50451,   11070,   12960,    1665,    3850,    1260,     300,    4180,    7760,    2490,   76856,   76886,   13639,   13609,       0,       0,       0,       0,       0,       0,       0,       0,       0,       0,       0,       0,       0,       0,       0,       0,    -325,     -30,   -1285,    -200,       0,       0,       0,     260,       0,     100,     535,    -115,    -245,    -605,     -80,     280,  100.0,   58.9,   55.8,   12.2,   14.3,    1.8,    4.3,    1.4,    0.3,    4.6,    8.6,    2.8,   84.9,   85.0,   15.1,   15.0,  100.0,   58.9,   55.8,   12.2,   14.3,    1.8,    4.3,    1.4,    0.3,    4.6,    8.6,    2.8,   84.9,   85.0,   15.1,   15.0,  100.0,    0.0,    0.0,    0.0,    0.0,    0.0,    0.0,    0.0,    0.0,    0.0,    0.0,    0.0,    0.0,    0.0,    0.0,    0.0,     42,     25,     16,.,      5,      5,.,.,.,.,      4,.,     36,     29,     42,     25,     16,.,      5,      5,.,.,.,.,      4,.,     36,     29,      0,      0,      0,      0,      0,      0,      0,      0,      0,      0,      0,      0,      0,      0,    33.4,    48.5,    50.1,    66.0,    30.1,    36.5,    42.1,    51.0,    33.4,    48.5,    50.1,    66.0,    30.1,    36.5,    42.1,    51.0,     0.0,     0.0,     0.0,     0.0,     0.0,     0.0,     0.0,     0.0,Megawatt Hours (MWh),064EXE,NODX,064 ,N16,FutOnly
PJM.PSEG_month_off_dap - NODAL EXCHANGE,260901,2026-09-01,064EXF,NODX,01,064 ,   88106,   51553,   48913,   11070,   13310,    1295,    3390,       0,     485,    3760,    7835,    2560,   74113,   74398,   13993,   13708,   88106,   51553,   48913,   11070,   13310,    1295,    3390,       0,     485,    3760,    7835,    2560,   74113,   74398,   13993,   13708,       0,       0,       0,       0,       0,       0,       0,       0,       0,       0,       0,       0,       0,       0,       0,       0,    -575,    -460,   -1370,    -250,       0,       0,    -135,       0,      60,      75,     610,     -90,    -800,    -790,     225,     215,  100.0,   58.5,   55.5,   12.6,   15.1,    1.5,    3.8,    0.0,    0.6,    4.3,    8.9,    2.9,   84.1,   84.4,   15.9,   15.6,  100.0,   58.5,   55.5,   12.6,   15.1,    1.5,    3.8,    0.0,    0.6,    4.3,    8.9,    2.9,   84.1,   84.4,   15.9,   15.6,  100.0,    0.0,    0.0,    0.0,    0.0,    0.0,    0.0,    0.0,    0.0,    0.0,    0.0,    0.0,    0.0,    0.0,    0.0,    0.0,     41,     25,     16,.,      4,      4,.,      0,.,.,.,      4,     36,     28,     41,     25,     16,.,      4,      4,.,      0,.,.,.,      4,     36,     28,      0,      0,      0,      0,      0,      0,      0,      0,      0,      0,      0,      0,      0,      0,    34.3,    49.4,    49.6,    66.1,    30.3,    38.1,    41.5,    52.2,    34.3,    49.4,    49.6,    66.1,    30.3,    38.1,    41.5,    52.2,     0.0,     0.0,     0.0,     0.0,     0.0,     0.0,     0.0,     0.0,Megawatt Hours (MWh),064EXF,NODX,064 ,N16,FutOnly
PJM.WESTERN HUB DAP - NODAL EXCHANGE,260901,2026-09-01,064FHK,NODX,01,064 ,  257988,  171174,  127997,    6693,   29654,    4017,    9130,    1180,    2085,    1962,   30073,    2516,  197577,  197522,   60411,   60466,  257988,  171174,  127997,    6693,   29654,    4017,    9130,    1180,    2085,    1962,   30073,    2516,  197577,  197522,   60411,   60466,       0,       0,       0,       0,       0,       0,       0,       0,       0,       0,       0,       0,       0,       0,       0,       0,     955,     235,     -70,     -75,    -545,     100,      20,     -50,     165,    -175,     655,     480,     750,     735,     205,     220,  100.0,   66.3,   49.6,    2.6,   11.5,    1.6,    3.5,    0.5,    0.8,    0.8,   11.7,    1.0,   76.6,   76.6,   23.4,   23.4,  100.0,   66.3,   49.6,    2.6,   11.5,    1.6,    3.5,    0.5,    0.8,    0.8,   11.7,    1.0,   76.6,   76.6,   23.4,   23.4,  100.0,    0.0,    0.0,    0.0,    0.0,    0.0,    0.0,    0.0,    0.0,    0.0,    0.0,    0.0,    0.0,    0.0,    0.0,    0.0,     54,     26,     28,      4,      5,      8,.,.,.,.,      6,      6,     45,     47,     54,     26,     28,      4,      5,      8,.,.,.,.,      6,      6,     45,     47,      0,      0,      0,      0,      0,      0,      0,      0,      0,      0,      0,      0,      0,      0,    43.0,    30.6,    55.4,    49.5,    33.3,    25.0,    42.9,    37.7,    43.0,    30.6,    55.4,    49.5,    33.3,    25.0,    42.9,    37.7,     0.0,     0.0,     0.0,     0.0,     0.0,     0.0,     0.0,     0.0,Megawatt Hours (MWh),064FHK,NODX,064 ,N16,FutOnly
PJM.WESTERN HUB_month_off_dap - NODAL EXCHANGE,260901,2026-09-01,064FHL,NODX,01,064 ,  251961,  166968,  118152,    8581,   29173,    3958,    2810,    1875,    3600,    1787,   30721,    2811,  190515,  190290,   61446,   61671,  251961,  166968,  118152,    8581,   29173,    3958,    2810,    1875,    3600,    1787,   30721,    2811,  190515,  190290,   61446,   61671,       0,       0,       0,       0,       0,       0,       0,       0,       0,       0,       0,       0,       0,       0,       0,       0,    1262,     785,     410,    -175,    -595,      65,    -105,     -50,     165,    -175,     555,     492,    1052,    1042,     210,     220,  100.0,   66.3,   46.9,    3.4,   11.6,    1.6,    1.1,    0.7,    1.4,    0.7,   12.2,    1.1,   75.6,   75.5,   24.4,   24.5,  100.0,   66.3,   46.9,    3.4,   11.6,    1.6,    1.1,    0.7,    1.4,    0.7,   12.2,    1.1,   75.6,   75.5,   24.4,   24.5,  100.0,    0.0,    0.0,    0.0,    0.0,    0.0,    0.0,    0.0,    0.0,    0.0,    0.0,    0.0,    0.0,    0.0,    0.0,    0.0,     54,     27,     29,      5,      4,      8,.,.,.,.,      6,      7,     46,     49,     54,     27,     29,      5,      4,      8,.,.,.,.,      6,      7,     46,     49,      0,      0,      0,      0,      0,      0,      0,      0,      0,      0,      0,      0,      0,      0,    42.7,    29.6,    54.8,    47.9,    35.7,    23.4,    43.3,    37.1,    42.7,    29.6,    54.8,    47.9,    35.7,    23.4,    43.3,    37.1,     0.0,     0.0,     0.0,     0.0,     0.0,     0.0,     0.0,     0.0,Megawatt Hours (MWh),064FHL,NODX,064 ,N16,FutOnly
MISO.INDIANA.HUB_month_on_rtp - NODAL EXCHANGE,260901,2026-09-01,064FJY,NODX,01,064 ,   30110,   22054,   12580,     380,    6969,    3516,     625,       0,       0,      10,    3965,      30,   26615,   27060,    3495,    3050,   30110,   22054,   12580,     380,    6969,    3516,     625,       0,       0,      10,    3965,      30,   26615,   27060,    3495,    3050,       0,       0,       0,       0,       0,       0,       0,       0,       0,       0,       0,       0,       0,       0,       0,       0,     300,     300,     180,       0,       0,       0,       0,       0,       0,       0,     120,       0,     300,     300,       0,       0,  100.0,   73.2,   41.8,    1.3,   23.1,   11.7,    2.1,    0.0,    0.0,    0.0,   13.2,    0.1,   88.4,   89.9,   11.6,   10.1,  100.0,   73.2,   41.8,    1.3,   23.1,   11.7,    2.1,    0.0,    0.0,    0.0,   13.2,    0.1,   88.4,   89.9,   11.6,   10.1,  100.0,    0.0,    0.0,    0.0,    0.0,    0.0,    0.0,    0.0,    0.0,    0.0,    0.0,    0.0,    0.0,    0.0,    0.0,    0.0,     23,     12,     14,.,      4,      4,.,      0,      0,.,.,.,     19,     20,     23,     12,     14,.,      4,      4,.,      0,      0,.,.,.,     19,     20,      0,      0,      0,      0,      0,      0,      0,      0,      0,      0,      0,      0,      0,      0,    61.8,    63.1,    76.2,    76.5,    52.2,    50.3,    55.8,    55.1,    61.8,    63.1,    76.2,    76.5,    52.2,    50.3,    55.8,    55.1,     0.0,     0.0,     0.0,     0.0,     0.0,     0.0,     0.0,     0.0,Megawatt Hours (MWh),064FJY,NODX,064 ,N16,FutOnly
MISO.INDIANA.HUB_month_off_rtp - NODAL EXCHANGE,260901,2026-09-01,064FJZ,NODX,01,064 ,   29145,   22078,   12865,     505,    7190,    3250,    1015,       0,       0,       0,    3723,      87,   26935,   27115,    2210,    2030,   29145,   22078,   12865,     505,    7190,    3250,    1015,       0,       0,       0,    3723,      87,   26935,   27115,    2210,    2030,       0,       0,       0,       0,       0,       0,       0,       0,       0,       0,       0,       0,       0,       0,       0,       0,     320,     310,     180,       0,       0,       0,     -35,       0,       0,       0,      95,      45,     320,     320,       0,       0,  100.0,   75.8,   44.1,    1.7,   24.7,   11.2,    3.5,    0.0,    0.0,    0.0,   12.8,    0.3,   92.4,   93.0,    7.6,    7.0,  100.0,   75.8,   44.1,    1.7,   24.7,   11.2,    3.5,    0.0,    0.0,    0.0,   12.8,    0.3,   92.4,   93.0,    7.6,    7.0,  100.0,    0.0,    0.0,    0.0,    0.0,    0.0,    0.0,    0.0,    0.0,    0.0,    0.0,    0.0,    0.0,    0.0,    0.0,    0.0,     22,     11,     13,.,      4,      4,.,      0,      0,      0,.,.,     19,     19,     22,     11,     13,.,      4,      4,.,      0,      0,      0,.,.,     19,     19,      0,      0,      0,      0,      0,      0,      0,      0,      0,      0,      0,      0,      0,      0,    64.5,    64.7,    79.1,    79.3,    55.6,    53.3,    60.3,    58.8,    64.5,    64.7,    79.1,    79.3,    55.6,    53.3,    60.3,    58.8,     0.0,     0.0,     0.0,     0.0,     0.0,     0.0,     0.0,     0.0,Megawatt Hours (MWh),064FJZ,NODX,064 ,N16,FutOnly
PJM.AEP-DAYTON HUB_mo_on_rtp - NODAL EXCHANGE,260901,2026-09-01,064FKA,NODX,01,064 ,   74854,   43564,   49614,    5068,    1057,    4942,    1412,    6170,    1330,    7102,     555,    1670,   65088,   65338,    9766,    9516,   74854,   43564,   49614,    5068,    1057,    4942,    1412,    6170,    1330,    7102,     555,    1670,   65088,   65338,    9766,    9516,       0,       0,       0,       0,       0,       0,       0,       0,       0,       0,       0,       0,       0,       0,       0,       0,   -1923,   -1606,   -2063,     325,    -205,     -10,       0,     920,    -205,    -487,       0,     205,   -1778,   -1358,    -145,    -565,  100.0,   58.2,   66.3,    6.8,    1.4,    6.6,    1.9,    8.2,    1.8,    9.5,    0.7,    2.2,   87.0,   87.3,   13.0,   12.7,  100.0,   58.2,   66.3,    6.8,    1.4,    6.6,    1.9,    8.2,    1.8,    9.5,    0.7,    2.2,   87.0,   87.3,   13.0,   12.7,  100.0,    0.0,    0.0,    0.0,    0.0,    0.0,    0.0,    0.0,    0.0,    0.0,    0.0,    0.0,    0.0,    0.0,    0.0,    0.0,     43,     22,     22,      4,.,      7,.,.,.,      7,.,      4,     39,     39,     43,     22,     22,      4,.,      7,.,.,.,      7,.,      4,     39,     39,      0,      0,      0,      0,      0,      0,      0,      0,      0,      0,      0,      0,      0,      0,    35.3,    45.7,    53.7,    61.7,    26.3,    35.4,    38.4,    46.5,    35.3,    45.7,    53.7,    61.7,    26.3,    35.4,    38.4,    46.5,     0.0,     0.0,     0.0,     0.0,     0.0,     0.0,     0.0,     0.0,Megawatt Hours (MWh),064FKA,NODX,064 ,N16,FutOnly
PJM.AEP-DAYTON HUB_mo_off_rtp - NODAL EXCHANGE,260901,2026-09-01,064FKB,NODX,01,064 ,   75153,   48668,   48775,    4002,     269,    5398,       0,    7505,     415,    3779,     545,    2430,   64692,   65337,   10461,    9816,   75153,   48668,   48775,    4002,     269,    5398,       0,    7505,     415,    3779,     545,    2430,   64692,   65337,   10461,    9816,       0,       0,       0,       0,       0,       0,       0,       0,       0,       0,       0,       0,       0,       0,       0,       0,   -1479,   -1684,   -2154,     -10,    -380,     505,       0,     920,    -300,    -305,      45,      35,   -1759,   -1329,     280,    -150,  100.0,   64.8,   64.9,    5.3,    0.4,    7.2,    0.0,   10.0,    0.6,    5.0,    0.7,    3.2,   86.1,   86.9,   13.9,   13.1,  100.0,   64.8,   64.9,    5.3,    0.4,    7.2,    0.0,   10.0,    0.6,    5.0,    0.7,    3.2,   86.1,   86.9,   13.9,   13.1,  100.0,    0.0,    0.0,    0.0,    0.0,    0.0,    0.0,    0.0,    0.0,    0.0,    0.0,    0.0,    0.0,    0.0,    0.0,    0.0,     40,     19,     20,      5,.,      7,      0,      4,.,      5,.,.,     34,     35,     40,     19,     20,      5,.,      7,      0,      4,.,      5,.,.,     34,     35,      0,      0,      0,      0,      0,      0,      0,      0,      0,      0,      0,      0,      0,      0,    41.2,    43.8,    56.2,    59.3,    31.3,    34.0,    40.7,    44.5,    41.2,    43.8,    56.2,    59.3,    31.3,    34.0,    40.7,    44.5,     0.0,     0.0,     0.0,     0.0,     0.0,     0.0,     0.0,     0.0,Megawatt Hours (MWh),064FKB,NODX,064 ,N16,FutOnly
PJM.N ILLINOIS HUB_mo_on_rtp - NODAL EXCHANGE,260901,2026-09-01,064FKC,NODX,01,064 ,   69082,   52394,   53594,    7070,    6911,    2330,     845,       0,     455,     275,       0,      70,   63439,   63360,    5643,    5722,   69082,   52394,   53594,    7070,    6911,    2330,     845,       0,     455,     275,       0,      70,   63439,   63360,    5643,    5722,       0,       0,       0,       0,       0,       0,       0,       0,       0,       0,       0,       0,       0,       0,       0,       0,     239,     -61,    -361,     300,     600,       0,       0,       0,       0,       0,       0,       0,     239,     239,       0,       0,  100.0,   75.8,   77.6,   10.2,   10.0,    3.4,    1.2,    0.0,    0.7,    0.4,    0.0,    0.1,   91.8,   91.7,    8.2,    8.3,  100.0,   75.8,   77.6,   10.2,   10.0,    3.4,    1.2,    0.0,    0.7,    0.4,    0.0,    0.1,   91.8,   91.7,    8.2,    8.3,  100.0,    0.0,    0.0,    0.0,    0.0,    0.0,    0.0,    0.0,    0.0,    0.0,    0.0,    0.0,    0.0,    0.0,    0.0,    0.0,     29,     14,     12,.,      4,      4,.,      0,.,.,      0,.,     22,     21,     29,     14,     12,.,      4,      4,.,      0,.,.,      0,.,     22,     21,      0,      0,      0,      0,      0,      0,      0,      0,      0,      0,      0,      0,      0,      0,    56.0,    59.3,    77.0,    77.6,    38.1,    48.8,    53.5,    58.8,    56.0,    59.3,    77.0,    77.6,    38.1,    48.8,    53.5,    58.8,     0.0,     0.0,     0.0,     0.0,     0.0,     0.0,     0.0,     0.0,Megawatt Hours (MWh),064FKC,NODX,064 ,N16,FutOnly
PJM.N ILLINOIS HUB_mo_off_rtp - NODAL EXCHANGE,260901,2026-09-01,064FKD,NODX,01,064 ,   67455,   47379,   52248,    7670,    6261,    1700,    3164,       0,     440,     290,       0,      50,   60693,   60699,    6762,    6756,   67455,   47379,   52248,    7670,    6261,    1700,    3164,       0,     440,     290,       0,      50,   60693,   60699,    6762,    6756,       0,       0,       0,       0,       0,       0,       0,       0,       0,       0,       0,       0,       0,       0,       0,       0,     579,     279,    -111,     210,     600,      90,       0,       0,       0,       0,       0,       0,     579,     579,       0,       0,  100.0,   70.2,   77.5,   11.4,    9.3,    2.5,    4.7,    0.0,    0.7,    0.4,    0.0,    0.1,   90.0,   90.0,   10.0,   10.0,  100.0,   70.2,   77.5,   11.4,    9.3,    2.5,    4.7,    0.0,    0.7,    0.4,    0.0,    0.1,   90.0,   90.0,   10.0,   10.0,  100.0,    0.0,    0.0,    0.0,    0.0,    0.0,    0.0,    0.0,    0.0,    0.0,    0.0,    0.0,    0.0,    0.0,    0.0,    0.0,     27,     13,     14,.,      4,      4,.,      0,.,.,      0,.,     21,     24,     27,     13,     14,.,      4,      4,.,      0,.,.,      0,.,     21,     24,      0,      0,      0,      0,      0,      0,      0,      0,      0,      0,      0,      0,      0,      0,    56.1,    59.4,    72.6,    75.1,    31.1,    44.3,    44.5,    50.9,    56.1,    59.4,    72.6,    75.1,    31.1,    44.3,    44.5,    50.9,     0.0,     0.0,     0.0,     0.0,     0.0,     0.0,     0.0,     0.0,Megawatt Hours (MWh),064FKD,NODX,064 ,N16,FutOnly
PJM.WESTERN HUB_month_on_rtp - NODAL EXCHANGE,260901,2026-09-01,064FKE,NODX,01,064 ,  246707,  131667,  180746,   59456,    3804,   10016,    7345,    5670,    3005,    4128,   12167,    1803,  217420,  217211,   29287,   29496,  246707,  131667,  180746,   59456,    3804,   10016,    7345,    5670,    3005,    4128,   12167,    1803,  217420,  217211,   29287,   29496,       0,       0,       0,       0,       0,       0,       0,       0,       0,       0,       0,       0,       0,       0,       0,       0,    1852,    1114,    1526,     865,     250,     -12,    -480,       0,     450,      20,    -252,     -40,    1917,    1922,     -65,     -70,  100.0,   53.4,   73.3,   24.1,    1.5,    4.1,    3.0,    2.3,    1.2,    1.7,    4.9,    0.7,   88.1,   88.0,   11.9,   12.0,  100.0,   53.4,   73.3,   24.1,    1.5,    4.1,    3.0,    2.3,    1.2,    1.7,    4.9,    0.7,   88.1,   88.0,   11.9,   12.0,  100.0,    0.0,    0.0,    0.0,    0.0,    0.0,    0.0,    0.0,    0.0,    0.0,    0.0,    0.0,    0.0,    0.0,    0.0,    0.0,     52,     26,     27,      6,.,      7,.,.,.,      6,      4,      6,     46,     44,     52,     26,     27,      6,.,      7,.,.,.,      6,      4,      6,     46,     44,      0,      0,      0,      0,      0,      0,      0,      0,      0,      0,      0,      0,      0,      0,    35.2,    47.8,    57.8,    63.4,    32.1,    42.0,    50.5,    53.8,    35.2,    47.8,    57.8,    63.4,    32.1,    42.0,    50.5,    53.8,     0.0,     0.0,     0.0,     0.0,     0.0,     0.0,     0.0,     0.0,Megawatt Hours (MWh),064FKE,NODX,064 ,N16,FutOnly
PJM.WESTERN HUB_month_off_rtp - NODAL EXCHANGE,260901,2026-09-01,064FKF,NODX,01,064 ,  202328,  103935,  132023,   35326,    7235,    9489,    9335,    4240,    2890,    3781,    9050,    2924,  167680,  167851,   34648,   34477,  202328,  103935,  132023,   35326,    7235,    9489,    9335,    4240,    2890,    3781,    9050,    2924,  167680,  167851,   34648,   34477,       0,       0,       0,       0,       0,       0,       0,       0,       0,       0,       0,       0,       0,       0,       0,       0,     884,       6,     631,     555,     180,     -30,     -30,       0,     125,       0,    -280,     -51,     575,     575,     309,     309,  100.0,   51.4,   65.3,   17.5,    3.6,    4.7,    4.6,    2.1,    1.4,    1.9,    4.5,    1.4,   82.9,   83.0,   17.1,   17.0,  100.0,   51.4,   65.3,   17.5,    3.6,    4.7,    4.6,    2.1,    1.4,    1.9,    4.5,    1.4,   82.9,   83.0,   17.1,   17.0,  100.0,    0.0,    0.0,    0.0,    0.0,    0.0,    0.0,    0.0,    0.0,    0.0,    0.0,    0.0,    0.0,    0.0,    0.0,    0.0,     49,     26,     26,      5,.,      6,.,.,.,      4,      4,      4,     42,     42,     49,     26,     26,      5,.,      6,.,.,.,      4,      4,      4,     42,     42,      0,      0,      0,      0,      0,      0,      0,      0,      0,      0,      0,      0,      0,      0,    36.8,    45.5,    54.3,    58.1,    32.2,    41.1,    45.6,    50.0,    36.8,    45.5,    54.3,    58.1,    32.2,    41.1,    45.6,    50.0,     0.0,     0.0,     0.0,     0.0,     0.0,     0.0,     0.0,     0.0,Megawatt Hours (MWh),064FKF,NODX,064 ,N16,FutOnly
ERCOT.HB_NORTH_month_on_rtp - NODAL EXCHANGE,260901,2026-09-01,064FOK,NODX,01,064 ,   82910,   66154,   51250,    3786,   18600,    1130,       0,     900,       0,    1875,    1075,      25,   72970,   72980,    9940,    9930,   82910,   66154,   51250,    3786,   18600,    1130,       0,     900,       0,    1875,    1075,      25,   72970,   72980,    9940,    9930,       0,       0,       0,       0,       0,       0,       0,       0,       0,       0,       0,       0,       0,       0,       0,       0,       0,       0,       0,       0,       0,       0,       0,       0,       0,       0,       0,       0,       0,       0,       0,       0,  100.0,   79.8,   61.8,    4.6,   22.4,    1.4,    0.0,    1.1,    0.0,    2.3,    1.3,    0.0,   88.0,   88.0,   12.0,   12.0,  100.0,   79.8,   61.8,    4.6,   22.4,    1.4,    0.0,    1.1,    0.0,    2.3,    1.3,    0.0,   88.0,   88.0,   12.0,   12.0,  100.0,    0.0,    0.0,    0.0,    0.0,    0.0,    0.0,    0.0,    0.0,    0.0,    0.0,    0.0,    0.0,    0.0,    0.0,    0.0,     27,     15,     16,.,      4,.,      0,.,      0,.,.,.,     20,     24,     27,     15,     16,.,      4,.,      0,.,      0,.,.,.,     20,     24,      0,      0,      0,      0,      0,      0,      0,      0,      0,      0,      0,      0,      0,      0,    64.9,    46.7,    77.8,    67.9,    59.8,    44.0,    68.8,    60.3,    64.9,    46.7,    77.8,    67.9,    59.8,    44.0,    68.8,    60.3,     0.0,     0.0,     0.0,     0.0,     0.0,     0.0,     0.0,     0.0,Megawatt Hours (MWh),064FOK,NODX,064 ,N16,FutOnly
ERCOT.HB_NORTH_month_off_rtp - NODAL EXCHANGE,260901,2026-09-01,064FOL,NODX,01,064 ,   80055,   66684,   52685,    3411,   16250,    1430,       0,       0,       0,       0,    1075,       0,   71525,   71440,    8530,    8615,   80055,   66684,   52685,    3411,   16250,    1430,       0,       0,       0,       0,    1075,       0,   71525,   71440,    8530,    8615,       0,       0,       0,       0,       0,       0,       0,       0,       0,       0,       0,       0,       0,       0,       0,       0,       0,       0,       0,       0,       0,       0,       0,       0,       0,       0,       0,       0,       0,       0,       0,       0,  100.0,   83.3,   65.8,    4.3,   20.3,    1.8,    0.0,    0.0,    0.0,    0.0,    1.3,    0.0,   89.3,   89.2,   10.7,   10.8,  100.0,   83.3,   65.8,    4.3,   20.3,    1.8,    0.0,    0.0,    0.0,    0.0,    1.3,    0.0,   89.3,   89.2,   10.7,   10.8,  100.0,    0.0,    0.0,    0.0,    0.0,    0.0,    0.0,    0.0,    0.0,    0.0,    0.0,    0.0,    0.0,    0.0,    0.0,    0.0,     24,     13,     16,.,      4,      4,      0,      0,      0,      0,.,      0,     18,     22,     24,     13,     16,.,      4,      4,      0,      0,      0,      0,.,      0,     18,     22,      0,      0,      0,      0,      0,      0,      0,      0,      0,      0,      0,      0,      0,      0,    69.4,    48.6,    83.9,    69.7,    62.5,    45.9,    71.7,    63.2,    69.4,    48.6,    83.9,    69.7,    62.5,    45.9,    71.7,    63.2,     0.0,     0.0,     0.0,     0.0,     0.0,     0.0,     0.0,     0.0,Megawatt Hours (MWh),064FOL,NODX,064 ,N16,FutOnly
PJM.ATSI_month_on_dap - NODAL EXCHANGE,260901,2026-09-01,064FZA,NODX,01,064 ,   32086,   19053,   19845,    1333,    6900,    1382,       0,     100,       0,    7690,    1360,     270,   29728,   29857,    2358,    2229,   32086,   19053,   19845,    1333,    6900,    1382,       0,     100,       0,    7690,    1360,     270,   29728,   29857,    2358,    2229,       0,       0,       0,       0,       0,       0,       0,       0,       0,       0,       0,       0,       0,       0,       0,       0,      50,       0,      95,       0,     -45,       0,       0,       0,       0,      50,       0,       0,      50,      50,       0,       0,  100.0,   59.4,   61.8,    4.2,   21.5,    4.3,    0.0,    0.3,    0.0,   24.0,    4.2,    0.8,   92.7,   93.1,    7.3,    6.9,  100.0,   59.4,   61.8,    4.2,   21.5,    4.3,    0.0,    0.3,    0.0,   24.0,    4.2,    0.8,   92.7,   93.1,    7.3,    6.9,  100.0,    0.0,    0.0,    0.0,    0.0,    0.0,    0.0,    0.0,    0.0,    0.0,    0.0,    0.0,    0.0,    0.0,    0.0,    0.0,     21,      9,      5,.,.,.,      0,.,      0,.,.,.,     16,     12,     21,      9,      5,.,.,.,      0,.,      0,.,.,.,     16,     12,      0,      0,      0,      0,      0,      0,      0,      0,      0,      0,      0,      0,      0,      0,    69.3,    78.0,    86.1,    89.8,    65.1,    77.5,    79.4,    83.9,    69.3,    78.0,    86.1,    89.8,    65.1,    77.5,    79.4,    83.9,     0.0,     0.0,     0.0,     0.0,     0.0,     0.0,     0.0,     0.0,Megawatt Hours (MWh),064FZA,NODX,064 ,N16,FutOnly
PJM.ATSI_month_off_dap - NODAL EXCHANGE,260901,2026-09-01,064FZB,NODX,01,064 ,   32076,   19043,   19845,    1333,    6900,    1382,       0,     100,       0,    7690,    1360,     270,   29718,   29857,    2358,    2219,   32076,   19043,   19845,    1333,    6900,    1382,       0,     100,       0,    7690,    1360,     270,   29718,   29857,    2358,    2219,       0,       0,       0,       0,       0,       0,       0,       0,       0,       0,       0,       0,       0,       0,       0,       0,      50,       0,      95,       0,     -45,       0,       0,       0,       0,      50,       0,       0,      50,      50,       0,       0,  100.0,   59.4,   61.9,    4.2,   21.5,    4.3,    0.0,    0.3,    0.0,   24.0,    4.2,    0.8,   92.6,   93.1,    7.4,    6.9,  100.0,   59.4,   61.9,    4.2,   21.5,    4.3,    0.0,    0.3,    0.0,   24.0,    4.2,    0.8,   92.6,   93.1,    7.4,    6.9,  100.0,    0.0,    0.0,    0.0,    0.0,    0.0,    0.0,    0.0,    0.0,    0.0,    0.0,    0.0,    0.0,    0.0,    0.0,    0.0,     21,      9,      5,.,.,.,      0,.,      0,.,.,.,     16,     12,     21,      9,      5,.,.,.,      0,.,      0,.,.,.,     16,     12,      0,      0,      0,      0,      0,      0,      0,      0,      0,      0,      0,      0,      0,      0,    69.3,    78.0,    86.1,    89.8,    65.1,    77.6,    79.4,    83.9,    69.3,    78.0,    86.1,    89.8,    65.1,    77.6,    79.4,    83.9,     0.0,     0.0,     0.0,     0.0,     0.0,     0.0,     0.0,     0.0,Megawatt Hours (MWh),064FZB,NODX,064 ,N16,FutOnly
ERCOT.HB_NORTH_month_7x8_rtp - NODAL EXCHANGE,260901,2026-09-01,064GBD,NODX,01,064 ,   38805,   23265,   30545,    2975,    1675,     975,       0,    1400,    2350,    7200,       0,       0,   36765,   36945,    2040,    1860,   38805,   23265,   30545,    2975,    1675,     975,       0,    1400,    2350,    7200,       0,       0,   36765,   36945,    2040,    1860,       0,       0,       0,       0,       0,       0,       0,       0,       0,       0,       0,       0,       0,       0,       0,       0,       0,       0,       0,       0,       0,       0,       0,       0,       0,       0,       0,       0,       0,       0,       0,       0,  100.0,   60.0,   78.7,    7.7,    4.3,    2.5,    0.0,    3.6,    6.1,   18.6,    0.0,    0.0,   94.7,   95.2,    5.3,    4.8,  100.0,   60.0,   78.7,    7.7,    4.3,    2.5,    0.0,    3.6,    6.1,   18.6,    0.0,    0.0,   94.7,   95.2,    5.3,    4.8,  100.0,    0.0,    0.0,    0.0,    0.0,    0.0,    0.0,    0.0,    0.0,    0.0,    0.0,    0.0,    0.0,    0.0,    0.0,    0.0,     21,     14,     11,.,.,.,      0,.,.,.,      0,      0,     19,     15,     21,     14,     11,.,.,.,      0,.,.,.,      0,      0,     19,     15,      0,      0,      0,      0,      0,      0,      0,      0,      0,      0,      0,      0,      0,      0,    55.4,    61.6,    76.1,    84.9,    47.4,    46.9,    55.8,    58.7,    55.4,    61.6,    76.1,    84.9,    47.4,    46.9,    55.8,    58.7,     0.0,     0.0,     0.0,     0.0,     0.0,     0.0,     0.0,     0.0,Megawatt Hours (MWh),064GBD,NODX,064 ,N16,FutOnly
ERCOT North 345KV Hub RT 7x16 - ICE FUTURES ENERGY DIV,260901,2026-09-01,064IBM,IFED,01,064 ,   17279,   13234,   11263,    1574,    1285,    1436,       0,    1980,       0,     375,     675,     400,   17019,   17039,     260,     240,   17279,   13234,   11263,    1574,    1285,    1436,       0,    1980,       0,     375,     675,     400,   17019,   17039,     260,     240,       0,       0,       0,       0,       0,       0,       0,       0,       0,       0,       0,       0,       0,       0,       0,       0,       0,       0,       0,       0,       0,       0,       0,       0,       0,       0,       0,       0,       0,       0,       0,       0,  100.0,   76.6,   65.2,    9.1,    7.4,    8.3,    0.0,   11.5,    0.0,    2.2,    3.9,    2.3,   98.5,   98.6,    1.5,    1.4,  100.0,   76.6,   65.2,    9.1,    7.4,    8.3,    0.0,   11.5,    0.0,    2.2,    3.9,    2.3,   98.5,   98.6,    1.5,    1.4,  100.0,    0.0,    0.0,    0.0,    0.0,    0.0,    0.0,    0.0,    0.0,    0.0,    0.0,    0.0,    0.0,    0.0,    0.0,    0.0,     29,     15,     13,.,.,      4,      0,.,      0,.,.,      4,     24,     24,     29,     15,     13,.,.,      4,      0,.,      0,.,.,      4,     24,     24,      0,      0,      0,      0,      0,      0,      0,      0,      0,      0,      0,      0,      0,      0,    43.9,    49.8,    69.4,    71.4,    24.7,    31.5,    34.9,    40.5,    43.9,    49.8,    69.4,    71.4,    24.7,    31.5,    34.9,    40.5,     0.0,     0.0,     0.0,     0.0,     0.0,     0.0,     0.0,     0.0,(1MW for about 352 Hours),064IBM,IFED,064 ,N16,FutOnly
PROPANE ARGUS CIF ARA MINI - ICE FUTURES ENERGY DIV,260901,2026-09-01,066391,IFED,01,066 ,    7010,    4491,    1715,    1159,     391,     262,       0,       0,       0,     210,    3883,      91,    6213,    6342,     797,     668,    7010,    4491,    1715,    1159,     391,     262,       0,       0,       0,     210,    3883,      91,    6213,    6342,     797,     668,       0,       0,       0,       0,       0,       0,       0,       0,       0,       0,       0,       0,       0,       0,       0,       0,     116,       4,      52,     -23,     -43,      18,       0,       0,       0,     -50,     172,     -61,    -112,     138,     228,     -22,  100.0,   64.1,   24.5,   16.5,    5.6,    3.7,    0.0,    0.0,    0.0,    3.0,   55.4,    1.3,   88.6,   90.5,   11.4,    9.5,  100.0,   64.1,   24.5,   16.5,    5.6,    3.7,    0.0,    0.0,    0.0,    3.0,   55.4,    1.3,   88.6,   90.5,   11.4,    9.5,  100.0,    0.0,    0.0,    0.0,    0.0,    0.0,    0.0,    0.0,    0.0,    0.0,    0.0,    0.0,    0.0,    0.0,    0.0,    0.0,     33,     15,     13,      4,.,.,      0,      0,      0,.,      6,      4,     24,     23,     33,     15,     13,      4,.,.,      0,      0,      0,.,      6,      4,     24,     23,      0,      0,      0,      0,      0,      0,      0,      0,      0,      0,      0,      0,      0,      0,    36.7,    58.6,    59.4,    78.4,    36.5,    58.4,    59.2,    74.9,    36.7,    58.6,    59.4,    78.4,    36.5,    58.4,    59.2,    74.9,     0.0,     0.0,     0.0,     0.0,     0.0,     0.0,     0.0,     0.0,100 metric tonnes,066391,IFED,066 ,N13,FutOnly
PROPANE ARGUS FAR EAST MINI - ICE FUTURES ENERGY DIV,260901,2026-09-01,066393,IFED,01,066 ,   10095,    4879,    2507,     378,    2440,     120,       0,       0,       0,    1970,    2958,     617,    7964,    8642,    2131,    1453,   10095,    4879,    2507,     378,    2440,     120,       0,       0,       0,    1970,    2958,     617,    7964,    8642,    2131,    1453,       0,       0,       0,       0,       0,       0,       0,       0,       0,       0,       0,       0,       0,       0,       0,       0,     809,     571,     210,     -70,      20,     -10,       0,       0,       0,     120,     230,     -61,     550,     389,     259,     420,  100.0,   48.3,   24.8,    3.7,   24.2,    1.2,    0.0,    0.0,    0.0,   19.5,   29.3,    6.1,   78.9,   85.6,   21.1,   14.4,  100.0,   48.3,   24.8,    3.7,   24.2,    1.2,    0.0,    0.0,    0.0,   19.5,   29.3,    6.1,   78.9,   85.6,   21.1,   14.4,  100.0,    0.0,    0.0,    0.0,    0.0,    0.0,    0.0,    0.0,    0.0,    0.0,    0.0,    0.0,    0.0,    0.0,    0.0,    0.0,     64,     32,     27,.,.,.,      0,      0,      0,     11,      9,     13,     54,     47,     64,     32,     27,.,.,.,      0,      0,      0,     11,      9,     13,     54,     47,      0,      0,      0,      0,      0,      0,      0,      0,      0,      0,      0,      0,      0,      0,    16.5,    51.0,    28.5,    61.2,    14.2,    49.0,    25.0,    56.0,    16.5,    51.0,    28.5,    61.2,    14.2,    49.0,    25.0,    56.0,     0.0,     0.0,     0.0,     0.0,     0.0,     0.0,     0.0,     0.0,100  metric tonnes,066393,IFED,066 ,N13,FutOnly
PROPANE ARGUS SAUDI CP MINI - ICE FUTURES ENERGY DIV,260901,2026-09-01,06639H,IFED,01,066 ,    3003,     953,     629,     501,     152,     143,       0,       0,       0,     225,    1077,     171,    1993,    2172,    1010,     831,    3003,     953,     629,     501,     152,     143,       0,       0,       0,     225,    1077,     171,    1993,    2172,    1010,     831,       0,       0,       0,       0,       0,       0,       0,       0,       0,       0,       0,       0,       0,       0,       0,       0,     170,     120,     132,    -120,       0,      11,       0,       0,       0,     -20,    -116,       7,      -2,      34,     172,     136,  100.0,   31.7,   20.9,   16.7,    5.1,    4.8,    0.0,    0.0,    0.0,    7.5,   35.9,    5.7,   66.4,   72.3,   33.6,   27.7,  100.0,   31.7,   20.9,   16.7,    5.1,    4.8,    0.0,    0.0,    0.0,    7.5,   35.9,    5.7,   66.4,   72.3,   33.6,   27.7,  100.0,    0.0,    0.0,    0.0,    0.0,    0.0,    0.0,    0.0,    0.0,    0.0,    0.0,    0.0,    0.0,    0.0,    0.0,    0.0,     24,      8,      8,.,.,.,      0,      0,      0,.,      5,      4,     18,     16,     24,      8,      8,.,.,.,      0,      0,      0,.,      5,      4,     18,     16,      0,      0,      0,      0,      0,      0,      0,      0,      0,      0,      0,      0,      0,      0,    37.6,    42.6,    51.1,    60.7,    35.6,    36.2,    45.9,    49.7,    37.6,    42.6,    51.1,    60.7,    35.6,    36.2,    45.9,    49.7,     0.0,     0.0,     0.0,     0.0,     0.0,     0.0,     0.0,     0.0,100 Metric  Tonnes,06639H,IFED,066 ,N13,FutOnly
"PROPANE,OPIS MT B TET/AFEI - ICE FUTURES ENERGY DIV",260901,2026-09-01,06639W,IFED,01,066 ,    4547,    2253,     289,     445,    1396,       5,       0,       8,      89,     430,    1526,     389,    3611,    3702,     936,     845,    4547,    2253,     289,     445,    1396,       5,       0,       8,      89,     430,    1526,     389,    3611,    3702,     936,     845,       0,       0,       0,       0,       0,       0,       0,       0,       0,       0,       0,       0,       0,       0,       0,       0,     254,     145,      81,      37,      44,       0,       0,       0,       2,      -9,      64,       3,     178,     194,      76,      60,  100.0,   49.5,    6.4,    9.8,   30.7,    0.1,    0.0,    0.2,    2.0,    9.5,   33.6,    8.6,   79.4,   81.4,   20.6,   18.6,  100.0,   49.5,    6.4,    9.8,   30.7,    0.1,    0.0,    0.2,    2.0,    9.5,   33.6,    8.6,   79.4,   81.4,   20.6,   18.6,  100.0,    0.0,    0.0,    0.0,    0.0,    0.0,    0.0,    0.0,    0.0,    0.0,    0.0,    0.0,    0.0,    0.0,    0.0,    0.0,     23,     10,      9,.,.,.,      0,.,.,      4,      4,      6,     21,     18,     23,     10,      9,.,.,.,      0,.,.,      4,      4,      6,     21,     18,      0,      0,      0,      0,      0,      0,      0,      0,      0,      0,      0,      0,      0,      0,    46.9,    66.4,    62.9,    77.1,    45.9,    63.7,    59.0,    68.2,    46.9,    66.4,    62.9,    77.1,    45.9,    63.7,    59.0,    68.2,     0.0,     0.0,     0.0,     0.0,     0.0,     0.0,     0.0,     0.0,1000 Metric Tonnes,06639W,IFED,066 ,N13,FutOnly
ARGUS CIF ARA Lg Finl Propane - ICE FUTURES ENERGY DIV,260901,2026-09-01,066411,IFED,01,066 ,    4211,    1461,    2345,     347,     102,     468,       0,       0,       0,     812,     119,     448,    3536,    3482,     675,     729,    4211,    1461,    2345,     347,     102,     468,       0,       0,       0,     812,     119,     448,    3536,    3482,     675,     729,       0,       0,       0,       0,       0,       0,       0,       0,       0,       0,       0,       0,       0,       0,       0,       0,     211,      38,     120,      24,      -2,      38,       0,       0,       0,      46,      -6,      -2,     144,     148,      67,      63,  100.0,   34.7,   55.7,    8.2,    2.4,   11.1,    0.0,    0.0,    0.0,   19.3,    2.8,   10.6,   84.0,   82.7,   16.0,   17.3,  100.0,   34.7,   55.7,    8.2,    2.4,   11.1,    0.0,    0.0,    0.0,   19.3,    2.8,   10.6,   84.0,   82.7,   16.0,   17.3,  100.0,    0.0,    0.0,    0.0,    0.0,    0.0,    0.0,    0.0,    0.0,    0.0,    0.0,    0.0,    0.0,    0.0,    0.0,    0.0,     24,     10,     14,.,.,.,      0,      0,      0,.,.,      6,     19,     23,     24,     10,     14,.,.,.,      0,      0,      0,.,.,      6,     19,     23,      0,      0,      0,      0,      0,      0,      0,      0,      0,      0,      0,      0,      0,      0,    41.1,    38.9,    64.8,    56.5,    32.3,    26.6,    38.6,    34.4,    41.1,    38.9,    64.8,    56.5,    32.3,    26.6,    38.6,    34.4,     0.0,     0.0,     0.0,     0.0,     0.0,     0.0,     0.0,     0.0,1000 metric tonnes,066411,IFED,066 ,N13,FutOnly
ARGUS FAR EAST PROPANE - ICE FUTURES ENERGY DIV,260901,2026-09-01,066413,IFED,01,066 ,   16452,    9322,   10606,     706,     908,     685,     104,       0,       0,    1414,    1242,    2093,   14324,   15534,    2128,     918,   16452,    9322,   10606,     706,     908,     685,     104,       0,       0,    1414,    1242,    2093,   14324,   15534,    2128,     918,       0,       0,       0,       0,       0,       0,       0,       0,       0,       0,       0,       0,       0,       0,       0,       0,     723,     138,     384,      -1,      62,     -46,       0,       0,       0,    -129,     138,     237,     199,     775,     524,     -52,  100.0,   56.7,   64.5,    4.3,    5.5,    4.2,    0.6,    0.0,    0.0,    8.6,    7.5,   12.7,   87.1,   94.4,   12.9,    5.6,  100.0,   56.7,   64.5,    4.3,    5.5,    4.2,    0.6,    0.0,    0.0,    8.6,    7.5,   12.7,   87.1,   94.4,   12.9,    5.6,  100.0,    0.0,    0.0,    0.0,    0.0,    0.0,    0.0,    0.0,    0.0,    0.0,    0.0,    0.0,    0.0,    0.0,    0.0,    0.0,     71,     41,     41,.,.,      6,.,      0,      0,      7,     11,     18,     66,     66,     71,     41,     41,.,.,      6,.,      0,      0,      7,     11,     18,     66,     66,      0,      0,      0,      0,      0,      0,      0,      0,      0,      0,      0,      0,      0,      0,    33.4,    29.5,    45.9,    44.1,    28.7,    28.3,    38.7,    41.1,    33.4,    29.5,    45.9,    44.1,    28.7,    28.3,    38.7,    41.1,     0.0,     0.0,     0.0,     0.0,     0.0,     0.0,     0.0,     0.0,1000  metric tonnes,066413,IFED,066 ,N13,FutOnly
"ETHANE, MT. BELV-ENTERPRISE - ICE FUTURES ENERGY DIV",260901,2026-09-01,066416,IFED,01,066 ,   93721,   59508,   60080,    2915,    9352,    7658,    2330,     170,      91,    8469,    4036,   12012,   92983,   93399,     738,     322,   93721,   59508,   60080,    2915,    9352,    7658,    2330,     170,      91,    8469,    4036,   12012,   92983,   93399,     738,     322,       0,       0,       0,       0,       0,       0,       0,       0,       0,       0,       0,       0,       0,       0,       0,       0,    2543,    1364,    2335,      65,     -15,     526,     -75,      65,     -65,     155,    -698,     283,    2253,    2431,     290,     112,  100.0,   63.5,   64.1,    3.1,   10.0,    8.2,    2.5,    0.2,    0.1,    9.0,    4.3,   12.8,   99.2,   99.7,    0.8,    0.3,  100.0,   63.5,   64.1,    3.1,   10.0,    8.2,    2.5,    0.2,    0.1,    9.0,    4.3,   12.8,   99.2,   99.7,    0.8,    0.3,  100.0,    0.0,    0.0,    0.0,    0.0,    0.0,    0.0,    0.0,    0.0,    0.0,    0.0,    0.0,    0.0,    0.0,    0.0,    0.0,     54,     26,     29,      4,      4,      7,.,.,.,      6,      5,      9,     47,     48,     54,     26,     29,      4,      4,      7,.,.,.,      6,      5,      9,     47,     48,      0,      0,      0,      0,      0,      0,      0,      0,      0,      0,      0,      0,      0,      0,    39.9,    37.2,    57.5,    57.6,    22.8,    24.4,    32.0,    36.0,    39.9,    37.2,    57.5,    57.6,    22.8,    24.4,    32.0,    36.0,     0.0,     0.0,     0.0,     0.0,     0.0,     0.0,     0.0,     0.0,42000 gallons(1000 barrels),066416,IFED,066 ,N13,FutOnly
ISOBUTANE OPIS MT BELV NONTET - ICE FUTURES ENERGY DIV,260901,2026-09-01,066418,IFED,01,066 ,    9519,    4201,    2142,    3623,    4614,     752,       0,       0,       0,     451,    1444,       4,    9031,    8956,     488,     563,    9519,    4201,    2142,    3623,    4614,     752,       0,       0,       0,     451,    1444,       4,    9031,    8956,     488,     563,       0,       0,       0,       0,       0,       0,       0,       0,       0,       0,       0,       0,       0,       0,       0,       0,     203,     176,     145,     -53,       0,      43,       0,       0,       0,       0,     233,       4,     170,     425,      33,    -222,  100.0,   44.1,   22.5,   38.1,   48.5,    7.9,    0.0,    0.0,    0.0,    4.7,   15.2,    0.0,   94.9,   94.1,    5.1,    5.9,  100.0,   44.1,   22.5,   38.1,   48.5,    7.9,    0.0,    0.0,    0.0,    4.7,   15.2,    0.0,   94.9,   94.1,    5.1,    5.9,  100.0,    0.0,    0.0,    0.0,    0.0,    0.0,    0.0,    0.0,    0.0,    0.0,    0.0,    0.0,    0.0,    0.0,    0.0,    0.0,     32,     14,      8,      4,      5,.,      0,      0,      0,.,.,.,     21,     17,     32,     14,      8,      4,      5,.,      0,      0,      0,.,.,.,     21,     17,      0,      0,      0,      0,      0,      0,      0,      0,      0,      0,      0,      0,      0,      0,    49.8,    55.1,    71.1,    81.9,    41.8,    55.1,    61.6,    76.7,    49.8,    55.1,    71.1,    81.9,    41.8,    55.1,    61.6,    76.7,     0.0,     0.0,     0.0,     0.0,     0.0,     0.0,     0.0,     0.0,42000 gallons(1000 barrels),066418,IFED,066 ,N13,FutOnly
NAT GASLNE OPIS MT B NONTET FP - ICE FUTURES ENERGY DIV,260901,2026-09-01,06641A,IFED,01,066 ,   17751,   15989,   10600,     463,    1976,     319,       0,       0,       0,     185,    3036,     684,   17640,   16615,     111,    1136,   17751,   15989,   10600,     463,    1976,     319,       0,       0,       0,     185,    3036,     684,   17640,   16615,     111,    1136,       0,       0,       0,       0,       0,       0,       0,       0,       0,       0,       0,       0,       0,       0,       0,       0,     631,     564,     276,       0,      45,     -25,       0,       0,       0,     -13,     292,     114,     640,     702,      -9,     -71,  100.0,   90.1,   59.7,    2.6,   11.1,    1.8,    0.0,    0.0,    0.0,    1.0,   17.1,    3.9,   99.4,   93.6,    0.6,    6.4,  100.0,   90.1,   59.7,    2.6,   11.1,    1.8,    0.0,    0.0,    0.0,    1.0,   17.1,    3.9,   99.4,   93.6,    0.6,    6.4,  100.0,    0.0,    0.0,    0.0,    0.0,    0.0,    0.0,    0.0,    0.0,    0.0,    0.0,    0.0,    0.0,    0.0,    0.0,    0.0,     34,     20,     19,.,      5,      5,      0,      0,      0,.,.,.,     29,     29,     34,     20,     19,.,      5,      5,      0,      0,      0,.,.,.,     29,     29,      0,      0,      0,      0,      0,      0,      0,      0,      0,      0,      0,      0,      0,      0,    64.3,    57.8,    81.1,    72.2,    51.6,    42.1,    60.6,    53.8,    64.3,    57.8,    81.1,    72.2,    51.6,    42.1,    60.6,    53.8,     0.0,     0.0,     0.0,     0.0,     0.0,     0.0,     0.0,     0.0,42000 gallons(1000 barrels),06641A,IFED,066 ,N13,FutOnly
BUTANE OPIS MT BELV NONTET FP  - ICE FUTURES ENERGY DIV,260901,2026-09-01,06641D,IFED,01,066 ,   66809,   40500,   37368,    2108,   10420,    6008,    2950,       0,     423,    6898,    4964,    7081,   65968,   66264,     841,     545,   66809,   40500,   37368,    2108,   10420,    6008,    2950,       0,     423,    6898,    4964,    7081,   65968,   66264,     841,     545,       0,       0,       0,       0,       0,       0,       0,       0,       0,       0,       0,       0,       0,       0,       0,       0,     775,     310,    1266,     132,    -175,    -216,     255,       0,       0,     201,     241,    -386,     296,     730,     479,      45,  100.0,   60.6,   55.9,    3.2,   15.6,    9.0,    4.4,    0.0,    0.6,   10.3,    7.4,   10.6,   98.7,   99.2,    1.3,    0.8,  100.0,   60.6,   55.9,    3.2,   15.6,    9.0,    4.4,    0.0,    0.6,   10.3,    7.4,   10.6,   98.7,   99.2,    1.3,    0.8,  100.0,    0.0,    0.0,    0.0,    0.0,    0.0,    0.0,    0.0,    0.0,    0.0,    0.0,    0.0,    0.0,    0.0,    0.0,    0.0,     96,     56,     47,.,      9,      9,.,      0,.,     15,      5,     17,     85,     80,     96,     56,     47,.,      9,      9,.,      0,.,     15,      5,     17,     85,     80,      0,      0,      0,      0,      0,      0,      0,      0,      0,      0,      0,      0,      0,      0,    27.6,    29.8,    43.8,    44.8,    20.6,    20.5,    32.8,    32.7,    27.6,    29.8,    43.8,    44.8,    20.6,    20.5,    32.8,    32.7,     0.0,     0.0,     0.0,     0.0,     0.0,     0.0,     0.0,     0.0,42000 gallons(1000 barrels),06641D,IFED,066 ,N13,FutOnly
PROPANE OPIS CONWAY INWELL FP - ICE FUTURES ENERGY DIV,260901,2026-09-01,06641E,IFED,01,066 ,   12677,    6797,    8698,    1568,     981,     714,       0,       0,       0,    2065,     748,    1218,   12362,   12359,     315,     318,   12677,    6797,    8698,    1568,     981,     714,       0,       0,       0,    2065,     748,    1218,   12362,   12359,     315,     318,       0,       0,       0,       0,       0,       0,       0,       0,       0,       0,       0,       0,       0,       0,       0,       0,     212,      95,     215,     -20,     -55,     102,       0,       0,       0,      15,      -7,      46,     238,     301,     -26,     -89,  100.0,   53.6,   68.6,   12.4,    7.7,    5.6,    0.0,    0.0,    0.0,   16.3,    5.9,    9.6,   97.5,   97.5,    2.5,    2.5,  100.0,   53.6,   68.6,   12.4,    7.7,    5.6,    0.0,    0.0,    0.0,   16.3,    5.9,    9.6,   97.5,   97.5,    2.5,    2.5,  100.0,    0.0,    0.0,    0.0,    0.0,    0.0,    0.0,    0.0,    0.0,    0.0,    0.0,    0.0,    0.0,    0.0,    0.0,    0.0,     36,     18,     17,      4,      5,      8,      0,      0,      0,.,      5,      6,     33,     33,     36,     18,     17,      4,      5,      8,      0,      0,      0,.,      5,      6,     33,     33,      0,      0,      0,      0,      0,      0,      0,      0,      0,      0,      0,      0,      0,      0,    55.3,    50.7,    69.0,    74.8,    48.9,    42.6,    58.8,    56.8,    55.3,    50.7,    69.0,    74.8,    48.9,    42.6,    58.8,    56.8,     0.0,     0.0,     0.0,     0.0,     0.0,     0.0,     0.0,     0.0,42000 gallons(1000 barrels),06641E,IFED,066 ,N13,FutOnly
PROPANE OPIS MT BELV NONTET FP - ICE FUTURES ENERGY DIV,260901,2026-09-01,06641F,IFED,01,066 ,  110147,   68941,   59924,   11487,   33099,     979,       0,       0,       0,   18809,    6650,    8799,  109015,  109451,    1132,     696,  110147,   68941,   59924,   11487,   33099,     979,       0,       0,       0,   18809,    6650,    8799,  109015,  109451,    1132,     696,       0,       0,       0,       0,       0,       0,       0,       0,       0,       0,       0,       0,       0,       0,       0,       0,    2781,    1554,    2037,       0,     150,      40,       0,       0,       0,     584,     810,    -164,    2014,    2873,     767,     -92,  100.0,   62.6,   54.4,   10.4,   30.0,    0.9,    0.0,    0.0,    0.0,   17.1,    6.0,    8.0,   99.0,   99.4,    1.0,    0.6,  100.0,   62.6,   54.4,   10.4,   30.0,    0.9,    0.0,    0.0,    0.0,   17.1,    6.0,    8.0,   99.0,   99.4,    1.0,    0.6,  100.0,    0.0,    0.0,    0.0,    0.0,    0.0,    0.0,    0.0,    0.0,    0.0,    0.0,    0.0,    0.0,    0.0,    0.0,    0.0,     81,     34,     32,      5,     12,      6,      0,      0,      0,      8,      8,      6,     55,     56,     81,     34,     32,      5,     12,      6,      0,      0,      0,      8,      8,      6,     55,     56,      0,      0,      0,      0,      0,      0,      0,      0,      0,      0,      0,      0,      0,      0,    53.8,    31.3,    72.1,    55.6,    47.6,    27.6,    62.6,    49.7,    53.8,    31.3,    72.1,    55.6,    47.6,    27.6,    62.6,    49.7,     0.0,     0.0,     0.0,     0.0,     0.0,     0.0,     0.0,     0.0,42000 gallons(1000 barrels),06641F,IFED,066 ,N13,FutOnly
PROPANE OPIS MT BELVIEU TET FP - ICE FUTURES ENERGY DIV,260901,2026-09-01,06641G,IFED,01,066 ,  181950,   95382,  103028,   23213,   13369,   10920,       0,    6772,     227,   30264,   26336,   20624,  180630,  181276,    1320,     674,  181950,   95382,  103028,   23213,   13369,   10920,       0,    6772,     227,   30264,   26336,   20624,  180630,  181276,    1320,     674,       0,       0,       0,       0,       0,       0,       0,       0,       0,       0,       0,       0,       0,       0,       0,       0,    7698,    1824,    3425,    2016,      -6,      24,       0,     392,     -82,     918,    1437,    2306,    7006,    7496,     692,     202,  100.0,   52.4,   56.6,   12.8,    7.3,    6.0,    0.0,    3.7,    0.1,   16.6,   14.5,   11.3,   99.3,   99.6,    0.7,    0.4,  100.0,   52.4,   56.6,   12.8,    7.3,    6.0,    0.0,    3.7,    0.1,   16.6,   14.5,   11.3,   99.3,   99.6,    0.7,    0.4,  100.0,    0.0,    0.0,    0.0,    0.0,    0.0,    0.0,    0.0,    0.0,    0.0,    0.0,    0.0,    0.0,    0.0,    0.0,    0.0,    139,     64,     73,      8,     11,     16,      0,      5,.,     12,     20,     23,    110,    126,    139,     64,     73,      8,     11,     16,      0,      5,.,     12,     20,     23,    110,    126,      0,      0,      0,      0,      0,      0,      0,      0,      0,      0,      0,      0,      0,      0,    29.5,    31.2,    45.6,    44.1,    29.4,    23.4,    42.1,    35.2,    29.5,    31.2,    45.6,    44.1,    29.4,    23.4,    42.1,    35.2,     0.0,     0.0,     0.0,     0.0,     0.0,     0.0,     0.0,     0.0,42000 gallons(1000 barrels),06641G,IFED,066 ,N13,FutOnly
PROPANE ARGUS SAUDI CP FP - ICE FUTURES ENERGY DIV,260901,2026-09-01,06641H,IFED,01,066 ,    3845,    1167,    2709,     132,       0,      35,      40,       0,       0,     489,     222,     165,    2028,    3131,    1817,     714,    3845,    1167,    2709,     132,       0,      35,      40,       0,       0,     489,     222,     165,    2028,    3131,    1817,     714,       0,       0,       0,       0,       0,       0,       0,       0,       0,       0,       0,       0,       0,       0,       0,       0,     211,    -208,     -30,      25,     -20,     -67,      40,       0,       0,     -76,      20,      -6,    -292,    -103,     503,     314,  100.0,   30.4,   70.5,    3.4,    0.0,    0.9,    1.0,    0.0,    0.0,   12.7,    5.8,    4.3,   52.7,   81.4,   47.3,   18.6,  100.0,   30.4,   70.5,    3.4,    0.0,    0.9,    1.0,    0.0,    0.0,   12.7,    5.8,    4.3,   52.7,   81.4,   47.3,   18.6,  100.0,    0.0,    0.0,    0.0,    0.0,    0.0,    0.0,    0.0,    0.0,    0.0,    0.0,    0.0,    0.0,    0.0,    0.0,    0.0,     26,     12,     14,.,      0,.,.,      0,      0,.,.,.,     18,     18,     26,     12,     14,.,      0,.,.,      0,      0,.,.,.,     18,     18,      0,      0,      0,      0,      0,      0,      0,      0,      0,      0,      0,      0,      0,      0,    27.0,    43.2,    42.7,    63.7,    25.9,    43.2,    38.6,    62.1,    27.0,    43.2,    42.7,    63.7,    25.9,    43.2,    38.6,    62.1,     0.0,     0.0,     0.0,     0.0,     0.0,     0.0,     0.0,     0.0,1000 Metric  Tonnes,06641H,IFED,066 ,N13,FutOnly
ARGUS PROPANE FAR EAST INDEX - NEW YORK MERCANTILE EXCHANGE,260901,2026-09-01,06665B,NYME,01,066 ,    4823,    2192,    3698,     422,     114,     264,      36,       0,       0,     935,      61,     152,    4001,    4289,     822,     534,    4823,    2192,    3698,     422,     114,     264,      36,       0,       0,     935,      61,     152,    4001,    4289,     822,     534,       0,       0,       0,       0,       0,       0,       0,       0,       0,       0,       0,       0,       0,       0,       0,       0,      86,      23,     123,     -11,      20,       9,       2,       0,       0,      21,      12,      -9,      35,     155,      51,     -69,  100.0,   45.4,   76.7,    8.7,    2.4,    5.5,    0.7,    0.0,    0.0,   19.4,    1.3,    3.2,   83.0,   88.9,   17.0,   11.1,  100.0,   45.4,   76.7,    8.7,    2.4,    5.5,    0.7,    0.0,    0.0,   19.4,    1.3,    3.2,   83.0,   88.9,   17.0,   11.1,  100.0,    0.0,    0.0,    0.0,    0.0,    0.0,    0.0,    0.0,    0.0,    0.0,    0.0,    0.0,    0.0,    0.0,    0.0,    0.0,     26,     15,     13,.,.,.,.,      0,      0,.,.,.,     23,     20,     26,     15,     13,.,.,.,.,      0,      0,.,.,.,     23,     20,      0,      0,      0,      0,      0,      0,      0,      0,      0,      0,      0,      0,      0,      0,    48.2,    64.7,    61.6,    76.8,    44.8,    61.5,    55.4,    67.3,    48.2,    64.7,    61.6,    76.8,    44.8,    61.5,    55.4,    67.3,     0.0,     0.0,     0.0,     0.0,     0.0,     0.0,     0.0,     0.0,"(CONTRACTS OF 1,000 METRIC TONS)",06665B,NYME,066 ,N13,FutOnly
PROPANE NON-LDH MT BEL - NEW YORK MERCANTILE EXCHANGE,260901,2026-09-01,06665G,NYME,01,066 ,   31590,   23570,   17961,    1869,    9539,    1160,       0,       0,       0,    2648,     331,    1846,   31093,   30837,     497,     753,   31590,   23570,   17961,    1869,    9539,    1160,       0,       0,       0,    2648,     331,    1846,   31093,   30837,     497,     753,       0,       0,       0,       0,       0,       0,       0,       0,       0,       0,       0,       0,       0,       0,       0,       0,    2147,    2149,    1881,    -235,     130,       0,       0,       0,       0,     110,     -87,     143,    2167,    2067,     -20,      80,  100.0,   74.6,   56.9,    5.9,   30.2,    3.7,    0.0,    0.0,    0.0,    8.4,    1.0,    5.8,   98.4,   97.6,    1.6,    2.4,  100.0,   74.6,   56.9,    5.9,   30.2,    3.7,    0.0,    0.0,    0.0,    8.4,    1.0,    5.8,   98.4,   97.6,    1.6,    2.4,  100.0,    0.0,    0.0,    0.0,    0.0,    0.0,    0.0,    0.0,    0.0,    0.0,    0.0,    0.0,    0.0,    0.0,    0.0,    0.0,     59,     30,     27,      4,      6,      4,      0,      0,      0,      4,      4,.,     43,     39,     59,     30,     27,      4,      6,      4,      0,      0,      0,      4,      4,.,     43,     39,      0,      0,      0,      0,      0,      0,      0,      0,      0,      0,      0,      0,      0,      0,    32.6,    39.3,    51.0,    57.2,    31.6,    37.2,    44.9,    51.9,    32.6,    39.3,    51.0,    57.2,    31.6,    37.2,    44.9,    51.9,     0.0,     0.0,     0.0,     0.0,     0.0,     0.0,     0.0,     0.0,"(CONTRACTS OF 42,000 GALLONS)",06665G,NYME,066 ,N13,FutOnly
PROPANE - NEW YORK MERCANTILE EXCHANGE,260901,2026-09-01,06665O,NYME,01,066 ,  116159,   79711,   71917,    8648,    8704,    9272,    1162,    1389,    1361,    2820,   10432,   12289,  115263,  115364,     896,     795,  116159,   79711,   71917,    8648,    8704,    9272,    1162,    1389,    1361,    2820,   10432,   12289,  115263,  115364,     896,     795,       0,       0,       0,       0,       0,       0,       0,       0,       0,       0,       0,       0,       0,       0,       0,       0,    4452,    3128,    2388,    -840,      65,     689,    -108,     125,      45,     106,    -220,    1343,    4363,    4435,      89,      17,  100.0,   68.6,   61.9,    7.4,    7.5,    8.0,    1.0,    1.2,    1.2,    2.4,    9.0,   10.6,   99.2,   99.3,    0.8,    0.7,  100.0,   68.6,   61.9,    7.4,    7.5,    8.0,    1.0,    1.2,    1.2,    2.4,    9.0,   10.6,   99.2,   99.3,    0.8,    0.7,  100.0,    0.0,    0.0,    0.0,    0.0,    0.0,    0.0,    0.0,    0.0,    0.0,    0.0,    0.0,    0.0,    0.0,    0.0,    0.0,    133,     63,     62,     12,      7,     15,      6,     10,      5,      6,     16,     16,    109,    110,    133,     63,     62,     12,      7,     15,      6,     10,      5,      6,     16,     16,    109,    110,      0,      0,      0,      0,      0,      0,      0,      0,      0,      0,      0,      0,      0,      0,    35.4,    23.3,    52.0,    40.8,    30.2,    21.3,    34.3,    31.6,    35.4,    23.3,    52.0,    40.8,    30.2,    21.3,    34.3,    31.6,     0.0,     0.0,     0.0,     0.0,     0.0,     0.0,     0.0,     0.0,"(CONTRACTS OF 42,000 GALLONS)",06665O,NYME,066 ,N13,FutOnly
MT BELVIEU ETHANE OPIS - NEW YORK MERCANTILE EXCHANGE,260901,2026-09-01,06665P,NYME,01,066 ,   49425,   42657,   28779,     206,   15345,    3068,    1797,     340,     130,     555,     315,     755,   49168,   48732,     257,     693,   49425,   42657,   28779,     206,   15345,    3068,    1797,     340,     130,     555,     315,     755,   49168,   48732,     257,     693,       0,       0,       0,       0,       0,       0,       0,       0,       0,       0,       0,       0,       0,       0,       0,       0,    4498,    4613,    4263,       0,     320,    -190,     -75,       0,       0,      10,     -15,     120,    4478,    4498,      20,       0,  100.0,   86.3,   58.2,    0.4,   31.0,    6.2,    3.6,    0.7,    0.3,    1.1,    0.6,    1.5,   99.5,   98.6,    0.5,    1.4,  100.0,   86.3,   58.2,    0.4,   31.0,    6.2,    3.6,    0.7,    0.3,    1.1,    0.6,    1.5,   99.5,   98.6,    0.5,    1.4,  100.0,    0.0,    0.0,    0.0,    0.0,    0.0,    0.0,    0.0,    0.0,    0.0,    0.0,    0.0,    0.0,    0.0,    0.0,    0.0,     50,     21,     24,.,      7,      7,      7,.,.,.,.,      6,     41,     42,     50,     21,     24,.,      7,      7,      7,.,.,.,.,      6,     41,     42,      0,      0,      0,      0,      0,      0,      0,      0,      0,      0,      0,      0,      0,      0,    60.2,    36.4,    76.3,    56.8,    41.7,    29.0,    47.4,    38.3,    60.2,    36.4,    76.3,    56.8,    41.7,    29.0,    47.4,    38.3,     0.0,     0.0,     0.0,     0.0,     0.0,     0.0,     0.0,     0.0,"(CONTRACTS OF 42,000 GALLONS)",06665P,NYME,066 ,N13,FutOnly
MT BELV NORM BUTANE OPIS - NEW YORK MERCANTILE EXCHANGE,260901,2026-09-01,06665Q,NYME,01,066 ,   50461,   36778,   31495,    2091,    7471,    3575,    1903,     180,     175,    1876,    3141,    3309,   49707,   49346,     754,    1115,   50461,   36778,   31495,    2091,    7471,    3575,    1903,     180,     175,    1876,    3141,    3309,   49707,   49346,     754,    1115,       0,       0,       0,       0,       0,       0,       0,       0,       0,       0,       0,       0,       0,       0,       0,       0,     500,     975,     569,    -189,     419,    -241,      -5,       0,       0,     167,     -55,    -212,     495,     480,       5,      20,  100.0,   72.9,   62.4,    4.1,   14.8,    7.1,    3.8,    0.4,    0.3,    3.7,    6.2,    6.6,   98.5,   97.8,    1.5,    2.2,  100.0,   72.9,   62.4,    4.1,   14.8,    7.1,    3.8,    0.4,    0.3,    3.7,    6.2,    6.6,   98.5,   97.8,    1.5,    2.2,  100.0,    0.0,    0.0,    0.0,    0.0,    0.0,    0.0,    0.0,    0.0,    0.0,    0.0,    0.0,    0.0,    0.0,    0.0,    0.0,    109,     54,     49,.,     10,     10,     10,.,.,      8,     10,     17,     94,     83,    109,     54,     49,.,     10,     10,     10,.,.,      8,     10,     17,     94,     83,      0,      0,      0,      0,      0,      0,      0,      0,      0,      0,      0,      0,      0,      0,    26.0,    21.1,    41.2,    36.1,    19.3,    18.0,    30.2,    30.4,    26.0,    21.1,    41.2,    36.1,    19.3,    18.0,    30.2,    30.4,     0.0,     0.0,     0.0,     0.0,     0.0,     0.0,     0.0,     0.0,"(CONTRACTS OF 42,000 GALLONS)",06665Q,NYME,066 ,N13,FutOnly
MT BELV NAT GASOLINE OPIS - NEW YORK MERCANTILE EXCHANGE,260901,2026-09-01,06665R,NYME,01,066 ,   51644,   48839,   32813,       0,   15804,      32,      35,       0,       0,    2333,    1571,     111,   51350,   50331,     294,    1313,   51644,   48839,   32813,       0,   15804,      32,      35,       0,       0,    2333,    1571,     111,   51350,   50331,     294,    1313,       0,       0,       0,       0,       0,       0,       0,       0,       0,       0,       0,       0,       0,       0,       0,       0,     357,     309,     253,       0,     -61,      32,      -5,       0,       0,      77,     182,      29,     442,     435,     -85,     -78,  100.0,   94.6,   63.5,    0.0,   30.6,    0.1,    0.1,    0.0,    0.0,    4.5,    3.0,    0.2,   99.4,   97.5,    0.6,    2.5,  100.0,   94.6,   63.5,    0.0,   30.6,    0.1,    0.1,    0.0,    0.0,    4.5,    3.0,    0.2,   99.4,   97.5,    0.6,    2.5,  100.0,    0.0,    0.0,    0.0,    0.0,    0.0,    0.0,    0.0,    0.0,    0.0,    0.0,    0.0,    0.0,    0.0,    0.0,    0.0,     50,     28,     27,      0,      7,.,.,      0,      0,      4,.,.,     36,     37,     50,     28,     27,      0,      7,.,.,      0,      0,      4,.,.,     36,     37,      0,      0,      0,      0,      0,      0,      0,      0,      0,      0,      0,      0,      0,      0,    82.9,    43.4,    90.6,    66.5,    80.5,    42.3,    85.9,    64.6,    82.9,    43.4,    90.6,    66.5,    80.5,    42.3,    85.9,    64.6,     0.0,     0.0,     0.0,     0.0,     0.0,     0.0,     0.0,     0.0,"(CONTRACTS OF 42,000 GALLONS)",06665R,NYME,066 ,N13,FutOnly
CONWAY PROPANE (OPIS) - NEW YORK MERCANTILE EXCHANGE,260901,2026-09-01,06665T,NYME,01,066 ,   22144,   15977,   13598,    2493,    4820,     713,       0,     380,       0,     599,     960,    1408,   21190,   21879,     954,     265,   22144,   15977,   13598,    2493,    4820,     713,       0,     380,       0,     599,     960,    1408,   21190,   21879,     954,     265,       0,       0,       0,       0,       0,       0,       0,       0,       0,       0,       0,       0,       0,       0,       0,       0,     534,     543,     268,      42,     142,      86,       0,      25,       0,     -72,     167,    -104,     495,     584,      39,     -50,  100.0,   72.2,   61.4,   11.3,   21.8,    3.2,    0.0,    1.7,    0.0,    2.7,    4.3,    6.4,   95.7,   98.8,    4.3,    1.2,  100.0,   72.2,   61.4,   11.3,   21.8,    3.2,    0.0,    1.7,    0.0,    2.7,    4.3,    6.4,   95.7,   98.8,    4.3,    1.2,  100.0,    0.0,    0.0,    0.0,    0.0,    0.0,    0.0,    0.0,    0.0,    0.0,    0.0,    0.0,    0.0,    0.0,    0.0,    0.0,     57,     25,     26,      7,      5,      6,      0,.,      0,      5,      4,      7,     44,     44,     57,     25,     26,      7,      5,      6,      0,.,      0,      5,      4,      7,     44,     44,      0,      0,      0,      0,      0,      0,      0,      0,      0,      0,      0,      0,      0,      0,    47.7,    41.0,    62.2,    66.7,    44.2,    34.4,    55.6,    53.7,    47.7,    41.0,    62.2,    66.7,    44.2,    34.4,    55.6,    53.7,     0.0,     0.0,     0.0,     0.0,     0.0,     0.0,     0.0,     0.0,"(CONTRACTS OF 42,000 GALLONS)",06665T,NYME,066 ,N13,FutOnly
CRUDE DIFF-WCS HOUSTON/WTI 1ST - ICE FUTURES ENERGY DIV,260901,2026-09-01,06739C,IFED,01,067 ,   61433,   44404,   58963,    4310,       0,       0,   11979,    1705,     720,       0,       0,       0,   61413,   61388,      20,      45,   61433,   44404,   58963,    4310,       0,       0,   11979,    1705,     720,       0,       0,       0,   61413,   61388,      20,      45,       0,       0,       0,       0,       0,       0,       0,       0,       0,       0,       0,       0,       0,       0,       0,       0,   -5039,   -2759,   -5709,     290,    -225,       0,   -2510,    1045,       0,     -30,    -150,     -30,   -5039,   -5069,       0,      30,  100.0,   72.3,   96.0,    7.0,    0.0,    0.0,   19.5,    2.8,    1.2,    0.0,    0.0,    0.0,  100.0,   99.9,    0.0,    0.1,  100.0,   72.3,   96.0,    7.0,    0.0,    0.0,   19.5,    2.8,    1.2,    0.0,    0.0,    0.0,  100.0,   99.9,    0.0,    0.1,  100.0,    0.0,    0.0,    0.0,    0.0,    0.0,    0.0,    0.0,    0.0,    0.0,    0.0,    0.0,    0.0,    0.0,    0.0,    0.0,     37,     26,     19,.,      0,      0,.,.,.,      0,      0,      0,     31,     22,     37,     26,     19,.,      0,      0,.,.,.,      0,      0,      0,     31,     22,      0,      0,      0,      0,      0,      0,      0,      0,      0,      0,      0,      0,      0,      0,    50.2,    69.9,    70.6,    89.4,    40.1,    59.1,    56.1,    70.1,    50.2,    69.9,    70.6,    89.4,    40.1,    59.1,    56.1,    70.1,     0.0,     0.0,     0.0,     0.0,     0.0,     0.0,     0.0,     0.0,(1000 Barrels),06739C,IFED,067 ,N10,FutOnly
"CRUDE OIL, LIGHT SWEET-WTI - ICE FUTURES EUROPE",260901,2026-09-01,067411,ICEU,01,067 ,  767357,  413369,  319322,    8813,   82795,   61610,   13651,   24398,   30620,   54287,   68191,  168675,  751025,  755611,   16332,   11746,  767357,  413369,  319322,    8813,   82795,   61610,   13651,   24398,   30620,   54287,   68191,  168675,  751025,  755611,   16332,   11746,       0,       0,       0,       0,       0,       0,       0,       0,       0,       0,       0,       0,       0,       0,       0,       0,  -10817,    -503,   -5768,     810,   -1650,    3894,    -573,    -185,     319,   -1626,    7495,  -14713,  -12392,  -10608,    1575,    -209,  100.0,   53.9,   41.6,    1.1,   10.8,    8.0,    1.8,    3.2,    4.0,    7.1,    8.9,   22.0,   97.9,   98.5,    2.1,    1.5,  100.0,   53.9,   41.6,    1.1,   10.8,    8.0,    1.8,    3.2,    4.0,    7.1,    8.9,   22.0,   97.9,   98.5,    2.1,    1.5,  100.0,    0.0,    0.0,    0.0,    0.0,    0.0,    0.0,    0.0,    0.0,    0.0,    0.0,    0.0,    0.0,    0.0,    0.0,    0.0,    113,     39,     39,      4,     11,     13,      4,     10,     10,     13,     23,     32,     98,    102,    113,     39,     39,      4,     11,     13,      4,     10,     10,     13,     23,     32,     98,    102,      0,      0,      0,      0,      0,      0,      0,      0,      0,      0,      0,      0,      0,      0,    34.8,    32.4,    52.2,    45.8,    27.4,    19.8,    36.7,    27.1,    34.8,    32.4,    52.2,    45.8,    27.4,    19.8,    36.7,    27.1,     0.0,     0.0,     0.0,     0.0,     0.0,     0.0,     0.0,     0.0,"(CONTRACTS OF 1,000 BARRELS)",067411,ICEU,067 ,N10,FutOnly
CRUDE DIFF-TMX WCS 1A INDEX - ICE FUTURES ENERGY DIV,260901,2026-09-01,06742G,IFED,01,067 ,   68581,   67191,   29484,     185,   17762,     120,       0,   20615,     395,     485,      80,      80,   68456,   68536,     125,      45,   68581,   67191,   29484,     185,   17762,     120,       0,   20615,     395,     485,      80,      80,   68456,   68536,     125,      45,       0,       0,       0,       0,       0,       0,       0,       0,       0,       0,       0,       0,       0,       0,       0,       0,    4468,    4108,    2188,       0,     285,       0,       0,    1920,     200,     215,     -50,     -85,    4438,    4458,      30,      10,  100.0,   98.0,   43.0,    0.3,   25.9,    0.2,    0.0,   30.1,    0.6,    0.7,    0.1,    0.1,   99.8,   99.9,    0.2,    0.1,  100.0,   98.0,   43.0,    0.3,   25.9,    0.2,    0.0,   30.1,    0.6,    0.7,    0.1,    0.1,   99.8,   99.9,    0.2,    0.1,  100.0,    0.0,    0.0,    0.0,    0.0,    0.0,    0.0,    0.0,    0.0,    0.0,    0.0,    0.0,    0.0,    0.0,    0.0,    0.0,     42,     21,     17,.,      8,.,      0,.,.,.,.,.,     26,     31,     42,     21,     17,.,      8,.,      0,.,.,.,.,.,     26,     31,      0,      0,      0,      0,      0,      0,      0,      0,      0,      0,      0,      0,      0,      0,    65.5,    55.5,    87.9,    72.6,    57.4,    54.5,    76.6,    69.2,    65.5,    55.5,    87.9,    72.6,    57.4,    54.5,    76.6,    69.2,     0.0,     0.0,     0.0,     0.0,     0.0,     0.0,     0.0,     0.0,1000 BARRELS,06742G,IFED,067 ,N10,FutOnly
CRUDE DIFF-TMX SW 1A INDEX - ICE FUTURES ENERGY DIV,260901,2026-09-01,06742T,IFED,01,067 ,   11520,   11010,    3273,       0,    5712,       0,     450,    1695,      60,       0,     780,       0,   11520,   11520,       0,       0,   11520,   11010,    3273,       0,    5712,       0,     450,    1695,      60,       0,     780,       0,   11520,   11520,       0,       0,       0,       0,       0,       0,       0,       0,       0,       0,       0,       0,       0,       0,       0,       0,       0,       0,     967,     847,     627,       0,     100,       0,     120,     270,       0,       0,     -30,       0,     967,     967,       0,       0,  100.0,   95.6,   28.4,    0.0,   49.6,    0.0,    3.9,   14.7,    0.5,    0.0,    6.8,    0.0,  100.0,  100.0,    0.0,    0.0,  100.0,   95.6,   28.4,    0.0,   49.6,    0.0,    3.9,   14.7,    0.5,    0.0,    6.8,    0.0,  100.0,  100.0,    0.0,    0.0,  100.0,    0.0,    0.0,    0.0,    0.0,    0.0,    0.0,    0.0,    0.0,    0.0,    0.0,    0.0,    0.0,    0.0,    0.0,    0.0,     27,     11,     11,      0,      6,      0,.,.,.,      0,.,      0,     12,     22,     27,     11,     11,      0,      6,      0,.,.,.,      0,.,      0,     12,     22,      0,      0,      0,      0,      0,      0,      0,      0,      0,      0,      0,      0,      0,      0,    79.6,    58.1,    95.4,    75.3,    72.1,    58.1,    84.5,    70.0,    79.6,    58.1,    95.4,    75.3,    72.1,    58.1,    84.5,    70.0,     0.0,     0.0,     0.0,     0.0,     0.0,     0.0,     0.0,     0.0,1000 BARRELS,06742T,IFED,067 ,N10,FutOnly
CONDENSATE DIF-TMX C5 1A INDEX - ICE FUTURES ENERGY DIV,260901,2026-09-01,06743A,IFED,01,067 ,   14675,   13290,   14440,    1275,      90,       0,       0,       0,       0,       0,       0,       0,   14565,   14530,     110,     145,   14675,   13290,   14440,    1275,      90,       0,       0,       0,       0,       0,       0,       0,   14565,   14530,     110,     145,       0,       0,       0,       0,       0,       0,       0,       0,       0,       0,       0,       0,       0,       0,       0,       0,    1085,    1050,    1030,       0,       0,       0,       0,       0,       0,       0,       0,       0,    1050,    1030,      35,      55,  100.0,   90.6,   98.4,    8.7,    0.6,    0.0,    0.0,    0.0,    0.0,    0.0,    0.0,    0.0,   99.3,   99.0,    0.7,    1.0,  100.0,   90.6,   98.4,    8.7,    0.6,    0.0,    0.0,    0.0,    0.0,    0.0,    0.0,    0.0,   99.3,   99.0,    0.7,    1.0,  100.0,    0.0,    0.0,    0.0,    0.0,    0.0,    0.0,    0.0,    0.0,    0.0,    0.0,    0.0,    0.0,    0.0,    0.0,    0.0,     24,     11,     16,.,.,      0,      0,      0,      0,      0,      0,      0,     13,     17,     24,     11,     16,.,.,      0,      0,      0,      0,      0,      0,      0,     13,     17,      0,      0,      0,      0,      0,      0,      0,      0,      0,      0,      0,      0,      0,      0,    65.7,    75.4,    90.8,    91.2,    57.4,    70.3,    74.4,    76.7,    65.7,    75.4,    90.8,    91.2,    57.4,    70.3,    74.4,    76.7,     0.0,     0.0,     0.0,     0.0,     0.0,     0.0,     0.0,     0.0,1000 BARRELS,06743A,IFED,067 ,N10,FutOnly
WTI-PHYSICAL - NEW YORK MERCANTILE EXCHANGE,260901,2026-09-01,067651,NYME,01,067 , 1921085,  645739,  336337,  110782,  576189,  128614,  205300,  111019,  295613,  127148,   91518,  331141, 1844337, 1870431,   76748,   50654, 1921085,  645739,  336337,  110782,  576189,  128614,  205300,  111019,  295613,  127148,   91518,  331141, 1844337, 1870431,   76748,   50654,       0,       0,       0,       0,       0,       0,       0,       0,       0,       0,       0,       0,       0,       0,       0,       0,   14345,   -8795,  -12943,    -502,    3405,    2288,    8418,   -1843,    6102,     787,    4586,    3945,   12243,    5540,    2102,    8805,  100.0,   33.6,   17.5,    5.8,   30.0,    6.7,   10.7,    5.8,   15.4,    6.6,    4.8,   17.2,   96.0,   97.4,    4.0,    2.6,  100.0,   33.6,   17.5,    5.8,   30.0,    6.7,   10.7,    5.8,   15.4,    6.6,    4.8,   17.2,   96.0,   97.4,    4.0,    2.6,  100.0,    0.0,    0.0,    0.0,    0.0,    0.0,    0.0,    0.0,    0.0,    0.0,    0.0,    0.0,    0.0,    0.0,    0.0,    0.0,    297,     58,     55,     14,     26,     30,     60,     29,     62,     54,     41,     59,    263,    233,    297,     58,     55,     14,     26,     30,     60,     29,     62,     54,     41,     59,    263,    233,      0,      0,      0,      0,      0,      0,      0,      0,      0,      0,      0,      0,      0,      0,    17.3,    19.2,    30.6,    29.3,     9.9,    13.3,    16.4,    20.3,    17.3,    19.2,    30.6,    29.3,     9.9,    13.3,    16.4,    20.3,     0.0,     0.0,     0.0,     0.0,     0.0,     0.0,     0.0,     0.0,"(CONTRACTS OF 1,000 BARRELS)",067651,NYME,067 ,N10,FutOnly
WTI FINANCIAL CRUDE OIL - NEW YORK MERCANTILE EXCHANGE,260901,2026-09-01,06765A,NYME,01,067 ,  187259,   30796,   41034,   48481,   52132,   11586,       0,       0,       0,   55978,   20404,    9990,  156831,  135146,   30428,   52113,  187259,   30796,   41034,   48481,   52132,   11586,       0,       0,       0,   55978,   20404,    9990,  156831,  135146,   30428,   52113,       0,       0,       0,       0,       0,       0,       0,       0,       0,       0,       0,       0,       0,       0,       0,       0,  -20254,   -9471,  -10848,   -8353,   -2152,   -3910,       0,       0,       0,    1460,   -3015,   -4920,  -25194,  -24845,    4940,    4591,  100.0,   16.4,   21.9,   25.9,   27.8,    6.2,    0.0,    0.0,    0.0,   29.9,   10.9,    5.3,   83.8,   72.2,   16.2,   27.8,  100.0,   16.4,   21.9,   25.9,   27.8,    6.2,    0.0,    0.0,    0.0,   29.9,   10.9,    5.3,   83.8,   72.2,   16.2,   27.8,  100.0,    0.0,    0.0,    0.0,    0.0,    0.0,    0.0,    0.0,    0.0,    0.0,    0.0,    0.0,    0.0,    0.0,    0.0,    0.0,     45,     14,     12,     11,      5,     11,      0,      0,      0,      5,      5,      7,     36,     34,     45,     14,     12,     11,      5,     11,      0,      0,      0,      5,      5,      7,     36,     34,      0,      0,      0,      0,      0,      0,      0,      0,      0,      0,      0,      0,      0,      0,    34.5,    36.6,    52.7,    49.6,    32.9,    36.6,    48.3,    49.1,    34.5,    36.6,    52.7,    49.6,    32.9,    36.6,    48.3,    49.1,     0.0,     0.0,     0.0,     0.0,     0.0,     0.0,     0.0,     0.0,"(CONTRACTS OF 1,000 BARRELS)",06765A,NYME,067 ,N10,FutOnly
BRENT LAST DAY - NEW YORK MERCANTILE EXCHANGE,260901,2026-09-01,06765T,NYME,01,067 ,  253258,   20658,   49682,   65872,       6,    5721,    7098,    1791,    2109,   34854,   79558,  108212,  244524,  247079,    8734,    6179,  253258,   20658,   49682,   65872,       6,    5721,    7098,    1791,    2109,   34854,   79558,  108212,  244524,  247079,    8734,    6179,       0,       0,       0,       0,       0,       0,       0,       0,       0,       0,       0,       0,       0,       0,       0,       0,  -16886,    1701,   -1945,   -1162,   -4783,   -4462,   -1973,    -154,   -1958,    1957,    8536,   -8981,  -14878,  -13747,   -2008,   -3139,  100.0,    8.2,   19.6,   26.0,    0.0,    2.3,    2.8,    0.7,    0.8,   13.8,   31.4,   42.7,   96.6,   97.6,    3.4,    2.4,  100.0,    8.2,   19.6,   26.0,    0.0,    2.3,    2.8,    0.7,    0.8,   13.8,   31.4,   42.7,   96.6,   97.6,    3.4,    2.4,  100.0,    0.0,    0.0,    0.0,    0.0,    0.0,    0.0,    0.0,    0.0,    0.0,    0.0,    0.0,    0.0,    0.0,    0.0,    0.0,     55,     10,     13,      9,.,      6,.,.,.,     15,     13,     24,     51,     47,     55,     10,     13,      9,.,      6,.,.,.,     15,     13,     24,     51,     47,      0,      0,      0,      0,      0,      0,      0,      0,      0,      0,      0,      0,      0,      0,    32.7,    53.4,    55.9,    74.6,    23.0,    35.8,    34.5,    42.1,    32.7,    53.4,    55.9,    74.6,    23.0,    35.8,    34.5,    42.1,     0.0,     0.0,     0.0,     0.0,     0.0,     0.0,     0.0,     0.0,"(CONTRACTS OF 1,000 BARRELS)",06765T,NYME,067 ,N10,FutOnly
WTI  HOUSTON ARGUS/WTI TR MO - NEW YORK MERCANTILE EXCHANGE,260901,2026-09-01,0676A5,NYME,01,067 ,  437140,  412496,  282155,       0,   52964,    1821,    1350,   27715,   10165,     917,   45855,    7139,  433888,  427814,    3252,    9326,  437140,  412496,  282155,       0,   52964,    1821,    1350,   27715,   10165,     917,   45855,    7139,  433888,  427814,    3252,    9326,       0,       0,       0,       0,       0,       0,       0,       0,       0,       0,       0,       0,       0,       0,       0,       0,  -24071,  -18728,  -15642,       0,    -578,    -452,     225,     945,   -3420,     217,   -2497,    -812,  -22970,  -22456,   -1101,   -1615,  100.0,   94.4,   64.5,    0.0,   12.1,    0.4,    0.3,    6.3,    2.3,    0.2,   10.5,    1.6,   99.3,   97.9,    0.7,    2.1,  100.0,   94.4,   64.5,    0.0,   12.1,    0.4,    0.3,    6.3,    2.3,    0.2,   10.5,    1.6,   99.3,   97.9,    0.7,    2.1,  100.0,    0.0,    0.0,    0.0,    0.0,    0.0,    0.0,    0.0,    0.0,    0.0,    0.0,    0.0,    0.0,    0.0,    0.0,    0.0,     46,     23,     24,      0,      7,.,.,.,.,.,.,.,     31,     36,     46,     23,     24,      0,      7,.,.,.,.,.,.,.,     31,     36,      0,      0,      0,      0,      0,      0,      0,      0,      0,      0,      0,      0,      0,      0,    58.1,    40.5,    82.5,    66.4,    58.1,    34.3,    71.9,    54.7,    58.1,    40.5,    82.5,    66.4,    58.1,    34.3,    71.9,    54.7,     0.0,     0.0,     0.0,     0.0,     0.0,     0.0,     0.0,     0.0,"(CONTRACTS OF 1,000 BARRELS)",0676A5,NYME,067 ,N10,FutOnly
WTI MIDLAND ARGUS VS WTI TRADE - NEW YORK MERCANTILE EXCHANGE,260901,2026-09-01,067A71,NYME,01,067 ,  311666,  273614,  154877,    1928,  126316,    5064,       0,    5460,       0,   21825,       0,       0,  302431,  291717,    9235,   19949,  311666,  273614,  154877,    1928,  126316,    5064,       0,    5460,       0,   21825,       0,       0,  302431,  291717,    9235,   19949,       0,       0,       0,       0,       0,       0,       0,       0,       0,       0,       0,       0,       0,       0,       0,       0,  -10853,   -7612,    3006,     147,  -11350,    -147,       0,       0,       0,   -4736,       0,    -696,  -13044,   -9187,    2191,   -1666,  100.0,   87.8,   49.7,    0.6,   40.5,    1.6,    0.0,    1.8,    0.0,    7.0,    0.0,    0.0,   97.0,   93.6,    3.0,    6.4,  100.0,   87.8,   49.7,    0.6,   40.5,    1.6,    0.0,    1.8,    0.0,    7.0,    0.0,    0.0,   97.0,   93.6,    3.0,    6.4,  100.0,    0.0,    0.0,    0.0,    0.0,    0.0,    0.0,    0.0,    0.0,    0.0,    0.0,    0.0,    0.0,    0.0,    0.0,    0.0,     33,     16,      9,.,     10,.,      0,.,      0,.,      0,      0,     18,     21,     33,     16,      9,.,     10,.,      0,.,      0,.,      0,      0,     18,     21,      0,      0,      0,      0,      0,      0,      0,      0,      0,      0,      0,      0,      0,      0,    60.4,    52.6,    86.7,    76.3,    60.4,    52.6,    86.7,    76.3,    60.4,    52.6,    86.7,    76.3,    60.4,    52.6,    86.7,    76.3,     0.0,     0.0,     0.0,     0.0,     0.0,     0.0,     0.0,     0.0,"(CONTRACTS OF 1,000 BARRELS)",067A71,NYME,067 ,N10,FutOnly
COCOA - ICE FUTURES U.S.,260901,2026-09-01,073732,ICUS,01,073 ,  178298,   40843,   71468,   36115,    9204,   11435,   26056,   30806,   25848,   11440,    7404,   15065,  166802,  171230,   11496,    7068,  171887,   37224,   68797,   36188,    8600,   10492,   26128,   31429,   25125,   12406,    7370,   13092,  160655,  164905,   11232,    6982,    6411,    3619,    2671,     585,    1262,     285,     645,      94,       6,     274,    1274,     733,    6147,    6325,     264,      86,    5452,   -8154,    -967,    -249,    -143,    1064,    4125,   -1583,    7276,    -602,   -1853,    1997,    5457,    5791,      -5,    -339,  100.0,   22.9,   40.1,   20.3,    5.2,    6.4,   14.6,   17.3,   14.5,    6.4,    4.2,    8.4,   93.6,   96.0,    6.4,    4.0,  100.0,   21.7,   40.0,   21.1,    5.0,    6.1,   15.2,   18.3,   14.6,    7.2,    4.3,    7.6,   93.5,   95.9,    6.5,    4.1,  100.0,   56.4,   41.7,    9.1,   19.7,    4.4,   10.1,    1.5,    0.1,    4.3,   19.9,   11.4,   95.9,   98.7,    4.1,    1.3,    211,     27,     27,     20,      7,     16,     46,     41,     42,     30,     29,     38,    174,    154,    211,     27,     27,     19,      8,     16,     45,     41,     40,     33,     27,     38,    173,    153,     47,     10,     11,      6,.,.,      5,.,.,      7,      6,      5,     32,     27,    16.5,    16.4,    27.7,    28.9,    14.4,    14.2,    22.3,    23.7,    16.6,    16.6,    28.2,    29.0,    15.1,    14.7,    23.3,    24.4,    54.1,    47.6,    73.9,    79.7,    44.6,    42.3,    56.2,    60.6,(CONTRACTS OF 10 METRIC TONS),073732,ICUS,073 ,A50,FutOnly
PALLADIUM - NEW YORK MERCANTILE EXCHANGE,260901,2026-09-01,075651,NYME,01,075 ,   16497,    1005,    1268,    5986,    2410,      72,    4626,    9245,     627,    1697,    1383,     122,   14135,   15127,    2362,    1370,   16497,    1005,    1268,    5986,    2410,      72,    4626,    9245,     627,    1697,    1383,     122,   14135,   15127,    2362,    1370,       0,       0,       0,       0,       0,       0,       0,       0,       0,       0,       0,       0,       0,       0,       0,       0,    -999,     -86,    -246,    -358,     224,     -90,     140,    -740,    -338,    -133,     228,     -54,    -919,   -1016,     -80,      17,  100.0,    6.1,    7.7,   36.3,   14.6,    0.4,   28.0,   56.0,    3.8,   10.3,    8.4,    0.7,   85.7,   91.7,   14.3,    8.3,  100.0,    6.1,    7.7,   36.3,   14.6,    0.4,   28.0,   56.0,    3.8,   10.3,    8.4,    0.7,   85.7,   91.7,   14.3,    8.3,  100.0,    0.0,    0.0,    0.0,    0.0,    0.0,    0.0,    0.0,    0.0,    0.0,    0.0,    0.0,    0.0,    0.0,    0.0,    0.0,    154,     12,     11,     15,     12,      7,     31,     33,     15,     28,     16,.,     97,     86,    154,     12,     11,     15,     12,      7,     31,     33,     15,     28,     16,.,     97,     86,      0,      0,      0,      0,      0,      0,      0,      0,      0,      0,      0,      0,      0,      0,    29.6,    31.0,    45.4,    45.7,    29.4,    29.4,    45.1,    44.2,    29.6,    31.0,    45.4,    45.7,    29.4,    29.4,    45.1,    44.2,     0.0,     0.0,     0.0,     0.0,     0.0,     0.0,     0.0,     0.0,(CONTRACTS OF 100 TROY OUNCES),075651,NYME,075 ,N20,FutOnly
PLATINUM - NEW YORK MERCANTILE EXCHANGE,260901,2026-09-01,076651,NYME,01,076 ,   68059,    2504,   14720,   16653,   23742,    2946,   17263,    8578,    7637,    8429,    2114,    4830,   60262,   64567,    7797,    3492,   68059,    2504,   14720,   16653,   23742,    2946,   17263,    8578,    7637,    8429,    2114,    4830,   60262,   64567,    7797,    3492,       0,       0,       0,       0,       0,       0,       0,       0,       0,       0,       0,       0,       0,       0,       0,       0,    3411,     838,     926,    -324,    -687,    1000,   -1401,     142,     965,     146,   -1011,    1927,    3151,    3262,     260,     149,  100.0,    3.7,   21.6,   24.5,   34.9,    4.3,   25.4,   12.6,   11.2,   12.4,    3.1,    7.1,   88.5,   94.9,   11.5,    5.1,  100.0,    3.7,   21.6,   24.5,   34.9,    4.3,   25.4,   12.6,   11.2,   12.4,    3.1,    7.1,   88.5,   94.9,   11.5,    5.1,  100.0,    0.0,    0.0,    0.0,    0.0,    0.0,    0.0,    0.0,    0.0,    0.0,    0.0,    0.0,    0.0,    0.0,    0.0,    0.0,    213,     15,     22,     15,     16,     11,     48,     28,     24,     56,     15,     20,    163,    110,    213,     15,     22,     15,     16,     11,     48,     28,     24,     56,     15,     20,    163,    110,      0,      0,      0,      0,      0,      0,      0,      0,      0,      0,      0,      0,      0,      0,    19.1,    32.7,    31.1,    48.6,    17.6,    30.8,    26.4,    41.5,    19.1,    32.7,    31.1,    48.6,    17.6,    30.8,    26.4,    41.5,     0.0,     0.0,     0.0,     0.0,     0.0,     0.0,     0.0,     0.0,(CONTRACTS OF 50 TROY OUNCES),076651,NYME,076 ,N20,FutOnly
SUGAR NO. 11 - ICE FUTURES U.S.,260901,2026-09-01,080732,ICUS,01,080 , 1275546,  222988,  525350,  246736,  135472,   30720,  334372,  100601,  165883,   62289,  164535,  103535, 1166523, 1226096,  109023,   49450, 1275546,  222988,  525350,  246736,  135472,   30720,  334372,  100601,  165883,   62289,  164535,  103535, 1166523, 1226096,  109023,   49450,       0,       0,       0,       0,       0,       0,       0,       0,       0,       0,       0,       0,       0,       0,       0,       0,   24407,   -3848,   19389,    1029,   10959,   -2863,   36401,     647,   -9021,   -4738,    9625,    2854,   19814,   31590,    4593,   -7183,  100.0,   17.5,   41.2,   19.3,   10.6,    2.4,   26.2,    7.9,   13.0,    4.9,   12.9,    8.1,   91.5,   96.1,    8.5,    3.9,  100.0,   17.5,   41.2,   19.3,   10.6,    2.4,   26.2,    7.9,   13.0,    4.9,   12.9,    8.1,   91.5,   96.1,    8.5,    3.9,  100.0,    0.0,    0.0,    0.0,    0.0,    0.0,    0.0,    0.0,    0.0,    0.0,    0.0,    0.0,    0.0,    0.0,    0.0,    0.0,    309,     54,     59,     21,     15,     15,     84,     33,     63,     45,     36,     36,    263,    205,    309,     54,     59,     21,     15,     15,     84,     33,     63,     45,     36,     36,    263,    205,      0,      0,      0,      0,      0,      0,      0,      0,      0,      0,      0,      0,      0,      0,    11.8,    20.0,    20.5,    33.0,    10.4,    18.3,    17.2,    27.2,    11.8,    20.0,    20.5,    33.0,    10.4,    18.3,    17.2,    27.2,     0.0,     0.0,     0.0,     0.0,     0.0,     0.0,     0.0,     0.0,"(CONTRACTS OF 112,000 POUNDS)",080732,ICUS,080 ,A50,FutOnly
COFFEE C - ICE FUTURES U.S.,260901,2026-09-01,083731,ICUS,01,083 ,  155275,   34691,   63452,   24845,   22379,    4222,   40000,   13271,   21117,    8223,   10973,   14367,  147465,  149781,    7810,    5494,  147845,   32411,   60419,   24834,   20198,    3803,   40145,   14097,   19895,    6773,   11723,   12346,  140207,  142481,    7638,    5364,    7430,    2280,    3033,     430,    2600,       0,    1062,     381,      15,    3281,    1081,     190,    7258,    7300,     172,     130,   -4760,    1636,   -5032,     117,    -629,     280,   -2216,    2243,   -2592,   -1418,     616,      26,   -4167,   -5088,    -593,     328,  100.0,   22.3,   40.9,   16.0,   14.4,    2.7,   25.8,    8.5,   13.6,    5.3,    7.1,    9.3,   95.0,   96.5,    5.0,    3.5,  100.0,   21.9,   40.9,   16.8,   13.7,    2.6,   27.2,    9.5,   13.5,    4.6,    7.9,    8.4,   94.8,   96.4,    5.2,    3.6,  100.0,   30.7,   40.8,    5.8,   35.0,    0.0,   14.3,    5.1,    0.2,   44.2,   14.5,    2.6,   97.7,   98.3,    2.3,    1.7,    327,     72,     79,     18,     24,     20,     67,     39,     50,     31,     44,     38,    248,    244,    327,     71,     79,     18,     24,     18,     67,     40,     50,     30,     47,     37,    245,    243,     97,     24,     21,      9,     12,      0,      6,      8,.,     11,      8,      5,     53,     52,    15.9,    17.5,    26.3,    27.1,    12.9,    15.0,    19.5,    21.4,    15.6,    17.4,    26.1,    27.3,    13.6,    14.7,    20.3,    21.5,    53.0,    41.9,    69.7,    60.4,    51.4,    39.5,    66.4,    58.1,"(CONTRACTS OF 37,500 POUNDS)",083731,ICUS,083 ,A50,FutOnly
SILVER - COMMODITY EXCHANGE INC.,260901,2026-09-01,084691,CMX ,01,084 ,  104362,    5168,   21843,   21199,   49804,    5057,   19156,    6558,    6609,   16247,    2106,    4469,   77905,   96446,   26457,    7916,  104362,    5168,   21843,   21199,   49804,    5057,   19156,    6558,    6609,   16247,    2106,    4469,   77905,   96446,   26457,    7916,       0,       0,       0,       0,       0,       0,       0,       0,       0,       0,       0,       0,       0,       0,       0,       0,   -9439,    -549,   -1027,   -1437,    -732,    -560,   -2265,    -790,    -497,    -203,   -3156,   -1430,   -6941,   -8192,   -2498,   -1247,  100.0,    5.0,   20.9,   20.3,   47.7,    4.8,   18.4,    6.3,    6.3,   15.6,    2.0,    4.3,   74.6,   92.4,   25.4,    7.6,  100.0,    5.0,   20.9,   20.3,   47.7,    4.8,   18.4,    6.3,    6.3,   15.6,    2.0,    4.3,   74.6,   92.4,   25.4,    7.6,  100.0,    0.0,    0.0,    0.0,    0.0,    0.0,    0.0,    0.0,    0.0,    0.0,    0.0,    0.0,    0.0,    0.0,    0.0,    0.0,    151,     10,     12,     13,     17,     13,     36,     11,     15,     42,     13,     14,    121,     75,    151,     10,     12,     13,     17,     13,     36,     11,     15,     42,     13,     14,    121,     75,      0,      0,      0,      0,      0,      0,      0,      0,      0,      0,      0,      0,      0,      0,    13.2,    34.2,    22.6,    50.6,    13.1,    30.7,    20.9,    46.0,    13.2,    34.2,    22.6,    50.6,    13.1,    30.7,    20.9,    46.0,     0.0,     0.0,     0.0,     0.0,     0.0,     0.0,     0.0,     0.0,"(CONTRACTS OF 5,000 TROY OUNCES)",084691,CMX ,084 ,N20,FutOnly
COPPER- #1 - COMMODITY EXCHANGE INC.,260901,2026-09-01,085692,CMX ,01,085 ,  282640,   27319,  124341,   51059,   46144,    7667,   91430,   18548,   28831,   28256,   20269,   28678,  263240,  274478,   19400,    8162,  282640,   27319,  124341,   51059,   46144,    7667,   91430,   18548,   28831,   28256,   20269,   28678,  263240,  274478,   19400,    8162,       0,       0,       0,       0,       0,       0,       0,       0,       0,       0,       0,       0,       0,       0,       0,       0,    -659,   -1024,   -4025,     552,     611,   -1906,    -677,    2712,    4493,   -1056,     -48,    -938,    -556,     899,    -103,   -1558,  100.0,    9.7,   44.0,   18.1,   16.3,    2.7,   32.3,    6.6,   10.2,   10.0,    7.2,   10.1,   93.1,   97.1,    6.9,    2.9,  100.0,    9.7,   44.0,   18.1,   16.3,    2.7,   32.3,    6.6,   10.2,   10.0,    7.2,   10.1,   93.1,   97.1,    6.9,    2.9,  100.0,    0.0,    0.0,    0.0,    0.0,    0.0,    0.0,    0.0,    0.0,    0.0,    0.0,    0.0,    0.0,    0.0,    0.0,    0.0,    282,     29,     32,     24,     12,     19,     87,     24,     44,     56,     32,     36,    242,    161,    282,     29,     32,     24,     12,     19,     87,     24,     44,     56,     32,     36,    242,    161,      0,      0,      0,      0,      0,      0,      0,      0,      0,      0,      0,      0,      0,      0,    17.0,    31.9,    27.0,    44.3,    16.9,    29.7,    24.8,    41.2,    17.0,    31.9,    27.0,    44.3,    16.9,    29.7,    24.8,    41.2,     0.0,     0.0,     0.0,     0.0,     0.0,     0.0,     0.0,     0.0,"(CONTRACTS OF 25,000 POUNDS)",085692,CMX ,085 ,N25,FutOnly
GOLD - COMMODITY EXCHANGE INC.,260901,2026-09-01,088691,CMX ,01,088 ,  415196,   17444,   48733,   17798,  251227,   26208,  149721,   12950,   27264,  110764,   19411,   13967,  363166,  399760,   52030,   15436,  415196,   17444,   48733,   17798,  251227,   26208,  149721,   12950,   27264,  110764,   19411,   13967,  363166,  399760,   52030,   15436,       0,       0,       0,       0,       0,       0,       0,       0,       0,       0,       0,       0,       0,       0,       0,       0,  -12761,     583,   -2686,    1142,  -10456,   -2728,  -10098,   -2122,   11013,   -6576,     658,   -3402,  -10066,   -9723,   -2695,   -3038,  100.0,    4.2,   11.7,    4.3,   60.5,    6.3,   36.1,    3.1,    6.6,   26.7,    4.7,    3.4,   87.5,   96.3,   12.5,    3.7,  100.0,    4.2,   11.7,    4.3,   60.5,    6.3,   36.1,    3.1,    6.6,   26.7,    4.7,    3.4,   87.5,   96.3,   12.5,    3.7,  100.0,    0.0,    0.0,    0.0,    0.0,    0.0,    0.0,    0.0,    0.0,    0.0,    0.0,    0.0,    0.0,    0.0,    0.0,    0.0,    305,     20,     15,     14,     29,     28,     94,     15,     41,     86,     38,     40,    268,    155,    305,     20,     15,     14,     29,     28,     94,     15,     41,     86,     38,     40,    268,    155,      0,      0,      0,      0,      0,      0,      0,      0,      0,      0,      0,      0,      0,      0,    19.2,    39.8,    28.3,    57.5,    18.1,    38.4,    26.4,    54.7,    19.2,    39.8,    28.3,    57.5,    18.1,    38.4,    26.4,    54.7,     0.0,     0.0,     0.0,     0.0,     0.0,     0.0,     0.0,     0.0,(CONTRACTS OF 100 TROY OUNCES),088691,CMX ,088 ,N20,FutOnly
MICRO GOLD - COMMODITY EXCHANGE INC.,260901,2026-09-01,088695,CMX ,01,088 ,   83554,     242,       0,    7723,       0,       0,     950,       0,       0,   27018,   55385,    4870,   40803,   60255,   42751,   23299,   83554,     242,       0,    7723,       0,       0,     950,       0,       0,   27018,   55385,    4870,   40803,   60255,   42751,   23299,       0,       0,       0,       0,       0,       0,       0,       0,       0,       0,       0,       0,       0,       0,       0,       0,   12626,       0,       0,     668,       0,       0,     234,       0,       0,    7975,   16837,   -1384,    7493,   15453,    5133,   -2827,  100.0,    0.3,    0.0,    9.2,    0.0,    0.0,    1.1,    0.0,    0.0,   32.3,   66.3,    5.8,   48.8,   72.1,   51.2,   27.9,  100.0,    0.3,    0.0,    9.2,    0.0,    0.0,    1.1,    0.0,    0.0,   32.3,   66.3,    5.8,   48.8,   72.1,   51.2,   27.9,  100.0,    0.0,    0.0,    0.0,    0.0,    0.0,    0.0,    0.0,    0.0,    0.0,    0.0,    0.0,    0.0,    0.0,    0.0,    0.0,     49,.,      0,.,      0,      0,.,      0,      0,     30,     14,     14,     43,     20,     49,.,      0,.,      0,      0,.,      0,      0,     30,     14,     14,     43,     20,      0,      0,      0,      0,      0,      0,      0,      0,      0,      0,      0,      0,      0,      0,    24.2,    62.8,    30.4,    68.3,    23.2,    61.5,    29.0,    65.0,    24.2,    62.8,    30.4,    68.3,    23.2,    61.5,    29.0,    65.0,     0.0,     0.0,     0.0,     0.0,     0.0,     0.0,     0.0,     0.0,(CONTRACTS OF 10 TROY OUNCES),088695,CMX ,088 ,N20,FutOnly
GASOLINE RBOB - NEW YORK MERCANTILE EXCHANGE,260901,2026-09-01,111659,NYME,01,111 ,  353876,   85749,  186718,   52525,   34093,   10406,  103442,   14227,   34429,   10050,   29640,   31992,  328593,  341505,   25283,   12371,  353876,   85749,  186718,   52525,   34093,   10406,  103442,   14227,   34429,   10050,   29640,   31992,  328593,  341505,   25283,   12371,       0,       0,       0,       0,       0,       0,       0,       0,       0,       0,       0,       0,       0,       0,       0,       0,    7742,    -521,    4926,    2619,     500,   -1845,   10725,    1162,   -2177,   -2366,    1731,    2290,    8725,    6587,    -983,    1155,  100.0,   24.2,   52.8,   14.8,    9.6,    2.9,   29.2,    4.0,    9.7,    2.8,    8.4,    9.0,   92.9,   96.5,    7.1,    3.5,  100.0,   24.2,   52.8,   14.8,    9.6,    2.9,   29.2,    4.0,    9.7,    2.8,    8.4,    9.0,   92.9,   96.5,    7.1,    3.5,  100.0,    0.0,    0.0,    0.0,    0.0,    0.0,    0.0,    0.0,    0.0,    0.0,    0.0,    0.0,    0.0,    0.0,    0.0,    0.0,    239,     61,     83,     16,      7,     17,     66,     12,     41,     20,     22,     29,    201,    178,    239,     61,     83,     16,      7,     17,     66,     12,     41,     20,     22,     29,    201,    178,      0,      0,      0,      0,      0,      0,      0,      0,      0,      0,      0,      0,      0,      0,    14.8,    18.6,    24.5,    29.4,    10.3,    14.8,    17.7,    22.7,    14.8,    18.6,    24.5,    29.4,    10.3,    14.8,    17.7,    22.7,     0.0,     0.0,     0.0,     0.0,     0.0,     0.0,     0.0,     0.0,"(CONTRACTS OF 42,000 U.S. GALLONS)",111659,NYME,111 ,N10,FutOnly
GULF COAST CBOB GAS A2 PL RBOB - NEW YORK MERCANTILE EXCHANGE,260901,2026-09-01,111A34,NYME,01,111 ,   25289,   22225,   17355,       0,    4024,       0,    1185,       0,     675,       0,       0,       0,   24085,   22054,    1204,    3235,   25289,   22225,   17355,       0,    4024,       0,    1185,       0,     675,       0,       0,       0,   24085,   22054,    1204,    3235,       0,       0,       0,       0,       0,       0,       0,       0,       0,       0,       0,       0,       0,       0,       0,       0,     -50,    -345,     265,       0,     -85,       0,     250,       0,    -150,       0,       0,       0,    -245,      30,     195,     -80,  100.0,   87.9,   68.6,    0.0,   15.9,    0.0,    4.7,    0.0,    2.7,    0.0,    0.0,    0.0,   95.2,   87.2,    4.8,   12.8,  100.0,   87.9,   68.6,    0.0,   15.9,    0.0,    4.7,    0.0,    2.7,    0.0,    0.0,    0.0,   95.2,   87.2,    4.8,   12.8,  100.0,    0.0,    0.0,    0.0,    0.0,    0.0,    0.0,    0.0,    0.0,    0.0,    0.0,    0.0,    0.0,    0.0,    0.0,    0.0,     25,     18,     18,      0,.,      0,.,      0,.,      0,      0,      0,     20,     20,     25,     18,     18,      0,.,      0,.,      0,.,      0,      0,      0,     20,     20,      0,      0,      0,      0,      0,      0,      0,      0,      0,      0,      0,      0,      0,      0,    39.5,    47.6,    66.8,    66.4,    30.3,    46.1,    51.3,    52.7,    39.5,    47.6,    66.8,    66.4,    30.3,    46.1,    51.3,    52.7,     0.0,     0.0,     0.0,     0.0,     0.0,     0.0,     0.0,     0.0,"(CONTRACTS OF 42,000 GALLONS)",111A34,NYME,111 ,N10,FutOnly
CANOLA - ICE FUTURES U.S.,260901,2026-09-01,135731,ICUS,01,135 ,  345274,  148202,  223504,    7518,   23588,    2663,  128191,   23882,   25995,   15150,   27823,   14633,  342352,  342088,    2922,    3186,  339706,  143430,  222352,    7518,   20090,    2663,  128168,   23562,   25940,   15150,   27910,   14008,  336877,  336525,    2829,    3181,    5568,    4772,    1152,       0,    3498,       0,      78,     375,       0,     595,     508,      30,    5475,    5563,      93,       5,    8376,    4718,   14680,   -1790,    -588,     227,    5125,   -5337,     760,     176,     -88,   -1479,    7737,    8175,     639,     201,  100.0,   42.9,   64.7,    2.2,    6.8,    0.8,   37.1,    6.9,    7.5,    4.4,    8.1,    4.2,   99.2,   99.1,    0.8,    0.9,  100.0,   42.2,   65.5,    2.2,    5.9,    0.8,   37.7,    6.9,    7.6,    4.5,    8.2,    4.1,   99.2,   99.1,    0.8,    0.9,  100.0,   85.7,   20.7,    0.0,   62.8,    0.0,    1.4,    6.7,    0.0,   10.7,    9.1,    0.5,   98.3,   99.9,    1.7,    0.1,    351,     31,     76,      7,     10,      5,     84,     23,     25,     56,     82,     30,    212,    223,    348,     29,     75,      7,     10,      5,     84,     23,     25,     56,     82,     28,    208,    220,     40,     10,     10,      0,.,      0,      4,.,      0,      7,      6,.,     21,     22,    28.0,    35.4,    46.1,    50.3,    22.1,    24.8,    35.4,    37.7,    27.3,    35.9,    45.7,    50.1,    22.1,    24.9,    35.7,    38.0,    83.1,    84.9,    93.2,    94.0,    82.7,    84.9,    92.7,    94.0,(20 Metric Tonnes),135731,ICUS,135 ,A30,FutOnly
COBALT - COMMODITY EXCHANGE INC.,260901,2026-09-01,188691,CMX ,01,188 ,   15658,    2660,    4882,    4485,    1662,     359,    2430,    3165,    2463,    2623,    2328,     187,   15207,   15046,     451,     612,   15658,    2660,    4882,    4485,    1662,     359,    2430,    3165,    2463,    2623,    2328,     187,   15207,   15046,     451,     612,       0,       0,       0,       0,       0,       0,       0,       0,       0,       0,       0,       0,       0,       0,       0,       0,     390,     370,     154,      15,     -32,     -84,       5,     299,     128,       8,     -20,      31,     473,     476,     -83,     -86,  100.0,   17.0,   31.2,   28.6,   10.6,    2.3,   15.5,   20.2,   15.7,   16.8,   14.9,    1.2,   97.1,   96.1,    2.9,    3.9,  100.0,   17.0,   31.2,   28.6,   10.6,    2.3,   15.5,   20.2,   15.7,   16.8,   14.9,    1.2,   97.1,   96.1,    2.9,    3.9,  100.0,    0.0,    0.0,    0.0,    0.0,    0.0,    0.0,    0.0,    0.0,    0.0,    0.0,    0.0,    0.0,    0.0,    0.0,    0.0,     41,      8,     13,      5,.,      6,      4,      5,      7,      4,      6,.,     29,     35,     41,      8,     13,      5,.,      6,      4,      5,      7,      4,      6,.,     29,     35,      0,      0,      0,      0,      0,      0,      0,      0,      0,      0,      0,      0,      0,      0,    45.2,    48.9,    73.4,    72.1,    39.2,    47.0,    63.3,    60.5,    45.2,    48.9,    73.4,    72.1,    39.2,    47.0,    63.3,    60.5,     0.0,     0.0,     0.0,     0.0,     0.0,     0.0,     0.0,     0.0,"2,204.62 pounds (1 Metric Ton)",188691,CMX ,188 ,N25,FutOnly
LITHIUM HYDROXIDE  - COMMODITY EXCHANGE INC.,260901,2026-09-01,189691,CMX ,01,189 ,   18774,     757,    3717,   11612,    2505,     449,    2905,     725,     270,     416,    8547,    2154,   18563,   18367,     211,     407,   18774,     757,    3717,   11612,    2505,     449,    2905,     725,     270,     416,    8547,    2154,   18563,   18367,     211,     407,       0,       0,       0,       0,       0,       0,       0,       0,       0,       0,       0,       0,       0,       0,       0,       0,     441,      84,     138,       0,     -48,       0,     209,      -1,     -47,       9,     228,     165,     420,     435,      21,       6,  100.0,    4.0,   19.8,   61.9,   13.3,    2.4,   15.5,    3.9,    1.4,    2.2,   45.5,   11.5,   98.9,   97.8,    1.1,    2.2,  100.0,    4.0,   19.8,   61.9,   13.3,    2.4,   15.5,    3.9,    1.4,    2.2,   45.5,   11.5,   98.9,   97.8,    1.1,    2.2,  100.0,    0.0,    0.0,    0.0,    0.0,    0.0,    0.0,    0.0,    0.0,    0.0,    0.0,    0.0,    0.0,    0.0,    0.0,    0.0,     39,      5,      6,      8,.,      4,      6,.,      4,.,     14,      7,     30,     29,     39,      5,      6,      8,.,      4,      6,.,      4,.,     14,      7,     30,     29,      0,      0,      0,      0,      0,      0,      0,      0,      0,      0,      0,      0,      0,      0,    57.8,    54.2,    78.6,    73.0,    56.3,    46.0,    72.2,    63.0,    57.8,    54.2,    78.6,    73.0,    56.3,    46.0,    72.2,    63.0,     0.0,     0.0,     0.0,     0.0,     0.0,     0.0,     0.0,     0.0,(1000) Kilograms,189691,CMX ,189 ,N25,FutOnly
ALUMINUM MWP - COMMODITY EXCHANGE INC.,260901,2026-09-01,191693,CMX ,01,191 ,   31487,    6948,   20056,   16528,    3098,    1109,       0,     229,     134,    2813,    2792,     789,   28321,   28207,    3166,    3280,   31487,    6948,   20056,   16528,    3098,    1109,       0,     229,     134,    2813,    2792,     789,   28321,   28207,    3166,    3280,       0,       0,       0,       0,       0,       0,       0,       0,       0,       0,       0,       0,       0,       0,       0,       0,     691,    -893,   -1199,    -597,    -448,    -422,       0,      70,     -70,    -214,     -58,    -108,   -2304,   -2235,    2995,    2926,  100.0,   22.1,   63.7,   52.5,    9.8,    3.5,    0.0,    0.7,    0.4,    8.9,    8.9,    2.5,   89.9,   89.6,   10.1,   10.4,  100.0,   22.1,   63.7,   52.5,    9.8,    3.5,    0.0,    0.7,    0.4,    8.9,    8.9,    2.5,   89.9,   89.6,   10.1,   10.4,  100.0,    0.0,    0.0,    0.0,    0.0,    0.0,    0.0,    0.0,    0.0,    0.0,    0.0,    0.0,    0.0,    0.0,    0.0,    0.0,     58,     12,     21,     12,      4,      8,      0,.,.,      4,     13,      5,     34,     50,     58,     12,     21,     12,      4,      8,      0,.,.,      4,     13,      5,     34,     50,      0,      0,      0,      0,      0,      0,      0,      0,      0,      0,      0,      0,      0,      0,    40.7,    45.0,    61.6,    63.7,    40.4,    44.6,    61.4,    63.1,    40.7,    45.0,    61.6,    63.7,    40.4,    44.6,    61.4,    63.1,     0.0,     0.0,     0.0,     0.0,     0.0,     0.0,     0.0,     0.0,"(55,116 US Pounds-25 MT)",191693,CMX ,191 ,N25,FutOnly
ALUMINIUM EURO PREM DUTY-PAID - COMMODITY EXCHANGE INC.,260901,2026-09-01,191696,CMX ,01,191 ,   14066,    3252,    7194,    6109,    1148,     138,       0,    1276,       4,    1891,    1696,       0,   11394,   11456,    2672,    2610,   14066,    3252,    7194,    6109,    1148,     138,       0,    1276,       4,    1891,    1696,       0,   11394,   11456,    2672,    2610,       0,       0,       0,       0,       0,       0,       0,       0,       0,       0,       0,       0,       0,       0,       0,       0,     535,    -210,    -699,    -604,    -312,     -88,       0,     279,     -99,    -610,   -1120,       0,   -1611,   -2039,    2146,    2574,  100.0,   23.1,   51.1,   43.4,    8.2,    1.0,    0.0,    9.1,    0.0,   13.4,   12.1,    0.0,   81.0,   81.4,   19.0,   18.6,  100.0,   23.1,   51.1,   43.4,    8.2,    1.0,    0.0,    9.1,    0.0,   13.4,   12.1,    0.0,   81.0,   81.4,   19.0,   18.6,  100.0,    0.0,    0.0,    0.0,    0.0,    0.0,    0.0,    0.0,    0.0,    0.0,    0.0,    0.0,    0.0,    0.0,    0.0,    0.0,     29,      9,     13,      6,.,.,      0,.,.,      4,.,      0,     20,     21,     29,      9,     13,      6,.,.,      0,.,.,      4,.,      0,     20,     21,      0,      0,      0,      0,      0,      0,      0,      0,      0,      0,      0,      0,      0,      0,    46.9,    39.9,    67.2,    61.5,    46.5,    38.5,    65.1,    58.9,    46.9,    39.9,    67.2,    61.5,    46.5,    38.5,    65.1,    58.9,     0.0,     0.0,     0.0,     0.0,     0.0,     0.0,     0.0,     0.0,(25 METRIC TONS),191696,CMX ,191 ,N25,FutOnly
STEEL-HRC - COMMODITY EXCHANGE INC.,260901,2026-09-01,192651,CMX ,01,192 ,   38827,   11749,   33758,   13597,      50,     493,    8450,    1463,     241,    2039,     961,    1752,   38321,   38718,     506,     109,   38827,   11749,   33758,   13597,      50,     493,    8450,    1463,     241,    2039,     961,    1752,   38321,   38718,     506,     109,       0,       0,       0,       0,       0,       0,       0,       0,       0,       0,       0,       0,       0,       0,       0,       0,   -5527,   -2542,   -4896,   -2114,     -50,     237,    -687,      20,    -214,    -385,    -732,     107,   -5598,   -5528,      71,       1,  100.0,   30.3,   86.9,   35.0,    0.1,    1.3,   21.8,    3.8,    0.6,    5.3,    2.5,    4.5,   98.7,   99.7,    1.3,    0.3,  100.0,   30.3,   86.9,   35.0,    0.1,    1.3,   21.8,    3.8,    0.6,    5.3,    2.5,    4.5,   98.7,   99.7,    1.3,    0.3,  100.0,    0.0,    0.0,    0.0,    0.0,    0.0,    0.0,    0.0,    0.0,    0.0,    0.0,    0.0,    0.0,    0.0,    0.0,    0.0,     64,     22,     17,      6,.,.,     13,      4,.,      7,      8,      9,     54,     37,     64,     22,     17,      6,.,.,     13,      4,.,      7,      8,      9,     54,     37,      0,      0,      0,      0,      0,      0,      0,      0,      0,      0,      0,      0,      0,      0,    40.4,    79.4,    62.4,    84.9,    39.1,    76.9,    60.8,    81.0,    40.4,    79.4,    62.4,    84.9,    39.1,    76.9,    60.8,    81.0,     0.0,     0.0,     0.0,     0.0,     0.0,     0.0,     0.0,     0.0,(CONTRACTS OF 20 SHORT TONS),192651,CMX ,192 ,N25,FutOnly
NORTH EURO HOT-ROLL COIL STEEL - COMMODITY EXCHANGE INC.,260901,2026-09-01,192691,CMX ,01,192 ,    9733,    5305,    7830,     761,     200,     154,    1140,       0,     626,    1523,     798,      40,    9549,    9648,     184,      85,    9733,    5305,    7830,     761,     200,     154,    1140,       0,     626,    1523,     798,      40,    9549,    9648,     184,      85,       0,       0,       0,       0,       0,       0,       0,       0,       0,       0,       0,       0,       0,       0,       0,       0,     235,     305,     155,     145,    -100,     100,    -315,       0,      70,     -65,       0,       0,     240,     225,      -5,      10,  100.0,   54.5,   80.4,    7.8,    2.1,    1.6,   11.7,    0.0,    6.4,   15.6,    8.2,    0.4,   98.1,   99.1,    1.9,    0.9,  100.0,   54.5,   80.4,    7.8,    2.1,    1.6,   11.7,    0.0,    6.4,   15.6,    8.2,    0.4,   98.1,   99.1,    1.9,    0.9,  100.0,    0.0,    0.0,    0.0,    0.0,    0.0,    0.0,    0.0,    0.0,    0.0,    0.0,    0.0,    0.0,    0.0,    0.0,    0.0,     25,     10,      5,      4,.,.,.,      0,.,      4,.,.,     23,     11,     25,     10,      5,      4,.,.,.,      0,.,      4,.,.,     23,     11,      0,      0,      0,      0,      0,      0,      0,      0,      0,      0,      0,      0,      0,      0,    73.3,    86.6,    85.4,    98.2,    63.1,    80.2,    73.7,    82.3,    73.3,    86.6,    85.4,    98.2,    63.1,    80.2,    73.7,    82.3,     0.0,     0.0,     0.0,     0.0,     0.0,     0.0,     0.0,     0.0,(20 Metric Tons),192691,CMX ,192 ,N25,FutOnly
PGP PROPYLENE (PCW) CAL - NEW YORK MERCANTILE EXCHANGE,260901,2026-09-01,406651,NYME,01,406 ,    8428,    1755,     959,    2876,     101,      10,     560,       0,       0,    1721,    5944,    1379,    8301,    8393,     127,      35,    8428,    1755,     959,    2876,     101,      10,     560,       0,       0,    1721,    5944,    1379,    8301,    8393,     127,      35,       0,       0,       0,       0,       0,       0,       0,       0,       0,       0,       0,       0,       0,       0,       0,       0,     422,     120,      36,     132,       0,       0,      77,       0,       0,      82,     375,      11,     422,     422,       0,       0,  100.0,   20.8,   11.4,   34.1,    1.2,    0.1,    6.6,    0.0,    0.0,   20.4,   70.5,   16.4,   98.5,   99.6,    1.5,    0.4,  100.0,   20.8,   11.4,   34.1,    1.2,    0.1,    6.6,    0.0,    0.0,   20.4,   70.5,   16.4,   98.5,   99.6,    1.5,    0.4,  100.0,    0.0,    0.0,    0.0,    0.0,    0.0,    0.0,    0.0,    0.0,    0.0,    0.0,    0.0,    0.0,    0.0,    0.0,    0.0,     22,      5,      5,.,.,.,.,      0,      0,      6,      4,      7,     18,     15,     22,      5,      5,.,.,.,.,      0,      0,      6,      4,      7,     18,     15,      0,      0,      0,      0,      0,      0,      0,      0,      0,      0,      0,      0,      0,      0,    52.1,    82.6,    76.1,    92.4,    49.4,    76.2,    69.0,    79.5,    52.1,    82.6,    76.1,    92.4,    49.4,    76.2,    69.0,    79.5,     0.0,     0.0,     0.0,     0.0,     0.0,     0.0,     0.0,     0.0,"(CONTRACTS OF 100,000 POUNDS)",406651,NYME,406 ,N40,FutOnly
GULF JET NY HEAT OIL SPR - NEW YORK MERCANTILE EXCHANGE,260901,2026-09-01,86465A,NYME,01,864 ,   13372,    8871,   12863,    3771,       0,     143,       0,       0,       0,     100,       0,       0,   12885,   13006,     487,     366,   13372,    8871,   12863,    3771,       0,     143,       0,       0,       0,     100,       0,       0,   12885,   13006,     487,     366,       0,       0,       0,       0,       0,       0,       0,       0,       0,       0,       0,       0,       0,       0,       0,       0,     256,     284,    -107,    -322,       0,      -3,       0,       0,       0,       0,       0,       0,     -41,    -110,     297,     366,  100.0,   66.3,   96.2,   28.2,    0.0,    1.1,    0.0,    0.0,    0.0,    0.7,    0.0,    0.0,   96.4,   97.3,    3.6,    2.7,  100.0,   66.3,   96.2,   28.2,    0.0,    1.1,    0.0,    0.0,    0.0,    0.7,    0.0,    0.0,   96.4,   97.3,    3.6,    2.7,  100.0,    0.0,    0.0,    0.0,    0.0,    0.0,    0.0,    0.0,    0.0,    0.0,    0.0,    0.0,    0.0,    0.0,    0.0,    0.0,     37,     23,     17,      8,      0,.,      0,      0,      0,.,      0,      0,     32,     19,     37,     23,     17,      8,      0,.,      0,      0,      0,.,      0,      0,     32,     19,      0,      0,      0,      0,      0,      0,      0,      0,      0,      0,      0,      0,      0,      0,    37.8,    70.9,    58.9,    87.2,    29.2,    54.0,    44.0,    62.2,    37.8,    70.9,    58.9,    87.2,    29.2,    54.0,    44.0,    62.2,     0.0,     0.0,     0.0,     0.0,     0.0,     0.0,     0.0,     0.0,"(CONTRACTS OF 42,000 GALLONS)",86465A,NYME,864 ,N10,FutOnly
GULF # 6 FUEL OIL CRACK - NEW YORK MERCANTILE EXCHANGE,260901,2026-09-01,86565A,NYME,01,865 ,   10870,    4902,    6378,    1780,       0,    1100,     475,     200,     735,     165,     744,    1713,   10870,   10870,       0,       0,   10870,    4902,    6378,    1780,       0,    1100,     475,     200,     735,     165,     744,    1713,   10870,   10870,       0,       0,       0,       0,       0,       0,       0,       0,       0,       0,       0,       0,       0,       0,       0,       0,       0,       0,     900,     300,     225,     545,       0,      25,    -470,       0,     350,     -25,     125,     175,     900,     900,       0,       0,  100.0,   45.1,   58.7,   16.4,    0.0,   10.1,    4.4,    1.8,    6.8,    1.5,    6.8,   15.8,  100.0,  100.0,    0.0,    0.0,  100.0,   45.1,   58.7,   16.4,    0.0,   10.1,    4.4,    1.8,    6.8,    1.5,    6.8,   15.8,  100.0,  100.0,    0.0,    0.0,  100.0,    0.0,    0.0,    0.0,    0.0,    0.0,    0.0,    0.0,    0.0,    0.0,    0.0,    0.0,    0.0,    0.0,    0.0,    0.0,     31,     16,     11,      4,      0,.,.,.,.,.,      5,      5,     28,     21,     31,     16,     11,      4,      0,.,.,.,.,.,      5,      5,     28,     21,      0,      0,      0,      0,      0,      0,      0,      0,      0,      0,      0,      0,      0,      0,    52.8,    52.5,    78.5,    76.2,    26.8,    30.1,    37.6,    39.6,    52.8,    52.5,    78.5,    76.2,    26.8,    30.1,    37.6,    39.6,     0.0,     0.0,     0.0,     0.0,     0.0,     0.0,     0.0,     0.0,"(CONTRACTS OF 1,000 BARRELS)",86565A,NYME,865 ,N10,FutOnly
