WHEAT-SRW - CHICAGO BOARD OF TRADE,261006,2026-10-06,001602,CBT ,00,001 ,  497181,   72558,  129327,   87941,   17502,   20840,   86954,  115784,  122486,   37213,   24431,   32876,  460868,  463246,   36313,   33935,  412356,   55540,   99535,   80479,   13504,   11670,   76937,  128279,   92299,   44762,   23533,   18423,  380110,  387243,   32246,   25113,   84825,   17018,   29792,   16243,   12779,     389,   33763,   11251,    6441,    3630,   12077,    3274,   80758,   76003,    4067,    8822,   14039,    4872,    4446,    -816,    -609,    1105,    4207,   10928,   -3041,    4800,   -2335,    1461,   12588,   11955,    1451,    2084,  100.0,   14.6,   26.0,   17.7,    3.5,    4.2,   17.5,   23.3,   24.6,    7.5,    4.9,    6.6,   92.7,   93.2,    7.3,    6.8,  100.0,   13.5,   24.1,   19.5,    3.3,    2.8,   18.7,   31.1,   22.4,   10.9,    5.7,    4.5,   92.2,   93.9,    7.8,    6.1,  100.0,   20.1,   35.1,   19.1,   15.1,    0.5,   39.8,   13.3,    7.6,    4.3,   14.2,    3.9,   95.2,   89.6,    4.8,   10.4,    409,     67,     93,     27,      8,     14,     81,     50,     71,     71,     46,     65,    318,    289,    406,     60,     89,     27,      8,     11,     74,     56,     65,     80,     42,     50,    301,    268,    220,     28,     76,     15,      7,      4,     40,     16,     17,     11,     43,     15,    114,    160,    12.1,    13.2,    19.8,    22.4,     8.2,     8.1,    14.2,    13.3,    11.2,    15.7,    18.7,    26.8,     8.1,     9.7,    14.2,    16.7,    27.6,    24.5,    41.8,    37.1,    27.2,    22.5,    41.4,    33.2,"(CONTRACTS OF 5,000 BUSHELS)",001602,CBT ,001 ,A10,FutOnly
WHEAT-HRW - CHICAGO BOARD OF TRADE,261006,2026-10-06,001612,CBT ,00,001 ,  312096,   22482,  118113,   80154,    3018,   10524,   68775,   45522,   77314,   15607,   19790,   17386,  292242,  291667,   19854,   20429,  262336,   16075,   97982,   73179,    3403,    7457,   65511,   50760,   56881,   15698,   20755,   10505,  245306,  247743,   17030,   14593,   49760,    6407,   20131,    9718,    2358,     324,   22541,   14039,    1156,    5317,    4443,    1473,   46936,   43924,    2824,    5836,    5573,    4109,     863,   -1056,     410,    1180,   -2236,    5188,    -632,    4977,    -553,     194,    6536,    6650,    -963,   -1077,  100.0,    7.2,   37.8,   25.7,    1.0,    3.4,   22.0,   14.6,   24.8,    5.0,    6.3,    5.6,   93.6,   93.5,    6.4,    6.5,  100.0,    6.1,   37.3,   27.9,    1.3,    2.8,   25.0,   19.3,   21.7,    6.0,    7.9,    4.0,   93.5,   94.4,    6.5,    5.6,  100.0,   12.9,   40.5,   19.5,    4.7,    0.7,   45.3,   28.2,    2.3,   10.7,    8.9,    3.0,   94.3,   88.3,    5.7,   11.7,    283,     53,     84,     19,      7,     12,     62,     30,     49,     34,     32,     33,    209,    212,    281,     47,     81,     20,      6,     11,     56,     36,     46,     32,     36,     28,    198,    203,    163,     20,     65,     13,      6,      4,     28,     10,      7,     13,     23,     10,     84,    116,    13.0,    12.1,    22.8,    21.2,    11.1,     9.6,    18.9,    15.6,    14.9,    14.3,    25.4,    24.3,    12.8,    11.5,    21.9,    18.6,    29.3,    26.2,    42.9,    38.1,    29.0,    24.2,    42.3,    34.6,"(CONTRACTS OF 5,000 BUSHELS)",001612,CBT ,001 ,A10,FutOnly
WHEAT-HRSpring - MIAX FUTURES EXCHANGE,261006,2026-10-06,001626,MGE ,00,001 ,   74989,   32951,   54545,    7731,     534,     123,   17580,    5911,    1057,    1838,    1160,    2894,   64174,   66224,   10815,    8765,   72913,   32446,   52785,    7565,     534,     123,   17210,    5919,    1049,    1818,    1523,    2477,   62688,   64410,   10225,    8503,    2076,     505,    1760,     166,       0,       0,     378,       0,       0,     415,      32,      22,    1486,    1814,     590,     262,   -5520,   -2024,   -5932,      87,     124,       1,   -3495,    1042,    -402,      -9,    -269,    -302,   -6144,   -5738,     624,     218,  100.0,   43.9,   72.7,   10.3,    0.7,    0.2,   23.4,    7.9,    1.4,    2.5,    1.5,    3.9,   85.6,   88.3,   14.4,   11.7,  100.0,   44.5,   72.4,   10.4,    0.7,    0.2,   23.6,    8.1,    1.4,    2.5,    2.1,    3.4,   86.0,   88.3,   14.0,   11.7,  100.0,   24.3,   84.8,    8.0,    0.0,    0.0,   18.2,    0.0,    0.0,   20.0,    1.5,    1.1,   71.6,   87.4,   28.4,   12.6,    118,     55,     43,      7,.,      5,     12,     12,      6,      9,      8,      7,     90,     75,    118,     55,     42,      7,.,      5,     12,     12,      5,      7,     10,      7,     89,     74,     44,      8,     29,.,      0,      0,.,      0,      0,.,.,.,     16,     32,    23.7,    28.7,    36.4,    46.8,    23.7,    28.4,    35.9,    45.5,    24.4,    28.9,    37.3,    47.1,    24.4,    28.6,    36.8,    46.1,    40.5,    45.0,    61.3,    62.2,    40.4,    45.0,    58.4,    62.2,"(CONTRACTS OF 5,000 BUSHELS)",001626,MGE ,001 ,A10,FutOnly
CORN - CHICAGO BOARD OF TRADE,261006,2026-10-06,002602,CBT ,00,002 , 1859993,  362038, 1050415,  307708,   30283,   54849,  393249,   63410,  287623,  188462,   65828,  125294, 1719223, 1677702,  140770,  182291, 1722608,  324167,  978838,  298103,   26767,   51789,  364754,   87861,  251864,  205052,   65757,   96899, 1592628, 1559775,  129980,  162833,  137385,   37871,   71577,   12511,    6422,     154,   63379,   10433,     875,    7341,   24002,    4464,  126595,  117927,   10790,   19458,    2676,   12709,  -31899,  -13766,   -6714,    8018,  -46594,    4787,   -2752,   -4547,    1100,   41889,   -5043,   14429,    7719,  -11753,  100.0,   19.5,   56.5,   16.5,    1.6,    2.9,   21.1,    3.4,   15.5,   10.1,    3.5,    6.7,   92.4,   90.2,    7.6,    9.8,  100.0,   18.8,   56.8,   17.3,    1.6,    3.0,   21.2,    5.1,   14.6,   11.9,    3.8,    5.6,   92.5,   90.5,    7.5,    9.5,  100.0,   27.6,   52.1,    9.1,    4.7,    0.1,   46.1,    7.6,    0.6,    5.3,   17.5,    3.2,   92.1,   85.8,    7.9,   14.2,    867,    287,    351,     30,     14,     23,    109,     46,     91,    107,     97,     90,    631,    633,    862,    275,    346,     31,     13,     21,    109,     48,     85,    109,     96,     80,    607,    618,    436,     68,    252,     15,      7,.,     29,     12,      7,     23,     57,     26,    150,    349,     9.1,    11.6,    16.5,    18.6,     8.0,    10.0,    14.0,    16.2,     9.7,    11.0,    17.3,    18.5,     8.9,     9.7,    15.0,    15.8,    35.9,    23.4,    49.4,    36.0,    35.9,    23.2,    49.4,    35.2,"(CONTRACTS OF 5,000 BUSHELS)",002602,CBT ,002 ,A10,FutOnly
OATS - CHICAGO BOARD OF TRADE,261006,2026-10-06,004603,CBT ,00,004 ,    3866,     323,    1844,       0,       0,       0,    1166,      66,       0,     287,     628,     195,    1971,    2733,    1895,    1133,    3853,     323,    1844,       0,       0,       0,    1166,      66,       0,     287,     624,     191,    1967,    2725,    1886,    1128,      13,       0,       0,       0,       0,       0,       0,       0,       0,       0,       4,       4,       4,       8,       9,       5,.,.,.,.,.,.,.,.,.,.,.,.,.,.,.,.,  100.0,    8.4,   47.7,    0.0,    0.0,    0.0,   30.2,    1.7,    0.0,    7.4,   16.2,    5.0,   51.0,   70.7,   49.0,   29.3,  100.0,    8.4,   47.9,    0.0,    0.0,    0.0,   30.3,    1.7,    0.0,    7.4,   16.2,    5.0,   51.1,   70.7,   48.9,   29.3,  100.0,    0.0,    0.0,    0.0,    0.0,    0.0,    0.0,    0.0,    0.0,    0.0,   30.8,   30.8,   30.8,   61.5,   69.2,   38.5,     20,      4,      9,      0,      0,      0,      5,.,      0,.,.,.,     12,     13,     20,      4,      9,      0,      0,      0,      5,.,      0,.,.,.,     12,     13,.,      0,      0,      0,      0,      0,      0,      0,      0,      0,.,.,.,.,    32.2,    47.1,    43.3,    64.7,    32.2,    42.4,    41.5,    59.0,    32.3,    47.1,    43.3,    64.7,    32.3,    42.5,    41.6,    59.1,    30.8,    61.5,    30.8,    61.5,     0.0,    30.8,     0.0,    30.8,"(CONTRACTS OF 5,000 BUSHELS)",004603,CBT ,004 ,A10,FutOnly
SOYBEANS - CHICAGO BOARD OF TRADE,261006,2026-10-06,005602,CBT ,00,005 , 1121298,  338185,  649952,  126785,   65015,   22224,  289942,   31876,  140932,   71025,   55195,   81301, 1070394, 1046495,   50904,   74803, 1056071,  318572,  611881,  122625,   66256,   19677,  276274,   34800,  131157,   71535,   53103,   70090, 1009930,  986964,   46141,   69107,   65227,   19613,   38071,    6255,     854,     452,   20897,    4305,    2546,    3415,    6017,    7286,   60464,   59531,    4763,    5696,   31071,   -3411,   17211,    2801,    -799,     942,    9067,   -2441,    8226,    6517,    1001,    5938,   30080,   30078,     991,     993,  100.0,   30.2,   58.0,   11.3,    5.8,    2.0,   25.9,    2.8,   12.6,    6.3,    4.9,    7.3,   95.5,   93.3,    4.5,    6.7,  100.0,   30.2,   57.9,   11.6,    6.3,    1.9,   26.2,    3.3,   12.4,    6.8,    5.0,    6.6,   95.6,   93.5,    4.4,    6.5,  100.0,   30.1,   58.4,    9.6,    1.3,    0.7,   32.0,    6.6,    3.9,    5.2,    9.2,   11.2,   92.7,   91.3,    7.3,    8.7,    624,    166,    257,     22,     19,     19,    110,     32,     70,     63,     85,     91,    449,    504,    622,    165,    256,     22,     19,     17,    108,     35,     68,     66,     84,     86,    443,    497,    292,     33,    167,     13,      6,      6,     26,      9,      8,     18,     32,     19,     99,    242,    10.3,    15.3,    18.1,    25.2,     8.1,    12.5,    13.9,    19.2,    10.9,    14.9,    19.0,    24.7,     8.5,    12.9,    14.7,    19.2,    30.1,    36.5,    44.4,    52.3,    29.6,    36.5,    40.6,    49.0,"(CONTRACTS OF 5,000 BUSHELS)",005602,CBT ,005 ,A30,FutOnly
MINI SOYBEANS - CHICAGO BOARD OF TRADE,261006,2026-10-06,005603,CBT ,00,005 ,   25114,      29,    8898,       0,       0,       0,       0,     140,      20,   21822,     928,     882,   22753,   10868,    2361,   14246,   22525,      29,    7256,       0,       0,       0,       0,       0,       0,   20375,     914,     882,   21286,    9052,    1239,   13473,    2589,       0,    1642,       0,       0,       0,       0,     140,      20,    1447,      14,       0,    1467,    1816,    1122,     773,   -4681,      21,    -447,       0,       0,       0,       0,       0,       0,   -4697,    -189,      21,   -4655,    -615,     -26,   -4066,  100.0,    0.1,   35.4,    0.0,    0.0,    0.0,    0.0,    0.6,    0.1,   86.9,    3.7,    3.5,   90.6,   43.3,    9.4,   56.7,  100.0,    0.1,   32.2,    0.0,    0.0,    0.0,    0.0,    0.0,    0.0,   90.5,    4.1,    3.9,   94.5,   40.2,    5.5,   59.8,  100.0,    0.0,   63.4,    0.0,    0.0,    0.0,    0.0,    5.4,    0.8,   55.9,    0.5,    0.0,   56.7,   70.1,   43.3,   29.9,     23,.,     12,      0,      0,      0,      0,.,.,      6,      4,      4,     11,     19,     22,.,     12,      0,      0,      0,      0,      0,      0,      6,      4,      4,     10,     18,     16,      0,     10,      0,      0,      0,      0,.,.,.,.,      0,      4,     13,    84.7,    28.5,    90.4,    34.5,    84.7,    28.1,    86.9,    33.0,    89.8,    24.9,    94.4,    31.4,    89.8,    24.3,    90.5,    29.6,    56.7,    66.5,    56.7,    69.1,    55.9,    65.7,    55.9,    68.4,"(Contracts of 1,000 Bushels)",005603,CBT ,005 ,A30,FutOnly
NJ SRECS - ICE FUTURES ENERGY DIV,261006,2026-10-06,0063CC,IFED,01,006 ,  139628,   98655,   87248,    7000,    2670,     200,       0,    1367,       0,   30593,   44940,    3180,  139628,  139605,       0,      23,  139628,   98655,   87248,    7000,    2670,     200,       0,    1367,       0,   30593,   44940,    3180,  139628,  139605,       0,      23,       0,       0,       0,       0,       0,       0,       0,       0,       0,       0,       0,       0,       0,       0,       0,       0,   -1050,   -1050,   -1250,       0,       0,       0,       0,     200,       0,       0,       0,       0,   -1050,   -1050,       0,       0,  100.0,   70.7,   62.5,    5.0,    1.9,    0.1,    0.0,    1.0,    0.0,   21.9,   32.2,    2.3,  100.0,  100.0,    0.0,    0.0,  100.0,   70.7,   62.5,    5.0,    1.9,    0.1,    0.0,    1.0,    0.0,   21.9,   32.2,    2.3,  100.0,  100.0,    0.0,    0.0,  100.0,    0.0,    0.0,    0.0,    0.0,    0.0,    0.0,    0.0,    0.0,    0.0,    0.0,    0.0,    0.0,    0.0,    0.0,    0.0,     36,     16,      8,.,.,.,      0,.,      0,      6,      4,      5,     26,     20,     36,     16,      8,.,.,.,      0,.,      0,      6,      4,      5,     26,     20,      0,      0,      0,      0,      0,      0,      0,      0,      0,      0,      0,      0,      0,      0,    51.7,    87.3,    75.7,    95.3,    51.7,    86.6,    75.7,    93.1,    51.7,    87.3,    75.7,    95.3,    51.7,    86.6,    75.7,    93.1,     0.0,     0.0,     0.0,     0.0,     0.0,     0.0,     0.0,     0.0,(10 SRECs),0063CC,IFED,006 ,N60,FutOnly
PJM TRI-RECs CLASS 1  - ICE FUTURES ENERGY DIV,261006,2026-10-06,0063CH,IFED,01,006 ,  242838,  174628,  159647,    7965,     245,       0,     660,    5506,     144,   32760,   50615,   26681,  242838,  242838,       0,       0,  242838,  174628,  159647,    7965,     245,       0,     660,    5506,     144,   32760,   50615,   26681,  242838,  242838,       0,       0,       0,       0,       0,       0,       0,       0,       0,       0,       0,       0,       0,       0,       0,       0,       0,       0,    -544,   -2455,   -1094,       0,       0,       0,     -28,      50,       0,    1689,     250,     250,    -544,    -544,       0,       0,  100.0,   71.9,   65.7,    3.3,    0.1,    0.0,    0.3,    2.3,    0.1,   13.5,   20.8,   11.0,  100.0,  100.0,    0.0,    0.0,  100.0,   71.9,   65.7,    3.3,    0.1,    0.0,    0.3,    2.3,    0.1,   13.5,   20.8,   11.0,  100.0,  100.0,    0.0,    0.0,  100.0,    0.0,    0.0,    0.0,    0.0,    0.0,    0.0,    0.0,    0.0,    0.0,    0.0,    0.0,    0.0,    0.0,    0.0,    0.0,     46,     20,     15,.,.,      0,.,.,.,      7,      7,      8,     35,     30,     46,     20,     15,.,.,      0,.,.,.,      7,      7,      8,     35,     30,      0,      0,      0,      0,      0,      0,      0,      0,      0,      0,      0,      0,      0,      0,    47.2,    58.2,    70.2,    75.3,    40.1,    58.2,    62.2,    72.0,    47.2,    58.2,    70.2,    75.3,    40.1,    58.2,    62.2,    72.0,     0.0,     0.0,     0.0,     0.0,     0.0,     0.0,     0.0,     0.0,(100 MWh of renewable energy certificates),0063CH,IFED,006 ,N60,FutOnly
CALIF LOW CARBON FSC-OPIS  - ICE FUTURES ENERGY DIV,261006,2026-10-06,0063CU,IFED,01,006 ,  121485,    5510,   87893,   44204,    2382,       0,   65034,       0,    2374,    3263,   27756,    1080,  121465,  121485,      20,       0,  121485,    5510,   87893,   44204,    2382,       0,   65034,       0,    2374,    3263,   27756,    1080,  121465,  121485,      20,       0,       0,       0,       0,       0,       0,       0,       0,       0,       0,       0,       0,       0,       0,       0,       0,       0,    -413,    -367,    -755,       0,     360,       0,     -31,       0,    -127,    -230,    -238,     348,    -407,    -412,      -6,      -1,  100.0,    4.5,   72.3,   36.4,    2.0,    0.0,   53.5,    0.0,    2.0,    2.7,   22.8,    0.9,  100.0,  100.0,    0.0,    0.0,  100.0,    4.5,   72.3,   36.4,    2.0,    0.0,   53.5,    0.0,    2.0,    2.7,   22.8,    0.9,  100.0,  100.0,    0.0,    0.0,  100.0,    0.0,    0.0,    0.0,    0.0,    0.0,    0.0,    0.0,    0.0,    0.0,    0.0,    0.0,    0.0,    0.0,    0.0,    0.0,     54,      9,     10,.,.,      0,     18,      0,.,     10,      5,.,     42,     21,     54,      9,     10,.,.,      0,     18,      0,.,     10,      5,.,     42,     21,      0,      0,      0,      0,      0,      0,      0,      0,      0,      0,      0,      0,      0,      0,    64.9,    79.6,    79.0,    94.7,    64.9,    78.5,    78.0,    93.7,    64.9,    79.6,    79.0,    94.7,    64.9,    78.5,    78.0,    93.7,     0.0,     0.0,     0.0,     0.0,     0.0,     0.0,     0.0,     0.0,(100 LCFS Credits- each of 1 MT),0063CU,IFED,006 ,N60,FutOnly
D6 RINs OPIS CURRENT YEAR - ICE FUTURES ENERGY DIV,261006,2026-10-06,0063CW,IFED,01,006 ,   30401,    5403,    7785,    1541,    2879,     101,    3255,    1721,    2597,   10308,    8077,    7058,   30263,   30218,     138,     183,   30401,    5403,    7785,    1541,    2879,     101,    3255,    1721,    2597,   10308,    8077,    7058,   30263,   30218,     138,     183,       0,       0,       0,       0,       0,       0,       0,       0,       0,       0,       0,       0,       0,       0,       0,       0,     576,     459,    -235,     248,    1447,    -105,     140,     402,    -645,     456,    -304,      66,     619,     626,     -43,     -50,  100.0,   17.8,   25.6,    5.1,    9.5,    0.3,   10.7,    5.7,    8.5,   33.9,   26.6,   23.2,   99.5,   99.4,    0.5,    0.6,  100.0,   17.8,   25.6,    5.1,    9.5,    0.3,   10.7,    5.7,    8.5,   33.9,   26.6,   23.2,   99.5,   99.4,    0.5,    0.6,  100.0,    0.0,    0.0,    0.0,    0.0,    0.0,    0.0,    0.0,    0.0,    0.0,    0.0,    0.0,    0.0,    0.0,    0.0,    0.0,     78,     10,     13,.,.,.,      6,      7,      6,     19,     23,     12,     48,     56,     78,     10,     13,.,.,.,      6,      7,      6,     19,     23,     12,     48,     56,      0,      0,      0,      0,      0,      0,      0,      0,      0,      0,      0,      0,      0,      0,    60.2,    41.8,    77.6,    62.9,    42.6,    30.2,    54.5,    43.1,    60.2,    41.8,    77.6,    62.9,    42.6,    30.2,    54.5,    43.1,     0.0,     0.0,     0.0,     0.0,     0.0,     0.0,     0.0,     0.0,"(50,000 RINs)",0063CW,IFED,006 ,N60,FutOnly
PA SOLAR ALTER ENERGY CREDIT - ICE FUTURES ENERGY DIV,261006,2026-10-06,0063DA,IFED,01,006 ,   26070,    9495,   24950,     675,       0,       0,       0,       0,       0,   15900,    1120,       0,   26070,   26070,       0,       0,   26070,    9495,   24950,     675,       0,       0,       0,       0,       0,   15900,    1120,       0,   26070,   26070,       0,       0,       0,       0,       0,       0,       0,       0,       0,       0,       0,       0,       0,       0,       0,       0,       0,       0,     900,       0,     900,       0,       0,       0,       0,       0,       0,     900,       0,       0,     900,     900,       0,       0,  100.0,   36.4,   95.7,    2.6,    0.0,    0.0,    0.0,    0.0,    0.0,   61.0,    4.3,    0.0,  100.0,  100.0,    0.0,    0.0,  100.0,   36.4,   95.7,    2.6,    0.0,    0.0,    0.0,    0.0,    0.0,   61.0,    4.3,    0.0,  100.0,  100.0,    0.0,    0.0,  100.0,    0.0,    0.0,    0.0,    0.0,    0.0,    0.0,    0.0,    0.0,    0.0,    0.0,    0.0,    0.0,    0.0,    0.0,    0.0,     23,     10,      4,.,      0,      0,      0,      0,      0,      5,.,      0,     17,      7,     23,     10,      4,.,      0,      0,      0,      0,      0,      5,.,      0,     17,      7,      0,      0,      0,      0,      0,      0,      0,      0,      0,      0,      0,      0,      0,      0,    64.6,    96.5,    82.9,   100.0,    64.6,    93.9,    81.9,    96.2,    64.6,    96.5,    82.9,   100.0,    64.6,    93.9,    81.9,    96.2,     0.0,     0.0,     0.0,     0.0,     0.0,     0.0,     0.0,     0.0,(10 PA SRECs),0063DA,IFED,006 ,N60,FutOnly
CALIF CARBON CURRENT AUCTION - ICE FUTURES ENERGY DIV,261006,2026-10-06,0063DB,IFED,01,006 ,   51965,   13142,    3665,   12075,   15581,     505,    2840,   10506,    2414,   13295,   11606,    7688,   51959,   51965,       6,       0,   51965,   13142,    3665,   12075,   15581,     505,    2840,   10506,    2414,   13295,   11606,    7688,   51959,   51965,       6,       0,       0,       0,       0,       0,       0,       0,       0,       0,       0,       0,       0,       0,       0,       0,       0,       0,   -2953,    -619,     -56,   -6540,    -761,     505,    -450,   -1369,     859,    2118,   -3305,    1174,   -2953,   -2953,       0,       0,  100.0,   25.3,    7.1,   23.2,   30.0,    1.0,    5.5,   20.2,    4.6,   25.6,   22.3,   14.8,  100.0,  100.0,    0.0,    0.0,  100.0,   25.3,    7.1,   23.2,   30.0,    1.0,    5.5,   20.2,    4.6,   25.6,   22.3,   14.8,  100.0,  100.0,    0.0,    0.0,  100.0,    0.0,    0.0,    0.0,    0.0,    0.0,    0.0,    0.0,    0.0,    0.0,    0.0,    0.0,    0.0,    0.0,    0.0,    0.0,     49,     11,      6,      5,.,.,.,      4,      4,     13,      5,.,     38,     20,     49,     11,      6,      5,.,.,.,      4,      4,     13,      5,.,     38,     20,      0,      0,      0,      0,      0,      0,      0,      0,      0,      0,      0,      0,      0,      0,    44.5,    84.6,    63.3,    94.5,    35.0,    67.9,    51.9,    76.2,    44.5,    84.6,    63.3,    94.5,    35.0,    67.9,    51.9,    76.2,     0.0,     0.0,     0.0,     0.0,     0.0,     0.0,     0.0,     0.0,"(1,000 California carbon allowances)",0063DB,IFED,006 ,N60,FutOnly
D4 BIODIESEL RINs OPIS CURR YR - ICE FUTURES ENERGY DIV,261006,2026-10-06,0063DG,IFED,01,006 ,   18967,    3043,    7208,    1583,     522,      71,    2539,     416,    2157,    4500,    3664,    4814,   18707,   18852,     260,     115,   18967,    3043,    7208,    1583,     522,      71,    2539,     416,    2157,    4500,    3664,    4814,   18707,   18852,     260,     115,       0,       0,       0,       0,       0,       0,       0,       0,       0,       0,       0,       0,       0,       0,       0,       0,     122,    -103,      -3,     122,    -295,    -208,     158,      56,     137,    -244,     172,     242,     104,     101,      18,      21,  100.0,   16.0,   38.0,    8.3,    2.8,    0.4,   13.4,    2.2,   11.4,   23.7,   19.3,   25.4,   98.6,   99.4,    1.4,    0.6,  100.0,   16.0,   38.0,    8.3,    2.8,    0.4,   13.4,    2.2,   11.4,   23.7,   19.3,   25.4,   98.6,   99.4,    1.4,    0.6,  100.0,    0.0,    0.0,    0.0,    0.0,    0.0,    0.0,    0.0,    0.0,    0.0,    0.0,    0.0,    0.0,    0.0,    0.0,    0.0,     65,     11,     13,      4,.,.,      7,      4,      7,     19,     12,      9,     49,     41,     65,     11,     13,      4,.,.,      7,      4,      7,     19,     12,      9,     49,     41,      0,      0,      0,      0,      0,      0,      0,      0,      0,      0,      0,      0,      0,      0,    45.1,    56.3,    62.9,    69.9,    26.7,    39.7,    39.1,    49.0,    45.1,    56.3,    62.9,    69.9,    26.7,    39.7,    39.1,    49.0,     0.0,     0.0,     0.0,     0.0,     0.0,     0.0,     0.0,     0.0,"(50,000 RINs)",0063DG,IFED,006 ,N60,FutOnly
CT RECs CLASS 1  - ICE FUTURES ENERGY DIV,261006,2026-10-06,0063DK,IFED,01,006 ,   10535,    6225,    7431,    1360,     750,       0,       0,     100,       0,    2950,    2254,       0,   10535,   10535,       0,       0,   10535,    6225,    7431,    1360,     750,       0,       0,     100,       0,    2950,    2254,       0,   10535,   10535,       0,       0,       0,       0,       0,       0,       0,       0,       0,       0,       0,       0,       0,       0,       0,       0,       0,       0,    1250,     500,     750,     750,       0,       0,       0,       0,       0,       0,     500,       0,    1250,    1250,       0,       0,  100.0,   59.1,   70.5,   12.9,    7.1,    0.0,    0.0,    0.9,    0.0,   28.0,   21.4,    0.0,  100.0,  100.0,    0.0,    0.0,  100.0,   59.1,   70.5,   12.9,    7.1,    0.0,    0.0,    0.9,    0.0,   28.0,   21.4,    0.0,  100.0,  100.0,    0.0,    0.0,  100.0,    0.0,    0.0,    0.0,    0.0,    0.0,    0.0,    0.0,    0.0,    0.0,    0.0,    0.0,    0.0,    0.0,    0.0,    0.0,     21,      7,      9,.,.,      0,      0,.,      0,.,.,      0,      9,     14,     21,      7,      9,.,.,      0,      0,.,      0,.,.,      0,      9,     14,      0,      0,      0,      0,      0,      0,      0,      0,      0,      0,      0,      0,      0,      0,    69.0,    59.9,    98.1,    88.5,    69.0,    59.9,    93.6,    87.9,    69.0,    59.9,    98.1,    88.5,    69.0,    59.9,    93.6,    87.9,     0.0,     0.0,     0.0,     0.0,     0.0,     0.0,     0.0,     0.0,(100 MWh of Class 1 Renewable Energy Certificates),0063DK,IFED,006 ,N60,FutOnly
MASS COMPLIANCE RECs CLASS 1  - ICE FUTURES ENERGY DIV,261006,2026-10-06,0063DL,IFED,01,006 ,   21479,   21079,   10589,       0,       0,       0,       0,       0,       0,       0,   10590,     300,   21379,   21479,     100,       0,   21479,   21079,   10589,       0,       0,       0,       0,       0,       0,       0,   10590,     300,   21379,   21479,     100,       0,       0,       0,       0,       0,       0,       0,       0,       0,       0,       0,       0,       0,       0,       0,       0,       0,     300,     200,     300,       0,       0,       0,       0,       0,       0,       0,       0,       0,     200,     300,     100,       0,  100.0,   98.1,   49.3,    0.0,    0.0,    0.0,    0.0,    0.0,    0.0,    0.0,   49.3,    1.4,   99.5,  100.0,    0.5,    0.0,  100.0,   98.1,   49.3,    0.0,    0.0,    0.0,    0.0,    0.0,    0.0,    0.0,   49.3,    1.4,   99.5,  100.0,    0.5,    0.0,  100.0,    0.0,    0.0,    0.0,    0.0,    0.0,    0.0,    0.0,    0.0,    0.0,    0.0,    0.0,    0.0,    0.0,    0.0,    0.0,     25,     10,     13,      0,      0,      0,      0,      0,      0,      0,      6,.,     11,     19,     25,     10,     13,      0,      0,      0,      0,      0,      0,      0,      6,.,     11,     19,      0,      0,      0,      0,      0,      0,      0,      0,      0,      0,      0,      0,      0,      0,    88.5,    62.2,    97.3,    82.5,    88.5,    62.2,    96.3,    81.6,    88.5,    62.2,    97.3,    82.5,    88.5,    62.2,    96.3,    81.6,     0.0,     0.0,     0.0,     0.0,     0.0,     0.0,     0.0,     0.0,100 MWh of Class 1 Renewable Energy Certificates,0063DL,IFED,006 ,N60,FutOnly
MARYLAND COMPLIANCE REC TIER1 - ICE FUTURES ENERGY DIV,261006,2026-10-06,0063DM,IFED,01,006 ,   11641,    9496,    6188,    1775,    1541,       0,       0,       0,       0,     250,    3792,     120,   11641,   11641,       0,       0,   11641,    9496,    6188,    1775,    1541,       0,       0,       0,       0,     250,    3792,     120,   11641,   11641,       0,       0,       0,       0,       0,       0,       0,       0,       0,       0,       0,       0,       0,       0,       0,       0,       0,       0,       0,       0,       0,       0,       0,       0,       0,       0,       0,       0,       0,       0,       0,       0,       0,       0,  100.0,   81.6,   53.2,   15.2,   13.2,    0.0,    0.0,    0.0,    0.0,    2.1,   32.6,    1.0,  100.0,  100.0,    0.0,    0.0,  100.0,   81.6,   53.2,   15.2,   13.2,    0.0,    0.0,    0.0,    0.0,    2.1,   32.6,    1.0,  100.0,  100.0,    0.0,    0.0,  100.0,    0.0,    0.0,    0.0,    0.0,    0.0,    0.0,    0.0,    0.0,    0.0,    0.0,    0.0,    0.0,    0.0,    0.0,    0.0,     23,     10,      7,.,.,      0,      0,      0,      0,.,      5,.,     14,     13,     23,     10,      7,.,.,      0,      0,      0,      0,.,      5,.,     14,     13,      0,      0,      0,      0,      0,      0,      0,      0,      0,      0,      0,      0,      0,      0,    61.6,    63.2,    86.1,    91.4,    61.6,    57.6,    83.1,    85.8,    61.6,    63.2,    86.1,    91.4,    61.6,    57.6,    83.1,    85.8,     0.0,     0.0,     0.0,     0.0,     0.0,     0.0,     0.0,     0.0,(100 Tier 1 RECs),0063DM,IFED,006 ,N60,FutOnly
MARYLAND SOLAR REC - ICE FUTURES ENERGY DIV,261006,2026-10-06,0063DN,IFED,01,006 ,   76931,   48431,   32800,   17750,   40981,       0,       0,       0,       0,   10750,    3150,       0,   76931,   76931,       0,       0,   76931,   48431,   32800,   17750,   40981,       0,       0,       0,       0,   10750,    3150,       0,   76931,   76931,       0,       0,       0,       0,       0,       0,       0,       0,       0,       0,       0,       0,       0,       0,       0,       0,       0,       0,       0,       0,       0,       0,       0,       0,       0,       0,       0,       0,       0,       0,       0,       0,       0,       0,  100.0,   63.0,   42.6,   23.1,   53.3,    0.0,    0.0,    0.0,    0.0,   14.0,    4.1,    0.0,  100.0,  100.0,    0.0,    0.0,  100.0,   63.0,   42.6,   23.1,   53.3,    0.0,    0.0,    0.0,    0.0,   14.0,    4.1,    0.0,  100.0,  100.0,    0.0,    0.0,  100.0,    0.0,    0.0,    0.0,    0.0,    0.0,    0.0,    0.0,    0.0,    0.0,    0.0,    0.0,    0.0,    0.0,    0.0,    0.0,     23,     10,      6,.,.,      0,      0,      0,      0,.,.,      0,     15,     11,     23,     10,      6,.,.,      0,      0,      0,      0,.,.,      0,     15,     11,      0,      0,      0,      0,      0,      0,      0,      0,      0,      0,      0,      0,      0,      0,    69.9,    88.3,    90.4,    97.9,    56.0,    69.7,    70.9,    76.7,    69.9,    88.3,    90.4,    97.9,    56.0,    69.7,    70.9,    76.7,     0.0,     0.0,     0.0,     0.0,     0.0,     0.0,     0.0,     0.0,(10 SRECs),0063DN,IFED,006 ,N60,FutOnly
NEPOOL DUAL RECs CLASS 1  - ICE FUTURES ENERGY DIV,261006,2026-10-06,0063DQ,IFED,01,006 ,   12760,    9910,    4234,     880,       0,       0,       0,       0,       0,    1065,    7546,     905,   12760,   12685,       0,      75,   12760,    9910,    4234,     880,       0,       0,       0,       0,       0,    1065,    7546,     905,   12760,   12685,       0,      75,       0,       0,       0,       0,       0,       0,       0,       0,       0,       0,       0,       0,       0,       0,       0,       0,       0,       0,       0,       0,       0,       0,       0,       0,       0,       0,       0,       0,       0,       0,       0,       0,  100.0,   77.7,   33.2,    6.9,    0.0,    0.0,    0.0,    0.0,    0.0,    8.3,   59.1,    7.1,  100.0,   99.4,    0.0,    0.6,  100.0,   77.7,   33.2,    6.9,    0.0,    0.0,    0.0,    0.0,    0.0,    8.3,   59.1,    7.1,  100.0,   99.4,    0.0,    0.6,  100.0,    0.0,    0.0,    0.0,    0.0,    0.0,    0.0,    0.0,    0.0,    0.0,    0.0,    0.0,    0.0,    0.0,    0.0,    0.0,     22,     11,      8,.,      0,      0,      0,      0,      0,.,.,.,     14,     12,     22,     11,      8,.,      0,      0,      0,      0,      0,.,.,.,     14,     12,      0,      0,      0,      0,      0,      0,      0,      0,      0,      0,      0,      0,      0,      0,    51.1,    67.0,    79.5,    92.0,    44.0,    67.0,    70.5,    85.0,    51.1,    67.0,    79.5,    92.0,    44.0,    67.0,    70.5,    85.0,     0.0,     0.0,     0.0,     0.0,     0.0,     0.0,     0.0,     0.0,100 MWh of Class 1 Renewable Energy Certificates,0063DQ,IFED,006 ,N60,FutOnly
NJ COMPLIANCE RECs CLASS 1 - ICE FUTURES ENERGY DIV,261006,2026-10-06,0063DR,IFED,01,006 ,   28188,   15902,   19741,      50,       0,       0,       0,     750,       0,   12235,    7697,       0,   28187,   28188,       1,       0,   28188,   15902,   19741,      50,       0,       0,       0,     750,       0,   12235,    7697,       0,   28187,   28188,       1,       0,       0,       0,       0,       0,       0,       0,       0,       0,       0,       0,       0,       0,       0,       0,       0,       0,       0,       0,       0,       0,       0,       0,       0,       0,       0,       0,       0,       0,       0,       0,       0,       0,  100.0,   56.4,   70.0,    0.2,    0.0,    0.0,    0.0,    2.7,    0.0,   43.4,   27.3,    0.0,  100.0,  100.0,    0.0,    0.0,  100.0,   56.4,   70.0,    0.2,    0.0,    0.0,    0.0,    2.7,    0.0,   43.4,   27.3,    0.0,  100.0,  100.0,    0.0,    0.0,  100.0,    0.0,    0.0,    0.0,    0.0,    0.0,    0.0,    0.0,    0.0,    0.0,    0.0,    0.0,    0.0,    0.0,    0.0,    0.0,     23,     10,      5,.,      0,      0,      0,.,      0,      4,.,      0,     15,     10,     23,     10,      5,.,      0,      0,      0,.,      0,      4,.,      0,     15,     10,      0,      0,      0,      0,      0,      0,      0,      0,      0,      0,      0,      0,      0,      0,    73.6,    92.2,    91.5,    99.3,    73.6,    92.2,    91.5,    99.3,    73.6,    92.2,    91.5,    99.3,    73.6,    92.2,    91.5,    99.3,     0.0,     0.0,     0.0,     0.0,     0.0,     0.0,     0.0,     0.0,100 MWh of Class 1 Renewable Energy Certificates,0063DR,IFED,006 ,N60,FutOnly
PA COMPLIANCE AECs TIER1 - ICE FUTURES ENERGY DIV,261006,2026-10-06,0063DT,IFED,01,006 ,   52872,   37104,   31707,    1630,    3920,       0,    1100,       0,       0,   11463,   15650,    1575,   52872,   52852,       0,      20,   52872,   37104,   31707,    1630,    3920,       0,    1100,       0,       0,   11463,   15650,    1575,   52872,   52852,       0,      20,       0,       0,       0,       0,       0,       0,       0,       0,       0,       0,       0,       0,       0,       0,       0,       0,    1202,    -298,     616,       0,       0,       0,       0,       0,       0,    1500,     586,       0,    1202,    1202,       0,       0,  100.0,   70.2,   60.0,    3.1,    7.4,    0.0,    2.1,    0.0,    0.0,   21.7,   29.6,    3.0,  100.0,  100.0,    0.0,    0.0,  100.0,   70.2,   60.0,    3.1,    7.4,    0.0,    2.1,    0.0,    0.0,   21.7,   29.6,    3.0,  100.0,  100.0,    0.0,    0.0,  100.0,    0.0,    0.0,    0.0,    0.0,    0.0,    0.0,    0.0,    0.0,    0.0,    0.0,    0.0,    0.0,    0.0,    0.0,    0.0,     36,     16,      6,.,.,      0,.,      0,      0,      7,      5,.,     26,     15,     36,     16,      6,.,.,      0,.,      0,      0,      7,      5,.,     26,     15,      0,      0,      0,      0,      0,      0,      0,      0,      0,      0,      0,      0,      0,      0,    47.3,    72.7,    67.7,    95.1,    47.3,    72.7,    67.7,    94.6,    47.3,    72.7,    67.7,    95.1,    47.3,    72.7,    67.7,    94.6,     0.0,     0.0,     0.0,     0.0,     0.0,     0.0,     0.0,     0.0,(100 AECs),0063DT,IFED,006 ,N60,FutOnly
WASHINGTON CARBON ALL V2026 - ICE FUTURES ENERGY DIV,261006,2026-10-06,0063EA,IFED,01,006 ,    6320,    1552,    1375,     204,    1178,     339,     301,    1662,     290,    3535,    1336,      91,    6312,    6271,       8,      49,    6320,    1552,    1375,     204,    1178,     339,     301,    1662,     290,    3535,    1336,      91,    6312,    6271,       8,      49,       0,       0,       0,       0,       0,       0,       0,       0,       0,       0,       0,       0,       0,       0,       0,       0,      15,       0,      11,       0,       0,       0,     -10,      14,       0,      15,     -10,      10,      15,      25,       0,     -10,  100.0,   24.6,   21.8,    3.2,   18.6,    5.4,    4.8,   26.3,    4.6,   55.9,   21.1,    1.4,   99.9,   99.2,    0.1,    0.8,  100.0,   24.6,   21.8,    3.2,   18.6,    5.4,    4.8,   26.3,    4.6,   55.9,   21.1,    1.4,   99.9,   99.2,    0.1,    0.8,  100.0,    0.0,    0.0,    0.0,    0.0,    0.0,    0.0,    0.0,    0.0,    0.0,    0.0,    0.0,    0.0,    0.0,    0.0,    0.0,     36,      6,      6,.,.,.,.,      6,.,      4,      8,.,     18,     25,     36,      6,      6,.,.,.,.,      6,.,      4,      8,.,     18,     25,      0,      0,      0,      0,      0,      0,      0,      0,      0,      0,      0,      0,      0,      0,    73.8,    46.3,    88.3,    70.1,    72.1,    39.3,    82.9,    61.4,    73.8,    46.3,    88.3,    70.1,    72.1,    39.3,    82.9,    61.4,     0.0,     0.0,     0.0,     0.0,     0.0,     0.0,     0.0,     0.0,"1,000 Washington carbon allowances",0063EA,IFED,006 ,N60,FutOnly
CALIF CARBON ALL VINTAGE 2026 - ICE FUTURES ENERGY DIV,261006,2026-10-06,0063EE,IFED,01,006 ,  171714,   22421,   40053,   11735,   83810,     876,  101613,   13466,    3741,   30734,   29262,     435,  171555,  171643,     159,      71,  171714,   22421,   40053,   11735,   83810,     876,  101613,   13466,    3741,   30734,   29262,     435,  171555,  171643,     159,      71,       0,       0,       0,       0,       0,       0,       0,       0,       0,       0,       0,       0,       0,       0,       0,       0,   -7658,     250,   -2332,   -4296,   -5161,      86,   -2960,     746,      69,    -371,    -604,    -462,   -7684,   -7658,      26,       0,  100.0,   13.1,   23.3,    6.8,   48.8,    0.5,   59.2,    7.8,    2.2,   17.9,   17.0,    0.3,   99.9,  100.0,    0.1,    0.0,  100.0,   13.1,   23.3,    6.8,   48.8,    0.5,   59.2,    7.8,    2.2,   17.9,   17.0,    0.3,   99.9,  100.0,    0.1,    0.0,  100.0,    0.0,    0.0,    0.0,    0.0,    0.0,    0.0,    0.0,    0.0,    0.0,    0.0,    0.0,    0.0,    0.0,    0.0,    0.0,    133,     20,     17,      6,     12,.,     38,     10,      5,     27,      9,.,     92,     56,    133,     20,     17,      6,     12,.,     38,     10,      5,     27,      9,.,     92,     56,      0,      0,      0,      0,      0,      0,      0,      0,      0,      0,      0,      0,      0,      0,    42.6,    24.6,    56.7,    45.9,    42.0,    24.6,    55.0,    45.8,    42.6,    24.6,    56.7,    45.9,    42.0,    24.6,    55.0,    45.8,     0.0,     0.0,     0.0,     0.0,     0.0,     0.0,     0.0,     0.0,"1,000 California carbon allowances",0063EE,IFED,006 ,N60,FutOnly
CALIF CARBON ALL VINTAGE 2027 - ICE FUTURES ENERGY DIV,261006,2026-10-06,0063EI,IFED,01,006 ,   55522,   16808,    9988,    6701,   33800,     100,   13556,     701,      26,   16319,    8951,    1950,   55460,   55516,      62,       6,   55522,   16808,    9988,    6701,   33800,     100,   13556,     701,      26,   16319,    8951,    1950,   55460,   55516,      62,       6,       0,       0,       0,       0,       0,       0,       0,       0,       0,       0,       0,       0,       0,       0,       0,       0,    9017,    2678,    3400,    4418,    8545,    -461,    2851,    -767,    -379,    -144,   -1315,       0,    8963,    9023,      54,      -6,  100.0,   30.3,   18.0,   12.1,   60.9,    0.2,   24.4,    1.3,    0.0,   29.4,   16.1,    3.5,   99.9,  100.0,    0.1,    0.0,  100.0,   30.3,   18.0,   12.1,   60.9,    0.2,   24.4,    1.3,    0.0,   29.4,   16.1,    3.5,   99.9,  100.0,    0.1,    0.0,  100.0,    0.0,    0.0,    0.0,    0.0,    0.0,    0.0,    0.0,    0.0,    0.0,    0.0,    0.0,    0.0,    0.0,    0.0,    0.0,     53,     10,      4,.,      9,.,      9,.,.,     14,.,.,     37,     20,     53,     10,      4,.,      9,.,      9,.,.,     14,.,.,     37,     20,      0,      0,      0,      0,      0,      0,      0,      0,      0,      0,      0,      0,      0,      0,    46.2,    67.4,    68.6,    85.3,    46.2,    65.4,    65.1,    83.3,    46.2,    67.4,    68.6,    85.3,    46.2,    65.4,    65.1,    83.3,     0.0,     0.0,     0.0,     0.0,     0.0,     0.0,     0.0,     0.0,"1,000 California carbon allowances",0063EI,IFED,006 ,N60,FutOnly
CALIF CARBON ALLOWANCE V2026 - NODAL EXCHANGE,261006,2026-10-06,0063EL,NODX,01,006 ,    5732,    2765,     605,     230,     712,      70,     960,    1282,       0,    1654,    3018,      25,    5704,    5712,      28,      20,    5732,    2765,     605,     230,     712,      70,     960,    1282,       0,    1654,    3018,      25,    5704,    5712,      28,      20,       0,       0,       0,       0,       0,       0,       0,       0,       0,       0,       0,       0,       0,       0,       0,       0,     -35,      -2,       0,       0,       0,       0,       0,       0,       0,      11,      20,       0,       9,      20,     -44,     -55,  100.0,   48.2,   10.6,    4.0,   12.4,    1.2,   16.7,   22.4,    0.0,   28.9,   52.7,    0.4,   99.5,   99.7,    0.5,    0.3,  100.0,   48.2,   10.6,    4.0,   12.4,    1.2,   16.7,   22.4,    0.0,   28.9,   52.7,    0.4,   99.5,   99.7,    0.5,    0.3,  100.0,    0.0,    0.0,    0.0,    0.0,    0.0,    0.0,    0.0,    0.0,    0.0,    0.0,    0.0,    0.0,    0.0,    0.0,    0.0,     28,      8,      4,.,      4,.,.,.,      0,      4,      4,.,     16,     16,     28,      8,      4,.,      4,.,.,.,      0,      4,      4,.,     16,     16,      0,      0,      0,      0,      0,      0,      0,      0,      0,      0,      0,      0,      0,      0,    68.0,    76.1,    89.2,    91.6,    67.6,    76.1,    87.5,    91.6,    68.0,    76.1,    89.2,    91.6,    67.6,    76.1,    87.5,    91.6,     0.0,     0.0,     0.0,     0.0,     0.0,     0.0,     0.0,     0.0,"(1,000 California carbon allowances)",0063EL,NODX,006 ,N60,FutOnly
RGGI V2026 - ICE FUTURES ENERGY DIV,261006,2026-10-06,0063EM,IFED,01,006 ,   58636,   22359,   40708,   16533,    8559,      70,   12787,     568,    1306,    3155,    5019,    2373,   58583,   58603,      53,      33,   58636,   22359,   40708,   16533,    8559,      70,   12787,     568,    1306,    3155,    5019,    2373,   58583,   58603,      53,      33,       0,       0,       0,       0,       0,       0,       0,       0,       0,       0,       0,       0,       0,       0,       0,       0,    -714,     183,   -1793,     373,     -84,       0,   -1216,      16,     139,    -141,    1021,     -33,    -695,    -734,     -19,      20,  100.0,   38.1,   69.4,   28.2,   14.6,    0.1,   21.8,    1.0,    2.2,    5.4,    8.6,    4.0,   99.9,   99.9,    0.1,    0.1,  100.0,   38.1,   69.4,   28.2,   14.6,    0.1,   21.8,    1.0,    2.2,    5.4,    8.6,    4.0,   99.9,   99.9,    0.1,    0.1,  100.0,    0.0,    0.0,    0.0,    0.0,    0.0,    0.0,    0.0,    0.0,    0.0,    0.0,    0.0,    0.0,    0.0,    0.0,    0.0,     67,     16,      8,      5,.,.,     16,      4,.,     12,      7,      5,     54,     26,     67,     16,      8,      5,.,.,     16,      4,.,     12,      7,      5,     54,     26,      0,      0,      0,      0,      0,      0,      0,      0,      0,      0,      0,      0,      0,      0,    52.4,    84.9,    71.8,    94.5,    52.4,    82.9,    69.1,    88.5,    52.4,    84.9,    71.8,    94.5,    52.4,    82.9,    69.1,    88.5,     0.0,     0.0,     0.0,     0.0,     0.0,     0.0,     0.0,     0.0,"1,000 RGGI CO2 Allowances",0063EM,IFED,006 ,N60,FutOnly
RGGI V2027 - ICE FUTURES ENERGY DIV,261006,2026-10-06,0063F6,IFED,01,006 ,   23782,   13522,    4189,    4292,    4162,     325,     140,   10716,    2423,    2969,    1824,      82,   23753,   23721,      29,      61,   23782,   13522,    4189,    4292,    4162,     325,     140,   10716,    2423,    2969,    1824,      82,   23753,   23721,      29,      61,       0,       0,       0,       0,       0,       0,       0,       0,       0,       0,       0,       0,       0,       0,       0,       0,   -1140,   -2039,    -203,      -6,     336,       0,     140,    -827,      62,     999,    -165,    -310,   -1154,   -1107,      14,     -33,  100.0,   56.9,   17.6,   18.0,   17.5,    1.4,    0.6,   45.1,   10.2,   12.5,    7.7,    0.3,   99.9,   99.7,    0.1,    0.3,  100.0,   56.9,   17.6,   18.0,   17.5,    1.4,    0.6,   45.1,   10.2,   12.5,    7.7,    0.3,   99.9,   99.7,    0.1,    0.3,  100.0,    0.0,    0.0,    0.0,    0.0,    0.0,    0.0,    0.0,    0.0,    0.0,    0.0,    0.0,    0.0,    0.0,    0.0,    0.0,     39,      7,     10,      4,.,.,.,      9,.,      4,      5,.,     20,     29,     39,      7,     10,      4,.,.,.,      9,.,      4,      5,.,     20,     29,      0,      0,      0,      0,      0,      0,      0,      0,      0,      0,      0,      0,      0,      0,    58.1,    52.6,    85.4,    75.6,    54.5,    42.6,    74.8,    64.3,    58.1,    52.6,    85.4,    75.6,    54.5,    42.6,    74.8,    64.3,     0.0,     0.0,     0.0,     0.0,     0.0,     0.0,     0.0,     0.0,"(1,000 RGGI CO2 Allowances)",0063F6,IFED,006 ,N60,FutOnly
TX REC CRS V26 BACK HALF - NODAL EXCHANGE,261006,2026-10-06,006NHT,NODX,01,006 ,    8505,    8271,    2434,       0,     435,       0,       0,       0,       0,      75,    5465,       0,    8346,    8334,     159,     171,    8505,    8271,    2434,       0,     435,       0,       0,       0,       0,      75,    5465,       0,    8346,    8334,     159,     171,       0,       0,       0,       0,       0,       0,       0,       0,       0,       0,       0,       0,       0,       0,       0,       0,       0,       0,       0,       0,       0,       0,       0,       0,       0,       0,       0,       0,       0,       0,       0,       0,  100.0,   97.2,   28.6,    0.0,    5.1,    0.0,    0.0,    0.0,    0.0,    0.9,   64.3,    0.0,   98.1,   98.0,    1.9,    2.0,  100.0,   97.2,   28.6,    0.0,    5.1,    0.0,    0.0,    0.0,    0.0,    0.9,   64.3,    0.0,   98.1,   98.0,    1.9,    2.0,  100.0,    0.0,    0.0,    0.0,    0.0,    0.0,    0.0,    0.0,    0.0,    0.0,    0.0,    0.0,    0.0,    0.0,    0.0,    0.0,     28,     14,      6,      0,.,      0,      0,      0,      0,.,      6,      0,     15,     13,     28,     14,      6,      0,.,      0,      0,      0,      0,.,      6,      0,     15,     13,      0,      0,      0,      0,      0,      0,      0,      0,      0,      0,      0,      0,      0,      0,    61.0,    66.9,    90.2,    89.6,    61.0,    66.9,    90.2,    89.6,    61.0,    66.9,    90.2,    89.6,    61.0,    66.9,    90.2,    89.6,     0.0,     0.0,     0.0,     0.0,     0.0,     0.0,     0.0,     0.0,1000 Texas RECs,006NHT,NODX,006 ,N60,FutOnly
TX REC CRS V27 BACK HALF - NODAL EXCHANGE,261006,2026-10-06,006NHU,NODX,01,006 ,    7230,    6069,    1841,       0,     400,       0,       0,       0,       0,     896,    4724,       0,    6965,    6965,     265,     265,    7230,    6069,    1841,       0,     400,       0,       0,       0,       0,     896,    4724,       0,    6965,    6965,     265,     265,       0,       0,       0,       0,       0,       0,       0,       0,       0,       0,       0,       0,       0,       0,       0,       0,     115,     150,      15,       0,       0,       0,       0,       0,       0,       0,     135,       0,     150,     150,     -35,     -35,  100.0,   83.9,   25.5,    0.0,    5.5,    0.0,    0.0,    0.0,    0.0,   12.4,   65.3,    0.0,   96.3,   96.3,    3.7,    3.7,  100.0,   83.9,   25.5,    0.0,    5.5,    0.0,    0.0,    0.0,    0.0,   12.4,   65.3,    0.0,   96.3,   96.3,    3.7,    3.7,  100.0,    0.0,    0.0,    0.0,    0.0,    0.0,    0.0,    0.0,    0.0,    0.0,    0.0,    0.0,    0.0,    0.0,    0.0,    0.0,     32,     13,      6,      0,.,      0,      0,      0,      0,      6,      5,      0,     19,     13,     32,     13,      6,      0,.,      0,      0,      0,      0,      6,      5,      0,     19,     13,      0,      0,      0,      0,      0,      0,      0,      0,      0,      0,      0,      0,      0,      0,    59.8,    76.8,    85.1,    92.9,    59.8,    76.8,    85.1,    92.9,    59.8,    76.8,    85.1,    92.9,    59.8,    76.8,    85.1,    92.9,     0.0,     0.0,     0.0,     0.0,     0.0,     0.0,     0.0,     0.0,1000 Texas RECs,006NHU,NODX,006 ,N60,FutOnly
TX REC CRS V28 BACK HALF - NODAL EXCHANGE,261006,2026-10-06,006NHV,NODX,01,006 ,    5042,    3182,    1679,      25,     412,       0,     164,       0,       0,     977,    2242,     441,    4789,    4774,     253,     268,    5042,    3182,    1679,      25,     412,       0,     164,       0,       0,     977,    2242,     441,    4789,    4774,     253,     268,       0,       0,       0,       0,       0,       0,       0,       0,       0,       0,       0,       0,       0,       0,       0,       0,     -54,       0,     -25,       0,       0,       0,       0,       0,       0,       0,      25,       0,       0,       0,     -54,     -54,  100.0,   63.1,   33.3,    0.5,    8.2,    0.0,    3.3,    0.0,    0.0,   19.4,   44.5,    8.7,   95.0,   94.7,    5.0,    5.3,  100.0,   63.1,   33.3,    0.5,    8.2,    0.0,    3.3,    0.0,    0.0,   19.4,   44.5,    8.7,   95.0,   94.7,    5.0,    5.3,  100.0,    0.0,    0.0,    0.0,    0.0,    0.0,    0.0,    0.0,    0.0,    0.0,    0.0,    0.0,    0.0,    0.0,    0.0,    0.0,     30,     12,      7,.,.,      0,.,      0,      0,      5,.,.,     19,     12,     30,     12,      7,.,.,      0,.,      0,      0,      5,.,.,     19,     12,      0,      0,      0,      0,      0,      0,      0,      0,      0,      0,      0,      0,      0,      0,    57.7,    70.1,    78.6,    85.7,    48.9,    66.6,    69.8,    79.6,    57.7,    70.1,    78.6,    85.7,    48.9,    66.6,    69.8,    79.6,     0.0,     0.0,     0.0,     0.0,     0.0,     0.0,     0.0,     0.0,1000 Texas RECs,006NHV,NODX,006 ,N60,FutOnly
TX REC CRS V29 BACK HALF - NODAL EXCHANGE,261006,2026-10-06,006NHW,NODX,01,006 ,    4516,    3852,    1806,       0,     587,       0,       0,       0,       0,     476,    1935,     100,    4428,    4428,      88,      88,    4516,    3852,    1806,       0,     587,       0,       0,       0,       0,     476,    1935,     100,    4428,    4428,      88,      88,       0,       0,       0,       0,       0,       0,       0,       0,       0,       0,       0,       0,       0,       0,       0,       0,     -64,       0,     -50,       0,       0,       0,       0,       0,       0,     -50,       0,       0,     -50,     -50,     -14,     -14,  100.0,   85.3,   40.0,    0.0,   13.0,    0.0,    0.0,    0.0,    0.0,   10.5,   42.8,    2.2,   98.1,   98.1,    1.9,    1.9,  100.0,   85.3,   40.0,    0.0,   13.0,    0.0,    0.0,    0.0,    0.0,   10.5,   42.8,    2.2,   98.1,   98.1,    1.9,    1.9,  100.0,    0.0,    0.0,    0.0,    0.0,    0.0,    0.0,    0.0,    0.0,    0.0,    0.0,    0.0,    0.0,    0.0,    0.0,    0.0,     30,     14,      5,      0,.,      0,      0,      0,      0,      6,.,.,     20,     11,     30,     14,      5,      0,.,      0,      0,      0,      0,      6,.,.,     20,     11,      0,      0,      0,      0,      0,      0,      0,      0,      0,      0,      0,      0,      0,      0,    62.0,    81.8,    80.0,    94.7,    62.0,    81.8,    80.0,    94.2,    62.0,    81.8,    80.0,    94.7,    62.0,    81.8,    80.0,    94.2,     0.0,     0.0,     0.0,     0.0,     0.0,     0.0,     0.0,     0.0,1000 Texas RECs,006NHW,NODX,006 ,N60,FutOnly
TX REC CRS V30 BACK HALF - NODAL EXCHANGE,261006,2026-10-06,006NHX,NODX,01,006 ,    4048,    3407,    1393,       0,     275,       0,       0,       0,       0,     503,    2230,       0,    3910,    3898,     138,     150,    4048,    3407,    1393,       0,     275,       0,       0,       0,       0,     503,    2230,       0,    3910,    3898,     138,     150,       0,       0,       0,       0,       0,       0,       0,       0,       0,       0,       0,       0,       0,       0,       0,       0,    -115,    -175,      25,       0,       0,       0,       0,       0,       0,      63,    -137,       0,    -112,    -112,      -3,      -3,  100.0,   84.2,   34.4,    0.0,    6.8,    0.0,    0.0,    0.0,    0.0,   12.4,   55.1,    0.0,   96.6,   96.3,    3.4,    3.7,  100.0,   84.2,   34.4,    0.0,    6.8,    0.0,    0.0,    0.0,    0.0,   12.4,   55.1,    0.0,   96.6,   96.3,    3.4,    3.7,  100.0,    0.0,    0.0,    0.0,    0.0,    0.0,    0.0,    0.0,    0.0,    0.0,    0.0,    0.0,    0.0,    0.0,    0.0,    0.0,     28,     11,      8,      0,.,      0,      0,      0,      0,      5,      4,      0,     16,     14,     28,     11,      8,      0,.,      0,      0,      0,      0,      5,      4,      0,     16,     14,      0,      0,      0,      0,      0,      0,      0,      0,      0,      0,      0,      0,      0,      0,    72.1,    77.0,    86.3,    91.8,    71.4,    77.0,    85.7,    91.8,    72.1,    77.0,    86.3,    91.8,    71.4,    77.0,    85.7,    91.8,     0.0,     0.0,     0.0,     0.0,     0.0,     0.0,     0.0,     0.0,"(1,000 MWh representing 1,000 Texas RECs)",006NHX,NODX,006 ,N60,FutOnly
TX REC CRS V27 FRONT HALF - NODAL EXCHANGE,261006,2026-10-06,006NHZ,NODX,01,006 ,    7335,    5789,    3259,       0,     703,       0,       0,       0,       0,    1460,    3246,       0,    7249,    7208,      86,     127,    7335,    5789,    3259,       0,     703,       0,       0,       0,       0,    1460,    3246,       0,    7249,    7208,      86,     127,       0,       0,       0,       0,       0,       0,       0,       0,       0,       0,       0,       0,       0,       0,       0,       0,    -117,       0,     -15,       0,       0,       0,       0,       0,       0,       0,      15,       0,       0,       0,    -117,    -117,  100.0,   78.9,   44.4,    0.0,    9.6,    0.0,    0.0,    0.0,    0.0,   19.9,   44.3,    0.0,   98.8,   98.3,    1.2,    1.7,  100.0,   78.9,   44.4,    0.0,    9.6,    0.0,    0.0,    0.0,    0.0,   19.9,   44.3,    0.0,   98.8,   98.3,    1.2,    1.7,  100.0,    0.0,    0.0,    0.0,    0.0,    0.0,    0.0,    0.0,    0.0,    0.0,    0.0,    0.0,    0.0,    0.0,    0.0,    0.0,     31,     15,      7,      0,.,      0,      0,      0,      0,      6,.,      0,     21,     12,     31,     15,      7,      0,.,      0,      0,      0,      0,      6,.,      0,     21,     12,      0,      0,      0,      0,      0,      0,      0,      0,      0,      0,      0,      0,      0,      0,    56.7,    72.3,    77.8,    92.5,    52.9,    72.0,    74.0,    91.1,    56.7,    72.3,    77.8,    92.5,    52.9,    72.0,    74.0,    91.1,     0.0,     0.0,     0.0,     0.0,     0.0,     0.0,     0.0,     0.0,1000 Texas RECs,006NHZ,NODX,006 ,N60,FutOnly
TX REC CRS V28 FRONT HALF - NODAL EXCHANGE,261006,2026-10-06,006NJ1,NODX,01,006 ,    6049,    5015,    2112,       0,     538,       0,       0,       0,       0,     759,    3095,       0,    5774,    5745,     275,     304,    6049,    5015,    2112,       0,     538,       0,       0,       0,       0,     759,    3095,       0,    5774,    5745,     275,     304,       0,       0,       0,       0,       0,       0,       0,       0,       0,       0,       0,       0,       0,       0,       0,       0,       5,       0,     -25,       0,       0,       0,       0,       0,       0,       5,      30,       0,       5,       5,       0,       0,  100.0,   82.9,   34.9,    0.0,    8.9,    0.0,    0.0,    0.0,    0.0,   12.5,   51.2,    0.0,   95.5,   95.0,    4.5,    5.0,  100.0,   82.9,   34.9,    0.0,    8.9,    0.0,    0.0,    0.0,    0.0,   12.5,   51.2,    0.0,   95.5,   95.0,    4.5,    5.0,  100.0,    0.0,    0.0,    0.0,    0.0,    0.0,    0.0,    0.0,    0.0,    0.0,    0.0,    0.0,    0.0,    0.0,    0.0,    0.0,     25,     11,      7,      0,.,      0,      0,      0,      0,.,      4,      0,     14,     12,     25,     11,      7,      0,.,      0,      0,      0,      0,.,      4,      0,     14,     12,      0,      0,      0,      0,      0,      0,      0,      0,      0,      0,      0,      0,      0,      0,    66.3,    71.0,    84.2,    90.5,    65.5,    71.0,    83.4,    90.5,    66.3,    71.0,    84.2,    90.5,    65.5,    71.0,    83.4,    90.5,     0.0,     0.0,     0.0,     0.0,     0.0,     0.0,     0.0,     0.0,1000 Texas RECs,006NJ1,NODX,006 ,N60,FutOnly
TX REC CRS V29 FRONT HALF - NODAL EXCHANGE,261006,2026-10-06,006NJ2,NODX,01,006 ,    6009,    4721,    2891,       0,     713,       0,       0,       0,       0,    1149,    2260,      33,    5903,    5897,     106,     112,    6009,    4721,    2891,       0,     713,       0,       0,       0,       0,    1149,    2260,      33,    5903,    5897,     106,     112,       0,       0,       0,       0,       0,       0,       0,       0,       0,       0,       0,       0,       0,       0,       0,       0,     -37,       1,     -25,       0,       0,       0,       0,       0,       0,     -26,       0,       0,     -25,     -25,     -12,     -12,  100.0,   78.6,   48.1,    0.0,   11.9,    0.0,    0.0,    0.0,    0.0,   19.1,   37.6,    0.5,   98.2,   98.1,    1.8,    1.9,  100.0,   78.6,   48.1,    0.0,   11.9,    0.0,    0.0,    0.0,    0.0,   19.1,   37.6,    0.5,   98.2,   98.1,    1.8,    1.9,  100.0,    0.0,    0.0,    0.0,    0.0,    0.0,    0.0,    0.0,    0.0,    0.0,    0.0,    0.0,    0.0,    0.0,    0.0,    0.0,     30,     12,      7,      0,.,      0,      0,      0,      0,      6,.,.,     18,     13,     30,     12,      7,      0,.,      0,      0,      0,      0,      6,.,.,     18,     13,      0,      0,      0,      0,      0,      0,      0,      0,      0,      0,      0,      0,      0,      0,    70.3,    85.3,    87.8,    94.3,    70.3,    85.3,    87.8,    94.3,    70.3,    85.3,    87.8,    94.3,    70.3,    85.3,    87.8,    94.3,     0.0,     0.0,     0.0,     0.0,     0.0,     0.0,     0.0,     0.0,1000 Texas RECs,006NJ2,NODX,006 ,N60,FutOnly
TX REC CRS V30 FRONT HALF - NODAL EXCHANGE,261006,2026-10-06,006NJ3,NODX,01,006 ,    3594,    2981,    1157,       0,     400,       0,       0,       0,       0,     503,    1901,       0,    3484,    3458,     110,     136,    3594,    2981,    1157,       0,     400,       0,       0,       0,       0,     503,    1901,       0,    3484,    3458,     110,     136,       0,       0,       0,       0,       0,       0,       0,       0,       0,       0,       0,       0,       0,       0,       0,       0,       6,      50,      25,       0,       0,       0,       0,       0,       0,       0,      25,       0,      50,      50,     -44,     -44,  100.0,   82.9,   32.2,    0.0,   11.1,    0.0,    0.0,    0.0,    0.0,   14.0,   52.9,    0.0,   96.9,   96.2,    3.1,    3.8,  100.0,   82.9,   32.2,    0.0,   11.1,    0.0,    0.0,    0.0,    0.0,   14.0,   52.9,    0.0,   96.9,   96.2,    3.1,    3.8,  100.0,    0.0,    0.0,    0.0,    0.0,    0.0,    0.0,    0.0,    0.0,    0.0,    0.0,    0.0,    0.0,    0.0,    0.0,    0.0,     26,     10,      7,      0,.,      0,      0,      0,      0,.,      6,      0,     13,     15,     26,     10,      7,      0,.,      0,      0,      0,      0,.,      6,      0,     13,     15,      0,      0,      0,      0,      0,      0,      0,      0,      0,      0,      0,      0,      0,      0,    71.5,    70.9,    87.2,    87.8,    69.3,    70.9,    85.0,    87.8,    71.5,    70.9,    87.2,    87.8,    69.3,    70.9,    85.0,    87.8,     0.0,     0.0,     0.0,     0.0,     0.0,     0.0,     0.0,     0.0,1000 Texas RECs,006NJ3,NODX,006 ,N60,FutOnly
TX REC CRS V31 BACK HALF - NODAL EXCHANGE,261006,2026-10-06,006NKH,NODX,01,006 ,    2247,    1666,     908,     262,      50,       0,       0,       0,       0,     219,    1174,       0,    2147,    2132,     100,     115,    2247,    1666,     908,     262,      50,       0,       0,       0,       0,     219,    1174,       0,    2147,    2132,     100,     115,       0,       0,       0,       0,       0,       0,       0,       0,       0,       0,       0,       0,       0,       0,       0,       0,       0,       0,       0,       0,       0,       0,       0,       0,       0,       0,       0,       0,       0,       0,       0,       0,  100.0,   74.1,   40.4,   11.7,    2.2,    0.0,    0.0,    0.0,    0.0,    9.7,   52.2,    0.0,   95.5,   94.9,    4.5,    5.1,  100.0,   74.1,   40.4,   11.7,    2.2,    0.0,    0.0,    0.0,    0.0,    9.7,   52.2,    0.0,   95.5,   94.9,    4.5,    5.1,  100.0,    0.0,    0.0,    0.0,    0.0,    0.0,    0.0,    0.0,    0.0,    0.0,    0.0,    0.0,    0.0,    0.0,    0.0,    0.0,     20,      7,      7,.,.,      0,      0,      0,      0,.,.,      0,     11,     11,     20,      7,      7,.,.,      0,      0,      0,      0,.,.,      0,     11,     11,      0,      0,      0,      0,      0,      0,      0,      0,      0,      0,      0,      0,      0,      0,    70.6,    78.1,    89.2,    91.4,    68.2,    78.1,    86.9,    91.4,    70.6,    78.1,    89.2,    91.4,    68.2,    78.1,    86.9,    91.4,     0.0,     0.0,     0.0,     0.0,     0.0,     0.0,     0.0,     0.0,1000 Texas RECs,006NKH,NODX,006 ,N60,FutOnly
TX REC CRS V31 FRONT HALF - NODAL EXCHANGE,261006,2026-10-06,006NKJ,NODX,01,006 ,    2291,    1441,     822,     200,     222,      63,       0,       0,       0,     468,    1089,       0,    2172,    2196,     119,      95,    2291,    1441,     822,     200,     222,      63,       0,       0,       0,     468,    1089,       0,    2172,    2196,     119,      95,       0,       0,       0,       0,       0,       0,       0,       0,       0,       0,       0,       0,       0,       0,       0,       0,      -5,       0,       0,       0,       0,       0,       0,       0,       0,       0,       0,       0,       0,       0,      -5,      -5,  100.0,   62.9,   35.9,    8.7,    9.7,    2.7,    0.0,    0.0,    0.0,   20.4,   47.5,    0.0,   94.8,   95.9,    5.2,    4.1,  100.0,   62.9,   35.9,    8.7,    9.7,    2.7,    0.0,    0.0,    0.0,   20.4,   47.5,    0.0,   94.8,   95.9,    5.2,    4.1,  100.0,    0.0,    0.0,    0.0,    0.0,    0.0,    0.0,    0.0,    0.0,    0.0,    0.0,    0.0,    0.0,    0.0,    0.0,    0.0,     20,      8,      5,.,.,.,      0,      0,      0,.,.,      0,     13,      9,     20,      8,      5,.,.,.,      0,      0,      0,.,.,      0,     13,      9,      0,      0,      0,      0,      0,      0,      0,      0,      0,      0,      0,      0,      0,      0,    57.9,    78.3,    81.9,    94.7,    56.7,    78.3,    80.7,    91.9,    57.9,    78.3,    81.9,    94.7,    56.7,    78.3,    80.7,    91.9,     0.0,     0.0,     0.0,     0.0,     0.0,     0.0,     0.0,     0.0,1000 Texas RECs,006NKJ,NODX,006 ,N60,FutOnly
NEW JERSEY RECs CLASS 2 V2027 - NODAL EXCHANGE,261006,2026-10-06,006NMM,NODX,01,006 ,   10806,    5990,    1800,     321,    7086,       0,    1150,       0,       0,    3345,    1920,       0,   10806,   10806,       0,       0,   10806,    5990,    1800,     321,    7086,       0,    1150,       0,       0,    3345,    1920,       0,   10806,   10806,       0,       0,       0,       0,       0,       0,       0,       0,       0,       0,       0,       0,       0,       0,       0,       0,       0,       0,       0,       0,       0,       0,       0,       0,       0,       0,       0,       0,       0,       0,       0,       0,       0,       0,  100.0,   55.4,   16.7,    3.0,   65.6,    0.0,   10.6,    0.0,    0.0,   31.0,   17.8,    0.0,  100.0,  100.0,    0.0,    0.0,  100.0,   55.4,   16.7,    3.0,   65.6,    0.0,   10.6,    0.0,    0.0,   31.0,   17.8,    0.0,  100.0,  100.0,    0.0,    0.0,  100.0,    0.0,    0.0,    0.0,    0.0,    0.0,    0.0,    0.0,    0.0,    0.0,    0.0,    0.0,    0.0,    0.0,    0.0,    0.0,     25,     12,.,.,.,      0,.,      0,      0,      5,.,      0,     19,      6,     25,     12,.,.,.,      0,.,      0,      0,      5,.,      0,     19,      6,      0,      0,      0,      0,      0,      0,      0,      0,      0,      0,      0,      0,      0,      0,    54.8,    96.3,    81.7,   100.0,    54.8,    96.3,    81.7,   100.0,    54.8,    96.3,    81.7,   100.0,    54.8,    96.3,    81.7,   100.0,     0.0,     0.0,     0.0,     0.0,     0.0,     0.0,     0.0,     0.0,(100 MWh representing 100 NJ Class 2 RECs),006NMM,NODX,006 ,N60,FutOnly
PENNSYLVANIA AEC TIER 2-V2027 - NODAL EXCHANGE,261006,2026-10-06,006NMT,NODX,01,006 ,   29368,   19625,   17579,    1710,     500,       0,    2500,       0,       0,    5533,   11289,       0,   29368,   29368,       0,       0,   29368,   19625,   17579,    1710,     500,       0,    2500,       0,       0,    5533,   11289,       0,   29368,   29368,       0,       0,       0,       0,       0,       0,       0,       0,       0,       0,       0,       0,       0,       0,       0,       0,       0,       0,     300,    -400,       0,       0,       0,       0,       0,       0,       0,     700,     300,       0,     300,     300,       0,       0,  100.0,   66.8,   59.9,    5.8,    1.7,    0.0,    8.5,    0.0,    0.0,   18.8,   38.4,    0.0,  100.0,  100.0,    0.0,    0.0,  100.0,   66.8,   59.9,    5.8,    1.7,    0.0,    8.5,    0.0,    0.0,   18.8,   38.4,    0.0,  100.0,  100.0,    0.0,    0.0,  100.0,    0.0,    0.0,    0.0,    0.0,    0.0,    0.0,    0.0,    0.0,    0.0,    0.0,    0.0,    0.0,    0.0,    0.0,    0.0,     32,     12,      7,.,.,      0,.,      0,      0,      4,      4,      0,     20,     12,     32,     12,      7,.,.,      0,.,      0,      0,      4,      4,      0,     20,     12,      0,      0,      0,      0,      0,      0,      0,      0,      0,      0,      0,      0,      0,      0,    47.6,    72.4,    74.4,    96.2,    47.6,    72.4,    74.4,    96.2,    47.6,    72.4,    74.4,    96.2,    47.6,    72.4,    74.4,    96.2,     0.0,     0.0,     0.0,     0.0,     0.0,     0.0,     0.0,     0.0,(100 MWh = 100 Tier 2  AECs),006NMT,NODX,006 ,N60,FutOnly
NEW JERSEY RECs CLASS 2 V2028 - NODAL EXCHANGE,261006,2026-10-06,006NMW,NODX,01,006 ,    4661,    2350,    2695,     201,       0,       0,     900,       0,       0,    1210,    1966,       0,    4661,    4661,       0,       0,    4661,    2350,    2695,     201,       0,       0,     900,       0,       0,    1210,    1966,       0,    4661,    4661,       0,       0,       0,       0,       0,       0,       0,       0,       0,       0,       0,       0,       0,       0,       0,       0,       0,       0,      50,      50,       0,       0,       0,       0,       0,       0,       0,       0,      50,       0,      50,      50,       0,       0,  100.0,   50.4,   57.8,    4.3,    0.0,    0.0,   19.3,    0.0,    0.0,   26.0,   42.2,    0.0,  100.0,  100.0,    0.0,    0.0,  100.0,   50.4,   57.8,    4.3,    0.0,    0.0,   19.3,    0.0,    0.0,   26.0,   42.2,    0.0,  100.0,  100.0,    0.0,    0.0,  100.0,    0.0,    0.0,    0.0,    0.0,    0.0,    0.0,    0.0,    0.0,    0.0,    0.0,    0.0,    0.0,    0.0,    0.0,    0.0,     22,      9,      5,.,      0,      0,.,      0,      0,      4,.,      0,     15,      7,     22,      9,      5,.,      0,      0,.,      0,      0,      4,.,      0,     15,      7,      0,      0,      0,      0,      0,      0,      0,      0,      0,      0,      0,      0,      0,      0,    57.9,    88.2,    84.7,   100.0,    57.9,    88.2,    84.7,   100.0,    57.9,    88.2,    84.7,   100.0,    57.9,    88.2,    84.7,   100.0,     0.0,     0.0,     0.0,     0.0,     0.0,     0.0,     0.0,     0.0,100 MWh representing 100 NJ Class 2 RECs,006NMW,NODX,006 ,N60,FutOnly
PENNSYLVANIA AEC TIER 2-V2028 - NODAL EXCHANGE,261006,2026-10-06,006NMX,NODX,01,006 ,   24050,   17565,   13306,     900,       0,       0,     800,       0,       0,    4785,   10744,       0,   24050,   24050,       0,       0,   24050,   17565,   13306,     900,       0,       0,     800,       0,       0,    4785,   10744,       0,   24050,   24050,       0,       0,       0,       0,       0,       0,       0,       0,       0,       0,       0,       0,       0,       0,       0,       0,       0,       0,     500,   -1350,    -500,       0,       0,       0,       0,       0,       0,    1850,    1000,       0,     500,     500,       0,       0,  100.0,   73.0,   55.3,    3.7,    0.0,    0.0,    3.3,    0.0,    0.0,   19.9,   44.7,    0.0,  100.0,  100.0,    0.0,    0.0,  100.0,   73.0,   55.3,    3.7,    0.0,    0.0,    3.3,    0.0,    0.0,   19.9,   44.7,    0.0,  100.0,  100.0,    0.0,    0.0,  100.0,    0.0,    0.0,    0.0,    0.0,    0.0,    0.0,    0.0,    0.0,    0.0,    0.0,    0.0,    0.0,    0.0,    0.0,    0.0,     30,     13,.,.,      0,      0,.,      0,      0,      6,      4,      0,     23,      7,     30,     13,.,.,      0,      0,.,      0,      0,      6,      4,      0,     23,      7,      0,      0,      0,      0,      0,      0,      0,      0,      0,      0,      0,      0,      0,      0,    50.2,    97.2,    71.9,   100.0,    50.2,    97.2,    71.9,   100.0,    50.2,    97.2,    71.9,   100.0,    50.2,    97.2,    71.9,   100.0,     0.0,     0.0,     0.0,     0.0,     0.0,     0.0,     0.0,     0.0,(100 MWh = 100 Tier 2  AECs),006NMX,NODX,006 ,N60,FutOnly
PENNSYLVANIA AEC TIER 2-V2029 - NODAL EXCHANGE,261006,2026-10-06,006NNO,NODX,01,006 ,   10625,    9725,    6115,       0,       0,       0,       0,       0,       0,     880,    4510,       0,   10605,   10625,      20,       0,   10625,    9725,    6115,       0,       0,       0,       0,       0,       0,     880,    4510,       0,   10605,   10625,      20,       0,       0,       0,       0,       0,       0,       0,       0,       0,       0,       0,       0,       0,       0,       0,       0,       0,     150,     300,     -50,       0,       0,       0,       0,       0,       0,    -150,     200,       0,     150,     150,       0,       0,  100.0,   91.5,   57.6,    0.0,    0.0,    0.0,    0.0,    0.0,    0.0,    8.3,   42.4,    0.0,   99.8,  100.0,    0.2,    0.0,  100.0,   91.5,   57.6,    0.0,    0.0,    0.0,    0.0,    0.0,    0.0,    8.3,   42.4,    0.0,   99.8,  100.0,    0.2,    0.0,  100.0,    0.0,    0.0,    0.0,    0.0,    0.0,    0.0,    0.0,    0.0,    0.0,    0.0,    0.0,    0.0,    0.0,    0.0,    0.0,     21,     13,      4,      0,      0,      0,      0,      0,      0,.,.,      0,     15,      6,     21,     13,      4,      0,      0,      0,      0,      0,      0,.,.,      0,     15,      6,      0,      0,      0,      0,      0,      0,      0,      0,      0,      0,      0,      0,      0,      0,    57.4,    96.2,    88.0,   100.0,    57.4,    96.2,    88.0,   100.0,    57.4,    96.2,    88.0,   100.0,    57.4,    96.2,    88.0,   100.0,     0.0,     0.0,     0.0,     0.0,     0.0,     0.0,     0.0,     0.0,(100 MWh = 100 Tier 2  AECs),006NNO,NODX,006 ,N60,FutOnly
DC SOLAR RECS V2026 - NODAL EXCHANGE,261006,2026-10-06,006NP1,NODX,01,006 ,    6219,    3219,    5719,    1250,       0,       0,     750,       0,       0,     900,     400,       0,    6119,    6119,     100,     100,    6219,    3219,    5719,    1250,       0,       0,     750,       0,       0,     900,     400,       0,    6119,    6119,     100,     100,       0,       0,       0,       0,       0,       0,       0,       0,       0,       0,       0,       0,       0,       0,       0,       0,       0,       0,       0,       0,       0,       0,       0,       0,       0,       0,       0,       0,       0,       0,       0,       0,  100.0,   51.8,   92.0,   20.1,    0.0,    0.0,   12.1,    0.0,    0.0,   14.5,    6.4,    0.0,   98.4,   98.4,    1.6,    1.6,  100.0,   51.8,   92.0,   20.1,    0.0,    0.0,   12.1,    0.0,    0.0,   14.5,    6.4,    0.0,   98.4,   98.4,    1.6,    1.6,  100.0,    0.0,    0.0,    0.0,    0.0,    0.0,    0.0,    0.0,    0.0,    0.0,    0.0,    0.0,    0.0,    0.0,    0.0,    0.0,     20,      8,      5,.,      0,      0,.,      0,      0,.,.,      0,     13,      7,     20,      8,      5,.,      0,      0,.,      0,      0,.,.,      0,     13,      7,      0,      0,      0,      0,      0,      0,      0,      0,      0,      0,      0,      0,      0,      0,    67.5,    92.4,    88.4,    98.4,    67.5,    92.4,    88.4,    98.4,    67.5,    92.4,    88.4,    98.4,    67.5,    92.4,    88.4,    98.4,     0.0,     0.0,     0.0,     0.0,     0.0,     0.0,     0.0,     0.0,(10 Solar RECs),006NP1,NODX,006 ,N60,FutOnly
SOYBEAN OIL - CHICAGO BOARD OF TRADE,261006,2026-10-06,007601,CBT ,00,007 ,  549657,  121463,  335277,   94568,    5942,   24316,  116042,   22524,   76602,   30809,   13048,   50119,  513919,  527828,   35738,   21829,  536562,  118476,  325696,   94764,    6141,   23105,  113852,   24590,   74287,   30624,   15259,   46401,  501509,  515479,   35053,   21083,   13095,    2987,    9581,     988,     985,      27,    4498,     242,       7,    2685,     289,    1218,   12410,   12349,     685,     746,    -163,   -7900,     617,   -1909,    -152,    2257,    5764,   -4190,   -4152,   -1336,    -795,    4004,   -3272,   -2411,    3109,    2248,  100.0,   22.1,   61.0,   17.2,    1.1,    4.4,   21.1,    4.1,   13.9,    5.6,    2.4,    9.1,   93.5,   96.0,    6.5,    4.0,  100.0,   22.1,   60.7,   17.7,    1.1,    4.3,   21.2,    4.6,   13.8,    5.7,    2.8,    8.6,   93.5,   96.1,    6.5,    3.9,  100.0,   22.8,   73.2,    7.5,    7.5,    0.2,   34.3,    1.8,    0.1,   20.5,    2.2,    9.3,   94.8,   94.3,    5.2,    5.7,    316,     69,     84,     22,      7,     12,     80,     26,     54,     43,     25,     49,    257,    224,    316,     69,     84,     22,      7,     11,     79,     28,     54,     43,     28,     48,    256,    223,     79,     22,     18,      9,.,.,      9,      6,.,     12,      8,      9,     57,     42,    11.7,    30.2,    18.6,    39.6,     8.9,    28.0,    14.4,    35.4,    12.0,    30.0,    18.6,    39.4,     9.0,    27.9,    14.7,    35.2,    40.6,    41.2,    58.1,    67.8,    40.1,    39.0,    54.5,    63.5,"(CONTRACTS OF 60,000 POUNDS)",007601,CBT ,007 ,A30,FutOnly
USGC HSFO (PLATTS) - ICE FUTURES ENERGY DIV,261006,2026-10-06,02141B,IFED,01,021 ,   21481,   11309,   17353,    1589,     314,     237,       0,       0,     123,    5118,     294,    3057,   21433,   21378,      48,     103,   21481,   11309,   17353,    1589,     314,     237,       0,       0,     123,    5118,     294,    3057,   21433,   21378,      48,     103,       0,       0,       0,       0,       0,       0,       0,       0,       0,       0,       0,       0,       0,       0,       0,       0,   -9200,   -2256,   -8596,    -775,     -85,      72,       0,       0,       0,   -5801,    -127,    -460,   -9220,   -9196,      20,      -4,  100.0,   52.6,   80.8,    7.4,    1.5,    1.1,    0.0,    0.0,    0.6,   23.8,    1.4,   14.2,   99.8,   99.5,    0.2,    0.5,  100.0,   52.6,   80.8,    7.4,    1.5,    1.1,    0.0,    0.0,    0.6,   23.8,    1.4,   14.2,   99.8,   99.5,    0.2,    0.5,  100.0,    0.0,    0.0,    0.0,    0.0,    0.0,    0.0,    0.0,    0.0,    0.0,    0.0,    0.0,    0.0,    0.0,    0.0,    0.0,     55,     30,     37,.,.,.,      0,      0,.,      7,.,      4,     44,     47,     55,     30,     37,.,.,.,      0,      0,.,      7,.,      4,     44,     47,      0,      0,      0,      0,      0,      0,      0,      0,      0,      0,      0,      0,      0,      0,    38.9,    38.1,    61.6,    58.3,    27.1,    20.1,    37.3,    28.0,    38.9,    38.1,    61.6,    58.3,    27.1,    20.1,    37.3,    28.0,     0.0,     0.0,     0.0,     0.0,     0.0,     0.0,     0.0,     0.0,(1000 barrels),02141B,IFED,021 ,N10,FutOnly
FUEL OIL-3% USGC/3.5% FOB RDAM - ICE FUTURES ENERGY DIV,261006,2026-10-06,02141C,IFED,01,021 ,   13666,    7388,    6939,    3635,     532,     190,       0,    2760,       0,     527,    1352,    1888,   13628,   13661,      38,       5,   13666,    7388,    6939,    3635,     532,     190,       0,    2760,       0,     527,    1352,    1888,   13628,   13661,      38,       5,       0,       0,       0,       0,       0,       0,       0,       0,       0,       0,       0,       0,       0,       0,       0,       0,   -6499,   -5849,    -933,    -108,    -709,     -20,       0,       0,       0,     -60,   -4360,    -473,   -6510,   -6495,      11,      -4,  100.0,   54.1,   50.8,   26.6,    3.9,    1.4,    0.0,   20.2,    0.0,    3.9,    9.9,   13.8,   99.7,  100.0,    0.3,    0.0,  100.0,   54.1,   50.8,   26.6,    3.9,    1.4,    0.0,   20.2,    0.0,    3.9,    9.9,   13.8,   99.7,  100.0,    0.3,    0.0,  100.0,    0.0,    0.0,    0.0,    0.0,    0.0,    0.0,    0.0,    0.0,    0.0,    0.0,    0.0,    0.0,    0.0,    0.0,    0.0,     39,     18,     17,      4,.,.,      0,.,      0,.,      4,.,     28,     26,     39,     18,     17,      4,.,.,      0,.,      0,.,      4,.,     28,     26,      0,      0,      0,      0,      0,      0,      0,      0,      0,      0,      0,      0,      0,      0,    48.6,    59.8,    70.4,    78.9,    45.7,    51.4,    59.5,    65.8,    48.6,    59.8,    70.4,    78.9,    45.7,    51.4,    59.5,    65.8,     0.0,     0.0,     0.0,     0.0,     0.0,     0.0,     0.0,     0.0,(1000 barrels),02141C,IFED,021 ,N10,FutOnly
USGC HSFO-PLATTS/BRENT 1ST LN  - ICE FUTURES ENERGY DIV,261006,2026-10-06,02141R,IFED,01,021 ,    9752,    8790,    3348,     282,    1080,       0,       0,      50,       0,       0,    4534,     628,    9700,    9640,      52,     112,    9752,    8790,    3348,     282,    1080,       0,       0,      50,       0,       0,    4534,     628,    9700,    9640,      52,     112,       0,       0,       0,       0,       0,       0,       0,       0,       0,       0,       0,       0,       0,       0,       0,       0,   -4753,   -3578,   -1768,     -73,   -1024,       0,       0,      50,       0,    -344,   -1284,    -746,   -4741,   -4772,     -12,      19,  100.0,   90.1,   34.3,    2.9,   11.1,    0.0,    0.0,    0.5,    0.0,    0.0,   46.5,    6.4,   99.5,   98.9,    0.5,    1.1,  100.0,   90.1,   34.3,    2.9,   11.1,    0.0,    0.0,    0.5,    0.0,    0.0,   46.5,    6.4,   99.5,   98.9,    0.5,    1.1,  100.0,    0.0,    0.0,    0.0,    0.0,    0.0,    0.0,    0.0,    0.0,    0.0,    0.0,    0.0,    0.0,    0.0,    0.0,    0.0,     37,     21,     17,.,.,      0,      0,.,      0,      0,      6,.,     26,     25,     37,     21,     17,.,.,      0,      0,.,      0,      0,      6,.,     26,     25,      0,      0,      0,      0,      0,      0,      0,      0,      0,      0,      0,      0,      0,      0,    61.4,    52.7,    76.3,    72.5,    60.8,    49.0,    73.0,    64.2,    61.4,    52.7,    76.3,    72.5,    60.8,    49.0,    73.0,    64.2,     0.0,     0.0,     0.0,     0.0,     0.0,     0.0,     0.0,     0.0,(1000 Barrels),02141R,IFED,021 ,N10,FutOnly
NY HARBOR ULSD - NEW YORK MERCANTILE EXCHANGE,261006,2026-10-06,022651,NYME,01,022 ,  242852,   43826,  124669,   57646,    6559,    9315,   31649,   20222,   21445,    7615,    8047,   21967,  193463,  212224,   49389,   30628,  242852,   43826,  124669,   57646,    6559,    9315,   31649,   20222,   21445,    7615,    8047,   21967,  193463,  212224,   49389,   30628,       0,       0,       0,       0,       0,       0,       0,       0,       0,       0,       0,       0,       0,       0,       0,       0,    4319,    5318,    4972,   -1045,   -1246,     761,   -4156,   -2638,    1584,    -274,    -696,     514,    2702,    3251,    1617,    1068,  100.0,   18.0,   51.3,   23.7,    2.7,    3.8,   13.0,    8.3,    8.8,    3.1,    3.3,    9.0,   79.7,   87.4,   20.3,   12.6,  100.0,   18.0,   51.3,   23.7,    2.7,    3.8,   13.0,    8.3,    8.8,    3.1,    3.3,    9.0,   79.7,   87.4,   20.3,   12.6,  100.0,    0.0,    0.0,    0.0,    0.0,    0.0,    0.0,    0.0,    0.0,    0.0,    0.0,    0.0,    0.0,    0.0,    0.0,    0.0,    169,     46,     62,     17,      7,     14,     33,     15,     29,     10,     18,     23,    144,    135,    169,     46,     62,     17,      7,     14,     33,     15,     29,     10,     18,     23,    144,    135,      0,      0,      0,      0,      0,      0,      0,      0,      0,      0,      0,      0,      0,      0,    14.1,    17.8,    21.3,    28.0,    12.6,    14.3,    18.1,    21.5,    14.1,    17.8,    21.3,    28.0,    12.6,    14.3,    18.1,    21.5,     0.0,     0.0,     0.0,     0.0,     0.0,     0.0,     0.0,     0.0,"(CONTRACTS OF 42,000 U.S. GALLONS)",022651,NYME,022 ,N10,FutOnly
NAT GAS ICE LD1 - ICE FUTURES ENERGY DIV,261006,2026-10-06,023391,IFED,01,023 , 7749633, 4384953, 2310681,  870794, 2951792,  324318,  586074,  444591,  847378,  158349,  319478,  532628, 7704494, 7730866,   45139,   18767, 7749633, 4384953, 2310681,  870794, 2951792,  324318,  586074,  444591,  847378,  158349,  319478,  532628, 7704494, 7730866,   45139,   18767,       0,       0,       0,       0,       0,       0,       0,       0,       0,       0,       0,       0,       0,       0,       0,       0,   62805,   71265,    1233,   20758,   11145,    2167,  -49662,   25827,   18207,     971,    4400,    -995,   62711,   61984,      94,     821,  100.0,   56.6,   29.8,   11.2,   38.1,    4.2,    7.6,    5.7,   10.9,    2.0,    4.1,    6.9,   99.4,   99.8,    0.6,    0.2,  100.0,   56.6,   29.8,   11.2,   38.1,    4.2,    7.6,    5.7,   10.9,    2.0,    4.1,    6.9,   99.4,   99.8,    0.6,    0.2,  100.0,    0.0,    0.0,    0.0,    0.0,    0.0,    0.0,    0.0,    0.0,    0.0,    0.0,    0.0,    0.0,    0.0,    0.0,    0.0,    273,    142,    107,     22,     21,     24,     14,     14,     24,     23,     29,     43,    254,    210,    273,    142,    107,     22,     21,     24,     14,     14,     24,     23,     29,     43,    254,    210,      0,      0,      0,      0,      0,      0,      0,      0,      0,      0,      0,      0,      0,      0,    21.9,    33.3,    34.4,    48.2,    17.1,    30.8,    28.5,    43.9,    21.9,    33.3,    34.4,    48.2,    17.1,    30.8,    28.5,    43.9,     0.0,     0.0,     0.0,     0.0,     0.0,     0.0,     0.0,     0.0,"(Contracts of 2,500  MMBTU'S)",023391,IFED,023 ,N13,FutOnly
NAT GAS ICE PEN - ICE FUTURES ENERGY DIV,261006,2026-10-06,023392,IFED,01,023 ,  659622,   68117,  105912,  194394,   43314,  128899,   30041,  153451,   97357,   70634,   60528,   70053,  659495,  659514,     127,     108,  659622,   68117,  105912,  194394,   43314,  128899,   30041,  153451,   97357,   70634,   60528,   70053,  659495,  659514,     127,     108,       0,       0,       0,       0,       0,       0,       0,       0,       0,       0,       0,       0,       0,       0,       0,       0,   15105,    2683,     -23,   -2732,  -10921,    6801,    2092,   14382,     187,     985,    -410,    5089,   15105,   15105,       0,       0,  100.0,   10.3,   16.1,   29.5,    6.6,   19.5,    4.6,   23.3,   14.8,   10.7,    9.2,   10.6,  100.0,  100.0,    0.0,    0.0,  100.0,   10.3,   16.1,   29.5,    6.6,   19.5,    4.6,   23.3,   14.8,   10.7,    9.2,   10.6,  100.0,  100.0,    0.0,    0.0,  100.0,    0.0,    0.0,    0.0,    0.0,    0.0,    0.0,    0.0,    0.0,    0.0,    0.0,    0.0,    0.0,    0.0,    0.0,    0.0,     72,     14,     18,      9,      8,     16,      7,      6,     10,     11,     11,     17,     61,     66,     72,     14,     18,      9,      8,     16,      7,      6,     10,     11,     11,     17,     61,     66,      0,      0,      0,      0,      0,      0,      0,      0,      0,      0,      0,      0,      0,      0,    40.2,    47.0,    60.1,    67.9,    25.4,    31.0,    34.4,    36.4,    40.2,    47.0,    60.1,    67.9,    25.4,    31.0,    34.4,    36.4,     0.0,     0.0,     0.0,     0.0,     0.0,     0.0,     0.0,     0.0,"(Contracts of 2,500  MMBTU'S)",023392,IFED,023 ,N13,FutOnly
SOCAL BORDER FIN BASIS - ICE FUTURES ENERGY DIV,261006,2026-10-06,023393,IFED,01,023 ,  257845,  148104,  201345,   59058,   14280,   12867,   17825,    8692,    3773,     162,    2429,    3842,  245631,  247228,   12214,   10617,  257845,  148104,  201345,   59058,   14280,   12867,   17825,    8692,    3773,     162,    2429,    3842,  245631,  247228,   12214,   10617,       0,       0,       0,       0,       0,       0,       0,       0,       0,       0,       0,       0,       0,       0,       0,       0,  -14881,   -5836,   -8800,   -2201,   -1507,    -274,    -561,   -6450,    -681,   -3411,     420,     171,  -12793,  -17121,   -2088,    2240,  100.0,   57.4,   78.1,   22.9,    5.5,    5.0,    6.9,    3.4,    1.5,    0.1,    0.9,    1.5,   95.3,   95.9,    4.7,    4.1,  100.0,   57.4,   78.1,   22.9,    5.5,    5.0,    6.9,    3.4,    1.5,    0.1,    0.9,    1.5,   95.3,   95.9,    4.7,    4.1,  100.0,    0.0,    0.0,    0.0,    0.0,    0.0,    0.0,    0.0,    0.0,    0.0,    0.0,    0.0,    0.0,    0.0,    0.0,    0.0,     50,     27,     25,      5,.,      5,      4,.,      4,.,.,.,     43,     40,     50,     27,     25,      5,.,      5,      4,.,      4,.,.,.,     43,     40,      0,      0,      0,      0,      0,      0,      0,      0,      0,      0,      0,      0,      0,      0,    43.6,    56.8,    60.8,    68.2,    43.3,    54.1,    58.1,    64.3,    43.6,    56.8,    60.8,    68.2,    43.3,    54.1,    58.1,    64.3,     0.0,     0.0,     0.0,     0.0,     0.0,     0.0,     0.0,     0.0,"(Contracts of 2,500  MMBTU'S)",023393,IFED,023 ,N13,FutOnly
PG&E CITYGATE FIN BASIS - ICE FUTURES ENERGY DIV,261006,2026-10-06,023394,IFED,01,023 ,  177834,  137452,  130230,   16160,   26904,    5910,    2022,    4854,    4877,    2842,       0,     647,  169910,  173422,    7924,    4412,  177834,  137452,  130230,   16160,   26904,    5910,    2022,    4854,    4877,    2842,       0,     647,  169910,  173422,    7924,    4412,       0,       0,       0,       0,       0,       0,       0,       0,       0,       0,       0,       0,       0,       0,       0,       0,  -13624,  -12797,   -9544,     162,   -1652,     -99,    1603,      19,   -1723,     348,    -673,    -338,  -12844,  -14010,    -780,     386,  100.0,   77.3,   73.2,    9.1,   15.1,    3.3,    1.1,    2.7,    2.7,    1.6,    0.0,    0.4,   95.5,   97.5,    4.5,    2.5,  100.0,   77.3,   73.2,    9.1,   15.1,    3.3,    1.1,    2.7,    2.7,    1.6,    0.0,    0.4,   95.5,   97.5,    4.5,    2.5,  100.0,    0.0,    0.0,    0.0,    0.0,    0.0,    0.0,    0.0,    0.0,    0.0,    0.0,    0.0,    0.0,    0.0,    0.0,    0.0,     45,     24,     23,      6,.,      9,.,      5,      4,.,      0,.,     41,     39,     45,     24,     23,      6,.,      9,.,      5,      4,.,      0,.,     41,     39,      0,      0,      0,      0,      0,      0,      0,      0,      0,      0,      0,      0,      0,      0,    50.3,    63.1,    63.5,    78.2,    50.2,    58.5,    62.3,    70.8,    50.3,    63.1,    63.5,    78.2,    50.2,    58.5,    62.3,    70.8,     0.0,     0.0,     0.0,     0.0,     0.0,     0.0,     0.0,     0.0,"(Contracts of 2,500  MMBTU'S)",023394,IFED,023 ,N13,FutOnly
NWP ROCKIES FIN BASIS - ICE FUTURES ENERGY DIV,261006,2026-10-06,023395,IFED,01,023 ,  399359,  260504,  225866,   65977,  120938,   18067,   35704,    5491,    2771,     537,    9363,    4656,  388216,  387152,   11143,   12207,  399359,  260504,  225866,   65977,  120938,   18067,   35704,    5491,    2771,     537,    9363,    4656,  388216,  387152,   11143,   12207,       0,       0,       0,       0,       0,       0,       0,       0,       0,       0,       0,       0,       0,       0,       0,       0,  -15604,  -13706,  -11414,   -4628,   -1885,   -1370,    6195,     756,   -1683,   -1412,   -4823,    1168,  -15436,  -19251,    -168,    3647,  100.0,   65.2,   56.6,   16.5,   30.3,    4.5,    8.9,    1.4,    0.7,    0.1,    2.3,    1.2,   97.2,   96.9,    2.8,    3.1,  100.0,   65.2,   56.6,   16.5,   30.3,    4.5,    8.9,    1.4,    0.7,    0.1,    2.3,    1.2,   97.2,   96.9,    2.8,    3.1,  100.0,    0.0,    0.0,    0.0,    0.0,    0.0,    0.0,    0.0,    0.0,    0.0,    0.0,    0.0,    0.0,    0.0,    0.0,    0.0,     68,     27,     27,      9,      8,     11,      7,.,      5,.,.,.,     53,     50,     68,     27,     27,      9,      8,     11,      7,.,      5,.,.,.,     53,     50,      0,      0,      0,      0,      0,      0,      0,      0,      0,      0,      0,      0,      0,      0,    47.7,    41.4,    64.3,    60.8,    35.1,    37.7,    49.4,    51.6,    47.7,    41.4,    64.3,    60.8,    35.1,    37.7,    49.4,    51.6,     0.0,     0.0,     0.0,     0.0,     0.0,     0.0,     0.0,     0.0,"(Contracts of 2,500  MMBTU'S)",023395,IFED,023 ,N13,FutOnly
AECO FIN BASIS - ICE FUTURES ENERGY DIV,261006,2026-10-06,023396,IFED,01,023 ,  915827,  780854,  204236,   55141,  661589,   24440,    9520,    2724,    9631,   16963,    5732,    1701,  898250,  910053,   17577,    5774,  915827,  780854,  204236,   55141,  661589,   24440,    9520,    2724,    9631,   16963,    5732,    1701,  898250,  910053,   17577,    5774,       0,       0,       0,       0,       0,       0,       0,       0,       0,       0,       0,       0,       0,       0,       0,       0,  -48040,  -39583,  -12514,   -4344,  -33596,     163,    -333,   -1483,    -563,   -1581,    2066,   -2001,  -48242,  -47928,     202,    -112,  100.0,   85.3,   22.3,    6.0,   72.2,    2.7,    1.0,    0.3,    1.1,    1.9,    0.6,    0.2,   98.1,   99.4,    1.9,    0.6,  100.0,   85.3,   22.3,    6.0,   72.2,    2.7,    1.0,    0.3,    1.1,    1.9,    0.6,    0.2,   98.1,   99.4,    1.9,    0.6,  100.0,    0.0,    0.0,    0.0,    0.0,    0.0,    0.0,    0.0,    0.0,    0.0,    0.0,    0.0,    0.0,    0.0,    0.0,    0.0,     57,     33,     20,      4,      8,      6,      5,.,      4,.,.,.,     51,     36,     57,     33,     20,      4,      8,      6,      5,.,      4,.,.,.,     51,     36,      0,      0,      0,      0,      0,      0,      0,      0,      0,      0,      0,      0,      0,      0,    44.0,    54.6,    58.8,    79.3,    39.6,    54.6,    52.4,    74.5,    44.0,    54.6,    58.8,    79.3,    39.6,    54.6,    52.4,    74.5,     0.0,     0.0,     0.0,     0.0,     0.0,     0.0,     0.0,     0.0,"(Contracts of 2,500  MMBTU'S)",023396,IFED,023 ,N13,FutOnly
CHICAGO FIN BASIS - ICE FUTURES ENERGY DIV,261006,2026-10-06,023397,IFED,01,023 ,  361396,  267470,  294850,   51889,   35687,    6192,   17358,    4407,    1317,    5488,      67,    3482,  353196,  346002,    8200,   15394,  361396,  267470,  294850,   51889,   35687,    6192,   17358,    4407,    1317,    5488,      67,    3482,  353196,  346002,    8200,   15394,       0,       0,       0,       0,       0,       0,       0,       0,       0,       0,       0,       0,       0,       0,       0,       0,  -22504,  -16130,  -18813,   -5699,     217,   -1057,    1401,   -7568,   -2229,   -1620,    -486,    1730,  -23604,  -28206,    1100,    5702,  100.0,   74.0,   81.6,   14.4,    9.9,    1.7,    4.8,    1.2,    0.4,    1.5,    0.0,    1.0,   97.7,   95.7,    2.3,    4.3,  100.0,   74.0,   81.6,   14.4,    9.9,    1.7,    4.8,    1.2,    0.4,    1.5,    0.0,    1.0,   97.7,   95.7,    2.3,    4.3,  100.0,    0.0,    0.0,    0.0,    0.0,    0.0,    0.0,    0.0,    0.0,    0.0,    0.0,    0.0,    0.0,    0.0,    0.0,    0.0,     56,     30,     25,      7,.,.,      5,.,.,      4,.,.,     47,     39,     56,     30,     25,      7,.,.,      5,.,.,      4,.,.,     47,     39,      0,      0,      0,      0,      0,      0,      0,      0,      0,      0,      0,      0,      0,      0,    43.0,    34.8,    58.7,    57.1,    33.3,    30.7,    44.7,    43.8,    43.0,    34.8,    58.7,    57.1,    33.3,    30.7,    44.7,    43.8,     0.0,     0.0,     0.0,     0.0,     0.0,     0.0,     0.0,     0.0,"(Contracts of 2,500  MMBTU'S)",023397,IFED,023 ,N13,FutOnly
HSC FIN BASIS - ICE FUTURES ENERGY DIV,261006,2026-10-06,023398,IFED,01,023 ,  829806,  530694,  496221,  210000,  122890,   40452,    4669,  112795,   26727,    4187,   17662,    5802,  822531,  822549,    7275,    7257,  829806,  530694,  496221,  210000,  122890,   40452,    4669,  112795,   26727,    4187,   17662,    5802,  822531,  822549,    7275,    7257,       0,       0,       0,       0,       0,       0,       0,       0,       0,       0,       0,       0,       0,       0,       0,       0,  -68599,  -41229,  -32497,  -20817,   -5546,   -3097,   -3843,  -21986,     445,   -2113,   -7418,    1619,  -69035,  -68480,     436,    -119,  100.0,   64.0,   59.8,   25.3,   14.8,    4.9,    0.6,   13.6,    3.2,    0.5,    2.1,    0.7,   99.1,   99.1,    0.9,    0.9,  100.0,   64.0,   59.8,   25.3,   14.8,    4.9,    0.6,   13.6,    3.2,    0.5,    2.1,    0.7,   99.1,   99.1,    0.9,    0.9,  100.0,    0.0,    0.0,    0.0,    0.0,    0.0,    0.0,    0.0,    0.0,    0.0,    0.0,    0.0,    0.0,    0.0,    0.0,    0.0,     92,     43,     34,     10,     11,     12,.,     10,      7,      5,.,      5,     73,     71,     92,     43,     34,     10,     11,     12,.,     10,      7,      5,.,      5,     73,     71,      0,      0,      0,      0,      0,      0,      0,      0,      0,      0,      0,      0,      0,      0,    30.0,    27.2,    50.1,    43.2,    29.4,    27.0,    47.0,    41.5,    30.0,    27.2,    50.1,    43.2,    29.4,    27.0,    47.0,    41.5,     0.0,     0.0,     0.0,     0.0,     0.0,     0.0,     0.0,     0.0,"(Contracts of 2,500  MMBTU'S)",023398,IFED,023 ,N13,FutOnly
WAHA FIN BASIS - ICE FUTURES ENERGY DIV,261006,2026-10-06,023399,IFED,01,023 ,  717831,  627458,  280363,   27972,  334086,   10667,    5575,   25002,   28223,     836,   24271,   12073,  712804,  714685,    5027,    3146,  717831,  627458,  280363,   27972,  334086,   10667,    5575,   25002,   28223,     836,   24271,   12073,  712804,  714685,    5027,    3146,       0,       0,       0,       0,       0,       0,       0,       0,       0,       0,       0,       0,       0,       0,       0,       0,  -33421,  -21377,   -1920,    -174,  -25538,   -2441,   -8731,    4020,   -2538,     836,   -2193,      35,  -34390,  -30575,     969,   -2846,  100.0,   87.4,   39.1,    3.9,   46.5,    1.5,    0.8,    3.5,    3.9,    0.1,    3.4,    1.7,   99.3,   99.6,    0.7,    0.4,  100.0,   87.4,   39.1,    3.9,   46.5,    1.5,    0.8,    3.5,    3.9,    0.1,    3.4,    1.7,   99.3,   99.6,    0.7,    0.4,  100.0,    0.0,    0.0,    0.0,    0.0,    0.0,    0.0,    0.0,    0.0,    0.0,    0.0,    0.0,    0.0,    0.0,    0.0,    0.0,     80,     42,     27,      5,     16,     11,.,      7,      7,.,      5,      4,     66,     62,     80,     42,     27,      5,     16,     11,.,      7,      7,.,      5,      4,     66,     62,      0,      0,      0,      0,      0,      0,      0,      0,      0,      0,      0,      0,      0,      0,    32.9,    40.4,    52.1,    58.7,    27.1,    33.2,    43.5,    50.3,    32.9,    40.4,    52.1,    58.7,    27.1,    33.2,    43.5,    50.3,     0.0,     0.0,     0.0,     0.0,     0.0,     0.0,     0.0,     0.0,"(Contracts of 2,500  MMBTU'S)",023399,IFED,023 ,N13,FutOnly
ALGONQUIN CITYGATES BASIS - ICE FUTURES ENERGY DIV,261006,2026-10-06,02339E,IFED,01,023 ,   98614,   77004,   82269,   14928,       0,       0,     279,     845,      93,    1123,    5875,     910,   94337,   89992,    4277,    8622,   98614,   77004,   82269,   14928,       0,       0,     279,     845,      93,    1123,    5875,     910,   94337,   89992,    4277,    8622,       0,       0,       0,       0,       0,       0,       0,       0,       0,       0,       0,       0,       0,       0,       0,       0,  -12173,   -7323,  -10852,    -257,       0,     -93,   -3407,   -2402,       0,    -265,     -47,    -200,  -11545,  -13594,    -628,    1421,  100.0,   78.1,   83.4,   15.1,    0.0,    0.0,    0.3,    0.9,    0.1,    1.1,    6.0,    0.9,   95.7,   91.3,    4.3,    8.7,  100.0,   78.1,   83.4,   15.1,    0.0,    0.0,    0.3,    0.9,    0.1,    1.1,    6.0,    0.9,   95.7,   91.3,    4.3,    8.7,  100.0,    0.0,    0.0,    0.0,    0.0,    0.0,    0.0,    0.0,    0.0,    0.0,    0.0,    0.0,    0.0,    0.0,    0.0,    0.0,     30,     11,     14,.,      0,      0,.,.,.,.,      4,.,     18,     23,     30,     11,     14,.,      0,      0,.,.,.,.,      4,.,     18,     23,      0,      0,      0,      0,      0,      0,      0,      0,      0,      0,      0,      0,      0,      0,    68.9,    59.5,    85.4,    80.0,    67.9,    57.4,    79.3,    74.9,    68.9,    59.5,    85.4,    80.0,    67.9,    57.4,    79.3,    74.9,     0.0,     0.0,     0.0,     0.0,     0.0,     0.0,     0.0,     0.0,"(Contracts of 2,500  MMBTU'S)",02339E,IFED,023 ,N13,FutOnly
CG-MAINLINE FINANCIAL INDEX - ICE FUTURES ENERGY DIV,261006,2026-10-06,02339P,IFED,01,023 ,   29179,   23802,   21776,    1736,     620,       0,     310,    5122,     248,    1828,       0,       0,   27924,   27766,    1255,    1413,   29179,   23802,   21776,    1736,     620,       0,     310,    5122,     248,    1828,       0,       0,   27924,   27766,    1255,    1413,       0,       0,       0,       0,       0,       0,       0,       0,       0,       0,       0,       0,       0,       0,       0,       0,  -14490,  -10234,   -9870,   -1200,    -960,       0,   -2182,   -2827,    -638,       0,       0,       0,  -14254,  -14295,    -236,    -195,  100.0,   81.6,   74.6,    5.9,    2.1,    0.0,    1.1,   17.6,    0.8,    6.3,    0.0,    0.0,   95.7,   95.2,    4.3,    4.8,  100.0,   81.6,   74.6,    5.9,    2.1,    0.0,    1.1,   17.6,    0.8,    6.3,    0.0,    0.0,   95.7,   95.2,    4.3,    4.8,  100.0,    0.0,    0.0,    0.0,    0.0,    0.0,    0.0,    0.0,    0.0,    0.0,    0.0,    0.0,    0.0,    0.0,    0.0,    0.0,     30,      9,     13,.,.,      0,.,      4,.,.,      0,      0,     14,     18,     30,      9,     13,.,.,      0,.,      4,.,.,      0,      0,     14,     18,      0,      0,      0,      0,      0,      0,      0,      0,      0,      0,      0,      0,      0,      0,    68.4,    47.5,    86.4,    75.3,    68.4,    47.5,    85.3,    75.3,    68.4,    47.5,    86.4,    75.3,    68.4,    47.5,    85.3,    75.3,     0.0,     0.0,     0.0,     0.0,     0.0,     0.0,     0.0,     0.0,"(Contracts of 2,500  MMBTU'S)",02339P,IFED,023 ,N13,FutOnly
CHICAGO CITYGATE (INDEX) - ICE FUTURES ENERGY DIV,261006,2026-10-06,02339Q,IFED,01,023 ,   94017,   51621,   79618,   38991,    2938,    1342,       0,    7517,     517,     310,       0,       0,   92781,   91932,    1236,    2085,   94017,   51621,   79618,   38991,    2938,    1342,       0,    7517,     517,     310,       0,       0,   92781,   91932,    1236,    2085,       0,       0,       0,       0,       0,       0,       0,       0,       0,       0,       0,       0,       0,       0,       0,       0,  -14853,  -11016,  -13921,   -1712,      28,     -28,    -632,     750,    -781,       0,       0,       0,  -14169,  -13952,    -684,    -901,  100.0,   54.9,   84.7,   41.5,    3.1,    1.4,    0.0,    8.0,    0.5,    0.3,    0.0,    0.0,   98.7,   97.8,    1.3,    2.2,  100.0,   54.9,   84.7,   41.5,    3.1,    1.4,    0.0,    8.0,    0.5,    0.3,    0.0,    0.0,   98.7,   97.8,    1.3,    2.2,  100.0,    0.0,    0.0,    0.0,    0.0,    0.0,    0.0,    0.0,    0.0,    0.0,    0.0,    0.0,    0.0,    0.0,    0.0,    0.0,     39,     17,     17,      7,.,.,      0,      4,.,.,      0,      0,     28,     22,     39,     17,     17,      7,.,.,      0,      4,.,.,      0,      0,     28,     22,      0,      0,      0,      0,      0,      0,      0,      0,      0,      0,      0,      0,      0,      0,    53.2,    63.6,    74.8,    83.1,    53.2,    54.4,    73.0,    71.1,    53.2,    63.6,    74.8,    83.1,    53.2,    54.4,    73.0,    71.1,     0.0,     0.0,     0.0,     0.0,     0.0,     0.0,     0.0,     0.0,"(Contracts of 2,500  MMBTU'S)",02339Q,IFED,023 ,N13,FutOnly
CIG ROCKIES FINANCIAL INDEX - ICE FUTURES ENERGY DIV,261006,2026-10-06,02339S,IFED,01,023 ,   42641,   35228,    7248,       0,    2713,     968,    3885,   31193,       0,     248,       0,       0,   40329,   42122,    2312,     519,   42641,   35228,    7248,       0,    2713,     968,    3885,   31193,       0,     248,       0,       0,   40329,   42122,    2312,     519,       0,       0,       0,       0,       0,       0,       0,       0,       0,       0,       0,       0,       0,       0,       0,       0,    4945,    5387,   -7862,       0,    -818,     698,    -505,   13615,       0,    -210,       0,       0,    5370,    5633,    -425,    -688,  100.0,   82.6,   17.0,    0.0,    6.4,    2.3,    9.1,   73.2,    0.0,    0.6,    0.0,    0.0,   94.6,   98.8,    5.4,    1.2,  100.0,   82.6,   17.0,    0.0,    6.4,    2.3,    9.1,   73.2,    0.0,    0.6,    0.0,    0.0,   94.6,   98.8,    5.4,    1.2,  100.0,    0.0,    0.0,    0.0,    0.0,    0.0,    0.0,    0.0,    0.0,    0.0,    0.0,    0.0,    0.0,    0.0,    0.0,    0.0,     31,     16,     11,      0,.,.,.,.,      0,.,      0,      0,     20,     16,     31,     16,     11,      0,.,.,.,.,      0,.,      0,      0,     20,     16,      0,      0,      0,      0,      0,      0,      0,      0,      0,      0,      0,      0,      0,      0,    54.6,    82.3,    73.8,    91.9,    54.5,    80.0,    72.7,    88.4,    54.6,    82.3,    73.8,    91.9,    54.5,    80.0,    72.7,    88.4,     0.0,     0.0,     0.0,     0.0,     0.0,     0.0,     0.0,     0.0,"(Contracts of 2,500 MMBTU'S)",02339S,IFED,023 ,N13,FutOnly
CIG ROCKIES BASIS - ICE FUTURES ENERGY DIV,261006,2026-10-06,02339U,IFED,01,023 ,  446788,  401988,  120682,     359,  205902,    9317,    9220,   95865,    2671,    7601,     731,    2249,  433405,  437417,   13383,    9371,  446788,  401988,  120682,     359,  205902,    9317,    9220,   95865,    2671,    7601,     731,    2249,  433405,  437417,   13383,    9371,       0,       0,       0,       0,       0,       0,       0,       0,       0,       0,       0,       0,       0,       0,       0,       0,  -39802,  -30390,  -12191,    -154,   -9160,   -2202,   -7505,  -12431,   -3415,    1622,   -1685,   -1768,  -43812,  -42852,    4010,    3050,  100.0,   90.0,   27.0,    0.1,   46.1,    2.1,    2.1,   21.5,    0.6,    1.7,    0.2,    0.5,   97.0,   97.9,    3.0,    2.1,  100.0,   90.0,   27.0,    0.1,   46.1,    2.1,    2.1,   21.5,    0.6,    1.7,    0.2,    0.5,   97.0,   97.9,    3.0,    2.1,  100.0,    0.0,    0.0,    0.0,    0.0,    0.0,    0.0,    0.0,    0.0,    0.0,    0.0,    0.0,    0.0,    0.0,    0.0,    0.0,     57,     32,     18,.,     11,      5,.,      6,      4,.,.,      4,     46,     40,     57,     32,     18,.,     11,      5,.,      6,      4,.,.,      4,     46,     40,      0,      0,      0,      0,      0,      0,      0,      0,      0,      0,      0,      0,      0,      0,    46.6,    60.9,    64.2,    78.4,    34.6,    57.1,    48.4,    62.5,    46.6,    60.9,    64.2,    78.4,    34.6,    57.1,    48.4,    62.5,     0.0,     0.0,     0.0,     0.0,     0.0,     0.0,     0.0,     0.0,2500 mmbtu,02339U,IFED,023 ,N13,FutOnly
TCO Basis  - ICE FUTURES ENERGY DIV,261006,2026-10-06,02339W,IFED,01,023 ,  215791,  186959,   28117,   11950,  166846,    9564,       0,    1011,     607,    1239,     550,       0,  210319,  206695,    5472,    9096,  215791,  186959,   28117,   11950,  166846,    9564,       0,    1011,     607,    1239,     550,       0,  210319,  206695,    5472,    9096,       0,       0,       0,       0,       0,       0,       0,       0,       0,       0,       0,       0,       0,       0,       0,       0,  -11334,  -10159,   -2962,   -1170,   -8272,    1149,       0,   -1145,      28,     151,     -69,       0,  -10001,  -11271,   -1333,     -63,  100.0,   86.6,   13.0,    5.5,   77.3,    4.4,    0.0,    0.5,    0.3,    0.6,    0.3,    0.0,   97.5,   95.8,    2.5,    4.2,  100.0,   86.6,   13.0,    5.5,   77.3,    4.4,    0.0,    0.5,    0.3,    0.6,    0.3,    0.0,   97.5,   95.8,    2.5,    4.2,  100.0,    0.0,    0.0,    0.0,    0.0,    0.0,    0.0,    0.0,    0.0,    0.0,    0.0,    0.0,    0.0,    0.0,    0.0,    0.0,     39,     18,     10,.,     11,      5,      0,.,.,.,.,      0,     25,     25,     39,     18,     10,.,     11,      5,      0,.,.,.,.,      0,     25,     25,      0,      0,      0,      0,      0,      0,      0,      0,      0,      0,      0,      0,      0,      0,    52.8,    55.2,    73.3,    77.9,    52.8,    54.7,    71.2,    76.7,    52.8,    55.2,    73.3,    77.9,    52.8,    54.7,    71.2,    76.7,     0.0,     0.0,     0.0,     0.0,     0.0,     0.0,     0.0,     0.0,2500 mm btu,02339W,IFED,023 ,N13,FutOnly
CG Mainline Basis - ICE FUTURES ENERGY DIV,261006,2026-10-06,02339Y,IFED,01,023 ,  311372,  296513,  199506,    1378,   94024,    2907,       0,    9931,     856,    3624,       0,       0,  305278,  307224,    6094,    4148,  311372,  296513,  199506,    1378,   94024,    2907,       0,    9931,     856,    3624,       0,       0,  305278,  307224,    6094,    4148,       0,       0,       0,       0,       0,       0,       0,       0,       0,       0,       0,       0,       0,       0,       0,       0,  -27162,  -24334,  -17388,    -235,   -3470,    -482,       0,   -5761,   -1322,    -682,       0,       0,  -27055,  -28423,    -107,    1261,  100.0,   95.2,   64.1,    0.4,   30.2,    0.9,    0.0,    3.2,    0.3,    1.2,    0.0,    0.0,   98.0,   98.7,    2.0,    1.3,  100.0,   95.2,   64.1,    0.4,   30.2,    0.9,    0.0,    3.2,    0.3,    1.2,    0.0,    0.0,   98.0,   98.7,    2.0,    1.3,  100.0,    0.0,    0.0,    0.0,    0.0,    0.0,    0.0,    0.0,    0.0,    0.0,    0.0,    0.0,    0.0,    0.0,    0.0,    0.0,     41,     17,     14,.,      9,      4,      0,      6,.,.,      0,      0,     23,     30,     41,     17,     14,.,      9,      4,      0,      6,.,.,      0,      0,     23,     30,      0,      0,      0,      0,      0,      0,      0,      0,      0,      0,      0,      0,      0,      0,    76.0,    66.1,    88.5,    80.3,    75.7,    65.6,    88.2,    79.6,    76.0,    66.1,    88.5,    80.3,    75.7,    65.6,    88.2,    79.6,     0.0,     0.0,     0.0,     0.0,     0.0,     0.0,     0.0,     0.0,2500 mmbtu,02339Y,IFED,023 ,N13,FutOnly
DOMINION - SOUTH POINT - ICE FUTURES ENERGY DIV,261006,2026-10-06,0233A2,IFED,01,023 ,   45046,   15735,   31458,    8114,    8192,       0,   12698,     558,    1116,    5145,    1023,     465,   43273,   42812,    1773,    2234,   45046,   15735,   31458,    8114,    8192,       0,   12698,     558,    1116,    5145,    1023,     465,   43273,   42812,    1773,    2234,       0,       0,       0,       0,       0,       0,       0,       0,       0,       0,       0,       0,       0,       0,       0,       0,   -5143,   -5689,   -3134,   -1652,    2940,   -1050,    4800,    -583,   -2460,    1144,       0,       0,   -4907,   -4287,    -236,    -856,  100.0,   34.9,   69.8,   18.0,   18.2,    0.0,   28.2,    1.2,    2.5,   11.4,    2.3,    1.0,   96.1,   95.0,    3.9,    5.0,  100.0,   34.9,   69.8,   18.0,   18.2,    0.0,   28.2,    1.2,    2.5,   11.4,    2.3,    1.0,   96.1,   95.0,    3.9,    5.0,  100.0,    0.0,    0.0,    0.0,    0.0,    0.0,    0.0,    0.0,    0.0,    0.0,    0.0,    0.0,    0.0,    0.0,    0.0,    0.0,     37,     12,     17,.,.,      0,.,.,.,      5,.,.,     20,     25,     37,     12,     17,.,.,      0,.,.,.,      5,.,.,     20,     25,      0,      0,      0,      0,      0,      0,      0,      0,      0,      0,      0,      0,      0,      0,    61.9,    47.9,    80.4,    72.0,    59.4,    47.2,    72.0,    65.6,    61.9,    47.9,    80.4,    72.0,    59.4,    47.2,    72.0,    65.6,     0.0,     0.0,     0.0,     0.0,     0.0,     0.0,     0.0,     0.0,2500 mmbtu,0233A2,IFED,023 ,N13,FutOnly
DOMINION - SOUTH POINT (BASIS) - ICE FUTURES ENERGY DIV,261006,2026-10-06,0233A3,IFED,01,023 ,  710944,  582464,  187112,   10296,  428358,   33881,   34374,   26656,   13705,   16607,    5836,    6483,  697810,  702031,   13134,    8913,  710944,  582464,  187112,   10296,  428358,   33881,   34374,   26656,   13705,   16607,    5836,    6483,  697810,  702031,   13134,    8913,       0,       0,       0,       0,       0,       0,       0,       0,       0,       0,       0,       0,       0,       0,       0,       0,  -56311,  -52412,  -12283,    -982,  -21336,     -59,   -1728,  -11643,     837,    -640,   -7683,   -3310,  -58294,  -55477,    1983,    -834,  100.0,   81.9,   26.3,    1.4,   60.3,    4.8,    4.8,    3.7,    1.9,    2.3,    0.8,    0.9,   98.2,   98.7,    1.8,    1.3,  100.0,   81.9,   26.3,    1.4,   60.3,    4.8,    4.8,    3.7,    1.9,    2.3,    0.8,    0.9,   98.2,   98.7,    1.8,    1.3,  100.0,    0.0,    0.0,    0.0,    0.0,    0.0,    0.0,    0.0,    0.0,    0.0,    0.0,    0.0,    0.0,    0.0,    0.0,    0.0,     88,     42,     31,.,     18,     11,      4,     11,      7,      4,      4,      6,     69,     70,     88,     42,     31,.,     18,     11,      4,     11,      7,      4,      4,      6,     69,     70,      0,      0,      0,      0,      0,      0,      0,      0,      0,      0,      0,      0,      0,      0,    35.8,    38.6,    51.6,    54.6,    34.6,    34.9,    47.7,    50.4,    35.8,    38.6,    51.6,    54.6,    34.6,    34.9,    47.7,    50.4,     0.0,     0.0,     0.0,     0.0,     0.0,     0.0,     0.0,     0.0,2500 mmbtu,0233A3,IFED,023 ,N13,FutOnly
EP SAN JUAN BASIS - ICE FUTURES ENERGY DIV,261006,2026-10-06,0233A8,IFED,01,023 ,  257653,  152895,  188141,   72054,   37893,   15999,    2274,       0,    1220,     340,    6748,    1956,  246738,  251957,   10915,    5696,  257653,  152895,  188141,   72054,   37893,   15999,    2274,       0,    1220,     340,    6748,    1956,  246738,  251957,   10915,    5696,       0,       0,       0,       0,       0,       0,       0,       0,       0,       0,       0,       0,       0,       0,       0,       0,   -1543,     875,      -2,     248,   -1835,    -914,   -1444,       0,      -4,    -145,     724,     177,   -1207,   -1854,    -336,     311,  100.0,   59.3,   73.0,   28.0,   14.7,    6.2,    0.9,    0.0,    0.5,    0.1,    2.6,    0.8,   95.8,   97.8,    4.2,    2.2,  100.0,   59.3,   73.0,   28.0,   14.7,    6.2,    0.9,    0.0,    0.5,    0.1,    2.6,    0.8,   95.8,   97.8,    4.2,    2.2,  100.0,    0.0,    0.0,    0.0,    0.0,    0.0,    0.0,    0.0,    0.0,    0.0,    0.0,    0.0,    0.0,    0.0,    0.0,    0.0,     35,     14,     11,      6,      5,      7,.,      0,.,.,.,.,     27,     24,     35,     14,     11,      6,      5,      7,.,      0,.,.,.,.,     27,     24,      0,      0,      0,      0,      0,      0,      0,      0,      0,      0,      0,      0,      0,      0,    55.3,    68.4,    75.7,    82.3,    44.5,    51.5,    56.2,    62.2,    55.3,    68.4,    75.7,    82.3,    44.5,    51.5,    56.2,    62.2,     0.0,     0.0,     0.0,     0.0,     0.0,     0.0,     0.0,     0.0,2500 mmbtu,0233A8,IFED,023 ,N13,FutOnly
HENRY HUB BASIS - ICE FUTURES ENERGY DIV,261006,2026-10-06,0233AG,IFED,01,023 ,  115332,   25424,  103011,   54555,     717,     549,   32861,    8416,       0,       0,       0,       0,  113389,  112693,    1943,    2639,  115332,   25424,  103011,   54555,     717,     549,   32861,    8416,       0,       0,       0,       0,  113389,  112693,    1943,    2639,       0,       0,       0,       0,       0,       0,       0,       0,       0,       0,       0,       0,       0,       0,       0,       0,  -62304,  -29501,  -27096,    1194,    -363,   -1209,  -25482,  -18304,   -2480,   -2760,  -12307,   -1704,  -61942,  -63463,    -362,    1159,  100.0,   22.0,   89.3,   47.3,    0.6,    0.5,   28.5,    7.3,    0.0,    0.0,    0.0,    0.0,   98.3,   97.7,    1.7,    2.3,  100.0,   22.0,   89.3,   47.3,    0.6,    0.5,   28.5,    7.3,    0.0,    0.0,    0.0,    0.0,   98.3,   97.7,    1.7,    2.3,  100.0,    0.0,    0.0,    0.0,    0.0,    0.0,    0.0,    0.0,    0.0,    0.0,    0.0,    0.0,    0.0,    0.0,    0.0,    0.0,     29,      7,     10,      9,.,.,      4,.,      0,      0,      0,      0,     20,     13,     29,      7,     10,      9,.,.,      4,.,      0,      0,      0,      0,     20,     13,      0,      0,      0,      0,      0,      0,      0,      0,      0,      0,      0,      0,      0,      0,    48.1,    70.7,    71.3,    91.6,    48.1,    69.2,    71.3,    89.1,    48.1,    70.7,    71.3,    91.6,    48.1,    69.2,    71.3,    89.1,     0.0,     0.0,     0.0,     0.0,     0.0,     0.0,     0.0,     0.0,2500 mmbtu,0233AG,IFED,023 ,N13,FutOnly
HENRY HUB INDEX - ICE FUTURES ENERGY DIV,261006,2026-10-06,0233AH,IFED,01,023 ,  168322,   52690,  122299,   54170,       0,     682,   51551,   26627,    3007,    2760,   12555,    1704,  166564,  166874,    1758,    1448,  168322,   52690,  122299,   54170,       0,     682,   51551,   26627,    3007,    2760,   12555,    1704,  166564,  166874,    1758,    1448,       0,       0,       0,       0,       0,       0,       0,       0,       0,       0,       0,       0,       0,       0,       0,       0,  -42180,  -30073,  -17284,    3268,       0,   -3420,     120,  -13239,   -3242,   -8220,   -4767,    -210,  -41777,  -42162,    -403,     -18,  100.0,   31.3,   72.7,   32.2,    0.0,    0.4,   30.6,   15.8,    1.8,    1.6,    7.5,    1.0,   99.0,   99.1,    1.0,    0.9,  100.0,   31.3,   72.7,   32.2,    0.0,    0.4,   30.6,   15.8,    1.8,    1.6,    7.5,    1.0,   99.0,   99.1,    1.0,    0.9,  100.0,    0.0,    0.0,    0.0,    0.0,    0.0,    0.0,    0.0,    0.0,    0.0,    0.0,    0.0,    0.0,    0.0,    0.0,    0.0,     81,     27,     36,      9,      0,      5,      5,      5,.,.,      8,.,     44,     57,     81,     27,     36,      9,      0,      5,      5,      5,.,.,      8,.,     44,     57,      0,      0,      0,      0,      0,      0,      0,      0,      0,      0,      0,      0,      0,      0,    49.8,    52.0,    66.6,    68.6,    49.8,    51.6,    65.6,    67.1,    49.8,    52.0,    66.6,    68.6,    49.8,    51.6,    65.6,    67.1,     0.0,     0.0,     0.0,     0.0,     0.0,     0.0,     0.0,     0.0,2500 mmbtu,0233AH,IFED,023 ,N13,FutOnly
HOUSTON SHIP CHANNEL (INDEX) - ICE FUTURES ENERGY DIV,261006,2026-10-06,0233AM,IFED,01,023 ,  439044,  196403,  226086,  227742,   22629,    6972,     845,  128957,     707,     512,   48769,    1034,  434215,  435154,    4829,    3890,  439044,  196403,  226086,  227742,   22629,    6972,     845,  128957,     707,     512,   48769,    1034,  434215,  435154,    4829,    3890,       0,       0,       0,       0,       0,       0,       0,       0,       0,       0,       0,       0,       0,       0,       0,       0,  -57568,  -25380,  -33223,  -30442,    1157,    -869,   -1560,  -20442,       0,    -480,   -5476,     700,  -58031,  -58153,     463,     585,  100.0,   44.7,   51.5,   51.9,    5.2,    1.6,    0.2,   29.4,    0.2,    0.1,   11.1,    0.2,   98.9,   99.1,    1.1,    0.9,  100.0,   44.7,   51.5,   51.9,    5.2,    1.6,    0.2,   29.4,    0.2,    0.1,   11.1,    0.2,   98.9,   99.1,    1.1,    0.9,  100.0,    0.0,    0.0,    0.0,    0.0,    0.0,    0.0,    0.0,    0.0,    0.0,    0.0,    0.0,    0.0,    0.0,    0.0,    0.0,     70,     26,     34,      9,.,      5,.,      6,.,.,      6,.,     39,     55,     70,     26,     34,      9,.,      5,.,      6,.,.,      6,.,     39,     55,      0,      0,      0,      0,      0,      0,      0,      0,      0,      0,      0,      0,      0,      0,    58.8,    46.1,    81.9,    62.2,    58.5,    45.8,    81.5,    61.7,    58.8,    46.1,    81.9,    62.2,    58.5,    45.8,    81.5,    61.7,     0.0,     0.0,     0.0,     0.0,     0.0,     0.0,     0.0,     0.0,2500 mmbtu,0233AM,IFED,023 ,N13,FutOnly
MICHCON FINANCIAL INDEX - ICE FUTURES ENERGY DIV,261006,2026-10-06,0233AN,IFED,01,023 ,   12821,   10463,   11305,    1030,       0,     341,       0,    1020,       0,       0,       0,       0,   11834,   12666,     987,     155,   12821,   10463,   11305,    1030,       0,     341,       0,    1020,       0,       0,       0,       0,   11834,   12666,     987,     155,       0,       0,       0,       0,       0,       0,       0,       0,       0,       0,       0,       0,       0,       0,       0,       0,   -6874,   -4293,   -4200,   -1869,       0,       0,       0,   -1930,       0,    -480,       0,       0,   -6642,   -6130,    -232,    -744,  100.0,   81.6,   88.2,    8.0,    0.0,    2.7,    0.0,    8.0,    0.0,    0.0,    0.0,    0.0,   92.3,   98.8,    7.7,    1.2,  100.0,   81.6,   88.2,    8.0,    0.0,    2.7,    0.0,    8.0,    0.0,    0.0,    0.0,    0.0,   92.3,   98.8,    7.7,    1.2,  100.0,    0.0,    0.0,    0.0,    0.0,    0.0,    0.0,    0.0,    0.0,    0.0,    0.0,    0.0,    0.0,    0.0,    0.0,    0.0,     21,     13,      7,.,      0,.,      0,.,      0,      0,      0,      0,     16,      9,     21,     13,      7,.,      0,.,      0,.,      0,      0,      0,      0,     16,      9,      0,      0,      0,      0,      0,      0,      0,      0,      0,      0,      0,      0,      0,      0,    60.4,    77.9,    76.9,    97.6,    59.2,    77.2,    73.9,    92.3,    60.4,    77.9,    76.9,    97.6,    59.2,    77.2,    73.9,    92.3,     0.0,     0.0,     0.0,     0.0,     0.0,     0.0,     0.0,     0.0,"(Contracts of 2,500  MMBTU'S)",0233AN,IFED,023 ,N13,FutOnly
MICHCON BASIS - ICE FUTURES ENERGY DIV,261006,2026-10-06,0233AQ,IFED,01,023 ,  195594,  172669,  110930,       0,   53494,    1650,    2000,   15087,    4051,    1373,    1850,    2216,  183959,  189278,   11635,    6316,  195594,  172669,  110930,       0,   53494,    1650,    2000,   15087,    4051,    1373,    1850,    2216,  183959,  189278,   11635,    6316,       0,       0,       0,       0,       0,       0,       0,       0,       0,       0,       0,       0,       0,       0,       0,       0,   -4684,   -8217,    -504,       0,   -1071,     733,       0,   -3223,    -279,     473,    1486,    -358,   -7648,   -3216,    2964,   -1468,  100.0,   88.3,   56.7,    0.0,   27.3,    0.8,    1.0,    7.7,    2.1,    0.7,    0.9,    1.1,   94.1,   96.8,    5.9,    3.2,  100.0,   88.3,   56.7,    0.0,   27.3,    0.8,    1.0,    7.7,    2.1,    0.7,    0.9,    1.1,   94.1,   96.8,    5.9,    3.2,  100.0,    0.0,    0.0,    0.0,    0.0,    0.0,    0.0,    0.0,    0.0,    0.0,    0.0,    0.0,    0.0,    0.0,    0.0,    0.0,     50,     30,     31,      0,      8,.,.,      5,.,.,.,.,     37,     47,     50,     30,     31,      0,      8,.,.,      5,.,.,.,.,     37,     47,      0,      0,      0,      0,      0,      0,      0,      0,      0,      0,      0,      0,      0,      0,    45.2,    30.5,    60.3,    50.8,    38.6,    27.5,    48.6,    42.2,    45.2,    30.5,    60.3,    50.8,    38.6,    27.5,    48.6,    42.2,     0.0,     0.0,     0.0,     0.0,     0.0,     0.0,     0.0,     0.0,2500 mmbtu,0233AQ,IFED,023 ,N13,FutOnly
NAT GAS LD1 for GDD -TEXOK - ICE FUTURES ENERGY DIV,261006,2026-10-06,0233AT,IFED,01,023 ,  134232,  128311,  111130,    1660,       0,    1812,     744,   17439,       0,     372,     558,       0,  132899,  130939,    1333,    3293,  134232,  128311,  111130,    1660,       0,    1812,     744,   17439,       0,     372,     558,       0,  132899,  130939,    1333,    3293,       0,       0,       0,       0,       0,       0,       0,       0,       0,       0,       0,       0,       0,       0,       0,       0,  -23051,  -14688,  -16529,   -2636,       0,    -124,   -4807,   -4950,    -420,    -210,    -480,       0,  -22885,  -22503,    -166,    -548,  100.0,   95.6,   82.8,    1.2,    0.0,    1.3,    0.6,   13.0,    0.0,    0.3,    0.4,    0.0,   99.0,   97.5,    1.0,    2.5,  100.0,   95.6,   82.8,    1.2,    0.0,    1.3,    0.6,   13.0,    0.0,    0.3,    0.4,    0.0,   99.0,   97.5,    1.0,    2.5,  100.0,    0.0,    0.0,    0.0,    0.0,    0.0,    0.0,    0.0,    0.0,    0.0,    0.0,    0.0,    0.0,    0.0,    0.0,    0.0,     39,     22,     18,.,      0,.,.,.,      0,.,.,      0,     26,     23,     39,     22,     18,.,      0,.,.,.,      0,.,.,      0,     26,     23,      0,      0,      0,      0,      0,      0,      0,      0,      0,      0,      0,      0,      0,      0,    82.1,    51.3,    91.9,    76.5,    81.8,    50.0,    89.1,    73.8,    82.1,    51.3,    91.9,    76.5,    81.8,    50.0,    89.1,    73.8,     0.0,     0.0,     0.0,     0.0,     0.0,     0.0,     0.0,     0.0,2500 mmbtu,0233AT,IFED,023 ,N13,FutOnly
NATURAL GAS INDEX: EP SAN JUAN - ICE FUTURES ENERGY DIV,261006,2026-10-06,0233AX,IFED,01,023 ,   13851,    9573,    9103,    1007,    2223,      62,     868,       0,       0,       0,       0,       0,   11510,   11388,    2341,    2463,   13851,    9573,    9103,    1007,    2223,      62,     868,       0,       0,       0,       0,       0,   11510,   11388,    2341,    2463,       0,       0,       0,       0,       0,       0,       0,       0,       0,       0,       0,       0,       0,       0,       0,       0,   -3442,   -3156,   -4998,     -90,     810,    -990,       0,       0,       0,       0,       0,       0,   -4236,   -5178,     794,    1736,  100.0,   69.1,   65.7,    7.3,   16.0,    0.4,    6.3,    0.0,    0.0,    0.0,    0.0,    0.0,   83.1,   82.2,   16.9,   17.8,  100.0,   69.1,   65.7,    7.3,   16.0,    0.4,    6.3,    0.0,    0.0,    0.0,    0.0,    0.0,   83.1,   82.2,   16.9,   17.8,  100.0,    0.0,    0.0,    0.0,    0.0,    0.0,    0.0,    0.0,    0.0,    0.0,    0.0,    0.0,    0.0,    0.0,    0.0,    0.0,     20,      9,      9,.,.,.,.,      0,      0,      0,      0,      0,     12,     12,     20,      9,      9,.,.,.,.,      0,      0,      0,      0,      0,     12,     12,      0,      0,      0,      0,      0,      0,      0,      0,      0,      0,      0,      0,      0,      0,    56.1,    55.5,    78.8,    73.9,    52.3,    54.6,    72.6,    71.3,    56.1,    55.5,    78.8,    73.9,    52.3,    54.6,    72.6,    71.3,     0.0,     0.0,     0.0,     0.0,     0.0,     0.0,     0.0,     0.0,2500 MMBtu,0233AX,IFED,023 ,N13,FutOnly
NGPL MIDCONT BASIS - ICE FUTURES ENERGY DIV,261006,2026-10-06,0233AY,IFED,01,023 ,   92704,   77793,   64567,     349,   12319,    2888,       0,       0,       0,       0,       0,       0,   81030,   79774,   11674,   12930,   92704,   77793,   64567,     349,   12319,    2888,       0,       0,       0,       0,       0,       0,   81030,   79774,   11674,   12930,       0,       0,       0,       0,       0,       0,       0,       0,       0,       0,       0,       0,       0,       0,       0,       0,   -4782,   -8434,   -2760,     -31,    -369,       0,       0,    -930,       0,    -368,       0,       0,   -8833,   -4059,    4051,    -723,  100.0,   83.9,   69.6,    0.4,   13.3,    3.1,    0.0,    0.0,    0.0,    0.0,    0.0,    0.0,   87.4,   86.1,   12.6,   13.9,  100.0,   83.9,   69.6,    0.4,   13.3,    3.1,    0.0,    0.0,    0.0,    0.0,    0.0,    0.0,   87.4,   86.1,   12.6,   13.9,  100.0,    0.0,    0.0,    0.0,    0.0,    0.0,    0.0,    0.0,    0.0,    0.0,    0.0,    0.0,    0.0,    0.0,    0.0,    0.0,     20,     12,     11,.,.,.,      0,      0,      0,      0,      0,      0,     15,     15,     20,     12,     11,.,.,.,      0,      0,      0,      0,      0,      0,     15,     15,      0,      0,      0,      0,      0,      0,      0,      0,      0,      0,      0,      0,      0,      0,    67.2,    48.7,    81.9,    72.8,    65.6,    47.0,    72.4,    66.2,    67.2,    48.7,    81.9,    72.8,    65.6,    47.0,    72.4,    66.2,     0.0,     0.0,     0.0,     0.0,     0.0,     0.0,     0.0,     0.0,2500 mmbtu,0233AY,IFED,023 ,N13,FutOnly
NGPL TXOK BASIS - ICE FUTURES ENERGY DIV,261006,2026-10-06,0233B1,IFED,01,023 ,  623633,  571513,  341246,   13958,  159759,   11580,   19523,   96093,    1443,       0,    3159,       0,  618017,  613280,    5616,   10353,  623633,  571513,  341246,   13958,  159759,   11580,   19523,   96093,    1443,       0,    3159,       0,  618017,  613280,    5616,   10353,       0,       0,       0,       0,       0,       0,       0,       0,       0,       0,       0,       0,       0,       0,       0,       0,  -29520,  -26162,  -13757,     259,   -1677,   -2402,    1120,   -5041,   -2000,       0,   -4718,   -1185,  -30370,  -30780,     850,    1260,  100.0,   91.6,   54.7,    2.2,   25.6,    1.9,    3.1,   15.4,    0.2,    0.0,    0.5,    0.0,   99.1,   98.3,    0.9,    1.7,  100.0,   91.6,   54.7,    2.2,   25.6,    1.9,    3.1,   15.4,    0.2,    0.0,    0.5,    0.0,   99.1,   98.3,    0.9,    1.7,  100.0,    0.0,    0.0,    0.0,    0.0,    0.0,    0.0,    0.0,    0.0,    0.0,    0.0,    0.0,    0.0,    0.0,    0.0,    0.0,     63,     37,     27,.,     10,      7,      4,.,.,      0,.,      0,     49,     44,     63,     37,     27,.,     10,      7,      4,.,.,      0,.,      0,     49,     44,      0,      0,      0,      0,      0,      0,      0,      0,      0,      0,      0,      0,      0,      0,    45.3,    59.3,    62.7,    72.8,    45.1,    58.9,    62.1,    71.8,    45.3,    59.3,    62.7,    72.8,    45.1,    58.9,    62.1,    71.8,     0.0,     0.0,     0.0,     0.0,     0.0,     0.0,     0.0,     0.0,2500 mmbtu,0233B1,IFED,023 ,N13,FutOnly
NNG VENTURA BASIS - ICE FUTURES ENERGY DIV,261006,2026-10-06,0233BB,IFED,01,023 ,  154843,   91020,  146561,   45133,    1449,     976,       0,    1922,       0,       0,       0,       0,  137129,  150908,   17714,    3935,  154843,   91020,  146561,   45133,    1449,     976,       0,    1922,       0,       0,       0,       0,  137129,  150908,   17714,    3935,       0,       0,       0,       0,       0,       0,       0,       0,       0,       0,       0,       0,       0,       0,       0,       0,   -5046,   -6893,   -3448,    3193,      62,    -129,       0,   -1860,       0,       0,    -248,       0,   -3829,   -5623,   -1217,     577,  100.0,   58.8,   94.7,   29.1,    0.9,    0.6,    0.0,    1.2,    0.0,    0.0,    0.0,    0.0,   88.6,   97.5,   11.4,    2.5,  100.0,   58.8,   94.7,   29.1,    0.9,    0.6,    0.0,    1.2,    0.0,    0.0,    0.0,    0.0,   88.6,   97.5,   11.4,    2.5,  100.0,    0.0,    0.0,    0.0,    0.0,    0.0,    0.0,    0.0,    0.0,    0.0,    0.0,    0.0,    0.0,    0.0,    0.0,    0.0,     32,     17,     15,      7,.,.,      0,.,      0,      0,      0,      0,     24,     18,     32,     17,     15,      7,.,.,      0,.,      0,      0,      0,      0,     24,     18,      0,      0,      0,      0,      0,      0,      0,      0,      0,      0,      0,      0,      0,      0,    42.3,    68.6,    66.7,    83.6,    37.3,    62.4,    55.8,    73.9,    42.3,    68.6,    66.7,    83.6,    37.3,    62.4,    55.8,    73.9,     0.0,     0.0,     0.0,     0.0,     0.0,     0.0,     0.0,     0.0,2500 mmbtu,0233BB,IFED,023 ,N13,FutOnly
NWP Rockies Index - ICE FUTURES ENERGY DIV,261006,2026-10-06,0233BD,IFED,01,023 ,   23454,   20354,   18372,    1705,     558,       0,       0,    1612,       0,     403,       0,       0,   22462,   20542,     992,    2912,   23454,   20354,   18372,    1705,     558,       0,       0,    1612,       0,     403,       0,       0,   22462,   20542,     992,    2912,       0,       0,       0,       0,       0,       0,       0,       0,       0,       0,       0,       0,       0,       0,       0,       0,   -8040,   -6134,   -7148,       0,    -540,    -120,    -720,     148,    -750,       0,    -268,     -62,   -7786,   -8740,    -254,     700,  100.0,   86.8,   78.3,    7.3,    2.4,    0.0,    0.0,    6.9,    0.0,    1.7,    0.0,    0.0,   95.8,   87.6,    4.2,   12.4,  100.0,   86.8,   78.3,    7.3,    2.4,    0.0,    0.0,    6.9,    0.0,    1.7,    0.0,    0.0,   95.8,   87.6,    4.2,   12.4,  100.0,    0.0,    0.0,    0.0,    0.0,    0.0,    0.0,    0.0,    0.0,    0.0,    0.0,    0.0,    0.0,    0.0,    0.0,    0.0,     26,     14,      8,.,.,      0,      0,.,      0,.,      0,      0,     16,     13,     26,     14,      8,.,.,      0,      0,.,      0,.,      0,      0,     16,     13,      0,      0,      0,      0,      0,      0,      0,      0,      0,      0,      0,      0,      0,      0,    63.9,    66.6,    84.3,    80.3,    63.9,    65.0,    83.8,    77.9,    63.9,    66.6,    84.3,    80.3,    63.9,    65.0,    83.8,    77.9,     0.0,     0.0,     0.0,     0.0,     0.0,     0.0,     0.0,     0.0,2500 mmbtu,0233BD,IFED,023 ,N13,FutOnly
MALIN (BASIS) - ICE FUTURES ENERGY DIV,261006,2026-10-06,0233BH,IFED,01,023 ,  128150,   96437,   92962,   15307,   14364,    5641,      83,   10637,     217,       0,       0,       0,  117685,  123821,   10465,    4329,  128150,   96437,   92962,   15307,   14364,    5641,      83,   10637,     217,       0,       0,       0,  117685,  123821,   10465,    4329,       0,       0,       0,       0,       0,       0,       0,       0,       0,       0,       0,       0,       0,       0,       0,       0,   -4473,   -4649,   -6334,    -201,    -369,     668,    -568,      31,     -31,       0,    -217,       0,   -4781,   -6252,     308,    1779,  100.0,   75.3,   72.5,   11.9,   11.2,    4.4,    0.1,    8.3,    0.2,    0.0,    0.0,    0.0,   91.8,   96.6,    8.2,    3.4,  100.0,   75.3,   72.5,   11.9,   11.2,    4.4,    0.1,    8.3,    0.2,    0.0,    0.0,    0.0,   91.8,   96.6,    8.2,    3.4,  100.0,    0.0,    0.0,    0.0,    0.0,    0.0,    0.0,    0.0,    0.0,    0.0,    0.0,    0.0,    0.0,    0.0,    0.0,    0.0,     26,     12,     11,      6,.,      6,.,.,.,      0,      0,      0,     21,     20,     26,     12,     11,      6,.,      6,.,.,.,      0,      0,      0,     21,     20,      0,      0,      0,      0,      0,      0,      0,      0,      0,      0,      0,      0,      0,      0,    65.7,    60.2,    80.1,    81.9,    58.6,    54.7,    67.6,    70.7,    65.7,    60.2,    80.1,    81.9,    58.6,    54.7,    67.6,    70.7,     0.0,     0.0,     0.0,     0.0,     0.0,     0.0,     0.0,     0.0,2500 mmbtu,0233BH,IFED,023 ,N13,FutOnly
PANHANDLE BASIS - ICE FUTURES ENERGY DIV,261006,2026-10-06,0233BL,IFED,01,023 ,  175169,  124585,   49935,    8908,  101734,   10680,    7154,     300,     550,     285,     214,    1245,  153407,  164658,   21762,   10511,  175169,  124585,   49935,    8908,  101734,   10680,    7154,     300,     550,     285,     214,    1245,  153407,  164658,   21762,   10511,       0,       0,       0,       0,       0,       0,       0,       0,       0,       0,       0,       0,       0,       0,       0,       0,  -13608,  -12790,   -9432,    -147,   -5367,     483,   -5890,     300,   -1532,   -1440,    -419,    -571,  -21887,  -16538,    8279,    2930,  100.0,   71.1,   28.5,    5.1,   58.1,    6.1,    4.1,    0.2,    0.3,    0.2,    0.1,    0.7,   87.6,   94.0,   12.4,    6.0,  100.0,   71.1,   28.5,    5.1,   58.1,    6.1,    4.1,    0.2,    0.3,    0.2,    0.1,    0.7,   87.6,   94.0,   12.4,    6.0,  100.0,    0.0,    0.0,    0.0,    0.0,    0.0,    0.0,    0.0,    0.0,    0.0,    0.0,    0.0,    0.0,    0.0,    0.0,    0.0,     39,     16,     18,.,      8,      8,.,.,.,.,.,.,     29,     33,     39,     16,     18,.,      8,      8,.,.,.,.,.,.,     29,     33,      0,      0,      0,      0,      0,      0,      0,      0,      0,      0,      0,      0,      0,      0,    44.2,    47.7,    58.1,    69.8,    41.4,    45.1,    52.8,    61.4,    44.2,    47.7,    58.1,    69.8,    41.4,    45.1,    52.8,    61.4,     0.0,     0.0,     0.0,     0.0,     0.0,     0.0,     0.0,     0.0,2500 mmbtu,0233BL,IFED,023 ,N13,FutOnly
PG&E - CITYGATE (INDEX) - ICE FUTURES ENERGY DIV,261006,2026-10-06,0233BQ,IFED,01,023 ,   29453,   24520,   25982,       0,       0,       0,     496,    1834,     465,       0,     620,       0,   25481,   28901,    3972,     552,   29453,   24520,   25982,       0,       0,       0,     496,    1834,     465,       0,     620,       0,   25481,   28901,    3972,     552,       0,       0,       0,       0,       0,       0,       0,       0,       0,       0,       0,       0,       0,       0,       0,       0,   -6326,   -4677,   -4496,    -241,       0,       0,    -135,     795,    -615,       0,   -1410,       0,   -5668,   -5726,    -658,    -600,  100.0,   83.3,   88.2,    0.0,    0.0,    0.0,    1.7,    6.2,    1.6,    0.0,    2.1,    0.0,   86.5,   98.1,   13.5,    1.9,  100.0,   83.3,   88.2,    0.0,    0.0,    0.0,    1.7,    6.2,    1.6,    0.0,    2.1,    0.0,   86.5,   98.1,   13.5,    1.9,  100.0,    0.0,    0.0,    0.0,    0.0,    0.0,    0.0,    0.0,    0.0,    0.0,    0.0,    0.0,    0.0,    0.0,    0.0,    0.0,     20,     10,      6,      0,      0,      0,.,.,.,      0,.,      0,     12,     11,     20,     10,      6,      0,      0,      0,.,.,.,      0,.,      0,     12,     11,      0,      0,      0,      0,      0,      0,      0,      0,      0,      0,      0,      0,      0,      0,    74.2,    79.4,    82.3,    95.6,    70.4,    78.1,    76.7,    86.5,    74.2,    79.4,    82.3,    95.6,    70.4,    78.1,    76.7,    86.5,     0.0,     0.0,     0.0,     0.0,     0.0,     0.0,     0.0,     0.0,2500 mmbtu,0233BQ,IFED,023 ,N13,FutOnly
SOCAL (INDEX) - ICE FUTURES ENERGY DIV,261006,2026-10-06,0233BW,IFED,01,023 ,   12966,    6488,    7490,    1607,    3644,     341,    3414,     310,       0,       0,       0,       0,   11850,   11785,    1116,    1181,   12966,    6488,    7490,    1607,    3644,     341,    3414,     310,       0,       0,       0,       0,   11850,   11785,    1116,    1181,       0,       0,       0,       0,       0,       0,       0,       0,       0,       0,       0,       0,       0,       0,       0,       0,   -4001,   -3870,   -5126,     397,    3367,   -1259,    2801,    -480,    -990,    -692,       0,     -31,   -3644,   -4519,    -357,     518,  100.0,   50.0,   57.8,   12.4,   28.1,    2.6,   26.3,    2.4,    0.0,    0.0,    0.0,    0.0,   91.4,   90.9,    8.6,    9.1,  100.0,   50.0,   57.8,   12.4,   28.1,    2.6,   26.3,    2.4,    0.0,    0.0,    0.0,    0.0,   91.4,   90.9,    8.6,    9.1,  100.0,    0.0,    0.0,    0.0,    0.0,    0.0,    0.0,    0.0,    0.0,    0.0,    0.0,    0.0,    0.0,    0.0,    0.0,    0.0,     22,     10,     10,.,.,.,.,.,      0,      0,      0,      0,     13,     13,     22,     10,     10,.,.,.,.,.,      0,      0,      0,      0,     13,     13,      0,      0,      0,      0,      0,      0,      0,      0,      0,      0,      0,      0,      0,      0,    66.7,    62.0,    81.7,    80.3,    64.1,    62.0,    77.3,    79.8,    66.7,    62.0,    81.7,    80.3,    64.1,    62.0,    77.3,    79.8,     0.0,     0.0,     0.0,     0.0,     0.0,     0.0,     0.0,     0.0,2500 mmbtu,0233BW,IFED,023 ,N13,FutOnly
SONAT - TIER 1 POOL (ZONE 0) - ICE FUTURES ENERGY DIV,261006,2026-10-06,0233C1,IFED,01,023 ,   74174,   50687,   56662,    2146,    2842,    4809,    4618,       0,     459,       0,       0,       0,   62719,   64772,   11455,    9402,   74174,   50687,   56662,    2146,    2842,    4809,    4618,       0,     459,       0,       0,       0,   62719,   64772,   11455,    9402,       0,       0,       0,       0,       0,       0,       0,       0,       0,       0,       0,       0,       0,       0,       0,       0,   -8730,   -9443,   -9918,    1262,   -1440,    -967,   -1085,       0,       0,       0,       0,       0,  -10233,  -12325,    1503,    3595,  100.0,   68.3,   76.4,    2.9,    3.8,    6.5,    6.2,    0.0,    0.6,    0.0,    0.0,    0.0,   84.6,   87.3,   15.4,   12.7,  100.0,   68.3,   76.4,    2.9,    3.8,    6.5,    6.2,    0.0,    0.6,    0.0,    0.0,    0.0,   84.6,   87.3,   15.4,   12.7,  100.0,    0.0,    0.0,    0.0,    0.0,    0.0,    0.0,    0.0,    0.0,    0.0,    0.0,    0.0,    0.0,    0.0,    0.0,    0.0,     22,     11,     13,.,.,.,.,      0,.,      0,      0,      0,     16,     17,     22,     11,     13,.,.,.,.,      0,.,      0,      0,      0,     16,     17,      0,      0,      0,      0,      0,      0,      0,      0,      0,      0,      0,      0,      0,      0,    54.1,    56.1,    73.8,    73.4,    45.2,    50.2,    61.5,    62.4,    54.1,    56.1,    73.8,    73.4,    45.2,    50.2,    61.5,    62.4,     0.0,     0.0,     0.0,     0.0,     0.0,     0.0,     0.0,     0.0,2500 mmbtu,0233C1,IFED,023 ,N13,FutOnly
TETCO WLA BASIS - ICE FUTURES ENERGY DIV,261006,2026-10-06,0233CC,IFED,01,023 ,  105482,   87474,   67006,   13438,   13565,    1644,       0,   20320,       0,       0,       0,       0,  102556,  102535,    2926,    2947,  105482,   87474,   67006,   13438,   13565,    1644,       0,   20320,       0,       0,       0,       0,  102556,  102535,    2926,    2947,       0,       0,       0,       0,       0,       0,       0,       0,       0,       0,       0,       0,       0,       0,       0,       0,  -13963,  -10247,   -7506,   -1306,    3021,   -1759,       0,   -7521,       0,       0,       0,       0,  -13312,  -13765,    -651,    -198,  100.0,   82.9,   63.5,   12.7,   12.9,    1.6,    0.0,   19.3,    0.0,    0.0,    0.0,    0.0,   97.2,   97.2,    2.8,    2.8,  100.0,   82.9,   63.5,   12.7,   12.9,    1.6,    0.0,   19.3,    0.0,    0.0,    0.0,    0.0,   97.2,   97.2,    2.8,    2.8,  100.0,    0.0,    0.0,    0.0,    0.0,    0.0,    0.0,    0.0,    0.0,    0.0,    0.0,    0.0,    0.0,    0.0,    0.0,    0.0,     32,     17,     11,      4,.,.,      0,.,      0,      0,      0,      0,     22,     18,     32,     17,     11,      4,.,.,      0,.,      0,      0,      0,      0,     22,     18,      0,      0,      0,      0,      0,      0,      0,      0,      0,      0,      0,      0,      0,      0,    52.6,    61.9,    72.1,    82.0,    52.6,    59.6,    71.1,    79.4,    52.6,    61.9,    72.1,    82.0,    52.6,    59.6,    71.1,    79.4,     0.0,     0.0,     0.0,     0.0,     0.0,     0.0,     0.0,     0.0,mmbtu,0233CC,IFED,023 ,N13,FutOnly
TETCO M3 INDEX - ICE FUTURES ENERGY DIV,261006,2026-10-06,0233CG,IFED,01,023 ,   58792,   30475,   48764,   21300,       0,    5312,     868,    1488,       0,     465,    2188,       0,   58420,   57752,     372,    1040,   58792,   30475,   48764,   21300,       0,    5312,     868,    1488,       0,     465,    2188,       0,   58420,   57752,     372,    1040,       0,       0,       0,       0,       0,       0,       0,       0,       0,       0,       0,       0,       0,       0,       0,       0,   -9047,   -6419,   -8363,   -2300,       0,       0,    -180,    -210,       0,    -120,    -120,       0,   -9019,   -8693,     -28,    -354,  100.0,   51.8,   82.9,   36.2,    0.0,    9.0,    1.5,    2.5,    0.0,    0.8,    3.7,    0.0,   99.4,   98.2,    0.6,    1.8,  100.0,   51.8,   82.9,   36.2,    0.0,    9.0,    1.5,    2.5,    0.0,    0.8,    3.7,    0.0,   99.4,   98.2,    0.6,    1.8,  100.0,    0.0,    0.0,    0.0,    0.0,    0.0,    0.0,    0.0,    0.0,    0.0,    0.0,    0.0,    0.0,    0.0,    0.0,    0.0,     29,      8,     12,      5,      0,.,.,.,      0,.,.,      0,     17,     16,     29,      8,     12,      5,      0,.,.,.,      0,.,.,      0,     17,     16,      0,      0,      0,      0,      0,      0,      0,      0,      0,      0,      0,      0,      0,      0,    65.0,    63.6,    89.9,    83.4,    65.0,    54.6,    76.6,    71.3,    65.0,    63.6,    89.9,    83.4,    65.0,    54.6,    76.6,    71.3,     0.0,     0.0,     0.0,     0.0,     0.0,     0.0,     0.0,     0.0,2500 mmbtu,0233CG,IFED,023 ,N13,FutOnly
TETCO M3 BASIS - ICE FUTURES ENERGY DIV,261006,2026-10-06,0233CH,IFED,01,023 ,  167090,   95773,  123178,   37434,   13341,    8642,    3931,    8268,    4143,    7676,    2891,     216,  157815,  160679,    9275,    6411,  167090,   95773,  123178,   37434,   13341,    8642,    3931,    8268,    4143,    7676,    2891,     216,  157815,  160679,    9275,    6411,       0,       0,       0,       0,       0,       0,       0,       0,       0,       0,       0,       0,       0,       0,       0,       0,   -8013,   -6547,   -3144,    -701,   -5431,    -473,     187,     287,   -1046,     516,     209,     -67,   -8131,   -9665,     118,    1652,  100.0,   57.3,   73.7,   22.4,    8.0,    5.2,    2.4,    4.9,    2.5,    4.6,    1.7,    0.1,   94.4,   96.2,    5.6,    3.8,  100.0,   57.3,   73.7,   22.4,    8.0,    5.2,    2.4,    4.9,    2.5,    4.6,    1.7,    0.1,   94.4,   96.2,    5.6,    3.8,  100.0,    0.0,    0.0,    0.0,    0.0,    0.0,    0.0,    0.0,    0.0,    0.0,    0.0,    0.0,    0.0,    0.0,    0.0,    0.0,     48,     18,     22,      5,      5,      6,.,      4,.,.,.,.,     32,     39,     48,     18,     22,      5,      5,      6,.,      4,.,.,.,.,     32,     39,      0,      0,      0,      0,      0,      0,      0,      0,      0,      0,      0,      0,      0,      0,    40.9,    39.4,    63.5,    56.5,    38.4,    39.4,    58.7,    54.6,    40.9,    39.4,    63.5,    56.5,    38.4,    39.4,    58.7,    54.6,     0.0,     0.0,     0.0,     0.0,     0.0,     0.0,     0.0,     0.0,2500 mm btu,0233CH,IFED,023 ,N13,FutOnly
TGT ZONE 1 BASIS - ICE FUTURES ENERGY DIV,261006,2026-10-06,0233CM,IFED,01,023 ,  221610,  189422,  136024,   13228,   61291,   10043,    3170,       0,       0,       0,       0,       0,  215863,  207358,    5747,   14252,  221610,  189422,  136024,   13228,   61291,   10043,    3170,       0,       0,       0,       0,       0,  215863,  207358,    5747,   14252,       0,       0,       0,       0,       0,       0,       0,       0,       0,       0,       0,       0,       0,       0,       0,       0,  -10222,   -9213,   -4356,   -1103,   -5460,   -1533,     217,       0,    -217,       0,       0,       0,  -11849,  -11566,    1627,    1344,  100.0,   85.5,   61.4,    6.0,   27.7,    4.5,    1.4,    0.0,    0.0,    0.0,    0.0,    0.0,   97.4,   93.6,    2.6,    6.4,  100.0,   85.5,   61.4,    6.0,   27.7,    4.5,    1.4,    0.0,    0.0,    0.0,    0.0,    0.0,   97.4,   93.6,    2.6,    6.4,  100.0,    0.0,    0.0,    0.0,    0.0,    0.0,    0.0,    0.0,    0.0,    0.0,    0.0,    0.0,    0.0,    0.0,    0.0,    0.0,     35,     20,     16,.,      4,      4,.,      0,      0,      0,      0,      0,     25,     22,     35,     20,     16,.,      4,      4,.,      0,      0,      0,      0,      0,     25,     22,      0,      0,      0,      0,      0,      0,      0,      0,      0,      0,      0,      0,      0,      0,    43.9,    57.3,    74.4,    77.6,    43.6,    56.3,    70.0,    73.7,    43.9,    57.3,    74.4,    77.6,    43.6,    56.3,    70.0,    73.7,     0.0,     0.0,     0.0,     0.0,     0.0,     0.0,     0.0,     0.0,2500 MMBtus,0233CM,IFED,023 ,N13,FutOnly
TRANSCO STN 85 MONTHLY INDEX - ICE FUTURES ENERGY DIV,261006,2026-10-06,0233CS,IFED,01,023 ,   47055,   30294,   38108,    5888,    3155,       0,    9461,    1294,       0,       0,    2534,      31,   45674,   45122,    1381,    1933,   47055,   30294,   38108,    5888,    3155,       0,    9461,    1294,       0,       0,    2534,      31,   45674,   45122,    1381,    1933,       0,       0,       0,       0,       0,       0,       0,       0,       0,       0,       0,       0,       0,       0,       0,       0,  -19064,   -6773,  -10446,     330,    -270,    -690,  -11142,   -3322,    -248,    -210,   -4410,    -120,  -18853,  -19506,    -211,     442,  100.0,   64.4,   81.0,   12.5,    6.7,    0.0,   20.1,    2.7,    0.0,    0.0,    5.4,    0.1,   97.1,   95.9,    2.9,    4.1,  100.0,   64.4,   81.0,   12.5,    6.7,    0.0,   20.1,    2.7,    0.0,    0.0,    5.4,    0.1,   97.1,   95.9,    2.9,    4.1,  100.0,    0.0,    0.0,    0.0,    0.0,    0.0,    0.0,    0.0,    0.0,    0.0,    0.0,    0.0,    0.0,    0.0,    0.0,    0.0,     37,     15,     14,.,.,      0,      5,.,      0,      0,.,.,     24,     20,     37,     15,     14,.,.,      0,      5,.,      0,      0,.,.,     24,     20,      0,      0,      0,      0,      0,      0,      0,      0,      0,      0,      0,      0,      0,      0,    48.1,    71.2,    72.6,    84.4,    48.0,    63.4,    66.4,    75.8,    48.1,    71.2,    72.6,    84.4,    48.0,    63.4,    66.4,    75.8,     0.0,     0.0,     0.0,     0.0,     0.0,     0.0,     0.0,     0.0,mmbtu,0233CS,IFED,023 ,N13,FutOnly
TRANSCO ZONE 6 BASIS - ICE FUTURES ENERGY DIV,261006,2026-10-06,0233CU,IFED,01,023 ,  245237,  130721,  169423,   87890,   37612,    7452,    7748,   12113,    2482,     128,    8218,    1550,  237971,  238850,    7266,    6387,  245237,  130721,  169423,   87890,   37612,    7452,    7748,   12113,    2482,     128,    8218,    1550,  237971,  238850,    7266,    6387,       0,       0,       0,       0,       0,       0,       0,       0,       0,       0,       0,       0,       0,       0,       0,       0,  -18404,  -14635,  -13317,   -1481,   -4166,    -804,     645,    -665,   -1012,    -182,     -52,     -64,  -17533,  -20080,    -871,    1676,  100.0,   53.3,   69.1,   35.8,   15.3,    3.0,    3.2,    4.9,    1.0,    0.1,    3.4,    0.6,   97.0,   97.4,    3.0,    2.6,  100.0,   53.3,   69.1,   35.8,   15.3,    3.0,    3.2,    4.9,    1.0,    0.1,    3.4,    0.6,   97.0,   97.4,    3.0,    2.6,  100.0,    0.0,    0.0,    0.0,    0.0,    0.0,    0.0,    0.0,    0.0,    0.0,    0.0,    0.0,    0.0,    0.0,    0.0,    0.0,     54,     27,     24,      5,      6,      6,.,.,.,.,.,.,     44,     40,     54,     27,     24,      5,      6,      6,.,.,.,.,.,.,     44,     40,      0,      0,      0,      0,      0,      0,      0,      0,      0,      0,      0,      0,      0,      0,    41.7,    52.3,    61.2,    68.5,    40.3,    52.0,    59.8,    65.8,    41.7,    52.3,    61.2,    68.5,    40.3,    52.0,    59.8,    65.8,     0.0,     0.0,     0.0,     0.0,     0.0,     0.0,     0.0,     0.0,mmbtu,0233CU,IFED,023 ,N13,FutOnly
TRANSCO ZONE 6 MONTHLY INDEX - ICE FUTURES ENERGY DIV,261006,2026-10-06,0233CV,IFED,01,023 ,  118643,   34650,  102218,   74691,     468,    3235,       0,    2419,       0,     465,    3700,       0,  113041,  112040,    5602,    6603,  118643,   34650,  102218,   74691,     468,    3235,       0,    2419,       0,     465,    3700,       0,  113041,  112040,    5602,    6603,       0,       0,       0,       0,       0,       0,       0,       0,       0,       0,       0,       0,       0,       0,       0,       0,   -4859,   -3413,   -6115,   -2276,    -120,    -180,       0,    1120,       0,       0,       0,       0,   -5869,   -5295,    1010,     436,  100.0,   29.2,   86.2,   63.0,    0.4,    2.7,    0.0,    2.0,    0.0,    0.4,    3.1,    0.0,   95.3,   94.4,    4.7,    5.6,  100.0,   29.2,   86.2,   63.0,    0.4,    2.7,    0.0,    2.0,    0.0,    0.4,    3.1,    0.0,   95.3,   94.4,    4.7,    5.6,  100.0,    0.0,    0.0,    0.0,    0.0,    0.0,    0.0,    0.0,    0.0,    0.0,    0.0,    0.0,    0.0,    0.0,    0.0,    0.0,     28,      7,     14,      5,.,.,      0,.,      0,.,.,      0,     14,     18,     28,      7,     14,      5,.,.,      0,.,      0,.,.,      0,     14,     18,      0,      0,      0,      0,      0,      0,      0,      0,      0,      0,      0,      0,      0,      0,    78.2,    67.9,    92.5,    84.7,    77.5,    67.9,    88.2,    83.4,    78.2,    67.9,    92.5,    84.7,    77.5,    67.9,    88.2,    83.4,     0.0,     0.0,     0.0,     0.0,     0.0,     0.0,     0.0,     0.0,mmbtu,0233CV,IFED,023 ,N13,FutOnly
TRANSCO STATION 85-ZONE 4 BASI - ICE FUTURES ENERGY DIV,261006,2026-10-06,0233CW,IFED,01,023 ,  277530,  171341,  212525,   26614,   15806,   19048,   32336,    7936,   12992,    1590,    3909,    2765,  266686,  274981,   10844,    2549,  277530,  171341,  212525,   26614,   15806,   19048,   32336,    7936,   12992,    1590,    3909,    2765,  266686,  274981,   10844,    2549,       0,       0,       0,       0,       0,       0,       0,       0,       0,       0,       0,       0,       0,       0,       0,       0,  -33403,   -6894,  -30155,   -2888,   -3455,     565,  -28625,   -1860,     336,     133,    -875,     923,  -36450,  -34521,    3047,    1118,  100.0,   61.7,   76.6,    9.6,    5.7,    6.9,   11.7,    2.9,    4.7,    0.6,    1.4,    1.0,   96.1,   99.1,    3.9,    0.9,  100.0,   61.7,   76.6,    9.6,    5.7,    6.9,   11.7,    2.9,    4.7,    0.6,    1.4,    1.0,   96.1,   99.1,    3.9,    0.9,  100.0,    0.0,    0.0,    0.0,    0.0,    0.0,    0.0,    0.0,    0.0,    0.0,    0.0,    0.0,    0.0,    0.0,    0.0,    0.0,     65,     27,     30,      7,.,      7,      6,      5,      7,.,.,      4,     51,     50,     65,     27,     30,      7,.,      7,      6,      5,      7,.,.,      4,     51,     50,      0,      0,      0,      0,      0,      0,      0,      0,      0,      0,      0,      0,      0,      0,    36.0,    34.4,    53.7,    50.6,    27.4,    24.2,    40.7,    37.9,    36.0,    34.4,    53.7,    50.6,    27.4,    24.2,    40.7,    37.9,     0.0,     0.0,     0.0,     0.0,     0.0,     0.0,     0.0,     0.0,2500 mm btu,0233CW,IFED,023 ,N13,FutOnly
WAHA INDEX  - ICE FUTURES ENERGY DIV,261006,2026-10-06,0233D4,IFED,01,023 ,   98215,   91323,   68533,    2130,   16619,     894,      74,       8,    2212,       0,    8048,       0,   96633,   96314,    1582,    1901,   98215,   91323,   68533,    2130,   16619,     894,      74,       8,    2212,       0,    8048,       0,   96633,   96314,    1582,    1901,       0,       0,       0,       0,       0,       0,       0,       0,       0,       0,       0,       0,       0,       0,       0,       0,  -11958,  -10176,   -9806,    -813,   -2310,       0,   -1642,       8,      -8,       0,     814,    -210,  -12849,  -11512,     891,    -446,  100.0,   93.0,   69.8,    2.2,   16.9,    0.9,    0.1,    0.0,    2.3,    0.0,    8.2,    0.0,   98.4,   98.1,    1.6,    1.9,  100.0,   93.0,   69.8,    2.2,   16.9,    0.9,    0.1,    0.0,    2.3,    0.0,    8.2,    0.0,   98.4,   98.1,    1.6,    1.9,  100.0,    0.0,    0.0,    0.0,    0.0,    0.0,    0.0,    0.0,    0.0,    0.0,    0.0,    0.0,    0.0,    0.0,    0.0,    0.0,     46,     22,     13,.,      7,.,.,.,.,      0,      4,      0,     30,     26,     46,     22,     13,.,      7,.,.,.,.,      0,      4,      0,     30,     26,      0,      0,      0,      0,      0,      0,      0,      0,      0,      0,      0,      0,      0,      0,    58.8,    56.0,    79.1,    72.7,    56.8,    53.6,    74.7,    69.4,    58.8,    56.0,    79.1,    72.7,    56.8,    53.6,    74.7,    69.4,     0.0,     0.0,     0.0,     0.0,     0.0,     0.0,     0.0,     0.0,2500 mm btu,0233D4,IFED,023 ,N13,FutOnly
TETCO M2 Basis (Receipts) - ICE FUTURES ENERGY DIV,261006,2026-10-06,0233DR,IFED,01,023 ,  556462,  480488,   24666,   10105,  508773,   15374,   35858,       0,    1370,    2173,       0,    2022,  547390,  552205,    9072,    4257,  556462,  480488,   24666,   10105,  508773,   15374,   35858,       0,    1370,    2173,       0,    2022,  547390,  552205,    9072,    4257,       0,       0,       0,       0,       0,       0,       0,       0,       0,       0,       0,       0,       0,       0,       0,       0,  -23325,  -27301,   -1015,     431,  -21477,    1926,     -91,   -2443,      31,    -276,    -729,    -519,  -25799,  -24226,    2474,     901,  100.0,   86.3,    4.4,    1.8,   91.4,    2.8,    6.4,    0.0,    0.2,    0.4,    0.0,    0.4,   98.4,   99.2,    1.6,    0.8,  100.0,   86.3,    4.4,    1.8,   91.4,    2.8,    6.4,    0.0,    0.2,    0.4,    0.0,    0.4,   98.4,   99.2,    1.6,    0.8,  100.0,    0.0,    0.0,    0.0,    0.0,    0.0,    0.0,    0.0,    0.0,    0.0,    0.0,    0.0,    0.0,    0.0,    0.0,    0.0,     52,     30,      8,.,     16,      6,.,      0,.,.,      0,.,     39,     27,     52,     30,      8,.,     16,      6,.,      0,.,.,      0,.,     39,     27,      0,      0,      0,      0,      0,      0,      0,      0,      0,      0,      0,      0,      0,      0,    44.2,    49.3,    62.5,    73.1,    44.2,    49.1,    61.8,    72.0,    44.2,    49.3,    62.5,    73.1,    44.2,    49.1,    61.8,    72.0,     0.0,     0.0,     0.0,     0.0,     0.0,     0.0,     0.0,     0.0,2500 MM Btus,0233DR,IFED,023 ,N13,FutOnly
TRANSCO LEIDY BASIS - ICE FUTURES ENERGY DIV,261006,2026-10-06,0233DT,IFED,01,023 ,  128048,   78318,   64031,   19125,   48050,   10870,    9161,       0,       0,    5564,    1665,     490,  123528,  125106,    4520,    2942,  128048,   78318,   64031,   19125,   48050,   10870,    9161,       0,       0,    5564,    1665,     490,  123528,  125106,    4520,    2942,       0,       0,       0,       0,       0,       0,       0,       0,       0,       0,       0,       0,       0,       0,       0,       0,   -6966,   -5767,     170,     861,   -4595,   -1542,    -314,       0,       0,     168,    -720,       0,   -6594,   -6687,    -372,    -279,  100.0,   61.2,   50.0,   14.9,   37.5,    8.5,    7.2,    0.0,    0.0,    4.3,    1.3,    0.4,   96.5,   97.7,    3.5,    2.3,  100.0,   61.2,   50.0,   14.9,   37.5,    8.5,    7.2,    0.0,    0.0,    4.3,    1.3,    0.4,   96.5,   97.7,    3.5,    2.3,  100.0,    0.0,    0.0,    0.0,    0.0,    0.0,    0.0,    0.0,    0.0,    0.0,    0.0,    0.0,    0.0,    0.0,    0.0,    0.0,     38,     16,     10,.,     10,      8,.,      0,      0,.,.,.,     29,     25,     38,     16,     10,.,     10,      8,.,      0,      0,.,.,.,     29,     25,      0,      0,      0,      0,      0,      0,      0,      0,      0,      0,      0,      0,      0,      0,    43.3,    41.2,    62.5,    66.8,    43.2,    39.7,    61.7,    63.0,    43.3,    41.2,    62.5,    66.8,    43.2,    39.7,    61.7,    63.0,     0.0,     0.0,     0.0,     0.0,     0.0,     0.0,     0.0,     0.0,"(Contracts of 2,500  MMBTU'S)",0233DT,IFED,023 ,N13,FutOnly
TETCO M2 Index (Receipts) - ICE FUTURES ENERGY DIV,261006,2026-10-06,0233DW,IFED,01,023 ,   26686,   18362,   21357,    4280,    2816,       0,    1364,       0,       0,    1239,    1510,       0,   25245,   25683,    1441,    1003,   26686,   18362,   21357,    4280,    2816,       0,    1364,       0,       0,    1239,    1510,       0,   25245,   25683,    1441,    1003,       0,       0,       0,       0,       0,       0,       0,       0,       0,       0,       0,       0,       0,       0,       0,       0,   -8640,   -9160,   -7387,       0,   -1170,       0,     120,       0,    -120,       0,       0,       0,   -9160,   -8677,     520,      37,  100.0,   68.8,   80.0,   16.0,   10.6,    0.0,    5.1,    0.0,    0.0,    4.6,    5.7,    0.0,   94.6,   96.2,    5.4,    3.8,  100.0,   68.8,   80.0,   16.0,   10.6,    0.0,    5.1,    0.0,    0.0,    4.6,    5.7,    0.0,   94.6,   96.2,    5.4,    3.8,  100.0,    0.0,    0.0,    0.0,    0.0,    0.0,    0.0,    0.0,    0.0,    0.0,    0.0,    0.0,    0.0,    0.0,    0.0,    0.0,     28,      9,     14,.,.,      0,.,      0,      0,.,.,      0,     13,     17,     28,      9,     14,.,.,      0,.,      0,      0,.,.,      0,     13,     17,      0,      0,      0,      0,      0,      0,      0,      0,      0,      0,      0,      0,      0,      0,    63.7,    50.4,    86.2,    80.2,    63.7,    50.4,    86.2,    80.2,    63.7,    50.4,    86.2,    80.2,    63.7,    50.4,    86.2,    80.2,     0.0,     0.0,     0.0,     0.0,     0.0,     0.0,     0.0,     0.0,2500 MM Btus,0233DW,IFED,023 ,N13,FutOnly
REX ZONE 3 BASIS - ICE FUTURES ENERGY DIV,261006,2026-10-06,0233EB,IFED,01,023 ,  290273,  204383,  137358,   21643,  107904,    7222,   44125,   17899,     241,       0,    7865,    4664,  282278,  283153,    7995,    7120,  290273,  204383,  137358,   21643,  107904,    7222,   44125,   17899,     241,       0,    7865,    4664,  282278,  283153,    7995,    7120,       0,       0,       0,       0,       0,       0,       0,       0,       0,       0,       0,       0,       0,       0,       0,       0,  -26973,  -13587,  -12658,    -519,   -2404,     -73,  -10034,   -2888,   -6302,       0,   -3964,     926,  -29589,  -27363,    2616,     390,  100.0,   70.4,   47.3,    7.5,   37.2,    2.5,   15.2,    6.2,    0.1,    0.0,    2.7,    1.6,   97.2,   97.5,    2.8,    2.5,  100.0,   70.4,   47.3,    7.5,   37.2,    2.5,   15.2,    6.2,    0.1,    0.0,    2.7,    1.6,   97.2,   97.5,    2.8,    2.5,  100.0,    0.0,    0.0,    0.0,    0.0,    0.0,    0.0,    0.0,    0.0,    0.0,    0.0,    0.0,    0.0,    0.0,    0.0,    0.0,     58,     27,     24,.,     13,.,.,.,.,      0,      5,.,     34,     47,     58,     27,     24,.,     13,.,.,.,.,      0,      5,.,     34,     47,      0,      0,      0,      0,      0,      0,      0,      0,      0,      0,      0,      0,      0,      0,    39.9,    28.9,    59.1,    48.4,    36.9,    26.9,    53.0,    45.9,    39.9,    28.9,    59.1,    48.4,    36.9,    26.9,    53.0,    45.9,     0.0,     0.0,     0.0,     0.0,     0.0,     0.0,     0.0,     0.0,2500 MMBtus,0233EB,IFED,023 ,N13,FutOnly
REX ZONE 3 INDEX - ICE FUTURES ENERGY DIV,261006,2026-10-06,0233ED,IFED,01,023 ,   70320,   29744,   61824,   30149,     806,       0,    9281,    2061,     868,       0,    3815,       0,   70042,   69374,     278,     946,   70320,   29744,   61824,   30149,     806,       0,    9281,    2061,     868,       0,    3815,       0,   70042,   69374,     278,     946,       0,       0,       0,       0,       0,       0,       0,       0,       0,       0,       0,       0,       0,       0,       0,       0,   -5563,   -6346,   -5092,    1110,    -780,    -420,    1170,    -634,       0,    -600,    1320,       0,   -5086,   -5606,    -477,      43,  100.0,   42.3,   87.9,   42.9,    1.1,    0.0,   13.2,    2.9,    1.2,    0.0,    5.4,    0.0,   99.6,   98.7,    0.4,    1.3,  100.0,   42.3,   87.9,   42.9,    1.1,    0.0,   13.2,    2.9,    1.2,    0.0,    5.4,    0.0,   99.6,   98.7,    0.4,    1.3,  100.0,    0.0,    0.0,    0.0,    0.0,    0.0,    0.0,    0.0,    0.0,    0.0,    0.0,    0.0,    0.0,    0.0,    0.0,    0.0,     31,     14,     17,.,.,      0,.,.,.,      0,.,      0,     18,     21,     31,     14,     17,.,.,      0,.,.,.,      0,.,      0,     18,     21,      0,      0,      0,      0,      0,      0,      0,      0,      0,      0,      0,      0,      0,      0,    67.6,    55.9,    91.3,    77.9,    67.6,    43.3,    78.0,    63.6,    67.6,    55.9,    91.3,    77.9,    67.6,    43.3,    78.0,    63.6,     0.0,     0.0,     0.0,     0.0,     0.0,     0.0,     0.0,     0.0,2500 MMBtus,0233ED,IFED,023 ,N13,FutOnly
Transco Zone 5 South Basis - ICE FUTURES ENERGY DIV,261006,2026-10-06,0233FJ,IFED,01,023 ,  128205,   77096,  105038,   24523,    7544,    7411,    9207,    1712,     428,     674,    1156,     273,  119612,  123562,    8593,    4643,  128205,   77096,  105038,   24523,    7544,    7411,    9207,    1712,     428,     674,    1156,     273,  119612,  123562,    8593,    4643,       0,       0,       0,       0,       0,       0,       0,       0,       0,       0,       0,       0,       0,       0,       0,       0,  -12801,   -1510,  -13682,   -2945,     129,     389,   -7977,    -279,    -399,    -558,     123,    -183,  -13183,  -13902,     382,    1101,  100.0,   60.1,   81.9,   19.1,    5.9,    5.8,    7.2,    1.3,    0.3,    0.5,    0.9,    0.2,   93.3,   96.4,    6.7,    3.6,  100.0,   60.1,   81.9,   19.1,    5.9,    5.8,    7.2,    1.3,    0.3,    0.5,    0.9,    0.2,   93.3,   96.4,    6.7,    3.6,  100.0,    0.0,    0.0,    0.0,    0.0,    0.0,    0.0,    0.0,    0.0,    0.0,    0.0,    0.0,    0.0,    0.0,    0.0,    0.0,     41,     18,     25,      4,.,      4,.,.,.,.,.,.,     29,     34,     41,     18,     25,      4,.,      4,.,.,.,.,.,.,     29,     34,      0,      0,      0,      0,      0,      0,      0,      0,      0,      0,      0,      0,      0,      0,    56.8,    50.0,    73.0,    67.5,    55.0,    46.5,    69.4,    62.6,    56.8,    50.0,    73.0,    67.5,    55.0,    46.5,    69.4,    62.6,     0.0,     0.0,     0.0,     0.0,     0.0,     0.0,     0.0,     0.0,2500 MMBtus,0233FJ,IFED,023 ,N13,FutOnly
NAT GAS NYME - NEW YORK MERCANTILE EXCHANGE,261006,2026-10-06,023651,NYME,01,023 , 1815990,  248697,  256926,  251645,   23569,  121997,  218758,  363295,  626277,   53521,  145423,  239946, 1760841, 1777433,   55149,   38557, 1815990,  248697,  256926,  251645,   23569,  121997,  218758,  363295,  626277,   53521,  145423,  239946, 1760841, 1777433,   55149,   38557,       0,       0,       0,       0,       0,       0,       0,       0,       0,       0,       0,       0,       0,       0,       0,       0,   33861,    6639,     784,     858,     369,    5210,   -1764,    9974,    5325,   -2149,   -8468,   19965,   34084,   33159,    -223,     702,  100.0,   13.7,   14.1,   13.9,    1.3,    6.7,   12.0,   20.0,   34.5,    2.9,    8.0,   13.2,   97.0,   97.9,    3.0,    2.1,  100.0,   13.7,   14.1,   13.9,    1.3,    6.7,   12.0,   20.0,   34.5,    2.9,    8.0,   13.2,   97.0,   97.9,    3.0,    2.1,  100.0,    0.0,    0.0,    0.0,    0.0,    0.0,    0.0,    0.0,    0.0,    0.0,    0.0,    0.0,    0.0,    0.0,    0.0,    0.0,    322,     45,     39,     26,     11,     27,     66,     57,     88,     56,     42,     77,    297,    252,    322,     45,     39,     26,     11,     27,     66,     57,     88,     56,     42,     77,    297,    252,      0,      0,      0,      0,      0,      0,      0,      0,      0,      0,      0,      0,      0,      0,    17.0,    22.8,    27.4,    33.9,     8.6,    10.8,    12.5,    15.3,    17.0,    22.8,    27.4,    33.9,     8.6,    10.8,    12.5,    15.3,     0.0,     0.0,     0.0,     0.0,     0.0,     0.0,     0.0,     0.0,"(Contracts of 10,000 MMBTU'S)",023651,NYME,023 ,N13,FutOnly
HENRY HUB LAST DAY FIN - NEW YORK MERCANTILE EXCHANGE,261006,2026-10-06,023A55,NYME,01,023 ,  372680,  130896,   50872,   24091,  132572,   22998,   23567,    8601,   15266,   72709,   76978,   57096,  346623,  364383,   26057,    8297,  372680,  130896,   50872,   24091,  132572,   22998,   23567,    8601,   15266,   72709,   76978,   57096,  346623,  364383,   26057,    8297,       0,       0,       0,       0,       0,       0,       0,       0,       0,       0,       0,       0,       0,       0,       0,       0,    1776,    3366,     721,    -172,     463,     139,    -870,    1724,     242,   -2493,   -2490,    1096,    1308,    1895,     468,    -119,  100.0,   35.1,   13.7,    6.5,   35.6,    6.2,    6.3,    2.3,    4.1,   19.5,   20.7,   15.3,   93.0,   97.8,    7.0,    2.2,  100.0,   35.1,   13.7,    6.5,   35.6,    6.2,    6.3,    2.3,    4.1,   19.5,   20.7,   15.3,   93.0,   97.8,    7.0,    2.2,  100.0,    0.0,    0.0,    0.0,    0.0,    0.0,    0.0,    0.0,    0.0,    0.0,    0.0,    0.0,    0.0,    0.0,    0.0,    0.0,     91,     27,     22,     14,     10,     18,      4,      6,      9,     15,     12,     21,     87,     71,     91,     27,     22,     14,     10,     18,      4,      6,      9,     15,     12,     21,     87,     71,      0,      0,      0,      0,      0,      0,      0,      0,      0,      0,      0,      0,      0,      0,    17.0,    39.0,    30.6,    54.0,    15.8,    37.5,    26.3,    48.9,    17.0,    39.0,    30.6,    54.0,    15.8,    37.5,    26.3,    48.9,     0.0,     0.0,     0.0,     0.0,     0.0,     0.0,     0.0,     0.0,"(Contracts of 10,000 MMBTU'S)",023A55,NYME,023 ,N13,FutOnly
HENRY HUB PENULTIMATE FIN - NEW YORK MERCANTILE EXCHANGE,261006,2026-10-06,023A56,NYME,01,023 ,  197059,   18228,   37570,   69553,   44403,   27651,   11350,   14270,   18945,   19627,   22709,   23540,  188894,  189088,    8165,    7971,  197059,   18228,   37570,   69553,   44403,   27651,   11350,   14270,   18945,   19627,   22709,   23540,  188894,  189088,    8165,    7971,       0,       0,       0,       0,       0,       0,       0,       0,       0,       0,       0,       0,       0,       0,       0,       0,    9129,     260,     561,     977,    4483,   -2607,     658,   -4073,    5086,    1302,    2226,    3094,    8770,    8770,     359,     359,  100.0,    9.3,   19.1,   35.3,   22.5,   14.0,    5.8,    7.2,    9.6,   10.0,   11.5,   11.9,   95.9,   96.0,    4.1,    4.0,  100.0,    9.3,   19.1,   35.3,   22.5,   14.0,    5.8,    7.2,    9.6,   10.0,   11.5,   11.9,   95.9,   96.0,    4.1,    4.0,  100.0,    0.0,    0.0,    0.0,    0.0,    0.0,    0.0,    0.0,    0.0,    0.0,    0.0,    0.0,    0.0,    0.0,    0.0,    0.0,     74,     13,     14,     11,      6,     14,     11,      8,     13,     10,     14,     23,     71,     66,     74,     13,     14,     11,      6,     14,     11,      8,     13,     10,     14,     23,     71,     66,      0,      0,      0,      0,      0,      0,      0,      0,      0,      0,      0,      0,      0,      0,    25.7,    32.2,    42.6,    45.5,    23.5,    23.3,    35.0,    31.8,    25.7,    32.2,    42.6,    45.5,    23.5,    23.3,    35.0,    31.8,     0.0,     0.0,     0.0,     0.0,     0.0,     0.0,     0.0,     0.0,"(Contracts of 10,000 MMBTU'S)",023A56,NYME,023 ,N13,FutOnly
ETHANOL T2 FOB INCL DUTY - NEW YORK MERCANTILE EXCHANGE,261006,2026-10-06,025608,NYME,01,025 ,    3477,    3038,    3293,       0,       0,       0,       0,       0,       0,     149,       0,      10,    3197,    3303,     280,     174,    3477,    3038,    3293,       0,       0,       0,       0,       0,       0,     149,       0,      10,    3197,    3303,     280,     174,       0,       0,       0,       0,       0,       0,       0,       0,       0,       0,       0,       0,       0,       0,       0,       0,    -349,    -368,    -318,       0,       0,       0,       0,       0,       0,      49,       0,      -1,    -320,    -319,     -29,     -30,  100.0,   87.4,   94.7,    0.0,    0.0,    0.0,    0.0,    0.0,    0.0,    4.3,    0.0,    0.3,   91.9,   95.0,    8.1,    5.0,  100.0,   87.4,   94.7,    0.0,    0.0,    0.0,    0.0,    0.0,    0.0,    4.3,    0.0,    0.3,   91.9,   95.0,    8.1,    5.0,  100.0,    0.0,    0.0,    0.0,    0.0,    0.0,    0.0,    0.0,    0.0,    0.0,    0.0,    0.0,    0.0,    0.0,    0.0,    0.0,     22,     15,     16,      0,      0,      0,      0,      0,      0,.,      0,.,     16,     17,     22,     15,     16,      0,      0,      0,      0,      0,      0,.,      0,.,     16,     17,      0,      0,      0,      0,      0,      0,      0,      0,      0,      0,      0,      0,      0,      0,    55.6,    66.1,    79.8,    81.2,    42.6,    56.7,    61.5,    66.6,    55.6,    66.1,    79.8,    81.2,    42.6,    56.7,    61.5,    66.6,     0.0,     0.0,     0.0,     0.0,     0.0,     0.0,     0.0,     0.0,(100 CUBIC METERS),025608,NYME,025 ,N10,FutOnly
ETHANOL - NEW YORK MERCANTILE EXCHANGE,261006,2026-10-06,025651,NYME,01,025 ,   38134,   24982,   31940,     900,    2745,     452,    8014,      79,     220,    1698,    1140,    1182,   37448,   37758,     686,     376,   38134,   24982,   31940,     900,    2745,     452,    8014,      79,     220,    1698,    1140,    1182,   37448,   37758,     686,     376,       0,       0,       0,       0,       0,       0,       0,       0,       0,       0,       0,       0,       0,       0,       0,       0,   -9694,   -9254,   -7667,     -72,   -1109,       7,    -125,    -227,       9,     395,     188,    -596,   -9636,   -9395,     -58,    -299,  100.0,   65.5,   83.8,    2.4,    7.2,    1.2,   21.0,    0.2,    0.6,    4.5,    3.0,    3.1,   98.2,   99.0,    1.8,    1.0,  100.0,   65.5,   83.8,    2.4,    7.2,    1.2,   21.0,    0.2,    0.6,    4.5,    3.0,    3.1,   98.2,   99.0,    1.8,    1.0,  100.0,    0.0,    0.0,    0.0,    0.0,    0.0,    0.0,    0.0,    0.0,    0.0,    0.0,    0.0,    0.0,    0.0,    0.0,    0.0,    117,     46,     64,      4,.,      4,     20,.,      4,      9,      5,      6,     83,     85,    117,     46,     64,      4,.,      4,     20,.,      4,      9,      5,      6,     83,     85,      0,      0,      0,      0,      0,      0,      0,      0,      0,      0,      0,      0,      0,      0,    27.4,    22.5,    43.4,    37.8,    16.9,    15.6,    26.3,    24.9,    27.4,    22.5,    43.4,    37.8,    16.9,    15.6,    26.3,    24.9,     0.0,     0.0,     0.0,     0.0,     0.0,     0.0,     0.0,     0.0,"(CONTRACTS OF 42,000 U.S. GALLONS)",025651,NYME,025 ,N10,FutOnly
SOYBEAN MEAL - CHICAGO BOARD OF TRADE,261006,2026-10-06,026603,CBT ,00,026 ,  632133,   68237,  429572,  129964,   13235,    4500,  213268,    7967,   88863,   40678,   23322,   39040,  584550,  606499,   47583,   25634,  618878,   65583,  421305,  129337,   12529,    4385,  210827,    8815,   87587,   39488,   24661,   34900,  572107,  594182,   46771,   24696,   13255,    2654,    8267,     742,     821,       0,    3655,     366,      62,    2846,     317,    2484,   12443,   12317,     812,     938,    3024,   -2876,    2420,   -3681,    -747,     531,   -2050,     227,   -7342,    7566,    -887,    8797,     945,    2999,    2079,      25,  100.0,   10.8,   68.0,   20.6,    2.1,    0.7,   33.7,    1.3,   14.1,    6.4,    3.7,    6.2,   92.5,   95.9,    7.5,    4.1,  100.0,   10.6,   68.1,   20.9,    2.0,    0.7,   34.1,    1.4,   14.2,    6.4,    4.0,    5.6,   92.4,   96.0,    7.6,    4.0,  100.0,   20.0,   62.4,    5.6,    6.2,    0.0,   27.6,    2.8,    0.5,   21.5,    2.4,   18.7,   93.9,   92.9,    6.1,    7.1,    359,     90,    103,     22,      7,     10,     96,     15,     47,     47,     29,     45,    298,    228,    359,     90,    103,     21,      8,     10,     96,     17,     47,     48,     30,     44,    297,    228,     75,     19,     15,      7,      4,      0,     13,.,.,     13,      5,      9,     56,     33,    11.3,    37.7,    19.3,    48.1,     8.8,    37.0,    16.1,    45.6,    11.5,    37.8,    19.7,    48.4,     8.9,    37.2,    16.4,    45.8,    43.9,    36.8,    59.2,    59.0,    33.2,    36.5,    46.2,    54.5,(CONTRACTS OF 100 TONS),026603,CBT ,026 ,A30,FutOnly
COTTON NO. 2 - ICE FUTURES U.S.,261006,2026-10-06,033661,ICUS,01,033 ,  382230,   81544,  228280,   68316,   25085,   18714,   74374,   17256,   43392,   53969,   14729,   25789,  366098,  373245,   16132,    8985,  347485,   64153,  208843,   70728,   19829,   14535,   71038,   19118,   40599,   47702,   11875,   23873,  332628,  338672,   14857,    8813,   34745,   17391,   19437,    1767,    9435,       0,    6129,     931,       0,    7227,    3814,     956,   33470,   34573,    1275,     172,   -7264,    2729,    1351,     717,    1159,     192,   -9979,     740,   -3431,    5683,   -4781,   -2561,   -6650,   -7331,    -614,      67,  100.0,   21.3,   59.7,   17.9,    6.6,    4.9,   19.5,    4.5,   11.4,   14.1,    3.9,    6.7,   95.8,   97.6,    4.2,    2.4,  100.0,   18.5,   60.1,   20.4,    5.7,    4.2,   20.4,    5.5,   11.7,   13.7,    3.4,    6.9,   95.7,   97.5,    4.3,    2.5,  100.0,   50.1,   55.9,    5.1,   27.2,    0.0,   17.6,    2.7,    0.0,   20.8,   11.0,    2.8,   96.3,   99.5,    3.7,    0.5,    343,     42,     52,     20,     17,     18,     82,     33,     61,     87,     34,     55,    290,    221,    337,     37,     50,     21,     16,     17,     80,     37,     57,     83,     34,     53,    278,    215,    107,     20,     23,      5,     13,      0,     15,      4,      0,     20,     12,      7,     64,     56,    12.0,    29.9,    20.2,    42.7,     9.5,    23.8,    15.3,    31.5,    12.1,    31.7,    20.5,    43.1,     9.6,    25.1,    15.9,    33.5,    37.0,    39.3,    53.7,    57.6,    35.1,    39.3,    51.5,    57.6,"(CONTRACTS OF 50,000 POUNDS)",033661,ICUS,033 ,A40,FutOnly
HENRY HUB - NEW YORK MERCANTILE EXCHANGE,261006,2026-10-06,03565B,NYME,01,023 ,  402212,   35054,   31461,   25190,  294569,   44136,       0,    5576,       0,  285932,   15420,    2257,  392569,  393419,    9643,    8793,  402212,   35054,   31461,   25190,  294569,   44136,       0,    5576,       0,  285932,   15420,    2257,  392569,  393419,    9643,    8793,       0,       0,       0,       0,       0,       0,       0,       0,       0,       0,       0,       0,       0,       0,       0,       0,    6981,    2700,      96,    1973,    4157,     233,       0,       0,       0,    2120,    2540,     -55,    6971,    6971,      10,      10,  100.0,    8.7,    7.8,    6.3,   73.2,   11.0,    0.0,    1.4,    0.0,   71.1,    3.8,    0.6,   97.6,   97.8,    2.4,    2.2,  100.0,    8.7,    7.8,    6.3,   73.2,   11.0,    0.0,    1.4,    0.0,   71.1,    3.8,    0.6,   97.6,   97.8,    2.4,    2.2,  100.0,    0.0,    0.0,    0.0,    0.0,    0.0,    0.0,    0.0,    0.0,    0.0,    0.0,    0.0,    0.0,    0.0,    0.0,    0.0,     36,      8,      7,      6,      9,     12,      0,.,      0,      6,.,.,     28,     27,     36,      8,      7,      6,      9,     12,      0,.,      0,      6,.,.,     28,     27,      0,      0,      0,      0,      0,      0,      0,      0,      0,      0,      0,      0,      0,      0,    70.5,    59.4,    83.3,    82.8,    70.1,    56.3,    80.0,    78.4,    70.5,    59.4,    83.3,    82.8,    70.1,    56.3,    80.0,    78.4,     0.0,     0.0,     0.0,     0.0,     0.0,     0.0,     0.0,     0.0,"(Contracts of 2,500  MMBTU'S)",03565B,NYME,023 ,N13,FutOnly
HENRY HUB PENULTIMATE NAT GAS - NEW YORK MERCANTILE EXCHANGE,261006,2026-10-06,03565C,NYME,01,023 ,   96523,   11775,    9984,   18851,   23804,   25717,    2344,    6866,    3902,    6342,    5294,   13752,   82683,   89319,   13840,    7204,   96523,   11775,    9984,   18851,   23804,   25717,    2344,    6866,    3902,    6342,    5294,   13752,   82683,   89319,   13840,    7204,       0,       0,       0,       0,       0,       0,       0,       0,       0,       0,       0,       0,       0,       0,       0,       0,    2242,     418,    -502,     -48,     370,     830,     200,     100,     -54,    -414,     348,    1364,    2296,    2456,     -54,    -214,  100.0,   12.2,   10.3,   19.5,   24.7,   26.6,    2.4,    7.1,    4.0,    6.6,    5.5,   14.2,   85.7,   92.5,   14.3,    7.5,  100.0,   12.2,   10.3,   19.5,   24.7,   26.6,    2.4,    7.1,    4.0,    6.6,    5.5,   14.2,   85.7,   92.5,   14.3,    7.5,  100.0,    0.0,    0.0,    0.0,    0.0,    0.0,    0.0,    0.0,    0.0,    0.0,    0.0,    0.0,    0.0,    0.0,    0.0,    0.0,     35,      7,      8,      5,      6,     10,.,      4,      5,      5,      5,     10,     33,     34,     35,      7,      8,      5,      6,     10,.,      4,      5,      5,      5,     10,     33,     34,      0,      0,      0,      0,      0,      0,      0,      0,      0,      0,      0,      0,      0,      0,    36.4,    36.9,    53.6,    63.1,    19.7,    22.9,    27.3,    33.8,    36.4,    36.9,    53.6,    63.1,    19.7,    22.9,    27.3,    33.8,     0.0,     0.0,     0.0,     0.0,     0.0,     0.0,     0.0,     0.0,"(Contracts of 2,500  MMBTU'S)",03565C,NYME,023 ,N13,FutOnly
USD Malaysian Crude Palm Oil C - CHICAGO MERCANTILE EXCHANGE,261006,2026-10-06,037021,CME ,00,037 ,   42475,   35439,   36055,    2350,     180,    2791,     360,    2949,      60,     935,       0,     440,   42375,   42475,     100,       0,   42475,   35439,   36055,    2350,     180,    2791,     360,    2949,      60,     935,       0,     440,   42375,   42475,     100,       0,       0,       0,       0,       0,       0,       0,       0,       0,       0,       0,       0,       0,       0,       0,       0,       0,   -3238,   -2580,     289,     824,     -70,    -790,    -160,   -2087,     -60,     -92,    -120,    -400,   -3258,   -3238,      20,       0,  100.0,   83.4,   84.9,    5.5,    0.4,    6.6,    0.8,    6.9,    0.1,    2.2,    0.0,    1.0,   99.8,  100.0,    0.2,    0.0,  100.0,   83.4,   84.9,    5.5,    0.4,    6.6,    0.8,    6.9,    0.1,    2.2,    0.0,    1.0,   99.8,  100.0,    0.2,    0.0,  100.0,    0.0,    0.0,    0.0,    0.0,    0.0,    0.0,    0.0,    0.0,    0.0,    0.0,    0.0,    0.0,    0.0,    0.0,    0.0,     24,      9,      9,.,.,      4,.,.,.,      4,      0,.,     21,     17,     24,      9,      9,.,.,      4,.,.,.,      4,      0,.,     21,     17,      0,      0,      0,      0,      0,      0,      0,      0,      0,      0,      0,      0,      0,      0,    74.6,    71.6,    90.5,    93.5,    31.6,    36.6,    35.3,    38.2,    74.6,    71.6,    90.5,    93.5,    31.6,    36.6,    35.3,    38.2,     0.0,     0.0,     0.0,     0.0,     0.0,     0.0,     0.0,     0.0,(CONTRACTS OF 25 METRIC TONS),037021,CME ,037 ,A30,FutOnly
ROUGH RICE - CHICAGO BOARD OF TRADE,261006,2026-10-06,039601,CBT ,00,039 ,   14403,    4647,    9193,     191,     137,       0,    3817,    1637,      10,    2099,    1270,     920,   11684,   13167,    2719,    1236,   14366,    4647,    9169,     191,     137,       0,    3817,    1637,      10,    2106,    1284,     894,   11665,   13131,    2701,    1235,      37,       0,      24,       0,       0,       0,       0,       0,       0,      19,      12,       0,      19,      36,      18,       1,     534,     131,      61,     -68,       0,       0,     201,     140,      10,     109,    -104,     247,     630,     354,     -96,     180,  100.0,   32.3,   63.8,    1.3,    1.0,    0.0,   26.5,   11.4,    0.1,   14.6,    8.8,    6.4,   81.1,   91.4,   18.9,    8.6,  100.0,   32.3,   63.8,    1.3,    1.0,    0.0,   26.6,   11.4,    0.1,   14.7,    8.9,    6.2,   81.2,   91.4,   18.8,    8.6,  100.0,    0.0,   64.9,    0.0,    0.0,    0.0,    0.0,    0.0,    0.0,   51.4,   32.4,    0.0,   51.4,   97.3,   48.6,    2.7,     81,     20,     18,.,.,      0,     17,      8,.,     13,      9,      7,     57,     39,     81,     20,     18,.,.,      0,     17,      8,.,     13,     10,      5,     56,     38,      6,      0,.,      0,      0,      0,      0,      0,      0,.,.,      0,.,.,    26.6,    39.2,    38.9,    55.6,    26.5,    39.1,    38.4,    55.4,    26.6,    39.3,    39.0,    55.6,    26.6,    39.2,    38.5,    55.4,    51.4,    97.3,    51.4,    97.3,    51.4,    97.3,    51.4,    97.3,"(CONTRACTS OF 200,000 POUNDS)",039601,CBT ,039 ,A10,FutOnly
FRZN CONCENTRATED ORANGE JUICE - ICE FUTURES U.S.,261006,2026-10-06,040701,ICUS,01,040 ,    9955,    1850,    3103,     960,     282,     104,    2193,    3434,      32,    2184,     504,     653,    7976,    8112,    1979,    1843,    6778,     557,    1861,     960,     302,       0,    1900,    2962,      32,    1990,     450,       0,    5439,    5607,    1339,    1171,    3177,    1293,    1242,      20,       0,      84,     293,     472,       0,     795,     655,      52,    2537,    2505,     640,     672,     484,     300,     142,      45,     -92,      36,     -13,     -49,     -14,      52,     279,     180,     586,     482,    -102,       2,  100.0,   18.6,   31.2,    9.6,    2.8,    1.0,   22.0,   34.5,    0.3,   21.9,    5.1,    6.6,   80.1,   81.5,   19.9,   18.5,  100.0,    8.2,   27.5,   14.2,    4.5,    0.0,   28.0,   43.7,    0.5,   29.4,    6.6,    0.0,   80.2,   82.7,   19.8,   17.3,  100.0,   40.7,   39.1,    0.6,    0.0,    2.6,    9.2,   14.9,    0.0,   25.0,   20.6,    1.6,   79.9,   78.8,   20.1,   21.2,     57,      8,      7,.,.,.,      7,     14,.,     17,      4,      5,     39,     30,     52,      6,      6,.,.,      0,      7,     13,.,     13,      4,      0,     31,     24,     28,      7,      5,.,      0,.,.,.,      0,     10,.,.,     20,     15,    23.2,    40.1,    40.2,    55.9,    23.2,    35.0,    37.4,    49.4,    32.5,    41.0,    50.8,    60.0,    32.5,    40.2,    50.8,    59.3,    40.3,    59.8,    58.0,    71.7,    34.6,    59.5,    50.4,    67.1,"(CONTRACTS OF 15,000 POUNDS)",040701,ICUS,040 ,A50,FutOnly
BUTTER (CASH SETTLED) - CHICAGO MERCANTILE EXCHANGE,261006,2026-10-06,050642,CME ,00,050 ,   18540,   10734,    7802,    5593,     999,    1215,       0,     833,      67,      65,    7151,     125,   17799,   18192,     741,     348,   18540,   10734,    7802,    5593,     999,    1215,       0,     833,      67,      65,    7151,     125,   17799,   18192,     741,     348,       0,       0,       0,       0,       0,       0,       0,       0,       0,       0,       0,       0,       0,       0,       0,       0,   -2520,   -1553,   -1385,    -391,      53,    -542,       0,     171,     -63,     -20,    -845,       6,   -2563,   -2605,      43,      85,  100.0,   57.9,   42.1,   30.2,    5.4,    6.6,    0.0,    4.5,    0.4,    0.4,   38.6,    0.7,   96.0,   98.1,    4.0,    1.9,  100.0,   57.9,   42.1,   30.2,    5.4,    6.6,    0.0,    4.5,    0.4,    0.4,   38.6,    0.7,   96.0,   98.1,    4.0,    1.9,  100.0,    0.0,    0.0,    0.0,    0.0,    0.0,    0.0,    0.0,    0.0,    0.0,    0.0,    0.0,    0.0,    0.0,    0.0,    0.0,     56,     30,     21,.,.,.,      0,      5,.,.,      7,      4,     41,     36,     56,     30,     21,.,.,.,      0,      5,.,.,      7,      4,     41,     36,      0,      0,      0,      0,      0,      0,      0,      0,      0,      0,      0,      0,      0,      0,    38.4,    46.6,    56.2,    69.0,    37.6,    44.1,    55.1,    61.9,    38.4,    46.6,    56.2,    69.0,    37.6,    44.1,    55.1,    61.9,     0.0,     0.0,     0.0,     0.0,     0.0,     0.0,     0.0,     0.0,"(CONTRACTS OF 20,000 POUNDS)",050642,CME ,050 ,A25,FutOnly
"MILK, Class III - CHICAGO MERCANTILE EXCHANGE",261006,2026-10-06,052641,CME ,00,052 ,   33020,   18811,    9274,    7095,    2090,     315,       0,    7839,     924,    1990,    5690,    2015,   31150,   28147,    1870,    4873,   33020,   18811,    9274,    7095,    2090,     315,       0,    7839,     924,    1990,    5690,    2015,   31150,   28147,    1870,    4873,       0,       0,       0,       0,       0,       0,       0,       0,       0,       0,       0,       0,       0,       0,       0,       0,   -3000,   -1217,    -325,    -755,   -1167,     129,    -109,     779,    -294,    -428,   -1764,    -160,   -2834,   -2802,    -166,    -198,  100.0,   57.0,   28.1,   21.5,    6.3,    1.0,    0.0,   23.7,    2.8,    6.0,   17.2,    6.1,   94.3,   85.2,    5.7,   14.8,  100.0,   57.0,   28.1,   21.5,    6.3,    1.0,    0.0,   23.7,    2.8,    6.0,   17.2,    6.1,   94.3,   85.2,    5.7,   14.8,  100.0,    0.0,    0.0,    0.0,    0.0,    0.0,    0.0,    0.0,    0.0,    0.0,    0.0,    0.0,    0.0,    0.0,    0.0,    0.0,     92,     27,     19,      5,.,.,      0,     23,.,      7,     19,     10,     51,     67,     92,     27,     19,      5,.,.,      0,     23,.,      7,     19,     10,     51,     67,      0,      0,      0,      0,      0,      0,      0,      0,      0,      0,      0,      0,      0,      0,    49.1,    24.0,    64.5,    40.5,    49.0,    23.3,    64.4,    35.6,    49.1,    24.0,    64.5,    40.5,    49.0,    23.3,    64.4,    35.6,     0.0,     0.0,     0.0,     0.0,     0.0,     0.0,     0.0,     0.0,"(CONTRACTS OF 200,000 POUNDS)",052641,CME ,052 ,A25,FutOnly
NON FAT DRY MILK - CHICAGO MERCANTILE EXCHANGE,261006,2026-10-06,052642,CME ,00,052 ,   11254,    7159,    3450,    1772,     608,     293,     123,    1051,      26,     565,    5330,     401,   10339,   11159,     915,      95,   11254,    7159,    3450,    1772,     608,     293,     123,    1051,      26,     565,    5330,     401,   10339,   11159,     915,      95,       0,       0,       0,       0,       0,       0,       0,       0,       0,       0,       0,       0,       0,       0,       0,       0,   -1448,    -862,   -1000,    -337,     -34,    -195,      26,     -44,      -8,     -53,     -72,     -41,   -1470,   -1394,      22,     -54,  100.0,   63.6,   30.7,   15.7,    5.4,    2.6,    1.1,    9.3,    0.2,    5.0,   47.4,    3.6,   91.9,   99.2,    8.1,    0.8,  100.0,   63.6,   30.7,   15.7,    5.4,    2.6,    1.1,    9.3,    0.2,    5.0,   47.4,    3.6,   91.9,   99.2,    8.1,    0.8,  100.0,    0.0,    0.0,    0.0,    0.0,    0.0,    0.0,    0.0,    0.0,    0.0,    0.0,    0.0,    0.0,    0.0,    0.0,    0.0,     49,     26,     16,      5,.,      4,.,.,.,      6,      5,      5,     42,     29,     49,     26,     16,      5,.,      4,.,.,.,      6,      5,      5,     42,     29,      0,      0,      0,      0,      0,      0,      0,      0,      0,      0,      0,      0,      0,      0,    33.6,    51.4,    53.1,    74.8,    32.0,    51.1,    50.4,    74.2,    33.6,    51.4,    53.1,    74.8,    32.0,    51.1,    50.4,    74.2,     0.0,     0.0,     0.0,     0.0,     0.0,     0.0,     0.0,     0.0,"(CONTRACTS OF 44,000 LBS.)",052642,CME ,052 ,A25,FutOnly
CME MILK IV - CHICAGO MERCANTILE EXCHANGE,261006,2026-10-06,052644,CME ,00,052 ,   14401,    3076,   10636,    2680,     899,      12,     999,       0,      33,    7220,    1663,     220,   14240,   13463,     161,     938,   14401,    3076,   10636,    2680,     899,      12,     999,       0,      33,    7220,    1663,     220,   14240,   13463,     161,     938,       0,       0,       0,       0,       0,       0,       0,       0,       0,       0,       0,       0,       0,       0,       0,       0,    -215,    -342,      72,     -99,    -146,       0,     346,       0,    -148,      39,     101,      11,    -193,    -110,     -22,    -105,  100.0,   21.4,   73.9,   18.6,    6.2,    0.1,    6.9,    0.0,    0.2,   50.1,   11.5,    1.5,   98.9,   93.5,    1.1,    6.5,  100.0,   21.4,   73.9,   18.6,    6.2,    0.1,    6.9,    0.0,    0.2,   50.1,   11.5,    1.5,   98.9,   93.5,    1.1,    6.5,  100.0,    0.0,    0.0,    0.0,    0.0,    0.0,    0.0,    0.0,    0.0,    0.0,    0.0,    0.0,    0.0,    0.0,    0.0,    0.0,     35,      8,     14,.,.,.,.,      0,.,.,      6,.,     17,     25,     35,      8,     14,.,.,.,.,      0,.,.,      6,.,     17,     25,      0,      0,      0,      0,      0,      0,      0,      0,      0,      0,      0,      0,      0,      0,    79.8,    62.2,    95.1,    78.6,    79.8,    61.7,    94.7,    76.7,    79.8,    62.2,    95.1,    78.6,    79.8,    61.7,    94.7,    76.7,     0.0,     0.0,     0.0,     0.0,     0.0,     0.0,     0.0,     0.0,"(CONTRACTS OF 200,000 POUNDS)",052644,CME ,052 ,A25,FutOnly
LEAN HOGS - CHICAGO MERCANTILE EXCHANGE,261006,2026-10-06,054642,CME ,00,054 ,  296786,   33153,   35571,   79398,    2995,    3994,   69690,  111194,   47951,   13132,   48096,   26738,  274056,  276539,   22730,   20247,  296318,   33004,   35541,   79393,    3041,    3948,   69690,  111190,   47951,   13161,   47974,   26600,  273747,  276245,   22571,   20073,     468,     149,      30,      51,       0,       0,       0,       4,       0,     108,     259,       1,     309,     294,     159,     174,    6943,    1613,    1012,    1462,      50,    -151,    7820,   -1311,   -4368,   -3096,    6272,    4477,    7757,    5981,    -814,     962,  100.0,   11.2,   12.0,   26.8,    1.0,    1.3,   23.5,   37.5,   16.2,    4.4,   16.2,    9.0,   92.3,   93.2,    7.7,    6.8,  100.0,   11.1,   12.0,   26.8,    1.0,    1.3,   23.5,   37.5,   16.2,    4.4,   16.2,    9.0,   92.4,   93.2,    7.6,    6.8,  100.0,   31.8,    6.4,   10.9,    0.0,    0.0,    0.0,    0.9,    0.0,   23.1,   55.3,    0.2,   66.0,   62.8,   34.0,   37.2,    364,     73,     63,     19,      6,     12,     54,     76,     63,     39,     62,     58,    267,    278,    363,     73,     63,     19,      6,     12,     54,     76,     63,     40,     60,     58,    266,    278,     19,.,.,.,      0,      0,      0,.,      0,      4,      8,.,      8,     12,    16.2,    13.9,    26.9,    23.0,    14.7,    13.1,    23.8,    21.3,    16.2,    13.9,    26.9,    23.1,    14.8,    13.1,    23.8,    21.4,    63.0,    51.5,    66.0,    60.9,    63.0,    51.5,    65.8,    60.9,"(CONTRACTS OF 40,000 POUNDS)",054642,CME ,054 ,A20,FutOnly
LIVE CATTLE - CHICAGO MERCANTILE EXCHANGE,261006,2026-10-06,057642,CME ,00,057 ,  293647,   44555,  135163,   70405,    2698,    1621,   80017,   29322,   46265,    8081,   29384,   16772,  267716,  261225,   25931,   32422,  293647,   44555,  135163,   70405,    2698,    1621,   80017,   29322,   46265,    8081,   29384,   16772,  267716,  261225,   25931,   32422,       0,       0,       0,       0,       0,       0,       0,       0,       0,       0,       0,       0,       0,       0,       0,       0,       8,    2402,   -2264,    1366,   -1060,     224,   -1705,     793,     947,   -6266,   -2988,    2757,    -275,   -1591,     283,    1599,  100.0,   15.2,   46.0,   24.0,    0.9,    0.6,   27.2,   10.0,   15.8,    2.8,   10.0,    5.7,   91.2,   89.0,    8.8,   11.0,  100.0,   15.2,   46.0,   24.0,    0.9,    0.6,   27.2,   10.0,   15.8,    2.8,   10.0,    5.7,   91.2,   89.0,    8.8,   11.0,  100.0,    0.0,    0.0,    0.0,    0.0,    0.0,    0.0,    0.0,    0.0,    0.0,    0.0,    0.0,    0.0,    0.0,    0.0,    0.0,    381,     96,    139,     19,      5,     10,     73,     34,     63,     40,     33,     43,    281,    296,    381,     96,    139,     19,      5,     10,     73,     34,     63,     40,     33,     43,    281,    296,      0,      0,      0,      0,      0,      0,      0,      0,      0,      0,      0,      0,      0,      0,    13.5,    15.2,    22.4,    24.9,    13.2,    14.9,    20.6,    23.4,    13.5,    15.2,    22.4,    24.9,    13.2,    14.9,    20.6,    23.4,     0.0,     0.0,     0.0,     0.0,     0.0,     0.0,     0.0,     0.0,"(CONTRACTS OF 40,000 POUNDS)",057642,CME ,057 ,A20,FutOnly
LUMBER - CHICAGO MERCANTILE EXCHANGE,261006,2026-10-06,058644,CME ,00,058 ,   10771,    6274,     697,     769,     765,       0,     288,    6605,       0,    1985,    1533,     401,    9717,   10001,    1054,     770,   10771,    6274,     697,     769,     765,       0,     288,    6605,       0,    1985,    1533,     401,    9717,   10001,    1054,     770,       0,       0,       0,       0,       0,       0,       0,       0,       0,       0,       0,       0,       0,       0,       0,       0,    1047,     652,     225,      -6,      27,       0,     -19,     396,       0,      33,      46,     291,     951,     985,      96,      62,  100.0,   58.2,    6.5,    7.1,    7.1,    0.0,    2.7,   61.3,    0.0,   18.4,   14.2,    3.7,   90.2,   92.9,    9.8,    7.1,  100.0,   58.2,    6.5,    7.1,    7.1,    0.0,    2.7,   61.3,    0.0,   18.4,   14.2,    3.7,   90.2,   92.9,    9.8,    7.1,  100.0,    0.0,    0.0,    0.0,    0.0,    0.0,    0.0,    0.0,    0.0,    0.0,    0.0,    0.0,    0.0,    0.0,    0.0,    0.0,    105,     30,     10,.,.,      0,.,     32,      0,     19,     14,      6,     57,     63,    105,     30,     10,.,.,      0,.,     32,      0,     19,     14,      6,     57,     63,      0,      0,      0,      0,      0,      0,      0,      0,      0,      0,      0,      0,      0,      0,    29.4,    24.3,    46.3,    40.8,    28.1,    24.3,    43.6,    40.8,    29.4,    24.3,    46.3,    40.8,    28.1,    24.3,    43.6,    40.8,     0.0,     0.0,     0.0,     0.0,     0.0,     0.0,     0.0,     0.0,"(CONTRACTS OF 27,500 BOARD FEET)",058644,CME ,058 ,N30,FutOnly
FEEDER CATTLE - CHICAGO MERCANTILE EXCHANGE,261006,2026-10-06,061641,CME ,00,061 ,   63656,    7292,   11366,    7567,     423,    1412,   18962,    9576,   10577,    2839,   13160,    5485,   54134,   51999,    9522,   11657,   63656,    7292,   11366,    7567,     423,    1412,   18962,    9576,   10577,    2839,   13160,    5485,   54134,   51999,    9522,   11657,       0,       0,       0,       0,       0,       0,       0,       0,       0,       0,       0,       0,       0,       0,       0,       0,    1488,     181,    1346,     363,     179,    -307,    1598,     378,     325,     431,     505,   -1029,    1562,    1397,     -74,      91,  100.0,   11.5,   17.9,   11.9,    0.7,    2.2,   29.8,   15.0,   16.6,    4.5,   20.7,    8.6,   85.0,   81.7,   15.0,   18.3,  100.0,   11.5,   17.9,   11.9,    0.7,    2.2,   29.8,   15.0,   16.6,    4.5,   20.7,    8.6,   85.0,   81.7,   15.0,   18.3,  100.0,    0.0,    0.0,    0.0,    0.0,    0.0,    0.0,    0.0,    0.0,    0.0,    0.0,    0.0,    0.0,    0.0,    0.0,    0.0,    216,     40,     56,     13,      4,      9,     42,     23,     34,     22,     29,     36,    162,    160,    216,     40,     56,     13,      4,      9,     42,     23,     34,     22,     29,     36,    162,    160,      0,      0,      0,      0,      0,      0,      0,      0,      0,      0,      0,      0,      0,      0,    15.1,    19.9,    25.4,    29.3,    12.4,    18.0,    18.8,    25.0,    15.1,    19.9,    25.4,    29.3,    12.4,    18.0,    18.8,    25.0,     0.0,     0.0,     0.0,     0.0,     0.0,     0.0,     0.0,     0.0,"(CONTRACTS OF 50,000 POUNDS)",061641,CME ,061 ,A20,FutOnly
CHEESE (CASH-SETTLED) - CHICAGO MERCANTILE EXCHANGE,261006,2026-10-06,063642,CME ,00,063 ,   31467,   19561,   15252,    7615,    1690,    1082,     241,    3481,     904,     383,    7801,     757,   30543,   30967,     924,     500,   31467,   19561,   15252,    7615,    1690,    1082,     241,    3481,     904,     383,    7801,     757,   30543,   30967,     924,     500,       0,       0,       0,       0,       0,       0,       0,       0,       0,       0,       0,       0,       0,       0,       0,       0,   -2672,   -1251,   -2466,    -281,     665,    -772,    -109,     254,     -64,     292,     153,    -389,   -2574,   -2619,     -98,     -53,  100.0,   62.2,   48.5,   24.2,    5.4,    3.4,    0.8,   11.1,    2.9,    1.2,   24.8,    2.4,   97.1,   98.4,    2.9,    1.6,  100.0,   62.2,   48.5,   24.2,    5.4,    3.4,    0.8,   11.1,    2.9,    1.2,   24.8,    2.4,   97.1,   98.4,    2.9,    1.6,  100.0,    0.0,    0.0,    0.0,    0.0,    0.0,    0.0,    0.0,    0.0,    0.0,    0.0,    0.0,    0.0,    0.0,    0.0,    0.0,     76,     27,     26,.,.,      4,.,     19,.,.,     10,      8,     43,     62,     76,     27,     26,.,.,      4,.,     19,.,.,     10,      8,     43,     62,      0,      0,      0,      0,      0,      0,      0,      0,      0,      0,      0,      0,      0,      0,    53.6,    32.4,    72.8,    49.7,    53.2,    31.5,    71.1,    47.0,    53.6,    32.4,    72.8,    49.7,    53.2,    31.5,    71.1,    47.0,     0.0,     0.0,     0.0,     0.0,     0.0,     0.0,     0.0,     0.0,"(CONTRACTS OF 20,000 POUNDS)",063642,CME ,063 ,A25,FutOnly
MID-C DAY-AHEAD PEAK - ICE FUTURES ENERGY DIV,261006,2026-10-06,064391,IFED,01,064 ,   37271,   22470,   25998,    5881,    1370,    2057,    1167,    2224,    1562,    1463,    1790,    2119,   36719,   37120,     552,     151,   37271,   22470,   25998,    5881,    1370,    2057,    1167,    2224,    1562,    1463,    1790,    2119,   36719,   37120,     552,     151,       0,       0,       0,       0,       0,       0,       0,       0,       0,       0,       0,       0,       0,       0,       0,       0,   -4641,   -2775,   -1680,    -690,     136,    -325,     324,   -1740,    -859,    -268,    -241,      37,   -4556,   -4672,     -85,      31,  100.0,   60.3,   69.8,   15.8,    3.7,    5.5,    3.1,    6.0,    4.2,    3.9,    4.8,    5.7,   98.5,   99.6,    1.5,    0.4,  100.0,   60.3,   69.8,   15.8,    3.7,    5.5,    3.1,    6.0,    4.2,    3.9,    4.8,    5.7,   98.5,   99.6,    1.5,    0.4,  100.0,    0.0,    0.0,    0.0,    0.0,    0.0,    0.0,    0.0,    0.0,    0.0,    0.0,    0.0,    0.0,    0.0,    0.0,    0.0,     56,     26,     25,      4,.,.,.,      8,.,      5,      4,      6,     42,     46,     56,     26,     25,      4,.,.,.,      8,.,      5,      4,      6,     42,     46,      0,      0,      0,      0,      0,      0,      0,      0,      0,      0,      0,      0,      0,      0,    39.2,    38.0,    58.2,    62.7,    33.1,    35.0,    47.0,    48.9,    39.2,    38.0,    58.2,    62.7,    33.1,    35.0,    47.0,    48.9,     0.0,     0.0,     0.0,     0.0,     0.0,     0.0,     0.0,     0.0,(Contracts of about 400 MWh),064391,IFED,064 ,N16,FutOnly
MID-C DAY-AHEAD OFF-PEAK - ICE FUTURES ENERGY DIV,261006,2026-10-06,064392,IFED,01,064 ,   24700,   13405,   18204,    4130,     270,    2196,     745,    1708,     500,    2476,    1287,     372,   23824,   24537,     876,     163,   24700,   13405,   18204,    4130,     270,    2196,     745,    1708,     500,    2476,    1287,     372,   23824,   24537,     876,     163,       0,       0,       0,       0,       0,       0,       0,       0,       0,       0,       0,       0,       0,       0,       0,       0,   -2779,   -2041,   -1643,    -302,     -50,    -106,    -262,    -709,     -35,    -172,    -143,     -50,   -2968,   -2736,     189,     -43,  100.0,   54.3,   73.7,   16.7,    1.1,    8.9,    3.0,    6.9,    2.0,   10.0,    5.2,    1.5,   96.5,   99.3,    3.5,    0.7,  100.0,   54.3,   73.7,   16.7,    1.1,    8.9,    3.0,    6.9,    2.0,   10.0,    5.2,    1.5,   96.5,   99.3,    3.5,    0.7,  100.0,    0.0,    0.0,    0.0,    0.0,    0.0,    0.0,    0.0,    0.0,    0.0,    0.0,    0.0,    0.0,    0.0,    0.0,    0.0,     39,     23,     20,      4,.,.,.,.,.,      4,.,.,     35,     28,     39,     23,     20,      4,.,.,.,.,.,      4,.,.,     35,     28,      0,      0,      0,      0,      0,      0,      0,      0,      0,      0,      0,      0,      0,      0,    41.1,    43.7,    60.4,    74.5,    28.9,    39.0,    42.4,    57.6,    41.1,    43.7,    60.4,    74.5,    28.9,    39.0,    42.4,    57.6,     0.0,     0.0,     0.0,     0.0,     0.0,     0.0,     0.0,     0.0,(Contracts of about 352 MWh),064392,IFED,064 ,N16,FutOnly
PJM WESTERN HUB RT OFF - ICE FUTURES ENERGY DIV,261006,2026-10-06,064394,IFED,01,064 ,  240848,  104479,  141950,    4689,   38514,   15961,   80577,    4608,   16382,    6615,   12430,   10656,  239359,  240501,    1489,     347,  240848,  104479,  141950,    4689,   38514,   15961,   80577,    4608,   16382,    6615,   12430,   10656,  239359,  240501,    1489,     347,       0,       0,       0,       0,       0,       0,       0,       0,       0,       0,       0,       0,       0,       0,       0,       0,  -12352,   -8163,   -4573,     253,   -5260,    1462,    -668,    -367,    -621,   -1046,     883,   -3855,  -12638,  -12331,     286,     -21,  100.0,   43.4,   58.9,    1.9,   16.0,    6.6,   33.5,    1.9,    6.8,    2.7,    5.2,    4.4,   99.4,   99.9,    0.6,    0.1,  100.0,   43.4,   58.9,    1.9,   16.0,    6.6,   33.5,    1.9,    6.8,    2.7,    5.2,    4.4,   99.4,   99.9,    0.6,    0.1,  100.0,    0.0,    0.0,    0.0,    0.0,    0.0,    0.0,    0.0,    0.0,    0.0,    0.0,    0.0,    0.0,    0.0,    0.0,    0.0,     91,     35,     32,.,      9,     11,     21,.,     10,      9,     10,     16,     85,     72,     91,     35,     32,.,      9,     11,     21,.,     10,      9,     10,     16,     85,     72,      0,      0,      0,      0,      0,      0,      0,      0,      0,      0,      0,      0,      0,      0,    38.2,    42.5,    52.7,    58.7,    33.6,    35.0,    41.3,    46.4,    38.2,    42.5,    52.7,    58.7,    33.6,    35.0,    41.3,    46.4,     0.0,     0.0,     0.0,     0.0,     0.0,     0.0,     0.0,     0.0,(Contracts of about 352 MWh),064394,IFED,064 ,N16,FutOnly
SP15 FIN DA PEAK FIXED - ICE FUTURES ENERGY DIV,261006,2026-10-06,064395,IFED,01,064 ,   93108,   66838,   46229,    6429,   15648,    2577,     324,   11070,    7906,    2577,    3601,    5907,   92558,   92938,     550,     170,   93108,   66838,   46229,    6429,   15648,    2577,     324,   11070,    7906,    2577,    3601,    5907,   92558,   92938,     550,     170,       0,       0,       0,       0,       0,       0,       0,       0,       0,       0,       0,       0,       0,       0,       0,       0,  -10255,   -6711,   -3712,   -1260,     603,    -933,    -269,   -4733,   -1072,    -155,    -440,      80,  -10320,  -10207,      65,     -48,  100.0,   71.8,   49.7,    6.9,   16.8,    2.8,    0.3,   11.9,    8.5,    2.8,    3.9,    6.3,   99.4,   99.8,    0.6,    0.2,  100.0,   71.8,   49.7,    6.9,   16.8,    2.8,    0.3,   11.9,    8.5,    2.8,    3.9,    6.3,   99.4,   99.8,    0.6,    0.2,  100.0,    0.0,    0.0,    0.0,    0.0,    0.0,    0.0,    0.0,    0.0,    0.0,    0.0,    0.0,    0.0,    0.0,    0.0,    0.0,     70,     28,     28,      4,.,      6,.,     10,      5,      9,      6,      9,     56,     55,     70,     28,     28,      4,.,      6,.,     10,      5,      9,      6,      9,     56,     55,      0,      0,      0,      0,      0,      0,      0,      0,      0,      0,      0,      0,      0,      0,    42.8,    36.4,    67.5,    59.3,    41.1,    28.4,    53.8,    44.9,    42.8,    36.4,    67.5,    59.3,    41.1,    28.4,    53.8,    44.9,     0.0,     0.0,     0.0,     0.0,     0.0,     0.0,     0.0,     0.0,(Contracts of about 400 MWh),064395,IFED,064 ,N16,FutOnly
CAISO SP-15 DA OFF-PK FIXED - ICE FUTURES ENERGY DIV,261006,2026-10-06,064396,IFED,01,064 ,   72662,   54080,   32943,    2811,   10171,    4977,    1054,    3353,    4814,     253,   11897,    4410,   72399,   72565,     263,      97,   72662,   54080,   32943,    2811,   10171,    4977,    1054,    3353,    4814,     253,   11897,    4410,   72399,   72565,     263,      97,       0,       0,       0,       0,       0,       0,       0,       0,       0,       0,       0,       0,       0,       0,       0,       0,   -5644,   -2218,   -2741,    -765,    -862,    -112,   -1736,   -1698,    -425,      38,     735,    -477,   -5695,   -5580,      51,     -64,  100.0,   74.4,   45.3,    3.9,   14.0,    6.8,    1.5,    4.6,    6.6,    0.3,   16.4,    6.1,   99.6,   99.9,    0.4,    0.1,  100.0,   74.4,   45.3,    3.9,   14.0,    6.8,    1.5,    4.6,    6.6,    0.3,   16.4,    6.1,   99.6,   99.9,    0.4,    0.1,  100.0,    0.0,    0.0,    0.0,    0.0,    0.0,    0.0,    0.0,    0.0,    0.0,    0.0,    0.0,    0.0,    0.0,    0.0,    0.0,     45,     20,     21,      5,.,      6,.,.,.,.,      6,      5,     38,     36,     45,     20,     21,      5,.,      6,.,.,.,.,      6,      5,     38,     36,      0,      0,      0,      0,      0,      0,      0,      0,      0,      0,      0,      0,      0,      0,    47.8,    53.2,    70.8,    76.5,    47.6,    43.9,    60.8,    62.8,    47.8,    53.2,    70.8,    76.5,    47.6,    43.9,    60.8,    62.8,     0.0,     0.0,     0.0,     0.0,     0.0,     0.0,     0.0,     0.0,(Contracts of about 352 MWh),064396,IFED,064 ,N16,FutOnly
PJM AEP DAYTON RT OFF-PK FIXED - ICE FUTURES ENERGY DIV,261006,2026-10-06,06439A,IFED,01,064 ,   62447,   25809,   30212,     832,   10914,    4101,    8066,   10299,    2747,   19547,    2343,     973,   62075,   61589,     372,     858,   62447,   25809,   30212,     832,   10914,    4101,    8066,   10299,    2747,   19547,    2343,     973,   62075,   61589,     372,     858,       0,       0,       0,       0,       0,       0,       0,       0,       0,       0,       0,       0,       0,       0,       0,       0,    1585,     121,     -61,     169,     205,     461,    1049,    1490,     -11,      12,    -311,    -317,    1484,    1456,     101,     129,  100.0,   41.3,   48.4,    1.3,   17.5,    6.6,   12.9,   16.5,    4.4,   31.3,    3.8,    1.6,   99.4,   98.6,    0.6,    1.4,  100.0,   41.3,   48.4,    1.3,   17.5,    6.6,   12.9,   16.5,    4.4,   31.3,    3.8,    1.6,   99.4,   98.6,    0.6,    1.4,  100.0,    0.0,    0.0,    0.0,    0.0,    0.0,    0.0,    0.0,    0.0,    0.0,    0.0,    0.0,    0.0,    0.0,    0.0,    0.0,     49,     25,     22,.,      6,      7,.,      4,.,      6,      4,      8,     45,     44,     49,     25,     22,.,      6,      7,.,      4,.,      6,      4,      8,     45,     44,      0,      0,      0,      0,      0,      0,      0,      0,      0,      0,      0,      0,      0,      0,    55.2,    33.7,    65.9,    53.6,    50.3,    26.8,    54.8,    40.6,    55.2,    33.7,    65.9,    53.6,    50.3,    26.8,    54.8,    40.6,     0.0,     0.0,     0.0,     0.0,     0.0,     0.0,     0.0,     0.0,(Contracts of about 352 MWh),06439A,IFED,064 ,N16,FutOnly
PJM AEP DAYTON RT PEAK FIXED - ICE FUTURES ENERGY DIV,261006,2026-10-06,06439B,IFED,01,064 ,   77391,   33818,   44266,    1772,   10767,    5064,    9872,    8190,    4608,   19767,    2745,    1148,   76049,   76788,    1342,     603,   77391,   33818,   44266,    1772,   10767,    5064,    9872,    8190,    4608,   19767,    2745,    1148,   76049,   76788,    1342,     603,       0,       0,       0,       0,       0,       0,       0,       0,       0,       0,       0,       0,       0,       0,       0,       0,    -634,   -2668,    -842,     -26,    1011,     -99,     970,    -711,     495,     502,    -127,    -201,   -1027,    -474,     393,    -160,  100.0,   43.7,   57.2,    2.3,   13.9,    6.5,   12.8,   10.6,    6.0,   25.5,    3.5,    1.5,   98.3,   99.2,    1.7,    0.8,  100.0,   43.7,   57.2,    2.3,   13.9,    6.5,   12.8,   10.6,    6.0,   25.5,    3.5,    1.5,   98.3,   99.2,    1.7,    0.8,  100.0,    0.0,    0.0,    0.0,    0.0,    0.0,    0.0,    0.0,    0.0,    0.0,    0.0,    0.0,    0.0,    0.0,    0.0,    0.0,     59,     27,     25,.,      5,      7,      7,      4,.,      6,      7,      9,     54,     49,     59,     27,     25,.,      5,      7,      7,      4,.,      6,      7,      9,     54,     49,      0,      0,      0,      0,      0,      0,      0,      0,      0,      0,      0,      0,      0,      0,    42.6,    41.5,    57.7,    57.2,    37.8,    36.3,    48.5,    47.6,    42.6,    41.5,    57.7,    57.2,    37.8,    36.3,    48.5,    47.6,     0.0,     0.0,     0.0,     0.0,     0.0,     0.0,     0.0,     0.0,(Contracts of 800 MWh),06439B,IFED,064 ,N16,FutOnly
PJM AEP DAYTON HUB DA OFF-PK  - ICE FUTURES ENERGY DIV,261006,2026-10-06,06439C,IFED,01,064 ,   52229,   24823,   10453,    3434,   24810,     790,       0,    1446,    2324,   18758,   10963,     905,   51034,   51691,    1195,     538,   52229,   24823,   10453,    3434,   24810,     790,       0,    1446,    2324,   18758,   10963,     905,   51034,   51691,    1195,     538,       0,       0,       0,       0,       0,       0,       0,       0,       0,       0,       0,       0,       0,       0,       0,       0,   -2341,   -1136,    -555,    -305,   -1220,      17,       0,     -82,     -70,    -662,    -287,    -176,   -2332,   -2373,      -9,      32,  100.0,   47.5,   20.0,    6.6,   47.5,    1.5,    0.0,    2.8,    4.4,   35.9,   21.0,    1.7,   97.7,   99.0,    2.3,    1.0,  100.0,   47.5,   20.0,    6.6,   47.5,    1.5,    0.0,    2.8,    4.4,   35.9,   21.0,    1.7,   97.7,   99.0,    2.3,    1.0,  100.0,    0.0,    0.0,    0.0,    0.0,    0.0,    0.0,    0.0,    0.0,    0.0,    0.0,    0.0,    0.0,    0.0,    0.0,    0.0,     55,     25,     23,      4,      5,      5,      0,.,.,      8,      7,      5,     41,     44,     55,     25,     23,      4,      5,      5,      0,.,.,      8,      7,      5,     41,     44,      0,      0,      0,      0,      0,      0,      0,      0,      0,      0,      0,      0,      0,      0,    47.4,    67.4,    63.7,    79.1,    46.7,    62.3,    59.8,    71.6,    47.4,    67.4,    63.7,    79.1,    46.7,    62.3,    59.8,    71.6,     0.0,     0.0,     0.0,     0.0,     0.0,     0.0,     0.0,     0.0,(Contracts of about 352 MWh),06439C,IFED,064 ,N16,FutOnly
AEP DAYTON HUB DA PEAK DAILY - ICE FUTURES ENERGY DIV,261006,2026-10-06,06439E,IFED,01,064 ,   11350,    8650,   10550,       0,       0,     250,       0,     350,       0,    2300,       0,     150,   11350,   11300,       0,      50,   11350,    8650,   10550,       0,       0,     250,       0,     350,       0,    2300,       0,     150,   11350,   11300,       0,      50,       0,       0,       0,       0,       0,       0,       0,       0,       0,       0,       0,       0,       0,       0,       0,       0,    4650,    2700,    4700,       0,    -450,     250,    -200,     200,     -50,    1950,       0,      50,    4700,    4700,     -50,     -50,  100.0,   76.2,   93.0,    0.0,    0.0,    2.2,    0.0,    3.1,    0.0,   20.3,    0.0,    1.3,  100.0,   99.6,    0.0,    0.4,  100.0,   76.2,   93.0,    0.0,    0.0,    2.2,    0.0,    3.1,    0.0,   20.3,    0.0,    1.3,  100.0,   99.6,    0.0,    0.4,  100.0,    0.0,    0.0,    0.0,    0.0,    0.0,    0.0,    0.0,    0.0,    0.0,    0.0,    0.0,    0.0,    0.0,    0.0,    0.0,     24,      7,     11,      0,      0,.,      0,.,      0,.,      0,.,     12,     16,     24,      7,     11,      0,      0,.,      0,.,      0,.,      0,.,     12,     16,      0,      0,      0,      0,      0,      0,      0,      0,      0,      0,      0,      0,      0,      0,    88.1,    68.7,    96.0,    90.3,    87.7,    66.5,    93.8,    88.1,    88.1,    68.7,    96.0,    90.3,    87.7,    66.5,    93.8,    88.1,     0.0,     0.0,     0.0,     0.0,     0.0,     0.0,     0.0,     0.0,(Contracts of about 16 MWh),06439E,IFED,064 ,N16,FutOnly
PJM AEP DAYTON DA PEAK - ICE FUTURES ENERGY DIV,261006,2026-10-06,06439F,IFED,01,064 ,   60051,   30626,   17994,    4875,   24199,    1504,       0,    1278,    2569,   18234,   11101,     918,   58726,   59563,    1325,     488,   60051,   30626,   17994,    4875,   24199,    1504,       0,    1278,    2569,   18234,   11101,     918,   58726,   59563,    1325,     488,       0,       0,       0,       0,       0,       0,       0,       0,       0,       0,       0,       0,       0,       0,       0,       0,   -3162,   -1508,   -1187,    -184,    -973,     -35,       0,     254,    -428,    -764,    -632,    -161,   -3080,   -3162,     -82,       0,  100.0,   51.0,   30.0,    8.1,   40.3,    2.5,    0.0,    2.1,    4.3,   30.4,   18.5,    1.5,   97.8,   99.2,    2.2,    0.8,  100.0,   51.0,   30.0,    8.1,   40.3,    2.5,    0.0,    2.1,    4.3,   30.4,   18.5,    1.5,   97.8,   99.2,    2.2,    0.8,  100.0,    0.0,    0.0,    0.0,    0.0,    0.0,    0.0,    0.0,    0.0,    0.0,    0.0,    0.0,    0.0,    0.0,    0.0,    0.0,     62,     29,     27,      5,      4,      5,      0,.,.,      8,      8,      7,     46,     51,     62,     29,     27,      5,      4,      5,      0,.,.,      8,      8,      7,     46,     51,      0,      0,      0,      0,      0,      0,      0,      0,      0,      0,      0,      0,      0,      0,    42.4,    63.2,    56.9,    79.2,    41.5,    60.0,    54.2,    71.0,    42.4,    63.2,    56.9,    79.2,    41.5,    60.0,    54.2,    71.0,     0.0,     0.0,     0.0,     0.0,     0.0,     0.0,     0.0,     0.0,(Contracts of about 352 MWh),06439F,IFED,064 ,N16,FutOnly
MISO INDIANA  OFF-PEAK - ICE FUTURES ENERGY DIV,261006,2026-10-06,06439K,IFED,01,064 ,   41374,   38038,   21951,     100,    6812,    2411,       0,     415,      85,      50,    9355,     210,   40894,   41239,     480,     135,   41374,   38038,   21951,     100,    6812,    2411,       0,     415,      85,      50,    9355,     210,   40894,   41239,     480,     135,       0,       0,       0,       0,       0,       0,       0,       0,       0,       0,       0,       0,       0,       0,       0,       0,       5,      35,      -5,       0,      40,     -30,       0,       0,       0,      50,       0,       0,      55,       5,     -50,       0,  100.0,   91.9,   53.1,    0.2,   16.5,    5.8,    0.0,    1.0,    0.2,    0.1,   22.6,    0.5,   98.8,   99.7,    1.2,    0.3,  100.0,   91.9,   53.1,    0.2,   16.5,    5.8,    0.0,    1.0,    0.2,    0.1,   22.6,    0.5,   98.8,   99.7,    1.2,    0.3,  100.0,    0.0,    0.0,    0.0,    0.0,    0.0,    0.0,    0.0,    0.0,    0.0,    0.0,    0.0,    0.0,    0.0,    0.0,    0.0,     31,     19,     14,.,      4,.,      0,.,.,.,.,.,     27,     23,     31,     19,     14,.,      4,.,      0,.,.,.,.,.,     27,     23,      0,      0,      0,      0,      0,      0,      0,      0,      0,      0,      0,      0,      0,      0,    81.3,    56.3,    91.0,    80.8,    70.5,    49.7,    74.0,    69.1,    81.3,    56.3,    91.0,    80.8,    70.5,    49.7,    74.0,    69.1,     0.0,     0.0,     0.0,     0.0,     0.0,     0.0,     0.0,     0.0,(Contracts of about 352 MWh),06439K,IFED,064 ,N16,FutOnly
MISO IN. REAL-TIME OFF-PEAK - ICE FUTURES ENERGY DIV,261006,2026-10-06,06439L,IFED,01,064 ,   32088,   21178,   19317,    2353,    1870,    3189,    3974,    2314,       0,       0,    3783,    1090,   31784,   31563,     304,     525,   32088,   21178,   19317,    2353,    1870,    3189,    3974,    2314,       0,       0,    3783,    1090,   31784,   31563,     304,     525,       0,       0,       0,       0,       0,       0,       0,       0,       0,       0,       0,       0,       0,       0,       0,       0,     180,     225,      10,    -115,     100,      70,       0,       0,       0,       0,       0,       0,     180,     180,       0,       0,  100.0,   66.0,   60.2,    7.3,    5.8,    9.9,   12.4,    7.2,    0.0,    0.0,   11.8,    3.4,   99.1,   98.4,    0.9,    1.6,  100.0,   66.0,   60.2,    7.3,    5.8,    9.9,   12.4,    7.2,    0.0,    0.0,   11.8,    3.4,   99.1,   98.4,    0.9,    1.6,  100.0,    0.0,    0.0,    0.0,    0.0,    0.0,    0.0,    0.0,    0.0,    0.0,    0.0,    0.0,    0.0,    0.0,    0.0,    0.0,     31,     18,     16,.,.,.,.,.,      0,      0,.,.,     24,     26,     31,     18,     16,.,.,.,.,.,      0,      0,.,.,     24,     26,      0,      0,      0,      0,      0,      0,      0,      0,      0,      0,      0,      0,      0,      0,    55.8,    48.2,    75.6,    76.8,    40.8,    39.9,    55.5,    58.0,    55.8,    48.2,    75.6,    76.8,    40.8,    39.9,    55.5,    58.0,     0.0,     0.0,     0.0,     0.0,     0.0,     0.0,     0.0,     0.0,(Contracts of about 352 MWh),06439L,IFED,064 ,N16,FutOnly
ERCOT HOUSTON 345KV RT PK FIX - ICE FUTURES ENERGY DIV,261006,2026-10-06,06439N,IFED,01,064 ,   41548,   24270,   31809,     290,    3849,    4340,    3951,      50,     200,    6925,     320,     980,   40956,   41548,     592,       0,   41548,   24270,   31809,     290,    3849,    4340,    3951,      50,     200,    6925,     320,     980,   40956,   41548,     592,       0,       0,       0,       0,       0,       0,       0,       0,       0,       0,       0,       0,       0,       0,       0,       0,       0,      -5,     340,   -1040,   -1260,       0,    1035,       0,       0,       0,    -180,       0,       0,     -65,      -5,      60,       0,  100.0,   58.4,   76.6,    0.7,    9.3,   10.4,    9.5,    0.1,    0.5,   16.7,    0.8,    2.4,   98.6,  100.0,    1.4,    0.0,  100.0,   58.4,   76.6,    0.7,    9.3,   10.4,    9.5,    0.1,    0.5,   16.7,    0.8,    2.4,   98.6,  100.0,    1.4,    0.0,  100.0,    0.0,    0.0,    0.0,    0.0,    0.0,    0.0,    0.0,    0.0,    0.0,    0.0,    0.0,    0.0,    0.0,    0.0,    0.0,     34,     16,     14,.,.,      4,.,.,.,.,.,      4,     27,     25,     34,     16,     14,.,.,      4,.,.,.,.,.,      4,     27,     25,      0,      0,      0,      0,      0,      0,      0,      0,      0,      0,      0,      0,      0,      0,    39.2,    69.8,    59.7,    84.3,    38.0,    69.8,    55.4,    75.9,    39.2,    69.8,    59.7,    84.3,    38.0,    69.8,    55.4,    75.9,     0.0,     0.0,     0.0,     0.0,     0.0,     0.0,     0.0,     0.0,(Contracts of about 352 MWh),06439N,IFED,064 ,N16,FutOnly
ERCOT Houston 345KV RT OFF FIX - ICE FUTURES ENERGY DIV,261006,2026-10-06,06439Q,IFED,01,064 ,   39763,   22170,   31004,    1015,    4029,    3620,    3951,      50,     200,    7415,       0,     860,   39231,   39763,     532,       0,   39763,   22170,   31004,    1015,    4029,    3620,    3951,      50,     200,    7415,       0,     860,   39231,   39763,     532,       0,       0,       0,       0,       0,       0,       0,       0,       0,       0,       0,       0,       0,       0,       0,       0,       0,    -720,    -540,    -720,     -60,       0,       0,       0,       0,       0,    -180,       0,       0,    -780,    -720,      60,       0,  100.0,   55.8,   78.0,    2.6,   10.1,    9.1,    9.9,    0.1,    0.5,   18.6,    0.0,    2.2,   98.7,  100.0,    1.3,    0.0,  100.0,   55.8,   78.0,    2.6,   10.1,    9.1,    9.9,    0.1,    0.5,   18.6,    0.0,    2.2,   98.7,  100.0,    1.3,    0.0,  100.0,    0.0,    0.0,    0.0,    0.0,    0.0,    0.0,    0.0,    0.0,    0.0,    0.0,    0.0,    0.0,    0.0,    0.0,    0.0,     33,     15,     13,.,.,      4,.,.,.,      4,      0,.,     25,     23,     33,     15,     13,.,.,      4,.,.,.,      4,      0,.,     25,     23,      0,      0,      0,      0,      0,      0,      0,      0,      0,      0,      0,      0,      0,      0,    40.8,    71.4,    60.2,    85.2,    39.6,    71.1,    55.0,    77.7,    40.8,    71.4,    60.2,    85.2,    39.6,    71.1,    55.0,    77.7,     0.0,     0.0,     0.0,     0.0,     0.0,     0.0,     0.0,     0.0,(Contracts of about 352 MWh),06439Q,IFED,064 ,N16,FutOnly
ERCOT NORTH 345KV RT PK FIX - ICE FUTURES ENERGY DIV,261006,2026-10-06,06439R,IFED,01,064 ,  265887,  115537,  179843,   14251,   21124,   14743,   68584,    6000,   20583,   23306,   15287,    7964,  264968,  265544,     919,     343,  265887,  115537,  179843,   14251,   21124,   14743,   68584,    6000,   20583,   23306,   15287,    7964,  264968,  265544,     919,     343,       0,       0,       0,       0,       0,       0,       0,       0,       0,       0,       0,       0,       0,       0,       0,       0,   -1969,   -1912,    -268,      19,   -1553,     859,   -1320,    -433,     -37,     503,    -629,     329,   -1559,   -1732,    -410,    -237,  100.0,   43.5,   67.6,    5.4,    7.9,    5.5,   25.8,    2.3,    7.7,    8.8,    5.7,    3.0,   99.7,   99.9,    0.3,    0.1,  100.0,   43.5,   67.6,    5.4,    7.9,    5.5,   25.8,    2.3,    7.7,    8.8,    5.7,    3.0,   99.7,   99.9,    0.3,    0.1,  100.0,    0.0,    0.0,    0.0,    0.0,    0.0,    0.0,    0.0,    0.0,    0.0,    0.0,    0.0,    0.0,    0.0,    0.0,    0.0,    116,     43,     41,.,      6,      8,     13,     15,     14,     14,     13,     18,     94,     97,    116,     43,     41,.,      6,      8,     13,     15,     14,     14,     13,     18,     94,     97,      0,      0,      0,      0,      0,      0,      0,      0,      0,      0,      0,      0,      0,      0,    33.5,    38.5,    53.2,    54.4,    25.0,    33.2,    39.2,    42.0,    33.5,    38.5,    53.2,    54.4,    25.0,    33.2,    39.2,    42.0,     0.0,     0.0,     0.0,     0.0,     0.0,     0.0,     0.0,     0.0,(1 Mw per Peak Hour),06439R,IFED,064 ,N16,FutOnly
ERCOT SOUTH 345 KV RT PEAK FIX - ICE FUTURES ENERGY DIV,261006,2026-10-06,06439S,IFED,01,064 ,   28569,   22520,   15825,    4405,    8132,     548,       0,    3300,       0,     490,      10,     350,   28313,   28165,     256,     404,   28569,   22520,   15825,    4405,    8132,     548,       0,    3300,       0,     490,      10,     350,   28313,   28165,     256,     404,       0,       0,       0,       0,       0,       0,       0,       0,       0,       0,       0,       0,       0,       0,       0,       0,      25,       0,      25,       0,       0,       0,       0,       0,       0,      40,       0,       0,      40,      25,     -15,       0,  100.0,   78.8,   55.4,   15.4,   28.5,    1.9,    0.0,   11.6,    0.0,    1.7,    0.0,    1.2,   99.1,   98.6,    0.9,    1.4,  100.0,   78.8,   55.4,   15.4,   28.5,    1.9,    0.0,   11.6,    0.0,    1.7,    0.0,    1.2,   99.1,   98.6,    0.9,    1.4,  100.0,    0.0,    0.0,    0.0,    0.0,    0.0,    0.0,    0.0,    0.0,    0.0,    0.0,    0.0,    0.0,    0.0,    0.0,    0.0,     27,     13,      9,.,.,.,      0,.,      0,.,.,.,     20,     15,     27,     13,      9,.,.,.,      0,.,      0,.,.,.,     20,     15,      0,      0,      0,      0,      0,      0,      0,      0,      0,      0,      0,      0,      0,      0,    52.1,    52.4,    76.9,    87.8,    52.1,    52.4,    74.0,    85.4,    52.1,    52.4,    76.9,    87.8,    52.1,    52.4,    74.0,    85.4,     0.0,     0.0,     0.0,     0.0,     0.0,     0.0,     0.0,     0.0,(1 Mw per Peak Hour),06439S,IFED,064 ,N16,FutOnly
ERCOT-SOUTH MONTHLY OFFPEAK - ICE FUTURES ENERGY DIV,261006,2026-10-06,06439U,IFED,01,064 ,   27879,   21578,   15767,    4405,    7248,     800,       0,    3300,       0,     490,      10,     350,   27623,   27475,     256,     404,   27879,   21578,   15767,    4405,    7248,     800,       0,    3300,       0,     490,      10,     350,   27623,   27475,     256,     404,       0,       0,       0,       0,       0,       0,       0,       0,       0,       0,       0,       0,       0,       0,       0,       0,      25,       0,      25,       0,       0,       0,       0,       0,       0,      40,       0,       0,      40,      25,     -15,       0,  100.0,   77.4,   56.6,   15.8,   26.0,    2.9,    0.0,   11.8,    0.0,    1.8,    0.0,    1.3,   99.1,   98.6,    0.9,    1.4,  100.0,   77.4,   56.6,   15.8,   26.0,    2.9,    0.0,   11.8,    0.0,    1.8,    0.0,    1.3,   99.1,   98.6,    0.9,    1.4,  100.0,    0.0,    0.0,    0.0,    0.0,    0.0,    0.0,    0.0,    0.0,    0.0,    0.0,    0.0,    0.0,    0.0,    0.0,    0.0,     27,     13,     10,.,.,.,      0,.,      0,.,.,.,     20,     16,     27,     13,     10,.,.,.,      0,.,      0,.,.,.,     20,     16,      0,      0,      0,      0,      0,      0,      0,      0,      0,      0,      0,      0,      0,      0,    53.4,    53.7,    75.5,    87.5,    53.4,    53.7,    71.5,    84.2,    53.4,    53.7,    75.5,    87.5,    53.4,    53.7,    71.5,    84.2,     0.0,     0.0,     0.0,     0.0,     0.0,     0.0,     0.0,     0.0,(1 MW per off-peak hour),06439U,IFED,064 ,N16,FutOnly
ERCOT WEST 345KV RT PEAK - ICE FUTURES ENERGY DIV,261006,2026-10-06,06439V,IFED,01,064 ,   34070,   17484,   26884,   13171,       0,    1420,       0,    1897,     400,     600,    2150,     821,   33896,   33572,     174,     498,   34070,   17484,   26884,   13171,       0,    1420,       0,    1897,     400,     600,    2150,     821,   33896,   33572,     174,     498,       0,       0,       0,       0,       0,       0,       0,       0,       0,       0,       0,       0,       0,       0,       0,       0,     660,     190,     218,     245,       0,     -75,       0,      75,       0,       0,      82,     300,     660,     600,       0,      60,  100.0,   51.3,   78.9,   38.7,    0.0,    4.2,    0.0,    5.6,    1.2,    1.8,    6.3,    2.4,   99.5,   98.5,    0.5,    1.5,  100.0,   51.3,   78.9,   38.7,    0.0,    4.2,    0.0,    5.6,    1.2,    1.8,    6.3,    2.4,   99.5,   98.5,    0.5,    1.5,  100.0,    0.0,    0.0,    0.0,    0.0,    0.0,    0.0,    0.0,    0.0,    0.0,    0.0,    0.0,    0.0,    0.0,    0.0,    0.0,     28,     15,     11,      5,      0,      4,      0,.,.,.,.,.,     24,     20,     28,     15,     11,      5,      0,      4,      0,.,.,.,.,.,     24,     20,      0,      0,      0,      0,      0,      0,      0,      0,      0,      0,      0,      0,      0,      0,    57.4,    60.6,    74.0,    84.6,    56.5,    55.0,    68.2,    75.7,    57.4,    60.6,    74.0,    84.6,    56.5,    55.0,    68.2,    75.7,     0.0,     0.0,     0.0,     0.0,     0.0,     0.0,     0.0,     0.0,(1 MW per peak hour),06439V,IFED,064 ,N16,FutOnly
ERCOT WEST 345K RT OFF-PEAK - ICE FUTURES ENERGY DIV,261006,2026-10-06,06439W,IFED,01,064 ,   33844,   17412,   26898,   13002,       0,    1435,       0,    1672,     400,     600,    2150,     821,   33670,   33376,     174,     468,   33844,   17412,   26898,   13002,       0,    1435,       0,    1672,     400,     600,    2150,     821,   33670,   33376,     174,     468,       0,       0,       0,       0,       0,       0,       0,       0,       0,       0,       0,       0,       0,       0,       0,       0,     660,     190,     218,     170,       0,       0,       0,       0,       0,       0,      82,     300,     660,     600,       0,      60,  100.0,   51.4,   79.5,   38.4,    0.0,    4.2,    0.0,    4.9,    1.2,    1.8,    6.4,    2.4,   99.5,   98.6,    0.5,    1.4,  100.0,   51.4,   79.5,   38.4,    0.0,    4.2,    0.0,    4.9,    1.2,    1.8,    6.4,    2.4,   99.5,   98.6,    0.5,    1.4,  100.0,    0.0,    0.0,    0.0,    0.0,    0.0,    0.0,    0.0,    0.0,    0.0,    0.0,    0.0,    0.0,    0.0,    0.0,    0.0,     27,     15,     11,      5,      0,      4,      0,.,.,.,.,.,     24,     19,     27,     15,     11,      5,      0,      4,      0,.,.,.,.,.,     24,     19,      0,      0,      0,      0,      0,      0,      0,      0,      0,      0,      0,      0,      0,      0,    57.2,    61.0,    73.8,    85.2,    56.1,    55.4,    67.9,    76.3,    57.2,    61.0,    73.8,    85.2,    56.1,    55.4,    67.9,    76.3,     0.0,     0.0,     0.0,     0.0,     0.0,     0.0,     0.0,     0.0,(1 MW per Off-Peak Hour),06439W,IFED,064 ,N16,FutOnly
ERCOT NORTH 345KV DA PK DLY FI - ICE FUTURES ENERGY DIV,261006,2026-10-06,0643A5,IFED,01,064 ,   15164,    9114,    6314,    2450,       0,       0,     200,    4650,     100,    2800,    3550,     500,   15164,   15114,       0,      50,   15164,    9114,    6314,    2450,       0,       0,     200,    4650,     100,    2800,    3550,     500,   15164,   15114,       0,      50,       0,       0,       0,       0,       0,       0,       0,       0,       0,       0,       0,       0,       0,       0,       0,       0,    5714,    5414,    4164,   -1150,       0,    -150,     100,    2600,    -400,    1550,    -950,     400,    5764,    5664,     -50,      50,  100.0,   60.1,   41.6,   16.2,    0.0,    0.0,    1.3,   30.7,    0.7,   18.5,   23.4,    3.3,  100.0,   99.7,    0.0,    0.3,  100.0,   60.1,   41.6,   16.2,    0.0,    0.0,    1.3,   30.7,    0.7,   18.5,   23.4,    3.3,  100.0,   99.7,    0.0,    0.3,  100.0,    0.0,    0.0,    0.0,    0.0,    0.0,    0.0,    0.0,    0.0,    0.0,    0.0,    0.0,    0.0,    0.0,    0.0,    0.0,     25,      7,     12,.,      0,      0,.,.,.,.,.,.,     14,     18,     25,      7,     12,.,      0,      0,.,.,.,.,.,.,     14,     18,      0,      0,      0,      0,      0,      0,      0,      0,      0,      0,      0,      0,      0,      0,    82.5,    66.7,    95.7,    89.1,    65.0,    54.1,    71.9,    66.9,    82.5,    66.7,    95.7,    89.1,    65.0,    54.1,    71.9,    66.9,     0.0,     0.0,     0.0,     0.0,     0.0,     0.0,     0.0,     0.0,Megawatt Hours (MWh),0643A5,IFED,064 ,N16,FutOnly
ERCOT NORTH 345K RT OFFPK DLY  - ICE FUTURES ENERGY DIV,261006,2026-10-06,0643A7,IFED,01,064 ,    6992,    1488,    3296,      40,     232,      72,    4288,     368,     144,     464,    1936,      56,    6552,    6104,     440,     888,    6992,    1488,    3296,      40,     232,      72,    4288,     368,     144,     464,    1936,      56,    6552,    6104,     440,     888,       0,       0,       0,       0,       0,       0,       0,       0,       0,       0,       0,       0,       0,       0,       0,       0,     264,    -152,    -200,     -16,     232,      -8,     264,     368,     112,     368,    -192,      56,     624,     368,    -360,    -104,  100.0,   21.3,   47.1,    0.6,    3.3,    1.0,   61.3,    5.3,    2.1,    6.6,   27.7,    0.8,   93.7,   87.3,    6.3,   12.7,  100.0,   21.3,   47.1,    0.6,    3.3,    1.0,   61.3,    5.3,    2.1,    6.6,   27.7,    0.8,   93.7,   87.3,    6.3,   12.7,  100.0,    0.0,    0.0,    0.0,    0.0,    0.0,    0.0,    0.0,    0.0,    0.0,    0.0,    0.0,    0.0,    0.0,    0.0,    0.0,     26,      9,     11,.,.,.,.,.,.,.,.,.,     18,     21,     26,      9,     11,.,.,.,.,.,.,.,.,.,     18,     21,      0,      0,      0,      0,      0,      0,      0,      0,      0,      0,      0,      0,      0,      0,    70.7,    48.9,    83.1,    68.3,    68.4,    47.1,    77.2,    66.4,    70.7,    48.9,    83.1,    68.3,    68.4,    47.1,    77.2,    66.4,     0.0,     0.0,     0.0,     0.0,     0.0,     0.0,     0.0,     0.0,50MWh,0643A7,IFED,064 ,N16,FutOnly
ERCOT - NORTH MONTHLY OFF-PEAK - ICE FUTURES ENERGY DIV,261006,2026-10-06,0643A8,IFED,01,064 ,  118595,   85650,   81842,   11935,    6431,   10210,    3715,    3711,    4570,     300,    9777,    1351,  117731,  117892,     864,     703,  118595,   85650,   81842,   11935,    6431,   10210,    3715,    3711,    4570,     300,    9777,    1351,  117731,  117892,     864,     703,       0,       0,       0,       0,       0,       0,       0,       0,       0,       0,       0,       0,       0,       0,       0,       0,     -38,    -178,      34,      60,     170,      10,       0,       0,       0,       0,    -262,      10,     -98,     -38,      60,       0,  100.0,   72.2,   69.0,   10.1,    5.4,    8.6,    3.1,    3.1,    3.9,    0.3,    8.2,    1.1,   99.3,   99.4,    0.7,    0.6,  100.0,   72.2,   69.0,   10.1,    5.4,    8.6,    3.1,    3.1,    3.9,    0.3,    8.2,    1.1,   99.3,   99.4,    0.7,    0.6,  100.0,    0.0,    0.0,    0.0,    0.0,    0.0,    0.0,    0.0,    0.0,    0.0,    0.0,    0.0,    0.0,    0.0,    0.0,    0.0,     48,     24,     22,.,      4,      5,.,.,.,.,      8,      5,     37,     41,     48,     24,     22,.,      4,      5,.,.,.,.,      8,      5,     37,     41,      0,      0,      0,      0,      0,      0,      0,      0,      0,      0,      0,      0,      0,      0,    41.9,    44.5,    68.2,    63.1,    37.8,    41.0,    60.1,    55.2,    41.9,    44.5,    68.2,    63.1,    37.8,    41.0,    60.1,    55.2,     0.0,     0.0,     0.0,     0.0,     0.0,     0.0,     0.0,     0.0,1 Mw per Off-Peak Hour,0643A8,IFED,064 ,N16,FutOnly
MISO IN. DAY-AHEAD PEAK - ICE FUTURES ENERGY DIV,261006,2026-10-06,0643AZ,IFED,01,064 ,   24490,   20525,   10384,     200,    7664,    2085,       0,    1067,     125,     700,    2625,     365,   24000,   24315,     490,     175,   24490,   20525,   10384,     200,    7664,    2085,       0,    1067,     125,     700,    2625,     365,   24000,   24315,     490,     175,       0,       0,       0,       0,       0,       0,       0,       0,       0,       0,       0,       0,       0,       0,       0,       0,     -36,     -11,     -46,       0,      40,     -30,       0,       0,       0,       0,       0,       0,     -41,     -36,       5,       0,  100.0,   83.8,   42.4,    0.8,   31.3,    8.5,    0.0,    4.4,    0.5,    2.9,   10.7,    1.5,   98.0,   99.3,    2.0,    0.7,  100.0,   83.8,   42.4,    0.8,   31.3,    8.5,    0.0,    4.4,    0.5,    2.9,   10.7,    1.5,   98.0,   99.3,    2.0,    0.7,  100.0,    0.0,    0.0,    0.0,    0.0,    0.0,    0.0,    0.0,    0.0,    0.0,    0.0,    0.0,    0.0,    0.0,    0.0,    0.0,     39,     25,     14,.,      4,      4,      0,.,.,.,.,.,     35,     24,     39,     25,     14,.,      4,      4,      0,.,.,.,.,.,     35,     24,      0,      0,      0,      0,      0,      0,      0,      0,      0,      0,      0,      0,      0,      0,    57.9,    71.4,    74.6,    90.3,    48.8,    61.2,    63.6,    73.4,    57.9,    71.4,    74.6,    90.3,    48.8,    61.2,    63.6,    73.4,     0.0,     0.0,     0.0,     0.0,     0.0,     0.0,     0.0,     0.0,(1 MW per peak hour),0643AZ,IFED,064 ,N16,FutOnly
MISO INDIANA HUB RT PEAK - ICE FUTURES ENERGY DIV,261006,2026-10-06,0643B3,IFED,01,064 ,   40484,   22694,   23586,    7988,    1829,    2017,    4062,    3844,      35,      25,    5431,    3018,   39839,   39760,     645,     724,   40484,   22694,   23586,    7988,    1829,    2017,    4062,    3844,      35,      25,    5431,    3018,   39839,   39760,     645,     724,       0,       0,       0,       0,       0,       0,       0,       0,       0,       0,       0,       0,       0,       0,       0,       0,      42,     142,    -280,     -49,      21,      30,      30,       0,       0,       0,     371,    -125,      28,      17,      14,      25,  100.0,   56.1,   58.3,   19.7,    4.5,    5.0,   10.0,    9.5,    0.1,    0.1,   13.4,    7.5,   98.4,   98.2,    1.6,    1.8,  100.0,   56.1,   58.3,   19.7,    4.5,    5.0,   10.0,    9.5,    0.1,    0.1,   13.4,    7.5,   98.4,   98.2,    1.6,    1.8,  100.0,    0.0,    0.0,    0.0,    0.0,    0.0,    0.0,    0.0,    0.0,    0.0,    0.0,    0.0,    0.0,    0.0,    0.0,    0.0,     37,     18,     18,.,.,.,      4,.,.,.,      4,.,     29,     29,     37,     18,     18,.,.,.,      4,.,.,.,      4,.,     29,     29,      0,      0,      0,      0,      0,      0,      0,      0,      0,      0,      0,      0,      0,      0,    54.0,    52.9,    77.1,    73.8,    46.0,    42.1,    60.3,    59.0,    54.0,    52.9,    77.1,    73.8,    46.0,    42.1,    60.3,    59.0,     0.0,     0.0,     0.0,     0.0,     0.0,     0.0,     0.0,     0.0,(Contracts of 800 MWh),0643B3,IFED,064 ,N16,FutOnly
PJM N. IL HUB DA OFF-PK  - ICE FUTURES ENERGY DIV,261006,2026-10-06,0643BC,IFED,01,064 ,   22398,   15969,   14010,    2600,    6172,     181,     600,     500,     750,    1920,     319,      25,   22045,   21957,     353,     441,   22398,   15969,   14010,    2600,    6172,     181,     600,     500,     750,    1920,     319,      25,   22045,   21957,     353,     441,       0,       0,       0,       0,       0,       0,       0,       0,       0,       0,       0,       0,       0,       0,       0,       0,   -1546,    -899,   -1349,    -232,    -268,     -21,       0,     -37,      32,    -370,     135,       0,   -1490,   -1508,     -56,     -38,  100.0,   71.3,   62.6,   11.6,   27.6,    0.8,    2.7,    2.2,    3.3,    8.6,    1.4,    0.1,   98.4,   98.0,    1.6,    2.0,  100.0,   71.3,   62.6,   11.6,   27.6,    0.8,    2.7,    2.2,    3.3,    8.6,    1.4,    0.1,   98.4,   98.0,    1.6,    2.0,  100.0,    0.0,    0.0,    0.0,    0.0,    0.0,    0.0,    0.0,    0.0,    0.0,    0.0,    0.0,    0.0,    0.0,    0.0,    0.0,     35,     19,     12,.,      7,.,.,.,.,.,.,.,     26,     23,     35,     19,     12,.,      7,.,.,.,.,.,.,.,     26,     23,      0,      0,      0,      0,      0,      0,      0,      0,      0,      0,      0,      0,      0,      0,    48.7,    70.9,    70.5,    84.6,    48.1,    70.0,    67.1,    79.7,    48.7,    70.9,    70.5,    84.6,    48.1,    70.0,    67.1,    79.7,     0.0,     0.0,     0.0,     0.0,     0.0,     0.0,     0.0,     0.0,(1 MW per off-peak hour),0643BC,IFED,064 ,N16,FutOnly
PJM N. IL HUB DA PEAK - ICE FUTURES ENERGY DIV,261006,2026-10-06,0643BE,IFED,01,064 ,   21596,   15345,   15214,    2444,    4849,     263,     777,       0,     375,    1860,     290,     108,   21172,   21099,     424,     497,   21596,   15345,   15214,    2444,    4849,     263,     777,       0,     375,    1860,     290,     108,   21172,   21099,     424,     497,       0,       0,       0,       0,       0,       0,       0,       0,       0,       0,       0,       0,       0,       0,       0,       0,   -1502,   -1108,   -1105,    -152,    -337,       9,     177,     -30,    -120,    -372,      24,      43,   -1523,   -1516,      21,      14,  100.0,   71.1,   70.4,   11.3,   22.5,    1.2,    3.6,    0.0,    1.7,    8.6,    1.3,    0.5,   98.0,   97.7,    2.0,    2.3,  100.0,   71.1,   70.4,   11.3,   22.5,    1.2,    3.6,    0.0,    1.7,    8.6,    1.3,    0.5,   98.0,   97.7,    2.0,    2.3,  100.0,    0.0,    0.0,    0.0,    0.0,    0.0,    0.0,    0.0,    0.0,    0.0,    0.0,    0.0,    0.0,    0.0,    0.0,    0.0,     35,     19,     15,.,      6,.,.,      0,.,.,      4,.,     28,     27,     35,     19,     15,.,      6,.,.,      0,.,.,      4,.,     28,     27,      0,      0,      0,      0,      0,      0,      0,      0,      0,      0,      0,      0,      0,      0,    46.8,    71.2,    65.5,    84.1,    46.3,    70.9,    64.2,    79.7,    46.8,    71.2,    65.5,    84.1,    46.3,    70.9,    64.2,    79.7,     0.0,     0.0,     0.0,     0.0,     0.0,     0.0,     0.0,     0.0,(1 MW per peak hour),0643BE,IFED,064 ,N16,FutOnly
ISO NE MASS HUB DA OFF-PK FIXD - ICE FUTURES ENERGY DIV,261006,2026-10-06,0643BF,IFED,01,064 ,   60256,   42939,   45786,    5882,    4384,    2042,      31,    5464,     228,    8347,    1743,     419,   59888,   60066,     368,     190,   60256,   42939,   45786,    5882,    4384,    2042,      31,    5464,     228,    8347,    1743,     419,   59888,   60066,     368,     190,       0,       0,       0,       0,       0,       0,       0,       0,       0,       0,       0,       0,       0,       0,       0,       0,   -3061,   -2340,   -1838,    -561,    -435,    -145,      22,    -312,    -272,     441,     113,    -155,   -3010,   -3044,     -51,     -17,  100.0,   71.3,   76.0,    9.8,    7.3,    3.4,    0.1,    9.1,    0.4,   13.9,    2.9,    0.7,   99.4,   99.7,    0.6,    0.3,  100.0,   71.3,   76.0,    9.8,    7.3,    3.4,    0.1,    9.1,    0.4,   13.9,    2.9,    0.7,   99.4,   99.7,    0.6,    0.3,  100.0,    0.0,    0.0,    0.0,    0.0,    0.0,    0.0,    0.0,    0.0,    0.0,    0.0,    0.0,    0.0,    0.0,    0.0,    0.0,     48,     19,     17,      5,.,      5,.,      5,      4,      5,      5,      4,     37,     36,     48,     19,     17,      5,.,      5,.,      5,      4,      5,      5,      4,     37,     36,      0,      0,      0,      0,      0,      0,      0,      0,      0,      0,      0,      0,      0,      0,    48.0,    66.3,    69.9,    80.9,    47.6,    65.9,    68.9,    77.7,    48.0,    66.3,    69.9,    80.9,    47.6,    65.9,    68.9,    77.7,     0.0,     0.0,     0.0,     0.0,     0.0,     0.0,     0.0,     0.0,(1 MW per Hour for about 368 Hours),0643BF,IFED,064 ,N16,FutOnly
ISO NE MASS HUB DA PEAK - ICE FUTURES ENERGY DIV,261006,2026-10-06,0643BG,IFED,01,064 ,   78224,   56308,   56358,    6553,    3392,    2164,    1798,    9473,    2247,    6756,    2282,    1966,   77792,   77882,     432,     342,   78224,   56308,   56358,    6553,    3392,    2164,    1798,    9473,    2247,    6756,    2282,    1966,   77792,   77882,     432,     342,       0,       0,       0,       0,       0,       0,       0,       0,       0,       0,       0,       0,       0,       0,       0,       0,   -6123,   -5564,   -1878,   -1239,   -1615,     523,     898,   -1551,    -825,     558,    -372,    -408,   -6057,   -6126,     -66,       3,  100.0,   72.0,   72.0,    8.4,    4.3,    2.8,    2.3,   12.1,    2.9,    8.6,    2.9,    2.5,   99.4,   99.6,    0.6,    0.4,  100.0,   72.0,   72.0,    8.4,    4.3,    2.8,    2.3,   12.1,    2.9,    8.6,    2.9,    2.5,   99.4,   99.6,    0.6,    0.4,  100.0,    0.0,    0.0,    0.0,    0.0,    0.0,    0.0,    0.0,    0.0,    0.0,    0.0,    0.0,    0.0,    0.0,    0.0,    0.0,     65,     21,     21,      4,      4,      5,      4,     10,      6,      4,     11,     10,     46,     54,     65,     21,     21,      4,      4,      5,      4,     10,      6,      4,     11,     10,     46,     54,      0,      0,      0,      0,      0,      0,      0,      0,      0,      0,      0,      0,      0,      0,    47.8,    62.2,    67.3,    73.5,    46.5,    61.1,    64.1,    71.4,    47.8,    62.2,    67.3,    73.5,    46.5,    61.1,    64.1,    71.4,     0.0,     0.0,     0.0,     0.0,     0.0,     0.0,     0.0,     0.0,(Contracts of 800MWh),0643BG,IFED,064 ,N16,FutOnly
CAISO NP-15 PEAK - ICE FUTURES ENERGY DIV,261006,2026-10-06,0643BM,IFED,01,064 ,   42642,   23368,   27630,   10449,       0,    1926,    1246,    2515,    2158,    1976,    7059,    1236,   42359,   42524,     283,     118,   42642,   23368,   27630,   10449,       0,    1926,    1246,    2515,    2158,    1976,    7059,    1236,   42359,   42524,     283,     118,       0,       0,       0,       0,       0,       0,       0,       0,       0,       0,       0,       0,       0,       0,       0,       0,   -2579,   -1816,   -2096,    -545,       0,      -5,     819,    -212,    -677,    -161,     595,    -153,   -2538,   -2548,     -41,     -31,  100.0,   54.8,   64.8,   24.5,    0.0,    4.5,    2.9,    5.9,    5.1,    4.6,   16.6,    2.9,   99.3,   99.7,    0.7,    0.3,  100.0,   54.8,   64.8,   24.5,    0.0,    4.5,    2.9,    5.9,    5.1,    4.6,   16.6,    2.9,   99.3,   99.7,    0.7,    0.3,  100.0,    0.0,    0.0,    0.0,    0.0,    0.0,    0.0,    0.0,    0.0,    0.0,    0.0,    0.0,    0.0,    0.0,    0.0,    0.0,     44,     20,     19,      6,      0,.,.,.,.,      4,.,      4,     36,     29,     44,     20,     19,      6,      0,.,.,.,.,      4,.,      4,     36,     29,      0,      0,      0,      0,      0,      0,      0,      0,      0,      0,      0,      0,      0,      0,    50.5,    70.2,    73.5,    87.0,    49.3,    68.7,    67.2,    78.0,    50.5,    70.2,    73.5,    87.0,    49.3,    68.7,    67.2,    78.0,     0.0,     0.0,     0.0,     0.0,     0.0,     0.0,     0.0,     0.0,(Contracts of 400MWh),0643BM,IFED,064 ,N16,FutOnly
CAISO NP-15 DA OFF-PK FIXED - ICE FUTURES ENERGY DIV,261006,2026-10-06,0643BR,IFED,01,064 ,   42807,   18119,   28980,   15737,     400,     129,     265,    6441,     356,    7114,    5715,     725,   42445,   42746,     362,      61,   42807,   18119,   28980,   15737,     400,     129,     265,    6441,     356,    7114,    5715,     725,   42445,   42746,     362,      61,       0,       0,       0,       0,       0,       0,       0,       0,       0,       0,       0,       0,       0,       0,       0,       0,   -4239,   -2515,   -2027,    -843,     -25,       0,    -134,   -1658,    -578,    -414,    -108,     161,   -4323,   -4235,      84,      -4,  100.0,   42.3,   67.7,   36.8,    0.9,    0.3,    0.6,   15.0,    0.8,   16.6,   13.4,    1.7,   99.2,   99.9,    0.8,    0.1,  100.0,   42.3,   67.7,   36.8,    0.9,    0.3,    0.6,   15.0,    0.8,   16.6,   13.4,    1.7,   99.2,   99.9,    0.8,    0.1,  100.0,    0.0,    0.0,    0.0,    0.0,    0.0,    0.0,    0.0,    0.0,    0.0,    0.0,    0.0,    0.0,    0.0,    0.0,    0.0,     32,     15,     12,      5,.,.,.,.,.,      4,.,.,     27,     20,     32,     15,     12,      5,.,.,.,.,.,      4,.,.,     27,     20,      0,      0,      0,      0,      0,      0,      0,      0,      0,      0,      0,      0,      0,      0,    55.6,    82.1,    76.7,    93.4,    55.1,    81.3,    72.8,    90.0,    55.6,    82.1,    76.7,    93.4,    55.1,    81.3,    72.8,    90.0,     0.0,     0.0,     0.0,     0.0,     0.0,     0.0,     0.0,     0.0,(1 MW per Hour for about 386 Hours),0643BR,IFED,064 ,N16,FutOnly
PJM NI HUB RT OFF-PK FIXED - ICE FUTURES ENERGY DIV,261006,2026-10-06,0643BS,IFED,01,064 ,   78482,   23007,   61503,    2307,   11007,     947,   47326,       0,    4068,      95,      33,     267,   78017,   77825,     465,     657,   78482,   23007,   61503,    2307,   11007,     947,   47326,       0,    4068,      95,      33,     267,   78017,   77825,     465,     657,       0,       0,       0,       0,       0,       0,       0,       0,       0,       0,       0,       0,       0,       0,       0,       0,   -5418,    1554,   -5234,      90,      53,    -305,   -6758,       0,     107,    -105,       0,       0,   -5417,   -5379,      -1,     -39,  100.0,   29.3,   78.4,    2.9,   14.0,    1.2,   60.3,    0.0,    5.2,    0.1,    0.0,    0.3,   99.4,   99.2,    0.6,    0.8,  100.0,   29.3,   78.4,    2.9,   14.0,    1.2,   60.3,    0.0,    5.2,    0.1,    0.0,    0.3,   99.4,   99.2,    0.6,    0.8,  100.0,    0.0,    0.0,    0.0,    0.0,    0.0,    0.0,    0.0,    0.0,    0.0,    0.0,    0.0,    0.0,    0.0,    0.0,    0.0,     35,     20,     16,.,      4,      5,      4,      0,.,.,.,.,     32,     25,     35,     20,     16,.,      4,      5,      4,      0,.,.,.,.,     32,     25,      0,      0,      0,      0,      0,      0,      0,      0,      0,      0,      0,      0,      0,      0,    71.7,    73.1,    86.5,    83.9,    66.5,    72.3,    78.2,    79.2,    71.7,    73.1,    86.5,    83.9,    66.5,    72.3,    78.2,    79.2,     0.0,     0.0,     0.0,     0.0,     0.0,     0.0,     0.0,     0.0,(1 MW per Hour for about 386 Hours),0643BS,IFED,064 ,N16,FutOnly
PJM N. IL HUB RT PEAK - ICE FUTURES ENERGY DIV,261006,2026-10-06,0643BT,IFED,01,064 ,   71931,   36614,   59957,    3966,   10115,     654,   28672,       0,     977,     410,       0,      47,   71340,   71750,     591,     181,   71931,   36614,   59957,    3966,   10115,     654,   28672,       0,     977,     410,       0,      47,   71340,   71750,     591,     181,       0,       0,       0,       0,       0,       0,       0,       0,       0,       0,       0,       0,       0,       0,       0,       0,    1952,     184,    2237,    -127,     166,    -410,    2354,       0,      10,     -42,       0,     -18,    1951,    1985,       1,     -33,  100.0,   50.9,   83.4,    5.5,   14.1,    0.9,   39.9,    0.0,    1.4,    0.6,    0.0,    0.1,   99.2,   99.7,    0.8,    0.3,  100.0,   50.9,   83.4,    5.5,   14.1,    0.9,   39.9,    0.0,    1.4,    0.6,    0.0,    0.1,   99.2,   99.7,    0.8,    0.3,  100.0,    0.0,    0.0,    0.0,    0.0,    0.0,    0.0,    0.0,    0.0,    0.0,    0.0,    0.0,    0.0,    0.0,    0.0,    0.0,     37,     21,     18,.,      4,      5,.,      0,.,      5,      0,.,     35,     28,     37,     21,     18,.,      4,      5,.,      0,.,      5,      0,.,     35,     28,      0,      0,      0,      0,      0,      0,      0,      0,      0,      0,      0,      0,      0,      0,    65.5,    73.5,    80.5,    86.8,    60.2,    70.1,    73.6,    77.2,    65.5,    73.5,    80.5,    86.8,    60.2,    70.1,    73.6,    77.2,     0.0,     0.0,     0.0,     0.0,     0.0,     0.0,     0.0,     0.0,(Contracts of 800 MWh),0643BT,IFED,064 ,N16,FutOnly
NYISO ZONE J DA PEAK - ICE FUTURES ENERGY DIV,261006,2026-10-06,0643BW,IFED,01,064 ,   10768,    5537,    6288,    1157,    1152,     574,       0,    2611,      40,    3064,       0,       0,   10372,   10665,     396,     103,   10768,    5537,    6288,    1157,    1152,     574,       0,    2611,      40,    3064,       0,       0,   10372,   10665,     396,     103,       0,       0,       0,       0,       0,       0,       0,       0,       0,       0,       0,       0,       0,       0,       0,       0,    -488,    -215,    -384,    -139,     -15,     -38,       0,     -10,       0,     -78,       0,     -20,    -490,    -467,       2,     -21,  100.0,   51.4,   58.4,   10.7,   10.7,    5.3,    0.0,   24.2,    0.4,   28.5,    0.0,    0.0,   96.3,   99.0,    3.7,    1.0,  100.0,   51.4,   58.4,   10.7,   10.7,    5.3,    0.0,   24.2,    0.4,   28.5,    0.0,    0.0,   96.3,   99.0,    3.7,    1.0,  100.0,    0.0,    0.0,    0.0,    0.0,    0.0,    0.0,    0.0,    0.0,    0.0,    0.0,    0.0,    0.0,    0.0,    0.0,    0.0,     24,      9,      8,.,.,      4,      0,.,.,      4,      0,      0,     19,     14,     24,      9,      8,.,.,      4,      0,.,.,      4,      0,      0,     19,     14,      0,      0,      0,      0,      0,      0,      0,      0,      0,      0,      0,      0,      0,      0,    52.1,    67.7,    72.4,    89.0,    50.1,    64.9,    69.5,    83.5,    52.1,    67.7,    72.4,    89.0,    50.1,    64.9,    69.5,    83.5,     0.0,     0.0,     0.0,     0.0,     0.0,     0.0,     0.0,     0.0,(Contracts of 800MWh),0643BW,IFED,064 ,N16,FutOnly
NYISO ZONE J DA OFF-PK FIXED - ICE FUTURES ENERGY DIV,261006,2026-10-06,0643BX,IFED,01,064 ,    9185,    4459,    5555,     957,     958,     327,     110,    2245,       0,    2774,       0,       0,    8627,    9085,     558,     100,    9185,    4459,    5555,     957,     958,     327,     110,    2245,       0,    2774,       0,       0,    8627,    9085,     558,     100,       0,       0,       0,       0,       0,       0,       0,       0,       0,       0,       0,       0,       0,       0,       0,       0,    -451,    -194,    -321,    -134,     -47,     -38,      10,       0,     -10,     -86,       0,     -15,    -467,    -431,      16,     -20,  100.0,   48.5,   60.5,   10.4,   10.4,    3.6,    1.2,   24.4,    0.0,   30.2,    0.0,    0.0,   93.9,   98.9,    6.1,    1.1,  100.0,   48.5,   60.5,   10.4,   10.4,    3.6,    1.2,   24.4,    0.0,   30.2,    0.0,    0.0,   93.9,   98.9,    6.1,    1.1,  100.0,    0.0,    0.0,    0.0,    0.0,    0.0,    0.0,    0.0,    0.0,    0.0,    0.0,    0.0,    0.0,    0.0,    0.0,    0.0,     22,      8,      8,.,.,      4,.,.,      0,.,      0,      0,     17,     13,     22,      8,      8,.,.,      4,.,.,      0,.,      0,      0,     17,     13,      0,      0,      0,      0,      0,      0,      0,      0,      0,      0,      0,      0,      0,      0,    54.3,    69.3,    74.7,    88.8,    54.3,    66.0,    72.1,    84.0,    54.3,    69.3,    74.7,    88.8,    54.3,    66.0,    72.1,    84.0,     0.0,     0.0,     0.0,     0.0,     0.0,     0.0,     0.0,     0.0,(1 MW for about 368 Hours),0643BX,IFED,064 ,N16,FutOnly
NYISO ZONE A DA PEAK - ICE FUTURES ENERGY DIV,261006,2026-10-06,0643BY,IFED,01,064 ,   32909,   28847,   24967,     340,    3045,    1739,     278,    1300,     197,     160,     741,     436,   31997,   32425,     912,     484,   32909,   28847,   24967,     340,    3045,    1739,     278,    1300,     197,     160,     741,     436,   31997,   32425,     912,     484,       0,       0,       0,       0,       0,       0,       0,       0,       0,       0,       0,       0,       0,       0,       0,       0,   -1247,    -971,    -591,      -7,    -298,    -106,     -55,      71,    -126,       5,    -167,       0,   -1260,   -1217,      13,     -30,  100.0,   87.7,   75.9,    1.0,    9.3,    5.3,    0.8,    4.0,    0.6,    0.5,    2.3,    1.3,   97.2,   98.5,    2.8,    1.5,  100.0,   87.7,   75.9,    1.0,    9.3,    5.3,    0.8,    4.0,    0.6,    0.5,    2.3,    1.3,   97.2,   98.5,    2.8,    1.5,  100.0,    0.0,    0.0,    0.0,    0.0,    0.0,    0.0,    0.0,    0.0,    0.0,    0.0,    0.0,    0.0,    0.0,    0.0,    0.0,     36,     15,     14,      4,      4,      6,.,      4,.,.,.,.,     28,     26,     36,     15,     14,      4,      4,      6,.,      4,.,.,.,.,     28,     26,      0,      0,      0,      0,      0,      0,      0,      0,      0,      0,      0,      0,      0,      0,    69.4,    67.1,    82.8,    82.3,    67.9,    60.2,    75.2,    72.3,    69.4,    67.1,    82.8,    82.3,    67.9,    60.2,    75.2,    72.3,     0.0,     0.0,     0.0,     0.0,     0.0,     0.0,     0.0,     0.0,(Contracts of 800MWh),0643BY,IFED,064 ,N16,FutOnly
NYISO ZONE A DA OFF-PK FIX PR - ICE FUTURES ENERGY DIV,261006,2026-10-06,0643BZ,IFED,01,064 ,   32159,   27169,   24960,     695,    3889,    1351,    1031,     565,     505,      92,      90,     448,   31291,   31808,     868,     351,   32159,   27169,   24960,     695,    3889,    1351,    1031,     565,     505,      92,      90,     448,   31291,   31808,     868,     351,       0,       0,       0,       0,       0,       0,       0,       0,       0,       0,       0,       0,       0,       0,       0,       0,   -1890,   -1486,    -995,     -36,    -596,     -36,    -217,      84,     -84,      17,    -229,     -17,   -1859,   -1873,     -31,     -17,  100.0,   84.5,   77.6,    2.2,   12.1,    4.2,    3.2,    1.8,    1.6,    0.3,    0.3,    1.4,   97.3,   98.9,    2.7,    1.1,  100.0,   84.5,   77.6,    2.2,   12.1,    4.2,    3.2,    1.8,    1.6,    0.3,    0.3,    1.4,   97.3,   98.9,    2.7,    1.1,  100.0,    0.0,    0.0,    0.0,    0.0,    0.0,    0.0,    0.0,    0.0,    0.0,    0.0,    0.0,    0.0,    0.0,    0.0,    0.0,     36,     16,     14,.,      4,      4,.,.,.,.,.,.,     28,     24,     36,     16,     14,.,      4,      4,.,.,.,.,.,.,     28,     24,      0,      0,      0,      0,      0,      0,      0,      0,      0,      0,      0,      0,      0,      0,    68.4,    68.4,    79.1,    83.1,    63.2,    66.4,    70.9,    72.6,    68.4,    68.4,    79.1,    83.1,    63.2,    66.4,    70.9,    72.6,     0.0,     0.0,     0.0,     0.0,     0.0,     0.0,     0.0,     0.0,(1MW for about 368 Hours),0643BZ,IFED,064 ,N16,FutOnly
NYISO ZONE G DA PEAK - ICE FUTURES ENERGY DIV,261006,2026-10-06,0643C3,IFED,01,064 ,   24421,   18303,   11704,     761,    4265,    1887,     802,    2341,    1154,     287,    2578,     283,   23477,   24212,     944,     209,   24421,   18303,   11704,     761,    4265,    1887,     802,    2341,    1154,     287,    2578,     283,   23477,   24212,     944,     209,       0,       0,       0,       0,       0,       0,       0,       0,       0,       0,       0,       0,       0,       0,       0,       0,   -2164,   -1688,    -848,      20,    -214,     -75,     221,    -433,    -343,     -78,     172,    -451,   -2394,   -2192,     230,      28,  100.0,   74.9,   47.9,    3.1,   17.5,    7.7,    3.3,    9.6,    4.7,    1.2,   10.6,    1.2,   96.1,   99.1,    3.9,    0.9,  100.0,   74.9,   47.9,    3.1,   17.5,    7.7,    3.3,    9.6,    4.7,    1.2,   10.6,    1.2,   96.1,   99.1,    3.9,    0.9,  100.0,    0.0,    0.0,    0.0,    0.0,    0.0,    0.0,    0.0,    0.0,    0.0,    0.0,    0.0,    0.0,    0.0,    0.0,    0.0,     44,     18,     17,.,      6,      7,.,      5,      4,.,      6,      5,     35,     39,     44,     18,     17,.,      6,      7,.,      5,      4,.,      6,      5,     35,     39,      0,      0,      0,      0,      0,      0,      0,      0,      0,      0,      0,      0,      0,      0,    45.7,    48.6,    66.3,    67.2,    43.1,    40.0,    56.5,    56.8,    45.7,    48.6,    66.3,    67.2,    43.1,    40.0,    56.5,    56.8,     0.0,     0.0,     0.0,     0.0,     0.0,     0.0,     0.0,     0.0,(Contracts of 800MWh),0643C3,IFED,064 ,N16,FutOnly
NYISO ZONE G DA OFF-PK - ICE FUTURES ENERGY DIV,261006,2026-10-06,0643C4,IFED,01,064 ,   22115,   17034,   10807,     654,    2841,    1997,      90,    1943,    1477,       0,    2423,      50,   21302,   21538,     813,     577,   22115,   17034,   10807,     654,    2841,    1997,      90,    1943,    1477,       0,    2423,      50,   21302,   21538,     813,     577,       0,       0,       0,       0,       0,       0,       0,       0,       0,       0,       0,       0,       0,       0,       0,       0,   -1431,    -836,    -943,    -166,    -152,    -163,     -30,    -528,     134,     -50,     645,    -480,   -1591,   -1487,     160,      56,  100.0,   77.0,   48.9,    3.0,   12.8,    9.0,    0.4,    8.8,    6.7,    0.0,   11.0,    0.2,   96.3,   97.4,    3.7,    2.6,  100.0,   77.0,   48.9,    3.0,   12.8,    9.0,    0.4,    8.8,    6.7,    0.0,   11.0,    0.2,   96.3,   97.4,    3.7,    2.6,  100.0,    0.0,    0.0,    0.0,    0.0,    0.0,    0.0,    0.0,    0.0,    0.0,    0.0,    0.0,    0.0,    0.0,    0.0,    0.0,     37,     17,     15,.,      6,      7,.,.,.,      0,      6,.,     28,     31,     37,     17,     15,.,      6,      7,.,.,.,      0,      6,.,     28,     31,      0,      0,      0,      0,      0,      0,      0,      0,      0,      0,      0,      0,      0,      0,    46.1,    50.2,    67.3,    67.0,    43.1,    39.9,    57.4,    53.5,    46.1,    50.2,    67.3,    67.0,    43.1,    39.9,    57.4,    53.5,     0.0,     0.0,     0.0,     0.0,     0.0,     0.0,     0.0,     0.0,(1MW for about 368 Hours),0643C4,IFED,064 ,N16,FutOnly
PALO VERDE DA PEAK - ICE FUTURES ENERGY DIV,261006,2026-10-06,0643CB,IFED,01,064 ,   20891,    9164,   14168,    7317,    3160,    2502,      45,      38,     765,     929,     145,      55,   20777,   20833,     114,      58,   20891,    9164,   14168,    7317,    3160,    2502,      45,      38,     765,     929,     145,      55,   20777,   20833,     114,      58,       0,       0,       0,       0,       0,       0,       0,       0,       0,       0,       0,       0,       0,       0,       0,       0,   -2106,   -1040,    -452,     279,    -389,    -797,      45,     -29,    -415,    -161,       0,     -24,   -2113,   -2106,       7,       0,  100.0,   43.9,   67.8,   35.0,   15.1,   12.0,    0.2,    0.2,    3.7,    4.4,    0.7,    0.3,   99.5,   99.7,    0.5,    0.3,  100.0,   43.9,   67.8,   35.0,   15.1,   12.0,    0.2,    0.2,    3.7,    4.4,    0.7,    0.3,   99.5,   99.7,    0.5,    0.3,  100.0,    0.0,    0.0,    0.0,    0.0,    0.0,    0.0,    0.0,    0.0,    0.0,    0.0,    0.0,    0.0,    0.0,    0.0,    0.0,     38,     16,     18,      5,.,.,.,.,.,      5,.,.,     27,     26,     38,     16,     18,      5,.,.,.,.,.,      5,.,.,     27,     26,      0,      0,      0,      0,      0,      0,      0,      0,      0,      0,      0,      0,      0,      0,    55.9,    62.5,    75.6,    79.9,    43.5,    53.1,    55.8,    63.6,    55.9,    62.5,    75.6,    79.9,    43.5,    53.1,    55.8,    63.6,     0.0,     0.0,     0.0,     0.0,     0.0,     0.0,     0.0,     0.0,(Contracts of 400MWh),0643CB,IFED,064 ,N16,FutOnly
PALO VERDE DA OFF-PK FiXED PR - ICE FUTURES ENERGY DIV,261006,2026-10-06,0643CC,IFED,01,064 ,   17963,    4956,   11672,    6749,    4227,     573,    4151,       0,     760,     465,     287,     254,   17908,   17773,      55,     190,   17963,    4956,   11672,    6749,    4227,     573,    4151,       0,     760,     465,     287,     254,   17908,   17773,      55,     190,       0,       0,       0,       0,       0,       0,       0,       0,       0,       0,       0,       0,       0,       0,       0,       0,    -821,    -462,    -411,    -251,      35,     -28,     125,    -307,    -180,       0,       3,      24,    -772,    -864,     -49,      43,  100.0,   27.6,   65.0,   37.6,   23.5,    3.2,   23.1,    0.0,    4.2,    2.6,    1.6,    1.4,   99.7,   98.9,    0.3,    1.1,  100.0,   27.6,   65.0,   37.6,   23.5,    3.2,   23.1,    0.0,    4.2,    2.6,    1.6,    1.4,   99.7,   98.9,    0.3,    1.1,  100.0,    0.0,    0.0,    0.0,    0.0,    0.0,    0.0,    0.0,    0.0,    0.0,    0.0,    0.0,    0.0,    0.0,    0.0,    0.0,     33,     13,     17,.,.,      4,.,      0,.,.,.,.,     24,     27,     33,     13,     17,.,.,      4,.,      0,.,.,.,.,     24,     27,      0,      0,      0,      0,      0,      0,      0,      0,      0,      0,      0,      0,      0,      0,    65.3,    58.2,    82.8,    73.0,    59.7,    55.1,    73.9,    66.4,    65.3,    58.2,    82.8,    73.0,    59.7,    55.1,    73.9,    66.4,     0.0,     0.0,     0.0,     0.0,     0.0,     0.0,     0.0,     0.0,(1 MW for about 368 Hours),0643CC,IFED,064 ,N16,FutOnly
PJM WESTERN HUB DA OFF-PK - ICE FUTURES ENERGY DIV,261006,2026-10-06,0643DB,IFED,01,064 ,  115357,   82868,   98283,    7467,    6459,    3828,    4738,     954,     235,   13136,    2705,    2138,  114410,  114602,     947,     755,  115357,   82868,   98283,    7467,    6459,    3828,    4738,     954,     235,   13136,    2705,    2138,  114410,  114602,     947,     755,       0,       0,       0,       0,       0,       0,       0,       0,       0,       0,       0,       0,       0,       0,       0,       0,   -4849,   -4278,   -1232,     703,    -546,    -815,      14,     -90,    -149,    -794,   -2068,     257,   -5062,   -4643,     213,    -206,  100.0,   71.8,   85.2,    6.5,    5.6,    3.3,    4.1,    0.8,    0.2,   11.4,    2.3,    1.9,   99.2,   99.3,    0.8,    0.7,  100.0,   71.8,   85.2,    6.5,    5.6,    3.3,    4.1,    0.8,    0.2,   11.4,    2.3,    1.9,   99.2,   99.3,    0.8,    0.7,  100.0,    0.0,    0.0,    0.0,    0.0,    0.0,    0.0,    0.0,    0.0,    0.0,    0.0,    0.0,    0.0,    0.0,    0.0,    0.0,     70,     32,     27,      6,      5,      8,      5,.,.,      5,      8,.,     55,     49,     70,     32,     27,      6,      5,      8,      5,.,.,      5,      8,.,     55,     49,      0,      0,      0,      0,      0,      0,      0,      0,      0,      0,      0,      0,      0,      0,    41.5,    65.6,    59.7,    79.4,    36.6,    64.8,    54.0,    73.5,    41.5,    65.6,    59.7,    79.4,    36.6,    64.8,    54.0,    73.5,     0.0,     0.0,     0.0,     0.0,     0.0,     0.0,     0.0,     0.0,(1 MW per off-peak hour),0643DB,IFED,064 ,N16,FutOnly
PJM WESTERN HUB DA PEAK - ICE FUTURES ENERGY DIV,261006,2026-10-06,0643DC,IFED,01,064 ,  122564,   85496,  103813,    7882,    3940,    4946,    3489,     952,    1133,   16798,    4646,    2246,  121990,  121676,     574,     888,  122564,   85496,  103813,    7882,    3940,    4946,    3489,     952,    1133,   16798,    4646,    2246,  121990,  121676,     574,     888,       0,       0,       0,       0,       0,       0,       0,       0,       0,       0,       0,       0,       0,       0,       0,       0,   -6541,   -4337,   -1687,     209,    -792,    -818,      -5,     -35,    -164,   -1668,   -3456,      72,   -6711,   -6880,     170,     339,  100.0,   69.8,   84.7,    6.4,    3.2,    4.0,    2.8,    0.8,    0.9,   13.7,    3.8,    1.8,   99.5,   99.3,    0.5,    0.7,  100.0,   69.8,   84.7,    6.4,    3.2,    4.0,    2.8,    0.8,    0.9,   13.7,    3.8,    1.8,   99.5,   99.3,    0.5,    0.7,  100.0,    0.0,    0.0,    0.0,    0.0,    0.0,    0.0,    0.0,    0.0,    0.0,    0.0,    0.0,    0.0,    0.0,    0.0,    0.0,     80,     32,     31,      8,      4,     10,      5,      4,.,     12,      7,      8,     66,     57,     80,     32,     31,      8,      4,     10,      5,      4,.,     12,      7,      8,     66,     57,      0,      0,      0,      0,      0,      0,      0,      0,      0,      0,      0,      0,      0,      0,    38.0,    65.1,    58.0,    77.5,    34.6,    63.8,    53.9,    72.4,    38.0,    65.1,    58.0,    77.5,    34.6,    63.8,    53.9,    72.4,     0.0,     0.0,     0.0,     0.0,     0.0,     0.0,     0.0,     0.0,(Contracts of about 352 MWh),0643DC,IFED,064 ,N16,FutOnly
PJM WESTERN HUB RT PEAK MINI - ICE FUTURES ENERGY DIV,261006,2026-10-06,0643DF,IFED,01,064 ,  393216,  197895,  149800,   18285,   49684,   18958,   74464,   21716,   38258,   18841,   88525,   25222,  391923,  392163,    1293,    1053,  393216,  197895,  149800,   18285,   49684,   18958,   74464,   21716,   38258,   18841,   88525,   25222,  391923,  392163,    1293,    1053,       0,       0,       0,       0,       0,       0,       0,       0,       0,       0,       0,       0,       0,       0,       0,       0,   -5144,   -8132,   -7835,    2095,   -3474,    2504,    4811,    5824,   -3535,   -1128,    3522,   -1919,   -5304,   -4913,     160,    -231,  100.0,   50.3,   38.1,    4.7,   12.6,    4.8,   18.9,    5.5,    9.7,    4.8,   22.5,    6.4,   99.7,   99.7,    0.3,    0.3,  100.0,   50.3,   38.1,    4.7,   12.6,    4.8,   18.9,    5.5,    9.7,    4.8,   22.5,    6.4,   99.7,   99.7,    0.3,    0.3,  100.0,    0.0,    0.0,    0.0,    0.0,    0.0,    0.0,    0.0,    0.0,    0.0,    0.0,    0.0,    0.0,    0.0,    0.0,    0.0,    126,     40,     38,.,      9,     10,     32,      7,     18,     16,     14,     21,    113,     95,    126,     40,     38,.,      9,     10,     32,      7,     18,     16,     14,     21,    113,     95,      0,      0,      0,      0,      0,      0,      0,      0,      0,      0,      0,      0,      0,      0,    22.5,    35.1,    37.9,    51.1,    19.1,    30.3,    30.4,    40.4,    22.5,    35.1,    37.9,    51.1,    19.1,    30.3,    30.4,    40.4,     0.0,     0.0,     0.0,     0.0,     0.0,     0.0,     0.0,     0.0,(1 MW per peak hour),0643DF,IFED,064 ,N16,FutOnly
MISO ARKANSAS DA PEAK FIXED - ICE FUTURES ENERGY DIV,261006,2026-10-06,0643F9,IFED,01,064 ,    7224,    6721,    2905,      50,    4049,      50,     250,       0,      25,     100,     160,       0,    7196,    7189,      28,      35,    7224,    6721,    2905,      50,    4049,      50,     250,       0,      25,     100,     160,       0,    7196,    7189,      28,      35,       0,       0,       0,       0,       0,       0,       0,       0,       0,       0,       0,       0,       0,       0,       0,       0,      65,      35,      65,       0,     -30,      30,       0,       0,       0,       0,       0,       0,      65,      65,       0,       0,  100.0,   93.0,   40.2,    0.7,   56.0,    0.7,    3.5,    0.0,    0.3,    1.4,    2.2,    0.0,   99.6,   99.5,    0.4,    0.5,  100.0,   93.0,   40.2,    0.7,   56.0,    0.7,    3.5,    0.0,    0.3,    1.4,    2.2,    0.0,   99.6,   99.5,    0.4,    0.5,  100.0,    0.0,    0.0,    0.0,    0.0,    0.0,    0.0,    0.0,    0.0,    0.0,    0.0,    0.0,    0.0,    0.0,    0.0,    0.0,     20,     12,     10,.,.,.,.,      0,.,.,.,      0,     16,     15,     20,     12,     10,.,.,.,.,      0,.,.,.,      0,     16,     15,      0,      0,      0,      0,      0,      0,      0,      0,      0,      0,      0,      0,      0,      0,    74.8,    85.4,    89.4,    94.3,    66.5,    72.8,    75.4,    77.6,    74.8,    85.4,    89.4,    94.3,    66.5,    72.8,    75.4,    77.6,     0.0,     0.0,     0.0,     0.0,     0.0,     0.0,     0.0,     0.0,1 MW,0643F9,IFED,064 ,N16,FutOnly
CAISO SP-15 PEAK 0900-1600 HE - ICE FUTURES ENERGY DIV,261006,2026-10-06,0643HS,IFED,01,064 ,   20616,    9146,   19496,    6633,       0,       0,    3597,       0,     665,     555,     365,       0,   20596,   20526,      20,      90,   20616,    9146,   19496,    6633,       0,       0,    3597,       0,     665,     555,     365,       0,   20596,   20526,      20,      90,       0,       0,       0,       0,       0,       0,       0,       0,       0,       0,       0,       0,       0,       0,       0,       0,    -700,    -355,    -520,    -380,       0,       0,      75,       0,     -70,     150,       0,    -110,    -690,    -700,     -10,       0,  100.0,   44.4,   94.6,   32.2,    0.0,    0.0,   17.4,    0.0,    3.2,    2.7,    1.8,    0.0,   99.9,   99.6,    0.1,    0.4,  100.0,   44.4,   94.6,   32.2,    0.0,    0.0,   17.4,    0.0,    3.2,    2.7,    1.8,    0.0,   99.9,   99.6,    0.1,    0.4,  100.0,    0.0,    0.0,    0.0,    0.0,    0.0,    0.0,    0.0,    0.0,    0.0,    0.0,    0.0,    0.0,    0.0,    0.0,    0.0,     21,      9,      8,.,      0,      0,.,      0,.,.,.,      0,     16,     11,     21,      9,      8,.,      0,      0,.,      0,.,.,.,      0,     16,     11,      0,      0,      0,      0,      0,      0,      0,      0,      0,      0,      0,      0,      0,      0,    62.9,    89.1,    93.5,    97.6,    62.4,    89.0,    89.7,    93.4,    62.9,    89.1,    93.5,    97.6,    62.4,    89.0,    89.7,    93.4,     0.0,     0.0,     0.0,     0.0,     0.0,     0.0,     0.0,     0.0,368 MWh,0643HS,IFED,064 ,N16,FutOnly
ERCOT N 345KV REAL T PK DALY M - ICE FUTURES ENERGY DIV,261006,2026-10-06,0643IB,IFED,01,064 ,   10897,    5787,    6417,    1080,     190,      50,    1845,     645,     280,    1075,    2520,     335,   10452,   10437,     445,     460,   10897,    5787,    6417,    1080,     190,      50,    1845,     645,     280,    1075,    2520,     335,   10452,   10437,     445,     460,       0,       0,       0,       0,       0,       0,       0,       0,       0,       0,       0,       0,       0,       0,       0,       0,     237,    2027,    1547,    -795,     -60,      50,   -1215,     325,     115,     500,   -1450,    -300,     382,     227,    -145,      10,  100.0,   53.1,   58.9,    9.9,    1.7,    0.5,   16.9,    5.9,    2.6,    9.9,   23.1,    3.1,   95.9,   95.8,    4.1,    4.2,  100.0,   53.1,   58.9,    9.9,    1.7,    0.5,   16.9,    5.9,    2.6,    9.9,   23.1,    3.1,   95.9,   95.8,    4.1,    4.2,  100.0,    0.0,    0.0,    0.0,    0.0,    0.0,    0.0,    0.0,    0.0,    0.0,    0.0,    0.0,    0.0,    0.0,    0.0,    0.0,     52,     21,     21,.,.,.,      4,      4,.,      4,      9,      5,     39,     39,     52,     21,     21,.,.,.,      4,      4,.,      4,      9,      5,     39,     39,      0,      0,      0,      0,      0,      0,      0,      0,      0,      0,      0,      0,      0,      0,    53.3,    45.7,    69.9,    60.5,    51.1,    45.1,    65.4,    58.2,    53.3,    45.7,    69.9,    60.5,    51.1,    45.1,    65.4,    58.2,     0.0,     0.0,     0.0,     0.0,     0.0,     0.0,     0.0,     0.0,(240 MW = 15 Hours X 16 MWh),0643IB,IFED,064 ,N16,FutOnly
ERCOT N 345KV REAL T PK 2x16 - ICE FUTURES ENERGY DIV,261006,2026-10-06,0643ID,IFED,01,064 ,  136939,   97492,  102413,    8042,    9912,    9486,    8580,    3786,     420,   10659,    9017,    1728,  136407,  136762,     532,     177,  136939,   97492,  102413,    8042,    9912,    9486,    8580,    3786,     420,   10659,    9017,    1728,  136407,  136762,     532,     177,       0,       0,       0,       0,       0,       0,       0,       0,       0,       0,       0,       0,       0,       0,       0,       0,    1585,     389,    1396,      30,   -1772,    1166,       0,     585,       0,       0,     210,       0,    1585,    1585,       0,       0,  100.0,   71.2,   74.8,    5.9,    7.2,    6.9,    6.3,    2.8,    0.3,    7.8,    6.6,    1.3,   99.6,   99.9,    0.4,    0.1,  100.0,   71.2,   74.8,    5.9,    7.2,    6.9,    6.3,    2.8,    0.3,    7.8,    6.6,    1.3,   99.6,   99.9,    0.4,    0.1,  100.0,    0.0,    0.0,    0.0,    0.0,    0.0,    0.0,    0.0,    0.0,    0.0,    0.0,    0.0,    0.0,    0.0,    0.0,    0.0,     68,     34,     30,.,      4,      6,      5,      4,      5,      7,      6,      8,     57,     54,     68,     34,     30,.,      4,      6,      5,      4,      5,      7,      6,      8,     57,     54,      0,      0,      0,      0,      0,      0,      0,      0,      0,      0,      0,      0,      0,      0,    43.3,    36.2,    63.5,    59.8,    37.2,    28.0,    53.6,    44.8,    43.3,    36.2,    63.5,    59.8,    37.2,    28.0,    53.6,    44.8,     0.0,     0.0,     0.0,     0.0,     0.0,     0.0,     0.0,     0.0,(1MW for about 352 Hours),0643ID,IFED,064 ,N16,FutOnly
ERCOT North 345KV Hub RT 7x8 - ICE FUTURES ENERGY DIV,261006,2026-10-06,0643IK,IFED,01,064 ,  285043,  110729,  220306,    4650,   33598,   10106,  127182,    2904,    9785,   16708,    3020,    5013,  284173,  284732,     870,     311,  285043,  110729,  220306,    4650,   33598,   10106,  127182,    2904,    9785,   16708,    3020,    5013,  284173,  284732,     870,     311,       0,       0,       0,       0,       0,       0,       0,       0,       0,       0,       0,       0,       0,       0,       0,       0,    5949,    2603,    4954,      50,    -460,     640,     979,     286,     720,     926,    -238,      47,    5965,    5949,     -16,       0,  100.0,   38.8,   77.3,    1.6,   11.8,    3.5,   44.6,    1.0,    3.4,    5.9,    1.1,    1.8,   99.7,   99.9,    0.3,    0.1,  100.0,   38.8,   77.3,    1.6,   11.8,    3.5,   44.6,    1.0,    3.4,    5.9,    1.1,    1.8,   99.7,   99.9,    0.3,    0.1,  100.0,    0.0,    0.0,    0.0,    0.0,    0.0,    0.0,    0.0,    0.0,    0.0,    0.0,    0.0,    0.0,    0.0,    0.0,    0.0,     67,     26,     29,.,      5,      5,      7,      4,      6,     10,      5,     10,     55,     53,     67,     26,     29,.,      5,      5,      7,      4,      6,     10,      5,     10,     55,     53,      0,      0,      0,      0,      0,      0,      0,      0,      0,      0,      0,      0,      0,      0,    60.2,    50.9,    72.3,    70.5,    51.9,    49.5,    60.7,    63.7,    60.2,    50.9,    72.3,    70.5,    51.9,    49.5,    60.7,    63.7,     0.0,     0.0,     0.0,     0.0,     0.0,     0.0,     0.0,     0.0,(1MW for about 352 Hours),0643IK,IFED,064 ,N16,FutOnly
ERCOT Houston 345KV Hub RT 7x8 - ICE FUTURES ENERGY DIV,261006,2026-10-06,0643IL,IFED,01,064 ,   14695,   12775,   10195,    1820,    4380,       0,       0,       0,       0,     100,       0,       0,   14695,   14575,       0,     120,   14695,   12775,   10195,    1820,    4380,       0,       0,       0,       0,     100,       0,       0,   14695,   14575,       0,     120,       0,       0,       0,       0,       0,       0,       0,       0,       0,       0,       0,       0,       0,       0,       0,       0,       0,       0,       0,       0,       0,       0,       0,       0,       0,       0,       0,       0,       0,       0,       0,       0,  100.0,   86.9,   69.4,   12.4,   29.8,    0.0,    0.0,    0.0,    0.0,    0.7,    0.0,    0.0,  100.0,   99.2,    0.0,    0.8,  100.0,   86.9,   69.4,   12.4,   29.8,    0.0,    0.0,    0.0,    0.0,    0.7,    0.0,    0.0,  100.0,   99.2,    0.0,    0.8,  100.0,    0.0,    0.0,    0.0,    0.0,    0.0,    0.0,    0.0,    0.0,    0.0,    0.0,    0.0,    0.0,    0.0,    0.0,    0.0,     21,     10,      8,.,.,      0,      0,      0,      0,.,      0,      0,     14,     10,     21,     10,      8,.,.,      0,      0,      0,      0,.,      0,      0,     14,     10,      0,      0,      0,      0,      0,      0,      0,      0,      0,      0,      0,      0,      0,      0,    81.0,    57.7,    95.8,    92.2,    76.9,    57.7,    91.7,    91.8,    81.0,    57.7,    95.8,    92.2,    76.9,    57.7,    91.7,    91.8,     0.0,     0.0,     0.0,     0.0,     0.0,     0.0,     0.0,     0.0,(1MW for about 352 Hours),0643IL,IFED,064 ,N16,FutOnly
ISONE.H.INTERNAL_HUB_mo_on_dap - NODAL EXCHANGE,261006,2026-10-06,064AAA,NODX,01,064 ,   77111,   53636,   52117,       0,   11236,     389,     755,    1350,     120,   11167,     760,     135,   66202,   66107,   10909,   11004,   77111,   53636,   52117,       0,   11236,     389,     755,    1350,     120,   11167,     760,     135,   66202,   66107,   10909,   11004,       0,       0,       0,       0,       0,       0,       0,       0,       0,       0,       0,       0,       0,       0,       0,       0,   -4263,   -2252,   -3554,       0,     -96,      31,    -195,    -230,       0,   -1371,      55,     -80,   -3867,   -3874,    -396,    -389,  100.0,   69.6,   67.6,    0.0,   14.6,    0.5,    1.0,    1.8,    0.2,   14.5,    1.0,    0.2,   85.9,   85.7,   14.1,   14.3,  100.0,   69.6,   67.6,    0.0,   14.6,    0.5,    1.0,    1.8,    0.2,   14.5,    1.0,    0.2,   85.9,   85.7,   14.1,   14.3,  100.0,    0.0,    0.0,    0.0,    0.0,    0.0,    0.0,    0.0,    0.0,    0.0,    0.0,    0.0,    0.0,    0.0,    0.0,    0.0,     32,     17,     18,      0,      6,      4,.,.,.,.,.,.,     26,     27,     32,     17,     18,      0,      6,      4,.,.,.,.,.,.,     26,     27,      0,      0,      0,      0,      0,      0,      0,      0,      0,      0,      0,      0,      0,      0,    64.5,    50.2,    77.4,    65.6,    63.1,    45.3,    70.9,    58.4,    64.5,    50.2,    77.4,    65.6,    63.1,    45.3,    70.9,    58.4,     0.0,     0.0,     0.0,     0.0,     0.0,     0.0,     0.0,     0.0,(Contracts of 400 MWh),064AAA,NODX,064 ,N16,FutOnly
ISONE.H.INTERNAL_HB_mo_off_dap - NODAL EXCHANGE,261006,2026-10-06,064AAB,NODX,01,064 ,   72929,   50350,   48322,       0,   10853,     917,     690,    1870,     145,   11245,     958,      60,   63407,   63125,    9522,    9804,   72929,   50350,   48322,       0,   10853,     917,     690,    1870,     145,   11245,     958,      60,   63407,   63125,    9522,    9804,       0,       0,       0,       0,       0,       0,       0,       0,       0,       0,       0,       0,       0,       0,       0,       0,   -3584,   -2008,   -2963,       0,    -336,      10,    -145,    -105,     -25,   -1231,      35,     -60,   -3459,   -3444,    -125,    -140,  100.0,   69.0,   66.3,    0.0,   14.9,    1.3,    0.9,    2.6,    0.2,   15.4,    1.3,    0.1,   86.9,   86.6,   13.1,   13.4,  100.0,   69.0,   66.3,    0.0,   14.9,    1.3,    0.9,    2.6,    0.2,   15.4,    1.3,    0.1,   86.9,   86.6,   13.1,   13.4,  100.0,    0.0,    0.0,    0.0,    0.0,    0.0,    0.0,    0.0,    0.0,    0.0,    0.0,    0.0,    0.0,    0.0,    0.0,    0.0,     32,     17,     18,      0,      6,      4,.,.,.,.,.,.,     26,     27,     32,     17,     18,      0,      6,      4,.,.,.,.,.,.,     26,     27,      0,      0,      0,      0,      0,      0,      0,      0,      0,      0,      0,      0,      0,      0,    63.8,    47.7,    78.4,    63.5,    61.7,    44.5,    71.7,    56.5,    63.8,    47.7,    78.4,    63.5,    61.7,    44.5,    71.7,    56.5,     0.0,     0.0,     0.0,     0.0,     0.0,     0.0,     0.0,     0.0,(Contracts of 400 MWh),064AAB,NODX,064 ,N16,FutOnly
MISO.INDIANA.HUB_month_on_dap - NODAL EXCHANGE,261006,2026-10-06,064BFI,NODX,01,064 ,   23804,   14554,   14313,    2485,     701,    1055,     100,     488,     180,       0,    1440,    1075,   19449,   19252,    4355,    4552,   23804,   14554,   14313,    2485,     701,    1055,     100,     488,     180,       0,    1440,    1075,   19449,   19252,    4355,    4552,       0,       0,       0,       0,       0,       0,       0,       0,       0,       0,       0,       0,       0,       0,       0,       0,     950,     950,     460,       0,       0,       0,       0,       0,       0,       0,     550,       0,     950,    1010,       0,     -60,  100.0,   61.1,   60.1,   10.4,    2.9,    4.4,    0.4,    2.0,    0.8,    0.0,    6.0,    4.5,   81.7,   80.9,   18.3,   19.1,  100.0,   61.1,   60.1,   10.4,    2.9,    4.4,    0.4,    2.0,    0.8,    0.0,    6.0,    4.5,   81.7,   80.9,   18.3,   19.1,  100.0,    0.0,    0.0,    0.0,    0.0,    0.0,    0.0,    0.0,    0.0,    0.0,    0.0,    0.0,    0.0,    0.0,    0.0,    0.0,     26,     12,     15,.,.,      4,.,.,.,      0,.,.,     19,     22,     26,     12,     15,.,.,      4,.,.,.,      0,.,.,     19,     22,      0,      0,      0,      0,      0,      0,      0,      0,      0,      0,      0,      0,      0,      0,    45.6,    54.7,    67.2,    67.3,    42.6,    45.9,    57.3,    53.7,    45.6,    54.7,    67.2,    67.3,    42.6,    45.9,    57.3,    53.7,     0.0,     0.0,     0.0,     0.0,     0.0,     0.0,     0.0,     0.0,Megawatt Hours (MWh),064BFI,NODX,064 ,N16,FutOnly
MISO.INDIANA.HUB_month_off_dap - NODAL EXCHANGE,261006,2026-10-06,064BFJ,NODX,01,064 ,   23567,   14762,   14402,    1481,     275,    1629,     100,     687,     180,       0,     842,    1215,   19367,   19230,    4200,    4337,   23567,   14762,   14402,    1481,     275,    1629,     100,     687,     180,       0,     842,    1215,   19367,   19230,    4200,    4337,       0,       0,       0,       0,       0,       0,       0,       0,       0,       0,       0,       0,       0,       0,       0,       0,     660,     900,      50,       0,       0,       0,       0,       0,       0,       0,     550,       0,     900,     600,    -240,      60,  100.0,   62.6,   61.1,    6.3,    1.2,    6.9,    0.4,    2.9,    0.8,    0.0,    3.6,    5.2,   82.2,   81.6,   17.8,   18.4,  100.0,   62.6,   61.1,    6.3,    1.2,    6.9,    0.4,    2.9,    0.8,    0.0,    3.6,    5.2,   82.2,   81.6,   17.8,   18.4,  100.0,    0.0,    0.0,    0.0,    0.0,    0.0,    0.0,    0.0,    0.0,    0.0,    0.0,    0.0,    0.0,    0.0,    0.0,    0.0,     26,     13,     14,.,      4,      4,.,.,.,      0,.,.,     20,     22,     26,     13,     14,.,      4,      4,.,.,.,      0,.,.,     20,     22,      0,      0,      0,      0,      0,      0,      0,      0,      0,      0,      0,      0,      0,      0,    45.7,    52.6,    68.0,    67.1,    41.5,    44.3,    53.2,    53.7,    45.7,    52.6,    68.0,    67.1,    41.5,    44.3,    53.2,    53.7,     0.0,     0.0,     0.0,     0.0,     0.0,     0.0,     0.0,     0.0,Megawatt Hours (MWh),064BFJ,NODX,064 ,N16,FutOnly
NYISO.CENTRL_month_on_dap - NODAL EXCHANGE,261006,2026-10-06,064CTQ,NODX,01,064 ,   36343,   16994,   32653,    5674,    1990,     775,      50,      20,     100,   11157,       0,       0,   34750,   35538,    1593,     805,   36343,   16994,   32653,    5674,    1990,     775,      50,      20,     100,   11157,       0,       0,   34750,   35538,    1593,     805,       0,       0,       0,       0,       0,       0,       0,       0,       0,       0,       0,       0,       0,       0,       0,       0,     540,    1320,     240,    -300,     180,       0,       0,       0,       0,    -600,       0,       0,     420,     420,     120,     120,  100.0,   46.8,   89.8,   15.6,    5.5,    2.1,    0.1,    0.1,    0.3,   30.7,    0.0,    0.0,   95.6,   97.8,    4.4,    2.2,  100.0,   46.8,   89.8,   15.6,    5.5,    2.1,    0.1,    0.1,    0.3,   30.7,    0.0,    0.0,   95.6,   97.8,    4.4,    2.2,  100.0,    0.0,    0.0,    0.0,    0.0,    0.0,    0.0,    0.0,    0.0,    0.0,    0.0,    0.0,    0.0,    0.0,    0.0,    0.0,     23,     12,      4,.,.,      4,.,.,.,.,      0,      0,     20,     10,     23,     12,      4,.,.,      4,.,.,.,.,      0,      0,     20,     10,      0,      0,      0,      0,      0,      0,      0,      0,      0,      0,      0,      0,      0,      0,    67.1,    96.4,    82.8,    97.7,    66.6,    94.9,    82.3,    95.2,    67.1,    96.4,    82.8,    97.7,    66.6,    94.9,    82.3,    95.2,     0.0,     0.0,     0.0,     0.0,     0.0,     0.0,     0.0,     0.0,Megawatt Hours (MWh),064CTQ,NODX,064 ,N16,FutOnly
NYISO.CENTRL_month_off_dap - NODAL EXCHANGE,261006,2026-10-06,064CTR,NODX,01,064 ,   33249,   15250,   31339,    5759,     635,     510,      50,      20,     100,    9875,       0,       0,   31544,   32604,    1705,     645,   33249,   15250,   31339,    5759,     635,     510,      50,      20,     100,    9875,       0,       0,   31544,   32604,    1705,     645,       0,       0,       0,       0,       0,       0,       0,       0,       0,       0,       0,       0,       0,       0,       0,       0,     540,    1285,     240,    -300,     180,       0,       0,       0,       0,    -600,       0,       0,     385,     420,     155,     120,  100.0,   45.9,   94.3,   17.3,    1.9,    1.5,    0.2,    0.1,    0.3,   29.7,    0.0,    0.0,   94.9,   98.1,    5.1,    1.9,  100.0,   45.9,   94.3,   17.3,    1.9,    1.5,    0.2,    0.1,    0.3,   29.7,    0.0,    0.0,   94.9,   98.1,    5.1,    1.9,  100.0,    0.0,    0.0,    0.0,    0.0,    0.0,    0.0,    0.0,    0.0,    0.0,    0.0,    0.0,    0.0,    0.0,    0.0,    0.0,     23,     12,      4,      4,.,      4,.,.,.,.,      0,      0,     20,     10,     23,     12,      4,      4,.,      4,.,.,.,.,      0,      0,     20,     10,      0,      0,      0,      0,      0,      0,      0,      0,      0,      0,      0,      0,      0,      0,    68.3,    95.8,    85.3,    97.9,    67.8,    95.4,    84.8,    95.4,    68.3,    95.8,    85.3,    97.9,    67.8,    95.4,    84.8,    95.4,     0.0,     0.0,     0.0,     0.0,     0.0,     0.0,     0.0,     0.0,Megawatt Hours (MWh),064CTR,NODX,064 ,N16,FutOnly
NYISO.HUD VL_month_on_dap - NODAL EXCHANGE,261006,2026-10-06,064CXO,NODX,01,064 ,   40265,   26393,   14117,    1705,    8652,    2650,     840,    1020,    1440,     300,    5876,     320,   33648,   34075,    6617,    6190,   40265,   26393,   14117,    1705,    8652,    2650,     840,    1020,    1440,     300,    5876,     320,   33648,   34075,    6617,    6190,       0,       0,       0,       0,       0,       0,       0,       0,       0,       0,       0,       0,       0,       0,       0,       0,     270,    -299,     628,     175,    -990,     -75,       0,       0,       0,       0,     580,      50,    -149,     193,     419,      77,  100.0,   65.5,   35.1,    4.2,   21.5,    6.6,    2.1,    2.5,    3.6,    0.7,   14.6,    0.8,   83.6,   84.6,   16.4,   15.4,  100.0,   65.5,   35.1,    4.2,   21.5,    6.6,    2.1,    2.5,    3.6,    0.7,   14.6,    0.8,   83.6,   84.6,   16.4,   15.4,  100.0,    0.0,    0.0,    0.0,    0.0,    0.0,    0.0,    0.0,    0.0,    0.0,    0.0,    0.0,    0.0,    0.0,    0.0,    0.0,     32,     17,     11,.,      4,      6,.,.,.,.,.,.,     28,     23,     32,     17,     11,.,      4,      6,.,.,.,.,.,.,     28,     23,      0,      0,      0,      0,      0,      0,      0,      0,      0,      0,      0,      0,      0,      0,    34.1,    46.7,    54.5,    64.8,    33.7,    43.7,    49.6,    56.4,    34.1,    46.7,    54.5,    64.8,    33.7,    43.7,    49.6,    56.4,     0.0,     0.0,     0.0,     0.0,     0.0,     0.0,     0.0,     0.0,Megawatt Hours (MWh),064CXO,NODX,064 ,N16,FutOnly
NYISO.HUD VL_month_off_dap - NODAL EXCHANGE,261006,2026-10-06,064CXP,NODX,01,064 ,   38939,   25794,   13725,    1948,    8496,    2208,     740,     955,    1180,     300,    6095,     349,   32519,   33008,    6420,    5931,   38939,   25794,   13725,    1948,    8496,    2208,     740,     955,    1180,     300,    6095,     349,   32519,   33008,    6420,    5931,       0,       0,       0,       0,       0,       0,       0,       0,       0,       0,       0,       0,       0,       0,       0,       0,     459,    -300,     554,     490,    -645,    -210,       0,       0,       0,       0,     580,      50,      30,     329,     429,     130,  100.0,   66.2,   35.2,    5.0,   21.8,    5.7,    1.9,    2.5,    3.0,    0.8,   15.7,    0.9,   83.5,   84.8,   16.5,   15.2,  100.0,   66.2,   35.2,    5.0,   21.8,    5.7,    1.9,    2.5,    3.0,    0.8,   15.7,    0.9,   83.5,   84.8,   16.5,   15.2,  100.0,    0.0,    0.0,    0.0,    0.0,    0.0,    0.0,    0.0,    0.0,    0.0,    0.0,    0.0,    0.0,    0.0,    0.0,    0.0,     32,     17,     13,      4,.,      6,.,.,.,.,.,.,     27,     25,     32,     17,     13,      4,.,      6,.,.,.,.,.,.,     27,     25,      0,      0,      0,      0,      0,      0,      0,      0,      0,      0,      0,      0,      0,      0,    35.7,    48.2,    53.6,    67.0,    35.3,    44.9,    48.7,    57.3,    35.7,    48.2,    53.6,    67.0,    35.3,    44.9,    48.7,    57.3,     0.0,     0.0,     0.0,     0.0,     0.0,     0.0,     0.0,     0.0,Megawatt Hours (MWh),064CXP,NODX,064 ,N16,FutOnly
NYISO.N.Y.C._month_on_dap - NODAL EXCHANGE,261006,2026-10-06,064CZS,NODX,01,064 ,   29628,   16598,   24339,    6271,     175,     820,       0,     300,       0,    1856,     300,     189,   25734,   26123,    3894,    3505,   29628,   16598,   24339,    6271,     175,     820,       0,     300,       0,    1856,     300,     189,   25734,   26123,    3894,    3505,       0,       0,       0,       0,       0,       0,       0,       0,       0,       0,       0,       0,       0,       0,       0,       0,     115,     140,    -115,    -480,     175,    -245,       0,       0,       0,     480,       0,       0,    -105,    -185,     220,     300,  100.0,   56.0,   82.1,   21.2,    0.6,    2.8,    0.0,    1.0,    0.0,    6.3,    1.0,    0.6,   86.9,   88.2,   13.1,   11.8,  100.0,   56.0,   82.1,   21.2,    0.6,    2.8,    0.0,    1.0,    0.0,    6.3,    1.0,    0.6,   86.9,   88.2,   13.1,   11.8,  100.0,    0.0,    0.0,    0.0,    0.0,    0.0,    0.0,    0.0,    0.0,    0.0,    0.0,    0.0,    0.0,    0.0,    0.0,    0.0,     28,     12,     14,      5,.,.,      0,.,      0,.,.,.,     20,     20,     28,     12,     14,      5,.,.,      0,.,      0,.,.,.,     20,     20,      0,      0,      0,      0,      0,      0,      0,      0,      0,      0,      0,      0,      0,      0,    56.9,    56.7,    73.9,    78.7,    56.9,    56.7,    70.1,    77.0,    56.9,    56.7,    73.9,    78.7,    56.9,    56.7,    70.1,    77.0,     0.0,     0.0,     0.0,     0.0,     0.0,     0.0,     0.0,     0.0,Megawatt Hours (MWh),064CZS,NODX,064 ,N16,FutOnly
NYISO.N.Y.C._month_off_dap - NODAL EXCHANGE,261006,2026-10-06,064CZT,NODX,01,064 ,   29198,   15790,   24044,    6541,       0,     885,       0,     300,       0,    1736,     300,     179,   25131,   25708,    4067,    3490,   29198,   15790,   24044,    6541,       0,     885,       0,     300,       0,    1736,     300,     179,   25131,   25708,    4067,    3490,       0,       0,       0,       0,       0,       0,       0,       0,       0,       0,       0,       0,       0,       0,       0,       0,      10,      20,    -235,    -655,       0,     -55,       0,       0,       0,     480,       0,       0,    -210,    -290,     220,     300,  100.0,   54.1,   82.3,   22.4,    0.0,    3.0,    0.0,    1.0,    0.0,    5.9,    1.0,    0.6,   86.1,   88.0,   13.9,   12.0,  100.0,   54.1,   82.3,   22.4,    0.0,    3.0,    0.0,    1.0,    0.0,    5.9,    1.0,    0.6,   86.1,   88.0,   13.9,   12.0,  100.0,    0.0,    0.0,    0.0,    0.0,    0.0,    0.0,    0.0,    0.0,    0.0,    0.0,    0.0,    0.0,    0.0,    0.0,    0.0,     27,     10,     13,      5,      0,.,      0,.,      0,.,.,.,     18,     19,     27,     10,     13,      5,      0,.,      0,.,      0,.,.,.,     18,     19,      0,      0,      0,      0,      0,      0,      0,      0,      0,      0,      0,      0,      0,      0,    57.0,    55.3,    74.4,    78.8,    57.0,    55.3,    70.7,    77.5,    57.0,    55.3,    74.4,    78.8,    57.0,    55.3,    70.7,    77.5,     0.0,     0.0,     0.0,     0.0,     0.0,     0.0,     0.0,     0.0,Megawatt Hours (MWh),064CZT,NODX,064 ,N16,FutOnly
NYISO.WEST_month_on_dap - NODAL EXCHANGE,261006,2026-10-06,064DEU,NODX,01,064 ,   38168,   31881,   25211,    2018,    6064,    1448,       0,     165,       0,       0,    2832,     613,   35960,   36333,    2208,    1835,   38168,   31881,   25211,    2018,    6064,    1448,       0,     165,       0,       0,    2832,     613,   35960,   36333,    2208,    1835,       0,       0,       0,       0,       0,       0,       0,       0,       0,       0,       0,       0,       0,       0,       0,       0,     306,     996,    1515,   -1365,    -295,     635,       0,    -120,       0,       0,   -1530,      90,     356,     295,     -50,      11,  100.0,   83.5,   66.1,    5.3,   15.9,    3.8,    0.0,    0.4,    0.0,    0.0,    7.4,    1.6,   94.2,   95.2,    5.8,    4.8,  100.0,   83.5,   66.1,    5.3,   15.9,    3.8,    0.0,    0.4,    0.0,    0.0,    7.4,    1.6,   94.2,   95.2,    5.8,    4.8,  100.0,    0.0,    0.0,    0.0,    0.0,    0.0,    0.0,    0.0,    0.0,    0.0,    0.0,    0.0,    0.0,    0.0,    0.0,    0.0,     30,     12,     14,      4,.,      5,      0,.,      0,      0,.,.,     20,     23,     30,     12,     14,      4,.,      5,      0,.,      0,      0,.,.,     20,     23,      0,      0,      0,      0,      0,      0,      0,      0,      0,      0,      0,      0,      0,      0,    74.0,    50.9,    84.4,    75.0,    68.3,    47.7,    76.1,    70.4,    74.0,    50.9,    84.4,    75.0,    68.3,    47.7,    76.1,    70.4,     0.0,     0.0,     0.0,     0.0,     0.0,     0.0,     0.0,     0.0,Megawatt Hours (MWh),064DEU,NODX,064 ,N16,FutOnly
NYISO.WEST_month_off_dap - NODAL EXCHANGE,261006,2026-10-06,064DEV,NODX,01,064 ,   37523,   30378,   24452,    2497,    6429,    1309,       0,     205,       0,       0,    1961,     934,   35118,   35290,    2405,    2233,   37523,   30378,   24452,    2497,    6429,    1309,       0,     205,       0,       0,    1961,     934,   35118,   35290,    2405,    2233,       0,       0,       0,       0,       0,       0,       0,       0,       0,       0,       0,       0,       0,       0,       0,       0,     389,     732,    1396,   -1165,    -615,     752,       0,    -120,       0,       0,   -1380,      90,     409,     123,     -20,     266,  100.0,   81.0,   65.2,    6.7,   17.1,    3.5,    0.0,    0.5,    0.0,    0.0,    5.2,    2.5,   93.6,   94.0,    6.4,    6.0,  100.0,   81.0,   65.2,    6.7,   17.1,    3.5,    0.0,    0.5,    0.0,    0.0,    5.2,    2.5,   93.6,   94.0,    6.4,    6.0,  100.0,    0.0,    0.0,    0.0,    0.0,    0.0,    0.0,    0.0,    0.0,    0.0,    0.0,    0.0,    0.0,    0.0,    0.0,    0.0,     25,     10,     13,.,.,      5,      0,.,      0,      0,.,.,     17,     22,     25,     10,     13,.,.,      5,      0,.,      0,      0,.,.,     17,     22,      0,      0,      0,      0,      0,      0,      0,      0,      0,      0,      0,      0,      0,      0,    76.8,    54.0,    89.3,    75.6,    71.9,    51.6,    78.5,    70.6,    76.8,    54.0,    89.3,    75.6,    71.9,    51.6,    78.5,    70.6,     0.0,     0.0,     0.0,     0.0,     0.0,     0.0,     0.0,     0.0,Megawatt Hours (MWh),064DEV,NODX,064 ,N16,FutOnly
PJM.AEP_month_on_dap - NODAL EXCHANGE,261006,2026-10-06,064DLQ,NODX,01,064 ,   26264,   16055,   19972,    6039,      90,     420,    1400,       0,       0,     456,    4352,     355,   24725,   25189,    1539,    1075,   26264,   16055,   19972,    6039,      90,     420,    1400,       0,       0,     456,    4352,     355,   24725,   25189,    1539,    1075,       0,       0,       0,       0,       0,       0,       0,       0,       0,       0,       0,       0,       0,       0,       0,       0,   -1584,   -1070,   -1205,    -543,    -240,       0,     -85,       0,       0,     -15,    -294,      25,   -1688,   -1714,     104,     130,  100.0,   61.1,   76.0,   23.0,    0.3,    1.6,    5.3,    0.0,    0.0,    1.7,   16.6,    1.4,   94.1,   95.9,    5.9,    4.1,  100.0,   61.1,   76.0,   23.0,    0.3,    1.6,    5.3,    0.0,    0.0,    1.7,   16.6,    1.4,   94.1,   95.9,    5.9,    4.1,  100.0,    0.0,    0.0,    0.0,    0.0,    0.0,    0.0,    0.0,    0.0,    0.0,    0.0,    0.0,    0.0,    0.0,    0.0,    0.0,     22,     10,.,      4,.,.,.,      0,      0,.,.,.,     19,      7,     22,     10,.,      4,.,.,.,      0,      0,.,.,.,     19,      7,      0,      0,      0,      0,      0,      0,      0,      0,      0,      0,      0,      0,      0,      0,    62.7,    93.9,    78.6,    95.9,    62.7,    92.6,    78.6,    93.0,    62.7,    93.9,    78.6,    95.9,    62.7,    92.6,    78.6,    93.0,     0.0,     0.0,     0.0,     0.0,     0.0,     0.0,     0.0,     0.0,Megawatt Hours (MWh),064DLQ,NODX,064 ,N16,FutOnly
PJM.AEP_month_off_dap - NODAL EXCHANGE,261006,2026-10-06,064DLR,NODX,01,064 ,   26204,   16055,   19912,    5994,      90,     420,    1400,       0,       0,     456,    4352,     355,   24680,   25129,    1524,    1075,   26204,   16055,   19912,    5994,      90,     420,    1400,       0,       0,     456,    4352,     355,   24680,   25129,    1524,    1075,       0,       0,       0,       0,       0,       0,       0,       0,       0,       0,       0,       0,       0,       0,       0,       0,   -1584,   -1070,   -1205,    -548,    -240,       0,     -85,       0,       0,     -15,    -294,      25,   -1693,   -1714,     109,     130,  100.0,   61.3,   76.0,   22.9,    0.3,    1.6,    5.3,    0.0,    0.0,    1.7,   16.6,    1.4,   94.2,   95.9,    5.8,    4.1,  100.0,   61.3,   76.0,   22.9,    0.3,    1.6,    5.3,    0.0,    0.0,    1.7,   16.6,    1.4,   94.2,   95.9,    5.8,    4.1,  100.0,    0.0,    0.0,    0.0,    0.0,    0.0,    0.0,    0.0,    0.0,    0.0,    0.0,    0.0,    0.0,    0.0,    0.0,    0.0,     22,     10,.,      4,.,.,.,      0,      0,.,.,.,     19,      7,     22,     10,.,      4,.,.,.,      0,      0,.,.,.,     19,      7,      0,      0,      0,      0,      0,      0,      0,      0,      0,      0,      0,      0,      0,      0,    62.8,    93.9,    78.6,    95.9,    62.8,    92.6,    78.6,    92.9,    62.8,    93.9,    78.6,    95.9,    62.8,    92.6,    78.6,    92.9,     0.0,     0.0,     0.0,     0.0,     0.0,     0.0,     0.0,     0.0,Megawatt Hours (MWh),064DLR,NODX,064 ,N16,FutOnly
PJM.AEP-DAYTON HUB_mo_on_dap - NODAL EXCHANGE,261006,2026-10-06,064DLW,NODX,01,064 ,   96666,   42433,   41994,    4776,   22737,    4031,    5353,    5040,     105,   20734,    2541,     728,   78160,   77176,   18506,   19490,   96666,   42433,   41994,    4776,   22737,    4031,    5353,    5040,     105,   20734,    2541,     728,   78160,   77176,   18506,   19490,       0,       0,       0,       0,       0,       0,       0,       0,       0,       0,       0,       0,       0,       0,       0,       0,   -5901,   -1512,   -2122,    -640,   -2245,     880,    -241,    -240,       0,   -2107,    -220,     -13,   -3633,   -3960,   -2268,   -1941,  100.0,   43.9,   43.4,    4.9,   23.5,    4.2,    5.5,    5.2,    0.1,   21.4,    2.6,    0.8,   80.9,   79.8,   19.1,   20.2,  100.0,   43.9,   43.4,    4.9,   23.5,    4.2,    5.5,    5.2,    0.1,   21.4,    2.6,    0.8,   80.9,   79.8,   19.1,   20.2,  100.0,    0.0,    0.0,    0.0,    0.0,    0.0,    0.0,    0.0,    0.0,    0.0,    0.0,    0.0,    0.0,    0.0,    0.0,    0.0,     42,     15,     19,.,      6,      5,.,.,.,      5,      4,      4,     30,     34,     42,     15,     19,.,      6,      5,.,.,.,      5,      4,      4,     30,     34,      0,      0,      0,      0,      0,      0,      0,      0,      0,      0,      0,      0,      0,      0,    43.5,    35.3,    60.9,    55.3,    41.7,    33.3,    54.3,    50.5,    43.5,    35.3,    60.9,    55.3,    41.7,    33.3,    54.3,    50.5,     0.0,     0.0,     0.0,     0.0,     0.0,     0.0,     0.0,     0.0,Megawatt Hours (MWh),064DLW,NODX,064 ,N16,FutOnly
PJM.AEP-DAYTON HUB_mo_off_dap - NODAL EXCHANGE,261006,2026-10-06,064DLX,NODX,01,064 ,   93675,   40759,   45095,    4445,   20261,    4034,    4973,    2440,     205,   20883,    2330,     794,   76093,   75159,   17582,   18516,   93675,   40759,   45095,    4445,   20261,    4034,    4973,    2440,     205,   20883,    2330,     794,   76093,   75159,   17582,   18516,       0,       0,       0,       0,       0,       0,       0,       0,       0,       0,       0,       0,       0,       0,       0,       0,   -6072,   -1332,   -2417,    -688,   -1828,     695,     -81,    -190,     -35,   -2232,    -220,     -43,   -3716,   -4038,   -2356,   -2034,  100.0,   43.5,   48.1,    4.7,   21.6,    4.3,    5.3,    2.6,    0.2,   22.3,    2.5,    0.8,   81.2,   80.2,   18.8,   19.8,  100.0,   43.5,   48.1,    4.7,   21.6,    4.3,    5.3,    2.6,    0.2,   22.3,    2.5,    0.8,   81.2,   80.2,   18.8,   19.8,  100.0,    0.0,    0.0,    0.0,    0.0,    0.0,    0.0,    0.0,    0.0,    0.0,    0.0,    0.0,    0.0,    0.0,    0.0,    0.0,     41,     14,     20,.,      5,      5,.,.,.,      5,      4,      4,     29,     34,     41,     14,     20,.,      5,      5,.,.,.,      5,      4,      4,     29,     34,      0,      0,      0,      0,      0,      0,      0,      0,      0,      0,      0,      0,      0,      0,    44.1,    35.4,    63.1,    54.1,    40.4,    33.4,    53.8,    49.1,    44.1,    35.4,    63.1,    54.1,    40.4,    33.4,    53.8,    49.1,     0.0,     0.0,     0.0,     0.0,     0.0,     0.0,     0.0,     0.0,Megawatt Hours (MWh),064DLX,NODX,064 ,N16,FutOnly
PJM.APS_month_on_dap - NODAL EXCHANGE,261006,2026-10-06,064DMY,NODX,01,064 ,   11789,    6553,   10044,     890,     755,     113,    1740,       0,       0,     871,     330,       0,   10167,   11242,    1622,     547,   11789,    6553,   10044,     890,     755,     113,    1740,       0,       0,     871,     330,       0,   10167,   11242,    1622,     547,       0,       0,       0,       0,       0,       0,       0,       0,       0,       0,       0,       0,       0,       0,       0,       0,    -873,    -416,    -806,     -75,      43,     -43,    -135,       0,       0,     -67,     -35,       0,    -736,    -841,    -137,     -32,  100.0,   55.6,   85.2,    7.5,    6.4,    1.0,   14.8,    0.0,    0.0,    7.4,    2.8,    0.0,   86.2,   95.4,   13.8,    4.6,  100.0,   55.6,   85.2,    7.5,    6.4,    1.0,   14.8,    0.0,    0.0,    7.4,    2.8,    0.0,   86.2,   95.4,   13.8,    4.6,  100.0,    0.0,    0.0,    0.0,    0.0,    0.0,    0.0,    0.0,    0.0,    0.0,    0.0,    0.0,    0.0,    0.0,    0.0,    0.0,     20,     11,      6,.,.,.,.,      0,      0,.,.,      0,     16,      8,     20,     11,      6,.,.,.,.,      0,      0,.,.,      0,     16,      8,      0,      0,      0,      0,      0,      0,      0,      0,      0,      0,      0,      0,      0,      0,    43.4,    81.8,    68.2,    95.4,    43.4,    80.9,    68.2,    89.3,    43.4,    81.8,    68.2,    95.4,    43.4,    80.9,    68.2,    89.3,     0.0,     0.0,     0.0,     0.0,     0.0,     0.0,     0.0,     0.0,Megawatt Hours (MWh),064DMY,NODX,064 ,N16,FutOnly
PJM.APS_month_off_dap - NODAL EXCHANGE,261006,2026-10-06,064DMZ,NODX,01,064 ,   11309,    6312,    9564,     890,     755,     113,    1740,       0,       0,     647,     330,       0,    9702,   10762,    1607,     547,   11309,    6312,    9564,     890,     755,     113,    1740,       0,       0,     647,     330,       0,    9702,   10762,    1607,     547,       0,       0,       0,       0,       0,       0,       0,       0,       0,       0,       0,       0,       0,       0,       0,       0,    -825,    -384,    -758,     -75,      43,     -43,    -135,       0,       0,     -51,     -35,       0,    -688,    -793,    -137,     -32,  100.0,   55.8,   84.6,    7.9,    6.7,    1.0,   15.4,    0.0,    0.0,    5.7,    2.9,    0.0,   85.8,   95.2,   14.2,    4.8,  100.0,   55.8,   84.6,    7.9,    6.7,    1.0,   15.4,    0.0,    0.0,    5.7,    2.9,    0.0,   85.8,   95.2,   14.2,    4.8,  100.0,    0.0,    0.0,    0.0,    0.0,    0.0,    0.0,    0.0,    0.0,    0.0,    0.0,    0.0,    0.0,    0.0,    0.0,    0.0,     20,     11,      6,.,.,.,.,      0,      0,.,.,      0,     16,      8,     20,     11,      6,.,.,.,.,      0,      0,.,.,      0,     16,      8,      0,      0,      0,      0,      0,      0,      0,      0,      0,      0,      0,      0,      0,      0,    44.7,    81.9,    68.5,    95.2,    44.7,    80.9,    68.5,    90.4,    44.7,    81.9,    68.5,    95.2,    44.7,    80.9,    68.5,    90.4,     0.0,     0.0,     0.0,     0.0,     0.0,     0.0,     0.0,     0.0,Megawatt Hours (MWh),064DMZ,NODX,064 ,N16,FutOnly
PJM.BGE_month_on_dap - NODAL EXCHANGE,261006,2026-10-06,064DPQ,NODX,01,064 ,   24970,   17715,   20160,    2205,     865,     425,    2730,       0,       0,    1070,    2550,     180,   24325,   24180,     645,     790,   24970,   17715,   20160,    2205,     865,     425,    2730,       0,       0,    1070,    2550,     180,   24325,   24180,     645,     790,       0,       0,       0,       0,       0,       0,       0,       0,       0,       0,       0,       0,       0,       0,       0,       0,   -1535,   -1060,   -1390,    -130,     -40,     -15,     -75,       0,       0,    -170,     -15,     -35,   -1485,   -1495,     -50,     -40,  100.0,   70.9,   80.7,    8.8,    3.5,    1.7,   10.9,    0.0,    0.0,    4.3,   10.2,    0.7,   97.4,   96.8,    2.6,    3.2,  100.0,   70.9,   80.7,    8.8,    3.5,    1.7,   10.9,    0.0,    0.0,    4.3,   10.2,    0.7,   97.4,   96.8,    2.6,    3.2,  100.0,    0.0,    0.0,    0.0,    0.0,    0.0,    0.0,    0.0,    0.0,    0.0,    0.0,    0.0,    0.0,    0.0,    0.0,    0.0,     27,     13,      5,.,.,.,.,      0,      0,.,.,.,     23,     12,     27,     13,      5,.,.,.,.,      0,      0,.,.,.,     23,     12,      0,      0,      0,      0,      0,      0,      0,      0,      0,      0,      0,      0,      0,      0,    57.0,    87.6,    76.2,    93.8,    56.0,    85.9,    74.3,    90.1,    57.0,    87.6,    76.2,    93.8,    56.0,    85.9,    74.3,    90.1,     0.0,     0.0,     0.0,     0.0,     0.0,     0.0,     0.0,     0.0,Megawatt Hours (MWh),064DPQ,NODX,064 ,N16,FutOnly
PJM.BGE_month_off_dap - NODAL EXCHANGE,261006,2026-10-06,064DPR,NODX,01,064 ,   24890,   17520,   19940,    1890,     580,     480,    2730,       0,       0,    1085,    2575,     180,   23885,   23755,    1005,    1135,   24890,   17520,   19940,    1890,     580,     480,    2730,       0,       0,    1085,    2575,     180,   23885,   23755,    1005,    1135,       0,       0,       0,       0,       0,       0,       0,       0,       0,       0,       0,       0,       0,       0,       0,       0,   -1525,   -1050,   -1380,    -130,     -45,     -10,     -75,       0,       0,    -170,     -15,     -35,   -1470,   -1485,     -55,     -40,  100.0,   70.4,   80.1,    7.6,    2.3,    1.9,   11.0,    0.0,    0.0,    4.4,   10.3,    0.7,   96.0,   95.4,    4.0,    4.6,  100.0,   70.4,   80.1,    7.6,    2.3,    1.9,   11.0,    0.0,    0.0,    4.4,   10.3,    0.7,   96.0,   95.4,    4.0,    4.6,  100.0,    0.0,    0.0,    0.0,    0.0,    0.0,    0.0,    0.0,    0.0,    0.0,    0.0,    0.0,    0.0,    0.0,    0.0,    0.0,     27,     13,      5,.,.,.,.,      0,      0,.,.,.,     23,     12,     27,     13,      5,.,.,.,.,      0,      0,.,.,.,     23,     12,      0,      0,      0,      0,      0,      0,      0,      0,      0,      0,      0,      0,      0,      0,    56.4,    87.1,    74.1,    92.8,    55.5,    85.4,    72.2,    88.5,    56.4,    87.1,    74.1,    92.8,    55.5,    85.4,    72.2,    88.5,     0.0,     0.0,     0.0,     0.0,     0.0,     0.0,     0.0,     0.0,Megawatt Hours (MWh),064DPR,NODX,064 ,N16,FutOnly
PJM.DOM_month_on_dap - NODAL EXCHANGE,261006,2026-10-06,064DZS,NODX,01,064 ,   10924,    6220,    5940,    2200,    1330,     514,     935,     620,       0,     375,    1850,      25,   10269,   10279,     655,     645,   10924,    6220,    5940,    2200,    1330,     514,     935,     620,       0,     375,    1850,      25,   10269,   10279,     655,     645,       0,       0,       0,       0,       0,       0,       0,       0,       0,       0,       0,       0,       0,       0,       0,       0,    -955,    -750,    -620,      86,      61,    -211,       0,     -90,       0,     -50,     -25,       0,    -925,    -885,     -30,     -70,  100.0,   56.9,   54.4,   20.1,   12.2,    4.7,    8.6,    5.7,    0.0,    3.4,   16.9,    0.2,   94.0,   94.1,    6.0,    5.9,  100.0,   56.9,   54.4,   20.1,   12.2,    4.7,    8.6,    5.7,    0.0,    3.4,   16.9,    0.2,   94.0,   94.1,    6.0,    5.9,  100.0,    0.0,    0.0,    0.0,    0.0,    0.0,    0.0,    0.0,    0.0,    0.0,    0.0,    0.0,    0.0,    0.0,    0.0,    0.0,     21,      9,      4,.,.,.,.,.,      0,.,.,.,     16,     12,     21,      9,      4,.,.,.,.,.,      0,.,.,.,     16,     12,      0,      0,      0,      0,      0,      0,      0,      0,      0,      0,      0,      0,      0,      0,    59.9,    75.3,    81.4,    89.9,    57.4,    68.7,    76.0,    81.3,    59.9,    75.3,    81.4,    89.9,    57.4,    68.7,    76.0,    81.3,     0.0,     0.0,     0.0,     0.0,     0.0,     0.0,     0.0,     0.0,Megawatt Hours (MWh),064DZS,NODX,064 ,N16,FutOnly
PJM.DOM_month_off_dap - NODAL EXCHANGE,261006,2026-10-06,064DZT,NODX,01,064 ,   11384,    6640,    6375,    2350,    1540,     439,     935,     620,       0,     375,    1850,      25,   10764,   10849,     620,     535,   11384,    6640,    6375,    2350,    1540,     439,     935,     620,       0,     375,    1850,      25,   10764,   10849,     620,     535,       0,       0,       0,       0,       0,       0,       0,       0,       0,       0,       0,       0,       0,       0,       0,       0,    -985,    -775,    -625,      55,      30,    -200,       0,     -90,       0,     -50,     -25,       0,    -970,    -910,     -15,     -75,  100.0,   58.3,   56.0,   20.6,   13.5,    3.9,    8.2,    5.4,    0.0,    3.3,   16.3,    0.2,   94.6,   95.3,    5.4,    4.7,  100.0,   58.3,   56.0,   20.6,   13.5,    3.9,    8.2,    5.4,    0.0,    3.3,   16.3,    0.2,   94.6,   95.3,    5.4,    4.7,  100.0,    0.0,    0.0,    0.0,    0.0,    0.0,    0.0,    0.0,    0.0,    0.0,    0.0,    0.0,    0.0,    0.0,    0.0,    0.0,     22,      9,      4,.,.,.,.,.,      0,.,.,.,     17,     12,     22,      9,      4,.,.,.,.,.,      0,.,.,.,     17,     12,      0,      0,      0,      0,      0,      0,      0,      0,      0,      0,      0,      0,      0,      0,    58.2,    76.1,    82.2,    91.3,    55.8,    69.7,    77.3,    83.7,    58.2,    76.1,    82.2,    91.3,    55.8,    69.7,    77.3,    83.7,     0.0,     0.0,     0.0,     0.0,     0.0,     0.0,     0.0,     0.0,Megawatt Hours (MWh),064DZT,NODX,064 ,N16,FutOnly
PJM.JCPL_month_on_dap - NODAL EXCHANGE,261006,2026-10-06,064EJI,NODX,01,064 ,   44615,   32620,   31985,    2825,    1925,     445,    2700,    4835,       0,    2860,    3095,     135,   41585,   42420,    3030,    2195,   44615,   32620,   31985,    2825,    1925,     445,    2700,    4835,       0,    2860,    3095,     135,   41585,   42420,    3030,    2195,       0,       0,       0,       0,       0,       0,       0,       0,       0,       0,       0,       0,       0,       0,       0,       0,   -3377,    -597,   -3080,     310,    -207,    -190,    -190,    -110,       0,    -860,    1525,    -840,   -2367,   -2902,   -1010,    -475,  100.0,   73.1,   71.7,    6.3,    4.3,    1.0,    6.1,   10.8,    0.0,    6.4,    6.9,    0.3,   93.2,   95.1,    6.8,    4.9,  100.0,   73.1,   71.7,    6.3,    4.3,    1.0,    6.1,   10.8,    0.0,    6.4,    6.9,    0.3,   93.2,   95.1,    6.8,    4.9,  100.0,    0.0,    0.0,    0.0,    0.0,    0.0,    0.0,    0.0,    0.0,    0.0,    0.0,    0.0,    0.0,    0.0,    0.0,    0.0,     31,     15,      8,.,.,      4,.,.,      0,.,.,.,     24,     17,     31,     15,      8,.,.,      4,.,.,      0,.,.,.,     24,     17,      0,      0,      0,      0,      0,      0,      0,      0,      0,      0,      0,      0,      0,      0,    58.2,    81.3,    74.1,    91.5,    57.6,    81.1,    73.2,    91.2,    58.2,    81.3,    74.1,    91.5,    57.6,    81.1,    73.2,    91.2,     0.0,     0.0,     0.0,     0.0,     0.0,     0.0,     0.0,     0.0,Megawatt Hours (MWh),064EJI,NODX,064 ,N16,FutOnly
PJM.JCPL_month_off_dap - NODAL EXCHANGE,261006,2026-10-06,064EJJ,NODX,01,064 ,   41550,   29825,   29925,    1920,    1995,     665,    2700,    4160,       0,    2890,    2490,      60,   38060,   39295,    3490,    2255,   41550,   29825,   29925,    1920,    1995,     665,    2700,    4160,       0,    2890,    2490,      60,   38060,   39295,    3490,    2255,       0,       0,       0,       0,       0,       0,       0,       0,       0,       0,       0,       0,       0,       0,       0,       0,   -3457,    -982,   -3070,     245,    -207,    -280,    -190,    -110,       0,    -860,    1525,    -840,   -2907,   -2982,    -550,    -475,  100.0,   71.8,   72.0,    4.6,    4.8,    1.6,    6.5,   10.0,    0.0,    7.0,    6.0,    0.1,   91.6,   94.6,    8.4,    5.4,  100.0,   71.8,   72.0,    4.6,    4.8,    1.6,    6.5,   10.0,    0.0,    7.0,    6.0,    0.1,   91.6,   94.6,    8.4,    5.4,  100.0,    0.0,    0.0,    0.0,    0.0,    0.0,    0.0,    0.0,    0.0,    0.0,    0.0,    0.0,    0.0,    0.0,    0.0,    0.0,     30,     15,      8,.,.,      4,.,.,      0,.,.,.,     24,     17,     30,     15,      8,.,.,      4,.,.,      0,.,.,.,     24,     17,      0,      0,      0,      0,      0,      0,      0,      0,      0,      0,      0,      0,      0,      0,    57.1,    81.0,    74.1,    90.3,    56.4,    80.9,    73.4,    90.1,    57.1,    81.0,    74.1,    90.3,    56.4,    80.9,    73.4,    90.1,     0.0,     0.0,     0.0,     0.0,     0.0,     0.0,     0.0,     0.0,Megawatt Hours (MWh),064EJJ,NODX,064 ,N16,FutOnly
PJM.METED_month_on_dap - NODAL EXCHANGE,261006,2026-10-06,064EOW,NODX,01,064 ,   10958,    8115,    7589,      25,    1419,     346,       0,     450,     125,     174,      80,     120,    8905,   10129,    2053,     829,   10958,    8115,    7589,      25,    1419,     346,       0,     450,     125,     174,      80,     120,    8905,   10129,    2053,     829,       0,       0,       0,       0,       0,       0,       0,       0,       0,       0,       0,       0,       0,       0,       0,       0,    -881,    -930,    -650,       0,    -118,     -15,     -15,     -20,     -10,      24,     -25,       0,    -946,    -838,      65,     -43,  100.0,   74.1,   69.3,    0.2,   12.9,    3.2,    0.0,    4.1,    1.1,    1.6,    0.7,    1.1,   81.3,   92.4,   18.7,    7.6,  100.0,   74.1,   69.3,    0.2,   12.9,    3.2,    0.0,    4.1,    1.1,    1.6,    0.7,    1.1,   81.3,   92.4,   18.7,    7.6,  100.0,    0.0,    0.0,    0.0,    0.0,    0.0,    0.0,    0.0,    0.0,    0.0,    0.0,    0.0,    0.0,    0.0,    0.0,    0.0,     21,     10,      4,.,.,.,      0,.,.,.,.,.,     17,     10,     21,     10,      4,.,.,.,      0,.,.,.,.,.,     17,     10,      0,      0,      0,      0,      0,      0,      0,      0,      0,      0,      0,      0,      0,      0,    55.5,    75.9,    71.6,    89.4,    55.5,    73.2,    71.1,    84.2,    55.5,    75.9,    71.6,    89.4,    55.5,    73.2,    71.1,    84.2,     0.0,     0.0,     0.0,     0.0,     0.0,     0.0,     0.0,     0.0,Megawatt Hours (MWh),064EOW,NODX,064 ,N16,FutOnly
PJM.METED_month_off_dap - NODAL EXCHANGE,261006,2026-10-06,064EOX,NODX,01,064 ,   11103,    8260,    7749,      25,    1434,     346,       0,     450,     125,     174,      80,     120,    9050,   10304,    2053,     799,   11103,    8260,    7749,      25,    1434,     346,       0,     450,     125,     174,      80,     120,    9050,   10304,    2053,     799,       0,       0,       0,       0,       0,       0,       0,       0,       0,       0,       0,       0,       0,       0,       0,       0,    -858,    -915,    -640,       0,    -123,     -10,     -15,     -20,     -10,      24,     -25,       0,    -926,    -828,      68,     -30,  100.0,   74.4,   69.8,    0.2,   12.9,    3.1,    0.0,    4.1,    1.1,    1.6,    0.7,    1.1,   81.5,   92.8,   18.5,    7.2,  100.0,   74.4,   69.8,    0.2,   12.9,    3.1,    0.0,    4.1,    1.1,    1.6,    0.7,    1.1,   81.5,   92.8,   18.5,    7.2,  100.0,    0.0,    0.0,    0.0,    0.0,    0.0,    0.0,    0.0,    0.0,    0.0,    0.0,    0.0,    0.0,    0.0,    0.0,    0.0,     21,     10,      5,.,.,.,      0,.,.,.,.,.,     17,     11,     21,     10,      5,.,.,.,      0,.,.,.,.,.,     17,     11,      0,      0,      0,      0,      0,      0,      0,      0,      0,      0,      0,      0,      0,      0,    54.1,    75.2,    72.0,    88.6,    52.9,    73.2,    68.2,    81.2,    54.1,    75.2,    72.0,    88.6,    52.9,    73.2,    68.2,    81.2,     0.0,     0.0,     0.0,     0.0,     0.0,     0.0,     0.0,     0.0,Megawatt Hours (MWh),064EOX,NODX,064 ,N16,FutOnly
PJM.N ILLINOIS HUB_mo_on_dap - NODAL EXCHANGE,261006,2026-10-06,064ERM,NODX,01,064 ,   91244,   66414,   74942,   11287,    5260,    3199,     850,     335,       0,    2095,      50,       0,   83845,   83786,    7399,    7458,   91244,   66414,   74942,   11287,    5260,    3199,     850,     335,       0,    2095,      50,       0,   83845,   83786,    7399,    7458,       0,       0,       0,       0,       0,       0,       0,       0,       0,       0,       0,       0,       0,       0,       0,       0,   -2548,    -938,   -1688,   -1030,    -425,       0,       0,       0,       0,    -140,       0,       0,   -2108,   -2113,    -440,    -435,  100.0,   72.8,   82.1,   12.4,    5.8,    3.5,    0.9,    0.4,    0.0,    2.3,    0.1,    0.0,   91.9,   91.8,    8.1,    8.2,  100.0,   72.8,   82.1,   12.4,    5.8,    3.5,    0.9,    0.4,    0.0,    2.3,    0.1,    0.0,   91.9,   91.8,    8.1,    8.2,  100.0,    0.0,    0.0,    0.0,    0.0,    0.0,    0.0,    0.0,    0.0,    0.0,    0.0,    0.0,    0.0,    0.0,    0.0,    0.0,     33,     14,     15,      5,.,      5,.,.,      0,.,.,      0,     24,     23,     33,     14,     15,      5,.,      5,.,.,      0,.,.,      0,     24,     23,      0,      0,      0,      0,      0,      0,      0,      0,      0,      0,      0,      0,      0,      0,    59.9,    74.5,    83.3,    84.2,    57.1,    74.3,    78.1,    82.4,    59.9,    74.5,    83.3,    84.2,    57.1,    74.3,    78.1,    82.4,     0.0,     0.0,     0.0,     0.0,     0.0,     0.0,     0.0,     0.0,Megawatt Hours (MWh),064ERM,NODX,064 ,N16,FutOnly
PJM.N ILLINOIS HUB_mo_off_dap - NODAL EXCHANGE,261006,2026-10-06,064ERN,NODX,01,064 ,   90199,   63594,   74747,   13507,    4795,    2979,     850,     335,       0,    2035,      50,       0,   82965,   82906,    7234,    7293,   90199,   63594,   74747,   13507,    4795,    2979,     850,     335,       0,    2035,      50,       0,   82965,   82906,    7234,    7293,       0,       0,       0,       0,       0,       0,       0,       0,       0,       0,       0,       0,       0,       0,       0,       0,   -2421,    -791,   -1531,    -995,    -400,       0,       0,       0,       0,    -140,       0,       0,   -1926,   -1931,    -495,    -490,  100.0,   70.5,   82.9,   15.0,    5.3,    3.3,    0.9,    0.4,    0.0,    2.3,    0.1,    0.0,   92.0,   91.9,    8.0,    8.1,  100.0,   70.5,   82.9,   15.0,    5.3,    3.3,    0.9,    0.4,    0.0,    2.3,    0.1,    0.0,   92.0,   91.9,    8.0,    8.1,  100.0,    0.0,    0.0,    0.0,    0.0,    0.0,    0.0,    0.0,    0.0,    0.0,    0.0,    0.0,    0.0,    0.0,    0.0,    0.0,     33,     14,     16,      5,.,      5,.,.,      0,.,.,      0,     24,     24,     33,     14,     16,      5,.,      5,.,.,      0,.,.,      0,     24,     24,      0,      0,      0,      0,      0,      0,      0,      0,      0,      0,      0,      0,      0,      0,    59.5,    75.5,    82.0,    84.9,    56.5,    75.3,    77.1,    83.2,    59.5,    75.5,    82.0,    84.9,    56.5,    75.3,    77.1,    83.2,     0.0,     0.0,     0.0,     0.0,     0.0,     0.0,     0.0,     0.0,Megawatt Hours (MWh),064ERN,NODX,064 ,N16,FutOnly
PJM.PECO_month_on_dap - NODAL EXCHANGE,261006,2026-10-06,064EUY,NODX,01,064 ,   98883,   66205,   72626,    4744,   13340,    1240,    1675,     930,       0,   16644,    2571,     244,   90752,   90951,    8131,    7932,   98883,   66205,   72626,    4744,   13340,    1240,    1675,     930,       0,   16644,    2571,     244,   90752,   90951,    8131,    7932,       0,       0,       0,       0,       0,       0,       0,       0,       0,       0,       0,       0,       0,       0,       0,       0,   -4557,   -2966,   -5856,     460,    -113,     -30,    -150,     -55,       0,    -845,    2345,     -90,   -3621,   -3799,    -936,    -758,  100.0,   67.0,   73.4,    4.8,   13.5,    1.3,    1.7,    0.9,    0.0,   16.8,    2.6,    0.2,   91.8,   92.0,    8.2,    8.0,  100.0,   67.0,   73.4,    4.8,   13.5,    1.3,    1.7,    0.9,    0.0,   16.8,    2.6,    0.2,   91.8,   92.0,    8.2,    8.0,  100.0,    0.0,    0.0,    0.0,    0.0,    0.0,    0.0,    0.0,    0.0,    0.0,    0.0,    0.0,    0.0,    0.0,    0.0,    0.0,     38,     21,     11,.,.,.,.,.,      0,.,      4,.,     29,     23,     38,     21,     11,.,.,.,.,.,      0,.,      4,.,     29,     23,      0,      0,      0,      0,      0,      0,      0,      0,      0,      0,      0,      0,      0,      0,    47.0,    73.7,    71.1,    87.0,    44.8,    72.9,    61.1,    77.3,    47.0,    73.7,    71.1,    87.0,    44.8,    72.9,    61.1,    77.3,     0.0,     0.0,     0.0,     0.0,     0.0,     0.0,     0.0,     0.0,Megawatt Hours (MWh),064EUY,NODX,064 ,N16,FutOnly
PJM.PECO_month_off_dap - NODAL EXCHANGE,261006,2026-10-06,064EUZ,NODX,01,064 ,   98099,   63755,   71961,    5469,   12270,    1240,    1675,     630,     175,   16414,    2571,     244,   88972,   89091,    9127,    9008,   98099,   63755,   71961,    5469,   12270,    1240,    1675,     630,     175,   16414,    2571,     244,   88972,   89091,    9127,    9008,       0,       0,       0,       0,       0,       0,       0,       0,       0,       0,       0,       0,       0,       0,       0,       0,   -4794,   -2871,   -5826,     515,      37,     -30,    -150,     -55,       0,    -850,    2320,     -65,   -3451,   -3619,   -1343,   -1175,  100.0,   65.0,   73.4,    5.6,   12.5,    1.3,    1.7,    0.6,    0.2,   16.7,    2.6,    0.2,   90.7,   90.8,    9.3,    9.2,  100.0,   65.0,   73.4,    5.6,   12.5,    1.3,    1.7,    0.6,    0.2,   16.7,    2.6,    0.2,   90.7,   90.8,    9.3,    9.2,  100.0,    0.0,    0.0,    0.0,    0.0,    0.0,    0.0,    0.0,    0.0,    0.0,    0.0,    0.0,    0.0,    0.0,    0.0,    0.0,     38,     21,     11,.,.,.,.,.,.,.,      4,.,     30,     23,     38,     21,     11,.,.,.,.,.,.,.,      4,.,     30,     23,      0,      0,      0,      0,      0,      0,      0,      0,      0,      0,      0,      0,      0,      0,    44.4,    72.4,    70.2,    86.0,    41.8,    72.0,    59.0,    76.7,    44.4,    72.4,    70.2,    86.0,    41.8,    72.0,    59.0,    76.7,     0.0,     0.0,     0.0,     0.0,     0.0,     0.0,     0.0,     0.0,Megawatt Hours (MWh),064EUZ,NODX,064 ,N16,FutOnly
PJM.PENELEC_month_on_dap - NODAL EXCHANGE,261006,2026-10-06,064EVA,NODX,01,064 ,   11636,    2585,    8258,    1506,    2235,      93,     320,       0,       0,    5590,       0,      30,   10124,   10616,    1512,    1020,   11636,    2585,    8258,    1506,    2235,      93,     320,       0,       0,    5590,       0,      30,   10124,   10616,    1512,    1020,       0,       0,       0,       0,       0,       0,       0,       0,       0,       0,       0,       0,       0,       0,       0,       0,    -660,    -283,    -542,     -92,     -65,     -18,     -55,       0,       0,    -111,       0,     -10,    -569,    -635,     -91,     -25,  100.0,   22.2,   71.0,   12.9,   19.2,    0.8,    2.8,    0.0,    0.0,   48.0,    0.0,    0.3,   87.0,   91.2,   13.0,    8.8,  100.0,   22.2,   71.0,   12.9,   19.2,    0.8,    2.8,    0.0,    0.0,   48.0,    0.0,    0.3,   87.0,   91.2,   13.0,    8.8,  100.0,    0.0,    0.0,    0.0,    0.0,    0.0,    0.0,    0.0,    0.0,    0.0,    0.0,    0.0,    0.0,    0.0,    0.0,    0.0,     20,      7,      6,.,.,.,.,      0,      0,      4,      0,.,     15,      9,     20,      7,      6,.,.,.,.,      0,      0,      4,      0,.,     15,      9,      0,      0,      0,      0,      0,      0,      0,      0,      0,      0,      0,      0,      0,      0,    62.5,    80.5,    77.0,    91.0,    62.2,    80.5,    75.9,    88.2,    62.5,    80.5,    77.0,    91.0,    62.2,    80.5,    75.9,    88.2,     0.0,     0.0,     0.0,     0.0,     0.0,     0.0,     0.0,     0.0,Megawatt Hours (MWh),064EVA,NODX,064 ,N16,FutOnly
PJM.PEPCO_month_on_dap - NODAL EXCHANGE,261006,2026-10-06,064EVG,NODX,01,064 ,   29713,   22559,   16945,    1066,    2359,    1165,     595,    2485,       0,     155,    3134,     870,   26410,   26958,    3303,    2755,   29713,   22559,   16945,    1066,    2359,    1165,     595,    2485,       0,     155,    3134,     870,   26410,   26958,    3303,    2755,       0,       0,       0,       0,       0,       0,       0,       0,       0,       0,       0,       0,       0,       0,       0,       0,     832,     547,    1012,     -96,     549,     -84,     -65,     -95,       0,     -35,    -968,     285,     552,     699,     280,     133,  100.0,   75.9,   57.0,    3.6,    7.9,    3.9,    2.0,    8.4,    0.0,    0.5,   10.5,    2.9,   88.9,   90.7,   11.1,    9.3,  100.0,   75.9,   57.0,    3.6,    7.9,    3.9,    2.0,    8.4,    0.0,    0.5,   10.5,    2.9,   88.9,   90.7,   11.1,    9.3,  100.0,    0.0,    0.0,    0.0,    0.0,    0.0,    0.0,    0.0,    0.0,    0.0,    0.0,    0.0,    0.0,    0.0,    0.0,    0.0,     29,     16,      5,.,      4,      4,.,.,      0,.,.,.,     23,     15,     29,     16,      5,.,      4,      4,.,.,      0,.,.,.,     23,     15,      0,      0,      0,      0,      0,      0,      0,      0,      0,      0,      0,      0,      0,      0,    45.8,    70.0,    67.6,    84.7,    45.7,    60.7,    64.0,    74.4,    45.8,    70.0,    67.6,    84.7,    45.7,    60.7,    64.0,    74.4,     0.0,     0.0,     0.0,     0.0,     0.0,     0.0,     0.0,     0.0,Megawatt Hours (MWh),064EVG,NODX,064 ,N16,FutOnly
PJM.PEPCO_month_off_dap - NODAL EXCHANGE,261006,2026-10-06,064EVH,NODX,01,064 ,   29713,   22559,   16945,    1066,    2359,    1165,     595,    2485,       0,     155,    3134,     870,   26410,   26958,    3303,    2755,   29713,   22559,   16945,    1066,    2359,    1165,     595,    2485,       0,     155,    3134,     870,   26410,   26958,    3303,    2755,       0,       0,       0,       0,       0,       0,       0,       0,       0,       0,       0,       0,       0,       0,       0,       0,     832,     547,    1012,     -96,     549,     -84,     -65,     -95,       0,     -35,    -968,     285,     552,     699,     280,     133,  100.0,   75.9,   57.0,    3.6,    7.9,    3.9,    2.0,    8.4,    0.0,    0.5,   10.5,    2.9,   88.9,   90.7,   11.1,    9.3,  100.0,   75.9,   57.0,    3.6,    7.9,    3.9,    2.0,    8.4,    0.0,    0.5,   10.5,    2.9,   88.9,   90.7,   11.1,    9.3,  100.0,    0.0,    0.0,    0.0,    0.0,    0.0,    0.0,    0.0,    0.0,    0.0,    0.0,    0.0,    0.0,    0.0,    0.0,    0.0,     29,     16,      5,.,      4,      4,.,.,      0,.,.,.,     23,     15,     29,     16,      5,.,      4,      4,.,.,      0,.,.,.,     23,     15,      0,      0,      0,      0,      0,      0,      0,      0,      0,      0,      0,      0,      0,      0,    45.8,    70.0,    67.6,    84.7,    45.7,    60.7,    64.0,    74.4,    45.8,    70.0,    67.6,    84.7,    45.7,    60.7,    64.0,    74.4,     0.0,     0.0,     0.0,     0.0,     0.0,     0.0,     0.0,     0.0,Megawatt Hours (MWh),064EVH,NODX,064 ,N16,FutOnly
PJM.PPL_month_on_dap - NODAL EXCHANGE,261006,2026-10-06,064EWU,NODX,01,064 ,   70145,   57097,   54105,    4285,    8544,    1956,    2025,       0,      90,     955,    2200,    1665,   68073,   68560,    2072,    1585,   70145,   57097,   54105,    4285,    8544,    1956,    2025,       0,      90,     955,    2200,    1665,   68073,   68560,    2072,    1585,       0,       0,       0,       0,       0,       0,       0,       0,       0,       0,       0,       0,       0,       0,       0,       0,   -4315,   -4046,    -725,    -290,   -2240,       0,     -80,       0,       0,     155,   -1330,      35,   -4226,   -4260,     -89,     -55,  100.0,   81.4,   77.1,    6.1,   12.2,    2.8,    2.9,    0.0,    0.1,    1.4,    3.1,    2.4,   97.0,   97.7,    3.0,    2.3,  100.0,   81.4,   77.1,    6.1,   12.2,    2.8,    2.9,    0.0,    0.1,    1.4,    3.1,    2.4,   97.0,   97.7,    3.0,    2.3,  100.0,    0.0,    0.0,    0.0,    0.0,    0.0,    0.0,    0.0,    0.0,    0.0,    0.0,    0.0,    0.0,    0.0,    0.0,    0.0,     40,     22,     18,.,      6,      6,.,      0,.,.,.,.,     35,     28,     40,     22,     18,.,      6,      6,.,      0,.,.,.,.,     35,     28,      0,      0,      0,      0,      0,      0,      0,      0,      0,      0,      0,      0,      0,      0,    67.5,    57.0,    79.0,    71.7,    66.0,    55.9,    73.9,    68.6,    67.5,    57.0,    79.0,    71.7,    66.0,    55.9,    73.9,    68.6,     0.0,     0.0,     0.0,     0.0,     0.0,     0.0,     0.0,     0.0,Megawatt Hours (MWh),064EWU,NODX,064 ,N16,FutOnly
PJM.PPL_month_off_dap - NODAL EXCHANGE,261006,2026-10-06,064EWV,NODX,01,064 ,   70151,   57091,   54436,    4380,    8299,    1886,    2025,       0,      90,     955,    2190,    1710,   68137,   68611,    2014,    1540,   70151,   57091,   54436,    4380,    8299,    1886,    2025,       0,      90,     955,    2190,    1710,   68137,   68611,    2014,    1540,       0,       0,       0,       0,       0,       0,       0,       0,       0,       0,       0,       0,       0,       0,       0,       0,   -4317,   -4013,    -852,    -330,   -2240,       0,     -80,       0,       0,     155,   -1205,      80,   -4188,   -4217,    -129,    -100,  100.0,   81.4,   77.6,    6.2,   11.8,    2.7,    2.9,    0.0,    0.1,    1.4,    3.1,    2.4,   97.1,   97.8,    2.9,    2.2,  100.0,   81.4,   77.6,    6.2,   11.8,    2.7,    2.9,    0.0,    0.1,    1.4,    3.1,    2.4,   97.1,   97.8,    2.9,    2.2,  100.0,    0.0,    0.0,    0.0,    0.0,    0.0,    0.0,    0.0,    0.0,    0.0,    0.0,    0.0,    0.0,    0.0,    0.0,    0.0,     40,     22,     18,.,      6,      6,.,      0,.,.,.,.,     35,     28,     40,     22,     18,.,      6,      6,.,      0,.,.,.,.,     35,     28,      0,      0,      0,      0,      0,      0,      0,      0,      0,      0,      0,      0,      0,      0,    68.3,    57.6,    79.8,    72.3,    66.8,    57.1,    74.8,    69.7,    68.3,    57.6,    79.8,    72.3,    66.8,    57.1,    74.8,    69.7,     0.0,     0.0,     0.0,     0.0,     0.0,     0.0,     0.0,     0.0,Megawatt Hours (MWh),064EWV,NODX,064 ,N16,FutOnly
PJM PSEG DAP - NODAL EXCHANGE,261006,2026-10-06,064EXE,NODX,01,064 ,   84507,   49455,   48940,    9301,   10410,    1365,    2920,    1000,     300,    3379,    5208,    3040,   69760,   70263,   14747,   14244,   84507,   49455,   48940,    9301,   10410,    1365,    2920,    1000,     300,    3379,    5208,    3040,   69760,   70263,   14747,   14244,       0,       0,       0,       0,       0,       0,       0,       0,       0,       0,       0,       0,       0,       0,       0,       0,   -1275,   -1192,     207,   -1327,      90,     -40,    -110,    -260,       0,    -401,   -2866,    1740,   -1330,   -1129,      55,    -146,  100.0,   58.5,   57.9,   11.0,   12.3,    1.6,    3.5,    1.2,    0.4,    4.0,    6.2,    3.6,   82.5,   83.1,   17.5,   16.9,  100.0,   58.5,   57.9,   11.0,   12.3,    1.6,    3.5,    1.2,    0.4,    4.0,    6.2,    3.6,   82.5,   83.1,   17.5,   16.9,  100.0,    0.0,    0.0,    0.0,    0.0,    0.0,    0.0,    0.0,    0.0,    0.0,    0.0,    0.0,    0.0,    0.0,    0.0,    0.0,     38,     23,     15,.,      4,      5,.,.,.,.,      4,.,     34,     27,     38,     23,     15,.,      4,      5,.,.,.,.,      4,.,     34,     27,      0,      0,      0,      0,      0,      0,      0,      0,      0,      0,      0,      0,      0,      0,    33.9,    46.1,    50.2,    64.9,    27.6,    33.8,    37.7,    45.7,    33.9,    46.1,    50.2,    64.9,    27.6,    33.8,    37.7,    45.7,     0.0,     0.0,     0.0,     0.0,     0.0,     0.0,     0.0,     0.0,Megawatt Hours (MWh),064EXE,NODX,064 ,N16,FutOnly
PJM.PSEG_month_off_dap - NODAL EXCHANGE,261006,2026-10-06,064EXF,NODX,01,064 ,   81730,   47381,   46581,    9196,   10910,    1105,    2980,      50,     375,    3129,    5763,    2740,   66906,   67524,   14824,   14206,   81730,   47381,   46581,    9196,   10910,    1105,    2980,      50,     375,    3129,    5763,    2740,   66906,   67524,   14824,   14206,       0,       0,       0,       0,       0,       0,       0,       0,       0,       0,       0,       0,       0,       0,       0,       0,   -1641,    -733,    -394,   -1347,      90,     -40,    -250,      50,    -110,    -456,   -2766,    1490,   -1446,   -1680,    -195,      39,  100.0,   58.0,   57.0,   11.3,   13.3,    1.4,    3.6,    0.1,    0.5,    3.8,    7.1,    3.4,   81.9,   82.6,   18.1,   17.4,  100.0,   58.0,   57.0,   11.3,   13.3,    1.4,    3.6,    0.1,    0.5,    3.8,    7.1,    3.4,   81.9,   82.6,   18.1,   17.4,  100.0,    0.0,    0.0,    0.0,    0.0,    0.0,    0.0,    0.0,    0.0,    0.0,    0.0,    0.0,    0.0,    0.0,    0.0,    0.0,     38,     23,     15,.,      4,      5,.,.,.,.,      4,.,     34,     27,     38,     23,     15,.,      4,      5,.,.,.,.,      4,.,     34,     27,      0,      0,      0,      0,      0,      0,      0,      0,      0,      0,      0,      0,      0,      0,    33.1,    44.2,    49.6,    64.4,    28.2,    33.4,    38.5,    46.4,    33.1,    44.2,    49.6,    64.4,    28.2,    33.4,    38.5,    46.4,     0.0,     0.0,     0.0,     0.0,     0.0,     0.0,     0.0,     0.0,Megawatt Hours (MWh),064EXF,NODX,064 ,N16,FutOnly
PJM.WESTERN HUB DAP - NODAL EXCHANGE,261006,2026-10-06,064FHK,NODX,01,064 ,  243066,  161368,  130151,    5500,   27445,    4971,   10810,     670,    1565,    5100,   24564,    1452,  190766,  190818,   52300,   52248,  243066,  161368,  130151,    5500,   27445,    4971,   10810,     670,    1565,    5100,   24564,    1452,  190766,  190818,   52300,   52248,       0,       0,       0,       0,       0,       0,       0,       0,       0,       0,       0,       0,       0,       0,       0,       0,   -4707,   -3602,    1086,    -385,   -2943,     240,    1545,     -65,    -400,    2672,    2331,    -852,    -782,    -603,   -3925,   -4104,  100.0,   66.4,   53.5,    2.3,   11.3,    2.0,    4.4,    0.3,    0.6,    2.1,   10.1,    0.6,   78.5,   78.5,   21.5,   21.5,  100.0,   66.4,   53.5,    2.3,   11.3,    2.0,    4.4,    0.3,    0.6,    2.1,   10.1,    0.6,   78.5,   78.5,   21.5,   21.5,  100.0,    0.0,    0.0,    0.0,    0.0,    0.0,    0.0,    0.0,    0.0,    0.0,    0.0,    0.0,    0.0,    0.0,    0.0,    0.0,     57,     26,     31,      4,      5,      8,.,.,.,      6,      5,      4,     46,     49,     57,     26,     31,      4,      5,      8,.,.,.,      6,      5,      4,     46,     49,      0,      0,      0,      0,      0,      0,      0,      0,      0,      0,      0,      0,      0,      0,    44.4,    33.9,    57.1,    52.1,    42.4,    31.9,    53.6,    49.3,    44.4,    33.9,    57.1,    52.1,    42.4,    31.9,    53.6,    49.3,     0.0,     0.0,     0.0,     0.0,     0.0,     0.0,     0.0,     0.0,Megawatt Hours (MWh),064FHK,NODX,064 ,N16,FutOnly
PJM.WESTERN HUB_month_off_dap - NODAL EXCHANGE,261006,2026-10-06,064FHL,NODX,01,064 ,  237823,  158806,  122501,    8165,   28273,    4027,    5255,    1390,    2700,    4884,   24868,    1599,  185436,  185358,   52387,   52465,  237823,  158806,  122501,    8165,   28273,    4027,    5255,    1390,    2700,    4884,   24868,    1599,  185436,  185358,   52387,   52465,       0,       0,       0,       0,       0,       0,       0,       0,       0,       0,       0,       0,       0,       0,       0,       0,   -5199,   -2985,    2495,     103,   -2444,    -191,    2070,     -65,    -815,    2697,    2088,    -887,      -8,     181,   -5191,   -5380,  100.0,   66.8,   51.5,    3.4,   11.9,    1.7,    2.2,    0.6,    1.1,    2.1,   10.5,    0.7,   78.0,   77.9,   22.0,   22.1,  100.0,   66.8,   51.5,    3.4,   11.9,    1.7,    2.2,    0.6,    1.1,    2.1,   10.5,    0.7,   78.0,   77.9,   22.0,   22.1,  100.0,    0.0,    0.0,    0.0,    0.0,    0.0,    0.0,    0.0,    0.0,    0.0,    0.0,    0.0,    0.0,    0.0,    0.0,    0.0,     57,     25,     31,      5,      4,      8,.,.,.,      5,      5,      5,     45,     50,     57,     25,     31,      5,      4,      8,.,.,.,      5,      5,      5,     45,     50,      0,      0,      0,      0,      0,      0,      0,      0,      0,      0,      0,      0,      0,      0,    43.6,    32.5,    56.1,    50.8,    42.0,    29.7,    52.5,    47.5,    43.6,    32.5,    56.1,    50.8,    42.0,    29.7,    52.5,    47.5,     0.0,     0.0,     0.0,     0.0,     0.0,     0.0,     0.0,     0.0,Megawatt Hours (MWh),064FHL,NODX,064 ,N16,FutOnly
MISO.INDIANA.HUB_month_on_rtp - NODAL EXCHANGE,261006,2026-10-06,064FJY,NODX,01,064 ,   28745,   18939,   13505,     735,    3879,    3696,     500,       0,       0,      10,    3120,     340,   24220,   24540,    4525,    4205,   28745,   18939,   13505,     735,    3879,    3696,     500,       0,       0,      10,    3120,     340,   24220,   24540,    4525,    4205,       0,       0,       0,       0,       0,       0,       0,       0,       0,       0,       0,       0,       0,       0,       0,       0,     315,    -180,      55,      49,     244,       1,       0,       0,       0,     -10,    -560,     250,     110,     -10,     205,     325,  100.0,   65.9,   47.0,    2.6,   13.5,   12.9,    1.7,    0.0,    0.0,    0.0,   10.9,    1.2,   84.3,   85.4,   15.7,   14.6,  100.0,   65.9,   47.0,    2.6,   13.5,   12.9,    1.7,    0.0,    0.0,    0.0,   10.9,    1.2,   84.3,   85.4,   15.7,   14.6,  100.0,    0.0,    0.0,    0.0,    0.0,    0.0,    0.0,    0.0,    0.0,    0.0,    0.0,    0.0,    0.0,    0.0,    0.0,    0.0,     23,     13,     14,.,.,      4,.,      0,      0,.,.,.,     21,     20,     23,     13,     14,.,.,      4,.,      0,      0,.,.,.,     21,     20,      0,      0,      0,      0,      0,      0,      0,      0,      0,      0,      0,      0,      0,      0,    52.2,    55.7,    66.5,    68.5,    40.8,    43.3,    46.9,    49.2,    52.2,    55.7,    66.5,    68.5,    40.8,    43.3,    46.9,    49.2,     0.0,     0.0,     0.0,     0.0,     0.0,     0.0,     0.0,     0.0,Megawatt Hours (MWh),064FJY,NODX,064 ,N16,FutOnly
MISO.INDIANA.HUB_month_off_rtp - NODAL EXCHANGE,261006,2026-10-06,064FJZ,NODX,01,064 ,   27100,   19249,   13305,     635,    4446,    3300,     845,       0,       0,      30,    3073,      77,   24136,   24201,    2964,    2899,   27100,   19249,   13305,     635,    4446,    3300,     845,       0,       0,      30,    3073,      77,   24136,   24201,    2964,    2899,       0,       0,       0,       0,       0,       0,       0,       0,       0,       0,       0,       0,       0,       0,       0,       0,     -20,    -505,      75,     120,     120,    -120,       0,       0,       0,      10,    -690,       0,    -495,    -615,     475,     595,  100.0,   71.0,   49.1,    2.3,   16.4,   12.2,    3.1,    0.0,    0.0,    0.1,   11.3,    0.3,   89.1,   89.3,   10.9,   10.7,  100.0,   71.0,   49.1,    2.3,   16.4,   12.2,    3.1,    0.0,    0.0,    0.1,   11.3,    0.3,   89.1,   89.3,   10.9,   10.7,  100.0,    0.0,    0.0,    0.0,    0.0,    0.0,    0.0,    0.0,    0.0,    0.0,    0.0,    0.0,    0.0,    0.0,    0.0,    0.0,     23,     12,     14,.,.,      4,.,      0,      0,.,.,.,     20,     20,     23,     12,     14,.,.,      4,.,      0,      0,.,.,.,     20,     20,      0,      0,      0,      0,      0,      0,      0,      0,      0,      0,      0,      0,      0,      0,    62.0,    56.8,    74.9,    72.3,    50.6,    48.5,    56.4,    56.3,    62.0,    56.8,    74.9,    72.3,    50.6,    48.5,    56.4,    56.3,     0.0,     0.0,     0.0,     0.0,     0.0,     0.0,     0.0,     0.0,Megawatt Hours (MWh),064FJZ,NODX,064 ,N16,FutOnly
PJM.AEP-DAYTON HUB_mo_on_rtp - NODAL EXCHANGE,261006,2026-10-06,064FKA,NODX,01,064 ,   72446,   39786,   49142,    7840,     969,    4000,    1925,    6285,    1305,    6972,     300,    1931,   63759,   63932,    8687,    8514,   72446,   39786,   49142,    7840,     969,    4000,    1925,    6285,    1305,    6972,     300,    1931,   63759,   63932,    8687,    8514,       0,       0,       0,       0,       0,       0,       0,       0,       0,       0,       0,       0,       0,       0,       0,       0,   -2232,   -2190,    -247,    1592,    -380,    -880,       0,     225,    -125,     188,    -100,    -180,   -1595,   -1687,    -637,    -545,  100.0,   54.9,   67.8,   10.8,    1.3,    5.5,    2.7,    8.7,    1.8,    9.6,    0.4,    2.7,   88.0,   88.2,   12.0,   11.8,  100.0,   54.9,   67.8,   10.8,    1.3,    5.5,    2.7,    8.7,    1.8,    9.6,    0.4,    2.7,   88.0,   88.2,   12.0,   11.8,  100.0,    0.0,    0.0,    0.0,    0.0,    0.0,    0.0,    0.0,    0.0,    0.0,    0.0,    0.0,    0.0,    0.0,    0.0,    0.0,     41,     20,     20,      4,.,      7,.,.,.,      7,.,      5,     37,     37,     41,     20,     20,      4,.,      7,.,.,.,      7,.,      5,     37,     37,      0,      0,      0,      0,      0,      0,      0,      0,      0,      0,      0,      0,      0,      0,    32.9,    43.9,    54.7,    61.0,    27.4,    35.3,    41.4,    48.5,    32.9,    43.9,    54.7,    61.0,    27.4,    35.3,    41.4,    48.5,     0.0,     0.0,     0.0,     0.0,     0.0,     0.0,     0.0,     0.0,Megawatt Hours (MWh),064FKA,NODX,064 ,N16,FutOnly
PJM.AEP-DAYTON HUB_mo_off_rtp - NODAL EXCHANGE,261006,2026-10-06,064FKB,NODX,01,064 ,   72630,   45287,   47115,    7200,     224,    4258,       0,    6765,    1105,    2657,    1445,    2317,   62824,   63229,    9806,    9401,   72630,   45287,   47115,    7200,     224,    4258,       0,    6765,    1105,    2657,    1445,    2317,   62824,   63229,    9806,    9401,       0,       0,       0,       0,       0,       0,       0,       0,       0,       0,       0,       0,       0,       0,       0,       0,   -1916,   -3128,   -1134,    2442,     -75,    -812,       0,     260,    -210,     -48,      20,     -30,   -1786,   -1981,    -130,      65,  100.0,   62.4,   64.9,    9.9,    0.3,    5.9,    0.0,    9.3,    1.5,    3.7,    2.0,    3.2,   86.5,   87.1,   13.5,   12.9,  100.0,   62.4,   64.9,    9.9,    0.3,    5.9,    0.0,    9.3,    1.5,    3.7,    2.0,    3.2,   86.5,   87.1,   13.5,   12.9,  100.0,    0.0,    0.0,    0.0,    0.0,    0.0,    0.0,    0.0,    0.0,    0.0,    0.0,    0.0,    0.0,    0.0,    0.0,    0.0,     40,     19,     19,      5,.,      7,      0,      4,.,      5,.,      5,     36,     36,     40,     19,     19,      5,.,      7,      0,      4,.,      5,.,      5,     36,     36,      0,      0,      0,      0,      0,      0,      0,      0,      0,      0,      0,      0,      0,      0,    37.3,    40.3,    55.3,    58.2,    27.5,    31.8,    40.6,    45.3,    37.3,    40.3,    55.3,    58.2,    27.5,    31.8,    40.6,    45.3,     0.0,     0.0,     0.0,     0.0,     0.0,     0.0,     0.0,     0.0,Megawatt Hours (MWh),064FKB,NODX,064 ,N16,FutOnly
PJM.N ILLINOIS HUB_mo_on_rtp - NODAL EXCHANGE,261006,2026-10-06,064FKC,NODX,01,064 ,   64875,   48329,   51975,    7335,    4731,    1995,     820,       0,     380,     105,      70,      90,   59054,   59241,    5821,    5634,   64875,   48329,   51975,    7335,    4731,    1995,     820,       0,     380,     105,      70,      90,   59054,   59241,    5821,    5634,       0,       0,       0,       0,       0,       0,       0,       0,       0,       0,       0,       0,       0,       0,       0,       0,   -1968,   -1231,    -878,      70,    -325,    -230,      75,       0,     -75,     -20,      60,     -60,   -1471,   -1508,    -497,    -460,  100.0,   74.5,   80.1,   11.3,    7.3,    3.1,    1.3,    0.0,    0.6,    0.2,    0.1,    0.1,   91.0,   91.3,    9.0,    8.7,  100.0,   74.5,   80.1,   11.3,    7.3,    3.1,    1.3,    0.0,    0.6,    0.2,    0.1,    0.1,   91.0,   91.3,    9.0,    8.7,  100.0,    0.0,    0.0,    0.0,    0.0,    0.0,    0.0,    0.0,    0.0,    0.0,    0.0,    0.0,    0.0,    0.0,    0.0,    0.0,     26,     13,     10,.,      4,      5,.,      0,.,.,.,.,     22,     19,     26,     13,     10,.,      4,      5,.,      0,.,.,.,.,     22,     19,      0,      0,      0,      0,      0,      0,      0,      0,      0,      0,      0,      0,      0,      0,    57.0,    62.1,    77.9,    79.5,    37.9,    50.3,    53.6,    58.0,    57.0,    62.1,    77.9,    79.5,    37.9,    50.3,    53.6,    58.0,     0.0,     0.0,     0.0,     0.0,     0.0,     0.0,     0.0,     0.0,Megawatt Hours (MWh),064FKC,NODX,064 ,N16,FutOnly
PJM.N ILLINOIS HUB_mo_off_rtp - NODAL EXCHANGE,261006,2026-10-06,064FKD,NODX,01,064 ,   62742,   43156,   49201,    7710,    5241,    1435,    2939,       0,     315,     400,      55,      55,   56010,   56302,    6732,    6440,   62742,   43156,   49201,    7710,    5241,    1435,    2939,       0,     315,     400,      55,      55,   56010,   56302,    6732,    6440,       0,       0,       0,       0,       0,       0,       0,       0,       0,       0,       0,       0,       0,       0,       0,       0,   -1821,   -1023,   -1080,    -285,     -95,    -145,      50,       0,    -100,     130,      15,      -5,   -1378,   -1410,    -443,    -411,  100.0,   68.8,   78.4,   12.3,    8.4,    2.3,    4.7,    0.0,    0.5,    0.6,    0.1,    0.1,   89.3,   89.7,   10.7,   10.3,  100.0,   68.8,   78.4,   12.3,    8.4,    2.3,    4.7,    0.0,    0.5,    0.6,    0.1,    0.1,   89.3,   89.7,   10.7,   10.3,  100.0,    0.0,    0.0,    0.0,    0.0,    0.0,    0.0,    0.0,    0.0,    0.0,    0.0,    0.0,    0.0,    0.0,    0.0,    0.0,     27,     12,     12,.,      4,      5,.,      0,.,.,.,.,     21,     23,     27,     12,     12,.,      4,      5,.,      0,.,.,.,.,     21,     23,      0,      0,      0,      0,      0,      0,      0,      0,      0,      0,      0,      0,      0,      0,    55.7,    60.8,    72.9,    75.8,    31.9,    44.5,    44.3,    50.4,    55.7,    60.8,    72.9,    75.8,    31.9,    44.5,    44.3,    50.4,     0.0,     0.0,     0.0,     0.0,     0.0,     0.0,     0.0,     0.0,Megawatt Hours (MWh),064FKD,NODX,064 ,N16,FutOnly
PJM.WESTERN HUB_month_on_rtp - NODAL EXCHANGE,261006,2026-10-06,064FKE,NODX,01,064 ,  223562,  121564,  157339,   46926,    4000,   10734,    6405,    6650,    2930,    5561,   12338,    2114,  196234,  196105,   27328,   27457,  223562,  121564,  157339,   46926,    4000,   10734,    6405,    6650,    2930,    5561,   12338,    2114,  196234,  196105,   27328,   27457,       0,       0,       0,       0,       0,       0,       0,       0,       0,       0,       0,       0,       0,       0,       0,       0,  -11905,   -5618,  -11748,   -7515,    -222,     375,     -30,    1375,    -315,    1619,    -949,     -10,  -11494,  -11494,    -411,    -411,  100.0,   54.4,   70.4,   21.0,    1.8,    4.8,    2.9,    3.0,    1.3,    2.5,    5.5,    0.9,   87.8,   87.7,   12.2,   12.3,  100.0,   54.4,   70.4,   21.0,    1.8,    4.8,    2.9,    3.0,    1.3,    2.5,    5.5,    0.9,   87.8,   87.7,   12.2,   12.3,  100.0,    0.0,    0.0,    0.0,    0.0,    0.0,    0.0,    0.0,    0.0,    0.0,    0.0,    0.0,    0.0,    0.0,    0.0,    0.0,     51,     26,     26,      6,.,      6,.,.,.,      5,      4,      8,     43,     45,     51,     26,     26,      6,.,      6,.,.,.,      5,      4,      8,     43,     45,      0,      0,      0,      0,      0,      0,      0,      0,      0,      0,      0,      0,      0,      0,    34.3,    46.1,    56.6,    60.7,    31.4,    40.9,    48.1,    51.9,    34.3,    46.1,    56.6,    60.7,    31.4,    40.9,    48.1,    51.9,     0.0,     0.0,     0.0,     0.0,     0.0,     0.0,     0.0,     0.0,Megawatt Hours (MWh),064FKE,NODX,064 ,N16,FutOnly
PJM.WESTERN HUB_month_off_rtp - NODAL EXCHANGE,261006,2026-10-06,064FKF,NODX,01,064 ,  188642,  100738,  120152,   27656,    6445,   10134,    7640,    5645,    3155,    3752,    7850,    3928,  157003,  157309,   31639,   31333,  188642,  100738,  120152,   27656,    6445,   10134,    7640,    5645,    3155,    3752,    7850,    3928,  157003,  157309,   31639,   31333,       0,       0,       0,       0,       0,       0,       0,       0,       0,       0,       0,       0,       0,       0,       0,       0,   -7471,   -1125,   -6919,   -6055,    -140,     697,      40,    1475,    -380,    1211,    -135,      65,   -5547,   -5337,   -1924,   -2134,  100.0,   53.4,   63.7,   14.7,    3.4,    5.4,    4.0,    3.0,    1.7,    2.0,    4.2,    2.1,   83.2,   83.4,   16.8,   16.6,  100.0,   53.4,   63.7,   14.7,    3.4,    5.4,    4.0,    3.0,    1.7,    2.0,    4.2,    2.1,   83.2,   83.4,   16.8,   16.6,  100.0,    0.0,    0.0,    0.0,    0.0,    0.0,    0.0,    0.0,    0.0,    0.0,    0.0,    0.0,    0.0,    0.0,    0.0,    0.0,     49,     28,     26,      4,.,      6,.,.,.,.,      4,      7,     44,     44,     49,     28,     26,      4,.,      6,.,.,.,.,      4,      7,     44,     44,      0,      0,      0,      0,      0,      0,      0,      0,      0,      0,      0,      0,      0,      0,    36.4,    45.2,    52.4,    58.2,    31.6,    40.3,    44.1,    50.3,    36.4,    45.2,    52.4,    58.2,    31.6,    40.3,    44.1,    50.3,     0.0,     0.0,     0.0,     0.0,     0.0,     0.0,     0.0,     0.0,Megawatt Hours (MWh),064FKF,NODX,064 ,N16,FutOnly
ERCOT.HB_NORTH_month_on_rtp - NODAL EXCHANGE,261006,2026-10-06,064FOK,NODX,01,064 ,   80113,   64787,   49053,    3566,   18960,    1130,       0,    1200,       0,    1900,    1040,       0,   71383,   71383,    8730,    8730,   80113,   64787,   49053,    3566,   18960,    1130,       0,    1200,       0,    1900,    1040,       0,   71383,   71383,    8730,    8730,       0,       0,       0,       0,       0,       0,       0,       0,       0,       0,       0,       0,       0,       0,       0,       0,     150,     150,       0,       0,     150,       0,       0,       0,       0,       0,       0,       0,     150,     150,       0,       0,  100.0,   80.9,   61.2,    4.5,   23.7,    1.4,    0.0,    1.5,    0.0,    2.4,    1.3,    0.0,   89.1,   89.1,   10.9,   10.9,  100.0,   80.9,   61.2,    4.5,   23.7,    1.4,    0.0,    1.5,    0.0,    2.4,    1.3,    0.0,   89.1,   89.1,   10.9,   10.9,  100.0,    0.0,    0.0,    0.0,    0.0,    0.0,    0.0,    0.0,    0.0,    0.0,    0.0,    0.0,    0.0,    0.0,    0.0,    0.0,     27,     15,     16,.,      4,.,      0,.,      0,.,.,      0,     20,     23,     27,     15,     16,.,      4,.,      0,.,      0,.,.,      0,     20,     23,      0,      0,      0,      0,      0,      0,      0,      0,      0,      0,      0,      0,      0,      0,    66.2,    48.7,    79.4,    70.0,    60.8,    46.6,    72.3,    63.5,    66.2,    48.7,    79.4,    70.0,    60.8,    46.6,    72.3,    63.5,     0.0,     0.0,     0.0,     0.0,     0.0,     0.0,     0.0,     0.0,Megawatt Hours (MWh),064FOK,NODX,064 ,N16,FutOnly
ERCOT.HB_NORTH_month_off_rtp - NODAL EXCHANGE,261006,2026-10-06,064FOL,NODX,01,064 ,   77378,   64828,   50040,    3316,   16720,    1430,       0,     300,       0,       0,    1040,       0,   69574,   69530,    7804,    7848,   77378,   64828,   50040,    3316,   16720,    1430,       0,     300,       0,       0,    1040,       0,   69574,   69530,    7804,    7848,       0,       0,       0,       0,       0,       0,       0,       0,       0,       0,       0,       0,       0,       0,       0,       0,     150,     150,       0,       0,     150,       0,       0,       0,       0,       0,       0,       0,     150,     150,       0,       0,  100.0,   83.8,   64.7,    4.3,   21.6,    1.8,    0.0,    0.4,    0.0,    0.0,    1.3,    0.0,   89.9,   89.9,   10.1,   10.1,  100.0,   83.8,   64.7,    4.3,   21.6,    1.8,    0.0,    0.4,    0.0,    0.0,    1.3,    0.0,   89.9,   89.9,   10.1,   10.1,  100.0,    0.0,    0.0,    0.0,    0.0,    0.0,    0.0,    0.0,    0.0,    0.0,    0.0,    0.0,    0.0,    0.0,    0.0,    0.0,     24,     12,     15,.,      4,      4,      0,.,      0,      0,.,      0,     17,     22,     24,     12,     15,.,      4,      4,      0,.,      0,      0,.,      0,     17,     22,      0,      0,      0,      0,      0,      0,      0,      0,      0,      0,      0,      0,      0,      0,    70.6,    50.6,    84.9,    71.7,    64.2,    48.5,    75.2,    65.7,    70.6,    50.6,    84.9,    71.7,    64.2,    48.5,    75.2,    65.7,     0.0,     0.0,     0.0,     0.0,     0.0,     0.0,     0.0,     0.0,Megawatt Hours (MWh),064FOL,NODX,064 ,N16,FutOnly
PJM.ATSI_month_on_dap - NODAL EXCHANGE,261006,2026-10-06,064FZA,NODX,01,064 ,   30899,   18974,   19380,     953,    6659,    1437,       0,       0,       0,    7552,    1375,     200,   29116,   29051,    1783,    1848,   30899,   18974,   19380,     953,    6659,    1437,       0,       0,       0,    7552,    1375,     200,   29116,   29051,    1783,    1848,       0,       0,       0,       0,       0,       0,       0,       0,       0,       0,       0,       0,       0,       0,       0,       0,    -711,      34,    -460,    -145,      37,       0,       0,     -50,       0,    -400,     -30,     -25,    -536,    -528,    -175,    -183,  100.0,   61.4,   62.7,    3.1,   21.6,    4.7,    0.0,    0.0,    0.0,   24.4,    4.4,    0.6,   94.2,   94.0,    5.8,    6.0,  100.0,   61.4,   62.7,    3.1,   21.6,    4.7,    0.0,    0.0,    0.0,   24.4,    4.4,    0.6,   94.2,   94.0,    5.8,    6.0,  100.0,    0.0,    0.0,    0.0,    0.0,    0.0,    0.0,    0.0,    0.0,    0.0,    0.0,    0.0,    0.0,    0.0,    0.0,    0.0,     22,     10,      4,.,      4,.,      0,      0,      0,.,.,.,     16,     11,     22,     10,      4,.,      4,.,      0,      0,      0,.,.,.,     16,     11,      0,      0,      0,      0,      0,      0,      0,      0,      0,      0,      0,      0,      0,      0,    67.5,    73.9,    84.3,    89.5,    63.8,    72.8,    77.5,    84.1,    67.5,    73.9,    84.3,    89.5,    63.8,    72.8,    77.5,    84.1,     0.0,     0.0,     0.0,     0.0,     0.0,     0.0,     0.0,     0.0,Megawatt Hours (MWh),064FZA,NODX,064 ,N16,FutOnly
PJM.ATSI_month_off_dap - NODAL EXCHANGE,261006,2026-10-06,064FZB,NODX,01,064 ,   30899,   18974,   19380,     953,    6659,    1437,       0,       0,       0,    7552,    1375,     200,   29116,   29051,    1783,    1848,   30899,   18974,   19380,     953,    6659,    1437,       0,       0,       0,    7552,    1375,     200,   29116,   29051,    1783,    1848,       0,       0,       0,       0,       0,       0,       0,       0,       0,       0,       0,       0,       0,       0,       0,       0,    -711,      34,    -460,    -145,      37,       0,       0,     -50,       0,    -400,     -30,     -25,    -536,    -528,    -175,    -183,  100.0,   61.4,   62.7,    3.1,   21.6,    4.7,    0.0,    0.0,    0.0,   24.4,    4.4,    0.6,   94.2,   94.0,    5.8,    6.0,  100.0,   61.4,   62.7,    3.1,   21.6,    4.7,    0.0,    0.0,    0.0,   24.4,    4.4,    0.6,   94.2,   94.0,    5.8,    6.0,  100.0,    0.0,    0.0,    0.0,    0.0,    0.0,    0.0,    0.0,    0.0,    0.0,    0.0,    0.0,    0.0,    0.0,    0.0,    0.0,     22,     10,      4,.,      4,.,      0,      0,      0,.,.,.,     16,     11,     22,     10,      4,.,      4,.,      0,      0,      0,.,.,.,     16,     11,      0,      0,      0,      0,      0,      0,      0,      0,      0,      0,      0,      0,      0,      0,    67.5,    73.9,    84.3,    89.5,    63.8,    72.8,    77.5,    84.1,    67.5,    73.9,    84.3,    89.5,    63.8,    72.8,    77.5,    84.1,     0.0,     0.0,     0.0,     0.0,     0.0,     0.0,     0.0,     0.0,Megawatt Hours (MWh),064FZB,NODX,064 ,N16,FutOnly
ERCOT.HB_NORTH_month_2x16_rtp - NODAL EXCHANGE,261006,2026-10-06,064GBC,NODX,01,064 ,   16204,   11104,   12604,     100,    1500,     800,       0,       0,       0,    2900,       0,       0,   14904,   14904,    1300,    1300,   16204,   11104,   12604,     100,    1500,     800,       0,       0,       0,    2900,       0,       0,   14904,   14904,    1300,    1300,       0,       0,       0,       0,       0,       0,       0,       0,       0,       0,       0,       0,       0,       0,       0,       0,       0,       0,       0,       0,       0,       0,       0,       0,       0,       0,       0,       0,       0,       0,       0,       0,  100.0,   68.5,   77.8,    0.6,    9.3,    4.9,    0.0,    0.0,    0.0,   17.9,    0.0,    0.0,   92.0,   92.0,    8.0,    8.0,  100.0,   68.5,   77.8,    0.6,    9.3,    4.9,    0.0,    0.0,    0.0,   17.9,    0.0,    0.0,   92.0,   92.0,    8.0,    8.0,  100.0,    0.0,    0.0,    0.0,    0.0,    0.0,    0.0,    0.0,    0.0,    0.0,    0.0,    0.0,    0.0,    0.0,    0.0,    0.0,     20,     10,     11,.,.,.,      0,      0,      0,.,      0,      0,     14,     14,     20,     10,     11,.,.,.,      0,      0,      0,.,      0,      0,     14,     14,      0,      0,      0,      0,      0,      0,      0,      0,      0,      0,      0,      0,      0,      0,    55.6,    57.4,    77.8,    79.3,    33.3,    26.2,    40.7,    39.2,    55.6,    57.4,    77.8,    79.3,    33.3,    26.2,    40.7,    39.2,     0.0,     0.0,     0.0,     0.0,     0.0,     0.0,     0.0,     0.0,Megawatt Hours (MWh),064GBC,NODX,064 ,N16,FutOnly
ERCOT.HB_NORTH_month_7x8_rtp - NODAL EXCHANGE,261006,2026-10-06,064GBD,NODX,01,064 ,   37765,   22565,   30395,    3000,    1400,     900,       0,    1150,    2350,    7200,       0,       0,   36015,   36195,    1750,    1570,   37765,   22565,   30395,    3000,    1400,     900,       0,    1150,    2350,    7200,       0,       0,   36015,   36195,    1750,    1570,       0,       0,       0,       0,       0,       0,       0,       0,       0,       0,       0,       0,       0,       0,       0,       0,       0,       0,       0,       0,       0,       0,       0,       0,       0,       0,       0,       0,       0,       0,       0,       0,  100.0,   59.8,   80.5,    7.9,    3.7,    2.4,    0.0,    3.0,    6.2,   19.1,    0.0,    0.0,   95.4,   95.8,    4.6,    4.2,  100.0,   59.8,   80.5,    7.9,    3.7,    2.4,    0.0,    3.0,    6.2,   19.1,    0.0,    0.0,   95.4,   95.8,    4.6,    4.2,  100.0,    0.0,    0.0,    0.0,    0.0,    0.0,    0.0,    0.0,    0.0,    0.0,    0.0,    0.0,    0.0,    0.0,    0.0,    0.0,     21,     14,     11,.,.,.,      0,.,.,.,      0,      0,     19,     15,     21,     14,     11,.,.,.,      0,.,.,.,      0,      0,     19,     15,      0,      0,      0,      0,      0,      0,      0,      0,      0,      0,      0,      0,      0,      0,    56.3,    62.6,    77.6,    85.8,    48.4,    48.4,    56.5,    59.2,    56.3,    62.6,    77.6,    85.8,    48.4,    48.4,    56.5,    59.2,     0.0,     0.0,     0.0,     0.0,     0.0,     0.0,     0.0,     0.0,Megawatt Hours (MWh),064GBD,NODX,064 ,N16,FutOnly
ERCOT North 345KV Hub RT 7x16 - ICE FUTURES ENERGY DIV,261006,2026-10-06,064IBM,IFED,01,064 ,   16661,   12786,   10910,    1494,    1335,    1276,       0,    2080,       0,     425,     625,     300,   16281,   16526,     380,     135,   16661,   12786,   10910,    1494,    1335,    1276,       0,    2080,       0,     425,     625,     300,   16281,   16526,     380,     135,       0,       0,       0,       0,       0,       0,       0,       0,       0,       0,       0,       0,       0,       0,       0,       0,       0,       0,       0,       0,       0,       0,       0,       0,       0,       0,       0,       0,       0,       0,       0,       0,  100.0,   76.7,   65.5,    9.0,    8.0,    7.7,    0.0,   12.5,    0.0,    2.6,    3.8,    1.8,   97.7,   99.2,    2.3,    0.8,  100.0,   76.7,   65.5,    9.0,    8.0,    7.7,    0.0,   12.5,    0.0,    2.6,    3.8,    1.8,   97.7,   99.2,    2.3,    0.8,  100.0,    0.0,    0.0,    0.0,    0.0,    0.0,    0.0,    0.0,    0.0,    0.0,    0.0,    0.0,    0.0,    0.0,    0.0,    0.0,     28,     15,     14,.,.,.,      0,.,      0,.,.,.,     23,     23,     28,     15,     14,.,.,.,      0,.,      0,.,.,.,     23,     23,      0,      0,      0,      0,      0,      0,      0,      0,      0,      0,      0,      0,      0,      0,    44.8,    50.1,    70.0,    71.1,    24.4,    32.8,    35.6,    42.5,    44.8,    50.1,    70.0,    71.1,    24.4,    32.8,    35.6,    42.5,     0.0,     0.0,     0.0,     0.0,     0.0,     0.0,     0.0,     0.0,(1MW for about 352 Hours),064IBM,IFED,064 ,N16,FutOnly
PROPANE ARGUS CIF ARA MINI - ICE FUTURES ENERGY DIV,261006,2026-10-06,066391,IFED,01,066 ,    6331,    3781,    1223,    1354,       0,     306,       0,       0,       0,     241,    4293,      34,    5716,    5856,     615,     475,    6331,    3781,    1223,    1354,       0,     306,       0,       0,       0,     241,    4293,      34,    5716,    5856,     615,     475,       0,       0,       0,       0,       0,       0,       0,       0,       0,       0,       0,       0,       0,       0,       0,       0,    -849,    -718,    -498,     -16,     -42,     -38,       0,       0,       0,      -2,     -99,    -115,    -889,    -792,      40,     -57,  100.0,   59.7,   19.3,   21.4,    0.0,    4.8,    0.0,    0.0,    0.0,    3.8,   67.8,    0.5,   90.3,   92.5,    9.7,    7.5,  100.0,   59.7,   19.3,   21.4,    0.0,    4.8,    0.0,    0.0,    0.0,    3.8,   67.8,    0.5,   90.3,   92.5,    9.7,    7.5,  100.0,    0.0,    0.0,    0.0,    0.0,    0.0,    0.0,    0.0,    0.0,    0.0,    0.0,    0.0,    0.0,    0.0,    0.0,    0.0,     33,     16,     12,      6,      0,.,      0,      0,      0,.,      6,.,     25,     21,     33,     16,     12,      6,      0,.,      0,      0,      0,.,      6,.,     25,     21,      0,      0,      0,      0,      0,      0,      0,      0,      0,      0,      0,      0,      0,      0,    39.7,    67.3,    63.1,    85.6,    39.4,    66.8,    62.2,    82.1,    39.7,    67.3,    63.1,    85.6,    39.4,    66.8,    62.2,    82.1,     0.0,     0.0,     0.0,     0.0,     0.0,     0.0,     0.0,     0.0,100 metric tonnes,066391,IFED,066 ,N13,FutOnly
PROPANE ARGUS FAR EAST MINI - ICE FUTURES ENERGY DIV,261006,2026-10-06,066393,IFED,01,066 ,    8576,    4719,    2585,     541,    2219,     190,      60,       0,       0,    1805,    2454,     432,    7747,    7880,     829,     696,    8576,    4719,    2585,     541,    2219,     190,      60,       0,       0,    1805,    2454,     432,    7747,    7880,     829,     696,       0,       0,       0,       0,       0,       0,       0,       0,       0,       0,       0,       0,       0,       0,       0,       0,   -2166,   -1512,    -592,     -45,    -303,     -53,      10,       0,       0,     -71,    -896,    -240,   -1911,   -2084,    -255,     -82,  100.0,   55.0,   30.1,    6.3,   25.9,    2.2,    0.7,    0.0,    0.0,   21.0,   28.6,    5.0,   90.3,   91.9,    9.7,    8.1,  100.0,   55.0,   30.1,    6.3,   25.9,    2.2,    0.7,    0.0,    0.0,   21.0,   28.6,    5.0,   90.3,   91.9,    9.7,    8.1,  100.0,    0.0,    0.0,    0.0,    0.0,    0.0,    0.0,    0.0,    0.0,    0.0,    0.0,    0.0,    0.0,    0.0,    0.0,    0.0,     65,     32,     26,      4,.,.,.,      0,      0,     11,      8,      9,     55,     42,     65,     32,     26,      4,.,.,.,      0,      0,     11,      8,      9,     55,     42,      0,      0,      0,      0,      0,      0,      0,      0,      0,      0,      0,      0,      0,      0,    17.5,    51.2,    31.8,    64.0,    17.5,    49.9,    29.2,    57.5,    17.5,    51.2,    31.8,    64.0,    17.5,    49.9,    29.2,    57.5,     0.0,     0.0,     0.0,     0.0,     0.0,     0.0,     0.0,     0.0,100  metric tonnes,066393,IFED,066 ,N13,FutOnly
"PROPANE,OPIS MT B TET/AFEI - ICE FUTURES ENERGY DIV",261006,2026-10-06,06639W,IFED,01,066 ,    4336,    2096,     293,     584,    1372,      50,       0,       0,       0,     262,    1299,     401,    3393,    3415,     943,     921,    4336,    2096,     293,     584,    1372,      50,       0,       0,       0,     262,    1299,     401,    3393,    3415,     943,     921,       0,       0,       0,       0,       0,       0,       0,       0,       0,       0,       0,       0,       0,       0,       0,       0,    -571,    -252,     -77,     -46,    -117,      11,       0,       0,       0,    -222,    -362,     -26,    -535,    -571,     -36,       0,  100.0,   48.3,    6.8,   13.5,   31.6,    1.2,    0.0,    0.0,    0.0,    6.0,   30.0,    9.2,   78.3,   78.8,   21.7,   21.2,  100.0,   48.3,    6.8,   13.5,   31.6,    1.2,    0.0,    0.0,    0.0,    6.0,   30.0,    9.2,   78.3,   78.8,   21.7,   21.2,  100.0,    0.0,    0.0,    0.0,    0.0,    0.0,    0.0,    0.0,    0.0,    0.0,    0.0,    0.0,    0.0,    0.0,    0.0,    0.0,     22,     10,      9,.,.,.,      0,      0,      0,      4,.,      6,     19,     17,     22,     10,      9,.,.,.,      0,      0,      0,      4,.,      6,     19,     17,      0,      0,      0,      0,      0,      0,      0,      0,      0,      0,      0,      0,      0,      0,    44.8,    66.0,    59.1,    75.4,    44.5,    61.6,    57.6,    65.2,    44.8,    66.0,    59.1,    75.4,    44.5,    61.6,    57.6,    65.2,     0.0,     0.0,     0.0,     0.0,     0.0,     0.0,     0.0,     0.0,1000 Metric Tonnes,06639W,IFED,066 ,N13,FutOnly
ARGUS CIF ARA Lg Finl Propane - ICE FUTURES ENERGY DIV,261006,2026-10-06,066411,IFED,01,066 ,    3934,    1213,    2071,     261,      92,     488,       0,       0,       0,    1005,     166,     310,    3277,    3127,     657,     807,    3934,    1213,    2071,     261,      92,     488,       0,       0,       0,    1005,     166,     310,    3277,    3127,     657,     807,       0,       0,       0,       0,       0,       0,       0,       0,       0,       0,       0,       0,       0,       0,       0,       0,    -363,    -173,    -205,     -90,      24,     -16,       0,       0,       0,     141,     -14,    -145,    -283,    -356,     -80,      -7,  100.0,   30.8,   52.6,    6.6,    2.3,   12.4,    0.0,    0.0,    0.0,   25.5,    4.2,    7.9,   83.3,   79.5,   16.7,   20.5,  100.0,   30.8,   52.6,    6.6,    2.3,   12.4,    0.0,    0.0,    0.0,   25.5,    4.2,    7.9,   83.3,   79.5,   16.7,   20.5,  100.0,    0.0,    0.0,    0.0,    0.0,    0.0,    0.0,    0.0,    0.0,    0.0,    0.0,    0.0,    0.0,    0.0,    0.0,    0.0,     20,      9,     13,.,.,.,      0,      0,      0,.,.,      4,     16,     20,     20,      9,     13,.,.,.,      0,      0,      0,.,.,      4,     16,     20,      0,      0,      0,      0,      0,      0,      0,      0,      0,      0,      0,      0,      0,      0,    47.4,    42.3,    69.4,    61.8,    36.9,    31.1,    42.8,    38.3,    47.4,    42.3,    69.4,    61.8,    36.9,    31.1,    42.8,    38.3,     0.0,     0.0,     0.0,     0.0,     0.0,     0.0,     0.0,     0.0,1000 metric tonnes,066411,IFED,066 ,N13,FutOnly
ARGUS FAR EAST PROPANE - ICE FUTURES ENERGY DIV,261006,2026-10-06,066413,IFED,01,066 ,   15550,    8990,   10187,     541,    1074,     657,      62,       0,       0,    2445,    1204,    1515,   14210,   14637,    1340,     913,   15550,    8990,   10187,     541,    1074,     657,      62,       0,       0,    2445,    1204,    1515,   14210,   14637,    1340,     913,       0,       0,       0,       0,       0,       0,       0,       0,       0,       0,       0,       0,       0,       0,       0,       0,   -1741,    -951,    -822,      14,     -29,     -37,       9,       0,       0,     224,       0,    -724,   -1465,   -1612,    -276,    -129,  100.0,   57.8,   65.5,    3.5,    6.9,    4.2,    0.4,    0.0,    0.0,   15.7,    7.7,    9.7,   91.4,   94.1,    8.6,    5.9,  100.0,   57.8,   65.5,    3.5,    6.9,    4.2,    0.4,    0.0,    0.0,   15.7,    7.7,    9.7,   91.4,   94.1,    8.6,    5.9,  100.0,    0.0,    0.0,    0.0,    0.0,    0.0,    0.0,    0.0,    0.0,    0.0,    0.0,    0.0,    0.0,    0.0,    0.0,    0.0,     73,     44,     45,.,      4,      6,.,      0,      0,     11,      6,     14,     67,     67,     73,     44,     45,.,      4,      6,.,      0,      0,     11,      6,     14,     67,     67,      0,      0,      0,      0,      0,      0,      0,      0,      0,      0,      0,      0,      0,      0,    32.0,    29.6,    46.6,    45.6,    28.5,    28.5,    38.8,    41.5,    32.0,    29.6,    46.6,    45.6,    28.5,    28.5,    38.8,    41.5,     0.0,     0.0,     0.0,     0.0,     0.0,     0.0,     0.0,     0.0,1000  metric tonnes,066413,IFED,066 ,N13,FutOnly
"ETHANE, MT. BELV-ENTERPRISE - ICE FUTURES ENERGY DIV",261006,2026-10-06,066416,IFED,01,066 ,   88452,   52481,   57847,    2902,   10044,    6230,     646,     235,       0,   14643,    2751,   11111,   88013,   88218,     439,     234,   88452,   52481,   57847,    2902,   10044,    6230,     646,     235,       0,   14643,    2751,   11111,   88013,   88218,     439,     234,       0,       0,       0,       0,       0,       0,       0,       0,       0,       0,       0,       0,       0,       0,       0,       0,   -4548,   -3695,   -2885,     202,    -783,    -463,    -785,      65,     -78,    1513,     559,   -1006,   -4312,   -4591,    -236,      43,  100.0,   59.3,   65.4,    3.3,   11.4,    7.0,    0.7,    0.3,    0.0,   16.6,    3.1,   12.6,   99.5,   99.7,    0.5,    0.3,  100.0,   59.3,   65.4,    3.3,   11.4,    7.0,    0.7,    0.3,    0.0,   16.6,    3.1,   12.6,   99.5,   99.7,    0.5,    0.3,  100.0,    0.0,    0.0,    0.0,    0.0,    0.0,    0.0,    0.0,    0.0,    0.0,    0.0,    0.0,    0.0,    0.0,    0.0,    0.0,     57,     30,     31,      4,      4,      7,.,.,      0,      6,      5,      6,     48,     48,     57,     30,     31,      4,      4,      7,.,.,      0,      6,      5,      6,     48,     48,      0,      0,      0,      0,      0,      0,      0,      0,      0,      0,      0,      0,      0,      0,    47.6,    35.9,    68.0,    55.2,    28.0,    22.2,    36.4,    31.6,    47.6,    35.9,    68.0,    55.2,    28.0,    22.2,    36.4,    31.6,     0.0,     0.0,     0.0,     0.0,     0.0,     0.0,     0.0,     0.0,42000 gallons(1000 barrels),066416,IFED,066 ,N13,FutOnly
ISOBUTANE OPIS MT BELV NONTET - ICE FUTURES ENERGY DIV,261006,2026-10-06,066418,IFED,01,066 ,    8191,    3392,    1662,    3708,    4270,     458,       0,       0,       0,     454,    1102,      12,    8024,    7504,     167,     687,    8191,    3392,    1662,    3708,    4270,     458,       0,       0,       0,     454,    1102,      12,    8024,    7504,     167,     687,       0,       0,       0,       0,       0,       0,       0,       0,       0,       0,       0,       0,       0,       0,       0,       0,    -836,    -867,    -340,     312,    -201,    -209,       0,       0,       0,     -46,    -277,     -18,    -828,   -1045,      -8,     209,  100.0,   41.4,   20.3,   45.3,   52.1,    5.6,    0.0,    0.0,    0.0,    5.5,   13.5,    0.1,   98.0,   91.6,    2.0,    8.4,  100.0,   41.4,   20.3,   45.3,   52.1,    5.6,    0.0,    0.0,    0.0,    5.5,   13.5,    0.1,   98.0,   91.6,    2.0,    8.4,  100.0,    0.0,    0.0,    0.0,    0.0,    0.0,    0.0,    0.0,    0.0,    0.0,    0.0,    0.0,    0.0,    0.0,    0.0,    0.0,     30,     14,      5,      4,      6,.,      0,      0,      0,.,.,.,     21,     15,     30,     14,      5,      4,      6,.,      0,      0,      0,.,.,.,     21,     15,      0,      0,      0,      0,      0,      0,      0,      0,      0,      0,      0,      0,      0,      0,    52.5,    59.8,    74.0,    84.9,    47.0,    59.7,    68.5,    81.9,    52.5,    59.8,    74.0,    84.9,    47.0,    59.7,    68.5,    81.9,     0.0,     0.0,     0.0,     0.0,     0.0,     0.0,     0.0,     0.0,42000 gallons(1000 barrels),066418,IFED,066 ,N13,FutOnly
NAT GASLNE OPIS MT B NONTET FP - ICE FUTURES ENERGY DIV,261006,2026-10-06,06641A,IFED,01,066 ,   15729,   13250,    8309,     985,    1269,     485,       0,       0,       0,     197,    4007,     722,   15639,   14792,      90,     937,   15729,   13250,    8309,     985,    1269,     485,       0,       0,       0,     197,    4007,     722,   15639,   14792,      90,     937,       0,       0,       0,       0,       0,       0,       0,       0,       0,       0,       0,       0,       0,       0,       0,       0,   -2324,   -2361,   -1202,       7,    -265,     -77,       0,       0,       0,      20,    -875,      35,   -2376,   -2384,      52,      60,  100.0,   84.2,   52.8,    6.3,    8.1,    3.1,    0.0,    0.0,    0.0,    1.3,   25.5,    4.6,   99.4,   94.0,    0.6,    6.0,  100.0,   84.2,   52.8,    6.3,    8.1,    3.1,    0.0,    0.0,    0.0,    1.3,   25.5,    4.6,   99.4,   94.0,    0.6,    6.0,  100.0,    0.0,    0.0,    0.0,    0.0,    0.0,    0.0,    0.0,    0.0,    0.0,    0.0,    0.0,    0.0,    0.0,    0.0,    0.0,     30,     13,     14,.,      5,      4,      0,      0,      0,.,      4,      4,     21,     26,     30,     13,     14,.,      5,      4,      0,      0,      0,.,      4,      4,     21,     26,      0,      0,      0,      0,      0,      0,      0,      0,      0,      0,      0,      0,      0,      0,    57.6,    56.7,    81.6,    71.2,    51.2,    37.7,    60.3,    47.1,    57.6,    56.7,    81.6,    71.2,    51.2,    37.7,    60.3,    47.1,     0.0,     0.0,     0.0,     0.0,     0.0,     0.0,     0.0,     0.0,42000 gallons(1000 barrels),06641A,IFED,066 ,N13,FutOnly
BUTANE OPIS MT BELV NONTET FP  - ICE FUTURES ENERGY DIV,261006,2026-10-06,06641D,IFED,01,066 ,   62667,   37438,   30085,    1167,   10991,    6331,    3449,       0,     450,    7439,    8141,    6165,   62439,   62163,     228,     504,   62667,   37438,   30085,    1167,   10991,    6331,    3449,       0,     450,    7439,    8141,    6165,   62439,   62163,     228,     504,       0,       0,       0,       0,       0,       0,       0,       0,       0,       0,       0,       0,       0,       0,       0,       0,   -7637,   -3352,   -6516,    -712,      74,    -867,     166,       0,       0,    -829,    1666,   -2023,   -7617,   -7666,     -20,      29,  100.0,   59.7,   48.0,    1.9,   17.5,   10.1,    5.5,    0.0,    0.7,   11.9,   13.0,    9.8,   99.6,   99.2,    0.4,    0.8,  100.0,   59.7,   48.0,    1.9,   17.5,   10.1,    5.5,    0.0,    0.7,   11.9,   13.0,    9.8,   99.6,   99.2,    0.4,    0.8,  100.0,    0.0,    0.0,    0.0,    0.0,    0.0,    0.0,    0.0,    0.0,    0.0,    0.0,    0.0,    0.0,    0.0,    0.0,    0.0,     96,     45,     41,.,     11,     10,.,      0,.,     15,      6,     17,     79,     73,     96,     45,     41,.,     11,     10,.,      0,.,     15,      6,     17,     79,     73,      0,      0,      0,      0,      0,      0,      0,      0,      0,      0,      0,      0,      0,      0,    29.2,    28.2,    46.5,    43.8,    25.5,    22.1,    38.7,    34.1,    29.2,    28.2,    46.5,    43.8,    25.5,    22.1,    38.7,    34.1,     0.0,     0.0,     0.0,     0.0,     0.0,     0.0,     0.0,     0.0,42000 gallons(1000 barrels),06641D,IFED,066 ,N13,FutOnly
PROPANE OPIS CONWAY INWELL FP - ICE FUTURES ENERGY DIV,261006,2026-10-06,06641E,IFED,01,066 ,   10177,    4373,    6527,    1834,    1208,     441,       0,       0,       0,    2683,    1010,     572,    9903,    9758,     274,     419,   10177,    4373,    6527,    1834,    1208,     441,       0,       0,       0,    2683,    1010,     572,    9903,    9758,     274,     419,       0,       0,       0,       0,       0,       0,       0,       0,       0,       0,       0,       0,       0,       0,       0,       0,   -1627,   -1420,   -1235,      61,    -241,    -179,       0,       0,       0,     238,     183,    -319,   -1619,   -1791,      -8,     164,  100.0,   43.0,   64.1,   18.0,   11.9,    4.3,    0.0,    0.0,    0.0,   26.4,    9.9,    5.6,   97.3,   95.9,    2.7,    4.1,  100.0,   43.0,   64.1,   18.0,   11.9,    4.3,    0.0,    0.0,    0.0,   26.4,    9.9,    5.6,   97.3,   95.9,    2.7,    4.1,  100.0,    0.0,    0.0,    0.0,    0.0,    0.0,    0.0,    0.0,    0.0,    0.0,    0.0,    0.0,    0.0,    0.0,    0.0,    0.0,     36,     16,     13,      6,      4,      6,      0,      0,      0,      6,.,      6,     31,     28,     36,     16,     13,      6,      4,      6,      0,      0,      0,      6,.,      6,     31,     28,      0,      0,      0,      0,      0,      0,      0,      0,      0,      0,      0,      0,      0,      0,    62.8,    53.8,    76.8,    74.9,    58.0,    50.3,    67.8,    64.0,    62.8,    53.8,    76.8,    74.9,    58.0,    50.3,    67.8,    64.0,     0.0,     0.0,     0.0,     0.0,     0.0,     0.0,     0.0,     0.0,42000 gallons(1000 barrels),06641E,IFED,066 ,N13,FutOnly
PROPANE OPIS MT BELV NONTET FP - ICE FUTURES ENERGY DIV,261006,2026-10-06,06641F,IFED,01,066 ,  100096,   59365,   52797,    9564,   30412,    1090,       0,       0,       0,   21560,    6614,    8338,   99917,   99251,     179,     845,  100096,   59365,   52797,    9564,   30412,    1090,       0,       0,       0,   21560,    6614,    8338,   99917,   99251,     179,     845,       0,       0,       0,       0,       0,       0,       0,       0,       0,       0,       0,       0,       0,       0,       0,       0,   -8316,   -8859,   -6451,   -1650,    -838,     -72,       0,       0,       0,    3947,     323,   -1482,   -8116,   -8520,    -200,     204,  100.0,   59.3,   52.7,    9.6,   30.4,    1.1,    0.0,    0.0,    0.0,   21.5,    6.6,    8.3,   99.8,   99.2,    0.2,    0.8,  100.0,   59.3,   52.7,    9.6,   30.4,    1.1,    0.0,    0.0,    0.0,   21.5,    6.6,    8.3,   99.8,   99.2,    0.2,    0.8,  100.0,    0.0,    0.0,    0.0,    0.0,    0.0,    0.0,    0.0,    0.0,    0.0,    0.0,    0.0,    0.0,    0.0,    0.0,    0.0,     80,     35,     29,.,     13,      5,      0,      0,      0,      6,      9,      8,     54,     54,     80,     35,     29,.,     13,      5,      0,      0,      0,      6,      9,      8,     54,     54,      0,      0,      0,      0,      0,      0,      0,      0,      0,      0,      0,      0,      0,      0,    60.3,    36.1,    73.0,    58.3,    55.6,    33.6,    68.3,    54.9,    60.3,    36.1,    73.0,    58.3,    55.6,    33.6,    68.3,    54.9,     0.0,     0.0,     0.0,     0.0,     0.0,     0.0,     0.0,     0.0,42000 gallons(1000 barrels),06641F,IFED,066 ,N13,FutOnly
PROPANE OPIS MT BELVIEU TET FP - ICE FUTURES ENERGY DIV,261006,2026-10-06,06641G,IFED,01,066 ,  175529,   85958,   91962,   27402,    9166,   10525,    2750,    5122,       0,   30662,   40462,   17547,  174844,  174784,     685,     745,  175529,   85958,   91962,   27402,    9166,   10525,    2750,    5122,       0,   30662,   40462,   17547,  174844,  174784,     685,     745,       0,       0,       0,       0,       0,       0,       0,       0,       0,       0,       0,       0,       0,       0,       0,       0,  -13564,   -9096,  -11708,    -127,   -1642,    -335,     465,    -587,    -167,    -412,    4617,   -3917,  -13589,  -13739,      25,     175,  100.0,   49.0,   52.4,   15.6,    5.2,    6.0,    1.6,    2.9,    0.0,   17.5,   23.1,   10.0,   99.6,   99.6,    0.4,    0.4,  100.0,   49.0,   52.4,   15.6,    5.2,    6.0,    1.6,    2.9,    0.0,   17.5,   23.1,   10.0,   99.6,   99.6,    0.4,    0.4,  100.0,    0.0,    0.0,    0.0,    0.0,    0.0,    0.0,    0.0,    0.0,    0.0,    0.0,    0.0,    0.0,    0.0,    0.0,    0.0,    136,     61,     68,      9,     10,     18,.,      4,      0,     15,     17,     23,    110,    119,    136,     61,     68,      9,     10,     18,.,      4,      0,     15,     17,     23,    110,    119,      0,      0,      0,      0,      0,      0,      0,      0,      0,      0,      0,      0,      0,      0,    30.0,    31.4,    46.9,    44.2,    29.5,    27.8,    43.6,    38.1,    30.0,    31.4,    46.9,    44.2,    29.5,    27.8,    43.6,    38.1,     0.0,     0.0,     0.0,     0.0,     0.0,     0.0,     0.0,     0.0,42000 gallons(1000 barrels),06641G,IFED,066 ,N13,FutOnly
PROPANE ARGUS SAUDI CP FP - ICE FUTURES ENERGY DIV,261006,2026-10-06,06641H,IFED,01,066 ,    3098,     725,    2107,     157,       0,      36,      76,       0,       0,     575,     212,     221,    1790,    2576,    1308,     522,    3098,     725,    2107,     157,       0,      36,      76,       0,       0,     575,     212,     221,    1790,    2576,    1308,     522,       0,       0,       0,       0,       0,       0,       0,       0,       0,       0,       0,       0,       0,       0,       0,       0,    -824,    -535,    -784,     -85,       0,     -28,       6,       0,       0,     -65,     -62,     -13,    -720,    -887,    -104,      63,  100.0,   23.4,   68.0,    5.1,    0.0,    1.2,    2.5,    0.0,    0.0,   18.6,    6.8,    7.1,   57.8,   83.2,   42.2,   16.8,  100.0,   23.4,   68.0,    5.1,    0.0,    1.2,    2.5,    0.0,    0.0,   18.6,    6.8,    7.1,   57.8,   83.2,   42.2,   16.8,  100.0,    0.0,    0.0,    0.0,    0.0,    0.0,    0.0,    0.0,    0.0,    0.0,    0.0,    0.0,    0.0,    0.0,    0.0,    0.0,     28,      7,     14,.,      0,.,.,      0,      0,      7,.,      4,     18,     20,     28,      7,     14,.,      0,.,.,      0,      0,      7,.,      4,     18,     20,      0,      0,      0,      0,      0,      0,      0,      0,      0,      0,      0,      0,      0,      0,    29.7,    44.8,    46.5,    62.8,    25.9,    44.0,    37.3,    59.7,    29.7,    44.8,    46.5,    62.8,    25.9,    44.0,    37.3,    59.7,     0.0,     0.0,     0.0,     0.0,     0.0,     0.0,     0.0,     0.0,1000 Metric  Tonnes,06641H,IFED,066 ,N13,FutOnly
ARGUS PROPANE FAR EAST INDEX - NEW YORK MERCANTILE EXCHANGE,261006,2026-10-06,06665B,NYME,01,066 ,    4213,    1896,    3306,     269,      72,     250,      36,       0,       0,     897,       0,      78,    3426,    3706,     787,     507,    4213,    1896,    3306,     269,      72,     250,      36,       0,       0,     897,       0,      78,    3426,    3706,     787,     507,       0,       0,       0,       0,       0,       0,       0,       0,       0,       0,       0,       0,       0,       0,       0,       0,    -388,    -158,    -214,     -18,     -71,      10,       0,       0,       0,     -72,     -36,     -21,    -259,    -332,    -129,     -56,  100.0,   45.0,   78.5,    6.4,    1.7,    5.9,    0.9,    0.0,    0.0,   21.3,    0.0,    1.9,   81.3,   88.0,   18.7,   12.0,  100.0,   45.0,   78.5,    6.4,    1.7,    5.9,    0.9,    0.0,    0.0,   21.3,    0.0,    1.9,   81.3,   88.0,   18.7,   12.0,  100.0,    0.0,    0.0,    0.0,    0.0,    0.0,    0.0,    0.0,    0.0,    0.0,    0.0,    0.0,    0.0,    0.0,    0.0,    0.0,     24,     15,     13,.,.,.,.,      0,      0,.,      0,.,     22,     19,     24,     15,     13,.,.,.,.,      0,      0,.,      0,.,     22,     19,      0,      0,      0,      0,      0,      0,      0,      0,      0,      0,      0,      0,      0,      0,    49.0,    65.1,    62.8,    77.7,    45.8,    60.7,    54.8,    64.1,    49.0,    65.1,    62.8,    77.7,    45.8,    60.7,    54.8,    64.1,     0.0,     0.0,     0.0,     0.0,     0.0,     0.0,     0.0,     0.0,"(CONTRACTS OF 1,000 METRIC TONS)",06665B,NYME,066 ,N13,FutOnly
PROPANE NON-LDH MT BEL - NEW YORK MERCANTILE EXCHANGE,261006,2026-10-06,06665G,NYME,01,066 ,   29340,   21108,   16179,    1123,    8558,    1203,       0,       0,       0,    3467,     853,    1883,   28784,   28676,     556,     664,   29340,   21108,   16179,    1123,    8558,    1203,       0,       0,       0,    3467,     853,    1883,   28784,   28676,     556,     664,       0,       0,       0,       0,       0,       0,       0,       0,       0,       0,       0,       0,       0,       0,       0,       0,   -2830,   -3155,   -1317,     359,    -908,    -149,       0,       0,       0,     204,    -232,    -189,   -2930,   -2795,     100,     -35,  100.0,   71.9,   55.1,    3.8,   29.2,    4.1,    0.0,    0.0,    0.0,   11.8,    2.9,    6.4,   98.1,   97.7,    1.9,    2.3,  100.0,   71.9,   55.1,    3.8,   29.2,    4.1,    0.0,    0.0,    0.0,   11.8,    2.9,    6.4,   98.1,   97.7,    1.9,    2.3,  100.0,    0.0,    0.0,    0.0,    0.0,    0.0,    0.0,    0.0,    0.0,    0.0,    0.0,    0.0,    0.0,    0.0,    0.0,    0.0,     59,     31,     27,      5,      5,      4,      0,      0,      0,.,      4,      5,     45,     40,     59,     31,     27,      5,      5,      4,      0,      0,      0,.,      4,      5,     45,     40,      0,      0,      0,      0,      0,      0,      0,      0,      0,      0,      0,      0,      0,      0,    29.6,    46.5,    53.4,    63.9,    28.9,    42.9,    49.1,    59.0,    29.6,    46.5,    53.4,    63.9,    28.9,    42.9,    49.1,    59.0,     0.0,     0.0,     0.0,     0.0,     0.0,     0.0,     0.0,     0.0,"(CONTRACTS OF 42,000 GALLONS)",06665G,NYME,066 ,N13,FutOnly
PROPANE - NEW YORK MERCANTILE EXCHANGE,261006,2026-10-06,06665O,NYME,01,066 ,  102234,   72358,   56542,    5941,   11107,    6692,    3775,    1519,     265,    2133,   15177,   10209,  101373,  101511,     861,     723,  102234,   72358,   56542,    5941,   11107,    6692,    3775,    1519,     265,    2133,   15177,   10209,  101373,  101511,     861,     723,       0,       0,       0,       0,       0,       0,       0,       0,       0,       0,       0,       0,       0,       0,       0,       0,   -9820,   -4214,   -9439,    -371,     889,   -1473,     506,     183,    -577,   -1182,    2951,   -2315,   -9626,   -9781,    -194,     -39,  100.0,   70.8,   55.3,    5.8,   10.9,    6.5,    3.7,    1.5,    0.3,    2.1,   14.8,   10.0,   99.2,   99.3,    0.8,    0.7,  100.0,   70.8,   55.3,    5.8,   10.9,    6.5,    3.7,    1.5,    0.3,    2.1,   14.8,   10.0,   99.2,   99.3,    0.8,    0.7,  100.0,    0.0,    0.0,    0.0,    0.0,    0.0,    0.0,    0.0,    0.0,    0.0,    0.0,    0.0,    0.0,    0.0,    0.0,    0.0,    135,     63,     59,     10,      9,     15,     13,      5,.,      8,     13,     19,    117,    102,    135,     63,     59,     10,      9,     15,     13,      5,.,      8,     13,     19,    117,    102,      0,      0,      0,      0,      0,      0,      0,      0,      0,      0,      0,      0,      0,      0,    35.7,    26.2,    49.5,    43.3,    29.1,    24.9,    36.4,    36.5,    35.7,    26.2,    49.5,    43.3,    29.1,    24.9,    36.4,    36.5,     0.0,     0.0,     0.0,     0.0,     0.0,     0.0,     0.0,     0.0,"(CONTRACTS OF 42,000 GALLONS)",06665O,NYME,066 ,N13,FutOnly
MT BELVIEU ETHANE OPIS - NEW YORK MERCANTILE EXCHANGE,261006,2026-10-06,06665P,NYME,01,066 ,   45561,   39663,   25945,      49,   16136,    2264,    2003,     110,       0,     646,      60,     440,   45065,   44955,     496,     606,   45561,   39663,   25945,      49,   16136,    2264,    2003,     110,       0,     646,      60,     440,   45065,   44955,     496,     606,       0,       0,       0,       0,       0,       0,       0,       0,       0,       0,       0,       0,       0,       0,       0,       0,   -3331,   -2322,   -2578,     -54,     292,    -631,    -152,     -80,     -65,      47,      10,    -225,   -3402,   -3277,      71,     -54,  100.0,   87.1,   56.9,    0.1,   35.4,    5.0,    4.4,    0.2,    0.0,    1.4,    0.1,    1.0,   98.9,   98.7,    1.1,    1.3,  100.0,   87.1,   56.9,    0.1,   35.4,    5.0,    4.4,    0.2,    0.0,    1.4,    0.1,    1.0,   98.9,   98.7,    1.1,    1.3,  100.0,    0.0,    0.0,    0.0,    0.0,    0.0,    0.0,    0.0,    0.0,    0.0,    0.0,    0.0,    0.0,    0.0,    0.0,    0.0,     52,     18,     24,.,      8,      8,      8,.,      0,      4,.,      5,     40,     40,     52,     18,     24,.,      8,      8,      8,.,      0,      4,.,      5,     40,     40,      0,      0,      0,      0,      0,      0,      0,      0,      0,      0,      0,      0,      0,      0,    63.3,    38.1,    78.3,    60.5,    42.2,    30.1,    47.7,    39.9,    63.3,    38.1,    78.3,    60.5,    42.2,    30.1,    47.7,    39.9,     0.0,     0.0,     0.0,     0.0,     0.0,     0.0,     0.0,     0.0,"(CONTRACTS OF 42,000 GALLONS)",06665P,NYME,066 ,N13,FutOnly
MT BELV NORM BUTANE OPIS - NEW YORK MERCANTILE EXCHANGE,261006,2026-10-06,06665Q,NYME,01,066 ,   44638,   30311,   26707,    1269,    6891,    3691,    2386,     160,     150,    2480,    2310,    3629,   43916,   43538,     722,    1100,   44638,   30311,   26707,    1269,    6891,    3691,    2386,     160,     150,    2480,    2310,    3629,   43916,   43538,     722,    1100,       0,       0,       0,       0,       0,       0,       0,       0,       0,       0,       0,       0,       0,       0,       0,       0,   -5338,   -4661,   -3135,    -302,    -591,    -260,     290,    -110,       0,     484,    -352,    -767,   -5216,   -5215,    -122,    -123,  100.0,   67.9,   59.8,    2.8,   15.4,    8.3,    5.3,    0.4,    0.3,    5.6,    5.2,    8.1,   98.4,   97.5,    1.6,    2.5,  100.0,   67.9,   59.8,    2.8,   15.4,    8.3,    5.3,    0.4,    0.3,    5.6,    5.2,    8.1,   98.4,   97.5,    1.6,    2.5,  100.0,    0.0,    0.0,    0.0,    0.0,    0.0,    0.0,    0.0,    0.0,    0.0,    0.0,    0.0,    0.0,    0.0,    0.0,    0.0,    104,     48,     45,      4,      9,      9,      9,.,.,     10,      7,     13,     86,     75,    104,     48,     45,      4,      9,      9,      9,.,.,     10,      7,     13,     86,     75,      0,      0,      0,      0,      0,      0,      0,      0,      0,      0,      0,      0,      0,      0,    26.7,    18.4,    42.8,    34.0,    19.6,    16.8,    29.9,    27.6,    26.7,    18.4,    42.8,    34.0,    19.6,    16.8,    29.9,    27.6,     0.0,     0.0,     0.0,     0.0,     0.0,     0.0,     0.0,     0.0,"(CONTRACTS OF 42,000 GALLONS)",06665Q,NYME,066 ,N13,FutOnly
MT BELV NAT GASOLINE OPIS - NEW YORK MERCANTILE EXCHANGE,261006,2026-10-06,06665R,NYME,01,066 ,   49096,   46008,   30572,     556,   15048,     290,      35,     540,      80,    1876,    1280,     120,   48965,   47930,     131,    1166,   49096,   46008,   30572,     556,   15048,     290,      35,     540,      80,    1876,    1280,     120,   48965,   47930,     131,    1166,       0,       0,       0,       0,       0,       0,       0,       0,       0,       0,       0,       0,       0,       0,       0,       0,   -4708,   -4197,   -4198,      33,    -800,     -48,       0,     540,       0,    -511,    -202,      17,   -4706,   -4691,      -2,     -17,  100.0,   93.7,   62.3,    1.1,   30.7,    0.6,    0.1,    1.1,    0.2,    3.8,    2.6,    0.2,   99.7,   97.6,    0.3,    2.4,  100.0,   93.7,   62.3,    1.1,   30.7,    0.6,    0.1,    1.1,    0.2,    3.8,    2.6,    0.2,   99.7,   97.6,    0.3,    2.4,  100.0,    0.0,    0.0,    0.0,    0.0,    0.0,    0.0,    0.0,    0.0,    0.0,    0.0,    0.0,    0.0,    0.0,    0.0,    0.0,     49,     24,     24,.,      6,.,.,.,.,      4,.,.,     33,     36,     49,     24,     24,.,      6,.,.,.,.,      4,.,.,     33,     36,      0,      0,      0,      0,      0,      0,      0,      0,      0,      0,      0,      0,      0,      0,    83.2,    43.9,    91.4,    67.6,    77.0,    43.7,    82.1,    66.7,    83.2,    43.9,    91.4,    67.6,    77.0,    43.7,    82.1,    66.7,     0.0,     0.0,     0.0,     0.0,     0.0,     0.0,     0.0,     0.0,"(CONTRACTS OF 42,000 GALLONS)",06665R,NYME,066 ,N13,FutOnly
CONWAY PROPANE (OPIS) - NEW YORK MERCANTILE EXCHANGE,261006,2026-10-06,06665T,NYME,01,066 ,   18844,   13470,   11289,    2409,    4092,     617,       0,     225,       0,     446,    1495,     880,   17822,   18598,    1022,     246,   18844,   13470,   11289,    2409,    4092,     617,       0,     225,       0,     446,    1495,     880,   17822,   18598,    1022,     246,       0,       0,       0,       0,       0,       0,       0,       0,       0,       0,       0,       0,       0,       0,       0,       0,   -1692,   -1487,   -1191,    -247,    -472,      63,       0,     -10,       0,      79,     181,    -188,   -1780,   -1617,      88,     -75,  100.0,   71.5,   59.9,   12.8,   21.7,    3.3,    0.0,    1.2,    0.0,    2.4,    7.9,    4.7,   94.6,   98.7,    5.4,    1.3,  100.0,   71.5,   59.9,   12.8,   21.7,    3.3,    0.0,    1.2,    0.0,    2.4,    7.9,    4.7,   94.6,   98.7,    5.4,    1.3,  100.0,    0.0,    0.0,    0.0,    0.0,    0.0,    0.0,    0.0,    0.0,    0.0,    0.0,    0.0,    0.0,    0.0,    0.0,    0.0,     51,     24,     19,      6,      6,      7,      0,.,      0,.,      5,      5,     41,     34,     51,     24,     19,      6,      6,      7,      0,.,      0,.,      5,      5,     41,     34,      0,      0,      0,      0,      0,      0,      0,      0,      0,      0,      0,      0,      0,      0,    46.7,    48.6,    64.0,    72.6,    45.9,    41.4,    60.5,    63.3,    46.7,    48.6,    64.0,    72.6,    45.9,    41.4,    60.5,    63.3,     0.0,     0.0,     0.0,     0.0,     0.0,     0.0,     0.0,     0.0,"(CONTRACTS OF 42,000 GALLONS)",06665T,NYME,066 ,N13,FutOnly
CRUDE DIFF-WCS HOUSTON/WTI 1ST - ICE FUTURES ENERGY DIV,261006,2026-10-06,06739C,IFED,01,067 ,   61529,   43624,   60540,    4380,       0,      40,   12496,     461,     374,     511,       0,     104,   61529,   61519,       0,      10,   61529,   43624,   60540,    4380,       0,      40,   12496,     461,     374,     511,       0,     104,   61529,   61519,       0,      10,       0,       0,       0,       0,       0,       0,       0,       0,       0,       0,       0,       0,       0,       0,       0,       0,    1659,    1880,    1525,     -90,       0,       0,      10,     210,     -70,     -65,       0,      -6,    1659,    1659,       0,       0,  100.0,   70.9,   98.4,    7.1,    0.0,    0.1,   20.3,    0.7,    0.6,    0.8,    0.0,    0.2,  100.0,  100.0,    0.0,    0.0,  100.0,   70.9,   98.4,    7.1,    0.0,    0.1,   20.3,    0.7,    0.6,    0.8,    0.0,    0.2,  100.0,  100.0,    0.0,    0.0,  100.0,    0.0,    0.0,    0.0,    0.0,    0.0,    0.0,    0.0,    0.0,    0.0,    0.0,    0.0,    0.0,    0.0,    0.0,    0.0,     42,     25,     20,.,      0,.,      4,.,.,.,      0,.,     35,     27,     42,     25,     20,.,      0,.,      4,.,.,.,      0,.,     35,     27,      0,      0,      0,      0,      0,      0,      0,      0,      0,      0,      0,      0,      0,      0,    46.6,    78.4,    66.8,    89.7,    36.5,    66.7,    52.6,    70.6,    46.6,    78.4,    66.8,    89.7,    36.5,    66.7,    52.6,    70.6,     0.0,     0.0,     0.0,     0.0,     0.0,     0.0,     0.0,     0.0,(1000 Barrels),06739C,IFED,067 ,N10,FutOnly
"CRUDE OIL, LIGHT SWEET-WTI - ICE FUTURES EUROPE",261006,2026-10-06,067411,ICEU,01,067 ,  752148,  423871,  338381,    9787,   85514,   60960,   18871,   23405,   23569,   51469,   59381,  147276,  735803,  738486,   16345,   13662,  752148,  423871,  338381,    9787,   85514,   60960,   18871,   23405,   23569,   51469,   59381,  147276,  735803,  738486,   16345,   13662,       0,       0,       0,       0,       0,       0,       0,       0,       0,       0,       0,       0,       0,       0,       0,       0,    9522,   23520,   12961,   -2570,    -106,     461,    -685,    1151,     405,   -5982,   -1112,   -5143,   10006,    8617,    -484,     905,  100.0,   56.4,   45.0,    1.3,   11.4,    8.1,    2.5,    3.1,    3.1,    6.8,    7.9,   19.6,   97.8,   98.2,    2.2,    1.8,  100.0,   56.4,   45.0,    1.3,   11.4,    8.1,    2.5,    3.1,    3.1,    6.8,    7.9,   19.6,   97.8,   98.2,    2.2,    1.8,  100.0,    0.0,    0.0,    0.0,    0.0,    0.0,    0.0,    0.0,    0.0,    0.0,    0.0,    0.0,    0.0,    0.0,    0.0,    0.0,    111,     36,     36,      4,     10,     13,      4,     11,     10,     13,     21,     30,     92,     99,    111,     36,     36,      4,     10,     13,      4,     11,     10,     13,     21,     30,     92,     99,      0,      0,      0,      0,      0,      0,      0,      0,      0,      0,      0,      0,      0,      0,    33.3,    32.1,    50.5,    45.2,    25.8,    21.0,    34.2,    27.8,    33.3,    32.1,    50.5,    45.2,    25.8,    21.0,    34.2,    27.8,     0.0,     0.0,     0.0,     0.0,     0.0,     0.0,     0.0,     0.0,"(CONTRACTS OF 1,000 BARRELS)",067411,ICEU,067 ,N10,FutOnly
WTI CRUDE OIL 1ST LINE - ICE FUTURES ENERGY DIV,261006,2026-10-06,06741Q,IFED,01,067 ,   19799,   12869,    2889,     914,    7014,    1698,       0,       0,       0,    1140,    5149,    1037,   17658,   17787,    2141,    2012,   19799,   12869,    2889,     914,    7014,    1698,       0,       0,       0,    1140,    5149,    1037,   17658,   17787,    2141,    2012,       0,       0,       0,       0,       0,       0,       0,       0,       0,       0,       0,       0,       0,       0,       0,       0,   -9093,   -7455,     -67,    -332,   -1618,     -77,       0,       0,       0,    -577,   -6925,     -75,   -8516,   -8762,    -577,    -331,  100.0,   65.0,   14.6,    4.6,   35.4,    8.6,    0.0,    0.0,    0.0,    5.8,   26.0,    5.2,   89.2,   89.8,   10.8,   10.2,  100.0,   65.0,   14.6,    4.6,   35.4,    8.6,    0.0,    0.0,    0.0,    5.8,   26.0,    5.2,   89.2,   89.8,   10.8,   10.2,  100.0,    0.0,    0.0,    0.0,    0.0,    0.0,    0.0,    0.0,    0.0,    0.0,    0.0,    0.0,    0.0,    0.0,    0.0,    0.0,     20,      8,      4,.,      6,      4,      0,      0,      0,.,.,      4,     17,     15,     20,      8,      4,.,      6,      4,      0,      0,      0,.,.,      4,     17,     15,      0,      0,      0,      0,      0,      0,      0,      0,      0,      0,      0,      0,      0,      0,    61.3,    60.8,    79.2,    78.5,    53.0,    54.9,    65.1,    66.5,    61.3,    60.8,    79.2,    78.5,    53.0,    54.9,    65.1,    66.5,     0.0,     0.0,     0.0,     0.0,     0.0,     0.0,     0.0,     0.0,1000 US barrels per lot,06741Q,IFED,067 ,N10,FutOnly
CRUDE DIFF-TMX WCS 1A INDEX - ICE FUTURES ENERGY DIV,261006,2026-10-06,06742G,IFED,01,067 ,   72375,   70415,   40062,     940,   13173,      75,       0,   18420,     570,     330,       0,       0,   72330,   72300,      45,      75,   72375,   70415,   40062,     940,   13173,      75,       0,   18420,     570,     330,       0,       0,   72330,   72300,      45,      75,       0,       0,       0,       0,       0,       0,       0,       0,       0,       0,       0,       0,       0,       0,       0,       0,    3850,    2890,    3960,     940,   -1730,       5,       0,    1590,       0,       0,       0,       0,    3835,    3825,      15,      25,  100.0,   97.3,   55.4,    1.3,   18.2,    0.1,    0.0,   25.5,    0.8,    0.5,    0.0,    0.0,   99.9,   99.9,    0.1,    0.1,  100.0,   97.3,   55.4,    1.3,   18.2,    0.1,    0.0,   25.5,    0.8,    0.5,    0.0,    0.0,   99.9,   99.9,    0.1,    0.1,  100.0,    0.0,    0.0,    0.0,    0.0,    0.0,    0.0,    0.0,    0.0,    0.0,    0.0,    0.0,    0.0,    0.0,    0.0,    0.0,     47,     25,     18,.,      8,.,      0,      4,.,.,      0,      0,     31,     31,     47,     25,     18,.,      8,.,      0,      4,.,.,      0,      0,     31,     31,      0,      0,      0,      0,      0,      0,      0,      0,      0,      0,      0,      0,      0,      0,    69.3,    53.3,    86.6,    70.8,    53.5,    48.3,    64.6,    60.4,    69.3,    53.3,    86.6,    70.8,    53.5,    48.3,    64.6,    60.4,     0.0,     0.0,     0.0,     0.0,     0.0,     0.0,     0.0,     0.0,1000 BARRELS,06742G,IFED,067 ,N10,FutOnly
CRUDE DIFF-TMX SW 1A INDEX - ICE FUTURES ENERGY DIV,261006,2026-10-06,06742T,IFED,01,067 ,   10816,   10561,    4190,       0,    6091,       0,     170,       0,      85,       0,     450,       0,   10816,   10816,       0,       0,   10816,   10561,    4190,       0,    6091,       0,     170,       0,      85,       0,     450,       0,   10816,   10816,       0,       0,       0,       0,       0,       0,       0,       0,       0,       0,       0,       0,       0,       0,       0,       0,       0,       0,     540,     540,     760,       0,       0,       0,       0,    -220,       0,       0,       0,       0,     540,     540,       0,       0,  100.0,   97.6,   38.7,    0.0,   56.3,    0.0,    1.6,    0.0,    0.8,    0.0,    4.2,    0.0,  100.0,  100.0,    0.0,    0.0,  100.0,   97.6,   38.7,    0.0,   56.3,    0.0,    1.6,    0.0,    0.8,    0.0,    4.2,    0.0,  100.0,  100.0,    0.0,    0.0,  100.0,    0.0,    0.0,    0.0,    0.0,    0.0,    0.0,    0.0,    0.0,    0.0,    0.0,    0.0,    0.0,    0.0,    0.0,    0.0,     28,     11,     15,      0,      6,      0,.,      0,.,      0,.,      0,     12,     24,     28,     11,     15,      0,      6,      0,.,      0,.,      0,.,      0,     12,     24,      0,      0,      0,      0,      0,      0,      0,      0,      0,      0,      0,      0,      0,      0,    78.3,    50.0,    93.9,    72.1,    72.6,    50.0,    80.5,    68.1,    78.3,    50.0,    93.9,    72.1,    72.6,    50.0,    80.5,    68.1,     0.0,     0.0,     0.0,     0.0,     0.0,     0.0,     0.0,     0.0,1000 BARRELS,06742T,IFED,067 ,N10,FutOnly
CONDENSATE DIF-TMX C5 1A INDEX - ICE FUTURES ENERGY DIV,261006,2026-10-06,06743A,IFED,01,067 ,   13735,   12995,   13570,     695,      60,       0,       0,       0,       0,       0,       0,       0,   13690,   13630,      45,     105,   13735,   12995,   13570,     695,      60,       0,       0,       0,       0,       0,       0,       0,   13690,   13630,      45,     105,       0,       0,       0,       0,       0,       0,       0,       0,       0,       0,       0,       0,       0,       0,       0,       0,      85,     110,      85,     -25,       0,       0,       0,       0,       0,       0,       0,       0,      85,      85,       0,       0,  100.0,   94.6,   98.8,    5.1,    0.4,    0.0,    0.0,    0.0,    0.0,    0.0,    0.0,    0.0,   99.7,   99.2,    0.3,    0.8,  100.0,   94.6,   98.8,    5.1,    0.4,    0.0,    0.0,    0.0,    0.0,    0.0,    0.0,    0.0,   99.7,   99.2,    0.3,    0.8,  100.0,    0.0,    0.0,    0.0,    0.0,    0.0,    0.0,    0.0,    0.0,    0.0,    0.0,    0.0,    0.0,    0.0,    0.0,    0.0,     25,     14,     16,.,.,      0,      0,      0,      0,      0,      0,      0,     16,     17,     25,     14,     16,.,.,      0,      0,      0,      0,      0,      0,      0,     16,     17,      0,      0,      0,      0,      0,      0,      0,      0,      0,      0,      0,      0,      0,      0,    71.0,    75.3,    88.4,    90.9,    66.1,    72.8,    78.4,    81.2,    71.0,    75.3,    88.4,    90.9,    66.1,    72.8,    78.4,    81.2,     0.0,     0.0,     0.0,     0.0,     0.0,     0.0,     0.0,     0.0,1000 BARRELS,06743A,IFED,067 ,N10,FutOnly
WTI-PHYSICAL - NEW YORK MERCANTILE EXCHANGE,261006,2026-10-06,067651,NYME,01,067 , 1889422,  618756,  283746,  117407,  578875,  158167,  178353,  124755,  311571,  158353,  112891,  269626, 1812233, 1839631,   77189,   49791, 1889422,  618756,  283746,  117407,  578875,  158167,  178353,  124755,  311571,  158353,  112891,  269626, 1812233, 1839631,   77189,   49791,       0,       0,       0,       0,       0,       0,       0,       0,       0,       0,       0,       0,       0,       0,       0,       0,   10846,    2869,  -12602,    3849,    3160,   13975,  -30675,   -4681,    8584,    6030,   -9561,    8875,   13507,    7750,   -2661,    3096,  100.0,   32.7,   15.0,    6.2,   30.6,    8.4,    9.4,    6.6,   16.5,    8.4,    6.0,   14.3,   95.9,   97.4,    4.1,    2.6,  100.0,   32.7,   15.0,    6.2,   30.6,    8.4,    9.4,    6.6,   16.5,    8.4,    6.0,   14.3,   95.9,   97.4,    4.1,    2.6,  100.0,    0.0,    0.0,    0.0,    0.0,    0.0,    0.0,    0.0,    0.0,    0.0,    0.0,    0.0,    0.0,    0.0,    0.0,    0.0,    298,     61,     56,     12,     28,     31,     60,     29,     58,     63,     33,     62,    269,    232,    298,     61,     56,     12,     28,     31,     60,     29,     58,     63,     33,     62,    269,    232,      0,      0,      0,      0,      0,      0,      0,      0,      0,      0,      0,      0,      0,      0,    17.5,    22.3,    31.1,    32.6,    10.3,    13.9,    17.1,    20.5,    17.5,    22.3,    31.1,    32.6,    10.3,    13.9,    17.1,    20.5,     0.0,     0.0,     0.0,     0.0,     0.0,     0.0,     0.0,     0.0,"(CONTRACTS OF 1,000 BARRELS)",067651,NYME,067 ,N10,FutOnly
WTI FINANCIAL CRUDE OIL - NEW YORK MERCANTILE EXCHANGE,261006,2026-10-06,06765A,NYME,01,067 ,  199984,   25122,   51147,   51916,   47958,   19328,       0,       0,       0,   66958,   21809,    8334,  171658,  148576,   28326,   51408,  199984,   25122,   51147,   51916,   47958,   19328,       0,       0,       0,   66958,   21809,    8334,  171658,  148576,   28326,   51408,       0,       0,       0,       0,       0,       0,       0,       0,       0,       0,       0,       0,       0,       0,       0,       0,  -19691,  -16528,   -3815,     -56,   -6119,   -1453,       0,       0,       0,     171,   -2929,   -3110,  -20976,  -17426,    1285,   -2265,  100.0,   12.6,   25.6,   26.0,   24.0,    9.7,    0.0,    0.0,    0.0,   33.5,   10.9,    4.2,   85.8,   74.3,   14.2,   25.7,  100.0,   12.6,   25.6,   26.0,   24.0,    9.7,    0.0,    0.0,    0.0,   33.5,   10.9,    4.2,   85.8,   74.3,   14.2,   25.7,  100.0,    0.0,    0.0,    0.0,    0.0,    0.0,    0.0,    0.0,    0.0,    0.0,    0.0,    0.0,    0.0,    0.0,    0.0,    0.0,     48,     12,     16,     12,      5,     12,      0,      0,      0,      6,      5,      8,     36,     40,     48,     12,     16,     12,      5,     12,      0,      0,      0,      6,      5,      8,     36,     40,      0,      0,      0,      0,      0,      0,      0,      0,      0,      0,      0,      0,      0,      0,    36.8,    33.5,    55.9,    47.4,    34.7,    33.5,    51.8,    45.8,    36.8,    33.5,    55.9,    47.4,    34.7,    33.5,    51.8,    45.8,     0.0,     0.0,     0.0,     0.0,     0.0,     0.0,     0.0,     0.0,"(CONTRACTS OF 1,000 BARRELS)",06765A,NYME,067 ,N10,FutOnly
BRENT LAST DAY - NEW YORK MERCANTILE EXCHANGE,261006,2026-10-06,06765T,NYME,01,067 ,  230626,   15185,   56974,   69857,      44,    5506,    4600,    1243,    3822,   35322,   70688,   85967,  220259,  224244,   10367,    6382,  230626,   15185,   56974,   69857,      44,    5506,    4600,    1243,    3822,   35322,   70688,   85967,  220259,  224244,   10367,    6382,       0,       0,       0,       0,       0,       0,       0,       0,       0,       0,       0,       0,       0,       0,       0,       0,  -12698,   -6610,    3695,    -431,   -6141,     580,   -1646,    -817,     477,     429,   -4054,   -4737,  -11938,  -10997,    -760,   -1701,  100.0,    6.6,   24.7,   30.3,    0.0,    2.4,    2.0,    0.5,    1.7,   15.3,   30.7,   37.3,   95.5,   97.2,    4.5,    2.8,  100.0,    6.6,   24.7,   30.3,    0.0,    2.4,    2.0,    0.5,    1.7,   15.3,   30.7,   37.3,   95.5,   97.2,    4.5,    2.8,  100.0,    0.0,    0.0,    0.0,    0.0,    0.0,    0.0,    0.0,    0.0,    0.0,    0.0,    0.0,    0.0,    0.0,    0.0,    0.0,     57,     10,     15,      9,.,      7,.,.,      4,     16,     11,     22,     48,     52,     57,     10,     15,      9,.,      7,.,.,      4,     16,     11,     22,     48,     52,      0,      0,      0,      0,      0,      0,      0,      0,      0,      0,      0,      0,      0,      0,    38.8,    52.6,    61.6,    73.6,    27.6,    36.1,    39.0,    46.6,    38.8,    52.6,    61.6,    73.6,    27.6,    36.1,    39.0,    46.6,     0.0,     0.0,     0.0,     0.0,     0.0,     0.0,     0.0,     0.0,"(CONTRACTS OF 1,000 BARRELS)",06765T,NYME,067 ,N10,FutOnly
WTI  HOUSTON ARGUS/WTI TR MO - NEW YORK MERCANTILE EXCHANGE,261006,2026-10-06,0676A5,NYME,01,067 ,  495766,  462427,  343108,       0,   48550,    8508,     985,   30759,    8400,    3072,   35303,    8029,  491421,  482657,    4345,   13109,  495766,  462427,  343108,       0,   48550,    8508,     985,   30759,    8400,    3072,   35303,    8029,  491421,  482657,    4345,   13109,       0,       0,       0,       0,       0,       0,       0,       0,       0,       0,       0,       0,       0,       0,       0,       0,  -24471,  -21288,  -12841,       0,   -2407,    -623,    -825,    2941,   -1885,     415,   -6378,    -658,  -24864,  -21851,     393,   -2620,  100.0,   93.3,   69.2,    0.0,    9.8,    1.7,    0.2,    6.2,    1.7,    0.6,    7.1,    1.6,   99.1,   97.4,    0.9,    2.6,  100.0,   93.3,   69.2,    0.0,    9.8,    1.7,    0.2,    6.2,    1.7,    0.6,    7.1,    1.6,   99.1,   97.4,    0.9,    2.6,  100.0,    0.0,    0.0,    0.0,    0.0,    0.0,    0.0,    0.0,    0.0,    0.0,    0.0,    0.0,    0.0,    0.0,    0.0,    0.0,     46,     24,     24,      0,      7,.,.,.,.,.,.,.,     33,     37,     46,     24,     24,      0,      7,.,.,.,.,.,.,.,     33,     37,      0,      0,      0,      0,      0,      0,      0,      0,      0,      0,      0,      0,      0,      0,    62.0,    49.4,    84.5,    70.5,    61.3,    46.7,    74.6,    64.0,    62.0,    49.4,    84.5,    70.5,    61.3,    46.7,    74.6,    64.0,     0.0,     0.0,     0.0,     0.0,     0.0,     0.0,     0.0,     0.0,"(CONTRACTS OF 1,000 BARRELS)",0676A5,NYME,067 ,N10,FutOnly
WTI MIDLAND ARGUS VS WTI TRADE - NEW YORK MERCANTILE EXCHANGE,261006,2026-10-06,067A71,NYME,01,067 ,  430701,  398704,  266490,    3620,  139649,    3951,       0,    5260,       0,   17984,       0,     465,  424724,  415815,    5977,   14886,  430701,  398704,  266490,    3620,  139649,    3951,       0,    5260,       0,   17984,       0,     465,  424724,  415815,    5977,   14886,       0,       0,       0,       0,       0,       0,       0,       0,       0,       0,       0,       0,       0,       0,       0,       0,  -17609,  -10776,   -6323,     441,   -8349,    -900,       0,    -200,       0,   -4141,       0,     465,  -14911,  -15307,   -2698,   -2302,  100.0,   92.6,   61.9,    0.8,   32.4,    0.9,    0.0,    1.2,    0.0,    4.2,    0.0,    0.1,   98.6,   96.5,    1.4,    3.5,  100.0,   92.6,   61.9,    0.8,   32.4,    0.9,    0.0,    1.2,    0.0,    4.2,    0.0,    0.1,   98.6,   96.5,    1.4,    3.5,  100.0,    0.0,    0.0,    0.0,    0.0,    0.0,    0.0,    0.0,    0.0,    0.0,    0.0,    0.0,    0.0,    0.0,    0.0,    0.0,     36,     17,     12,.,     10,.,      0,.,      0,.,      0,.,     21,     25,     36,     17,     12,.,     10,.,      0,.,      0,.,      0,.,     21,     25,      0,      0,      0,      0,      0,      0,      0,      0,      0,      0,      0,      0,      0,      0,    67.7,    64.9,    90.5,    84.1,    67.7,    64.7,    90.5,    84.0,    67.7,    64.9,    90.5,    84.1,    67.7,    64.7,    90.5,    84.0,     0.0,     0.0,     0.0,     0.0,     0.0,     0.0,     0.0,     0.0,"(CONTRACTS OF 1,000 BARRELS)",067A71,NYME,067 ,N10,FutOnly
COCOA - ICE FUTURES U.S.,261006,2026-10-06,073732,ICUS,01,073 ,  179765,   50872,   71098,   38475,    8586,   10048,   19845,   30897,   26708,   11568,   11164,   11852,  169368,  170353,   10397,    9412,  170603,   46309,   67006,   38988,    8593,    8698,   20352,   32368,   24146,   12102,   10466,   10107,  160702,  161384,    9901,    9219,    9162,    4563,    4092,     552,    1058,     285,    1476,     512,     579,     447,    1679,     764,    8666,    8969,     496,     193,   -4123,    -594,    6149,    2507,   -1093,   -1401,    1255,   -3715,   -2447,    -302,    1197,   -3105,   -4087,   -4415,     -36,     292,  100.0,   28.3,   39.6,   21.4,    4.8,    5.6,   11.0,   17.2,   14.9,    6.4,    6.2,    6.6,   94.2,   94.8,    5.8,    5.2,  100.0,   27.1,   39.3,   22.9,    5.0,    5.1,   11.9,   19.0,   14.2,    7.1,    6.1,    5.9,   94.2,   94.6,    5.8,    5.4,  100.0,   49.8,   44.7,    6.0,   11.5,    3.1,   16.1,    5.6,    6.3,    4.9,   18.3,    8.3,   94.6,   97.9,    5.4,    2.1,    202,     31,     25,     20,      6,     16,     43,     39,     48,     18,     33,     32,    168,    152,    202,     30,     25,     20,      6,     15,     42,     40,     46,     22,     31,     31,    166,    149,     54,     13,     11,      6,.,.,      6,.,.,      8,     10,      8,     40,     32,    19.3,    16.1,    30.2,    28.0,    17.0,    13.1,    26.5,    21.9,    20.1,    16.8,    31.4,    28.7,    18.3,    14.3,    28.3,    23.5,    49.4,    34.9,    65.3,    61.0,    33.5,    27.9,    43.8,    44.0,(CONTRACTS OF 10 METRIC TONS),073732,ICUS,073 ,A50,FutOnly
PALLADIUM - NEW YORK MERCANTILE EXCHANGE,261006,2026-10-06,075651,NYME,01,075 ,   21060,    1445,    1263,    7722,    2116,      29,    4485,   13870,    1077,    3173,     805,     221,   18152,   19381,    2908,    1679,   21060,    1445,    1263,    7722,    2116,      29,    4485,   13870,    1077,    3173,     805,     221,   18152,   19381,    2908,    1679,       0,       0,       0,       0,       0,       0,       0,       0,       0,       0,       0,       0,       0,       0,       0,       0,    2458,     201,     -78,     668,    -144,     -56,     745,    2168,     226,     515,     284,      11,    2310,    2411,     148,      47,  100.0,    6.9,    6.0,   36.7,   10.0,    0.1,   21.3,   65.9,    5.1,   15.1,    3.8,    1.0,   86.2,   92.0,   13.8,    8.0,  100.0,    6.9,    6.0,   36.7,   10.0,    0.1,   21.3,   65.9,    5.1,   15.1,    3.8,    1.0,   86.2,   92.0,   13.8,    8.0,  100.0,    0.0,    0.0,    0.0,    0.0,    0.0,    0.0,    0.0,    0.0,    0.0,    0.0,    0.0,    0.0,    0.0,    0.0,    0.0,    183,     14,      9,     19,     10,      4,     32,     46,     23,     42,     11,      9,    122,     97,    183,     14,      9,     19,     10,      4,     32,     46,     23,     42,     11,      9,    122,     97,      0,      0,      0,      0,      0,      0,      0,      0,      0,      0,      0,      0,      0,      0,    24.4,    27.1,    35.8,    41.5,    24.3,    25.8,    35.7,    40.2,    24.4,    27.1,    35.8,    41.5,    24.3,    25.8,    35.7,    40.2,     0.0,     0.0,     0.0,     0.0,     0.0,     0.0,     0.0,     0.0,(CONTRACTS OF 100 TROY OUNCES),075651,NYME,075 ,N20,FutOnly
PLATINUM - NEW YORK MERCANTILE EXCHANGE,261006,2026-10-06,076651,NYME,01,076 ,   65868,    3103,   12587,   14892,   23194,     344,   19491,   11016,    3240,    8299,    2806,    9619,   58988,   62806,    6880,    3062,   65868,    3103,   12587,   14892,   23194,     344,   19491,   11016,    3240,    8299,    2806,    9619,   58988,   62806,    6880,    3062,       0,       0,       0,       0,       0,       0,       0,       0,       0,       0,       0,       0,       0,       0,       0,       0,    1822,     -11,     250,    -203,     274,     -85,     365,     146,    -550,     235,     -25,    2406,    2157,    2416,    -335,    -594,  100.0,    4.7,   19.1,   22.6,   35.2,    0.5,   29.6,   16.7,    4.9,   12.6,    4.3,   14.6,   89.6,   95.4,   10.4,    4.6,  100.0,    4.7,   19.1,   22.6,   35.2,    0.5,   29.6,   16.7,    4.9,   12.6,    4.3,   14.6,   89.6,   95.4,   10.4,    4.6,  100.0,    0.0,    0.0,    0.0,    0.0,    0.0,    0.0,    0.0,    0.0,    0.0,    0.0,    0.0,    0.0,    0.0,    0.0,    0.0,    213,     13,     24,     15,     15,      6,     45,     33,     20,     49,     21,     12,    145,    109,    213,     13,     24,     15,     15,      6,     45,     33,     20,     49,     21,     12,    145,    109,      0,      0,      0,      0,      0,      0,      0,      0,      0,      0,      0,      0,      0,      0,    22.6,    36.4,    34.3,    52.5,    15.2,    31.5,    25.1,    43.5,    22.6,    36.4,    34.3,    52.5,    15.2,    31.5,    25.1,    43.5,     0.0,     0.0,     0.0,     0.0,     0.0,     0.0,     0.0,     0.0,(CONTRACTS OF 50 TROY OUNCES),076651,NYME,076 ,N20,FutOnly
SUGAR NO. 11 - ICE FUTURES U.S.,261006,2026-10-06,080732,ICUS,01,080 , 1158944,  179256,  554626,  253088,  155062,   16410,  345661,   93147,  139478,   60625,   95864,   58601, 1053119, 1113188,  105825,   45756, 1158944,  179256,  554626,  253088,  155062,   16410,  345661,   93147,  139478,   60625,   95864,   58601, 1053119, 1113188,  105825,   45756,       0,       0,       0,       0,       0,       0,       0,       0,       0,       0,       0,       0,       0,       0,       0,       0,   59768,  -13122,   16890,    4306,   28717,    -724,   30758,   -3420,   17625,   14602,     -53,    1096,   54541,   60131,    5227,    -363,  100.0,   15.5,   47.9,   21.8,   13.4,    1.4,   29.8,    8.0,   12.0,    5.2,    8.3,    5.1,   90.9,   96.1,    9.1,    3.9,  100.0,   15.5,   47.9,   21.8,   13.4,    1.4,   29.8,    8.0,   12.0,    5.2,    8.3,    5.1,   90.9,   96.1,    9.1,    3.9,  100.0,    0.0,    0.0,    0.0,    0.0,    0.0,    0.0,    0.0,    0.0,    0.0,    0.0,    0.0,    0.0,    0.0,    0.0,    0.0,    295,     46,     55,     21,     15,     20,     87,     28,     64,     40,     34,     30,    249,    195,    295,     46,     55,     21,     15,     20,     87,     28,     64,     40,     34,     30,    249,    195,      0,      0,      0,      0,      0,      0,      0,      0,      0,      0,      0,      0,      0,      0,    12.5,    25.9,    20.7,    38.6,    12.2,    21.6,    19.8,    33.2,    12.5,    25.9,    20.7,    38.6,    12.2,    21.6,    19.8,    33.2,     0.0,     0.0,     0.0,     0.0,     0.0,     0.0,     0.0,     0.0,"(CONTRACTS OF 112,000 POUNDS)",080732,ICUS,080 ,A50,FutOnly
COFFEE C - ICE FUTURES U.S.,261006,2026-10-06,083731,ICUS,01,083 ,  162806,   41575,   61950,   25576,   22713,    4605,   37043,   18007,   20373,    9650,   12473,   16334,  155156,  156455,    7650,    6351,  154455,   38889,   58776,   25684,   20269,    3882,   37112,   18024,   19362,    7904,   13734,   14245,  147078,  148292,    7377,    6163,    8351,    2686,    3174,     615,    3167,       0,     907,     959,      35,    3664,     657,     171,    8078,    8163,     273,     188,    7898,    -397,    3951,    1247,    -121,      98,    2472,    -358,    1994,     116,     225,    2099,    7629,    7888,     269,      10,  100.0,   25.5,   38.1,   15.7,   14.0,    2.8,   22.8,   11.1,   12.5,    5.9,    7.7,   10.0,   95.3,   96.1,    4.7,    3.9,  100.0,   25.2,   38.1,   16.6,   13.1,    2.5,   24.0,   11.7,   12.5,    5.1,    8.9,    9.2,   95.2,   96.0,    4.8,    4.0,  100.0,   32.2,   38.0,    7.4,   37.9,    0.0,   10.9,   11.5,    0.4,   43.9,    7.9,    2.0,   96.7,   97.7,    3.3,    2.3,    346,     77,     79,     17,     23,     20,     71,     43,     60,     34,     49,     46,    273,    262,    345,     76,     76,     18,     21,     19,     70,     45,     60,     36,     49,     44,    270,    257,    103,     29,     23,     10,     12,      0,      4,      9,.,     11,     10,      4,     57,     56,    16.1,    14.7,    24.6,    23.9,    12.0,    12.0,    17.8,    18.7,    16.1,    14.3,    24.4,    24.1,    12.8,    11.5,    18.9,    18.4,    47.5,    38.9,    64.6,    57.6,    45.1,    38.8,    61.5,    56.2,"(CONTRACTS OF 37,500 POUNDS)",083731,ICUS,083 ,A50,FutOnly
SILVER - COMMODITY EXCHANGE INC.,261006,2026-10-06,084691,CMX ,01,084 ,  105130,    4411,   20664,   23916,   49255,    3418,   16457,    8929,    7712,   17191,    1566,    5119,   78224,   96663,   26906,    8467,  105130,    4411,   20664,   23916,   49255,    3418,   16457,    8929,    7712,   17191,    1566,    5119,   78224,   96663,   26906,    8467,       0,       0,       0,       0,       0,       0,       0,       0,       0,       0,       0,       0,       0,       0,       0,       0,   -1917,    -621,    -880,     245,    2086,   -1974,    -429,    -343,     417,     595,    -561,      79,   -1688,   -1176,    -229,    -741,  100.0,    4.2,   19.7,   22.7,   46.9,    3.3,   15.7,    8.5,    7.3,   16.4,    1.5,    4.9,   74.4,   91.9,   25.6,    8.1,  100.0,    4.2,   19.7,   22.7,   46.9,    3.3,   15.7,    8.5,    7.3,   16.4,    1.5,    4.9,   74.4,   91.9,   25.6,    8.1,  100.0,    0.0,    0.0,    0.0,    0.0,    0.0,    0.0,    0.0,    0.0,    0.0,    0.0,    0.0,    0.0,    0.0,    0.0,    0.0,    156,      9,     14,     18,     15,     17,     30,     17,     20,     46,     11,     16,    124,     89,    156,      9,     14,     18,     15,     17,     30,     17,     20,     46,     11,     16,    124,     89,      0,      0,      0,      0,      0,      0,      0,      0,      0,      0,      0,      0,      0,      0,    14.4,    33.4,    23.4,    49.0,    14.2,    31.1,    22.1,    45.3,    14.4,    33.4,    23.4,    49.0,    14.2,    31.1,    22.1,    45.3,     0.0,     0.0,     0.0,     0.0,     0.0,     0.0,     0.0,     0.0,"(CONTRACTS OF 5,000 TROY OUNCES)",084691,CMX ,084 ,N20,FutOnly
COPPER- #1 - COMMODITY EXCHANGE INC.,261006,2026-10-06,085692,CMX ,01,085 ,  304033,   40134,  132854,   55430,   40633,    8230,   76836,   15702,   42200,   31984,   23684,   32059,  286873,  295362,   17160,    8671,  304033,   40134,  132854,   55430,   40633,    8230,   76836,   15702,   42200,   31984,   23684,   32059,  286873,  295362,   17160,    8671,       0,       0,       0,       0,       0,       0,       0,       0,       0,       0,       0,       0,       0,       0,       0,       0,    2832,    9749,   -1871,     755,   -4543,     158,  -15258,    1666,    7174,     773,    -174,     151,    3502,    2561,    -670,     271,  100.0,   13.2,   43.7,   18.2,   13.4,    2.7,   25.3,    5.2,   13.9,   10.5,    7.8,   10.5,   94.4,   97.1,    5.6,    2.9,  100.0,   13.2,   43.7,   18.2,   13.4,    2.7,   25.3,    5.2,   13.9,   10.5,    7.8,   10.5,   94.4,   97.1,    5.6,    2.9,  100.0,    0.0,    0.0,    0.0,    0.0,    0.0,    0.0,    0.0,    0.0,    0.0,    0.0,    0.0,    0.0,    0.0,    0.0,    0.0,    279,     29,     33,     17,     16,     20,     83,     19,     43,     61,     36,     40,    239,    167,    279,     29,     33,     17,     16,     20,     83,     19,     43,     61,     36,     40,    239,    167,      0,      0,      0,      0,      0,      0,      0,      0,      0,      0,      0,      0,      0,      0,    16.9,    31.4,    28.3,    45.3,    16.0,    30.8,    24.8,    41.7,    16.9,    31.4,    28.3,    45.3,    16.0,    30.8,    24.8,    41.7,     0.0,     0.0,     0.0,     0.0,     0.0,     0.0,     0.0,     0.0,"(CONTRACTS OF 25,000 POUNDS)",085692,CMX ,085 ,N25,FutOnly
GOLD - COMMODITY EXCHANGE INC.,261006,2026-10-06,088691,CMX ,01,088 ,  396109,   18860,   38361,   14604,  239630,   22338,  127101,   16114,   31396,  118302,   18954,   13044,  345645,  379837,   50464,   16272,  396109,   18860,   38361,   14604,  239630,   22338,  127101,   16114,   31396,  118302,   18954,   13044,  345645,  379837,   50464,   16272,       0,       0,       0,       0,       0,       0,       0,       0,       0,       0,       0,       0,       0,       0,       0,       0,  -10347,     660,   -1102,    -231,   -4909,   -3458,   -4610,    4721,   -4898,     277,    -757,     233,  -12027,  -10170,    1680,    -177,  100.0,    4.8,    9.7,    3.7,   60.5,    5.6,   32.1,    4.1,    7.9,   29.9,    4.8,    3.3,   87.3,   95.9,   12.7,    4.1,  100.0,    4.8,    9.7,    3.7,   60.5,    5.6,   32.1,    4.1,    7.9,   29.9,    4.8,    3.3,   87.3,   95.9,   12.7,    4.1,  100.0,    0.0,    0.0,    0.0,    0.0,    0.0,    0.0,    0.0,    0.0,    0.0,    0.0,    0.0,    0.0,    0.0,    0.0,    0.0,    285,     20,     14,     18,     26,     20,     75,     18,     37,     82,     33,     25,    234,    139,    285,     20,     14,     18,     26,     20,     75,     18,     37,     82,     33,     25,    234,    139,      0,      0,      0,      0,      0,      0,      0,      0,      0,      0,      0,      0,      0,      0,    21.4,    39.7,    31.2,    59.0,    20.8,    37.9,    28.9,    55.6,    21.4,    39.7,    31.2,    59.0,    20.8,    37.9,    28.9,    55.6,     0.0,     0.0,     0.0,     0.0,     0.0,     0.0,     0.0,     0.0,(CONTRACTS OF 100 TROY OUNCES),088691,CMX ,088 ,N20,FutOnly
MICRO GOLD - COMMODITY EXCHANGE INC.,261006,2026-10-06,088695,CMX ,01,088 ,  101296,     242,       0,    7889,       0,       0,     241,       0,       0,   46221,   73474,    2612,   57205,   76086,   44091,   25210,  101296,     242,       0,    7889,       0,       0,     241,       0,       0,   46221,   73474,    2612,   57205,   76086,   44091,   25210,       0,       0,       0,       0,       0,       0,       0,       0,       0,       0,       0,       0,       0,       0,       0,       0,    -194,       0,       0,      98,       0,       0,       7,    -816,    -249,    3885,    6964,   -3668,      73,    2231,    -267,   -2425,  100.0,    0.2,    0.0,    7.8,    0.0,    0.0,    0.2,    0.0,    0.0,   45.6,   72.5,    2.6,   56.5,   75.1,   43.5,   24.9,  100.0,    0.2,    0.0,    7.8,    0.0,    0.0,    0.2,    0.0,    0.0,   45.6,   72.5,    2.6,   56.5,   75.1,   43.5,   24.9,  100.0,    0.0,    0.0,    0.0,    0.0,    0.0,    0.0,    0.0,    0.0,    0.0,    0.0,    0.0,    0.0,    0.0,    0.0,    0.0,     47,.,      0,.,      0,      0,.,      0,      0,     27,     16,      9,     39,     17,     47,.,      0,.,      0,      0,.,      0,      0,     27,     16,      9,     39,     17,      0,      0,      0,      0,      0,      0,      0,      0,      0,      0,      0,      0,      0,      0,    34.6,    64.8,    41.3,    71.1,    34.4,    64.3,    40.9,    69.7,    34.6,    64.8,    41.3,    71.1,    34.4,    64.3,    40.9,    69.7,     0.0,     0.0,     0.0,     0.0,     0.0,     0.0,     0.0,     0.0,(CONTRACTS OF 10 TROY OUNCES),088695,CMX ,088 ,N20,FutOnly
GASOLINE RBOB - NEW YORK MERCANTILE EXCHANGE,261006,2026-10-06,111659,NYME,01,111 ,  348700,   82103,  177384,   52144,   40913,    9985,  109150,   12064,   39616,   10021,   36576,   19601,  322620,  336139,   26080,   12561,  348700,   82103,  177384,   52144,   40913,    9985,  109150,   12064,   39616,   10021,   36576,   19601,  322620,  336139,   26080,   12561,       0,       0,       0,       0,       0,       0,       0,       0,       0,       0,       0,       0,       0,       0,       0,       0,    5846,      74,    5096,   -1248,    -409,    -869,    4355,    1455,    2362,    1530,    -870,    -754,    5450,    6011,     396,    -165,  100.0,   23.5,   50.9,   15.0,   11.7,    2.9,   31.3,    3.5,   11.4,    2.9,   10.5,    5.6,   92.5,   96.4,    7.5,    3.6,  100.0,   23.5,   50.9,   15.0,   11.7,    2.9,   31.3,    3.5,   11.4,    2.9,   10.5,    5.6,   92.5,   96.4,    7.5,    3.6,  100.0,    0.0,    0.0,    0.0,    0.0,    0.0,    0.0,    0.0,    0.0,    0.0,    0.0,    0.0,    0.0,    0.0,    0.0,    0.0,    238,     55,     78,     17,      8,     15,     70,     13,     45,     22,     19,     26,    199,    175,    238,     55,     78,     17,      8,     15,     70,     13,     45,     22,     19,     26,    199,    175,      0,      0,      0,      0,      0,      0,      0,      0,      0,      0,      0,      0,      0,      0,    13.4,    19.7,    23.7,    32.3,    10.0,    17.8,    17.7,    25.6,    13.4,    19.7,    23.7,    32.3,    10.0,    17.8,    17.7,    25.6,     0.0,     0.0,     0.0,     0.0,     0.0,     0.0,     0.0,     0.0,"(CONTRACTS OF 42,000 U.S. GALLONS)",111659,NYME,111 ,N10,FutOnly
GULF COAST CBOB GAS A2 PL RBOB - NEW YORK MERCANTILE EXCHANGE,261006,2026-10-06,111A34,NYME,01,111 ,   19108,   16967,   12977,       0,    3826,       0,     965,       0,     440,       0,       0,       0,   18372,   17243,     736,    1865,   19108,   16967,   12977,       0,    3826,       0,     965,       0,     440,       0,       0,       0,   18372,   17243,     736,    1865,       0,       0,       0,       0,       0,       0,       0,       0,       0,       0,       0,       0,       0,       0,       0,       0,   -3899,   -3538,   -2830,       0,     206,       0,    -245,       0,     125,       0,       0,       0,   -3658,   -2499,    -241,   -1400,  100.0,   88.8,   67.9,    0.0,   20.0,    0.0,    5.1,    0.0,    2.3,    0.0,    0.0,    0.0,   96.1,   90.2,    3.9,    9.8,  100.0,   88.8,   67.9,    0.0,   20.0,    0.0,    5.1,    0.0,    2.3,    0.0,    0.0,    0.0,   96.1,   90.2,    3.9,    9.8,  100.0,    0.0,    0.0,    0.0,    0.0,    0.0,    0.0,    0.0,    0.0,    0.0,    0.0,    0.0,    0.0,    0.0,    0.0,    0.0,     26,     19,     18,      0,.,      0,.,      0,.,      0,      0,      0,     21,     20,     26,     19,     18,      0,.,      0,.,      0,.,      0,      0,      0,     21,     20,      0,      0,      0,      0,      0,      0,      0,      0,      0,      0,      0,      0,      0,      0,    45.9,    54.7,    73.1,    73.0,    43.4,    50.0,    62.4,    63.2,    45.9,    54.7,    73.1,    73.0,    43.4,    50.0,    62.4,    63.2,     0.0,     0.0,     0.0,     0.0,     0.0,     0.0,     0.0,     0.0,"(CONTRACTS OF 42,000 GALLONS)",111A34,NYME,111 ,N10,FutOnly
CANOLA - ICE FUTURES U.S.,261006,2026-10-06,135731,ICUS,01,135 ,  352656,  133138,  224649,    5632,   19988,    4152,  134781,   19253,   29377,   18892,   28338,   21917,  347889,  347674,    4767,    4982,  344830,  126709,  222708,    5632,   15656,    4152,  134628,   20147,   28478,   18965,   27241,   21532,  340096,  339914,    4734,    4916,    7826,    6429,    1941,       0,    4332,       0,    1052,       5,       0,     259,    1429,      53,    7793,    7760,      33,      66,    7054,    1124,    9385,    -508,    -229,     981,    -337,   -3779,    1608,    -260,   -4839,    2550,    5158,    5677,    1896,    1377,  100.0,   37.8,   63.7,    1.6,    5.7,    1.2,   38.2,    5.5,    8.3,    5.4,    8.0,    6.2,   98.6,   98.6,    1.4,    1.4,  100.0,   36.7,   64.6,    1.6,    4.5,    1.2,   39.0,    5.8,    8.3,    5.5,    7.9,    6.2,   98.6,   98.6,    1.4,    1.4,  100.0,   82.1,   24.8,    0.0,   55.4,    0.0,   13.4,    0.1,    0.0,    3.3,   18.3,    0.7,   99.6,   99.2,    0.4,    0.8,    354,     34,     78,      5,     11,      4,     76,     25,     27,     50,     91,     35,    205,    238,    348,     32,     76,      5,     11,      4,     75,     26,     27,     53,     89,     32,    200,    232,     55,     11,     12,      0,.,      0,      4,.,      0,      6,     17,.,     24,     34,    27.3,    36.5,    41.5,    49.4,    21.0,    33.2,    34.2,    43.9,    27.5,    37.3,    42.0,    49.2,    21.2,    34.6,    34.5,    44.6,    82.0,    77.6,    93.6,    89.2,    82.0,    77.6,    93.6,    89.2,(20 Metric Tonnes),135731,ICUS,135 ,A30,FutOnly
COBALT - COMMODITY EXCHANGE INC.,261006,2026-10-06,188691,CMX ,01,188 ,   15441,    3600,    4403,    4266,    2142,     259,    2079,    2405,    2730,    2019,    2521,     111,   15064,   14571,     377,     870,   15441,    3600,    4403,    4266,    2142,     259,    2079,    2405,    2730,    2019,    2521,     111,   15064,   14571,     377,     870,       0,       0,       0,       0,       0,       0,       0,       0,       0,       0,       0,       0,       0,       0,       0,       0,    -479,     737,    -363,    -258,     -10,     -15,    -163,    -102,    -225,    -390,     278,     -88,    -402,    -525,     -77,      46,  100.0,   23.3,   28.5,   27.6,   13.9,    1.7,   13.5,   15.6,   17.7,   13.1,   16.3,    0.7,   97.6,   94.4,    2.4,    5.6,  100.0,   23.3,   28.5,   27.6,   13.9,    1.7,   13.5,   15.6,   17.7,   13.1,   16.3,    0.7,   97.6,   94.4,    2.4,    5.6,  100.0,    0.0,    0.0,    0.0,    0.0,    0.0,    0.0,    0.0,    0.0,    0.0,    0.0,    0.0,    0.0,    0.0,    0.0,    0.0,     39,     11,     13,      5,.,      5,      5,      4,      6,.,      4,.,     30,     31,     39,     11,     13,      5,.,      5,      5,      4,      6,.,      4,.,     30,     31,      0,      0,      0,      0,      0,      0,      0,      0,      0,      0,      0,      0,      0,      0,    38.6,    45.5,    68.0,    69.8,    35.7,    39.4,    60.4,    57.5,    38.6,    45.5,    68.0,    69.8,    35.7,    39.4,    60.4,    57.5,     0.0,     0.0,     0.0,     0.0,     0.0,     0.0,     0.0,     0.0,"2,204.62 pounds (1 Metric Ton)",188691,CMX ,188 ,N25,FutOnly
LITHIUM HYDROXIDE  - COMMODITY EXCHANGE INC.,261006,2026-10-06,189691,CMX ,01,189 ,   19440,    1653,    3745,   11948,    4146,     228,    2533,    1526,     308,     630,    7199,    1830,   19130,   18982,     310,     458,   19440,    1653,    3745,   11948,    4146,     228,    2533,    1526,     308,     630,    7199,    1830,   19130,   18982,     310,     458,       0,       0,       0,       0,       0,       0,       0,       0,       0,       0,       0,       0,       0,       0,       0,       0,   -1553,     254,     -11,    -981,     -35,     -24,    -214,     461,    -199,     242,   -1138,    -574,   -1496,   -1520,     -57,     -33,  100.0,    8.5,   19.3,   61.5,   21.3,    1.2,   13.0,    7.8,    1.6,    3.2,   37.0,    9.4,   98.4,   97.6,    1.6,    2.4,  100.0,    8.5,   19.3,   61.5,   21.3,    1.2,   13.0,    7.8,    1.6,    3.2,   37.0,    9.4,   98.4,   97.6,    1.6,    2.4,  100.0,    0.0,    0.0,    0.0,    0.0,    0.0,    0.0,    0.0,    0.0,    0.0,    0.0,    0.0,    0.0,    0.0,    0.0,    0.0,     42,      4,      6,      8,.,      4,.,      8,.,.,     13,      5,     23,     34,     42,      4,      6,      8,.,      4,.,      8,.,.,     13,      5,     23,     34,      0,      0,      0,      0,      0,      0,      0,      0,      0,      0,      0,      0,      0,      0,    57.6,    52.6,    79.6,    69.5,    56.2,    52.5,    74.2,    66.9,    57.6,    52.6,    79.6,    69.5,    56.2,    52.5,    74.2,    66.9,     0.0,     0.0,     0.0,     0.0,     0.0,     0.0,     0.0,     0.0,(1000) Kilograms,189691,CMX ,189 ,N25,FutOnly
ALUMINUM MWP - COMMODITY EXCHANGE INC.,261006,2026-10-06,191693,CMX ,01,191 ,   29294,    7362,   20793,   17132,    2410,    1112,      10,     128,     218,    2943,    3712,     376,   29153,   28749,     141,     545,   29294,    7362,   20793,   17132,    2410,    1112,      10,     128,     218,    2943,    3712,     376,   29153,   28749,     141,     545,       0,       0,       0,       0,       0,       0,       0,       0,       0,       0,       0,       0,       0,       0,       0,       0,   -2161,    -829,   -1054,    -787,    -617,    -110,     -75,       0,      28,      -7,     -54,    -351,   -2131,   -2158,     -30,      -3,  100.0,   25.1,   71.0,   58.5,    8.2,    3.8,    0.0,    0.4,    0.7,   10.0,   12.7,    1.3,   99.5,   98.1,    0.5,    1.9,  100.0,   25.1,   71.0,   58.5,    8.2,    3.8,    0.0,    0.4,    0.7,   10.0,   12.7,    1.3,   99.5,   98.1,    0.5,    1.9,  100.0,    0.0,    0.0,    0.0,    0.0,    0.0,    0.0,    0.0,    0.0,    0.0,    0.0,    0.0,    0.0,    0.0,    0.0,    0.0,     57,     10,     22,     12,      4,      8,.,.,.,.,     11,      5,     34,     47,     57,     10,     22,     12,      4,      8,.,.,.,.,     11,      5,     34,     47,      0,      0,      0,      0,      0,      0,      0,      0,      0,      0,      0,      0,      0,      0,    48.6,    51.2,    72.7,    70.9,    48.4,    51.1,    72.5,    70.0,    48.6,    51.2,    72.7,    70.9,    48.4,    51.1,    72.5,    70.0,     0.0,     0.0,     0.0,     0.0,     0.0,     0.0,     0.0,     0.0,"(55,116 US Pounds-25 MT)",191693,CMX ,191 ,N25,FutOnly
ALUMINIUM EURO PREM DUTY-PAID - COMMODITY EXCHANGE INC.,261006,2026-10-06,191696,CMX ,01,191 ,   12756,    3369,    8063,    6273,    1049,     621,       0,     860,     120,    2033,    1983,       0,   12416,   12696,     340,      60,   12756,    3369,    8063,    6273,    1049,     621,       0,     860,     120,    2033,    1983,       0,   12416,   12696,     340,      60,       0,       0,       0,       0,       0,       0,       0,       0,       0,       0,       0,       0,       0,       0,       0,       0,   -1957,    -601,    -626,   -1009,    -758,     210,       0,      34,      -4,    -707,    -813,       0,   -2111,   -1957,     154,       0,  100.0,   26.4,   63.2,   49.2,    8.2,    4.9,    0.0,    6.7,    0.9,   15.9,   15.5,    0.0,   97.3,   99.5,    2.7,    0.5,  100.0,   26.4,   63.2,   49.2,    8.2,    4.9,    0.0,    6.7,    0.9,   15.9,   15.5,    0.0,   97.3,   99.5,    2.7,    0.5,  100.0,    0.0,    0.0,    0.0,    0.0,    0.0,    0.0,    0.0,    0.0,    0.0,    0.0,    0.0,    0.0,    0.0,    0.0,    0.0,     29,      8,     11,      6,      4,.,      0,.,.,      4,.,      0,     20,     19,     29,      8,     11,      6,      4,.,      0,.,.,      4,.,      0,     20,     19,      0,      0,      0,      0,      0,      0,      0,      0,      0,      0,      0,      0,      0,      0,    50.6,    51.2,    77.2,    73.5,    50.6,    50.2,    69.7,    70.1,    50.6,    51.2,    77.2,    73.5,    50.6,    50.2,    69.7,    70.1,     0.0,     0.0,     0.0,     0.0,     0.0,     0.0,     0.0,     0.0,(25 METRIC TONS),191696,CMX ,191 ,N25,FutOnly
STEEL-HRC - COMMODITY EXCHANGE INC.,261006,2026-10-06,192651,CMX ,01,192 ,   37302,   10549,   33296,   13371,       0,     792,    7877,    1089,     410,    2751,     525,    1047,   36797,   37159,     505,     143,   37302,   10549,   33296,   13371,       0,     792,    7877,    1089,     410,    2751,     525,    1047,   36797,   37159,     505,     143,       0,       0,       0,       0,       0,       0,       0,       0,       0,       0,       0,       0,       0,       0,       0,       0,   -5087,   -1667,   -4290,   -2492,     -50,      64,   -1060,    -270,     206,      23,    -553,    -208,   -5134,   -5101,      47,      14,  100.0,   28.3,   89.3,   35.8,    0.0,    2.1,   21.1,    2.9,    1.1,    7.4,    1.4,    2.8,   98.6,   99.6,    1.4,    0.4,  100.0,   28.3,   89.3,   35.8,    0.0,    2.1,   21.1,    2.9,    1.1,    7.4,    1.4,    2.8,   98.6,   99.6,    1.4,    0.4,  100.0,    0.0,    0.0,    0.0,    0.0,    0.0,    0.0,    0.0,    0.0,    0.0,    0.0,    0.0,    0.0,    0.0,    0.0,    0.0,     71,     23,     17,      6,      0,.,     15,.,      4,     14,      5,      6,     62,     34,     71,     23,     17,      6,      0,.,     15,.,      4,     14,      5,      6,     62,     34,      0,      0,      0,      0,      0,      0,      0,      0,      0,      0,      0,      0,      0,      0,    39.3,    77.8,    60.7,    88.2,    38.1,    75.6,    58.4,    81.4,    39.3,    77.8,    60.7,    88.2,    38.1,    75.6,    58.4,    81.4,     0.0,     0.0,     0.0,     0.0,     0.0,     0.0,     0.0,     0.0,(CONTRACTS OF 20 SHORT TONS),192651,CMX ,192 ,N25,FutOnly
NORTH EURO HOT-ROLL COIL STEEL - COMMODITY EXCHANGE INC.,261006,2026-10-06,192691,CMX ,01,192 ,    8982,    6033,    6870,     989,     100,     400,     125,     514,     615,     552,     383,      41,    8755,    8923,     227,      59,    8982,    6033,    6870,     989,     100,     400,     125,     514,     615,     552,     383,      41,    8755,    8923,     227,      59,       0,       0,       0,       0,       0,       0,       0,       0,       0,       0,       0,       0,       0,       0,       0,       0,   -1414,      84,   -1412,    -206,     -75,       0,    -460,     514,    -116,    -798,    -327,       2,   -1494,   -1414,      80,       0,  100.0,   67.2,   76.5,   11.0,    1.1,    4.5,    1.4,    5.7,    6.8,    6.1,    4.3,    0.5,   97.5,   99.3,    2.5,    0.7,  100.0,   67.2,   76.5,   11.0,    1.1,    4.5,    1.4,    5.7,    6.8,    6.1,    4.3,    0.5,   97.5,   99.3,    2.5,    0.7,  100.0,    0.0,    0.0,    0.0,    0.0,    0.0,    0.0,    0.0,    0.0,    0.0,    0.0,    0.0,    0.0,    0.0,    0.0,    0.0,     21,      8,      4,      4,.,.,.,.,.,.,.,.,     20,      7,     21,      8,      4,      4,.,.,.,.,.,.,.,.,     20,      7,      0,      0,      0,      0,      0,      0,      0,      0,      0,      0,      0,      0,      0,      0,    64.4,    93.3,    81.4,    99.3,    62.3,    82.5,    74.2,    83.6,    64.4,    93.3,    81.4,    99.3,    62.3,    82.5,    74.2,    83.6,     0.0,     0.0,     0.0,     0.0,     0.0,     0.0,     0.0,     0.0,(20 Metric Tons),192691,CMX ,192 ,N25,FutOnly
UREA (GRANULAR) FOB US GULF - CHICAGO BOARD OF TRADE,261006,2026-10-06,251607,CBT ,00,251 ,    1613,     948,     845,     120,     196,      15,      25,       0,       0,     130,     209,     248,    1486,    1513,     127,     100,    1613,     948,     845,     120,     196,      15,      25,       0,       0,     130,     209,     248,    1486,    1513,     127,     100,       0,       0,       0,       0,       0,       0,       0,       0,       0,       0,       0,       0,       0,       0,       0,       0,    -368,    -192,    -140,     -10,       0,     -45,      25,       0,       0,     -70,    -134,      -6,    -298,    -325,     -70,     -43,  100.0,   58.8,   52.4,    7.4,   12.2,    0.9,    1.5,    0.0,    0.0,    8.1,   13.0,   15.4,   92.1,   93.8,    7.9,    6.2,  100.0,   58.8,   52.4,    7.4,   12.2,    0.9,    1.5,    0.0,    0.0,    8.1,   13.0,   15.4,   92.1,   93.8,    7.9,    6.2,  100.0,    0.0,    0.0,    0.0,    0.0,    0.0,    0.0,    0.0,    0.0,    0.0,    0.0,    0.0,    0.0,    0.0,    0.0,    0.0,     20,      8,      5,.,.,.,.,      0,      0,.,      4,      5,     17,     13,     20,      8,      5,.,.,.,.,      0,      0,.,      4,      5,     17,     13,      0,      0,      0,      0,      0,      0,      0,      0,      0,      0,      0,      0,      0,      0,    56.7,    62.6,    75.4,    82.8,    52.1,    50.2,    62.0,    64.1,    56.7,    62.6,    75.4,    82.8,    52.1,    50.2,    62.0,    64.1,     0.0,     0.0,     0.0,     0.0,     0.0,     0.0,     0.0,     0.0,(CONTRACTS OF 100 METRIC TONS),251607,CBT ,251 ,A70,FutOnly
PGP PROPYLENE (PCW) CAL - NEW YORK MERCANTILE EXCHANGE,261006,2026-10-06,406651,NYME,01,406 ,    7487,    1174,    1066,    2551,      13,      71,     523,       0,       0,    1982,    5165,    1088,    7389,    7403,      98,      84,    7487,    1174,    1066,    2551,      13,      71,     523,       0,       0,    1982,    5165,    1088,    7389,    7403,      98,      84,       0,       0,       0,       0,       0,       0,       0,       0,       0,       0,       0,       0,       0,       0,       0,       0,   -1124,    -401,     -50,    -286,     -66,       0,     -90,       0,       0,      73,    -676,    -386,   -1090,   -1178,     -34,      54,  100.0,   15.7,   14.2,   34.1,    0.2,    0.9,    7.0,    0.0,    0.0,   26.5,   69.0,   14.5,   98.7,   98.9,    1.3,    1.1,  100.0,   15.7,   14.2,   34.1,    0.2,    0.9,    7.0,    0.0,    0.0,   26.5,   69.0,   14.5,   98.7,   98.9,    1.3,    1.1,  100.0,    0.0,    0.0,    0.0,    0.0,    0.0,    0.0,    0.0,    0.0,    0.0,    0.0,    0.0,    0.0,    0.0,    0.0,    0.0,     22,      5,      6,.,.,.,.,      0,      0,      6,      4,      6,     18,     15,     22,      5,      6,.,.,.,.,      0,      0,      6,      4,      6,     18,     15,      0,      0,      0,      0,      0,      0,      0,      0,      0,      0,      0,      0,      0,      0,    54.1,    81.3,    78.0,    93.2,    52.0,    77.2,    68.1,    78.3,    54.1,    81.3,    78.0,    93.2,    52.0,    77.2,    68.1,    78.3,     0.0,     0.0,     0.0,     0.0,     0.0,     0.0,     0.0,     0.0,"(CONTRACTS OF 100,000 POUNDS)",406651,NYME,406 ,N40,FutOnly
GULF JET NY HEAT OIL SPR - NEW YORK MERCANTILE EXCHANGE,261006,2026-10-06,86465A,NYME,01,864 ,   10929,    8504,   10831,    2001,       0,      78,       0,       0,       0,       0,       0,       0,   10583,   10909,     346,      20,   10929,    8504,   10831,    2001,       0,      78,       0,       0,       0,       0,       0,       0,   10583,   10909,     346,      20,       0,       0,       0,       0,       0,       0,       0,       0,       0,       0,       0,       0,       0,       0,       0,       0,   -1450,    -395,   -1405,   -1013,       0,     -65,       0,       0,       0,     -50,       0,       0,   -1523,   -1470,      73,      20,  100.0,   77.8,   99.1,   18.3,    0.0,    0.7,    0.0,    0.0,    0.0,    0.0,    0.0,    0.0,   96.8,   99.8,    3.2,    0.2,  100.0,   77.8,   99.1,   18.3,    0.0,    0.7,    0.0,    0.0,    0.0,    0.0,    0.0,    0.0,   96.8,   99.8,    3.2,    0.2,  100.0,    0.0,    0.0,    0.0,    0.0,    0.0,    0.0,    0.0,    0.0,    0.0,    0.0,    0.0,    0.0,    0.0,    0.0,    0.0,     29,     16,     20,      5,      0,.,      0,      0,      0,      0,      0,      0,     21,     21,     29,     16,     20,      5,      0,.,      0,      0,      0,      0,      0,      0,     21,     21,      0,      0,      0,      0,      0,      0,      0,      0,      0,      0,      0,      0,      0,      0,    51.0,    71.7,    71.9,    83.3,    43.2,    55.3,    56.6,    65.2,    51.0,    71.7,    71.9,    83.3,    43.2,    55.3,    56.6,    65.2,     0.0,     0.0,     0.0,     0.0,     0.0,     0.0,     0.0,     0.0,"(CONTRACTS OF 42,000 GALLONS)",86465A,NYME,864 ,N10,FutOnly
GULF # 6 FUEL OIL CRACK - NEW YORK MERCANTILE EXCHANGE,261006,2026-10-06,86565A,NYME,01,865 ,    9265,    3300,    6834,    2285,       0,     245,     360,     240,     570,    1754,     625,     751,    9265,    9265,       0,       0,    9265,    3300,    6834,    2285,       0,     245,     360,     240,     570,    1754,     625,     751,    9265,    9265,       0,       0,       0,       0,       0,       0,       0,       0,       0,       0,       0,       0,       0,       0,       0,       0,       0,       0,   -1520,    -840,    -935,     415,       0,    -670,     -25,     140,     -90,    -386,     -41,      76,   -1520,   -1520,       0,       0,  100.0,   35.6,   73.8,   24.7,    0.0,    2.6,    3.9,    2.6,    6.2,   18.9,    6.7,    8.1,  100.0,  100.0,    0.0,    0.0,  100.0,   35.6,   73.8,   24.7,    0.0,    2.6,    3.9,    2.6,    6.2,   18.9,    6.7,    8.1,  100.0,  100.0,    0.0,    0.0,  100.0,    0.0,    0.0,    0.0,    0.0,    0.0,    0.0,    0.0,    0.0,    0.0,    0.0,    0.0,    0.0,    0.0,    0.0,    0.0,     28,     12,      9,      4,      0,.,.,.,.,.,.,      4,     21,     19,     28,     12,      9,      4,      0,.,.,.,.,.,.,      4,     21,     19,      0,      0,      0,      0,      0,      0,      0,      0,      0,      0,      0,      0,      0,      0,    58.8,    53.0,    83.8,    75.8,    48.4,    48.6,    63.7,    64.7,    58.8,    53.0,    83.8,    75.8,    48.4,    48.6,    63.7,    64.7,     0.0,     0.0,     0.0,     0.0,     0.0,     0.0,     0.0,     0.0,"(CONTRACTS OF 1,000 BARRELS)",86565A,NYME,865 ,N10,FutOnly
