WHEAT-SRW - CHICAGO BOARD OF TRADE,260908,2026-09-08,001602,CBT ,00,001 ,  484680,   60051,  143844,   89148,   17903,   17325,  100506,   95633,  123461,   31392,   25795,   27450,  449333,  451411,   35347,   33269,  414547,   46054,  115581,   86685,   15303,    8754,   90397,  105546,  100578,   31612,   25437,   18512,  382592,  389711,   31955,   24836,   70133,   13997,   28263,   10679,   10816,     355,   28488,    8466,    4504,    6392,    6970,    2326,   66741,   61700,    3392,    8433,   14120,   17611,   -1002,   -5137,    2288,    7561,   -9108,     923,    6379,   -5385,   -1183,    1208,   13129,   16174,     991,   -2054,  100.0,   12.4,   29.7,   18.4,    3.7,    3.6,   20.7,   19.7,   25.5,    6.5,    5.3,    5.7,   92.7,   93.1,    7.3,    6.9,  100.0,   11.1,   27.9,   20.9,    3.7,    2.1,   21.8,   25.5,   24.3,    7.6,    6.1,    4.5,   92.3,   94.0,    7.7,    6.0,  100.0,   20.0,   40.3,   15.2,   15.4,    0.5,   40.6,   12.1,    6.4,    9.1,    9.9,    3.3,   95.2,   88.0,    4.8,   12.0,    422,     54,    108,     25,     10,     15,     83,     54,     71,     68,     48,     52,    302,    300,    419,     49,    104,     24,     11,     11,     82,     54,     66,     72,     48,     43,    290,    283,    196,     21,     79,     13,      9,.,     25,     17,     12,     14,     32,     16,     92,    151,    14.4,    14.3,    22.3,    24.8,     8.0,     8.2,    13.9,    13.5,    13.6,    16.6,    21.1,    28.7,     7.6,    10.2,    14.0,    16.7,    31.7,    25.4,    51.2,    36.6,    31.3,    23.3,    50.7,    33.3,"(CONTRACTS OF 5,000 BUSHELS)",001602,CBT ,001 ,A10,FutOnly
WHEAT-HRW - CHICAGO BOARD OF TRADE,260908,2026-09-08,001612,CBT ,00,001 ,  305216,   16173,  131324,   83054,    3481,    7720,   78767,   30091,   71022,   10354,   23643,   17679,  284769,  284960,   20447,   20256,  269167,   12421,  114923,   77352,    3042,    6189,   76823,   35157,   56795,   10688,   26699,   11156,  251424,  253961,   17743,   15206,   36049,    3752,   16401,    7180,    1917,      53,   14603,    7593,    1568,    5214,    2492,     975,   33345,   30999,    2704,    5050,    -938,      85,    2979,      29,     328,   -2481,   -3706,   -3556,    5750,    1474,   -2313,   -1991,    -840,   -1284,     -98,     346,  100.0,    5.3,   43.0,   27.2,    1.1,    2.5,   25.8,    9.9,   23.3,    3.4,    7.7,    5.8,   93.3,   93.4,    6.7,    6.6,  100.0,    4.6,   42.7,   28.7,    1.1,    2.3,   28.5,   13.1,   21.1,    4.0,    9.9,    4.1,   93.4,   94.4,    6.6,    5.6,  100.0,   10.4,   45.5,   19.9,    5.3,    0.1,   40.5,   21.1,    4.3,   14.5,    6.9,    2.7,   92.5,   86.0,    7.5,   14.0,    291,     43,     89,     20,      5,      9,     63,     30,     49,     36,     36,     32,    203,    214,    287,     36,     85,     19,      6,      7,     61,     32,     46,     35,     40,     25,    190,    203,    156,     15,     68,     12,      6,.,     19,     12,      8,     12,     21,      9,     67,    119,    14.7,    14.6,    25.2,    24.0,    11.2,    11.3,    19.6,    17.9,    16.2,    16.4,    27.2,    26.7,    12.0,    12.6,    20.6,    20.1,    30.0,    26.0,    42.8,    36.1,    30.0,    21.2,    42.6,    30.3,"(CONTRACTS OF 5,000 BUSHELS)",001612,CBT ,001 ,A10,FutOnly
WHEAT-HRSpring - MIAX FUTURES EXCHANGE,260908,2026-09-08,001626,MGE ,00,001 ,   79371,   32363,   64471,    6892,     150,     135,   25014,    2689,    1139,    1872,    1530,    2024,   69439,   72138,    9932,    7233,   77755,   31975,   63106,    6710,     150,     135,   24759,    2695,    1133,    1657,    1731,    1777,   68146,   70727,    9609,    7028,    1616,     388,    1365,     182,       0,       0,     261,       0,       0,     441,      25,      21,    1293,    1411,     323,     205,    2051,     380,    1837,     163,       0,       4,    1257,    -195,     177,    -184,    -205,     474,    2271,    2092,    -220,     -41,  100.0,   40.8,   81.2,    8.7,    0.2,    0.2,   31.5,    3.4,    1.4,    2.4,    1.9,    2.5,   87.5,   90.9,   12.5,    9.1,  100.0,   41.1,   81.2,    8.6,    0.2,    0.2,   31.8,    3.5,    1.5,    2.1,    2.2,    2.3,   87.6,   91.0,   12.4,    9.0,  100.0,   24.0,   84.5,   11.3,    0.0,    0.0,   16.2,    0.0,    0.0,   27.3,    1.5,    1.3,   80.0,   87.3,   20.0,   12.7,    118,     51,     45,      7,.,      5,     22,      4,      6,      9,      6,      5,     92,     69,    117,     50,     45,      7,.,      5,     22,      4,      5,      6,      8,      5,     89,     69,     41,      7,     30,.,      0,      0,.,      0,      0,.,.,.,     15,     32,    25.0,    37.3,    36.1,    56.9,    25.0,    37.1,    36.1,    56.5,    25.5,    37.6,    36.9,    57.5,    25.5,    37.5,    36.6,    57.3,    46.8,    41.5,    73.1,    57.8,    46.8,    41.5,    70.7,    57.8,"(CONTRACTS OF 5,000 BUSHELS)",001626,MGE ,001 ,A10,FutOnly
CORN - CHICAGO BOARD OF TRADE,260908,2026-09-08,002602,CBT ,00,002 , 1803323,  291269, 1072185,  337943,   27632,   32341,  491034,   76575,  235193,  193378,   64838,   95045, 1676203, 1603809,  127120,  199514, 1695698,  262203, 1003577,  330468,   24355,   30672,  471672,   95359,  208169,  193500,   67899,   82337, 1579021, 1512368,  116677,  183330,  107625,   29066,   68608,    8852,    4654,     292,   45412,    7266,     974,    9582,    6643,    3004,   97182,   91441,   10443,   16184,   39141,   31408,   12181,  -11932,    1079,    4458,   23178,    9722,    -125,   -4065,    3135,      52,   42974,   30502,   -3833,    8639,  100.0,   16.2,   59.5,   18.7,    1.5,    1.8,   27.2,    4.2,   13.0,   10.7,    3.6,    5.3,   93.0,   88.9,    7.0,   11.1,  100.0,   15.5,   59.2,   19.5,    1.4,    1.8,   27.8,    5.6,   12.3,   11.4,    4.0,    4.9,   93.1,   89.2,    6.9,   10.8,  100.0,   27.0,   63.7,    8.2,    4.3,    0.3,   42.2,    6.8,    0.9,    8.9,    6.2,    2.8,   90.3,   85.0,    9.7,   15.0,    895,    263,    373,     34,      9,     18,    122,     41,     85,    113,     99,     80,    612,    645,    891,    251,    368,     34,      9,     16,    124,     43,     80,    107,    108,     71,    588,    633,    425,     62,    246,     13,      6,.,     28,     11,      5,     32,     46,     21,    146,    327,     9.5,    12.3,    17.3,    20.2,     9.2,    10.8,    16.1,    18.0,    10.0,    11.6,    18.1,    19.7,     9.7,    10.0,    17.0,    17.3,    31.6,    33.3,    44.3,    42.4,    31.6,    33.0,    44.3,    42.1,"(CONTRACTS OF 5,000 BUSHELS)",002602,CBT ,002 ,A10,FutOnly
SOYBEANS - CHICAGO BOARD OF TRADE,260908,2026-09-08,005602,CBT ,00,005 , 1070401,  291532,  634427,  152478,   61133,   13969,  293215,   35957,  125883,   72528,   56362,   72627, 1022232, 1000358,   48169,   70043, 1026143,  277254,  608747,  151578,   61604,   12652,  284012,   37722,  118925,   72592,   55118,   64883,  981896,  959651,   44247,   66492,   44258,   14278,   25680,    2217,     846,       0,   12482,    1514,    3679,    1602,    2910,    6078,   40336,   40707,    3922,    3551,   42860,    6794,   12381,    1762,   18983,    5614,   22765,     427,     583,    5509,    2410,    1848,   44875,   42246,   -2015,     614,  100.0,   27.2,   59.3,   14.2,    5.7,    1.3,   27.4,    3.4,   11.8,    6.8,    5.3,    6.8,   95.5,   93.5,    4.5,    6.5,  100.0,   27.0,   59.3,   14.8,    6.0,    1.2,   27.7,    3.7,   11.6,    7.1,    5.4,    6.3,   95.7,   93.5,    4.3,    6.5,  100.0,   32.3,   58.0,    5.0,    1.9,    0.0,   28.2,    3.4,    8.3,    3.6,    6.6,   13.7,   91.1,   92.0,    8.9,    8.0,    641,    151,    262,     22,     19,     18,    117,     27,     68,     78,     82,     83,    448,    494,    641,    150,    261,     22,     19,     16,    114,     31,     67,     79,     82,     77,    441,    490,    276,     33,    160,     10,      7,      0,     21,      6,      4,     17,     33,     17,     93,    218,    10.3,    17.0,    18.2,    27.5,     9.7,    14.5,    16.8,    22.3,    10.7,    17.0,    18.9,    27.1,    10.2,    14.8,    17.5,    22.2,    34.6,    39.2,    51.0,    57.1,    32.8,    38.7,    42.4,    46.0,"(CONTRACTS OF 5,000 BUSHELS)",005602,CBT ,005 ,A30,FutOnly
MINI SOYBEANS - CHICAGO BOARD OF TRADE,260908,2026-09-08,005603,CBT ,00,005 ,   28694,       5,   11364,       0,       0,       0,       0,       0,       0,   25016,    1019,     777,   25798,   13160,    2896,   15534,   26702,       5,   10033,       0,       0,       0,       0,       0,       0,   24332,    1005,     777,   25114,   11815,    1588,   14887,    1992,       0,    1331,       0,       0,       0,       0,       0,       0,     684,      14,       0,     684,    1345,    1308,     647,      17,      -2,    -238,       0,       0,       0,       0,       0,       0,     253,    -588,    -101,     150,    -927,    -133,     944,  100.0,    0.0,   39.6,    0.0,    0.0,    0.0,    0.0,    0.0,    0.0,   87.2,    3.6,    2.7,   89.9,   45.9,   10.1,   54.1,  100.0,    0.0,   37.6,    0.0,    0.0,    0.0,    0.0,    0.0,    0.0,   91.1,    3.8,    2.9,   94.1,   44.2,    5.9,   55.8,  100.0,    0.0,   66.8,    0.0,    0.0,    0.0,    0.0,    0.0,    0.0,   34.3,    0.7,    0.0,   34.3,   67.5,   65.7,   32.5,     28,.,     17,      0,      0,      0,      0,      0,      0,      6,      5,      4,     10,     24,     28,.,     17,      0,      0,      0,      0,      0,      0,      6,      5,      4,     10,     24,     19,      0,     15,      0,      0,      0,      0,      0,      0,.,.,      0,.,     17,    83.4,    27.5,    89.9,    33.3,    82.6,    27.5,    87.2,    32.6,    87.1,    25.1,    94.0,    31.1,    86.2,    25.1,    91.1,    30.3,    34.3,    61.9,    34.3,    64.9,    34.3,    61.9,    34.3,    64.9,"(Contracts of 1,000 Bushels)",005603,CBT ,005 ,A30,FutOnly
NJ SRECS - ICE FUTURES ENERGY DIV,260908,2026-09-08,0063CC,IFED,01,006 ,  141729,  104155,   87548,    7000,    2870,       0,       0,    1067,       0,   28493,   48140,    2081,  141729,  141706,       0,      23,  141729,  104155,   87548,    7000,    2870,       0,       0,    1067,       0,   28493,   48140,    2081,  141729,  141706,       0,      23,       0,       0,       0,       0,       0,       0,       0,       0,       0,       0,       0,       0,       0,       0,       0,       0,   13610,   11500,   14650,       0,    -200,       0,       0,      77,       0,    1959,   -1091,     151,   13610,   13587,       0,      23,  100.0,   73.5,   61.8,    4.9,    2.0,    0.0,    0.0,    0.8,    0.0,   20.1,   34.0,    1.5,  100.0,  100.0,    0.0,    0.0,  100.0,   73.5,   61.8,    4.9,    2.0,    0.0,    0.0,    0.8,    0.0,   20.1,   34.0,    1.5,  100.0,  100.0,    0.0,    0.0,  100.0,    0.0,    0.0,    0.0,    0.0,    0.0,    0.0,    0.0,    0.0,    0.0,    0.0,    0.0,    0.0,    0.0,    0.0,    0.0,     36,     17,      7,.,.,      0,      0,.,      0,      5,      5,.,     24,     19,     36,     17,      7,.,.,      0,      0,.,      0,      5,      5,.,     24,     19,      0,      0,      0,      0,      0,      0,      0,      0,      0,      0,      0,      0,      0,      0,    51.2,    89.1,    77.0,    95.8,    51.2,    89.1,    76.2,    95.0,    51.2,    89.1,    77.0,    95.8,    51.2,    89.1,    76.2,    95.0,     0.0,     0.0,     0.0,     0.0,     0.0,     0.0,     0.0,     0.0,(10 SRECs),0063CC,IFED,006 ,N60,FutOnly
PJM TRI-RECs CLASS 1  - ICE FUTURES ENERGY DIV,260908,2026-09-08,0063CH,IFED,01,006 ,  245503,  181028,  162866,    7965,     245,       0,     588,    5506,     144,   29906,   50870,   25872,  245503,  245503,       0,       0,  245503,  181028,  162866,    7965,     245,       0,     588,    5506,     144,   29906,   50870,   25872,  245503,  245503,       0,       0,       0,       0,       0,       0,       0,       0,       0,       0,       0,       0,       0,       0,       0,       0,       0,       0,     310,     900,    -500,       0,       0,       0,       0,       0,       0,    -450,     950,    -140,     310,     310,       0,       0,  100.0,   73.7,   66.3,    3.2,    0.1,    0.0,    0.2,    2.2,    0.1,   12.2,   20.7,   10.5,  100.0,  100.0,    0.0,    0.0,  100.0,   73.7,   66.3,    3.2,    0.1,    0.0,    0.2,    2.2,    0.1,   12.2,   20.7,   10.5,  100.0,  100.0,    0.0,    0.0,  100.0,    0.0,    0.0,    0.0,    0.0,    0.0,    0.0,    0.0,    0.0,    0.0,    0.0,    0.0,    0.0,    0.0,    0.0,    0.0,     50,     20,     17,.,.,      0,      4,.,.,      7,      7,      8,     37,     32,     50,     20,     17,.,.,      0,      4,.,.,      7,      7,      8,     37,     32,      0,      0,      0,      0,      0,      0,      0,      0,      0,      0,      0,      0,      0,      0,    49.6,    57.0,    72.3,    73.9,    42.8,    57.0,    64.7,    71.5,    49.6,    57.0,    72.3,    73.9,    42.8,    57.0,    64.7,    71.5,     0.0,     0.0,     0.0,     0.0,     0.0,     0.0,     0.0,     0.0,(100 MWh of renewable energy certificates),0063CH,IFED,006 ,N60,FutOnly
CALIF LOW CARBON FSC-OPIS  - ICE FUTURES ENERGY DIV,260908,2026-09-08,0063CU,IFED,01,006 ,  119692,    6097,   88634,   43919,    3068,       0,   63732,       0,    2121,    3494,   25561,     308,  119671,  119692,      21,       0,  119692,    6097,   88634,   43919,    3068,       0,   63732,       0,    2121,    3494,   25561,     308,  119671,  119692,      21,       0,       0,       0,       0,       0,       0,       0,       0,       0,       0,       0,       0,       0,       0,       0,       0,       0,   -1201,    -442,   -1958,    3729,    -305,       0,   -5445,       0,     979,     105,      83,       0,   -1074,   -1201,    -127,       0,  100.0,    5.1,   74.1,   36.7,    2.6,    0.0,   53.2,    0.0,    1.8,    2.9,   21.4,    0.3,  100.0,  100.0,    0.0,    0.0,  100.0,    5.1,   74.1,   36.7,    2.6,    0.0,   53.2,    0.0,    1.8,    2.9,   21.4,    0.3,  100.0,  100.0,    0.0,    0.0,  100.0,    0.0,    0.0,    0.0,    0.0,    0.0,    0.0,    0.0,    0.0,    0.0,    0.0,    0.0,    0.0,    0.0,    0.0,    0.0,     55,     10,      9,.,.,      0,     17,      0,.,     11,      6,.,     42,     20,     55,     10,      9,.,.,      0,     17,      0,.,     11,      6,.,     42,     20,      0,      0,      0,      0,      0,      0,      0,      0,      0,      0,      0,      0,      0,      0,    65.8,    80.7,    79.7,    95.1,    65.8,    80.1,    79.7,    94.5,    65.8,    80.7,    79.7,    95.1,    65.8,    80.1,    79.7,    94.5,     0.0,     0.0,     0.0,     0.0,     0.0,     0.0,     0.0,     0.0,(100 LCFS Credits- each of 1 MT),0063CU,IFED,006 ,N60,FutOnly
D6 RINs OPIS CURRENT YEAR - ICE FUTURES ENERGY DIV,260908,2026-09-08,0063CW,IFED,01,006 ,   29709,    3430,    8027,    1762,    1010,     475,    3113,    1265,    3242,    9064,    7136,    8402,   29488,   29557,     221,     152,   29709,    3430,    8027,    1762,    1010,     475,    3113,    1265,    3242,    9064,    7136,    8402,   29488,   29557,     221,     152,       0,       0,       0,       0,       0,       0,       0,       0,       0,       0,       0,       0,       0,       0,       0,       0,     314,    -486,     300,     177,     550,     -16,     -99,       1,     -14,     803,    -362,    -117,     248,     342,      66,     -28,  100.0,   11.5,   27.0,    5.9,    3.4,    1.6,   10.5,    4.3,   10.9,   30.5,   24.0,   28.3,   99.3,   99.5,    0.7,    0.5,  100.0,   11.5,   27.0,    5.9,    3.4,    1.6,   10.5,    4.3,   10.9,   30.5,   24.0,   28.3,   99.3,   99.5,    0.7,    0.5,  100.0,    0.0,    0.0,    0.0,    0.0,    0.0,    0.0,    0.0,    0.0,    0.0,    0.0,    0.0,    0.0,    0.0,    0.0,    0.0,     77,      7,     15,.,.,.,      5,      7,      6,     17,     23,     11,     41,     59,     77,      7,     15,.,.,.,      5,      7,      6,     17,     23,     11,     41,     59,      0,      0,      0,      0,      0,      0,      0,      0,      0,      0,      0,      0,      0,      0,    56.3,    44.8,    75.6,    60.7,    35.3,    26.0,    48.6,    33.7,    56.3,    44.8,    75.6,    60.7,    35.3,    26.0,    48.6,    33.7,     0.0,     0.0,     0.0,     0.0,     0.0,     0.0,     0.0,     0.0,"(50,000 RINs)",0063CW,IFED,006 ,N60,FutOnly
PA SOLAR ALTER ENERGY CREDIT - ICE FUTURES ENERGY DIV,260908,2026-09-08,0063DA,IFED,01,006 ,   24210,    9495,   23410,     215,       0,       0,       0,       0,       0,   14500,     800,       0,   24210,   24210,       0,       0,   24210,    9495,   23410,     215,       0,       0,       0,       0,       0,   14500,     800,       0,   24210,   24210,       0,       0,       0,       0,       0,       0,       0,       0,       0,       0,       0,       0,       0,       0,       0,       0,       0,       0,       0,       0,       0,       0,       0,       0,       0,       0,       0,       0,       0,       0,       0,       0,       0,       0,  100.0,   39.2,   96.7,    0.9,    0.0,    0.0,    0.0,    0.0,    0.0,   59.9,    3.3,    0.0,  100.0,  100.0,    0.0,    0.0,  100.0,   39.2,   96.7,    0.9,    0.0,    0.0,    0.0,    0.0,    0.0,   59.9,    3.3,    0.0,  100.0,  100.0,    0.0,    0.0,  100.0,    0.0,    0.0,    0.0,    0.0,    0.0,    0.0,    0.0,    0.0,    0.0,    0.0,    0.0,    0.0,    0.0,    0.0,    0.0,     21,     10,      4,.,      0,      0,      0,      0,      0,      5,.,      0,     16,      6,     21,     10,      4,.,      0,      0,      0,      0,      0,      5,.,      0,     16,      6,      0,      0,      0,      0,      0,      0,      0,      0,      0,      0,      0,      0,      0,      0,    67.5,    97.5,    87.2,   100.0,    67.5,    94.6,    85.3,    95.9,    67.5,    97.5,    87.2,   100.0,    67.5,    94.6,    85.3,    95.9,     0.0,     0.0,     0.0,     0.0,     0.0,     0.0,     0.0,     0.0,(10 PA SRECs),0063DA,IFED,006 ,N60,FutOnly
CALIF CARBON CURRENT AUCTION - ICE FUTURES ENERGY DIV,260908,2026-09-08,0063DB,IFED,01,006 ,   53346,   13412,    3480,   15510,   16437,       0,    3545,   11165,    1460,   12134,   13525,    7279,   53340,   53346,       6,       0,   53346,   13412,    3480,   15510,   16437,       0,    3545,   11165,    1460,   12134,   13525,    7279,   53340,   53346,       6,       0,       0,       0,       0,       0,       0,       0,       0,       0,       0,       0,       0,       0,       0,       0,       0,       0,     107,     555,      -5,    -875,    -250,       0,       0,       1,       0,     462,     386,     -25,     117,     107,     -10,       0,  100.0,   25.1,    6.5,   29.1,   30.8,    0.0,    6.6,   20.9,    2.7,   22.7,   25.4,   13.6,  100.0,  100.0,    0.0,    0.0,  100.0,   25.1,    6.5,   29.1,   30.8,    0.0,    6.6,   20.9,    2.7,   22.7,   25.4,   13.6,  100.0,  100.0,    0.0,    0.0,  100.0,    0.0,    0.0,    0.0,    0.0,    0.0,    0.0,    0.0,    0.0,    0.0,    0.0,    0.0,    0.0,    0.0,    0.0,    0.0,     50,     12,.,      5,.,      0,      5,      4,.,     13,      5,      5,     41,     16,     50,     12,.,      5,.,      0,      5,      4,.,     13,      5,      5,     41,     16,      0,      0,      0,      0,      0,      0,      0,      0,      0,      0,      0,      0,      0,      0,    48.5,    86.5,    68.9,    96.5,    42.8,    71.5,    61.1,    80.6,    48.5,    86.5,    68.9,    96.5,    42.8,    71.5,    61.1,    80.6,     0.0,     0.0,     0.0,     0.0,     0.0,     0.0,     0.0,     0.0,"(1,000 California carbon allowances)",0063DB,IFED,006 ,N60,FutOnly
RGGI AUCTION CLEARING PRICE - ICE FUTURES ENERGY DIV,260908,2026-09-08,0063DD,IFED,01,006 ,    5270,    1471,    2010,       0,     235,       0,    2449,     500,       0,    1330,    2260,       0,    5250,    5005,      20,     265,    5270,    1471,    2010,       0,     235,       0,    2449,     500,       0,    1330,    2260,       0,    5250,    5005,      20,     265,       0,       0,       0,       0,       0,       0,       0,       0,       0,       0,       0,       0,       0,       0,       0,       0,     525,     225,    -250,       0,     235,       0,    -170,      75,       0,     470,     200,       0,     525,     260,       0,     265,  100.0,   27.9,   38.1,    0.0,    4.5,    0.0,   46.5,    9.5,    0.0,   25.2,   42.9,    0.0,   99.6,   95.0,    0.4,    5.0,  100.0,   27.9,   38.1,    0.0,    4.5,    0.0,   46.5,    9.5,    0.0,   25.2,   42.9,    0.0,   99.6,   95.0,    0.4,    5.0,  100.0,    0.0,    0.0,    0.0,    0.0,    0.0,    0.0,    0.0,    0.0,    0.0,    0.0,    0.0,    0.0,    0.0,    0.0,    0.0,     23,      5,.,      0,.,      0,      7,.,      0,      5,.,      0,     17,      6,     23,      5,.,      0,.,      0,      7,.,      0,      5,.,      0,     17,      6,      0,      0,      0,      0,      0,      0,      0,      0,      0,      0,      0,      0,      0,      0,    43.1,    88.8,    70.5,    95.0,    43.1,    88.8,    70.5,    95.0,    43.1,    88.8,    70.5,    95.0,    43.1,    88.8,    70.5,    95.0,     0.0,     0.0,     0.0,     0.0,     0.0,     0.0,     0.0,     0.0,"1,000 RGGI CO2 Allowances of 1 Eligible Contract",0063DD,IFED,006 ,N60,FutOnly
D4 BIODIESEL RINs OPIS CURR YR - ICE FUTURES ENERGY DIV,260908,2026-09-08,0063DG,IFED,01,006 ,   17631,    3284,    6723,    1140,    1023,     378,    1796,     130,    1936,    4213,    2690,    4673,   17420,   17553,     211,      78,   17631,    3284,    6723,    1140,    1023,     378,    1796,     130,    1936,    4213,    2690,    4673,   17420,   17553,     211,      78,       0,       0,       0,       0,       0,       0,       0,       0,       0,       0,       0,       0,       0,       0,       0,       0,    -653,      25,    -176,     378,    -504,     -40,      45,      50,    -145,    -743,     338,    -164,    -644,    -641,      -9,     -12,  100.0,   18.6,   38.1,    6.5,    5.8,    2.1,   10.2,    0.7,   11.0,   23.9,   15.3,   26.5,   98.8,   99.6,    1.2,    0.4,  100.0,   18.6,   38.1,    6.5,    5.8,    2.1,   10.2,    0.7,   11.0,   23.9,   15.3,   26.5,   98.8,   99.6,    1.2,    0.4,  100.0,    0.0,    0.0,    0.0,    0.0,    0.0,    0.0,    0.0,    0.0,    0.0,    0.0,    0.0,    0.0,    0.0,    0.0,    0.0,     63,     10,     11,      4,.,.,      7,.,.,     18,     14,     10,     45,     40,     63,     10,     11,      4,.,.,      7,.,.,     18,     14,     10,     45,     40,      0,      0,      0,      0,      0,      0,      0,      0,      0,      0,      0,      0,      0,      0,    47.7,    51.2,    63.2,    69.6,    23.5,    36.0,    34.0,    47.7,    47.7,    51.2,    63.2,    69.6,    23.5,    36.0,    34.0,    47.7,     0.0,     0.0,     0.0,     0.0,     0.0,     0.0,     0.0,     0.0,"(50,000 RINs)",0063DG,IFED,006 ,N60,FutOnly
CT RECs CLASS 1  - ICE FUTURES ENERGY DIV,260908,2026-09-08,0063DK,IFED,01,006 ,    8785,    5725,    6181,     610,     750,       0,       0,     100,       0,    2450,    1754,       0,    8785,    8785,       0,       0,    8785,    5725,    6181,     610,     750,       0,       0,     100,       0,    2450,    1754,       0,    8785,    8785,       0,       0,       0,       0,       0,       0,       0,       0,       0,       0,       0,       0,       0,       0,       0,       0,       0,       0,      10,       0,      10,      10,       0,       0,       0,       0,       0,       0,       0,       0,      10,      10,       0,       0,  100.0,   65.2,   70.4,    6.9,    8.5,    0.0,    0.0,    1.1,    0.0,   27.9,   20.0,    0.0,  100.0,  100.0,    0.0,    0.0,  100.0,   65.2,   70.4,    6.9,    8.5,    0.0,    0.0,    1.1,    0.0,   27.9,   20.0,    0.0,  100.0,  100.0,    0.0,    0.0,  100.0,    0.0,    0.0,    0.0,    0.0,    0.0,    0.0,    0.0,    0.0,    0.0,    0.0,    0.0,    0.0,    0.0,    0.0,    0.0,     20,      7,      8,.,.,      0,      0,.,      0,.,.,      0,      9,     13,     20,      7,      8,.,.,      0,      0,.,      0,.,.,      0,      9,     13,      0,      0,      0,      0,      0,      0,      0,      0,      0,      0,      0,      0,      0,      0,    73.5,    62.7,    97.7,    90.9,    68.9,    62.7,    92.3,    88.3,    73.5,    62.7,    97.7,    90.9,    68.9,    62.7,    92.3,    88.3,     0.0,     0.0,     0.0,     0.0,     0.0,     0.0,     0.0,     0.0,(100 MWh of Class 1 Renewable Energy Certificates),0063DK,IFED,006 ,N60,FutOnly
MASS COMPLIANCE RECs CLASS 1  - ICE FUTURES ENERGY DIV,260908,2026-09-08,0063DL,IFED,01,006 ,   20879,   20579,    9989,       0,       0,       0,       0,       0,       0,       0,   10590,     300,   20879,   20879,       0,       0,   20879,   20579,    9989,       0,       0,       0,       0,       0,       0,       0,   10590,     300,   20879,   20879,       0,       0,       0,       0,       0,       0,       0,       0,       0,       0,       0,       0,       0,       0,       0,       0,       0,       0,       0,       0,      50,       0,       0,       0,       0,       0,       0,       0,     -50,       0,       0,       0,       0,       0,  100.0,   98.6,   47.8,    0.0,    0.0,    0.0,    0.0,    0.0,    0.0,    0.0,   50.7,    1.4,  100.0,  100.0,    0.0,    0.0,  100.0,   98.6,   47.8,    0.0,    0.0,    0.0,    0.0,    0.0,    0.0,    0.0,   50.7,    1.4,  100.0,  100.0,    0.0,    0.0,  100.0,    0.0,    0.0,    0.0,    0.0,    0.0,    0.0,    0.0,    0.0,    0.0,    0.0,    0.0,    0.0,    0.0,    0.0,    0.0,     24,      9,     13,      0,      0,      0,      0,      0,      0,      0,      6,.,     10,     19,     24,      9,     13,      0,      0,      0,      0,      0,      0,      0,      6,.,     10,     19,      0,      0,      0,      0,      0,      0,      0,      0,      0,      0,      0,      0,      0,      0,    90.3,    63.0,    98.9,    82.7,    90.3,    63.0,    94.7,    79.4,    90.3,    63.0,    98.9,    82.7,    90.3,    63.0,    94.7,    79.4,     0.0,     0.0,     0.0,     0.0,     0.0,     0.0,     0.0,     0.0,100 MWh of Class 1 Renewable Energy Certificates,0063DL,IFED,006 ,N60,FutOnly
MARYLAND COMPLIANCE REC TIER1 - ICE FUTURES ENERGY DIV,260908,2026-09-08,0063DM,IFED,01,006 ,   11641,    9496,    6188,    1725,    1541,       0,      50,       0,       0,     250,    3792,     120,   11641,   11641,       0,       0,   11641,    9496,    6188,    1725,    1541,       0,      50,       0,       0,     250,    3792,     120,   11641,   11641,       0,       0,       0,       0,       0,       0,       0,       0,       0,       0,       0,       0,       0,       0,       0,       0,       0,       0,       0,       0,    1000,       0,       0,       0,       0,       0,       0,       0,   -1000,       0,       0,       0,       0,       0,  100.0,   81.6,   53.2,   14.8,   13.2,    0.0,    0.4,    0.0,    0.0,    2.1,   32.6,    1.0,  100.0,  100.0,    0.0,    0.0,  100.0,   81.6,   53.2,   14.8,   13.2,    0.0,    0.4,    0.0,    0.0,    2.1,   32.6,    1.0,  100.0,  100.0,    0.0,    0.0,  100.0,    0.0,    0.0,    0.0,    0.0,    0.0,    0.0,    0.0,    0.0,    0.0,    0.0,    0.0,    0.0,    0.0,    0.0,    0.0,     24,     10,      7,.,.,      0,.,      0,      0,.,      5,.,     15,     13,     24,     10,      7,.,.,      0,.,      0,      0,.,      5,.,     15,     13,      0,      0,      0,      0,      0,      0,      0,      0,      0,      0,      0,      0,      0,      0,    61.2,    63.2,    85.7,    91.4,    61.2,    57.6,    82.6,    85.8,    61.2,    63.2,    85.7,    91.4,    61.2,    57.6,    82.6,    85.8,     0.0,     0.0,     0.0,     0.0,     0.0,     0.0,     0.0,     0.0,(100 Tier 1 RECs),0063DM,IFED,006 ,N60,FutOnly
MARYLAND SOLAR REC - ICE FUTURES ENERGY DIV,260908,2026-09-08,0063DN,IFED,01,006 ,   55581,   27531,   11450,   17300,   40981,       0,       0,       0,       0,   10750,    3150,       0,   55581,   55581,       0,       0,   55581,   27531,   11450,   17300,   40981,       0,       0,       0,       0,   10750,    3150,       0,   55581,   55581,       0,       0,       0,       0,       0,       0,       0,       0,       0,       0,       0,       0,       0,       0,       0,       0,       0,       0,       0,       0,       0,       0,       0,       0,       0,       0,       0,       0,       0,       0,       0,       0,       0,       0,  100.0,   49.5,   20.6,   31.1,   73.7,    0.0,    0.0,    0.0,    0.0,   19.3,    5.7,    0.0,  100.0,  100.0,    0.0,    0.0,  100.0,   49.5,   20.6,   31.1,   73.7,    0.0,    0.0,    0.0,    0.0,   19.3,    5.7,    0.0,  100.0,  100.0,    0.0,    0.0,  100.0,    0.0,    0.0,    0.0,    0.0,    0.0,    0.0,    0.0,    0.0,    0.0,    0.0,    0.0,    0.0,    0.0,    0.0,    0.0,     22,      8,      5,.,.,      0,      0,      0,      0,.,.,      0,     13,     10,     22,      8,      5,.,.,      0,      0,      0,      0,.,.,      0,     13,     10,      0,      0,      0,      0,      0,      0,      0,      0,      0,      0,      0,      0,      0,      0,    74.9,    89.2,    94.7,    98.8,    74.0,    89.2,    92.9,    98.1,    74.9,    89.2,    94.7,    98.8,    74.0,    89.2,    92.9,    98.1,     0.0,     0.0,     0.0,     0.0,     0.0,     0.0,     0.0,     0.0,(10 SRECs),0063DN,IFED,006 ,N60,FutOnly
NEPOOL DUAL RECs CLASS 1  - ICE FUTURES ENERGY DIV,260908,2026-09-08,0063DQ,IFED,01,006 ,   12760,    9910,    4234,     880,       0,       0,       0,       0,       0,    1065,    7546,     905,   12760,   12685,       0,      75,   12760,    9910,    4234,     880,       0,       0,       0,       0,       0,    1065,    7546,     905,   12760,   12685,       0,      75,       0,       0,       0,       0,       0,       0,       0,       0,       0,       0,       0,       0,       0,       0,       0,       0,       0,       0,       0,       0,       0,       0,       0,       0,       0,       0,       0,       0,       0,       0,       0,       0,  100.0,   77.7,   33.2,    6.9,    0.0,    0.0,    0.0,    0.0,    0.0,    8.3,   59.1,    7.1,  100.0,   99.4,    0.0,    0.6,  100.0,   77.7,   33.2,    6.9,    0.0,    0.0,    0.0,    0.0,    0.0,    8.3,   59.1,    7.1,  100.0,   99.4,    0.0,    0.6,  100.0,    0.0,    0.0,    0.0,    0.0,    0.0,    0.0,    0.0,    0.0,    0.0,    0.0,    0.0,    0.0,    0.0,    0.0,    0.0,     22,     11,      8,.,      0,      0,      0,      0,      0,.,.,.,     14,     12,     22,     11,      8,.,      0,      0,      0,      0,      0,.,.,.,     14,     12,      0,      0,      0,      0,      0,      0,      0,      0,      0,      0,      0,      0,      0,      0,    51.1,    67.0,    79.5,    92.0,    44.0,    67.0,    70.5,    85.0,    51.1,    67.0,    79.5,    92.0,    44.0,    67.0,    70.5,    85.0,     0.0,     0.0,     0.0,     0.0,     0.0,     0.0,     0.0,     0.0,100 MWh of Class 1 Renewable Energy Certificates,0063DQ,IFED,006 ,N60,FutOnly
NJ COMPLIANCE RECs CLASS 1 - ICE FUTURES ENERGY DIV,260908,2026-09-08,0063DR,IFED,01,006 ,   26688,   14552,   18916,      50,       0,       0,       0,     250,       0,   12085,    7522,       0,   26687,   26688,       1,       0,   26688,   14552,   18916,      50,       0,       0,       0,     250,       0,   12085,    7522,       0,   26687,   26688,       1,       0,       0,       0,       0,       0,       0,       0,       0,       0,       0,       0,       0,       0,       0,       0,       0,       0,       0,       0,       0,       0,       0,       0,       0,       0,       0,       0,       0,       0,       0,       0,       0,       0,  100.0,   54.5,   70.9,    0.2,    0.0,    0.0,    0.0,    0.9,    0.0,   45.3,   28.2,    0.0,  100.0,  100.0,    0.0,    0.0,  100.0,   54.5,   70.9,    0.2,    0.0,    0.0,    0.0,    0.9,    0.0,   45.3,   28.2,    0.0,  100.0,  100.0,    0.0,    0.0,  100.0,    0.0,    0.0,    0.0,    0.0,    0.0,    0.0,    0.0,    0.0,    0.0,    0.0,    0.0,    0.0,    0.0,    0.0,    0.0,     22,     10,      5,.,      0,      0,      0,.,      0,      4,.,      0,     15,      9,     22,     10,      5,.,      0,      0,      0,.,      0,      4,.,      0,     15,      9,      0,      0,      0,      0,      0,      0,      0,      0,      0,      0,      0,      0,      0,      0,    74.9,    93.6,    92.7,    99.8,    74.9,    93.6,    92.7,    99.5,    74.9,    93.6,    92.7,    99.8,    74.9,    93.6,    92.7,    99.5,     0.0,     0.0,     0.0,     0.0,     0.0,     0.0,     0.0,     0.0,100 MWh of Class 1 Renewable Energy Certificates,0063DR,IFED,006 ,N60,FutOnly
PA COMPLIANCE AECs TIER1 - ICE FUTURES ENERGY DIV,260908,2026-09-08,0063DT,IFED,01,006 ,   50367,   38312,   29061,    1000,    3920,       0,    1100,       0,       0,    8943,   16354,    1012,   50367,   50347,       0,      20,   50367,   38312,   29061,    1000,    3920,       0,    1100,       0,       0,    8943,   16354,    1012,   50367,   50347,       0,      20,       0,       0,       0,       0,       0,       0,       0,       0,       0,       0,       0,       0,       0,       0,       0,       0,     860,     835,    1010,       0,       0,       0,       0,       0,       0,     172,      -3,    -147,     860,     860,       0,       0,  100.0,   76.1,   57.7,    2.0,    7.8,    0.0,    2.2,    0.0,    0.0,   17.8,   32.5,    2.0,  100.0,  100.0,    0.0,    0.0,  100.0,   76.1,   57.7,    2.0,    7.8,    0.0,    2.2,    0.0,    0.0,   17.8,   32.5,    2.0,  100.0,  100.0,    0.0,    0.0,  100.0,    0.0,    0.0,    0.0,    0.0,    0.0,    0.0,    0.0,    0.0,    0.0,    0.0,    0.0,    0.0,    0.0,    0.0,    0.0,     34,     17,      5,.,.,      0,.,      0,      0,      6,      5,.,     25,     13,     34,     17,      5,.,.,      0,.,      0,      0,      6,      5,.,     25,     13,      0,      0,      0,      0,      0,      0,      0,      0,      0,      0,      0,      0,      0,      0,    46.9,    74.8,    66.4,    96.9,    46.9,    74.8,    66.4,    95.2,    46.9,    74.8,    66.4,    96.9,    46.9,    74.8,    66.4,    95.2,     0.0,     0.0,     0.0,     0.0,     0.0,     0.0,     0.0,     0.0,(100 AECs),0063DT,IFED,006 ,N60,FutOnly
WASHINGTON CARBON ALL V2026 - ICE FUTURES ENERGY DIV,260908,2026-09-08,0063EA,IFED,01,006 ,    5319,    1429,    1235,     150,     586,       0,     247,     989,      14,    3391,    2322,      80,    5311,    5226,       8,      93,    5319,    1429,    1235,     150,     586,       0,     247,     989,      14,    3391,    2322,      80,    5311,    5226,       8,      93,       0,       0,       0,       0,       0,       0,       0,       0,       0,       0,       0,       0,       0,       0,       0,       0,      26,      -3,      35,       0,      29,       0,       0,     -55,      10,     -11,      -4,      30,      26,      45,       0,     -19,  100.0,   26.9,   23.2,    2.8,   11.0,    0.0,    4.6,   18.6,    0.3,   63.8,   43.7,    1.5,   99.8,   98.3,    0.2,    1.7,  100.0,   26.9,   23.2,    2.8,   11.0,    0.0,    4.6,   18.6,    0.3,   63.8,   43.7,    1.5,   99.8,   98.3,    0.2,    1.7,  100.0,    0.0,    0.0,    0.0,    0.0,    0.0,    0.0,    0.0,    0.0,    0.0,    0.0,    0.0,    0.0,    0.0,    0.0,    0.0,     35,      5,      6,.,.,      0,.,      6,.,.,      9,.,     17,     25,     35,      5,      6,.,.,      0,.,      6,.,.,      9,.,     17,     25,      0,      0,      0,      0,      0,      0,      0,      0,      0,      0,      0,      0,      0,      0,    82.0,    48.2,    93.8,    73.6,    82.0,    47.2,    92.2,    69.3,    82.0,    48.2,    93.8,    73.6,    82.0,    47.2,    92.2,    69.3,     0.0,     0.0,     0.0,     0.0,     0.0,     0.0,     0.0,     0.0,"1,000 Washington carbon allowances",0063EA,IFED,006 ,N60,FutOnly
CALIF CARBON ALL VINTAGE 2026 - ICE FUTURES ENERGY DIV,260908,2026-09-08,0063EE,IFED,01,006 ,  204081,   28438,   53773,   15839,   90862,    3010,  113703,   11975,    9029,   30249,   31788,    3619,  203887,  204056,     194,      25,  204081,   28438,   53773,   15839,   90862,    3010,  113703,   11975,    9029,   30249,   31788,    3619,  203887,  204056,     194,      25,       0,       0,       0,       0,       0,       0,       0,       0,       0,       0,       0,       0,       0,       0,       0,       0,   -1586,    -658,      37,      23,     250,     243,   -1917,    -678,      28,     745,   -1427,     -49,   -1585,   -1596,      -1,      10,  100.0,   13.9,   26.3,    7.8,   44.5,    1.5,   55.7,    5.9,    4.4,   14.8,   15.6,    1.8,   99.9,  100.0,    0.1,    0.0,  100.0,   13.9,   26.3,    7.8,   44.5,    1.5,   55.7,    5.9,    4.4,   14.8,   15.6,    1.8,   99.9,  100.0,    0.1,    0.0,  100.0,    0.0,    0.0,    0.0,    0.0,    0.0,    0.0,    0.0,    0.0,    0.0,    0.0,    0.0,    0.0,    0.0,    0.0,    0.0,    146,     25,     20,      5,     12,      5,     46,      6,      7,     28,     12,      6,    112,     61,    146,     25,     20,      5,     12,      5,     46,      6,      7,     28,     12,      6,    112,     61,      0,      0,      0,      0,      0,      0,      0,      0,      0,      0,      0,      0,      0,      0,    39.3,    22.9,    53.7,    41.1,    37.7,    21.9,    49.1,    39.8,    39.3,    22.9,    53.7,    41.1,    37.7,    21.9,    49.1,    39.8,     0.0,     0.0,     0.0,     0.0,     0.0,     0.0,     0.0,     0.0,"1,000 California carbon allowances",0063EE,IFED,006 ,N60,FutOnly
CALIF CARBON ALL VINTAGE 2027 - ICE FUTURES ENERGY DIV,260908,2026-09-08,0063EI,IFED,01,006 ,   35677,   15385,    2480,    2675,   23414,      69,    3852,    1770,     405,   12933,    7178,     350,   35669,   35666,       8,      11,   35677,   15385,    2480,    2675,   23414,      69,    3852,    1770,     405,   12933,    7178,     350,   35669,   35666,       8,      11,       0,       0,       0,       0,       0,       0,       0,       0,       0,       0,       0,       0,       0,       0,       0,       0,    1148,      55,      47,       0,     150,       0,    1008,     108,       0,      85,     843,       0,    1148,    1148,       0,       0,  100.0,   43.1,    7.0,    7.5,   65.6,    0.2,   10.8,    5.0,    1.1,   36.3,   20.1,    1.0,  100.0,  100.0,    0.0,    0.0,  100.0,   43.1,    7.0,    7.5,   65.6,    0.2,   10.8,    5.0,    1.1,   36.3,   20.1,    1.0,  100.0,  100.0,    0.0,    0.0,  100.0,    0.0,    0.0,    0.0,    0.0,    0.0,    0.0,    0.0,    0.0,    0.0,    0.0,    0.0,    0.0,    0.0,    0.0,    0.0,     41,      9,      4,.,      8,.,      6,.,.,      9,.,.,     27,     17,     41,      9,      4,.,      8,.,      6,.,.,      9,.,.,     27,     17,      0,      0,      0,      0,      0,      0,      0,      0,      0,      0,      0,      0,      0,      0,    57.5,    76.1,    75.9,    93.1,    57.5,    75.1,    74.9,    92.0,    57.5,    76.1,    75.9,    93.1,    57.5,    75.1,    74.9,    92.0,     0.0,     0.0,     0.0,     0.0,     0.0,     0.0,     0.0,     0.0,"1,000 California carbon allowances",0063EI,IFED,006 ,N60,FutOnly
CALIF CARBON ALLOWANCE V2026 - NODAL EXCHANGE,260908,2026-09-08,0063EL,NODX,01,006 ,    7058,    2618,     680,      10,     732,     250,     800,    1330,     500,    2615,    3306,       0,    6793,    6798,     265,     260,    7058,    2618,     680,      10,     732,     250,     800,    1330,     500,    2615,    3306,       0,    6793,    6798,     265,     260,       0,       0,       0,       0,       0,       0,       0,       0,       0,       0,       0,       0,       0,       0,       0,       0,     -56,       1,      25,       0,       0,       0,       0,      14,       0,     -32,     -67,       0,     -31,     -28,     -25,     -28,  100.0,   37.1,    9.6,    0.1,   10.4,    3.5,   11.3,   18.8,    7.1,   37.1,   46.8,    0.0,   96.2,   96.3,    3.8,    3.7,  100.0,   37.1,    9.6,    0.1,   10.4,    3.5,   11.3,   18.8,    7.1,   37.1,   46.8,    0.0,   96.2,   96.3,    3.8,    3.7,  100.0,    0.0,    0.0,    0.0,    0.0,    0.0,    0.0,    0.0,    0.0,    0.0,    0.0,    0.0,    0.0,    0.0,    0.0,    0.0,     28,      7,      5,.,      5,.,.,.,.,.,      5,      0,     14,     19,     28,      7,      5,.,      5,.,.,.,.,.,      5,      0,     14,     19,      0,      0,      0,      0,      0,      0,      0,      0,      0,      0,      0,      0,      0,      0,    73.3,    66.9,    90.9,    84.5,    69.0,    66.1,    81.6,    78.6,    73.3,    66.9,    90.9,    84.5,    69.0,    66.1,    81.6,    78.6,     0.0,     0.0,     0.0,     0.0,     0.0,     0.0,     0.0,     0.0,"(1,000 California carbon allowances)",0063EL,NODX,006 ,N60,FutOnly
RGGI V2026 - ICE FUTURES ENERGY DIV,260908,2026-09-08,0063EM,IFED,01,006 ,   57558,   23968,   43856,   15716,    3962,     684,    8477,     777,    2507,    4878,    4546,    1191,   57421,   57523,     137,      35,   57558,   23968,   43856,   15716,    3962,     684,    8477,     777,    2507,    4878,    4546,    1191,   57421,   57523,     137,      35,       0,       0,       0,       0,       0,       0,       0,       0,       0,       0,       0,       0,       0,       0,       0,       0,     698,     316,    -125,    -250,     122,      20,     209,     -94,      89,     234,     678,      28,     646,     718,      52,     -20,  100.0,   41.6,   76.2,   27.3,    6.9,    1.2,   14.7,    1.3,    4.4,    8.5,    7.9,    2.1,   99.8,   99.9,    0.2,    0.1,  100.0,   41.6,   76.2,   27.3,    6.9,    1.2,   14.7,    1.3,    4.4,    8.5,    7.9,    2.1,   99.8,   99.9,    0.2,    0.1,  100.0,    0.0,    0.0,    0.0,    0.0,    0.0,    0.0,    0.0,    0.0,    0.0,    0.0,    0.0,    0.0,    0.0,    0.0,    0.0,     69,     15,      8,      4,      4,      6,     15,      6,      7,     12,      8,      5,     55,     35,     69,     15,      8,      4,      4,      6,     15,      6,      7,     12,      8,      5,     55,     35,      0,      0,      0,      0,      0,      0,      0,      0,      0,      0,      0,      0,      0,      0,    52.1,    82.6,    70.0,    90.3,    52.0,    81.6,    68.1,    86.3,    52.1,    82.6,    70.0,    90.3,    52.0,    81.6,    68.1,    86.3,     0.0,     0.0,     0.0,     0.0,     0.0,     0.0,     0.0,     0.0,"1,000 RGGI CO2 Allowances",0063EM,IFED,006 ,N60,FutOnly
RGGI V2027 - ICE FUTURES ENERGY DIV,260908,2026-09-08,0063F6,IFED,01,006 ,   23837,   14590,    3090,    3818,    3202,     500,       0,   12900,    2001,    2192,    1382,     716,   23817,   23791,      20,      46,   23837,   14590,    3090,    3818,    3202,     500,       0,   12900,    2001,    2192,    1382,     716,   23817,   23791,      20,      46,       0,       0,       0,       0,       0,       0,       0,       0,       0,       0,       0,       0,       0,       0,       0,       0,     106,     -56,     188,     100,    -250,     250,       0,    -163,      53,     129,     388,    -375,     101,      91,       5,      15,  100.0,   61.2,   13.0,   16.0,   13.4,    2.1,    0.0,   54.1,    8.4,    9.2,    5.8,    3.0,   99.9,   99.8,    0.1,    0.2,  100.0,   61.2,   13.0,   16.0,   13.4,    2.1,    0.0,   54.1,    8.4,    9.2,    5.8,    3.0,   99.9,   99.8,    0.1,    0.2,  100.0,    0.0,    0.0,    0.0,    0.0,    0.0,    0.0,    0.0,    0.0,    0.0,    0.0,    0.0,    0.0,    0.0,    0.0,    0.0,     39,      7,     11,      5,.,.,      0,      8,.,      5,      5,.,     19,     28,     39,      7,     11,      5,.,.,      0,      8,.,      5,      5,.,     19,     28,      0,      0,      0,      0,      0,      0,      0,      0,      0,      0,      0,      0,      0,      0,    64.0,    62.0,    87.0,    83.4,    63.4,    53.6,    76.5,    73.6,    64.0,    62.0,    87.0,    83.4,    63.4,    53.6,    76.5,    73.6,     0.0,     0.0,     0.0,     0.0,     0.0,     0.0,     0.0,     0.0,"(1,000 RGGI CO2 Allowances)",0063F6,IFED,006 ,N60,FutOnly
TX REC CRS V26 BACK HALF - NODAL EXCHANGE,260908,2026-09-08,006NHT,NODX,01,006 ,    8645,    8111,    2624,     300,     435,       0,       0,       0,       0,      75,    5415,       0,    8486,    8474,     159,     171,    8645,    8111,    2624,     300,     435,       0,       0,       0,       0,      75,    5415,       0,    8486,    8474,     159,     171,       0,       0,       0,       0,       0,       0,       0,       0,       0,       0,       0,       0,       0,       0,       0,       0,       0,       0,       0,       0,       0,       0,       0,       0,       0,       0,       0,       0,       0,       0,       0,       0,  100.0,   93.8,   30.4,    3.5,    5.0,    0.0,    0.0,    0.0,    0.0,    0.9,   62.6,    0.0,   98.2,   98.0,    1.8,    2.0,  100.0,   93.8,   30.4,    3.5,    5.0,    0.0,    0.0,    0.0,    0.0,    0.9,   62.6,    0.0,   98.2,   98.0,    1.8,    2.0,  100.0,    0.0,    0.0,    0.0,    0.0,    0.0,    0.0,    0.0,    0.0,    0.0,    0.0,    0.0,    0.0,    0.0,    0.0,    0.0,     29,     13,      7,.,.,      0,      0,      0,      0,.,      6,      0,     15,     14,     29,     13,      7,.,.,      0,      0,      0,      0,.,      6,      0,     15,     14,      0,      0,      0,      0,      0,      0,      0,      0,      0,      0,      0,      0,      0,      0,    62.5,    65.8,    87.4,    89.0,    62.5,    65.8,    87.4,    89.0,    62.5,    65.8,    87.4,    89.0,    62.5,    65.8,    87.4,    89.0,     0.0,     0.0,     0.0,     0.0,     0.0,     0.0,     0.0,     0.0,1000 Texas RECs,006NHT,NODX,006 ,N60,FutOnly
TX REC CRS V27 BACK HALF - NODAL EXCHANGE,260908,2026-09-08,006NHU,NODX,01,006 ,    6665,    5669,    1902,       0,     400,       0,       0,       0,       0,     696,    4063,       0,    6365,    6365,     300,     300,    6665,    5669,    1902,       0,     400,       0,       0,       0,       0,     696,    4063,       0,    6365,    6365,     300,     300,       0,       0,       0,       0,       0,       0,       0,       0,       0,       0,       0,       0,       0,       0,       0,       0,       0,     -45,       0,       0,       0,       0,       0,       0,       0,      45,       0,       0,       0,       0,       0,       0,  100.0,   85.1,   28.5,    0.0,    6.0,    0.0,    0.0,    0.0,    0.0,   10.4,   61.0,    0.0,   95.5,   95.5,    4.5,    4.5,  100.0,   85.1,   28.5,    0.0,    6.0,    0.0,    0.0,    0.0,    0.0,   10.4,   61.0,    0.0,   95.5,   95.5,    4.5,    4.5,  100.0,    0.0,    0.0,    0.0,    0.0,    0.0,    0.0,    0.0,    0.0,    0.0,    0.0,    0.0,    0.0,    0.0,    0.0,    0.0,     31,     13,      6,      0,.,      0,      0,      0,      0,      6,      4,      0,     19,     12,     31,     13,      6,      0,.,      0,      0,      0,      0,      6,      4,      0,     19,     12,      0,      0,      0,      0,      0,      0,      0,      0,      0,      0,      0,      0,      0,      0,    61.8,    73.7,    83.3,    92.5,    61.8,    73.7,    83.3,    92.5,    61.8,    73.7,    83.3,    92.5,    61.8,    73.7,    83.3,    92.5,     0.0,     0.0,     0.0,     0.0,     0.0,     0.0,     0.0,     0.0,1000 Texas RECs,006NHU,NODX,006 ,N60,FutOnly
TX REC CRS V28 BACK HALF - NODAL EXCHANGE,260908,2026-09-08,006NHV,NODX,01,006 ,    4961,    3447,    1546,      25,     412,       0,     164,       0,       0,     577,    2240,     441,    4654,    4639,     307,     322,    4961,    3447,    1546,      25,     412,       0,     164,       0,       0,     577,    2240,     441,    4654,    4639,     307,     322,       0,       0,       0,       0,       0,       0,       0,       0,       0,       0,       0,       0,       0,       0,       0,       0,       0,     -45,       0,       0,       0,       0,       0,       0,       0,      45,       0,       0,       0,       0,       0,       0,  100.0,   69.5,   31.2,    0.5,    8.3,    0.0,    3.3,    0.0,    0.0,   11.6,   45.2,    8.9,   93.8,   93.5,    6.2,    6.5,  100.0,   69.5,   31.2,    0.5,    8.3,    0.0,    3.3,    0.0,    0.0,   11.6,   45.2,    8.9,   93.8,   93.5,    6.2,    6.5,  100.0,    0.0,    0.0,    0.0,    0.0,    0.0,    0.0,    0.0,    0.0,    0.0,    0.0,    0.0,    0.0,    0.0,    0.0,    0.0,     31,     13,      6,.,.,      0,.,      0,      0,      5,      4,.,     20,     12,     31,     13,      6,.,.,      0,.,      0,      0,      5,      4,.,     20,     12,      0,      0,      0,      0,      0,      0,      0,      0,      0,      0,      0,      0,      0,      0,    48.8,    71.3,    74.2,    86.6,    41.9,    67.2,    65.3,    80.7,    48.8,    71.3,    74.2,    86.6,    41.9,    67.2,    65.3,    80.7,     0.0,     0.0,     0.0,     0.0,     0.0,     0.0,     0.0,     0.0,1000 Texas RECs,006NHV,NODX,006 ,N60,FutOnly
TX REC CRS V29 BACK HALF - NODAL EXCHANGE,260908,2026-09-08,006NHW,NODX,01,006 ,    4355,    3727,    1381,       0,     587,       0,       0,       0,       0,     526,    2285,       0,    4253,    4253,     102,     102,    4355,    3727,    1381,       0,     587,       0,       0,       0,       0,     526,    2285,       0,    4253,    4253,     102,     102,       0,       0,       0,       0,       0,       0,       0,       0,       0,       0,       0,       0,       0,       0,       0,       0,      45,       0,      45,       0,       0,       0,       0,       0,       0,      45,       0,       0,      45,      45,       0,       0,  100.0,   85.6,   31.7,    0.0,   13.5,    0.0,    0.0,    0.0,    0.0,   12.1,   52.5,    0.0,   97.7,   97.7,    2.3,    2.3,  100.0,   85.6,   31.7,    0.0,   13.5,    0.0,    0.0,    0.0,    0.0,   12.1,   52.5,    0.0,   97.7,   97.7,    2.3,    2.3,  100.0,    0.0,    0.0,    0.0,    0.0,    0.0,    0.0,    0.0,    0.0,    0.0,    0.0,    0.0,    0.0,    0.0,    0.0,    0.0,     31,     14,      5,      0,.,      0,      0,      0,      0,      5,      4,      0,     19,     12,     31,     14,      5,      0,.,      0,      0,      0,      0,      5,      4,      0,     19,     12,      0,      0,      0,      0,      0,      0,      0,      0,      0,      0,      0,      0,      0,      0,    61.4,    78.1,    80.7,    91.9,    61.4,    78.1,    80.7,    91.9,    61.4,    78.1,    80.7,    91.9,    61.4,    78.1,    80.7,    91.9,     0.0,     0.0,     0.0,     0.0,     0.0,     0.0,     0.0,     0.0,1000 Texas RECs,006NHW,NODX,006 ,N60,FutOnly
TX REC CRS V30 BACK HALF - NODAL EXCHANGE,260908,2026-09-08,006NHX,NODX,01,006 ,    4163,    3582,    1368,       0,     275,       0,       0,       0,       0,     440,    2367,       0,    4022,    4010,     141,     153,    4163,    3582,    1368,       0,     275,       0,       0,       0,       0,     440,    2367,       0,    4022,    4010,     141,     153,       0,       0,       0,       0,       0,       0,       0,       0,       0,       0,       0,       0,       0,       0,       0,       0,       0,     -45,       0,       0,       0,       0,       0,       0,       0,      45,       0,       0,       0,       0,       0,       0,  100.0,   86.0,   32.9,    0.0,    6.6,    0.0,    0.0,    0.0,    0.0,   10.6,   56.9,    0.0,   96.6,   96.3,    3.4,    3.7,  100.0,   86.0,   32.9,    0.0,    6.6,    0.0,    0.0,    0.0,    0.0,   10.6,   56.9,    0.0,   96.6,   96.3,    3.4,    3.7,  100.0,    0.0,    0.0,    0.0,    0.0,    0.0,    0.0,    0.0,    0.0,    0.0,    0.0,    0.0,    0.0,    0.0,    0.0,    0.0,     28,     11,      8,      0,.,      0,      0,      0,      0,      4,      5,      0,     15,     15,     28,     11,      8,      0,.,      0,      0,      0,      0,      4,      5,      0,     15,     15,      0,      0,      0,      0,      0,      0,      0,      0,      0,      0,      0,      0,      0,      0,    74.3,    74.3,    88.2,    90.2,    73.7,    74.3,    87.5,    90.2,    74.3,    74.3,    88.2,    90.2,    73.7,    74.3,    87.5,    90.2,     0.0,     0.0,     0.0,     0.0,     0.0,     0.0,     0.0,     0.0,"(1,000 MWh representing 1,000 Texas RECs)",006NHX,NODX,006 ,N60,FutOnly
TX REC CRS V26 FRONT HALF - NODAL EXCHANGE,260908,2026-09-08,006NHY,NODX,01,006 ,    8088,    7446,    3616,       0,     685,       0,       0,       0,       0,     311,    3440,       0,    7757,    7741,     331,     347,    8088,    7446,    3616,       0,     685,       0,       0,       0,       0,     311,    3440,       0,    7757,    7741,     331,     347,       0,       0,       0,       0,       0,       0,       0,       0,       0,       0,       0,       0,       0,       0,       0,       0,      45,       0,      70,       0,       0,       0,       0,       0,       0,      45,     -42,       0,      45,      28,       0,      17,  100.0,   92.1,   44.7,    0.0,    8.5,    0.0,    0.0,    0.0,    0.0,    3.8,   42.5,    0.0,   95.9,   95.7,    4.1,    4.3,  100.0,   92.1,   44.7,    0.0,    8.5,    0.0,    0.0,    0.0,    0.0,    3.8,   42.5,    0.0,   95.9,   95.7,    4.1,    4.3,  100.0,    0.0,    0.0,    0.0,    0.0,    0.0,    0.0,    0.0,    0.0,    0.0,    0.0,    0.0,    0.0,    0.0,    0.0,    0.0,     29,     15,      5,      0,.,      0,      0,      0,      0,.,      4,      0,     18,     11,     29,     15,      5,      0,.,      0,      0,      0,      0,.,      4,      0,     18,     11,      0,      0,      0,      0,      0,      0,      0,      0,      0,      0,      0,      0,      0,      0,    64.5,    59.8,    81.8,    86.5,    64.5,    59.8,    81.8,    86.5,    64.5,    59.8,    81.8,    86.5,    64.5,    59.8,    81.8,    86.5,     0.0,     0.0,     0.0,     0.0,     0.0,     0.0,     0.0,     0.0,1000 Texas RECs,006NHY,NODX,006 ,N60,FutOnly
TX REC CRS V27 FRONT HALF - NODAL EXCHANGE,260908,2026-09-08,006NHZ,NODX,01,006 ,    7527,    5938,    3373,       0,     703,       0,       0,       0,       0,    1410,    3231,       0,    7348,    7307,     179,     220,    7527,    5938,    3373,       0,     703,       0,       0,       0,       0,    1410,    3231,       0,    7348,    7307,     179,     220,       0,       0,       0,       0,       0,       0,       0,       0,       0,       0,       0,       0,       0,       0,       0,       0,      45,       0,      45,       0,       0,       0,       0,       0,       0,      45,       0,       0,      45,      45,       0,       0,  100.0,   78.9,   44.8,    0.0,    9.3,    0.0,    0.0,    0.0,    0.0,   18.7,   42.9,    0.0,   97.6,   97.1,    2.4,    2.9,  100.0,   78.9,   44.8,    0.0,    9.3,    0.0,    0.0,    0.0,    0.0,   18.7,   42.9,    0.0,   97.6,   97.1,    2.4,    2.9,  100.0,    0.0,    0.0,    0.0,    0.0,    0.0,    0.0,    0.0,    0.0,    0.0,    0.0,    0.0,    0.0,    0.0,    0.0,    0.0,     32,     15,      6,      0,.,      0,      0,      0,      0,      7,.,      0,     22,     11,     32,     15,      6,      0,.,      0,      0,      0,      0,      7,.,      0,     22,     11,      0,      0,      0,      0,      0,      0,      0,      0,      0,      0,      0,      0,      0,      0,    58.2,    75.3,    76.3,    94.0,    58.2,    74.9,    76.3,    93.7,    58.2,    75.3,    76.3,    94.0,    58.2,    74.9,    76.3,    93.7,     0.0,     0.0,     0.0,     0.0,     0.0,     0.0,     0.0,     0.0,1000 Texas RECs,006NHZ,NODX,006 ,N60,FutOnly
TX REC CRS V28 FRONT HALF - NODAL EXCHANGE,260908,2026-09-08,006NJ1,NODX,01,006 ,    5994,    4990,    2087,       0,     538,       0,       0,       0,       0,     729,    3065,       0,    5719,    5690,     275,     304,    5994,    4990,    2087,       0,     538,       0,       0,       0,       0,     729,    3065,       0,    5719,    5690,     275,     304,       0,       0,       0,       0,       0,       0,       0,       0,       0,       0,       0,       0,       0,       0,       0,       0,      45,       0,      45,       0,       0,       0,       0,       0,       0,      45,       0,       0,      45,      45,       0,       0,  100.0,   83.2,   34.8,    0.0,    9.0,    0.0,    0.0,    0.0,    0.0,   12.2,   51.1,    0.0,   95.4,   94.9,    4.6,    5.1,  100.0,   83.2,   34.8,    0.0,    9.0,    0.0,    0.0,    0.0,    0.0,   12.2,   51.1,    0.0,   95.4,   94.9,    4.6,    5.1,  100.0,    0.0,    0.0,    0.0,    0.0,    0.0,    0.0,    0.0,    0.0,    0.0,    0.0,    0.0,    0.0,    0.0,    0.0,    0.0,     24,     10,      7,      0,.,      0,      0,      0,      0,.,      4,      0,     13,     12,     24,     10,      7,      0,.,      0,      0,      0,      0,.,      4,      0,     13,     12,      0,      0,      0,      0,      0,      0,      0,      0,      0,      0,      0,      0,      0,      0,    67.4,    71.3,    84.9,    90.5,    66.5,    71.3,    84.1,    90.5,    67.4,    71.3,    84.9,    90.5,    66.5,    71.3,    84.1,    90.5,     0.0,     0.0,     0.0,     0.0,     0.0,     0.0,     0.0,     0.0,1000 Texas RECs,006NJ1,NODX,006 ,N60,FutOnly
TX REC CRS V29 FRONT HALF - NODAL EXCHANGE,260908,2026-09-08,006NJ2,NODX,01,006 ,    6043,    4691,    2866,       0,     713,       0,       0,       0,       0,    1201,    2307,      33,    5925,    5919,     118,     124,    6043,    4691,    2866,       0,     713,       0,       0,       0,       0,    1201,    2307,      33,    5925,    5919,     118,     124,       0,       0,       0,       0,       0,       0,       0,       0,       0,       0,       0,       0,       0,       0,       0,       0,      45,       0,      45,       0,       0,       0,       0,       0,       0,      45,       0,       0,      45,      45,       0,       0,  100.0,   77.6,   47.4,    0.0,   11.8,    0.0,    0.0,    0.0,    0.0,   19.9,   38.2,    0.5,   98.0,   97.9,    2.0,    2.1,  100.0,   77.6,   47.4,    0.0,   11.8,    0.0,    0.0,    0.0,    0.0,   19.9,   38.2,    0.5,   98.0,   97.9,    2.0,    2.1,  100.0,    0.0,    0.0,    0.0,    0.0,    0.0,    0.0,    0.0,    0.0,    0.0,    0.0,    0.0,    0.0,    0.0,    0.0,    0.0,     31,     12,      7,      0,.,      0,      0,      0,      0,      6,.,.,     18,     14,     31,     12,      7,      0,.,      0,      0,      0,      0,      6,.,.,     18,     14,      0,      0,      0,      0,      0,      0,      0,      0,      0,      0,      0,      0,      0,      0,    69.4,    84.4,    86.9,    93.3,    69.4,    84.4,    86.9,    93.3,    69.4,    84.4,    86.9,    93.3,    69.4,    84.4,    86.9,    93.3,     0.0,     0.0,     0.0,     0.0,     0.0,     0.0,     0.0,     0.0,1000 Texas RECs,006NJ2,NODX,006 ,N60,FutOnly
TX REC CRS V30 FRONT HALF - NODAL EXCHANGE,260908,2026-09-08,006NJ3,NODX,01,006 ,    3563,    2906,    1157,       0,     400,       0,       0,       0,       0,     503,    1826,       0,    3409,    3383,     154,     180,    3563,    2906,    1157,       0,     400,       0,       0,       0,       0,     503,    1826,       0,    3409,    3383,     154,     180,       0,       0,       0,       0,       0,       0,       0,       0,       0,       0,       0,       0,       0,       0,       0,       0,       0,     -45,       0,       0,       0,       0,       0,       0,       0,      45,       0,       0,       0,       0,       0,       0,  100.0,   81.6,   32.5,    0.0,   11.2,    0.0,    0.0,    0.0,    0.0,   14.1,   51.2,    0.0,   95.7,   94.9,    4.3,    5.1,  100.0,   81.6,   32.5,    0.0,   11.2,    0.0,    0.0,    0.0,    0.0,   14.1,   51.2,    0.0,   95.7,   94.9,    4.3,    5.1,  100.0,    0.0,    0.0,    0.0,    0.0,    0.0,    0.0,    0.0,    0.0,    0.0,    0.0,    0.0,    0.0,    0.0,    0.0,    0.0,     26,     10,      8,      0,.,      0,      0,      0,      0,.,      6,      0,     13,     16,     26,     10,      8,      0,.,      0,      0,      0,      0,.,      6,      0,     13,     16,      0,      0,      0,      0,      0,      0,      0,      0,      0,      0,      0,      0,      0,      0,    69.3,    68.7,    85.9,    85.5,    67.1,    68.7,    83.6,    85.5,    69.3,    68.7,    85.9,    85.5,    67.1,    68.7,    83.6,    85.5,     0.0,     0.0,     0.0,     0.0,     0.0,     0.0,     0.0,     0.0,1000 Texas RECs,006NJ3,NODX,006 ,N60,FutOnly
TX REC CRS V31 BACK HALF - NODAL EXCHANGE,260908,2026-09-08,006NKH,NODX,01,006 ,    2247,    1666,     908,     262,      50,       0,       0,       0,       0,     219,    1174,       0,    2147,    2132,     100,     115,    2247,    1666,     908,     262,      50,       0,       0,       0,       0,     219,    1174,       0,    2147,    2132,     100,     115,       0,       0,       0,       0,       0,       0,       0,       0,       0,       0,       0,       0,       0,       0,       0,       0,       0,     -45,       0,       0,       0,       0,       0,       0,       0,      45,       0,       0,       0,       0,       0,       0,  100.0,   74.1,   40.4,   11.7,    2.2,    0.0,    0.0,    0.0,    0.0,    9.7,   52.2,    0.0,   95.5,   94.9,    4.5,    5.1,  100.0,   74.1,   40.4,   11.7,    2.2,    0.0,    0.0,    0.0,    0.0,    9.7,   52.2,    0.0,   95.5,   94.9,    4.5,    5.1,  100.0,    0.0,    0.0,    0.0,    0.0,    0.0,    0.0,    0.0,    0.0,    0.0,    0.0,    0.0,    0.0,    0.0,    0.0,    0.0,     20,      7,      7,.,.,      0,      0,      0,      0,.,.,      0,     11,     11,     20,      7,      7,.,.,      0,      0,      0,      0,.,.,      0,     11,     11,      0,      0,      0,      0,      0,      0,      0,      0,      0,      0,      0,      0,      0,      0,    70.6,    78.1,    89.2,    91.4,    68.2,    78.1,    86.9,    91.4,    70.6,    78.1,    89.2,    91.4,    68.2,    78.1,    86.9,    91.4,     0.0,     0.0,     0.0,     0.0,     0.0,     0.0,     0.0,     0.0,1000 Texas RECs,006NKH,NODX,006 ,N60,FutOnly
TX REC CRS V31 FRONT HALF - NODAL EXCHANGE,260908,2026-09-08,006NKJ,NODX,01,006 ,    2296,    1441,     822,     200,     222,      63,       0,       0,       0,     468,    1089,       0,    2172,    2196,     124,     100,    2296,    1441,     822,     200,     222,      63,       0,       0,       0,     468,    1089,       0,    2172,    2196,     124,     100,       0,       0,       0,       0,       0,       0,       0,       0,       0,       0,       0,       0,       0,       0,       0,       0,       0,     -45,       0,       0,       0,       0,       0,       0,       0,      45,       0,       0,       0,       0,       0,       0,  100.0,   62.8,   35.8,    8.7,    9.7,    2.7,    0.0,    0.0,    0.0,   20.4,   47.4,    0.0,   94.6,   95.6,    5.4,    4.4,  100.0,   62.8,   35.8,    8.7,    9.7,    2.7,    0.0,    0.0,    0.0,   20.4,   47.4,    0.0,   94.6,   95.6,    5.4,    4.4,  100.0,    0.0,    0.0,    0.0,    0.0,    0.0,    0.0,    0.0,    0.0,    0.0,    0.0,    0.0,    0.0,    0.0,    0.0,    0.0,     20,      8,      5,.,.,.,      0,      0,      0,.,.,      0,     13,      9,     20,      8,      5,.,.,.,      0,      0,      0,.,.,      0,     13,      9,      0,      0,      0,      0,      0,      0,      0,      0,      0,      0,      0,      0,      0,      0,    57.8,    78.1,    81.7,    94.5,    56.6,    78.1,    80.5,    91.7,    57.8,    78.1,    81.7,    94.5,    56.6,    78.1,    80.5,    91.7,     0.0,     0.0,     0.0,     0.0,     0.0,     0.0,     0.0,     0.0,1000 Texas RECs,006NKJ,NODX,006 ,N60,FutOnly
NEW JERSEY RECs CLASS 2 V2027 - NODAL EXCHANGE,260908,2026-09-08,006NMM,NODX,01,006 ,   10806,    5990,    1800,     321,    7886,       0,    1150,       0,       0,    3345,    1120,       0,   10806,   10806,       0,       0,   10806,    5990,    1800,     321,    7886,       0,    1150,       0,       0,    3345,    1120,       0,   10806,   10806,       0,       0,       0,       0,       0,       0,       0,       0,       0,       0,       0,       0,       0,       0,       0,       0,       0,       0,       0,       0,     -50,       0,    -720,       0,       0,       0,       0,       0,     770,       0,       0,       0,       0,       0,  100.0,   55.4,   16.7,    3.0,   73.0,    0.0,   10.6,    0.0,    0.0,   31.0,   10.4,    0.0,  100.0,  100.0,    0.0,    0.0,  100.0,   55.4,   16.7,    3.0,   73.0,    0.0,   10.6,    0.0,    0.0,   31.0,   10.4,    0.0,  100.0,  100.0,    0.0,    0.0,  100.0,    0.0,    0.0,    0.0,    0.0,    0.0,    0.0,    0.0,    0.0,    0.0,    0.0,    0.0,    0.0,    0.0,    0.0,    0.0,     25,     12,.,.,.,      0,.,      0,      0,      5,.,      0,     19,      6,     25,     12,.,.,.,      0,.,      0,      0,      5,.,      0,     19,      6,      0,      0,      0,      0,      0,      0,      0,      0,      0,      0,      0,      0,      0,      0,    54.8,    96.3,    81.7,   100.0,    54.8,    96.3,    81.7,   100.0,    54.8,    96.3,    81.7,   100.0,    54.8,    96.3,    81.7,   100.0,     0.0,     0.0,     0.0,     0.0,     0.0,     0.0,     0.0,     0.0,(100 MWh representing 100 NJ Class 2 RECs),006NMM,NODX,006 ,N60,FutOnly
PENNSYLVANIA AEC TIER 2-V2027 - NODAL EXCHANGE,260908,2026-09-08,006NMT,NODX,01,006 ,   27978,   19825,   16009,    1020,     500,       0,    2500,       0,       0,    4633,   11469,       0,   27978,   27978,       0,       0,   27978,   19825,   16009,    1020,     500,       0,    2500,       0,       0,    4633,   11469,       0,   27978,   27978,       0,       0,       0,       0,       0,       0,       0,       0,       0,       0,       0,       0,       0,       0,       0,       0,       0,       0,    1350,    1100,    1300,       0,       0,       0,       0,       0,       0,     250,      50,       0,    1350,    1350,       0,       0,  100.0,   70.9,   57.2,    3.6,    1.8,    0.0,    8.9,    0.0,    0.0,   16.6,   41.0,    0.0,  100.0,  100.0,    0.0,    0.0,  100.0,   70.9,   57.2,    3.6,    1.8,    0.0,    8.9,    0.0,    0.0,   16.6,   41.0,    0.0,  100.0,  100.0,    0.0,    0.0,  100.0,    0.0,    0.0,    0.0,    0.0,    0.0,    0.0,    0.0,    0.0,    0.0,    0.0,    0.0,    0.0,    0.0,    0.0,    0.0,     32,     14,      7,.,.,      0,.,      0,      0,      4,      4,      0,     21,     12,     32,     14,      7,.,.,      0,.,      0,      0,      4,      4,      0,     21,     12,      0,      0,      0,      0,      0,      0,      0,      0,      0,      0,      0,      0,      0,      0,    50.4,    77.9,    75.7,    96.9,    50.4,    77.7,    75.7,    96.7,    50.4,    77.9,    75.7,    96.9,    50.4,    77.7,    75.7,    96.7,     0.0,     0.0,     0.0,     0.0,     0.0,     0.0,     0.0,     0.0,(100 MWh = 100 Tier 2  AECs),006NMT,NODX,006 ,N60,FutOnly
NEW JERSEY RECs CLASS 2 V2028 - NODAL EXCHANGE,260908,2026-09-08,006NMW,NODX,01,006 ,    4611,    2300,    2695,     201,       0,       0,     900,       0,       0,    1210,    1916,       0,    4611,    4611,       0,       0,    4611,    2300,    2695,     201,       0,       0,     900,       0,       0,    1210,    1916,       0,    4611,    4611,       0,       0,       0,       0,       0,       0,       0,       0,       0,       0,       0,       0,       0,       0,       0,       0,       0,       0,     250,     250,     200,       0,       0,       0,       0,       0,       0,       0,      50,       0,     250,     250,       0,       0,  100.0,   49.9,   58.4,    4.4,    0.0,    0.0,   19.5,    0.0,    0.0,   26.2,   41.6,    0.0,  100.0,  100.0,    0.0,    0.0,  100.0,   49.9,   58.4,    4.4,    0.0,    0.0,   19.5,    0.0,    0.0,   26.2,   41.6,    0.0,  100.0,  100.0,    0.0,    0.0,  100.0,    0.0,    0.0,    0.0,    0.0,    0.0,    0.0,    0.0,    0.0,    0.0,    0.0,    0.0,    0.0,    0.0,    0.0,    0.0,     22,      9,      5,.,      0,      0,.,      0,      0,      4,.,      0,     15,      7,     22,      9,      5,.,      0,      0,.,      0,      0,      4,.,      0,     15,      7,      0,      0,      0,      0,      0,      0,      0,      0,      0,      0,      0,      0,      0,      0,    58.6,    89.2,    84.6,   100.0,    58.6,    89.2,    84.6,   100.0,    58.6,    89.2,    84.6,   100.0,    58.6,    89.2,    84.6,   100.0,     0.0,     0.0,     0.0,     0.0,     0.0,     0.0,     0.0,     0.0,100 MWh representing 100 NJ Class 2 RECs,006NMW,NODX,006 ,N60,FutOnly
PENNSYLVANIA AEC TIER 2-V2028 - NODAL EXCHANGE,260908,2026-09-08,006NMX,NODX,01,006 ,   23030,   18665,   14306,     550,       0,       0,     800,       0,       0,    3015,    8724,       0,   23030,   23030,       0,       0,   23030,   18665,   14306,     550,       0,       0,     800,       0,       0,    3015,    8724,       0,   23030,   23030,       0,       0,       0,       0,       0,       0,       0,       0,       0,       0,       0,       0,       0,       0,       0,       0,       0,       0,    2300,    2100,    1350,       0,       0,       0,     250,       0,       0,     -50,     950,       0,    2300,    2300,       0,       0,  100.0,   81.0,   62.1,    2.4,    0.0,    0.0,    3.5,    0.0,    0.0,   13.1,   37.9,    0.0,  100.0,  100.0,    0.0,    0.0,  100.0,   81.0,   62.1,    2.4,    0.0,    0.0,    3.5,    0.0,    0.0,   13.1,   37.9,    0.0,  100.0,  100.0,    0.0,    0.0,  100.0,    0.0,    0.0,    0.0,    0.0,    0.0,    0.0,    0.0,    0.0,    0.0,    0.0,    0.0,    0.0,    0.0,    0.0,    0.0,     27,     14,.,.,      0,      0,.,      0,      0,      5,.,      0,     22,      5,     27,     14,.,.,      0,      0,.,      0,      0,      5,.,      0,     22,      5,      0,      0,      0,      0,      0,      0,      0,      0,      0,      0,      0,      0,      0,      0,    54.9,    99.2,    76.7,   100.0,    54.9,    99.2,    76.7,   100.0,    54.9,    99.2,    76.7,   100.0,    54.9,    99.2,    76.7,   100.0,     0.0,     0.0,     0.0,     0.0,     0.0,     0.0,     0.0,     0.0,(100 MWh = 100 Tier 2  AECs),006NMX,NODX,006 ,N60,FutOnly
PENNSYLVANIA AEC TIER 2-V2029 - NODAL EXCHANGE,260908,2026-09-08,006NNO,NODX,01,006 ,   10075,    9325,    5765,       0,       0,       0,       0,       0,       0,     750,    4310,       0,   10075,   10075,       0,       0,   10075,    9325,    5765,       0,       0,       0,       0,       0,       0,     750,    4310,       0,   10075,   10075,       0,       0,       0,       0,       0,       0,       0,       0,       0,       0,       0,       0,       0,       0,       0,       0,       0,       0,.,.,.,.,.,.,.,.,.,.,.,.,.,.,.,.,  100.0,   92.6,   57.2,    0.0,    0.0,    0.0,    0.0,    0.0,    0.0,    7.4,   42.8,    0.0,  100.0,  100.0,    0.0,    0.0,  100.0,   92.6,   57.2,    0.0,    0.0,    0.0,    0.0,    0.0,    0.0,    7.4,   42.8,    0.0,  100.0,  100.0,    0.0,    0.0,  100.0,    0.0,    0.0,    0.0,    0.0,    0.0,    0.0,    0.0,    0.0,    0.0,    0.0,    0.0,    0.0,    0.0,    0.0,    0.0,     20,     12,      4,      0,      0,      0,      0,      0,      0,.,.,      0,     13,      7,     20,     12,      4,      0,      0,      0,      0,      0,      0,.,.,      0,     13,      7,      0,      0,      0,      0,      0,      0,      0,      0,      0,      0,      0,      0,      0,      0,    60.5,    94.0,    91.1,   100.0,    60.5,    94.0,    91.1,   100.0,    60.5,    94.0,    91.1,   100.0,    60.5,    94.0,    91.1,   100.0,     0.0,     0.0,     0.0,     0.0,     0.0,     0.0,     0.0,     0.0,(100 MWh = 100 Tier 2  AECs),006NNO,NODX,006 ,N60,FutOnly
CALIF CARBON VINTAGE SPEC 2029 - ICE FUTURES ENERGY DIV,260908,2026-09-08,006WCA,IFED,01,006 ,    7585,       0,    2785,    1771,    1544,    1281,    4222,     432,      51,     260,    1492,       0,    7585,    7585,       0,       0,    7585,       0,    2785,    1771,    1544,    1281,    4222,     432,      51,     260,    1492,       0,    7585,    7585,       0,       0,       0,       0,       0,       0,       0,       0,       0,       0,       0,       0,       0,       0,       0,       0,       0,       0,       0,       0,       0,     -60,       0,      60,       0,     -60,       0,       0,       0,       0,       0,       0,       0,       0,  100.0,    0.0,   36.7,   23.3,   20.4,   16.9,   55.7,    5.7,    0.7,    3.4,   19.7,    0.0,  100.0,  100.0,    0.0,    0.0,  100.0,    0.0,   36.7,   23.3,   20.4,   16.9,   55.7,    5.7,    0.7,    3.4,   19.7,    0.0,  100.0,  100.0,    0.0,    0.0,  100.0,    0.0,    0.0,    0.0,    0.0,    0.0,    0.0,    0.0,    0.0,    0.0,    0.0,    0.0,    0.0,    0.0,    0.0,    0.0,     21,      0,      6,.,.,.,.,.,.,.,      5,      0,      7,     17,     21,      0,      6,.,.,.,.,.,.,.,      5,      0,      7,     17,      0,      0,      0,      0,      0,      0,      0,      0,      0,      0,      0,      0,      0,      0,    81.2,    64.5,   100.0,    82.4,    77.2,    53.4,    82.4,    68.8,    81.2,    64.5,   100.0,    82.4,    77.2,    53.4,    82.4,    68.8,     0.0,     0.0,     0.0,     0.0,     0.0,     0.0,     0.0,     0.0,"(1,000 California Carbon Allowances)",006WCA,IFED,006 ,N60,FutOnly
SOYBEAN OIL - CHICAGO BOARD OF TRADE,260908,2026-09-08,007601,CBT ,00,007 ,  601961,  168505,  382295,   92652,    8315,   18611,  120087,   28376,   78389,   38856,   13585,   50433,  567533,  580004,   34428,   21957,  592448,  166461,  376549,   93153,    8547,   17473,  118740,   28818,   77705,   38811,   15999,   46438,  558781,  571529,   33667,   20919,    9513,    2044,    5746,     630,     899,       7,    2024,     235,       7,    2854,     395,    1186,    8752,    8475,     761,    1038,   -7047,   -6177,  -16814,    -890,    -828,     675,   -3959,    4153,    2991,   -4413,   -2958,    5779,   -5994,   -7002,   -1053,     -45,  100.0,   28.0,   63.5,   15.4,    1.4,    3.1,   19.9,    4.7,   13.0,    6.5,    2.3,    8.4,   94.3,   96.4,    5.7,    3.6,  100.0,   28.1,   63.6,   15.7,    1.4,    2.9,   20.0,    4.9,   13.1,    6.6,    2.7,    7.8,   94.3,   96.5,    5.7,    3.5,  100.0,   21.5,   60.4,    6.6,    9.5,    0.1,   21.3,    2.5,    0.1,   30.0,    4.2,   12.5,   92.0,   89.1,    8.0,   10.9,    328,     70,     84,     23,      9,     15,     78,     31,     53,     46,     27,     48,    267,    226,    328,     70,     84,     23,      9,     15,     77,     32,     53,     46,     31,     48,    267,    226,     70,     15,     17,      9,.,.,      7,      7,.,     12,      7,      6,     47,     38,    12.8,    26.4,    20.1,    38.7,     7.8,    22.3,    13.3,    30.9,    13.0,    26.5,    20.3,    38.8,     7.9,    22.3,    13.5,    31.0,    38.5,    37.6,    58.0,    57.9,    33.4,    36.4,    51.7,    52.4,"(CONTRACTS OF 60,000 POUNDS)",007601,CBT ,007 ,A30,FutOnly
USGC HSFO (PLATTS) - ICE FUTURES ENERGY DIV,260908,2026-09-08,02141B,IFED,01,021 ,   27431,   13676,   24356,    1581,     372,     178,       0,       0,     153,    9956,     373,    1880,   27424,   27312,       7,     119,   27431,   13676,   24356,    1581,     372,     178,       0,       0,     153,    9956,     373,    1880,   27424,   27312,       7,     119,       0,       0,       0,       0,       0,       0,       0,       0,       0,       0,       0,       0,       0,       0,       0,       0,   -7246,   -3933,   -7231,    -762,    -133,      45,       0,       0,       6,   -2657,     101,      80,   -7221,   -7132,     -25,    -114,  100.0,   49.9,   88.8,    5.8,    1.4,    0.6,    0.0,    0.0,    0.6,   36.3,    1.4,    6.9,  100.0,   99.6,    0.0,    0.4,  100.0,   49.9,   88.8,    5.8,    1.4,    0.6,    0.0,    0.0,    0.6,   36.3,    1.4,    6.9,  100.0,   99.6,    0.0,    0.4,  100.0,    0.0,    0.0,    0.0,    0.0,    0.0,    0.0,    0.0,    0.0,    0.0,    0.0,    0.0,    0.0,    0.0,    0.0,    0.0,     58,     25,     37,.,      4,      4,      0,      0,.,      9,.,      6,     43,     49,     58,     25,     37,.,      4,      4,      0,      0,.,      9,.,      6,     43,     49,      0,      0,      0,      0,      0,      0,      0,      0,      0,      0,      0,      0,      0,      0,    46.7,    35.2,    67.7,    52.6,    35.3,    19.2,    44.1,    28.8,    46.7,    35.2,    67.7,    52.6,    35.3,    19.2,    44.1,    28.8,     0.0,     0.0,     0.0,     0.0,     0.0,     0.0,     0.0,     0.0,(1000 barrels),02141B,IFED,021 ,N10,FutOnly
FUEL OIL-3% USGC/3.5% FOB RDAM - ICE FUTURES ENERGY DIV,260908,2026-09-08,02141C,IFED,01,021 ,   16230,    9366,    6266,    3833,     882,     130,       0,    2760,       0,    1099,    4388,    1795,   16223,   16221,       7,       9,   16230,    9366,    6266,    3833,     882,     130,       0,    2760,       0,    1099,    4388,    1795,   16223,   16221,       7,       9,       0,       0,       0,       0,       0,       0,       0,       0,       0,       0,       0,       0,       0,       0,       0,       0,   -4331,   -2947,   -1854,    -473,    -186,      -5,       0,       0,       0,    -229,   -1963,    -314,   -3968,   -4322,    -363,      -9,  100.0,   57.7,   38.6,   23.6,    5.4,    0.8,    0.0,   17.0,    0.0,    6.8,   27.0,   11.1,  100.0,   99.9,    0.0,    0.1,  100.0,   57.7,   38.6,   23.6,    5.4,    0.8,    0.0,   17.0,    0.0,    6.8,   27.0,   11.1,  100.0,   99.9,    0.0,    0.1,  100.0,    0.0,    0.0,    0.0,    0.0,    0.0,    0.0,    0.0,    0.0,    0.0,    0.0,    0.0,    0.0,    0.0,    0.0,    0.0,     40,     22,     17,      4,.,.,      0,.,      0,.,      5,      5,     32,     29,     40,     22,     17,      4,.,.,      0,.,      0,.,      5,      5,     32,     29,      0,      0,      0,      0,      0,      0,      0,      0,      0,      0,      0,      0,      0,      0,    41.7,    64.3,    68.4,    83.7,    41.2,    55.2,    59.1,    68.3,    41.7,    64.3,    68.4,    83.7,    41.2,    55.2,    59.1,    68.3,     0.0,     0.0,     0.0,     0.0,     0.0,     0.0,     0.0,     0.0,(1000 barrels),02141C,IFED,021 ,N10,FutOnly
USGC HSFO-PLATTS/BRENT 1ST LN  - ICE FUTURES ENERGY DIV,260908,2026-09-08,02141R,IFED,01,021 ,   12038,    9933,    4125,     298,    1544,       0,       0,       0,       0,     102,    4660,    1616,   11949,   11945,      89,      93,   12038,    9933,    4125,     298,    1544,       0,       0,       0,       0,     102,    4660,    1616,   11949,   11945,      89,      93,       0,       0,       0,       0,       0,       0,       0,       0,       0,       0,       0,       0,       0,       0,       0,       0,   -5005,   -3259,   -2808,     -15,    -606,       0,       0,       0,       0,   -1193,   -1087,    -471,   -4938,   -4972,     -67,     -33,  100.0,   82.5,   34.3,    2.5,   12.8,    0.0,    0.0,    0.0,    0.0,    0.8,   38.7,   13.4,   99.3,   99.2,    0.7,    0.8,  100.0,   82.5,   34.3,    2.5,   12.8,    0.0,    0.0,    0.0,    0.0,    0.8,   38.7,   13.4,   99.3,   99.2,    0.7,    0.8,  100.0,    0.0,    0.0,    0.0,    0.0,    0.0,    0.0,    0.0,    0.0,    0.0,    0.0,    0.0,    0.0,    0.0,    0.0,    0.0,     38,     23,     12,.,.,      0,      0,      0,      0,.,      5,.,     29,     19,     38,     23,     12,.,.,      0,      0,      0,      0,.,      5,.,     29,     19,      0,      0,      0,      0,      0,      0,      0,      0,      0,      0,      0,      0,      0,      0,    61.9,    56.1,    79.3,    79.8,    55.5,    51.3,    66.2,    67.0,    61.9,    56.1,    79.3,    79.8,    55.5,    51.3,    66.2,    67.0,     0.0,     0.0,     0.0,     0.0,     0.0,     0.0,     0.0,     0.0,(1000 Barrels),02141R,IFED,021 ,N10,FutOnly
NY HARBOR ULSD - NEW YORK MERCANTILE EXCHANGE,260908,2026-09-08,022651,NYME,01,022 ,  265080,   52040,  134229,   55741,    6979,    9783,   36642,   21283,   18567,    8708,   12359,   32901,  214382,  236101,   50698,   28979,  265080,   52040,  134229,   55741,    6979,    9783,   36642,   21283,   18567,    8708,   12359,   32901,  214382,  236101,   50698,   28979,       0,       0,       0,       0,       0,       0,       0,       0,       0,       0,       0,       0,       0,       0,       0,       0,    -460,    2112,   -2250,    -276,    -217,    -673,   -4247,     738,     198,     -17,   -2631,    2117,    -786,   -2718,     326,    2258,  100.0,   19.6,   50.6,   21.0,    2.6,    3.7,   13.8,    8.0,    7.0,    3.3,    4.7,   12.4,   80.9,   89.1,   19.1,   10.9,  100.0,   19.6,   50.6,   21.0,    2.6,    3.7,   13.8,    8.0,    7.0,    3.3,    4.7,   12.4,   80.9,   89.1,   19.1,   10.9,  100.0,    0.0,    0.0,    0.0,    0.0,    0.0,    0.0,    0.0,    0.0,    0.0,    0.0,    0.0,    0.0,    0.0,    0.0,    0.0,    171,     50,     62,     15,      7,     14,     35,     11,     31,     15,     13,     22,    146,    136,    171,     50,     62,     15,      7,     14,     35,     11,     31,     15,     13,     22,    146,    136,      0,      0,      0,      0,      0,      0,      0,      0,      0,      0,      0,      0,      0,      0,    14.0,    17.0,    21.0,    27.9,    11.7,    15.1,    17.4,    21.8,    14.0,    17.0,    21.0,    27.9,    11.7,    15.1,    17.4,    21.8,     0.0,     0.0,     0.0,     0.0,     0.0,     0.0,     0.0,     0.0,"(CONTRACTS OF 42,000 U.S. GALLONS)",022651,NYME,022 ,N10,FutOnly
UP DOWN GC ULSD VS HO SPR - NEW YORK MERCANTILE EXCHANGE,260908,2026-09-08,022A13,NYME,01,022 ,   31411,   15920,   16679,       0,    7773,     719,       0,     457,     794,     860,       0,     246,   18539,   26668,   12872,    4743,   31411,   15920,   16679,       0,    7773,     719,       0,     457,     794,     860,       0,     246,   18539,   26668,   12872,    4743,       0,       0,       0,       0,       0,       0,       0,       0,       0,       0,       0,       0,       0,       0,       0,       0,   -5292,   -4559,   -4620,       0,     -97,       0,       0,      45,    -127,       0,       0,    -150,   -4836,   -4949,    -456,    -343,  100.0,   50.7,   53.1,    0.0,   24.7,    2.3,    0.0,    1.5,    2.5,    2.7,    0.0,    0.8,   59.0,   84.9,   41.0,   15.1,  100.0,   50.7,   53.1,    0.0,   24.7,    2.3,    0.0,    1.5,    2.5,    2.7,    0.0,    0.8,   59.0,   84.9,   41.0,   15.1,  100.0,    0.0,    0.0,    0.0,    0.0,    0.0,    0.0,    0.0,    0.0,    0.0,    0.0,    0.0,    0.0,    0.0,    0.0,    0.0,     20,     12,     10,      0,.,.,      0,.,.,.,      0,.,     15,     14,     20,     12,     10,      0,.,.,      0,.,.,.,      0,.,     15,     14,      0,      0,      0,      0,      0,      0,      0,      0,      0,      0,      0,      0,      0,      0,    38.4,    68.0,    49.5,    79.2,    32.5,    65.9,    41.4,    71.4,    38.4,    68.0,    49.5,    79.2,    32.5,    65.9,    41.4,    71.4,     0.0,     0.0,     0.0,     0.0,     0.0,     0.0,     0.0,     0.0,"(CONTRACTS OF 42,000 GALLONS)",022A13,NYME,022 ,N10,FutOnly
NAT GAS ICE LD1 - ICE FUTURES ENERGY DIV,260908,2026-09-08,023391,IFED,01,023 , 7888051, 4348906, 2387292,  821862, 2909647,  353876,  669705,  494575,  883470,  179832,  246698,  591222, 7848873, 7866780,   39178,   21271, 7888051, 4348906, 2387292,  821862, 2909647,  353876,  669705,  494575,  883470,  179832,  246698,  591222, 7848873, 7866780,   39178,   21271,       0,       0,       0,       0,       0,       0,       0,       0,       0,       0,       0,       0,       0,       0,       0,       0,   71489,   83736,   12756,    4458,   39134,    -288,   37054,   23316,  -37659,  -31454,   20137,   15844,   71691,   73240,    -202,   -1751,  100.0,   55.1,   30.3,   10.4,   36.9,    4.5,    8.5,    6.3,   11.2,    2.3,    3.1,    7.5,   99.5,   99.7,    0.5,    0.3,  100.0,   55.1,   30.3,   10.4,   36.9,    4.5,    8.5,    6.3,   11.2,    2.3,    3.1,    7.5,   99.5,   99.7,    0.5,    0.3,  100.0,    0.0,    0.0,    0.0,    0.0,    0.0,    0.0,    0.0,    0.0,    0.0,    0.0,    0.0,    0.0,    0.0,    0.0,    0.0,    275,    143,    109,     23,     20,     24,     13,     11,     23,     27,     30,     49,    257,    216,    275,    143,    109,     23,     20,     24,     13,     11,     23,     27,     30,     49,    257,    216,      0,      0,      0,      0,      0,      0,      0,      0,      0,      0,      0,      0,      0,      0,    21.7,    33.7,    34.2,    48.6,    17.1,    30.1,    28.0,    43.3,    21.7,    33.7,    34.2,    48.6,    17.1,    30.1,    28.0,    43.3,     0.0,     0.0,     0.0,     0.0,     0.0,     0.0,     0.0,     0.0,"(Contracts of 2,500  MMBTU'S)",023391,IFED,023 ,N13,FutOnly
NAT GAS ICE PEN - ICE FUTURES ENERGY DIV,260908,2026-09-08,023392,IFED,01,023 ,  676796,   71707,   95338,  208788,   63816,  127064,   17670,  141637,  113481,   72921,   70176,   64613,  676244,  676125,     552,     671,  676796,   71707,   95338,  208788,   63816,  127064,   17670,  141637,  113481,   72921,   70176,   64613,  676244,  676125,     552,     671,       0,       0,       0,       0,       0,       0,       0,       0,       0,       0,       0,       0,       0,       0,       0,       0,   25090,   -1402,    2134,   -1682,   -4331,    3693,    9504,   11993,    7962,   -1602,   -4978,    8617,   25090,   25090,       0,       0,  100.0,   10.6,   14.1,   30.8,    9.4,   18.8,    2.6,   20.9,   16.8,   10.8,   10.4,    9.5,   99.9,   99.9,    0.1,    0.1,  100.0,   10.6,   14.1,   30.8,    9.4,   18.8,    2.6,   20.9,   16.8,   10.8,   10.4,    9.5,   99.9,   99.9,    0.1,    0.1,  100.0,    0.0,    0.0,    0.0,    0.0,    0.0,    0.0,    0.0,    0.0,    0.0,    0.0,    0.0,    0.0,    0.0,    0.0,    0.0,     73,     15,     16,     11,      7,     16,      6,      7,     10,     14,      8,     17,     64,     63,     73,     15,     16,     11,      7,     16,      6,      7,     10,     14,      8,     17,     64,     63,      0,      0,      0,      0,      0,      0,      0,      0,      0,      0,      0,      0,      0,      0,    38.5,    46.2,    59.1,    69.1,    25.9,    30.3,    33.7,    37.7,    38.5,    46.2,    59.1,    69.1,    25.9,    30.3,    33.7,    37.7,     0.0,     0.0,     0.0,     0.0,     0.0,     0.0,     0.0,     0.0,"(Contracts of 2,500  MMBTU'S)",023392,IFED,023 ,N13,FutOnly
SOCAL BORDER FIN BASIS - ICE FUTURES ENERGY DIV,260908,2026-09-08,023393,IFED,01,023 ,  257287,  143213,  201561,   58270,   13181,   16039,   13488,    7850,    3371,    3625,     675,    3547,  241553,  246224,   15734,   11063,  257287,  143213,  201561,   58270,   13181,   16039,   13488,    7850,    3371,    3625,     675,    3547,  241553,  246224,   15734,   11063,       0,       0,       0,       0,       0,       0,       0,       0,       0,       0,       0,       0,       0,       0,       0,       0,  -23310,  -13233,  -23794,   -3342,     987,   -1621,   -3318,    2574,   -2992,     -89,    -205,    -267,  -24862,  -25318,    1552,    2008,  100.0,   55.7,   78.3,   22.6,    5.1,    6.2,    5.2,    3.1,    1.3,    1.4,    0.3,    1.4,   93.9,   95.7,    6.1,    4.3,  100.0,   55.7,   78.3,   22.6,    5.1,    6.2,    5.2,    3.1,    1.3,    1.4,    0.3,    1.4,   93.9,   95.7,    6.1,    4.3,  100.0,    0.0,    0.0,    0.0,    0.0,    0.0,    0.0,    0.0,    0.0,    0.0,    0.0,    0.0,    0.0,    0.0,    0.0,    0.0,     47,     22,     24,      5,.,      5,.,.,.,.,.,.,     38,     38,     47,     22,     24,      5,.,      5,.,.,.,.,.,.,     38,     38,      0,      0,      0,      0,      0,      0,      0,      0,      0,      0,      0,      0,      0,      0,    44.3,    57.7,    61.4,    69.7,    43.6,    54.0,    58.2,    63.9,    44.3,    57.7,    61.4,    69.7,    43.6,    54.0,    58.2,    63.9,     0.0,     0.0,     0.0,     0.0,     0.0,     0.0,     0.0,     0.0,"(Contracts of 2,500  MMBTU'S)",023393,IFED,023 ,N13,FutOnly
PG&E CITYGATE FIN BASIS - ICE FUTURES ENERGY DIV,260908,2026-09-08,023394,IFED,01,023 ,  186519,  149940,  142386,   14041,   23442,    6912,     754,    3824,    4911,    2039,     793,     785,  179382,  183053,    7137,    3466,  186519,  149940,  142386,   14041,   23442,    6912,     754,    3824,    4911,    2039,     793,     785,  179382,  183053,    7137,    3466,       0,       0,       0,       0,       0,       0,       0,       0,       0,       0,       0,       0,       0,       0,       0,       0,  -10544,   -2885,   -3316,    -185,    -530,    -427,   -2344,   -1905,    -635,   -1337,    -270,     172,   -7641,   -6911,   -2903,   -3633,  100.0,   80.4,   76.3,    7.5,   12.6,    3.7,    0.4,    2.1,    2.6,    1.1,    0.4,    0.4,   96.2,   98.1,    3.8,    1.9,  100.0,   80.4,   76.3,    7.5,   12.6,    3.7,    0.4,    2.1,    2.6,    1.1,    0.4,    0.4,   96.2,   98.1,    3.8,    1.9,  100.0,    0.0,    0.0,    0.0,    0.0,    0.0,    0.0,    0.0,    0.0,    0.0,    0.0,    0.0,    0.0,    0.0,    0.0,    0.0,     48,     30,     24,      6,.,      9,.,      4,      4,.,.,.,     46,     41,     48,     30,     24,      6,.,      9,.,      4,      4,.,.,.,     46,     41,      0,      0,      0,      0,      0,      0,      0,      0,      0,      0,      0,      0,      0,      0,    51.8,    65.4,    64.8,    79.7,    51.8,    59.1,    63.6,    72.0,    51.8,    65.4,    64.8,    79.7,    51.8,    59.1,    63.6,    72.0,     0.0,     0.0,     0.0,     0.0,     0.0,     0.0,     0.0,     0.0,"(Contracts of 2,500  MMBTU'S)",023394,IFED,023 ,N13,FutOnly
NWP ROCKIES FIN BASIS - ICE FUTURES ENERGY DIV,260908,2026-09-08,023395,IFED,01,023 ,  381825,  247428,  207697,   68969,  127436,   16774,   26270,    3941,    2836,     805,    7145,    4404,  367486,  370233,   14339,   11592,  381825,  247428,  207697,   68969,  127436,   16774,   26270,    3941,    2836,     805,    7145,    4404,  367486,  370233,   14339,   11592,       0,       0,       0,       0,       0,       0,       0,       0,       0,       0,       0,       0,       0,       0,       0,       0,  -10492,   -3787,  -13321,   -5560,    2605,     543,     -33,     150,   -2570,      53,    3435,     577,  -10777,   -8581,     285,   -1911,  100.0,   64.8,   54.4,   18.1,   33.4,    4.4,    6.9,    1.0,    0.7,    0.2,    1.9,    1.2,   96.2,   97.0,    3.8,    3.0,  100.0,   64.8,   54.4,   18.1,   33.4,    4.4,    6.9,    1.0,    0.7,    0.2,    1.9,    1.2,   96.2,   97.0,    3.8,    3.0,  100.0,    0.0,    0.0,    0.0,    0.0,    0.0,    0.0,    0.0,    0.0,    0.0,    0.0,    0.0,    0.0,    0.0,    0.0,    0.0,     66,     27,     28,      9,      8,     11,      7,.,      4,.,.,.,     53,     51,     66,     27,     28,      9,      8,     11,      7,.,      4,.,.,.,     53,     51,      0,      0,      0,      0,      0,      0,      0,      0,      0,      0,      0,      0,      0,      0,    49.9,    42.4,    65.1,    61.8,    38.1,    37.0,    51.9,    49.5,    49.9,    42.4,    65.1,    61.8,    38.1,    37.0,    51.9,    49.5,     0.0,     0.0,     0.0,     0.0,     0.0,     0.0,     0.0,     0.0,"(Contracts of 2,500  MMBTU'S)",023395,IFED,023 ,N13,FutOnly
AECO FIN BASIS - ICE FUTURES ENERGY DIV,260908,2026-09-08,023396,IFED,01,023 ,  949253,  808943,  223637,   54918,  672246,   27263,   12676,    6091,    9441,   15826,    2494,    2084,  931151,  943256,   18102,    5997,  949253,  808943,  223637,   54918,  672246,   27263,   12676,    6091,    9441,   15826,    2494,    2084,  931151,  943256,   18102,    5997,       0,       0,       0,       0,       0,       0,       0,       0,       0,       0,       0,       0,       0,       0,       0,       0,  -42524,  -35949,   -8455,   -2959,  -33047,     942,   -1303,     675,   -1350,    -618,    -864,     286,  -40951,  -41813,   -1573,    -711,  100.0,   85.2,   23.6,    5.8,   70.8,    2.9,    1.3,    0.6,    1.0,    1.7,    0.3,    0.2,   98.1,   99.4,    1.9,    0.6,  100.0,   85.2,   23.6,    5.8,   70.8,    2.9,    1.3,    0.6,    1.0,    1.7,    0.3,    0.2,   98.1,   99.4,    1.9,    0.6,  100.0,    0.0,    0.0,    0.0,    0.0,    0.0,    0.0,    0.0,    0.0,    0.0,    0.0,    0.0,    0.0,    0.0,    0.0,    0.0,     61,     33,     21,      5,      8,      8,      4,      5,      7,.,.,.,     54,     43,     61,     33,     21,      5,      8,      8,      4,      5,      7,.,.,.,     54,     43,      0,      0,      0,      0,      0,      0,      0,      0,      0,      0,      0,      0,      0,      0,    44.0,    52.7,    58.9,    78.3,    39.7,    52.6,    52.3,    73.7,    44.0,    52.7,    58.9,    78.3,    39.7,    52.6,    52.3,    73.7,     0.0,     0.0,     0.0,     0.0,     0.0,     0.0,     0.0,     0.0,"(Contracts of 2,500  MMBTU'S)",023396,IFED,023 ,N13,FutOnly
CHICAGO FIN BASIS - ICE FUTURES ENERGY DIV,260908,2026-09-08,023397,IFED,01,023 ,  352436,  267409,  298857,   53194,   30225,    4282,   12237,    2977,    2025,    4123,    1092,    2140,  345410,  341598,    7026,   10838,  352436,  267409,  298857,   53194,   30225,    4282,   12237,    2977,    2025,    4123,    1092,    2140,  345410,  341598,    7026,   10838,       0,       0,       0,       0,       0,       0,       0,       0,       0,       0,       0,       0,       0,       0,       0,       0,  -18212,  -11215,  -16560,   -1614,   -1230,    -706,    -252,    1222,    -894,    -498,     -37,     -46,  -15225,  -18251,   -2987,      39,  100.0,   75.9,   84.8,   15.1,    8.6,    1.2,    3.5,    0.8,    0.6,    1.2,    0.3,    0.6,   98.0,   96.9,    2.0,    3.1,  100.0,   75.9,   84.8,   15.1,    8.6,    1.2,    3.5,    0.8,    0.6,    1.2,    0.3,    0.6,   98.0,   96.9,    2.0,    3.1,  100.0,    0.0,    0.0,    0.0,    0.0,    0.0,    0.0,    0.0,    0.0,    0.0,    0.0,    0.0,    0.0,    0.0,    0.0,    0.0,     60,     34,     29,      8,.,      5,      5,      4,.,.,.,.,     53,     43,     60,     34,     29,      8,.,      5,      5,      4,.,.,.,.,     53,     43,      0,      0,      0,      0,      0,      0,      0,      0,      0,      0,      0,      0,      0,      0,    43.6,    36.8,    59.6,    61.8,    32.3,    31.5,    42.6,    44.1,    43.6,    36.8,    59.6,    61.8,    32.3,    31.5,    42.6,    44.1,     0.0,     0.0,     0.0,     0.0,     0.0,     0.0,     0.0,     0.0,"(Contracts of 2,500  MMBTU'S)",023397,IFED,023 ,N13,FutOnly
HSC FIN BASIS - ICE FUTURES ENERGY DIV,260908,2026-09-08,023398,IFED,01,023 ,  839234,  538099,  516854,  225530,  134620,   29492,    4103,  104921,   18989,   12161,   22987,    4168,  832542,  832031,    6692,    7203,  839234,  538099,  516854,  225530,  134620,   29492,    4103,  104921,   18989,   12161,   22987,    4168,  832542,  832031,    6692,    7203,       0,       0,       0,       0,       0,       0,       0,       0,       0,       0,       0,       0,       0,       0,       0,       0,  -67420,  -44705,  -31911,  -17421,   -1756,   -4588,    -132,  -23294,   -2333,    1726,   -3477,     -82,  -67535,  -67441,     115,      21,  100.0,   64.1,   61.6,   26.9,   16.0,    3.5,    0.5,   12.5,    2.3,    1.4,    2.7,    0.5,   99.2,   99.1,    0.8,    0.9,  100.0,   64.1,   61.6,   26.9,   16.0,    3.5,    0.5,   12.5,    2.3,    1.4,    2.7,    0.5,   99.2,   99.1,    0.8,    0.9,  100.0,    0.0,    0.0,    0.0,    0.0,    0.0,    0.0,    0.0,    0.0,    0.0,    0.0,    0.0,    0.0,    0.0,    0.0,    0.0,     95,     44,     41,      9,     12,     11,.,     11,      5,      4,.,.,     69,     76,     95,     44,     41,      9,     12,     11,.,     11,      5,      4,.,.,     69,     76,      0,      0,      0,      0,      0,      0,      0,      0,      0,      0,      0,      0,      0,      0,    29.9,    27.5,    50.8,    43.7,    29.1,    26.7,    47.7,    42.3,    29.9,    27.5,    50.8,    43.7,    29.1,    26.7,    47.7,    42.3,     0.0,     0.0,     0.0,     0.0,     0.0,     0.0,     0.0,     0.0,"(Contracts of 2,500  MMBTU'S)",023398,IFED,023 ,N13,FutOnly
WAHA FIN BASIS - ICE FUTURES ENERGY DIV,260908,2026-09-08,023399,IFED,01,023 ,  716082,  604848,  284798,   23433,  330799,   14182,   28036,   13664,   29061,     268,   24195,   12294,  712122,  708993,    3960,    7089,  716082,  604848,  284798,   23433,  330799,   14182,   28036,   13664,   29061,     268,   24195,   12294,  712122,  708993,    3960,    7089,       0,       0,       0,       0,       0,       0,       0,       0,       0,       0,       0,       0,       0,       0,       0,       0,  -33591,  -28456,  -14107,   -1198,  -20486,    -966,   -3748,    1236,     682,      58,     758,      47,  -33581,  -32836,     -10,    -755,  100.0,   84.5,   39.8,    3.3,   46.2,    2.0,    3.9,    1.9,    4.1,    0.0,    3.4,    1.7,   99.4,   99.0,    0.6,    1.0,  100.0,   84.5,   39.8,    3.3,   46.2,    2.0,    3.9,    1.9,    4.1,    0.0,    3.4,    1.7,   99.4,   99.0,    0.6,    1.0,  100.0,    0.0,    0.0,    0.0,    0.0,    0.0,    0.0,    0.0,    0.0,    0.0,    0.0,    0.0,    0.0,    0.0,    0.0,    0.0,     82,     44,     30,      5,     16,     13,      6,      4,      6,.,      4,.,     71,     62,     82,     44,     30,      5,     16,     13,      6,      4,      6,.,      4,.,     71,     62,      0,      0,      0,      0,      0,      0,      0,      0,      0,      0,      0,      0,      0,      0,    28.8,    41.0,    48.4,    60.8,    23.0,    33.9,    39.7,    50.2,    28.8,    41.0,    48.4,    60.8,    23.0,    33.9,    39.7,    50.2,     0.0,     0.0,     0.0,     0.0,     0.0,     0.0,     0.0,     0.0,"(Contracts of 2,500  MMBTU'S)",023399,IFED,023 ,N13,FutOnly
ALGONQUIN CITYGATES BASIS - ICE FUTURES ENERGY DIV,260908,2026-09-08,02339E,IFED,01,023 ,  106609,   81455,   89225,   16357,       0,     153,    3028,    2915,       0,    1909,    5492,     217,  103119,   98002,    3490,    8607,  106609,   81455,   89225,   16357,       0,     153,    3028,    2915,       0,    1909,    5492,     217,  103119,   98002,    3490,    8607,       0,       0,       0,       0,       0,       0,       0,       0,       0,       0,       0,       0,       0,       0,       0,       0,   -4935,   -5597,   -4370,    -929,       0,     -62,    2728,      -8,       0,    -481,     -59,      -2,   -4343,   -4501,    -592,    -434,  100.0,   76.4,   83.7,   15.3,    0.0,    0.1,    2.8,    2.7,    0.0,    1.8,    5.2,    0.2,   96.7,   91.9,    3.3,    8.1,  100.0,   76.4,   83.7,   15.3,    0.0,    0.1,    2.8,    2.7,    0.0,    1.8,    5.2,    0.2,   96.7,   91.9,    3.3,    8.1,  100.0,    0.0,    0.0,    0.0,    0.0,    0.0,    0.0,    0.0,    0.0,    0.0,    0.0,    0.0,    0.0,    0.0,    0.0,    0.0,     31,     10,     13,      5,      0,.,.,.,      0,.,.,.,     19,     20,     31,     10,     13,      5,      0,.,.,.,      0,.,.,.,     19,     20,      0,      0,      0,      0,      0,      0,      0,      0,      0,      0,      0,      0,      0,      0,    69.2,    58.2,    84.7,    78.7,    65.4,    56.6,    78.1,    74.6,    69.2,    58.2,    84.7,    78.7,    65.4,    56.6,    78.1,    74.6,     0.0,     0.0,     0.0,     0.0,     0.0,     0.0,     0.0,     0.0,"(Contracts of 2,500  MMBTU'S)",02339E,IFED,023 ,N13,FutOnly
CG-MAINLINE FINANCIAL INDEX - ICE FUTURES ENERGY DIV,260908,2026-09-08,02339P,IFED,01,023 ,   29290,   21300,   20604,    2719,     960,       0,    2820,    6304,       0,    1208,       0,       0,   28047,   27868,    1243,    1422,   29290,   21300,   20604,    2719,     960,       0,    2820,    6304,       0,    1208,       0,       0,   28047,   27868,    1243,    1422,       0,       0,       0,       0,       0,       0,       0,       0,       0,       0,       0,       0,       0,       0,       0,       0,  -12865,  -11854,   -8896,   -1643,    -496,       0,     586,   -2558,    -586,       0,       0,       0,  -13497,  -12536,     632,    -329,  100.0,   72.7,   70.3,    9.3,    3.3,    0.0,    9.6,   21.5,    0.0,    4.1,    0.0,    0.0,   95.8,   95.1,    4.2,    4.9,  100.0,   72.7,   70.3,    9.3,    3.3,    0.0,    9.6,   21.5,    0.0,    4.1,    0.0,    0.0,   95.8,   95.1,    4.2,    4.9,  100.0,    0.0,    0.0,    0.0,    0.0,    0.0,    0.0,    0.0,    0.0,    0.0,    0.0,    0.0,    0.0,    0.0,    0.0,    0.0,     29,     10,     13,.,.,      0,.,.,      0,.,      0,      0,     15,     16,     29,     10,     13,.,.,      0,.,.,      0,.,      0,      0,     15,     16,      0,      0,      0,      0,      0,      0,      0,      0,      0,      0,      0,      0,      0,      0,    59.7,    48.1,    81.5,    78.4,    59.7,    48.1,    81.2,    77.1,    59.7,    48.1,    81.5,    78.4,    59.7,    48.1,    81.2,    77.1,     0.0,     0.0,     0.0,     0.0,     0.0,     0.0,     0.0,     0.0,"(Contracts of 2,500  MMBTU'S)",02339P,IFED,023 ,N13,FutOnly
CHICAGO CITYGATE (INDEX) - ICE FUTURES ENERGY DIV,260908,2026-09-08,02339Q,IFED,01,023 ,   86423,   54206,   77592,   27227,    2468,    1812,     570,    1986,     750,     310,       0,       0,   84875,   84608,    1548,    1815,   86423,   54206,   77592,   27227,    2468,    1812,     570,    1986,     750,     310,       0,       0,   84875,   84608,    1548,    1815,       0,       0,       0,       0,       0,       0,       0,       0,       0,       0,       0,       0,       0,       0,       0,       0,  -16306,  -12853,  -16056,   -2976,       0,       0,    -465,     -62,       0,       0,       0,       0,  -16294,  -16118,     -12,    -188,  100.0,   62.7,   89.8,   31.5,    2.9,    2.1,    0.7,    2.3,    0.9,    0.4,    0.0,    0.0,   98.2,   97.9,    1.8,    2.1,  100.0,   62.7,   89.8,   31.5,    2.9,    2.1,    0.7,    2.3,    0.9,    0.4,    0.0,    0.0,   98.2,   97.9,    1.8,    2.1,  100.0,    0.0,    0.0,    0.0,    0.0,    0.0,    0.0,    0.0,    0.0,    0.0,    0.0,    0.0,    0.0,    0.0,    0.0,    0.0,     35,     17,     14,      6,.,.,.,.,.,.,      0,      0,     28,     16,     35,     17,     14,      6,.,.,.,.,.,.,      0,      0,     28,     16,      0,      0,      0,      0,      0,      0,      0,      0,      0,      0,      0,      0,      0,      0,    57.4,    71.9,    74.6,    88.0,    56.3,    65.3,    71.0,    77.2,    57.4,    71.9,    74.6,    88.0,    56.3,    65.3,    71.0,    77.2,     0.0,     0.0,     0.0,     0.0,     0.0,     0.0,     0.0,     0.0,"(Contracts of 2,500  MMBTU'S)",02339Q,IFED,023 ,N13,FutOnly
CIG ROCKIES FINANCIAL INDEX - ICE FUTURES ENERGY DIV,260908,2026-09-08,02339S,IFED,01,023 ,   25362,   22975,   11573,       0,    2818,     270,       0,    9591,       0,     210,       0,       0,   23455,   24252,    1907,    1110,   25362,   22975,   11573,       0,    2818,     270,       0,    9591,       0,     210,       0,       0,   23455,   24252,    1907,    1110,       0,       0,       0,       0,       0,       0,       0,       0,       0,       0,       0,       0,       0,       0,       0,       0,   -7630,   -6295,   -3897,       0,    2232,    -434,       0,   -4344,    -248,    -217,    -376,    -120,   -7314,   -7187,    -316,    -443,  100.0,   90.6,   45.6,    0.0,   11.1,    1.1,    0.0,   37.8,    0.0,    0.8,    0.0,    0.0,   92.5,   95.6,    7.5,    4.4,  100.0,   90.6,   45.6,    0.0,   11.1,    1.1,    0.0,   37.8,    0.0,    0.8,    0.0,    0.0,   92.5,   95.6,    7.5,    4.4,  100.0,    0.0,    0.0,    0.0,    0.0,    0.0,    0.0,    0.0,    0.0,    0.0,    0.0,    0.0,    0.0,    0.0,    0.0,    0.0,     21,     12,     12,      0,.,.,      0,.,      0,.,      0,      0,     14,     16,     21,     12,     12,      0,.,.,      0,.,      0,.,      0,      0,     14,     16,      0,      0,      0,      0,      0,      0,      0,      0,      0,      0,      0,      0,      0,      0,    49.8,    68.0,    77.0,    84.3,    31.0,    53.2,    51.1,    60.5,    49.8,    68.0,    77.0,    84.3,    31.0,    53.2,    51.1,    60.5,     0.0,     0.0,     0.0,     0.0,     0.0,     0.0,     0.0,     0.0,"(Contracts of 2,500 MMBTU'S)",02339S,IFED,023 ,N13,FutOnly
CIG ROCKIES BASIS - ICE FUTURES ENERGY DIV,260908,2026-09-08,02339U,IFED,01,023 ,  435147,  392960,  131221,    4036,  204189,   10009,    9880,   72337,    4948,    2469,    2456,    1643,  425945,  426803,    9202,    8344,  435147,  392960,  131221,    4036,  204189,   10009,    9880,   72337,    4948,    2469,    2456,    1643,  425945,  426803,    9202,    8344,       0,       0,       0,       0,       0,       0,       0,       0,       0,       0,       0,       0,       0,       0,       0,       0,   -2646,   -5671,  -17725,     691,   -6467,    -450,    2115,   23848,     306,     -24,   -2451,     319,   -2714,   -2620,      68,     -26,  100.0,   90.3,   30.2,    0.9,   46.9,    2.3,    2.3,   16.6,    1.1,    0.6,    0.6,    0.4,   97.9,   98.1,    2.1,    1.9,  100.0,   90.3,   30.2,    0.9,   46.9,    2.3,    2.3,   16.6,    1.1,    0.6,    0.6,    0.4,   97.9,   98.1,    2.1,    1.9,  100.0,    0.0,    0.0,    0.0,    0.0,    0.0,    0.0,    0.0,    0.0,    0.0,    0.0,    0.0,    0.0,    0.0,    0.0,    0.0,     60,     33,     20,.,     12,      7,.,      6,      4,.,.,.,     49,     43,     60,     33,     20,.,     12,      7,.,      6,      4,.,.,.,     49,     43,      0,      0,      0,      0,      0,      0,      0,      0,      0,      0,      0,      0,      0,      0,    46.0,    56.6,    61.7,    77.4,    32.4,    52.6,    45.7,    58.4,    46.0,    56.6,    61.7,    77.4,    32.4,    52.6,    45.7,    58.4,     0.0,     0.0,     0.0,     0.0,     0.0,     0.0,     0.0,     0.0,2500 mmbtu,02339U,IFED,023 ,N13,FutOnly
TCO Basis  - ICE FUTURES ENERGY DIV,260908,2026-09-08,02339W,IFED,01,023 ,  221652,  192193,   33024,   14175,  168721,    7458,       0,    1946,     821,       0,       0,       0,  214647,  211970,    7005,    9682,  221652,  192193,   33024,   14175,  168721,    7458,       0,    1946,     821,       0,       0,       0,  214647,  211970,    7005,    9682,       0,       0,       0,       0,       0,       0,       0,       0,       0,       0,       0,       0,       0,       0,       0,       0,  -10147,   -8101,   -2559,   -2453,   -5892,    -369,       0,      98,    -276,       0,       0,       0,  -11199,   -8998,    1052,   -1149,  100.0,   86.7,   14.9,    6.4,   76.1,    3.4,    0.0,    0.9,    0.4,    0.0,    0.0,    0.0,   96.8,   95.6,    3.2,    4.4,  100.0,   86.7,   14.9,    6.4,   76.1,    3.4,    0.0,    0.9,    0.4,    0.0,    0.0,    0.0,   96.8,   95.6,    3.2,    4.4,  100.0,    0.0,    0.0,    0.0,    0.0,    0.0,    0.0,    0.0,    0.0,    0.0,    0.0,    0.0,    0.0,    0.0,    0.0,    0.0,     39,     18,      9,.,     11,      4,      0,.,.,      0,      0,      0,     24,     25,     39,     18,      9,.,     11,      4,      0,.,.,      0,      0,      0,     24,     25,      0,      0,      0,      0,      0,      0,      0,      0,      0,      0,      0,      0,      0,      0,    53.0,    54.5,    73.7,    78.1,    53.0,    54.0,    72.4,    77.2,    53.0,    54.5,    73.7,    78.1,    53.0,    54.0,    72.4,    77.2,     0.0,     0.0,     0.0,     0.0,     0.0,     0.0,     0.0,     0.0,2500 mm btu,02339W,IFED,023 ,N13,FutOnly
CG Mainline Basis - ICE FUTURES ENERGY DIV,260908,2026-09-08,02339Y,IFED,01,023 ,  329144,  310745,  214033,    1081,   89863,    4251,       0,   13584,    1750,    3624,       0,       0,  321451,  323481,    7693,    5663,  329144,  310745,  214033,    1081,   89863,    4251,       0,   13584,    1750,    3624,       0,       0,  321451,  323481,    7693,    5663,       0,       0,       0,       0,       0,       0,       0,       0,       0,       0,       0,       0,       0,       0,       0,       0,  -27822,  -21949,  -16246,    -781,   -3234,    -570,   -3036,   -5045,   -1110,       0,     -31,    -212,  -27658,  -26448,    -164,   -1374,  100.0,   94.4,   65.0,    0.3,   27.3,    1.3,    0.0,    4.1,    0.5,    1.1,    0.0,    0.0,   97.7,   98.3,    2.3,    1.7,  100.0,   94.4,   65.0,    0.3,   27.3,    1.3,    0.0,    4.1,    0.5,    1.1,    0.0,    0.0,   97.7,   98.3,    2.3,    1.7,  100.0,    0.0,    0.0,    0.0,    0.0,    0.0,    0.0,    0.0,    0.0,    0.0,    0.0,    0.0,    0.0,    0.0,    0.0,    0.0,     41,     18,     14,.,      9,      4,      0,      5,.,.,      0,      0,     27,     29,     41,     18,     14,.,      9,      4,      0,      5,.,.,      0,      0,     27,     29,      0,      0,      0,      0,      0,      0,      0,      0,      0,      0,      0,      0,      0,      0,    76.7,    66.5,    89.1,    80.2,    76.4,    65.8,    88.3,    79.5,    76.7,    66.5,    89.1,    80.2,    76.4,    65.8,    88.3,    79.5,     0.0,     0.0,     0.0,     0.0,     0.0,     0.0,     0.0,     0.0,2500 mmbtu,02339Y,IFED,023 ,N13,FutOnly
DOMINION - SOUTH POINT - ICE FUTURES ENERGY DIV,260908,2026-09-08,0233A2,IFED,01,023 ,   39148,   16038,   28980,    9518,    3051,    1267,    6391,    2643,     604,    2483,       0,       0,   36301,   36545,    2847,    2603,   39148,   16038,   28980,    9518,    3051,    1267,    6391,    2643,     604,    2483,       0,       0,   36301,   36545,    2847,    2603,       0,       0,       0,       0,       0,       0,       0,       0,       0,       0,       0,       0,       0,       0,       0,       0,  -15252,   -9596,  -11464,   -2666,   -2046,     -31,   -2402,   -1197,     -93,    -465,       0,       0,  -15253,  -14831,       1,    -421,  100.0,   41.0,   74.0,   24.3,    7.8,    3.2,   16.3,    6.8,    1.5,    6.3,    0.0,    0.0,   92.7,   93.4,    7.3,    6.6,  100.0,   41.0,   74.0,   24.3,    7.8,    3.2,   16.3,    6.8,    1.5,    6.3,    0.0,    0.0,   92.7,   93.4,    7.3,    6.6,  100.0,    0.0,    0.0,    0.0,    0.0,    0.0,    0.0,    0.0,    0.0,    0.0,    0.0,    0.0,    0.0,    0.0,    0.0,    0.0,     33,     13,     16,.,.,.,.,.,.,.,      0,      0,     21,     20,     33,     13,     16,.,.,.,.,.,.,.,      0,      0,     21,     20,      0,      0,      0,      0,      0,      0,      0,      0,      0,      0,      0,      0,      0,      0,    60.5,    53.8,    79.5,    75.3,    59.6,    44.7,    73.3,    63.7,    60.5,    53.8,    79.5,    75.3,    59.6,    44.7,    73.3,    63.7,     0.0,     0.0,     0.0,     0.0,     0.0,     0.0,     0.0,     0.0,2500 mmbtu,0233A2,IFED,023 ,N13,FutOnly
DOMINION - SOUTH POINT (BASIS) - ICE FUTURES ENERGY DIV,260908,2026-09-08,0233A3,IFED,01,023 ,  736263,  598284,  190594,   11062,  436956,   35680,   34401,   36567,   12911,   17130,    4570,    8563,  718031,  725841,   18232,   10422,  736263,  598284,  190594,   11062,  436956,   35680,   34401,   36567,   12911,   17130,    4570,    8563,  718031,  725841,   18232,   10422,       0,       0,       0,       0,       0,       0,       0,       0,       0,       0,       0,       0,       0,       0,       0,       0,  -48972,  -43126,  -10726,    -844,  -20479,   -1075,    4625,  -10906,   -3849,   -3683,   -2887,   -1201,  -49153,  -51123,     181,    2151,  100.0,   81.3,   25.9,    1.5,   59.3,    4.8,    4.7,    5.0,    1.8,    2.3,    0.6,    1.2,   97.5,   98.6,    2.5,    1.4,  100.0,   81.3,   25.9,    1.5,   59.3,    4.8,    4.7,    5.0,    1.8,    2.3,    0.6,    1.2,   97.5,   98.6,    2.5,    1.4,  100.0,    0.0,    0.0,    0.0,    0.0,    0.0,    0.0,    0.0,    0.0,    0.0,    0.0,    0.0,    0.0,    0.0,    0.0,    0.0,     88,     43,     34,.,     17,     11,.,     11,      6,      5,      4,      6,     69,     72,     88,     43,     34,.,     17,     11,.,     11,      6,      5,      4,      6,     69,     72,      0,      0,      0,      0,      0,      0,      0,      0,      0,      0,      0,      0,      0,      0,    33.9,    37.6,    49.9,    54.0,    33.1,    33.5,    46.2,    49.7,    33.9,    37.6,    49.9,    54.0,    33.1,    33.5,    46.2,    49.7,     0.0,     0.0,     0.0,     0.0,     0.0,     0.0,     0.0,     0.0,2500 mmbtu,0233A3,IFED,023 ,N13,FutOnly
EP SAN JUAN BASIS - ICE FUTURES ENERGY DIV,260908,2026-09-08,0233A8,IFED,01,023 ,  257821,  151843,  185277,   71224,   41277,   16278,    2002,     248,    1224,    1185,    6111,    1070,  244826,  251485,   12995,    6336,  257821,  151843,  185277,   71224,   41277,   16278,    2002,     248,    1224,    1185,    6111,    1070,  244826,  251485,   12995,    6336,       0,       0,       0,       0,       0,       0,       0,       0,       0,       0,       0,       0,       0,       0,       0,       0,   -2229,   -4161,     328,    2122,   -1193,    -431,       6,    -210,      -6,    -114,    -454,     214,   -2370,   -1752,     141,    -477,  100.0,   58.9,   71.9,   27.6,   16.0,    6.3,    0.8,    0.1,    0.5,    0.5,    2.4,    0.4,   95.0,   97.5,    5.0,    2.5,  100.0,   58.9,   71.9,   27.6,   16.0,    6.3,    0.8,    0.1,    0.5,    0.5,    2.4,    0.4,   95.0,   97.5,    5.0,    2.5,  100.0,    0.0,    0.0,    0.0,    0.0,    0.0,    0.0,    0.0,    0.0,    0.0,    0.0,    0.0,    0.0,    0.0,    0.0,    0.0,     34,     12,     12,      6,      5,      7,.,.,.,.,.,.,     25,     25,     34,     12,     12,      6,      5,      7,.,.,.,.,.,.,     25,     25,      0,      0,      0,      0,      0,      0,      0,      0,      0,      0,      0,      0,      0,      0,    51.5,    71.4,    75.5,    85.3,    38.7,    51.6,    53.7,    61.7,    51.5,    71.4,    75.5,    85.3,    38.7,    51.6,    53.7,    61.7,     0.0,     0.0,     0.0,     0.0,     0.0,     0.0,     0.0,     0.0,2500 mmbtu,0233A8,IFED,023 ,N13,FutOnly
HENRY HUB BASIS - ICE FUTURES ENERGY DIV,260908,2026-09-08,0233AG,IFED,01,023 ,   98750,   24109,   76481,   42769,    1080,    1045,   27147,   14896,     930,       0,       0,       0,   96000,   94432,    2750,    4318,   98750,   24109,   76481,   42769,    1080,    1045,   27147,   14896,     930,       0,       0,       0,   96000,   94432,    2750,    4318,       0,       0,       0,       0,       0,       0,       0,       0,       0,       0,       0,       0,       0,       0,       0,       0,  -44012,  -30171,  -21122,    2265,    -354,   -3630,   -3119,  -13707,    -961,   -6602,   -4890,   -1828,  -44046,  -46492,      34,    2480,  100.0,   24.4,   77.4,   43.3,    1.1,    1.1,   27.5,   15.1,    0.9,    0.0,    0.0,    0.0,   97.2,   95.6,    2.8,    4.4,  100.0,   24.4,   77.4,   43.3,    1.1,    1.1,   27.5,   15.1,    0.9,    0.0,    0.0,    0.0,   97.2,   95.6,    2.8,    4.4,  100.0,    0.0,    0.0,    0.0,    0.0,    0.0,    0.0,    0.0,    0.0,    0.0,    0.0,    0.0,    0.0,    0.0,    0.0,    0.0,     27,      7,      9,      9,.,.,.,.,.,      0,      0,      0,     19,     14,     27,      7,      9,      9,.,.,.,.,.,      0,      0,      0,     19,     14,      0,      0,      0,      0,      0,      0,      0,      0,      0,      0,      0,      0,      0,      0,    48.9,    65.6,    72.4,    90.9,    48.9,    65.6,    72.4,    90.7,    48.9,    65.6,    72.4,    90.9,    48.9,    65.6,    72.4,    90.7,     0.0,     0.0,     0.0,     0.0,     0.0,     0.0,     0.0,     0.0,2500 mmbtu,0233AG,IFED,023 ,N13,FutOnly
HENRY HUB INDEX - ICE FUTURES ENERGY DIV,260908,2026-09-08,0233AH,IFED,01,023 ,  132690,   56340,   87918,   37676,       0,    3696,   22017,   30196,    2171,    6602,    4890,    1828,  130330,  130699,    2360,    1991,  132690,   56340,   87918,   37676,       0,    3696,   22017,   30196,    2171,    6602,    4890,    1828,  130330,  130699,    2360,    1991,       0,       0,       0,       0,       0,       0,       0,       0,       0,       0,       0,       0,       0,       0,       0,       0,  -58809,  -25900,  -36416,   -7368,   -1819,    -940,  -14065,  -12462,   -1240,   -7769,   -4762,    -942,  -58224,  -58581,    -585,    -228,  100.0,   42.5,   66.3,   28.4,    0.0,    2.8,   16.6,   22.8,    1.6,    5.0,    3.7,    1.4,   98.2,   98.5,    1.8,    1.5,  100.0,   42.5,   66.3,   28.4,    0.0,    2.8,   16.6,   22.8,    1.6,    5.0,    3.7,    1.4,   98.2,   98.5,    1.8,    1.5,  100.0,    0.0,    0.0,    0.0,    0.0,    0.0,    0.0,    0.0,    0.0,    0.0,    0.0,    0.0,    0.0,    0.0,    0.0,    0.0,     71,     28,     25,      9,      0,.,      6,      4,      5,      4,      6,.,     48,     43,     71,     28,     25,      9,      0,.,      6,      4,      5,      4,      6,.,     48,     43,      0,      0,      0,      0,      0,      0,      0,      0,      0,      0,      0,      0,      0,      0,    41.9,    49.8,    57.4,    70.1,    41.3,    48.0,    55.3,    67.2,    41.9,    49.8,    57.4,    70.1,    41.3,    48.0,    55.3,    67.2,     0.0,     0.0,     0.0,     0.0,     0.0,     0.0,     0.0,     0.0,2500 mmbtu,0233AH,IFED,023 ,N13,FutOnly
HOUSTON SHIP CHANNEL (INDEX) - ICE FUTURES ENERGY DIV,260908,2026-09-08,0233AM,IFED,01,023 ,  446334,  199841,  234027,  233721,   16616,    5735,    1163,  135237,     769,       0,   51042,     334,  441563,  443760,    4771,    2574,  446334,  199841,  234027,  233721,   16616,    5735,    1163,  135237,     769,       0,   51042,     334,  441563,  443760,    4771,    2574,       0,       0,       0,       0,       0,       0,       0,       0,       0,       0,       0,       0,       0,       0,       0,       0,  -57089,  -25110,  -44928,  -27561,    -434,   -2697,    1163,   -5240,   -1969,       0,   -1634,       0,  -56174,  -56902,    -915,    -187,  100.0,   44.8,   52.4,   52.4,    3.7,    1.3,    0.3,   30.3,    0.2,    0.0,   11.4,    0.1,   98.9,   99.4,    1.1,    0.6,  100.0,   44.8,   52.4,   52.4,    3.7,    1.3,    0.3,   30.3,    0.2,    0.0,   11.4,    0.1,   98.9,   99.4,    1.1,    0.6,  100.0,    0.0,    0.0,    0.0,    0.0,    0.0,    0.0,    0.0,    0.0,    0.0,    0.0,    0.0,    0.0,    0.0,    0.0,    0.0,     72,     27,     35,     11,.,      5,.,      7,.,      0,      6,.,     40,     56,     72,     27,     35,     11,.,      5,.,      7,.,      0,      6,.,     40,     56,      0,      0,      0,      0,      0,      0,      0,      0,      0,      0,      0,      0,      0,      0,    58.7,    45.2,    80.4,    59.4,    58.4,    44.9,    79.9,    59.0,    58.7,    45.2,    80.4,    59.4,    58.4,    44.9,    79.9,    59.0,     0.0,     0.0,     0.0,     0.0,     0.0,     0.0,     0.0,     0.0,2500 mmbtu,0233AM,IFED,023 ,N13,FutOnly
MICHCON FINANCIAL INDEX - ICE FUTURES ENERGY DIV,260908,2026-09-08,0233AN,IFED,01,023 ,   15431,   11330,   11113,    2372,       0,     372,       0,    2830,       0,     480,       0,       0,   14554,   14315,     877,    1116,   15431,   11330,   11113,    2372,       0,     372,       0,    2830,       0,     480,       0,       0,   14554,   14315,     877,    1116,       0,       0,       0,       0,       0,       0,       0,       0,       0,       0,       0,       0,       0,       0,       0,       0,   -9238,   -8021,   -8553,   -1271,    -217,       0,       0,    -403,       0,       0,       0,       0,   -9292,   -9173,      54,     -65,  100.0,   73.4,   72.0,   15.4,    0.0,    2.4,    0.0,   18.3,    0.0,    3.1,    0.0,    0.0,   94.3,   92.8,    5.7,    7.2,  100.0,   73.4,   72.0,   15.4,    0.0,    2.4,    0.0,   18.3,    0.0,    3.1,    0.0,    0.0,   94.3,   92.8,    5.7,    7.2,  100.0,    0.0,    0.0,    0.0,    0.0,    0.0,    0.0,    0.0,    0.0,    0.0,    0.0,    0.0,    0.0,    0.0,    0.0,    0.0,     23,     11,     11,      4,      0,.,      0,.,      0,.,      0,      0,     16,     14,     23,     11,     11,      4,      0,.,      0,.,      0,.,      0,      0,     16,     14,      0,      0,      0,      0,      0,      0,      0,      0,      0,      0,      0,      0,      0,      0,    63.2,    54.1,    77.7,    75.5,    57.6,    49.9,    70.7,    71.2,    63.2,    54.1,    77.7,    75.5,    57.6,    49.9,    70.7,    71.2,     0.0,     0.0,     0.0,     0.0,     0.0,     0.0,     0.0,     0.0,"(Contracts of 2,500  MMBTU'S)",0233AN,IFED,023 ,N13,FutOnly
MICHCON BASIS - ICE FUTURES ENERGY DIV,260908,2026-09-08,0233AQ,IFED,01,023 ,  206348,  189093,  122565,       0,   55341,    1018,    2000,   17163,    1246,    3475,       0,    2247,  199079,  199580,    7269,    6768,  206348,  189093,  122565,       0,   55341,    1018,    2000,   17163,    1246,    3475,       0,    2247,  199079,  199580,    7269,    6768,       0,       0,       0,       0,       0,       0,       0,       0,       0,       0,       0,       0,       0,       0,       0,       0,  -11253,  -10123,   -3278,       0,   -1301,    -998,    -582,   -5046,       0,    1709,       0,    -926,  -10920,  -11549,    -333,     296,  100.0,   91.6,   59.4,    0.0,   26.8,    0.5,    1.0,    8.3,    0.6,    1.7,    0.0,    1.1,   96.5,   96.7,    3.5,    3.3,  100.0,   91.6,   59.4,    0.0,   26.8,    0.5,    1.0,    8.3,    0.6,    1.7,    0.0,    1.1,   96.5,   96.7,    3.5,    3.3,  100.0,    0.0,    0.0,    0.0,    0.0,    0.0,    0.0,    0.0,    0.0,    0.0,    0.0,    0.0,    0.0,    0.0,    0.0,    0.0,     53,     32,     32,      0,      8,.,.,      5,.,.,      0,.,     40,     48,     53,     32,     32,      0,      8,.,.,      5,.,.,      0,.,     40,     48,      0,      0,      0,      0,      0,      0,      0,      0,      0,      0,      0,      0,      0,      0,    52.3,    30.5,    66.6,    50.6,    46.0,    29.6,    55.6,    47.1,    52.3,    30.5,    66.6,    50.6,    46.0,    29.6,    55.6,    47.1,     0.0,     0.0,     0.0,     0.0,     0.0,     0.0,     0.0,     0.0,2500 mmbtu,0233AQ,IFED,023 ,N13,FutOnly
NAT GAS LD1 for GDD -TEXOK - ICE FUTURES ENERGY DIV,260908,2026-09-08,0233AT,IFED,01,023 ,  136701,  125366,  118202,    2932,       0,    1812,    5444,   14170,       0,     210,     480,       0,  135764,  134664,     937,    2037,  136701,  125366,  118202,    2932,       0,    1812,    5444,   14170,       0,     210,     480,       0,  135764,  134664,     937,    2037,       0,       0,       0,       0,       0,       0,       0,       0,       0,       0,       0,       0,       0,       0,       0,       0,  -16343,   -7783,  -18040,   -6383,       0,       0,   -1256,    2588,    -480,    -279,       0,       0,  -16181,  -15932,    -162,    -411,  100.0,   91.7,   86.5,    2.1,    0.0,    1.3,    4.0,   10.4,    0.0,    0.2,    0.4,    0.0,   99.3,   98.5,    0.7,    1.5,  100.0,   91.7,   86.5,    2.1,    0.0,    1.3,    4.0,   10.4,    0.0,    0.2,    0.4,    0.0,   99.3,   98.5,    0.7,    1.5,  100.0,    0.0,    0.0,    0.0,    0.0,    0.0,    0.0,    0.0,    0.0,    0.0,    0.0,    0.0,    0.0,    0.0,    0.0,    0.0,     44,     23,     20,.,      0,.,      5,.,      0,.,.,      0,     31,     24,     44,     23,     20,.,      0,.,      5,.,      0,.,.,      0,     31,     24,      0,      0,      0,      0,      0,      0,      0,      0,      0,      0,      0,      0,      0,      0,    78.1,    43.9,    89.7,    73.3,    76.8,    42.2,    86.9,    70.2,    78.1,    43.9,    89.7,    73.3,    76.8,    42.2,    86.9,    70.2,     0.0,     0.0,     0.0,     0.0,     0.0,     0.0,     0.0,     0.0,2500 mmbtu,0233AT,IFED,023 ,N13,FutOnly
NGPL MIDCONT BASIS - ICE FUTURES ENERGY DIV,260908,2026-09-08,0233AY,IFED,01,023 ,   94266,   83346,   65507,     288,   12688,    2949,       0,     288,     642,       0,       0,       0,   87225,   82074,    7041,   12192,   94266,   83346,   65507,     288,   12688,    2949,       0,     288,     642,       0,       0,       0,   87225,   82074,    7041,   12192,       0,       0,       0,       0,       0,       0,       0,       0,       0,       0,       0,       0,       0,       0,       0,       0,   -5136,   -4384,   -2700,     -64,    -388,      -8,       0,   -1264,     214,       0,       0,       0,   -4242,   -4146,    -894,    -990,  100.0,   88.4,   69.5,    0.3,   13.5,    3.1,    0.0,    0.3,    0.7,    0.0,    0.0,    0.0,   92.5,   87.1,    7.5,   12.9,  100.0,   88.4,   69.5,    0.3,   13.5,    3.1,    0.0,    0.3,    0.7,    0.0,    0.0,    0.0,   92.5,   87.1,    7.5,   12.9,  100.0,    0.0,    0.0,    0.0,    0.0,    0.0,    0.0,    0.0,    0.0,    0.0,    0.0,    0.0,    0.0,    0.0,    0.0,    0.0,     24,     15,     14,.,.,.,      0,.,.,      0,      0,      0,     19,     19,     24,     15,     14,.,.,.,      0,.,.,      0,      0,      0,     19,     19,      0,      0,      0,      0,      0,      0,      0,      0,      0,      0,      0,      0,      0,      0,    67.9,    50.9,    84.6,    74.6,    66.3,    49.1,    75.6,    67.7,    67.9,    50.9,    84.6,    74.6,    66.3,    49.1,    75.6,    67.7,     0.0,     0.0,     0.0,     0.0,     0.0,     0.0,     0.0,     0.0,2500 mmbtu,0233AY,IFED,023 ,N13,FutOnly
NGPL TXOK BASIS - ICE FUTURES ENERGY DIV,260908,2026-09-08,0233B1,IFED,01,023 ,  628185,  576005,  358322,   14338,  161430,   12009,   17806,   78138,    1018,       0,    6039,    1834,  623010,  618790,    5175,    9395,  628185,  576005,  358322,   14338,  161430,   12009,   17806,   78138,    1018,       0,    6039,    1834,  623010,  618790,    5175,    9395,       0,       0,       0,       0,       0,       0,       0,       0,       0,       0,       0,       0,       0,       0,       0,       0,  -40765,  -26969,  -25904,    -932,   -6035,   -1118,   -7574,   -3224,   -2539,   -1333,   -1894,    -695,  -41160,  -41409,     395,     644,  100.0,   91.7,   57.0,    2.3,   25.7,    1.9,    2.8,   12.4,    0.2,    0.0,    1.0,    0.3,   99.2,   98.5,    0.8,    1.5,  100.0,   91.7,   57.0,    2.3,   25.7,    1.9,    2.8,   12.4,    0.2,    0.0,    1.0,    0.3,   99.2,   98.5,    0.8,    1.5,  100.0,    0.0,    0.0,    0.0,    0.0,    0.0,    0.0,    0.0,    0.0,    0.0,    0.0,    0.0,    0.0,    0.0,    0.0,    0.0,     69,     40,     29,.,     10,      7,      4,.,.,      0,      4,.,     55,     49,     69,     40,     29,.,     10,      7,      4,.,.,      0,      4,.,     55,     49,      0,      0,      0,      0,      0,      0,      0,      0,      0,      0,      0,      0,      0,      0,    45.2,    58.5,    62.5,    71.1,    45.0,    56.8,    61.8,    68.2,    45.2,    58.5,    62.5,    71.1,    45.0,    56.8,    61.8,    68.2,     0.0,     0.0,     0.0,     0.0,     0.0,     0.0,     0.0,     0.0,2500 mmbtu,0233B1,IFED,023 ,N13,FutOnly
NNG VENTURA BASIS - ICE FUTURES ENERGY DIV,260908,2026-09-08,0233BB,IFED,01,023 ,  152231,   91170,  143574,   39060,    1387,    1100,       0,    3007,       0,       0,       0,       0,  131330,  149068,   20901,    3163,  152231,   91170,  143574,   39060,    1387,    1100,       0,    3007,       0,       0,       0,       0,  131330,  149068,   20901,    3163,       0,       0,       0,       0,       0,       0,       0,       0,       0,       0,       0,       0,       0,       0,       0,       0,   -8673,   -7366,   -5730,    -398,      90,    -180,       0,   -1884,       0,       0,    -629,    -276,   -8220,   -8609,    -453,     -64,  100.0,   59.9,   94.3,   25.7,    0.9,    0.7,    0.0,    2.0,    0.0,    0.0,    0.0,    0.0,   86.3,   97.9,   13.7,    2.1,  100.0,   59.9,   94.3,   25.7,    0.9,    0.7,    0.0,    2.0,    0.0,    0.0,    0.0,    0.0,   86.3,   97.9,   13.7,    2.1,  100.0,    0.0,    0.0,    0.0,    0.0,    0.0,    0.0,    0.0,    0.0,    0.0,    0.0,    0.0,    0.0,    0.0,    0.0,    0.0,     30,     17,     17,      6,.,.,      0,.,      0,      0,      0,      0,     24,     21,     30,     17,     17,      6,.,.,      0,.,      0,      0,      0,      0,     24,     21,      0,      0,      0,      0,      0,      0,      0,      0,      0,      0,      0,      0,      0,      0,    44.7,    67.7,    67.1,    82.8,    37.1,    66.5,    56.9,    75.9,    44.7,    67.7,    67.1,    82.8,    37.1,    66.5,    56.9,    75.9,     0.0,     0.0,     0.0,     0.0,     0.0,     0.0,     0.0,     0.0,2500 mmbtu,0233BB,IFED,023 ,N13,FutOnly
NWP Rockies Index - ICE FUTURES ENERGY DIV,260908,2026-09-08,0233BD,IFED,01,023 ,   26751,   23353,   22079,       0,    1342,       0,    1898,     286,     750,       0,     330,       0,   26001,   24787,     750,    1964,   26751,   23353,   22079,       0,    1342,       0,    1898,     286,     750,       0,     330,       0,   26001,   24787,     750,    1964,       0,       0,       0,       0,       0,       0,       0,       0,       0,       0,       0,       0,       0,       0,       0,       0,   -9393,   -6228,   -6293,   -1767,    -930,       0,    -412,    -412,    -549,       0,    -775,       0,   -8956,   -8959,    -437,    -434,  100.0,   87.3,   82.5,    0.0,    5.0,    0.0,    7.1,    1.1,    2.8,    0.0,    1.2,    0.0,   97.2,   92.7,    2.8,    7.3,  100.0,   87.3,   82.5,    0.0,    5.0,    0.0,    7.1,    1.1,    2.8,    0.0,    1.2,    0.0,   97.2,   92.7,    2.8,    7.3,  100.0,    0.0,    0.0,    0.0,    0.0,    0.0,    0.0,    0.0,    0.0,    0.0,    0.0,    0.0,    0.0,    0.0,    0.0,    0.0,     30,     15,     13,      0,.,      0,.,.,.,      0,.,      0,     19,     18,     30,     15,     13,      0,.,      0,.,.,.,      0,.,      0,     19,     18,      0,      0,      0,      0,      0,      0,      0,      0,      0,      0,      0,      0,      0,      0,    55.8,    62.0,    75.3,    76.9,    51.7,    60.6,    66.3,    70.0,    55.8,    62.0,    75.3,    76.9,    51.7,    60.6,    66.3,    70.0,     0.0,     0.0,     0.0,     0.0,     0.0,     0.0,     0.0,     0.0,2500 mmbtu,0233BD,IFED,023 ,N13,FutOnly
ONEOK GAS TRANSPORTATION BASIS - ICE FUTURES ENERGY DIV,260908,2026-09-08,0233BF,IFED,01,023 ,   66503,   56953,    7074,    5282,   52777,    1428,       0,       0,       0,       0,       0,       0,   63663,   61279,    2840,    5224,   66503,   56953,    7074,    5282,   52777,    1428,       0,       0,       0,       0,       0,       0,   63663,   61279,    2840,    5224,       0,       0,       0,       0,       0,       0,       0,       0,       0,       0,       0,       0,       0,       0,       0,       0,   -3693,   -1966,   -1726,    -589,   -1645,     -64,       0,       0,       0,       0,       0,       0,   -2619,   -3435,   -1074,    -258,  100.0,   85.6,   10.6,    7.9,   79.4,    2.1,    0.0,    0.0,    0.0,    0.0,    0.0,    0.0,   95.7,   92.1,    4.3,    7.9,  100.0,   85.6,   10.6,    7.9,   79.4,    2.1,    0.0,    0.0,    0.0,    0.0,    0.0,    0.0,   95.7,   92.1,    4.3,    7.9,  100.0,    0.0,    0.0,    0.0,    0.0,    0.0,    0.0,    0.0,    0.0,    0.0,    0.0,    0.0,    0.0,    0.0,    0.0,    0.0,     21,      9,      8,      4,      6,.,      0,      0,      0,      0,      0,      0,     13,     17,     21,      9,      8,      4,      6,.,      0,      0,      0,      0,      0,      0,     13,     17,      0,      0,      0,      0,      0,      0,      0,      0,      0,      0,      0,      0,      0,      0,    76.2,    71.1,    90.4,    87.5,    75.2,    71.1,    88.1,    86.2,    76.2,    71.1,    90.4,    87.5,    75.2,    71.1,    88.1,    86.2,     0.0,     0.0,     0.0,     0.0,     0.0,     0.0,     0.0,     0.0,2500 mmbtu,0233BF,IFED,023 ,N13,FutOnly
MALIN (BASIS) - ICE FUTURES ENERGY DIV,260908,2026-09-08,0233BH,IFED,01,023 ,  129318,   99035,   97023,   15115,   14733,    4880,     372,   10606,     248,       0,       0,       0,  119650,  127490,    9668,    1828,  129318,   99035,   97023,   15115,   14733,    4880,     372,   10606,     248,       0,       0,       0,  119650,  127490,    9668,    1828,       0,       0,       0,       0,       0,       0,       0,       0,       0,       0,       0,       0,       0,       0,       0,       0,   -7942,   -3429,   -6755,    -386,    -240,    -236,     -93,    2820,   -3239,       0,       0,       0,   -7383,   -7650,    -559,    -292,  100.0,   76.6,   75.0,   11.7,   11.4,    3.8,    0.3,    8.2,    0.2,    0.0,    0.0,    0.0,   92.5,   98.6,    7.5,    1.4,  100.0,   76.6,   75.0,   11.7,   11.4,    3.8,    0.3,    8.2,    0.2,    0.0,    0.0,    0.0,   92.5,   98.6,    7.5,    1.4,  100.0,    0.0,    0.0,    0.0,    0.0,    0.0,    0.0,    0.0,    0.0,    0.0,    0.0,    0.0,    0.0,    0.0,    0.0,    0.0,     27,     11,     15,      5,.,      6,.,.,.,      0,      0,      0,     20,     24,     27,     11,     15,      5,.,      6,.,.,.,      0,      0,      0,     20,     24,      0,      0,      0,      0,      0,      0,      0,      0,      0,      0,      0,      0,      0,      0,    69.1,    61.6,    81.9,    83.3,    61.7,    54.9,    69.6,    72.7,    69.1,    61.6,    81.9,    83.3,    61.7,    54.9,    69.6,    72.7,     0.0,     0.0,     0.0,     0.0,     0.0,     0.0,     0.0,     0.0,2500 mmbtu,0233BH,IFED,023 ,N13,FutOnly
PANHANDLE BASIS - ICE FUTURES ENERGY DIV,260908,2026-09-08,0233BL,IFED,01,023 ,  190317,  138731,   62325,    9357,  103822,   10501,   12481,       0,    2724,    1101,       0,       0,  174895,  179372,   15422,   10945,  190317,  138731,   62325,    9357,  103822,   10501,   12481,       0,    2724,    1101,       0,       0,  174895,  179372,   15422,   10945,       0,       0,       0,       0,       0,       0,       0,       0,       0,       0,       0,       0,       0,       0,       0,       0,  -13574,   -8094,   -8518,     245,   -4302,    -579,   -3874,    -349,     195,    -390,    -306,    -216,  -12713,  -14075,    -861,     501,  100.0,   72.9,   32.7,    4.9,   54.6,    5.5,    6.6,    0.0,    1.4,    0.6,    0.0,    0.0,   91.9,   94.2,    8.1,    5.8,  100.0,   72.9,   32.7,    4.9,   54.6,    5.5,    6.6,    0.0,    1.4,    0.6,    0.0,    0.0,   91.9,   94.2,    8.1,    5.8,  100.0,    0.0,    0.0,    0.0,    0.0,    0.0,    0.0,    0.0,    0.0,    0.0,    0.0,    0.0,    0.0,    0.0,    0.0,    0.0,     42,     22,     18,.,      9,      9,.,      0,.,.,      0,      0,     35,     33,     42,     22,     18,.,      9,      9,.,      0,.,.,      0,      0,     35,     33,      0,      0,      0,      0,      0,      0,      0,      0,      0,      0,      0,      0,      0,      0,    41.7,    43.6,    55.5,    67.1,    37.9,    41.3,    47.8,    58.9,    41.7,    43.6,    55.5,    67.1,    37.9,    41.3,    47.8,    58.9,     0.0,     0.0,     0.0,     0.0,     0.0,     0.0,     0.0,     0.0,2500 mmbtu,0233BL,IFED,023 ,N13,FutOnly
PG&E - CITYGATE (INDEX) - ICE FUTURES ENERGY DIV,260908,2026-09-08,0233BQ,IFED,01,023 ,   27078,   21643,   23914,     210,       0,       0,     758,     360,     240,       0,    1472,       0,   22851,   25986,    4227,    1092,   27078,   21643,   23914,     210,       0,       0,     758,     360,     240,       0,    1472,       0,   22851,   25986,    4227,    1092,       0,       0,       0,       0,       0,       0,       0,       0,       0,       0,       0,       0,       0,       0,       0,       0,   -9672,   -7651,   -9075,     -93,       0,       0,   -1314,     360,    -360,       0,    -651,       0,   -9418,   -9726,    -254,      54,  100.0,   79.9,   88.3,    0.8,    0.0,    0.0,    2.8,    1.3,    0.9,    0.0,    5.4,    0.0,   84.4,   96.0,   15.6,    4.0,  100.0,   79.9,   88.3,    0.8,    0.0,    0.0,    2.8,    1.3,    0.9,    0.0,    5.4,    0.0,   84.4,   96.0,   15.6,    4.0,  100.0,    0.0,    0.0,    0.0,    0.0,    0.0,    0.0,    0.0,    0.0,    0.0,    0.0,    0.0,    0.0,    0.0,    0.0,    0.0,     24,     12,      7,.,      0,      0,.,.,.,      0,.,      0,     15,     12,     24,     12,      7,.,      0,      0,.,.,.,      0,.,      0,     15,     12,      0,      0,      0,      0,      0,      0,      0,      0,      0,      0,      0,      0,      0,      0,    65.6,    78.9,    74.9,    92.8,    65.6,    78.1,    74.8,    91.9,    65.6,    78.9,    74.9,    92.8,    65.6,    78.1,    74.8,    91.9,     0.0,     0.0,     0.0,     0.0,     0.0,     0.0,     0.0,     0.0,2500 mmbtu,0233BQ,IFED,023 ,N13,FutOnly
SOCAL (INDEX) - ICE FUTURES ENERGY DIV,260908,2026-09-08,0233BW,IFED,01,023 ,   12356,    6926,    9984,    2318,       0,       0,    1240,    1200,     270,     630,       0,       0,   11384,   11454,     972,     902,   12356,    6926,    9984,    2318,       0,       0,    1240,    1200,     270,     630,       0,       0,   11384,   11454,     972,     902,       0,       0,       0,       0,       0,       0,       0,       0,       0,       0,       0,       0,       0,       0,       0,       0,  -11935,   -5052,   -9048,   -1643,     -91,    -368,   -4117,    -870,    -711,       0,    -341,     -31,  -11922,  -11460,     -13,    -475,  100.0,   56.1,   80.8,   18.8,    0.0,    0.0,   10.0,    9.7,    2.2,    5.1,    0.0,    0.0,   92.1,   92.7,    7.9,    7.3,  100.0,   56.1,   80.8,   18.8,    0.0,    0.0,   10.0,    9.7,    2.2,    5.1,    0.0,    0.0,   92.1,   92.7,    7.9,    7.3,  100.0,    0.0,    0.0,    0.0,    0.0,    0.0,    0.0,    0.0,    0.0,    0.0,    0.0,    0.0,    0.0,    0.0,    0.0,    0.0,     23,      9,      8,.,      0,      0,.,.,.,.,      0,      0,     15,     11,     23,      9,      8,.,      0,      0,.,.,.,.,      0,      0,     15,     11,      0,      0,      0,      0,      0,      0,      0,      0,      0,      0,      0,      0,      0,      0,    50.9,    75.7,    77.7,    86.8,    49.0,    63.8,    68.5,    74.7,    50.9,    75.7,    77.7,    86.8,    49.0,    63.8,    68.5,    74.7,     0.0,     0.0,     0.0,     0.0,     0.0,     0.0,     0.0,     0.0,2500 mmbtu,0233BW,IFED,023 ,N13,FutOnly
SONAT - TIER 1 POOL (ZONE 0) - ICE FUTURES ENERGY DIV,260908,2026-09-08,0233C1,IFED,01,023 ,   76628,   56103,   60391,    1302,    5492,    4530,    3110,       0,     459,       0,       0,       0,   65504,   70872,   11124,    5756,   76628,   56103,   60391,    1302,    5492,    4530,    3110,       0,     459,       0,       0,       0,   65504,   70872,   11124,    5756,       0,       0,       0,       0,       0,       0,       0,       0,       0,       0,       0,       0,       0,       0,       0,       0,   -9377,   -7695,   -7901,     -92,    -343,    -564,    -600,       0,       0,   -1035,       0,    -182,  -10168,   -8990,     791,    -387,  100.0,   73.2,   78.8,    1.7,    7.2,    5.9,    4.1,    0.0,    0.6,    0.0,    0.0,    0.0,   85.5,   92.5,   14.5,    7.5,  100.0,   73.2,   78.8,    1.7,    7.2,    5.9,    4.1,    0.0,    0.6,    0.0,    0.0,    0.0,   85.5,   92.5,   14.5,    7.5,  100.0,    0.0,    0.0,    0.0,    0.0,    0.0,    0.0,    0.0,    0.0,    0.0,    0.0,    0.0,    0.0,    0.0,    0.0,    0.0,     28,     11,     18,.,.,.,.,      0,.,      0,      0,      0,     16,     22,     28,     11,     18,.,.,.,.,      0,.,      0,      0,      0,     16,     22,      0,      0,      0,      0,      0,      0,      0,      0,      0,      0,      0,      0,      0,      0,    58.4,    55.0,    77.5,    71.0,    49.3,    48.9,    66.1,    61.9,    58.4,    55.0,    77.5,    71.0,    49.3,    48.9,    66.1,    61.9,     0.0,     0.0,     0.0,     0.0,     0.0,     0.0,     0.0,     0.0,2500 mmbtu,0233C1,IFED,023 ,N13,FutOnly
TETCO WLA BASIS - ICE FUTURES ENERGY DIV,260908,2026-09-08,0233CC,IFED,01,023 ,  118395,   95328,   72005,   14355,    9677,    5135,       0,   30350,       0,       0,       0,       0,  114818,  117167,    3577,    1228,  118395,   95328,   72005,   14355,    9677,    5135,       0,   30350,       0,       0,       0,       0,  114818,  117167,    3577,    1228,       0,       0,       0,       0,       0,       0,       0,       0,       0,       0,       0,       0,       0,       0,       0,       0,  -12952,   -9397,  -11791,   -1522,     985,   -1345,       0,    -245,       0,       0,       0,       0,  -12264,  -12396,    -688,    -556,  100.0,   80.5,   60.8,   12.1,    8.2,    4.3,    0.0,   25.6,    0.0,    0.0,    0.0,    0.0,   97.0,   99.0,    3.0,    1.0,  100.0,   80.5,   60.8,   12.1,    8.2,    4.3,    0.0,   25.6,    0.0,    0.0,    0.0,    0.0,   97.0,   99.0,    3.0,    1.0,  100.0,    0.0,    0.0,    0.0,    0.0,    0.0,    0.0,    0.0,    0.0,    0.0,    0.0,    0.0,    0.0,    0.0,    0.0,    0.0,     39,     19,     15,      4,.,      4,      0,      4,      0,      0,      0,      0,     25,     24,     39,     19,     15,      4,.,      4,      0,      4,      0,      0,      0,      0,     25,     24,      0,      0,      0,      0,      0,      0,      0,      0,      0,      0,      0,      0,      0,      0,    52.9,    61.4,    74.7,    81.3,    52.9,    57.7,    73.9,    75.0,    52.9,    61.4,    74.7,    81.3,    52.9,    57.7,    73.9,    75.0,     0.0,     0.0,     0.0,     0.0,     0.0,     0.0,     0.0,     0.0,mmbtu,0233CC,IFED,023 ,N13,FutOnly
TETCO M3 INDEX - ICE FUTURES ENERGY DIV,260908,2026-09-08,0233CG,IFED,01,023 ,   60588,   31601,   50852,   21463,       0,    5312,       0,     210,       0,       0,    2308,       0,   58376,   58682,    2212,    1906,   60588,   31601,   50852,   21463,       0,    5312,       0,     210,       0,       0,    2308,       0,   58376,   58682,    2212,    1906,       0,       0,       0,       0,       0,       0,       0,       0,       0,       0,       0,       0,       0,       0,       0,       0,   -6559,   -4878,   -6678,   -1740,       0,       0,    -775,    -372,       0,    -430,    2308,       0,   -7823,   -4742,    1264,   -1817,  100.0,   52.2,   83.9,   35.4,    0.0,    8.8,    0.0,    0.3,    0.0,    0.0,    3.8,    0.0,   96.3,   96.9,    3.7,    3.1,  100.0,   52.2,   83.9,   35.4,    0.0,    8.8,    0.0,    0.3,    0.0,    0.0,    3.8,    0.0,   96.3,   96.9,    3.7,    3.1,  100.0,    0.0,    0.0,    0.0,    0.0,    0.0,    0.0,    0.0,    0.0,    0.0,    0.0,    0.0,    0.0,    0.0,    0.0,    0.0,     20,      5,     11,.,      0,.,      0,.,      0,      0,.,      0,      8,     15,     20,      5,     11,.,      0,.,      0,.,      0,      0,.,      0,      8,     15,      0,      0,      0,      0,      0,      0,      0,      0,      0,      0,      0,      0,      0,      0,    72.4,    63.0,    96.3,    82.4,    72.4,    54.6,    79.2,    72.4,    72.4,    63.0,    96.3,    82.4,    72.4,    54.6,    79.2,    72.4,     0.0,     0.0,     0.0,     0.0,     0.0,     0.0,     0.0,     0.0,2500 mmbtu,0233CG,IFED,023 ,N13,FutOnly
TETCO M3 BASIS - ICE FUTURES ENERGY DIV,260908,2026-09-08,0233CH,IFED,01,023 ,  166133,   98653,  120189,   37752,   18553,    8329,    2399,    7765,    4534,    4463,    1288,     549,  156679,  161207,    9454,    4926,  166133,   98653,  120189,   37752,   18553,    8329,    2399,    7765,    4534,    4463,    1288,     549,  156679,  161207,    9454,    4926,       0,       0,       0,       0,       0,       0,       0,       0,       0,       0,       0,       0,       0,       0,       0,       0,   -7480,   -4664,   -3411,    -962,   -2803,    -593,      27,     830,    -256,     -58,    -422,     304,   -6202,   -6351,   -1278,   -1129,  100.0,   59.4,   72.3,   22.7,   11.2,    5.0,    1.4,    4.7,    2.7,    2.7,    0.8,    0.3,   94.3,   97.0,    5.7,    3.0,  100.0,   59.4,   72.3,   22.7,   11.2,    5.0,    1.4,    4.7,    2.7,    2.7,    0.8,    0.3,   94.3,   97.0,    5.7,    3.0,  100.0,    0.0,    0.0,    0.0,    0.0,    0.0,    0.0,    0.0,    0.0,    0.0,    0.0,    0.0,    0.0,    0.0,    0.0,    0.0,     48,     18,     22,      6,      6,      7,.,      5,      4,.,.,.,     33,     40,     48,     18,     22,      6,      6,      7,.,      5,      4,.,.,.,     33,     40,      0,      0,      0,      0,      0,      0,      0,      0,      0,      0,      0,      0,      0,      0,    43.1,    37.1,    65.7,    54.1,    39.7,    37.0,    61.5,    51.7,    43.1,    37.1,    65.7,    54.1,    39.7,    37.0,    61.5,    51.7,     0.0,     0.0,     0.0,     0.0,     0.0,     0.0,     0.0,     0.0,2500 mm btu,0233CH,IFED,023 ,N13,FutOnly
TGT ZONE 1 BASIS - ICE FUTURES ENERGY DIV,260908,2026-09-08,0233CM,IFED,01,023 ,  226050,  192894,  135882,   11353,   63382,   13008,    4282,       0,       0,       0,       0,       0,  221537,  212272,    4513,   13778,  226050,  192894,  135882,   11353,   63382,   13008,    4282,       0,       0,       0,       0,       0,  221537,  212272,    4513,   13778,       0,       0,       0,       0,       0,       0,       0,       0,       0,       0,       0,       0,       0,       0,       0,       0,   -6384,   -5039,    -737,     303,   -3887,    -539,   -1947,       0,       0,       0,       0,       0,   -7222,   -5163,     838,   -1221,  100.0,   85.3,   60.1,    5.0,   28.0,    5.8,    1.9,    0.0,    0.0,    0.0,    0.0,    0.0,   98.0,   93.9,    2.0,    6.1,  100.0,   85.3,   60.1,    5.0,   28.0,    5.8,    1.9,    0.0,    0.0,    0.0,    0.0,    0.0,   98.0,   93.9,    2.0,    6.1,  100.0,    0.0,    0.0,    0.0,    0.0,    0.0,    0.0,    0.0,    0.0,    0.0,    0.0,    0.0,    0.0,    0.0,    0.0,    0.0,     40,     26,     19,.,      5,      6,.,      0,      0,      0,      0,      0,     33,     27,     40,     26,     19,.,      5,      6,.,      0,      0,      0,      0,      0,     33,     27,      0,      0,      0,      0,      0,      0,      0,      0,      0,      0,      0,      0,      0,      0,    43.9,    59.2,    73.7,    79.1,    43.3,    57.6,    68.5,    74.0,    43.9,    59.2,    73.7,    79.1,    43.3,    57.6,    68.5,    74.0,     0.0,     0.0,     0.0,     0.0,     0.0,     0.0,     0.0,     0.0,2500 MMBtus,0233CM,IFED,023 ,N13,FutOnly
TRANSCO STN 85 MONTHLY INDEX - ICE FUTURES ENERGY DIV,260908,2026-09-08,0233CS,IFED,01,023 ,   50842,   32845,   35143,    4158,    4166,     270,   12144,    4058,       0,     210,    5819,       0,   49627,   49456,    1215,    1386,   50842,   32845,   35143,    4158,    4166,     270,   12144,    4058,       0,     210,    5819,       0,   49627,   49456,    1215,    1386,       0,       0,       0,       0,       0,       0,       0,       0,       0,       0,       0,       0,       0,       0,       0,       0,  -16735,   -9906,  -11586,    1398,   -2387,    -434,   -5788,     926,   -2135,       0,   -1559,       0,  -16865,  -17175,     130,     440,  100.0,   64.6,   69.1,    8.2,    8.2,    0.5,   23.9,    8.0,    0.0,    0.4,   11.4,    0.0,   97.6,   97.3,    2.4,    2.7,  100.0,   64.6,   69.1,    8.2,    8.2,    0.5,   23.9,    8.0,    0.0,    0.4,   11.4,    0.0,   97.6,   97.3,    2.4,    2.7,  100.0,    0.0,    0.0,    0.0,    0.0,    0.0,    0.0,    0.0,    0.0,    0.0,    0.0,    0.0,    0.0,    0.0,    0.0,    0.0,     40,     12,     16,.,      4,.,      4,      4,      0,.,.,      0,     20,     26,     40,     12,     16,.,      4,.,      4,      4,      0,.,.,      0,     20,     26,      0,      0,      0,      0,      0,      0,      0,      0,      0,      0,      0,      0,      0,      0,    46.4,    57.1,    79.1,    75.9,    46.4,    57.1,    78.8,    73.5,    46.4,    57.1,    79.1,    75.9,    46.4,    57.1,    78.8,    73.5,     0.0,     0.0,     0.0,     0.0,     0.0,     0.0,     0.0,     0.0,mmbtu,0233CS,IFED,023 ,N13,FutOnly
TRANSCO ZONE 6 BASIS - ICE FUTURES ENERGY DIV,260908,2026-09-08,0233CU,IFED,01,023 ,  257503,  141395,  179568,   89719,   42551,    7664,    4873,   10335,    4220,     315,    6368,    1434,  249620,  252140,    7883,    5363,  257503,  141395,  179568,   89719,   42551,    7664,    4873,   10335,    4220,     315,    6368,    1434,  249620,  252140,    7883,    5363,       0,       0,       0,       0,       0,       0,       0,       0,       0,       0,       0,       0,       0,       0,       0,       0,  -20958,  -15286,  -11416,   -2909,   -3651,   -2775,     820,   -1058,    -123,    -151,   -1571,    -340,  -20764,  -20934,    -194,     -24,  100.0,   54.9,   69.7,   34.8,   16.5,    3.0,    1.9,    4.0,    1.6,    0.1,    2.5,    0.6,   96.9,   97.9,    3.1,    2.1,  100.0,   54.9,   69.7,   34.8,   16.5,    3.0,    1.9,    4.0,    1.6,    0.1,    2.5,    0.6,   96.9,   97.9,    3.1,    2.1,  100.0,    0.0,    0.0,    0.0,    0.0,    0.0,    0.0,    0.0,    0.0,    0.0,    0.0,    0.0,    0.0,    0.0,    0.0,    0.0,     54,     27,     23,      5,      6,      6,.,.,.,.,.,      4,     43,     40,     54,     27,     23,      5,      6,      6,.,.,.,.,.,      4,     43,     40,      0,      0,      0,      0,      0,      0,      0,      0,      0,      0,      0,      0,      0,      0,    41.2,    53.3,    62.5,    67.5,    39.8,    52.8,    59.8,    64.9,    41.2,    53.3,    62.5,    67.5,    39.8,    52.8,    59.8,    64.9,     0.0,     0.0,     0.0,     0.0,     0.0,     0.0,     0.0,     0.0,mmbtu,0233CU,IFED,023 ,N13,FutOnly
TRANSCO ZONE 6 MONTHLY INDEX - ICE FUTURES ENERGY DIV,260908,2026-09-08,0233CV,IFED,01,023 ,  120909,   38446,  106236,   74376,     309,    3415,       0,    1020,       0,       0,    3700,       0,  116237,  114680,    4672,    6229,  120909,   38446,  106236,   74376,     309,    3415,       0,    1020,       0,       0,    3700,       0,  116237,  114680,    4672,    6229,       0,       0,       0,       0,       0,       0,       0,       0,       0,       0,       0,       0,       0,       0,       0,       0,  -14944,   -9606,  -12191,   -5075,    -735,      -9,       0,    -837,       0,       0,   -3044,       0,  -14690,  -16816,    -254,    1872,  100.0,   31.8,   87.9,   61.5,    0.3,    2.8,    0.0,    0.8,    0.0,    0.0,    3.1,    0.0,   96.1,   94.8,    3.9,    5.2,  100.0,   31.8,   87.9,   61.5,    0.3,    2.8,    0.0,    0.8,    0.0,    0.0,    3.1,    0.0,   96.1,   94.8,    3.9,    5.2,  100.0,    0.0,    0.0,    0.0,    0.0,    0.0,    0.0,    0.0,    0.0,    0.0,    0.0,    0.0,    0.0,    0.0,    0.0,    0.0,     27,      8,     14,      5,.,.,      0,.,      0,      0,.,      0,     14,     18,     27,      8,     14,      5,.,.,      0,.,      0,      0,.,      0,     14,     18,      0,      0,      0,      0,      0,      0,      0,      0,      0,      0,      0,      0,      0,      0,    78.8,    67.5,    92.2,    84.2,    78.8,    67.5,    90.2,    83.7,    78.8,    67.5,    92.2,    84.2,    78.8,    67.5,    90.2,    83.7,     0.0,     0.0,     0.0,     0.0,     0.0,     0.0,     0.0,     0.0,mmbtu,0233CV,IFED,023 ,N13,FutOnly
TRANSCO STATION 85-ZONE 4 BASI - ICE FUTURES ENERGY DIV,260908,2026-09-08,0233CW,IFED,01,023 ,  266108,  151712,  209340,   32413,   15436,   16494,   41353,    4431,   10901,       0,    4253,    2584,  255457,  263439,   10651,    2669,  266108,  151712,  209340,   32413,   15436,   16494,   41353,    4431,   10901,       0,    4253,    2584,  255457,  263439,   10651,    2669,       0,       0,       0,       0,       0,       0,       0,       0,       0,       0,       0,       0,       0,       0,       0,       0,  -33190,  -15312,  -14500,    4460,   -3578,     597,  -22228,   -1477,   -1194,       0,  -12651,    -352,  -34029,  -33155,     839,     -35,  100.0,   57.0,   78.7,   12.2,    5.8,    6.2,   15.5,    1.7,    4.1,    0.0,    1.6,    1.0,   96.0,   99.0,    4.0,    1.0,  100.0,   57.0,   78.7,   12.2,    5.8,    6.2,   15.5,    1.7,    4.1,    0.0,    1.6,    1.0,   96.0,   99.0,    4.0,    1.0,  100.0,    0.0,    0.0,    0.0,    0.0,    0.0,    0.0,    0.0,    0.0,    0.0,    0.0,    0.0,    0.0,    0.0,    0.0,    0.0,     68,     29,     36,      7,.,      6,      8,.,      4,      0,.,.,     51,     51,     68,     29,     36,      7,.,      6,      8,.,      4,      0,.,.,     51,     51,      0,      0,      0,      0,      0,      0,      0,      0,      0,      0,      0,      0,      0,      0,    28.9,    36.1,    48.0,    52.7,    24.4,    28.1,    37.6,    43.8,    28.9,    36.1,    48.0,    52.7,    24.4,    28.1,    37.6,    43.8,     0.0,     0.0,     0.0,     0.0,     0.0,     0.0,     0.0,     0.0,2500 mm btu,0233CW,IFED,023 ,N13,FutOnly
WAHA INDEX  - ICE FUTURES ENERGY DIV,260908,2026-09-08,0233D4,IFED,01,023 ,   88196,   81726,   64395,    2633,   17090,       0,    2022,       0,       0,     210,    2866,       0,   86591,   84351,    1605,    3845,   88196,   81726,   64395,    2633,   17090,       0,    2022,       0,       0,     210,    2866,       0,   86591,   84351,    1605,    3845,       0,       0,       0,       0,       0,       0,       0,       0,       0,       0,       0,       0,       0,       0,       0,       0,  -12950,  -11957,  -10749,    -806,   -1970,       0,     961,       0,    -961,      62,     351,     -62,  -12763,  -13391,    -187,     441,  100.0,   92.7,   73.0,    3.0,   19.4,    0.0,    2.3,    0.0,    0.0,    0.2,    3.2,    0.0,   98.2,   95.6,    1.8,    4.4,  100.0,   92.7,   73.0,    3.0,   19.4,    0.0,    2.3,    0.0,    0.0,    0.2,    3.2,    0.0,   98.2,   95.6,    1.8,    4.4,  100.0,    0.0,    0.0,    0.0,    0.0,    0.0,    0.0,    0.0,    0.0,    0.0,    0.0,    0.0,    0.0,    0.0,    0.0,    0.0,     41,     20,     16,.,      5,      0,.,      0,      0,.,.,      0,     25,     24,     41,     20,     16,.,      5,      0,.,      0,      0,.,.,      0,     25,     24,      0,      0,      0,      0,      0,      0,      0,      0,      0,      0,      0,      0,      0,      0,    58.7,    61.5,    81.6,    78.6,    57.6,    60.3,    73.5,    74.1,    58.7,    61.5,    81.6,    78.6,    57.6,    60.3,    73.5,    74.1,     0.0,     0.0,     0.0,     0.0,     0.0,     0.0,     0.0,     0.0,2500 mm btu,0233D4,IFED,023 ,N13,FutOnly
TETCO M2 Basis (Receipts) - ICE FUTURES ENERGY DIV,260908,2026-09-08,0233DR,IFED,01,023 ,  561103,  493540,   21181,    6530,  514078,   13809,   33347,    1327,    1772,     722,     716,    5354,  555074,  558237,    6029,    2866,  561103,  493540,   21181,    6530,  514078,   13809,   33347,    1327,    1772,     722,     716,    5354,  555074,  558237,    6029,    2866,       0,       0,       0,       0,       0,       0,       0,       0,       0,       0,       0,       0,       0,       0,       0,       0,  -18203,  -17038,     802,    -279,  -15735,    -321,     826,   -3330,     -90,    -812,     -36,     683,  -17031,  -18027,   -1172,    -176,  100.0,   88.0,    3.8,    1.2,   91.6,    2.5,    5.9,    0.2,    0.3,    0.1,    0.1,    1.0,   98.9,   99.5,    1.1,    0.5,  100.0,   88.0,    3.8,    1.2,   91.6,    2.5,    5.9,    0.2,    0.3,    0.1,    0.1,    1.0,   98.9,   99.5,    1.1,    0.5,  100.0,    0.0,    0.0,    0.0,    0.0,    0.0,    0.0,    0.0,    0.0,    0.0,    0.0,    0.0,    0.0,    0.0,    0.0,    0.0,     60,     35,     11,.,     16,      5,.,.,.,.,.,.,     45,     33,     60,     35,     11,.,     16,      5,.,.,.,.,.,.,     45,     33,      0,      0,      0,      0,      0,      0,      0,      0,      0,      0,      0,      0,      0,      0,    44.7,    49.2,    63.2,    72.3,    44.7,    49.2,    62.5,    72.1,    44.7,    49.2,    63.2,    72.3,    44.7,    49.2,    62.5,    72.1,     0.0,     0.0,     0.0,     0.0,     0.0,     0.0,     0.0,     0.0,2500 MM Btus,0233DR,IFED,023 ,N13,FutOnly
TRANSCO LEIDY BASIS - ICE FUTURES ENERGY DIV,260908,2026-09-08,0233DT,IFED,01,023 ,  126375,   76926,   57298,   17455,   49920,   12192,    9504,       0,       0,    5459,    3050,     214,  121750,  122674,    4625,    3701,  126375,   76926,   57298,   17455,   49920,   12192,    9504,       0,       0,    5459,    3050,     214,  121750,  122674,    4625,    3701,       0,       0,       0,       0,       0,       0,       0,       0,       0,       0,       0,       0,       0,       0,       0,       0,   -8363,   -7655,   -1230,     435,   -5256,    -607,    -330,       0,       0,       0,   -1355,    -186,   -8343,   -8634,     -20,     271,  100.0,   60.9,   45.3,   13.8,   39.5,    9.6,    7.5,    0.0,    0.0,    4.3,    2.4,    0.2,   96.3,   97.1,    3.7,    2.9,  100.0,   60.9,   45.3,   13.8,   39.5,    9.6,    7.5,    0.0,    0.0,    4.3,    2.4,    0.2,   96.3,   97.1,    3.7,    2.9,  100.0,    0.0,    0.0,    0.0,    0.0,    0.0,    0.0,    0.0,    0.0,    0.0,    0.0,    0.0,    0.0,    0.0,    0.0,    0.0,     40,     20,     10,.,     11,      8,.,      0,      0,.,.,.,     32,     24,     40,     20,     10,.,     11,      8,.,      0,      0,.,.,.,     32,     24,      0,      0,      0,      0,      0,      0,      0,      0,      0,      0,      0,      0,      0,      0,    42.6,    39.8,    61.6,    62.7,    42.2,    39.2,    61.1,    57.7,    42.6,    39.8,    61.6,    62.7,    42.2,    39.2,    61.1,    57.7,     0.0,     0.0,     0.0,     0.0,     0.0,     0.0,     0.0,     0.0,"(Contracts of 2,500  MMBTU'S)",0233DT,IFED,023 ,N13,FutOnly
TETCO M2 Index (Receipts) - ICE FUTURES ENERGY DIV,260908,2026-09-08,0233DW,IFED,01,023 ,   32459,   25915,   25907,    4280,    3738,       0,       0,       0,       0,    1208,    1510,       0,   31403,   31155,    1056,    1304,   32459,   25915,   25907,    4280,    3738,       0,       0,       0,       0,    1208,    1510,       0,   31403,   31155,    1056,    1304,       0,       0,       0,       0,       0,       0,       0,       0,       0,       0,       0,       0,       0,       0,       0,       0,  -10199,  -10919,   -9200,       0,    -465,       0,       0,       0,       0,       0,       0,       0,  -10919,   -9665,     720,    -534,  100.0,   79.8,   79.8,   13.2,   11.5,    0.0,    0.0,    0.0,    0.0,    3.7,    4.7,    0.0,   96.7,   96.0,    3.3,    4.0,  100.0,   79.8,   79.8,   13.2,   11.5,    0.0,    0.0,    0.0,    0.0,    3.7,    4.7,    0.0,   96.7,   96.0,    3.3,    4.0,  100.0,    0.0,    0.0,    0.0,    0.0,    0.0,    0.0,    0.0,    0.0,    0.0,    0.0,    0.0,    0.0,    0.0,    0.0,    0.0,     27,     10,     13,.,.,      0,      0,      0,      0,.,.,      0,     13,     16,     27,     10,     13,.,.,      0,      0,      0,      0,.,.,      0,     13,     16,      0,      0,      0,      0,      0,      0,      0,      0,      0,      0,      0,      0,      0,      0,    64.7,    46.8,    86.4,    75.1,    64.7,    46.8,    86.3,    75.1,    64.7,    46.8,    86.4,    75.1,    64.7,    46.8,    86.3,    75.1,     0.0,     0.0,     0.0,     0.0,     0.0,     0.0,     0.0,     0.0,2500 MM Btus,0233DW,IFED,023 ,N13,FutOnly
REX ZONE 3 BASIS - ICE FUTURES ENERGY DIV,260908,2026-09-08,0233EB,IFED,01,023 ,  277399,  213695,  132836,   21035,  102378,    8656,   20609,    8970,    4344,       0,   10871,    3560,  271899,  271615,    5500,    5784,  277399,  213695,  132836,   21035,  102378,    8656,   20609,    8970,    4344,       0,   10871,    3560,  271899,  271615,    5500,    5784,       0,       0,       0,       0,       0,       0,       0,       0,       0,       0,       0,       0,       0,       0,       0,       0,  -16713,  -20507,   -4244,    -386,   -8966,    2400,    3929,   -3430,    -833,    -600,    -321,     -73,  -16070,  -15467,    -643,   -1246,  100.0,   77.0,   47.9,    7.6,   36.9,    3.1,    7.4,    3.2,    1.6,    0.0,    3.9,    1.3,   98.0,   97.9,    2.0,    2.1,  100.0,   77.0,   47.9,    7.6,   36.9,    3.1,    7.4,    3.2,    1.6,    0.0,    3.9,    1.3,   98.0,   97.9,    2.0,    2.1,  100.0,    0.0,    0.0,    0.0,    0.0,    0.0,    0.0,    0.0,    0.0,    0.0,    0.0,    0.0,    0.0,    0.0,    0.0,    0.0,     61,     30,     25,.,     13,.,.,.,.,      0,      5,.,     40,     48,     61,     30,     25,.,     13,.,.,.,.,      0,      5,.,     40,     48,      0,      0,      0,      0,      0,      0,      0,      0,      0,      0,      0,      0,      0,      0,    34.2,    31.7,    55.3,    47.9,    33.2,    29.6,    48.9,    44.3,    34.2,    31.7,    55.3,    47.9,    33.2,    29.6,    48.9,    44.3,     0.0,     0.0,     0.0,     0.0,     0.0,     0.0,     0.0,     0.0,2500 MMBtus,0233EB,IFED,023 ,N13,FutOnly
REX ZONE 3 INDEX - ICE FUTURES ENERGY DIV,260908,2026-09-08,0233ED,IFED,01,023 ,   53412,   23588,   46475,   26809,    1586,     420,       0,     489,       0,     600,    3286,       0,   51417,   52256,    1995,    1156,   53412,   23588,   46475,   26809,    1586,     420,       0,     489,       0,     600,    3286,       0,   51417,   52256,    1995,    1156,       0,       0,       0,       0,       0,       0,       0,       0,       0,       0,       0,       0,       0,       0,       0,       0,   -4807,   -7453,   -3350,    5466,    -806,       0,   -1607,    -868,       0,    -651,     806,       0,   -4245,   -4218,    -562,    -589,  100.0,   44.2,   87.0,   50.2,    3.0,    0.8,    0.0,    0.9,    0.0,    1.1,    6.2,    0.0,   96.3,   97.8,    3.7,    2.2,  100.0,   44.2,   87.0,   50.2,    3.0,    0.8,    0.0,    0.9,    0.0,    1.1,    6.2,    0.0,   96.3,   97.8,    3.7,    2.2,  100.0,    0.0,    0.0,    0.0,    0.0,    0.0,    0.0,    0.0,    0.0,    0.0,    0.0,    0.0,    0.0,    0.0,    0.0,    0.0,     30,     14,     16,.,.,.,      0,.,      0,.,.,      0,     17,     21,     30,     14,     16,.,.,.,      0,.,      0,.,.,      0,     17,     21,      0,      0,      0,      0,      0,      0,      0,      0,      0,      0,      0,      0,      0,      0,    71.2,    52.4,    86.9,    74.5,    59.8,    42.7,    72.4,    62.1,    71.2,    52.4,    86.9,    74.5,    59.8,    42.7,    72.4,    62.1,     0.0,     0.0,     0.0,     0.0,     0.0,     0.0,     0.0,     0.0,2500 MMBtus,0233ED,IFED,023 ,N13,FutOnly
NAT GAS TETCO-WLA INDEX - ICE FUTURES ENERGY DIV,260908,2026-09-08,0233EP,IFED,01,023 ,   17919,   16411,    4229,     634,       0,       0,       0,   13510,       0,     390,       0,       0,   17435,   17739,     484,     180,   17919,   16411,    4229,     634,       0,       0,       0,   13510,       0,     390,       0,       0,   17435,   17739,     484,     180,       0,       0,       0,       0,       0,       0,       0,       0,       0,       0,       0,       0,       0,       0,       0,       0,   -3848,   -3967,   -4712,     176,    -537,    -300,       0,    2115,       0,       0,       0,       0,   -4091,   -3434,     243,    -414,  100.0,   91.6,   23.6,    3.5,    0.0,    0.0,    0.0,   75.4,    0.0,    2.2,    0.0,    0.0,   97.3,   99.0,    2.7,    1.0,  100.0,   91.6,   23.6,    3.5,    0.0,    0.0,    0.0,   75.4,    0.0,    2.2,    0.0,    0.0,   97.3,   99.0,    2.7,    1.0,  100.0,    0.0,    0.0,    0.0,    0.0,    0.0,    0.0,    0.0,    0.0,    0.0,    0.0,    0.0,    0.0,    0.0,    0.0,    0.0,     22,     12,      6,.,      0,      0,      0,.,      0,.,      0,      0,     15,      9,     22,     12,      6,.,      0,      0,      0,.,      0,.,      0,      0,     15,      9,      0,      0,      0,      0,      0,      0,      0,      0,      0,      0,      0,      0,      0,      0,    56.2,    87.9,    82.8,    97.7,    55.9,    84.0,    76.3,    89.7,    56.2,    87.9,    82.8,    97.7,    55.9,    84.0,    76.3,    89.7,     0.0,     0.0,     0.0,     0.0,     0.0,     0.0,     0.0,     0.0,2500 MMBtus,0233EP,IFED,023 ,N13,FutOnly
Transco Zone 5 South Basis - ICE FUTURES ENERGY DIV,260908,2026-09-08,0233FJ,IFED,01,023 ,  140232,   79784,  116038,   23641,    9014,    6777,   16244,    2115,     764,    1068,    1033,     428,  128706,  136169,   11526,    4063,  140232,   79784,  116038,   23641,    9014,    6777,   16244,    2115,     764,    1068,    1033,     428,  128706,  136169,   11526,    4063,       0,       0,       0,       0,       0,       0,       0,       0,       0,       0,       0,       0,       0,       0,       0,       0,  -13882,   -4364,  -12645,    -600,    1020,   -1020,   -6742,    -120,       0,    -176,    -397,       0,  -12902,  -13162,    -980,    -720,  100.0,   56.9,   82.7,   16.9,    6.4,    4.8,   11.6,    1.5,    0.5,    0.8,    0.7,    0.3,   91.8,   97.1,    8.2,    2.9,  100.0,   56.9,   82.7,   16.9,    6.4,    4.8,   11.6,    1.5,    0.5,    0.8,    0.7,    0.3,   91.8,   97.1,    8.2,    2.9,  100.0,    0.0,    0.0,    0.0,    0.0,    0.0,    0.0,    0.0,    0.0,    0.0,    0.0,    0.0,    0.0,    0.0,    0.0,    0.0,     43,     19,     27,.,.,.,.,.,.,.,.,.,     29,     35,     43,     19,     27,.,.,.,.,.,.,.,.,.,     29,     35,      0,      0,      0,      0,      0,      0,      0,      0,      0,      0,      0,      0,      0,      0,    53.5,    46.7,    71.6,    66.8,    50.6,    45.2,    67.1,    61.4,    53.5,    46.7,    71.6,    66.8,    50.6,    45.2,    67.1,    61.4,     0.0,     0.0,     0.0,     0.0,     0.0,     0.0,     0.0,     0.0,2500 MMBtus,0233FJ,IFED,023 ,N13,FutOnly
NAT GAS NYME - NEW YORK MERCANTILE EXCHANGE,260908,2026-09-08,023651,NYME,01,023 , 1823243,  237292,  252557,  234720,   18329,  118205,  262109,  358851,  647426,   42094,  165119,  220822, 1762668, 1781309,   60575,   41934, 1823243,  237292,  252557,  234720,   18329,  118205,  262109,  358851,  647426,   42094,  165119,  220822, 1762668, 1781309,   60575,   41934,       0,       0,       0,       0,       0,       0,       0,       0,       0,       0,       0,       0,       0,       0,       0,       0,   15746,     675,   -1109,    4994,    -916,    8052,    3460,   10721,   -1027,    -899,    2696,   -3246,   12009,   15171,    3737,     575,  100.0,   13.0,   13.9,   12.9,    1.0,    6.5,   14.4,   19.7,   35.5,    2.3,    9.1,   12.1,   96.7,   97.7,    3.3,    2.3,  100.0,   13.0,   13.9,   12.9,    1.0,    6.5,   14.4,   19.7,   35.5,    2.3,    9.1,   12.1,   96.7,   97.7,    3.3,    2.3,  100.0,    0.0,    0.0,    0.0,    0.0,    0.0,    0.0,    0.0,    0.0,    0.0,    0.0,    0.0,    0.0,    0.0,    0.0,    0.0,    327,     47,     40,     28,      8,     26,     68,     58,     85,     56,     46,     76,    295,    257,    327,     47,     40,     28,      8,     26,     68,     58,     85,     56,     46,     76,    295,    257,      0,      0,      0,      0,      0,      0,      0,      0,      0,      0,      0,      0,      0,      0,    17.5,    25.1,    27.1,    36.5,     8.6,    11.5,    13.1,    16.0,    17.5,    25.1,    27.1,    36.5,     8.6,    11.5,    13.1,    16.0,     0.0,     0.0,     0.0,     0.0,     0.0,     0.0,     0.0,     0.0,"(Contracts of 10,000 MMBTU'S)",023651,NYME,023 ,N13,FutOnly
HENRY HUB LAST DAY FIN - NEW YORK MERCANTILE EXCHANGE,260908,2026-09-08,023A55,NYME,01,023 ,  378837,  131792,   47914,   28828,  141090,   21291,   29757,   10299,   15894,   78668,   85276,   48760,  354990,  370524,   23847,    8313,  378837,  131792,   47914,   28828,  141090,   21291,   29757,   10299,   15894,   78668,   85276,   48760,  354990,  370524,   23847,    8313,       0,       0,       0,       0,       0,       0,       0,       0,       0,       0,       0,       0,       0,       0,       0,       0,   -4868,   -3166,   -1215,    -554,    -376,     731,  -10625,   -2516,    1665,    2210,   -8232,    3831,   -5908,   -6112,    1040,    1244,  100.0,   34.8,   12.6,    7.6,   37.2,    5.6,    7.9,    2.7,    4.2,   20.8,   22.5,   12.9,   93.7,   97.8,    6.3,    2.2,  100.0,   34.8,   12.6,    7.6,   37.2,    5.6,    7.9,    2.7,    4.2,   20.8,   22.5,   12.9,   93.7,   97.8,    6.3,    2.2,  100.0,    0.0,    0.0,    0.0,    0.0,    0.0,    0.0,    0.0,    0.0,    0.0,    0.0,    0.0,    0.0,    0.0,    0.0,    0.0,     91,     27,     23,     15,      8,     17,      6,      4,     10,     18,     10,     20,     88,     70,     91,     27,     23,     15,      8,     17,      6,      4,     10,     18,     10,     20,     88,     70,      0,      0,      0,      0,      0,      0,      0,      0,      0,      0,      0,      0,      0,      0,    16.5,    41.1,    30.6,    55.2,    15.2,    40.0,    25.3,    52.0,    16.5,    41.1,    30.6,    55.2,    15.2,    40.0,    25.3,    52.0,     0.0,     0.0,     0.0,     0.0,     0.0,     0.0,     0.0,     0.0,"(Contracts of 10,000 MMBTU'S)",023A55,NYME,023 ,N13,FutOnly
HENRY HUB PENULTIMATE FIN - NEW YORK MERCANTILE EXCHANGE,260908,2026-09-08,023A56,NYME,01,023 ,  205773,   19071,   38673,   70051,   52009,   29418,   20005,   14266,   19176,   22614,   27447,   19953,  200288,  200942,    5485,    4831,  205773,   19071,   38673,   70051,   52009,   29418,   20005,   14266,   19176,   22614,   27447,   19953,  200288,  200942,    5485,    4831,       0,       0,       0,       0,       0,       0,       0,       0,       0,       0,       0,       0,       0,       0,       0,       0,    4524,     979,     110,    -992,     824,    -159,     236,    2155,    1019,    4222,     957,    -420,    4885,    4486,    -361,      38,  100.0,    9.3,   18.8,   34.0,   25.3,   14.3,    9.7,    6.9,    9.3,   11.0,   13.3,    9.7,   97.3,   97.7,    2.7,    2.3,  100.0,    9.3,   18.8,   34.0,   25.3,   14.3,    9.7,    6.9,    9.3,   11.0,   13.3,    9.7,   97.3,   97.7,    2.7,    2.3,  100.0,    0.0,    0.0,    0.0,    0.0,    0.0,    0.0,    0.0,    0.0,    0.0,    0.0,    0.0,    0.0,    0.0,    0.0,    0.0,     78,     12,     14,     11,      8,     14,     11,      9,     15,     11,     14,     24,     72,     71,     78,     12,     14,     11,      8,     14,     11,      9,     15,     11,     14,     24,     72,     71,      0,      0,      0,      0,      0,      0,      0,      0,      0,      0,      0,      0,      0,      0,    25.5,    32.6,    42.7,    46.4,    23.9,    22.3,    37.0,    31.5,    25.5,    32.6,    42.7,    46.4,    23.9,    22.3,    37.0,    31.5,     0.0,     0.0,     0.0,     0.0,     0.0,     0.0,     0.0,     0.0,"(Contracts of 10,000 MMBTU'S)",023A56,NYME,023 ,N13,FutOnly
ETHANOL T2 FOB INCL DUTY - NEW YORK MERCANTILE EXCHANGE,260908,2026-09-08,025608,NYME,01,025 ,    3337,    2914,    3142,       0,       0,       0,       0,       0,       0,     100,       0,      11,    3025,    3153,     312,     184,    3337,    2914,    3142,       0,       0,       0,       0,       0,       0,     100,       0,      11,    3025,    3153,     312,     184,       0,       0,       0,       0,       0,       0,       0,       0,       0,       0,       0,       0,       0,       0,       0,       0,    -538,    -604,    -488,       0,       0,       0,       0,       0,       0,      20,     -95,     -29,    -613,    -612,      75,      74,  100.0,   87.3,   94.2,    0.0,    0.0,    0.0,    0.0,    0.0,    0.0,    3.0,    0.0,    0.3,   90.7,   94.5,    9.3,    5.5,  100.0,   87.3,   94.2,    0.0,    0.0,    0.0,    0.0,    0.0,    0.0,    3.0,    0.0,    0.3,   90.7,   94.5,    9.3,    5.5,  100.0,    0.0,    0.0,    0.0,    0.0,    0.0,    0.0,    0.0,    0.0,    0.0,    0.0,    0.0,    0.0,    0.0,    0.0,    0.0,     25,     20,     20,      0,      0,      0,      0,      0,      0,.,      0,.,     21,     21,     25,     20,     20,      0,      0,      0,      0,      0,      0,.,      0,.,     21,     21,      0,      0,      0,      0,      0,      0,      0,      0,      0,      0,      0,      0,      0,      0,    48.0,    51.7,    68.4,    73.6,    39.2,    40.1,    50.4,    52.8,    48.0,    51.7,    68.4,    73.6,    39.2,    40.1,    50.4,    52.8,     0.0,     0.0,     0.0,     0.0,     0.0,     0.0,     0.0,     0.0,(100 CUBIC METERS),025608,NYME,025 ,N10,FutOnly
ETHANOL - NEW YORK MERCANTILE EXCHANGE,260908,2026-09-08,025651,NYME,01,025 ,   40236,   27183,   34209,     996,    2740,     547,    8116,     429,     267,    1298,     296,    1187,   39594,   39675,     642,     561,   40236,   27183,   34209,     996,    2740,     547,    8116,     429,     267,    1298,     296,    1187,   39594,   39675,     642,     561,       0,       0,       0,       0,       0,       0,       0,       0,       0,       0,       0,       0,       0,       0,       0,       0,   -8891,   -8463,   -7034,      -1,   -1334,      79,     107,     112,     -66,    -417,    -259,    -144,   -8905,   -8646,      14,    -245,  100.0,   67.6,   85.0,    2.5,    6.8,    1.4,   20.2,    1.1,    0.7,    3.2,    0.7,    3.0,   98.4,   98.6,    1.6,    1.4,  100.0,   67.6,   85.0,    2.5,    6.8,    1.4,   20.2,    1.1,    0.7,    3.2,    0.7,    3.0,   98.4,   98.6,    1.6,    1.4,  100.0,    0.0,    0.0,    0.0,    0.0,    0.0,    0.0,    0.0,    0.0,    0.0,    0.0,    0.0,    0.0,    0.0,    0.0,    0.0,    116,     45,     60,      5,.,      5,     20,      4,      4,      6,      8,      7,     85,     83,    116,     45,     60,      5,.,      5,     20,      4,      4,      6,      8,      7,     85,     83,      0,      0,      0,      0,      0,      0,      0,      0,      0,      0,      0,      0,      0,      0,    30.2,    27.5,    45.6,    43.0,    12.7,    12.7,    20.0,    21.4,    30.2,    27.5,    45.6,    43.0,    12.7,    12.7,    20.0,    21.4,     0.0,     0.0,     0.0,     0.0,     0.0,     0.0,     0.0,     0.0,"(CONTRACTS OF 42,000 U.S. GALLONS)",025651,NYME,025 ,N10,FutOnly
SOYBEAN MEAL - CHICAGO BOARD OF TRADE,260908,2026-09-08,026603,CBT ,00,026 ,  667618,  106964,  425918,  129835,   11403,    7909,  173079,   15390,   92839,   38570,   19698,   72254,  621450,  645411,   46168,   22207,  657294,  104523,  420024,  129122,   10848,    7859,  171316,   15793,   92391,   38110,   20588,   68547,  611868,  636050,   45426,   21244,   10324,    2441,    5894,     763,     605,       0,    2182,      16,      29,    2084,     734,    2083,    9582,    9361,     742,     963,   18591,    -332,     645,    4230,    1190,    -266,   -5104,   -5614,   16007,     707,    2519,    6189,   21431,   20670,   -2840,   -2079,  100.0,   16.0,   63.8,   19.4,    1.7,    1.2,   25.9,    2.3,   13.9,    5.8,    3.0,   10.8,   93.1,   96.7,    6.9,    3.3,  100.0,   15.9,   63.9,   19.6,    1.7,    1.2,   26.1,    2.4,   14.1,    5.8,    3.1,   10.4,   93.1,   96.8,    6.9,    3.2,  100.0,   23.6,   57.1,    7.4,    5.9,    0.0,   21.1,    0.2,    0.3,   20.2,    7.1,   20.2,   92.8,   90.7,    7.2,    9.3,    355,     98,     99,     25,      7,     17,     89,     24,     58,     46,     31,     44,    310,    238,    355,     98,     98,     25,      7,     17,     89,     24,     58,     46,     32,     44,    310,    237,     66,     17,     16,      8,.,      0,      9,.,.,      6,     10,      9,     46,     34,     9.8,    35.1,    18.1,    45.8,     8.2,    31.6,    15.4,    38.1,    10.0,    35.3,    18.3,    46.1,     8.3,    31.8,    15.6,    38.4,    45.7,    39.5,    62.9,    61.7,    36.4,    36.4,    51.0,    53.3,(CONTRACTS OF 100 TONS),026603,CBT ,026 ,A30,FutOnly
COTTON NO. 2 - ICE FUTURES U.S.,260908,2026-09-08,033661,ICUS,01,033 ,  380405,   46637,  220918,   67719,   26692,   15152,  108667,   13300,   40288,   49418,   22034,   33671,  361552,  372055,   18853,    8350,  349059,   31291,  203526,   67364,   19655,   13451,  104212,   14763,   38028,   46077,   20651,   30771,  331194,  340845,   17865,    8214,   31346,   15346,   17392,    2056,    8738,       0,    6659,     741,      56,    6175,    4217,      66,   30358,   31210,     988,     136,   -3325,    1016,   -3314,    4211,    -105,   -2800,   -7137,   -1541,    1202,   -2520,    -146,    3910,   -2118,   -2794,   -1207,    -531,  100.0,   12.3,   58.1,   17.8,    7.0,    4.0,   28.6,    3.5,   10.6,   13.0,    5.8,    8.9,   95.0,   97.8,    5.0,    2.2,  100.0,    9.0,   58.3,   19.3,    5.6,    3.9,   29.9,    4.2,   10.9,   13.2,    5.9,    8.8,   94.9,   97.6,    5.1,    2.4,  100.0,   49.0,   55.5,    6.6,   27.9,    0.0,   21.2,    2.4,    0.2,   19.7,   13.5,    0.2,   96.8,   99.6,    3.2,    0.4,    357,     42,     58,     22,     16,     13,    103,     17,     63,     82,     36,     54,    295,    225,    354,     36,     56,     21,     17,     12,    103,     19,     60,     81,     39,     53,    286,    220,    107,     21,     22,      7,     12,      0,     13,      6,.,     20,     11,      5,     64,     54,     8.6,    27.5,    15.6,    39.2,     7.3,    25.6,    12.7,    34.3,     8.9,    28.4,    15.8,    39.5,     7.7,    26.4,    13.2,    35.9,    38.6,    41.6,    54.6,    61.4,    38.6,    41.6,    53.8,    61.4,"(CONTRACTS OF 50,000 POUNDS)",033661,ICUS,033 ,A40,FutOnly
HENRY HUB - NEW YORK MERCANTILE EXCHANGE,260908,2026-09-08,03565B,NYME,01,023 ,  400824,   29953,   24829,   23968,  298116,   44131,       0,    5964,       0,  289145,   14648,    2257,  389454,  389945,   11370,   10879,  400824,   29953,   24829,   23968,  298116,   44131,       0,    5964,       0,  289145,   14648,    2257,  389454,  389945,   11370,   10879,       0,       0,       0,       0,       0,       0,       0,       0,       0,       0,       0,       0,       0,       0,       0,       0,    8253,     402,    2544,    2912,    8124,     462,       0,       0,       0,    4642,   -1098,     237,    8655,   10269,    -402,   -2016,  100.0,    7.5,    6.2,    6.0,   74.4,   11.0,    0.0,    1.5,    0.0,   72.1,    3.7,    0.6,   97.2,   97.3,    2.8,    2.7,  100.0,    7.5,    6.2,    6.0,   74.4,   11.0,    0.0,    1.5,    0.0,   72.1,    3.7,    0.6,   97.2,   97.3,    2.8,    2.7,  100.0,    0.0,    0.0,    0.0,    0.0,    0.0,    0.0,    0.0,    0.0,    0.0,    0.0,    0.0,    0.0,    0.0,    0.0,    0.0,     34,      6,      5,      4,     11,     12,      0,.,      0,      6,.,.,     26,     25,     34,      6,      5,      4,     11,     12,      0,.,      0,      6,.,.,     26,     25,      0,      0,      0,      0,      0,      0,      0,      0,      0,      0,      0,      0,      0,      0,    70.8,    59.9,    83.5,    82.6,    70.3,    56.8,    80.4,    78.0,    70.8,    59.9,    83.5,    82.6,    70.3,    56.8,    80.4,    78.0,     0.0,     0.0,     0.0,     0.0,     0.0,     0.0,     0.0,     0.0,"(Contracts of 2,500  MMBTU'S)",03565B,NYME,023 ,N13,FutOnly
HENRY HUB PENULTIMATE NAT GAS - NEW YORK MERCANTILE EXCHANGE,260908,2026-09-08,03565C,NYME,01,023 ,  101447,    9950,   14132,   21609,   25011,   26072,    7184,    7309,    3507,    8165,    6010,   12292,   88779,   94333,   12668,    7114,  101447,    9950,   14132,   21609,   25011,   26072,    7184,    7309,    3507,    8165,    6010,   12292,   88779,   94333,   12668,    7114,       0,       0,       0,       0,       0,       0,       0,       0,       0,       0,       0,       0,       0,       0,       0,       0,     645,     116,     493,       0,       0,       0,       0,       0,       0,     -14,    -391,     543,     645,     645,       0,       0,  100.0,    9.8,   13.9,   21.3,   24.7,   25.7,    7.1,    7.2,    3.5,    8.0,    5.9,   12.1,   87.5,   93.0,   12.5,    7.0,  100.0,    9.8,   13.9,   21.3,   24.7,   25.7,    7.1,    7.2,    3.5,    8.0,    5.9,   12.1,   87.5,   93.0,   12.5,    7.0,  100.0,    0.0,    0.0,    0.0,    0.0,    0.0,    0.0,    0.0,    0.0,    0.0,    0.0,    0.0,    0.0,    0.0,    0.0,    0.0,     41,      5,      7,      6,      6,     11,      5,.,      4,      8,      6,     11,     37,     35,     41,      5,      7,      6,      6,     11,      5,.,      4,      8,      6,     11,     37,     35,      0,      0,      0,      0,      0,      0,      0,      0,      0,      0,      0,      0,      0,      0,    33.5,    36.6,    50.0,    61.8,    20.7,    25.6,    29.7,    37.0,    33.5,    36.6,    50.0,    61.8,    20.7,    25.6,    29.7,    37.0,     0.0,     0.0,     0.0,     0.0,     0.0,     0.0,     0.0,     0.0,"(Contracts of 2,500  MMBTU'S)",03565C,NYME,023 ,N13,FutOnly
USD Malaysian Crude Palm Oil C - CHICAGO MERCANTILE EXCHANGE,260908,2026-09-08,037021,CME ,00,037 ,   44949,   37804,   35035,     440,     944,    3448,     520,    3627,     320,     942,     120,    1455,   44929,   44949,      20,       0,   44949,   37804,   35035,     440,     944,    3448,     520,    3627,     320,     942,     120,    1455,   44929,   44949,      20,       0,       0,       0,       0,       0,       0,       0,       0,       0,       0,       0,       0,       0,       0,       0,       0,       0,    5230,    4450,    6225,       0,   -1585,     720,      80,     -10,     -40,     -80,    -200,     120,    5250,    5230,     -20,       0,  100.0,   84.1,   77.9,    1.0,    2.1,    7.7,    1.2,    8.1,    0.7,    2.1,    0.3,    3.2,  100.0,  100.0,    0.0,    0.0,  100.0,   84.1,   77.9,    1.0,    2.1,    7.7,    1.2,    8.1,    0.7,    2.1,    0.3,    3.2,  100.0,  100.0,    0.0,    0.0,  100.0,    0.0,    0.0,    0.0,    0.0,    0.0,    0.0,    0.0,    0.0,    0.0,    0.0,    0.0,    0.0,    0.0,    0.0,    0.0,     27,     10,     11,.,      4,.,.,.,.,      4,.,.,     22,     20,     27,     10,     11,.,      4,.,.,.,.,      4,.,.,     22,     20,      0,      0,      0,      0,      0,      0,      0,      0,      0,      0,      0,      0,      0,      0,    76.6,    64.2,    88.5,    88.0,    34.0,    34.7,    37.6,    38.5,    76.6,    64.2,    88.5,    88.0,    34.0,    34.7,    37.6,    38.5,     0.0,     0.0,     0.0,     0.0,     0.0,     0.0,     0.0,     0.0,(CONTRACTS OF 25 METRIC TONS),037021,CME ,037 ,A30,FutOnly
ROUGH RICE - CHICAGO BOARD OF TRADE,260908,2026-09-08,039601,CBT ,00,039 ,   12959,    4168,    8452,     259,       0,       0,    3525,    1726,       5,    1576,    1201,     524,   10057,   11908,    2902,    1051,   12958,    4168,    8451,     259,       0,       0,    3525,    1726,       5,    1576,    1201,     524,   10057,   11907,    2901,    1051,       1,       0,       1,       0,       0,       0,       0,       0,       0,       0,       0,       0,       0,       1,       1,       0,     -23,     -81,     122,       0,       0,       0,     290,    -189,      -1,     -54,      29,    -109,      45,    -148,     -68,     125,  100.0,   32.2,   65.2,    2.0,    0.0,    0.0,   27.2,   13.3,    0.0,   12.2,    9.3,    4.0,   77.6,   91.9,   22.4,    8.1,  100.0,   32.2,   65.2,    2.0,    0.0,    0.0,   27.2,   13.3,    0.0,   12.2,    9.3,    4.0,   77.6,   91.9,   22.4,    8.1,  100.0,    0.0,  100.0,    0.0,    0.0,    0.0,    0.0,    0.0,    0.0,    0.0,    0.0,    0.0,    0.0,  100.0,  100.0,    0.0,     74,     16,     18,.,      0,      0,     16,      7,.,     12,      8,      4,     50,     34,     74,     16,     18,.,      0,      0,     16,      7,.,     12,      8,      4,     50,     34,.,      0,.,      0,      0,      0,      0,      0,      0,      0,      0,      0,      0,.,    26.4,    40.5,    37.5,    57.5,    26.4,    40.2,    37.5,    57.1,    26.4,    40.5,    37.5,    57.5,    26.4,    40.2,    37.5,    57.1,     0.0,   100.0,     0.0,   100.0,     0.0,   100.0,     0.0,   100.0,"(CONTRACTS OF 200,000 POUNDS)",039601,CBT ,039 ,A10,FutOnly
FRZN CONCENTRATED ORANGE JUICE - ICE FUTURES U.S.,260908,2026-09-08,040701,ICUS,01,040 ,    9558,    1351,    3108,     863,     196,      70,    2589,    3798,      73,    2478,     297,     322,    7746,    7864,    1812,    1694,    8312,     725,    2589,     863,     266,       0,    2644,    3798,      18,    2574,     273,       0,    6824,    6944,    1488,    1368,    1246,     626,     519,      70,       0,       0,       0,      55,       0,     226,     346,       0,     922,     920,     324,     326,    -646,      -5,     106,     -36,     -37,       0,     -49,    -325,      -4,     -69,    -145,       4,    -159,    -401,    -487,    -245,  100.0,   14.1,   32.5,    9.0,    2.1,    0.7,   27.1,   39.7,    0.8,   25.9,    3.1,    3.4,   81.0,   82.3,   19.0,   17.7,  100.0,    8.7,   31.1,   10.4,    3.2,    0.0,   31.8,   45.7,    0.2,   31.0,    3.3,    0.0,   82.1,   83.5,   17.9,   16.5,  100.0,   50.2,   41.7,    5.6,    0.0,    0.0,    0.0,    4.4,    0.0,   18.1,   27.8,    0.0,   74.0,   73.8,   26.0,   26.2,     55,      8,      6,.,.,.,      7,     13,.,     15,      4,.,     37,     25,     54,      7,      6,.,.,      0,      7,     13,.,     16,.,      0,     34,     22,     16,      7,.,.,      0,      0,      0,.,      0,      4,.,      0,     12,      5,    26.8,    43.9,    40.9,    58.5,    26.8,    43.7,    40.4,    58.2,    30.8,    44.2,    47.0,    61.0,    30.8,    44.1,    47.0,    60.8,    47.4,    69.4,    67.4,    73.8,    47.4,    68.9,    67.4,    73.4,"(CONTRACTS OF 15,000 POUNDS)",040701,ICUS,040 ,A50,FutOnly
BUTTER (CASH SETTLED) - CHICAGO MERCANTILE EXCHANGE,260908,2026-09-08,050642,CME ,00,050 ,   18457,   10416,    8141,    5249,     903,    1821,       0,     657,      88,     127,    6448,     103,   17804,   18161,     653,     296,   18457,   10416,    8141,    5249,     903,    1821,       0,     657,      88,     127,    6448,     103,   17804,   18161,     653,     296,       0,       0,       0,       0,       0,       0,       0,       0,       0,       0,       0,       0,       0,       0,       0,       0,   -2271,   -1196,   -1770,    -394,      33,    -172,       0,     117,     -34,      -2,     -77,    -392,   -2190,   -2295,     -81,      24,  100.0,   56.4,   44.1,   28.4,    4.9,    9.9,    0.0,    3.6,    0.5,    0.7,   34.9,    0.6,   96.5,   98.4,    3.5,    1.6,  100.0,   56.4,   44.1,   28.4,    4.9,    9.9,    0.0,    3.6,    0.5,    0.7,   34.9,    0.6,   96.5,   98.4,    3.5,    1.6,  100.0,    0.0,    0.0,    0.0,    0.0,    0.0,    0.0,    0.0,    0.0,    0.0,    0.0,    0.0,    0.0,    0.0,    0.0,    0.0,     55,     31,     20,.,.,      5,      0,      5,.,.,      5,.,     43,     36,     55,     31,     20,.,.,      5,      0,      5,.,.,      5,.,     43,     36,      0,      0,      0,      0,      0,      0,      0,      0,      0,      0,      0,      0,      0,      0,    39.4,    43.9,    57.9,    64.8,    37.1,    41.8,    53.5,    56.2,    39.4,    43.9,    57.9,    64.8,    37.1,    41.8,    53.5,    56.2,     0.0,     0.0,     0.0,     0.0,     0.0,     0.0,     0.0,     0.0,"(CONTRACTS OF 20,000 POUNDS)",050642,CME ,050 ,A25,FutOnly
"MILK, Class III - CHICAGO MERCANTILE EXCHANGE",260908,2026-09-08,052641,CME ,00,052 ,   31351,   15193,    9110,    8144,    2311,     404,     291,    5714,     669,    2620,    6345,    2258,   29579,   26811,    1772,    4540,   31351,   15193,    9110,    8144,    2311,     404,     291,    5714,     669,    2620,    6345,    2258,   29579,   26811,    1772,    4540,       0,       0,       0,       0,       0,       0,       0,       0,       0,       0,       0,       0,       0,       0,       0,       0,   -3216,    -767,   -2161,   -1764,     235,    -233,     162,     572,    -299,    -321,   -1630,     290,   -2932,   -3226,    -284,      10,  100.0,   48.5,   29.1,   26.0,    7.4,    1.3,    0.9,   18.2,    2.1,    8.4,   20.2,    7.2,   94.3,   85.5,    5.7,   14.5,  100.0,   48.5,   29.1,   26.0,    7.4,    1.3,    0.9,   18.2,    2.1,    8.4,   20.2,    7.2,   94.3,   85.5,    5.7,   14.5,  100.0,    0.0,    0.0,    0.0,    0.0,    0.0,    0.0,    0.0,    0.0,    0.0,    0.0,    0.0,    0.0,    0.0,    0.0,    0.0,     92,     28,     17,      5,.,.,.,     19,.,      7,     20,     15,     56,     63,     92,     28,     17,      5,.,.,.,     19,.,      7,     20,     15,     56,     63,      0,      0,      0,      0,      0,      0,      0,      0,      0,      0,      0,      0,      0,      0,    44.3,    24.2,    62.6,    41.1,    44.3,    22.4,    62.4,    36.6,    44.3,    24.2,    62.6,    41.1,    44.3,    22.4,    62.4,    36.6,     0.0,     0.0,     0.0,     0.0,     0.0,     0.0,     0.0,     0.0,"(CONTRACTS OF 200,000 POUNDS)",052641,CME ,052 ,A25,FutOnly
NON FAT DRY MILK - CHICAGO MERCANTILE EXCHANGE,260908,2026-09-08,052642,CME ,00,052 ,   10771,    7146,    3808,    1847,     578,     511,      78,     772,      73,     146,    4626,     130,    9931,   10498,     840,     273,   10771,    7146,    3808,    1847,     578,     511,      78,     772,      73,     146,    4626,     130,    9931,   10498,     840,     273,       0,       0,       0,       0,       0,       0,       0,       0,       0,       0,       0,       0,       0,       0,       0,       0,   -1633,   -1327,    -998,    -202,      53,    -136,       6,     -71,      46,     -87,    -670,      88,   -1612,   -1688,     -21,      55,  100.0,   66.3,   35.4,   17.1,    5.4,    4.7,    0.7,    7.2,    0.7,    1.4,   42.9,    1.2,   92.2,   97.5,    7.8,    2.5,  100.0,   66.3,   35.4,   17.1,    5.4,    4.7,    0.7,    7.2,    0.7,    1.4,   42.9,    1.2,   92.2,   97.5,    7.8,    2.5,  100.0,    0.0,    0.0,    0.0,    0.0,    0.0,    0.0,    0.0,    0.0,    0.0,    0.0,    0.0,    0.0,    0.0,    0.0,    0.0,     53,     29,     18,      5,.,      5,.,.,.,.,      6,      4,     42,     32,     53,     29,     18,      5,.,      5,.,.,.,.,      6,      4,     42,     32,      0,      0,      0,      0,      0,      0,      0,      0,      0,      0,      0,      0,      0,      0,    34.1,    47.8,    54.2,    70.5,    32.1,    46.8,    49.0,    68.9,    34.1,    47.8,    54.2,    70.5,    32.1,    46.8,    49.0,    68.9,     0.0,     0.0,     0.0,     0.0,     0.0,     0.0,     0.0,     0.0,"(CONTRACTS OF 44,000 LBS.)",052642,CME ,052 ,A25,FutOnly
CME MILK IV - CHICAGO MERCANTILE EXCHANGE,260908,2026-09-08,052644,CME ,00,052 ,   10443,    3167,    6751,    1561,     960,      17,      80,       0,     176,    5153,    1512,     112,   10266,    9528,     177,     915,   10443,    3167,    6751,    1561,     960,      17,      80,       0,     176,    5153,    1512,     112,   10266,    9528,     177,     915,       0,       0,       0,       0,       0,       0,       0,       0,       0,       0,       0,       0,       0,       0,       0,       0,   -1076,    -549,    -399,    -395,    -376,       0,      27,       0,     -15,    -134,    -289,       5,   -1061,   -1074,     -15,      -2,  100.0,   30.3,   64.6,   14.9,    9.2,    0.2,    0.8,    0.0,    1.7,   49.3,   14.5,    1.1,   98.3,   91.2,    1.7,    8.8,  100.0,   30.3,   64.6,   14.9,    9.2,    0.2,    0.8,    0.0,    1.7,   49.3,   14.5,    1.1,   98.3,   91.2,    1.7,    8.8,  100.0,    0.0,    0.0,    0.0,    0.0,    0.0,    0.0,    0.0,    0.0,    0.0,    0.0,    0.0,    0.0,    0.0,    0.0,    0.0,     33,      7,     15,.,.,.,.,      0,.,.,      5,.,     16,     25,     33,      7,     15,.,.,.,.,      0,.,.,      5,.,     16,     25,      0,      0,      0,      0,      0,      0,      0,      0,      0,      0,      0,      0,      0,      0,    80.3,    53.8,    93.9,    73.9,    80.3,    53.0,    92.3,    72.1,    80.3,    53.8,    93.9,    73.9,    80.3,    53.0,    92.3,    72.1,     0.0,     0.0,     0.0,     0.0,     0.0,     0.0,     0.0,     0.0,"(CONTRACTS OF 200,000 POUNDS)",052644,CME ,052 ,A25,FutOnly
LEAN HOGS - CHICAGO MERCANTILE EXCHANGE,260908,2026-09-08,054642,CME ,00,054 ,  283094,   29895,   42439,   73615,    4466,    4263,   59868,   89502,   58494,   16449,   44804,   21740,  264324,  265708,   18770,   17386,  112323,   11811,   11395,   27300,    2863,       0,   48284,   63891,    5857,   12401,   21099,       0,  105653,  105105,    6670,    7218,  170771,   18084,   31044,   47144,    2432,    3434,   44695,   58722,   19526,   14928,   34585,   10860,  158671,  160603,   12100,   10168,   -3314,   -2187,     762,   -1131,     872,    -343,    1049,   -4008,     773,    2270,    2545,   -3991,   -3560,   -3390,     246,      76,  100.0,   10.6,   15.0,   26.0,    1.6,    1.5,   21.1,   31.6,   20.7,    5.8,   15.8,    7.7,   93.4,   93.9,    6.6,    6.1,  100.0,   10.5,   10.1,   24.3,    2.5,    0.0,   43.0,   56.9,    5.2,   11.0,   18.8,    0.0,   94.1,   93.6,    5.9,    6.4,  100.0,   10.6,   18.2,   27.6,    1.4,    2.0,   26.2,   34.4,   11.4,    8.7,   20.3,    6.4,   92.9,   94.0,    7.1,    6.0,    327,     52,     60,     17,      7,     10,     55,     70,     68,     33,     47,     49,    240,    248,    276,     31,     35,     16,      8,      0,     50,     65,     21,     31,     46,      0,    142,    161,    272,     39,     53,     18,      5,      9,     55,     46,     44,     34,     34,     34,    189,    191,    17.2,    14.2,    27.9,    23.3,    15.9,    13.0,    24.4,    20.9,    25.5,    16.7,    37.7,    28.4,    25.5,    16.7,    37.7,    28.2,    17.9,    21.2,    30.3,    30.7,    17.3,    21.1,    29.6,    30.6,"(CONTRACTS OF 40,000 POUNDS)",054642,CME ,054 ,A20,FutOnly
LIVE CATTLE - CHICAGO MERCANTILE EXCHANGE,260908,2026-09-08,057642,CME ,00,057 ,  294350,   41414,  128276,   69401,    4168,    1249,   82287,   33382,   49582,   10917,   30799,   13867,  268717,  261323,   25633,   33027,  294350,   41414,  128276,   69401,    4168,    1249,   82287,   33382,   49582,   10917,   30799,   13867,  268717,  261323,   25633,   33027,       0,       0,       0,       0,       0,       0,       0,       0,       0,       0,       0,       0,       0,       0,       0,       0,   -6381,    -358,   -1607,   -3447,     138,      -3,     248,     194,   -5883,     674,    -915,    1087,   -7682,   -6989,    1301,     608,  100.0,   14.1,   43.6,   23.6,    1.4,    0.4,   28.0,   11.3,   16.8,    3.7,   10.5,    4.7,   91.3,   88.8,    8.7,   11.2,  100.0,   14.1,   43.6,   23.6,    1.4,    0.4,   28.0,   11.3,   16.8,    3.7,   10.5,    4.7,   91.3,   88.8,    8.7,   11.2,  100.0,    0.0,    0.0,    0.0,    0.0,    0.0,    0.0,    0.0,    0.0,    0.0,    0.0,    0.0,    0.0,    0.0,    0.0,    0.0,    362,     83,    129,     19,      4,     11,     69,     37,     63,     42,     35,     47,    266,    287,    362,     83,    129,     19,      4,     11,     69,     37,     63,     42,     35,     47,    266,    287,      0,      0,      0,      0,      0,      0,      0,      0,      0,      0,      0,      0,      0,      0,    14.9,    14.5,    24.5,    24.1,    13.6,    14.3,    22.1,    23.0,    14.9,    14.5,    24.5,    24.1,    13.6,    14.3,    22.1,    23.0,     0.0,     0.0,     0.0,     0.0,     0.0,     0.0,     0.0,     0.0,"(CONTRACTS OF 40,000 POUNDS)",057642,CME ,057 ,A20,FutOnly
LUMBER - CHICAGO MERCANTILE EXCHANGE,260908,2026-09-08,058644,CME ,00,058 ,    9945,    5939,     663,     737,     687,       0,     436,    6423,       1,    1741,    1408,     167,    9021,    9349,     924,     596,    9945,    5939,     663,     737,     687,       0,     436,    6423,       1,    1741,    1408,     167,    9021,    9349,     924,     596,       0,       0,       0,       0,       0,       0,       0,       0,       0,       0,       0,       0,       0,       0,       0,       0,    -217,    -159,    -117,      35,      14,      -6,     -88,     124,       1,     216,      -3,     -70,     -71,     -57,    -146,    -160,  100.0,   59.7,    6.7,    7.4,    6.9,    0.0,    4.4,   64.6,    0.0,   17.5,   14.2,    1.7,   90.7,   94.0,    9.3,    6.0,  100.0,   59.7,    6.7,    7.4,    6.9,    0.0,    4.4,   64.6,    0.0,   17.5,   14.2,    1.7,   90.7,   94.0,    9.3,    6.0,  100.0,    0.0,    0.0,    0.0,    0.0,    0.0,    0.0,    0.0,    0.0,    0.0,    0.0,    0.0,    0.0,    0.0,    0.0,    0.0,     94,     28,      9,.,.,      0,      4,     29,.,     14,     13,      5,     51,     56,     94,     28,      9,.,.,      0,      4,     29,.,     14,     13,      5,     51,     56,      0,      0,      0,      0,      0,      0,      0,      0,      0,      0,      0,      0,      0,      0,    30.0,    27.6,    48.0,    46.6,    30.0,    27.6,    46.5,    46.6,    30.0,    27.6,    48.0,    46.6,    30.0,    27.6,    46.5,    46.6,     0.0,     0.0,     0.0,     0.0,     0.0,     0.0,     0.0,     0.0,"(CONTRACTS OF 27,500 BOARD FEET)",058644,CME ,058 ,N30,FutOnly
FEEDER CATTLE - CHICAGO MERCANTILE EXCHANGE,260908,2026-09-08,061641,CME ,00,061 ,   62097,    7604,    9624,    7813,     467,    2153,   15890,    8442,   11255,    2121,   12963,    5525,   52361,   50429,    9736,   11668,   62097,    7604,    9624,    7813,     467,    2153,   15890,    8442,   11255,    2121,   12963,    5525,   52361,   50429,    9736,   11668,       0,       0,       0,       0,       0,       0,       0,       0,       0,       0,       0,       0,       0,       0,       0,       0,   -2262,    -850,   -1037,     234,    -684,    -261,    -153,     835,     354,     627,     304,   -1860,   -1909,   -2349,    -353,      87,  100.0,   12.2,   15.5,   12.6,    0.8,    3.5,   25.6,   13.6,   18.1,    3.4,   20.9,    8.9,   84.3,   81.2,   15.7,   18.8,  100.0,   12.2,   15.5,   12.6,    0.8,    3.5,   25.6,   13.6,   18.1,    3.4,   20.9,    8.9,   84.3,   81.2,   15.7,   18.8,  100.0,    0.0,    0.0,    0.0,    0.0,    0.0,    0.0,    0.0,    0.0,    0.0,    0.0,    0.0,    0.0,    0.0,    0.0,    0.0,    223,     45,     54,     12,      5,     11,     40,     22,     40,     27,     27,     31,    165,    162,    223,     45,     54,     12,      5,     11,     40,     22,     40,     27,     27,     31,    165,    162,      0,      0,      0,      0,      0,      0,      0,      0,      0,      0,      0,      0,      0,      0,    14.3,    18.5,    25.0,    28.6,    11.3,    15.4,    20.0,    22.5,    14.3,    18.5,    25.0,    28.6,    11.3,    15.4,    20.0,    22.5,     0.0,     0.0,     0.0,     0.0,     0.0,     0.0,     0.0,     0.0,"(CONTRACTS OF 50,000 POUNDS)",061641,CME ,061 ,A20,FutOnly
CHEESE (CASH-SETTLED) - CHICAGO MERCANTILE EXCHANGE,260908,2026-09-08,063642,CME ,00,063 ,   28543,   16370,   14854,    7695,     860,    1227,     354,    3245,     911,     166,    6190,     884,   27607,   28171,     936,     372,   28543,   16370,   14854,    7695,     860,    1227,     354,    3245,     911,     166,    6190,     884,   27607,   28171,     936,     372,       0,       0,       0,       0,       0,       0,       0,       0,       0,       0,       0,       0,       0,       0,       0,       0,   -3583,   -1226,    -968,   -1810,   -1159,    -128,      20,     254,    -193,     -86,   -1129,     -38,   -3461,   -3361,    -122,    -222,  100.0,   57.4,   52.0,   27.0,    3.0,    4.3,    1.2,   11.4,    3.2,    0.6,   21.7,    3.1,   96.7,   98.7,    3.3,    1.3,  100.0,   57.4,   52.0,   27.0,    3.0,    4.3,    1.2,   11.4,    3.2,    0.6,   21.7,    3.1,   96.7,   98.7,    3.3,    1.3,  100.0,    0.0,    0.0,    0.0,    0.0,    0.0,    0.0,    0.0,    0.0,    0.0,    0.0,    0.0,    0.0,    0.0,    0.0,    0.0,     73,     26,     25,      4,.,      4,.,     14,.,.,     12,      7,     43,     57,     73,     26,     25,      4,.,      4,.,     14,.,.,     12,      7,     43,     57,      0,      0,      0,      0,      0,      0,      0,      0,      0,      0,      0,      0,      0,      0,    47.3,    30.1,    69.4,    50.4,    46.6,    28.1,    66.7,    47.4,    47.3,    30.1,    69.4,    50.4,    46.6,    28.1,    66.7,    47.4,     0.0,     0.0,     0.0,     0.0,     0.0,     0.0,     0.0,     0.0,"(CONTRACTS OF 20,000 POUNDS)",063642,CME ,063 ,A25,FutOnly
MID-C DAY-AHEAD PEAK - ICE FUTURES ENERGY DIV,260908,2026-09-08,064391,IFED,01,064 ,   42420,   25912,   30159,    6149,      93,    2831,    1072,    3607,    1945,    1741,    1476,    2182,   41832,   42293,     588,     127,   42420,   25912,   30159,    6149,      93,    2831,    1072,    3607,    1945,    1741,    1476,    2182,   41832,   42293,     588,     127,       0,       0,       0,       0,       0,       0,       0,       0,       0,       0,       0,       0,       0,       0,       0,       0,     419,     492,     126,       6,     -63,      53,      -8,     200,      38,    -153,      60,     -15,     413,     399,       6,      20,  100.0,   61.1,   71.1,   14.5,    0.2,    6.7,    2.5,    8.5,    4.6,    4.1,    3.5,    5.1,   98.6,   99.7,    1.4,    0.3,  100.0,   61.1,   71.1,   14.5,    0.2,    6.7,    2.5,    8.5,    4.6,    4.1,    3.5,    5.1,   98.6,   99.7,    1.4,    0.3,  100.0,    0.0,    0.0,    0.0,    0.0,    0.0,    0.0,    0.0,    0.0,    0.0,    0.0,    0.0,    0.0,    0.0,    0.0,    0.0,     60,     26,     29,      4,.,.,.,     10,      4,      6,      4,      7,     45,     53,     60,     26,     29,      4,.,.,.,     10,      4,      6,      4,      7,     45,     53,      0,      0,      0,      0,      0,      0,      0,      0,      0,      0,      0,      0,      0,      0,    39.5,    38.6,    59.8,    61.5,    34.9,    37.2,    48.3,    53.9,    39.5,    38.6,    59.8,    61.5,    34.9,    37.2,    48.3,    53.9,     0.0,     0.0,     0.0,     0.0,     0.0,     0.0,     0.0,     0.0,(Contracts of about 400 MWh),064391,IFED,064 ,N16,FutOnly
MID-C DAY-AHEAD OFF-PEAK - ICE FUTURES ENERGY DIV,260908,2026-09-08,064392,IFED,01,064 ,   27632,   15959,   19909,    4506,     240,    1948,     779,    2253,     689,    2693,    2005,     371,   26945,   27415,     687,     217,   27632,   15959,   19909,    4506,     240,    1948,     779,    2253,     689,    2693,    2005,     371,   26945,   27415,     687,     217,       0,       0,       0,       0,       0,       0,       0,       0,       0,       0,       0,       0,       0,       0,       0,       0,     115,      65,     185,     215,       0,     -25,       0,      55,    -120,       0,      25,      -5,     130,     115,     -15,       0,  100.0,   57.8,   72.1,   16.3,    0.9,    7.0,    2.8,    8.2,    2.5,    9.7,    7.3,    1.3,   97.5,   99.2,    2.5,    0.8,  100.0,   57.8,   72.1,   16.3,    0.9,    7.0,    2.8,    8.2,    2.5,    9.7,    7.3,    1.3,   97.5,   99.2,    2.5,    0.8,  100.0,    0.0,    0.0,    0.0,    0.0,    0.0,    0.0,    0.0,    0.0,    0.0,    0.0,    0.0,    0.0,    0.0,    0.0,    0.0,     40,     23,     23,      4,.,.,.,.,.,      4,.,.,     34,     35,     40,     23,     23,      4,.,.,.,.,.,      4,.,.,     34,     35,      0,      0,      0,      0,      0,      0,      0,      0,      0,      0,      0,      0,      0,      0,    39.6,    43.2,    58.7,    72.3,    29.2,    39.5,    42.9,    56.5,    39.6,    43.2,    58.7,    72.3,    29.2,    39.5,    42.9,    56.5,     0.0,     0.0,     0.0,     0.0,     0.0,     0.0,     0.0,     0.0,(Contracts of about 352 MWh),064392,IFED,064 ,N16,FutOnly
PJM WESTERN HUB RT OFF - ICE FUTURES ENERGY DIV,260908,2026-09-08,064394,IFED,01,064 ,  259525,  101507,  157547,    4203,   40796,   14055,   99474,    5481,   13201,   10406,   12330,   15684,  258530,  259094,     995,     431,  259525,  101507,  157547,    4203,   40796,   14055,   99474,    5481,   13201,   10406,   12330,   15684,  258530,  259094,     995,     431,       0,       0,       0,       0,       0,       0,       0,       0,       0,       0,       0,       0,       0,       0,       0,       0,   -5552,   -4221,   -1921,     167,   -4854,     210,    -806,     -23,     239,   -1428,     404,     413,   -5426,   -5532,    -126,     -20,  100.0,   39.1,   60.7,    1.6,   15.7,    5.4,   38.3,    2.1,    5.1,    4.0,    4.8,    6.0,   99.6,   99.8,    0.4,    0.2,  100.0,   39.1,   60.7,    1.6,   15.7,    5.4,   38.3,    2.1,    5.1,    4.0,    4.8,    6.0,   99.6,   99.8,    0.4,    0.2,  100.0,    0.0,    0.0,    0.0,    0.0,    0.0,    0.0,    0.0,    0.0,    0.0,    0.0,    0.0,    0.0,    0.0,    0.0,    0.0,     86,     35,     33,.,      8,      7,     18,.,     10,     10,      8,     13,     77,     70,     86,     35,     33,.,      8,      7,     18,.,     10,     10,      8,     13,     77,     70,      0,      0,      0,      0,      0,      0,      0,      0,      0,      0,      0,      0,      0,      0,    41.7,    41.6,    54.5,    59.5,    37.6,    33.8,    45.2,    45.7,    41.7,    41.6,    54.5,    59.5,    37.6,    33.8,    45.2,    45.7,     0.0,     0.0,     0.0,     0.0,     0.0,     0.0,     0.0,     0.0,(Contracts of about 352 MWh),064394,IFED,064 ,N16,FutOnly
SP15 FIN DA PEAK FIXED - ICE FUTURES ENERGY DIV,260908,2026-09-08,064395,IFED,01,064 ,   99688,   68773,   49969,    8383,   13867,    3638,     748,   13173,    8092,    2327,    3182,    7247,   99208,   99168,     480,     520,   99688,   68773,   49969,    8383,   13867,    3638,     748,   13173,    8092,    2327,    3182,    7247,   99208,   99168,     480,     520,       0,       0,       0,       0,       0,       0,       0,       0,       0,       0,       0,       0,       0,       0,       0,       0,  -10390,   -7594,   -3165,   -1500,    -609,    -134,    -843,   -6310,    -210,     -13,     322,    -417,  -10711,  -10523,     321,     133,  100.0,   69.0,   50.1,    8.4,   13.9,    3.6,    0.8,   13.2,    8.1,    2.3,    3.2,    7.3,   99.5,   99.5,    0.5,    0.5,  100.0,   69.0,   50.1,    8.4,   13.9,    3.6,    0.8,   13.2,    8.1,    2.3,    3.2,    7.3,   99.5,   99.5,    0.5,    0.5,  100.0,    0.0,    0.0,    0.0,    0.0,    0.0,    0.0,    0.0,    0.0,    0.0,    0.0,    0.0,    0.0,    0.0,    0.0,    0.0,     73,     32,     27,      4,.,      5,.,     13,      5,      8,      7,     10,     57,     58,     73,     32,     27,      4,.,      5,.,     13,      5,      8,      7,     10,     57,     58,      0,      0,      0,      0,      0,      0,      0,      0,      0,      0,      0,      0,      0,      0,    43.1,    37.6,    70.1,    59.6,    41.6,    29.0,    55.3,    46.1,    43.1,    37.6,    70.1,    59.6,    41.6,    29.0,    55.3,    46.1,     0.0,     0.0,     0.0,     0.0,     0.0,     0.0,     0.0,     0.0,(Contracts of about 400 MWh),064395,IFED,064 ,N16,FutOnly
CAISO SP-15 DA OFF-PK FIXED - ICE FUTURES ENERGY DIV,260908,2026-09-08,064396,IFED,01,064 ,   75395,   54677,   34601,    3138,    9166,    5660,    2660,    4942,    5401,     373,   12232,    3282,   75191,   75284,     204,     111,   75395,   54677,   34601,    3138,    9166,    5660,    2660,    4942,    5401,     373,   12232,    3282,   75191,   75284,     204,     111,       0,       0,       0,       0,       0,       0,       0,       0,       0,       0,       0,       0,       0,       0,       0,       0,   -6422,   -2749,   -2204,    -290,    -665,      44,   -3240,   -2454,      -5,     -21,    -953,    -129,   -6390,   -6366,     -32,     -56,  100.0,   72.5,   45.9,    4.2,   12.2,    7.5,    3.5,    6.6,    7.2,    0.5,   16.2,    4.4,   99.7,   99.9,    0.3,    0.1,  100.0,   72.5,   45.9,    4.2,   12.2,    7.5,    3.5,    6.6,    7.2,    0.5,   16.2,    4.4,   99.7,   99.9,    0.3,    0.1,  100.0,    0.0,    0.0,    0.0,    0.0,    0.0,    0.0,    0.0,    0.0,    0.0,    0.0,    0.0,    0.0,    0.0,    0.0,    0.0,     46,     22,     20,      5,.,      6,.,.,.,.,      4,      5,     40,     34,     46,     22,     20,      5,.,      6,.,.,.,.,      4,      5,     40,     34,      0,      0,      0,      0,      0,      0,      0,      0,      0,      0,      0,      0,      0,      0,    47.7,    50.1,    70.9,    74.2,    45.5,    42.5,    59.5,    61.4,    47.7,    50.1,    70.9,    74.2,    45.5,    42.5,    59.5,    61.4,     0.0,     0.0,     0.0,     0.0,     0.0,     0.0,     0.0,     0.0,(Contracts of about 352 MWh),064396,IFED,064 ,N16,FutOnly
PJM AEP DAYTON RT OFF-PK FIXED - ICE FUTURES ENERGY DIV,260908,2026-09-08,06439A,IFED,01,064 ,   55947,   27652,   26780,     696,   10183,    3010,    1073,   10056,    1649,   20044,    2313,    1413,   55537,   55404,     410,     543,   55947,   27652,   26780,     696,   10183,    3010,    1073,   10056,    1649,   20044,    2313,    1413,   55537,   55404,     410,     543,       0,       0,       0,       0,       0,       0,       0,       0,       0,       0,       0,       0,       0,       0,       0,       0,   -2054,   -1910,    -716,       4,    -141,    -119,    -192,    -331,      22,     500,    -214,    -449,   -2144,   -1948,      90,    -106,  100.0,   49.4,   47.9,    1.2,   18.2,    5.4,    1.9,   18.0,    2.9,   35.8,    4.1,    2.5,   99.3,   99.0,    0.7,    1.0,  100.0,   49.4,   47.9,    1.2,   18.2,    5.4,    1.9,   18.0,    2.9,   35.8,    4.1,    2.5,   99.3,   99.0,    0.7,    1.0,  100.0,    0.0,    0.0,    0.0,    0.0,    0.0,    0.0,    0.0,    0.0,    0.0,    0.0,    0.0,    0.0,    0.0,    0.0,    0.0,     45,     22,     21,.,      5,      7,.,      4,.,      5,.,      6,     41,     39,     45,     22,     21,.,      5,      7,.,      4,.,      5,.,      6,     41,     39,      0,      0,      0,      0,      0,      0,      0,      0,      0,      0,      0,      0,      0,      0,    52.9,    36.7,    67.6,    54.9,    47.8,    31.9,    54.2,    44.8,    52.9,    36.7,    67.6,    54.9,    47.8,    31.9,    54.2,    44.8,     0.0,     0.0,     0.0,     0.0,     0.0,     0.0,     0.0,     0.0,(Contracts of about 352 MWh),06439A,IFED,064 ,N16,FutOnly
PJM AEP DAYTON RT PEAK FIXED - ICE FUTURES ENERGY DIV,260908,2026-09-08,06439B,IFED,01,064 ,   72256,   34195,   40602,    2365,   10084,    4084,    9194,   11013,    2018,   18309,    2515,    1176,   71341,   71492,     915,     764,   72256,   34195,   40602,    2365,   10084,    4084,    9194,   11013,    2018,   18309,    2515,    1176,   71341,   71492,     915,     764,       0,       0,       0,       0,       0,       0,       0,       0,       0,       0,       0,       0,       0,       0,       0,       0,   -2451,   -2252,    -913,      74,    -511,     -91,    -297,    -266,     -49,     664,    -312,    -196,   -2147,   -2338,    -304,    -113,  100.0,   47.3,   56.2,    3.3,   14.0,    5.7,   12.7,   15.2,    2.8,   25.3,    3.5,    1.6,   98.7,   98.9,    1.3,    1.1,  100.0,   47.3,   56.2,    3.3,   14.0,    5.7,   12.7,   15.2,    2.8,   25.3,    3.5,    1.6,   98.7,   98.9,    1.3,    1.1,  100.0,    0.0,    0.0,    0.0,    0.0,    0.0,    0.0,    0.0,    0.0,    0.0,    0.0,    0.0,    0.0,    0.0,    0.0,    0.0,     59,     28,     25,.,      4,      7,      6,      4,.,      6,      6,      9,     53,     48,     59,     28,     25,.,      4,      7,      6,      4,.,      6,      6,      9,     53,     48,      0,      0,      0,      0,      0,      0,      0,      0,      0,      0,      0,      0,      0,      0,    42.6,    42.5,    61.3,    59.9,    38.8,    38.7,    51.2,    51.8,    42.6,    42.5,    61.3,    59.9,    38.8,    38.7,    51.2,    51.8,     0.0,     0.0,     0.0,     0.0,     0.0,     0.0,     0.0,     0.0,(Contracts of 800 MWh),06439B,IFED,064 ,N16,FutOnly
PJM AEP DAYTON HUB DA OFF-PK  - ICE FUTURES ENERGY DIV,260908,2026-09-08,06439C,IFED,01,064 ,   53358,   25275,   10064,    3706,   26111,     775,       0,    1679,    2221,   19243,   11088,     894,   52114,   52832,    1244,     526,   53358,   25275,   10064,    3706,   26111,     775,       0,    1679,    2221,   19243,   11088,     894,   52114,   52832,    1244,     526,       0,       0,       0,       0,       0,       0,       0,       0,       0,       0,       0,       0,       0,       0,       0,       0,   -3144,   -2196,    -821,     475,   -1295,    -398,       0,    -537,     290,   -1263,    -389,      27,   -3065,   -3123,     -79,     -21,  100.0,   47.4,   18.9,    6.9,   48.9,    1.5,    0.0,    3.1,    4.2,   36.1,   20.8,    1.7,   97.7,   99.0,    2.3,    1.0,  100.0,   47.4,   18.9,    6.9,   48.9,    1.5,    0.0,    3.1,    4.2,   36.1,   20.8,    1.7,   97.7,   99.0,    2.3,    1.0,  100.0,    0.0,    0.0,    0.0,    0.0,    0.0,    0.0,    0.0,    0.0,    0.0,    0.0,    0.0,    0.0,    0.0,    0.0,    0.0,     52,     24,     20,      4,      5,      5,      0,.,.,      6,      7,      6,     40,     40,     52,     24,     20,      4,      5,      5,      0,.,.,      6,      7,      6,     40,     40,      0,      0,      0,      0,      0,      0,      0,      0,      0,      0,      0,      0,      0,      0,    48.3,    68.9,    65.8,    81.7,    48.1,    64.7,    62.3,    74.1,    48.3,    68.9,    65.8,    81.7,    48.1,    64.7,    62.3,    74.1,     0.0,     0.0,     0.0,     0.0,     0.0,     0.0,     0.0,     0.0,(Contracts of about 352 MWh),06439C,IFED,064 ,N16,FutOnly
AEP DAYTON HUB DA PEAK DAILY - ICE FUTURES ENERGY DIV,260908,2026-09-08,06439E,IFED,01,064 ,    6600,    5950,    4950,       0,      50,       0,       0,    1100,     100,     350,     400,       0,    6400,    6600,     200,       0,    6600,    5950,    4950,       0,      50,       0,       0,    1100,     100,     350,     400,       0,    6400,    6600,     200,       0,       0,       0,       0,       0,       0,       0,       0,       0,       0,       0,       0,       0,       0,       0,       0,       0,      50,     150,     500,       0,    -150,    -100,    -250,     250,     100,     350,    -500,       0,     250,     100,    -200,     -50,  100.0,   90.2,   75.0,    0.0,    0.8,    0.0,    0.0,   16.7,    1.5,    5.3,    6.1,    0.0,   97.0,  100.0,    3.0,    0.0,  100.0,   90.2,   75.0,    0.0,    0.8,    0.0,    0.0,   16.7,    1.5,    5.3,    6.1,    0.0,   97.0,  100.0,    3.0,    0.0,  100.0,    0.0,    0.0,    0.0,    0.0,    0.0,    0.0,    0.0,    0.0,    0.0,    0.0,    0.0,    0.0,    0.0,    0.0,    0.0,     23,     12,      9,      0,.,      0,      0,.,.,.,.,      0,     14,     13,     23,     12,      9,      0,.,      0,      0,.,.,.,.,      0,     14,     13,      0,      0,      0,      0,      0,      0,      0,      0,      0,      0,      0,      0,      0,      0,    57.6,    76.5,    83.3,    94.7,    57.6,    75.8,    80.3,    87.9,    57.6,    76.5,    83.3,    94.7,    57.6,    75.8,    80.3,    87.9,     0.0,     0.0,     0.0,     0.0,     0.0,     0.0,     0.0,     0.0,(Contracts of about 16 MWh),06439E,IFED,064 ,N16,FutOnly
PJM AEP DAYTON DA PEAK - ICE FUTURES ENERGY DIV,260908,2026-09-08,06439F,IFED,01,064 ,   61438,   31399,   18302,    4991,   24734,    1562,       0,    1611,    2348,   18914,   11574,     839,   60053,   60970,    1385,     468,   61438,   31399,   18302,    4991,   24734,    1562,       0,    1611,    2348,   18914,   11574,     839,   60053,   60970,    1385,     468,       0,       0,       0,       0,       0,       0,       0,       0,       0,       0,       0,       0,       0,       0,       0,       0,   -4765,   -3626,   -2017,     530,    -907,    -409,       0,    -689,     182,   -1421,    -751,    -135,   -4879,   -4726,     114,     -39,  100.0,   51.1,   29.8,    8.1,   40.3,    2.5,    0.0,    2.6,    3.8,   30.8,   18.8,    1.4,   97.7,   99.2,    2.3,    0.8,  100.0,   51.1,   29.8,    8.1,   40.3,    2.5,    0.0,    2.6,    3.8,   30.8,   18.8,    1.4,   97.7,   99.2,    2.3,    0.8,  100.0,    0.0,    0.0,    0.0,    0.0,    0.0,    0.0,    0.0,    0.0,    0.0,    0.0,    0.0,    0.0,    0.0,    0.0,    0.0,     61,     29,     24,      5,      4,      4,      0,.,.,      7,     10,      7,     45,     48,     61,     29,     24,      5,      4,      4,      0,.,.,      7,     10,      7,     45,     48,      0,      0,      0,      0,      0,      0,      0,      0,      0,      0,      0,      0,      0,      0,    43.0,    65.5,    59.2,    80.0,    42.1,    62.9,    57.0,    72.1,    43.0,    65.5,    59.2,    80.0,    42.1,    62.9,    57.0,    72.1,     0.0,     0.0,     0.0,     0.0,     0.0,     0.0,     0.0,     0.0,(Contracts of about 352 MWh),06439F,IFED,064 ,N16,FutOnly
MISO INDIANA  OFF-PEAK - ICE FUTURES ENERGY DIV,260908,2026-09-08,06439K,IFED,01,064 ,   41674,   37273,   21868,     100,    6957,    2423,       0,     355,     110,       0,    9405,     305,   40211,   41423,    1463,     251,   41674,   37273,   21868,     100,    6957,    2423,       0,     355,     110,       0,    9405,     305,   40211,   41423,    1463,     251,       0,       0,       0,       0,       0,       0,       0,       0,       0,       0,       0,       0,       0,       0,       0,       0,   -1627,     810,   -2185,     -40,    3830,   -3437,       0,      41,       0,     -35,       0,       0,   -2702,   -1751,    1075,     124,  100.0,   89.4,   52.5,    0.2,   16.7,    5.8,    0.0,    0.9,    0.3,    0.0,   22.6,    0.7,   96.5,   99.4,    3.5,    0.6,  100.0,   89.4,   52.5,    0.2,   16.7,    5.8,    0.0,    0.9,    0.3,    0.0,   22.6,    0.7,   96.5,   99.4,    3.5,    0.6,  100.0,    0.0,    0.0,    0.0,    0.0,    0.0,    0.0,    0.0,    0.0,    0.0,    0.0,    0.0,    0.0,    0.0,    0.0,    0.0,     29,     18,     15,.,      4,.,      0,.,.,      0,.,.,     24,     23,     29,     18,     15,.,      4,.,      0,.,.,      0,.,.,     24,     23,      0,      0,      0,      0,      0,      0,      0,      0,      0,      0,      0,      0,      0,      0,    81.0,    55.4,    90.4,    80.4,    70.1,    48.8,    72.9,    68.9,    81.0,    55.4,    90.4,    80.4,    70.1,    48.8,    72.9,    68.9,     0.0,     0.0,     0.0,     0.0,     0.0,     0.0,     0.0,     0.0,(Contracts of about 352 MWh),06439K,IFED,064 ,N16,FutOnly
MISO IN. REAL-TIME OFF-PEAK - ICE FUTURES ENERGY DIV,260908,2026-09-08,06439L,IFED,01,064 ,   31506,   20726,   17757,    1621,     940,    3418,    3880,    2640,       0,      17,    4268,     948,   30610,   29971,     896,    1535,   31506,   20726,   17757,    1621,     940,    3418,    3880,    2640,       0,      17,    4268,     948,   30610,   29971,     896,    1535,       0,       0,       0,       0,       0,       0,       0,       0,       0,       0,       0,       0,       0,       0,       0,       0,   -1199,   -3438,    -184,     476,   -3474,    1452,    -255,    -185,       0,      -8,       0,       8,   -1765,   -2383,     566,    1184,  100.0,   65.8,   56.4,    5.1,    3.0,   10.8,   12.3,    8.4,    0.0,    0.1,   13.5,    3.0,   97.2,   95.1,    2.8,    4.9,  100.0,   65.8,   56.4,    5.1,    3.0,   10.8,   12.3,    8.4,    0.0,    0.1,   13.5,    3.0,   97.2,   95.1,    2.8,    4.9,  100.0,    0.0,    0.0,    0.0,    0.0,    0.0,    0.0,    0.0,    0.0,    0.0,    0.0,    0.0,    0.0,    0.0,    0.0,    0.0,     30,     18,     14,.,.,      4,.,.,      0,.,.,.,     25,     24,     30,     18,     14,.,.,      4,.,.,      0,.,.,.,     25,     24,      0,      0,      0,      0,      0,      0,      0,      0,      0,      0,      0,      0,      0,      0,    53.5,    50.8,    73.5,    80.1,    40.7,    42.7,    52.9,    58.6,    53.5,    50.8,    73.5,    80.1,    40.7,    42.7,    52.9,    58.6,     0.0,     0.0,     0.0,     0.0,     0.0,     0.0,     0.0,     0.0,(Contracts of about 352 MWh),06439L,IFED,064 ,N16,FutOnly
ERCOT HOUSTON 345KV RT PK FIX - ICE FUTURES ENERGY DIV,260908,2026-09-08,06439N,IFED,01,064 ,   44050,   24839,   33894,    2505,    4241,    3140,    4151,     250,     250,    7220,     475,    1080,   43185,   43330,     865,     720,   44050,   24839,   33894,    2505,    4241,    3140,    4151,     250,     250,    7220,     475,    1080,   43185,   43330,     865,     720,       0,       0,       0,       0,       0,       0,       0,       0,       0,       0,       0,       0,       0,       0,       0,       0,     170,     145,    -570,       0,       0,      20,       0,       0,       0,       0,       0,       0,     165,    -550,       5,     720,  100.0,   56.4,   76.9,    5.7,    9.6,    7.1,    9.4,    0.6,    0.6,   16.4,    1.1,    2.5,   98.0,   98.4,    2.0,    1.6,  100.0,   56.4,   76.9,    5.7,    9.6,    7.1,    9.4,    0.6,    0.6,   16.4,    1.1,    2.5,   98.0,   98.4,    2.0,    1.6,  100.0,    0.0,    0.0,    0.0,    0.0,    0.0,    0.0,    0.0,    0.0,    0.0,    0.0,    0.0,    0.0,    0.0,    0.0,    0.0,     34,     16,     14,.,.,      4,.,.,.,      4,.,      4,     27,     25,     34,     16,     14,.,.,      4,.,.,.,      4,.,      4,     27,     25,      0,      0,      0,      0,      0,      0,      0,      0,      0,      0,      0,      0,      0,      0,    35.4,    68.0,    56.2,    83.1,    32.8,    67.9,    51.0,    74.3,    35.4,    68.0,    56.2,    83.1,    32.8,    67.9,    51.0,    74.3,     0.0,     0.0,     0.0,     0.0,     0.0,     0.0,     0.0,     0.0,(Contracts of about 352 MWh),06439N,IFED,064 ,N16,FutOnly
ERCOT Houston 345KV RT OFF FIX - ICE FUTURES ENERGY DIV,260908,2026-09-08,06439Q,IFED,01,064 ,   42190,   23324,   32664,    1935,    4381,    3140,    4151,     250,     250,    7590,       0,     960,   41350,   41645,     840,     545,   42190,   23324,   32664,    1935,    4381,    3140,    4151,     250,     250,    7590,       0,     960,   41350,   41645,     840,     545,       0,       0,       0,       0,       0,       0,       0,       0,       0,       0,       0,       0,       0,       0,       0,       0,     170,      95,    -395,       0,       0,      20,       0,       0,       0,       0,       0,       0,     115,    -375,      55,     545,  100.0,   55.3,   77.4,    4.6,   10.4,    7.4,    9.8,    0.6,    0.6,   18.0,    0.0,    2.3,   98.0,   98.7,    2.0,    1.3,  100.0,   55.3,   77.4,    4.6,   10.4,    7.4,    9.8,    0.6,    0.6,   18.0,    0.0,    2.3,   98.0,   98.7,    2.0,    1.3,  100.0,    0.0,    0.0,    0.0,    0.0,    0.0,    0.0,    0.0,    0.0,    0.0,    0.0,    0.0,    0.0,    0.0,    0.0,    0.0,     34,     15,     13,.,.,      4,.,.,.,      5,      0,.,     26,     23,     34,     15,     13,.,.,      4,.,.,.,      5,      0,.,     26,     23,      0,      0,      0,      0,      0,      0,      0,      0,      0,      0,      0,      0,      0,      0,    35.3,    69.3,    55.7,    85.2,    34.1,    69.0,    51.1,    75.4,    35.3,    69.3,    55.7,    85.2,    34.1,    69.0,    51.1,    75.4,     0.0,     0.0,     0.0,     0.0,     0.0,     0.0,     0.0,     0.0,(Contracts of about 352 MWh),06439Q,IFED,064 ,N16,FutOnly
ERCOT NORTH 345KV RT PK FIX - ICE FUTURES ENERGY DIV,260908,2026-09-08,06439R,IFED,01,064 ,  277217,  117022,  179887,   12372,   24689,   15042,   70917,    7752,   21792,   22918,   16802,    8639,  268702,  274603,    8515,    2614,  277217,  117022,  179887,   12372,   24689,   15042,   70917,    7752,   21792,   22918,   16802,    8639,  268702,  274603,    8515,    2614,       0,       0,       0,       0,       0,       0,       0,       0,       0,       0,       0,       0,       0,       0,       0,       0,    1994,   -5487,    2586,      85,    -971,     268,    2649,      93,   -2610,     229,     707,    -305,   -5171,    -232,    7165,    2226,  100.0,   42.2,   64.9,    4.5,    8.9,    5.4,   25.6,    2.8,    7.9,    8.3,    6.1,    3.1,   96.9,   99.1,    3.1,    0.9,  100.0,   42.2,   64.9,    4.5,    8.9,    5.4,   25.6,    2.8,    7.9,    8.3,    6.1,    3.1,   96.9,   99.1,    3.1,    0.9,  100.0,    0.0,    0.0,    0.0,    0.0,    0.0,    0.0,    0.0,    0.0,    0.0,    0.0,    0.0,    0.0,    0.0,    0.0,    0.0,    117,     43,     42,.,      8,      8,     14,     15,     12,     14,     12,     16,     92,     96,    117,     43,     42,.,      8,      8,     14,     15,     12,     14,     12,     16,     92,     96,      0,      0,      0,      0,      0,      0,      0,      0,      0,      0,      0,      0,      0,      0,    32.1,    35.2,    50.6,    52.1,    23.3,    30.5,    38.2,    40.4,    32.1,    35.2,    50.6,    52.1,    23.3,    30.5,    38.2,    40.4,     0.0,     0.0,     0.0,     0.0,     0.0,     0.0,     0.0,     0.0,(1 Mw per Peak Hour),06439R,IFED,064 ,N16,FutOnly
ERCOT SOUTH 345 KV RT PEAK FIX - ICE FUTURES ENERGY DIV,260908,2026-09-08,06439S,IFED,01,064 ,   30167,   23403,   16273,    4375,    8185,     679,       0,    3375,       0,    1040,      75,     350,   29847,   28937,     320,    1230,   30167,   23403,   16273,    4375,    8185,     679,       0,    3375,       0,    1040,      75,     350,   29847,   28937,     320,    1230,       0,       0,       0,       0,       0,       0,       0,       0,       0,       0,       0,       0,       0,       0,       0,       0,       0,     -50,    -781,       0,       0,       0,       0,       0,       0,       0,       0,       0,     -50,    -781,      50,     781,  100.0,   77.6,   53.9,   14.5,   27.1,    2.3,    0.0,   11.2,    0.0,    3.4,    0.2,    1.2,   98.9,   95.9,    1.1,    4.1,  100.0,   77.6,   53.9,   14.5,   27.1,    2.3,    0.0,   11.2,    0.0,    3.4,    0.2,    1.2,   98.9,   95.9,    1.1,    4.1,  100.0,    0.0,    0.0,    0.0,    0.0,    0.0,    0.0,    0.0,    0.0,    0.0,    0.0,    0.0,    0.0,    0.0,    0.0,    0.0,     26,     13,      9,.,.,.,      0,.,      0,.,.,.,     19,     15,     26,     13,      9,.,.,.,      0,.,      0,.,.,.,     19,     15,      0,      0,      0,      0,      0,      0,      0,      0,      0,      0,      0,      0,      0,      0,    49.4,    50.2,    74.6,    84.0,    49.4,    50.2,    71.7,    81.7,    49.4,    50.2,    74.6,    84.0,    49.4,    50.2,    71.7,    81.7,     0.0,     0.0,     0.0,     0.0,     0.0,     0.0,     0.0,     0.0,(1 Mw per Peak Hour),06439S,IFED,064 ,N16,FutOnly
ERCOT-SOUTH MONTHLY OFFPEAK - ICE FUTURES ENERGY DIV,260908,2026-09-08,06439U,IFED,01,064 ,   29130,   22355,   16104,    4375,    7227,     955,       0,    3375,       0,     765,       0,     360,   28810,   28021,     320,    1109,   29130,   22355,   16104,    4375,    7227,     955,       0,    3375,       0,     765,       0,     360,   28810,   28021,     320,    1109,       0,       0,       0,       0,       0,       0,       0,       0,       0,       0,       0,       0,       0,       0,       0,       0,       0,     -50,    -670,       0,       0,       0,       0,       0,       0,       0,       0,       0,     -50,    -670,      50,     670,  100.0,   76.7,   55.3,   15.0,   24.8,    3.3,    0.0,   11.6,    0.0,    2.6,    0.0,    1.2,   98.9,   96.2,    1.1,    3.8,  100.0,   76.7,   55.3,   15.0,   24.8,    3.3,    0.0,   11.6,    0.0,    2.6,    0.0,    1.2,   98.9,   96.2,    1.1,    3.8,  100.0,    0.0,    0.0,    0.0,    0.0,    0.0,    0.0,    0.0,    0.0,    0.0,    0.0,    0.0,    0.0,    0.0,    0.0,    0.0,     26,     13,      9,.,.,.,      0,.,      0,.,      0,.,     19,     15,     26,     13,      9,.,.,.,      0,.,      0,.,      0,.,     19,     15,      0,      0,      0,      0,      0,      0,      0,      0,      0,      0,      0,      0,      0,      0,    51.1,    51.7,    73.2,    84.7,    51.1,    51.7,    69.8,    81.3,    51.1,    51.7,    73.2,    84.7,    51.1,    51.7,    69.8,    81.3,     0.0,     0.0,     0.0,     0.0,     0.0,     0.0,     0.0,     0.0,(1 MW per off-peak hour),06439U,IFED,064 ,N16,FutOnly
ERCOT WEST 345KV RT PEAK - ICE FUTURES ENERGY DIV,260908,2026-09-08,06439V,IFED,01,064 ,   33624,   17552,   27259,   12663,       0,    1495,       0,    1734,     400,     622,    1344,     679,   33411,   32911,     213,     713,   33624,   17552,   27259,   12663,       0,    1495,       0,    1734,     400,     622,    1344,     679,   33411,   32911,     213,     713,       0,       0,       0,       0,       0,       0,       0,       0,       0,       0,       0,       0,       0,       0,       0,       0,      15,     -20,    -215,       0,       0,       0,       0,       0,       0,       0,       0,       0,     -20,    -215,      35,     230,  100.0,   52.2,   81.1,   37.7,    0.0,    4.4,    0.0,    5.2,    1.2,    1.8,    4.0,    2.0,   99.4,   97.9,    0.6,    2.1,  100.0,   52.2,   81.1,   37.7,    0.0,    4.4,    0.0,    5.2,    1.2,    1.8,    4.0,    2.0,   99.4,   97.9,    0.6,    2.1,  100.0,    0.0,    0.0,    0.0,    0.0,    0.0,    0.0,    0.0,    0.0,    0.0,    0.0,    0.0,    0.0,    0.0,    0.0,    0.0,     26,     14,      9,      5,      0,      4,      0,.,.,.,.,.,     23,     17,     26,     14,      9,      5,      0,      4,      0,.,.,.,.,.,     23,     17,      0,      0,      0,      0,      0,      0,      0,      0,      0,      0,      0,      0,      0,      0,    57.4,    64.2,    74.8,    86.5,    56.2,    57.3,    68.1,    76.5,    57.4,    64.2,    74.8,    86.5,    56.2,    57.3,    68.1,    76.5,     0.0,     0.0,     0.0,     0.0,     0.0,     0.0,     0.0,     0.0,(1 MW per peak hour),06439V,IFED,064 ,N16,FutOnly
ERCOT WEST 345K RT OFF-PEAK - ICE FUTURES ENERGY DIV,260908,2026-09-08,06439W,IFED,01,064 ,   33547,   17480,   27277,   12718,       0,    1435,       0,    1734,     400,     622,    1344,     679,   33334,   32869,     213,     678,   33547,   17480,   27277,   12718,       0,    1435,       0,    1734,     400,     622,    1344,     679,   33334,   32869,     213,     678,       0,       0,       0,       0,       0,       0,       0,       0,       0,       0,       0,       0,       0,       0,       0,       0,      15,     -20,    -180,       0,       0,       0,       0,       0,       0,       0,       0,       0,     -20,    -180,      35,     195,  100.0,   52.1,   81.3,   37.9,    0.0,    4.3,    0.0,    5.2,    1.2,    1.9,    4.0,    2.0,   99.4,   98.0,    0.6,    2.0,  100.0,   52.1,   81.3,   37.9,    0.0,    4.3,    0.0,    5.2,    1.2,    1.9,    4.0,    2.0,   99.4,   98.0,    0.6,    2.0,  100.0,    0.0,    0.0,    0.0,    0.0,    0.0,    0.0,    0.0,    0.0,    0.0,    0.0,    0.0,    0.0,    0.0,    0.0,    0.0,     26,     14,      9,      5,      0,      4,      0,.,.,.,.,.,     23,     17,     26,     14,      9,      5,      0,      4,      0,.,.,.,.,.,     23,     17,      0,      0,      0,      0,      0,      0,      0,      0,      0,      0,      0,      0,      0,      0,    57.3,    64.4,    74.8,    86.7,    56.3,    57.4,    68.2,    76.8,    57.3,    64.4,    74.8,    86.7,    56.3,    57.4,    68.2,    76.8,     0.0,     0.0,     0.0,     0.0,     0.0,     0.0,     0.0,     0.0,(1 MW per Off-Peak Hour),06439W,IFED,064 ,N16,FutOnly
ERCOT NORTH 345KV DA PK DLY FI - ICE FUTURES ENERGY DIV,260908,2026-09-08,0643A5,IFED,01,064 ,    9000,    3450,    2075,    4600,       0,       0,       0,    5275,     100,     550,    1300,     250,    8950,    9000,      50,       0,    9000,    3450,    2075,    4600,       0,       0,       0,    5275,     100,     550,    1300,     250,    8950,    9000,      50,       0,       0,       0,       0,       0,       0,       0,       0,       0,       0,       0,       0,       0,       0,       0,       0,       0,   -9700,   -8000,   -6750,   -1200,    -350,       0,       0,    -950,      50,    -300,    -950,    -200,   -9650,   -9150,     -50,    -550,  100.0,   38.3,   23.1,   51.1,    0.0,    0.0,    0.0,   58.6,    1.1,    6.1,   14.4,    2.8,   99.4,  100.0,    0.6,    0.0,  100.0,   38.3,   23.1,   51.1,    0.0,    0.0,    0.0,   58.6,    1.1,    6.1,   14.4,    2.8,   99.4,  100.0,    0.6,    0.0,  100.0,    0.0,    0.0,    0.0,    0.0,    0.0,    0.0,    0.0,    0.0,    0.0,    0.0,    0.0,    0.0,    0.0,    0.0,    0.0,     20,      6,      4,.,      0,      0,      0,.,.,.,      4,.,     11,     14,     20,      6,      4,.,      0,      0,      0,.,.,.,      4,.,     11,     14,      0,      0,      0,      0,      0,      0,      0,      0,      0,      0,      0,      0,      0,      0,    83.3,    87.8,    97.2,    95.6,    77.2,    77.5,    83.9,    82.8,    83.3,    87.8,    97.2,    95.6,    77.2,    77.5,    83.9,    82.8,     0.0,     0.0,     0.0,     0.0,     0.0,     0.0,     0.0,     0.0,Megawatt Hours (MWh),0643A5,IFED,064 ,N16,FutOnly
ERCOT NORTH 345K RT OFFPK DLY  - ICE FUTURES ENERGY DIV,260908,2026-09-08,0643A7,IFED,01,064 ,    5600,    2384,    3648,     304,       0,       0,    2040,      24,      16,     136,    1376,      32,    4912,    5096,     688,     504,    5600,    2384,    3648,     304,       0,       0,    2040,      24,      16,     136,    1376,      32,    4912,    5096,     688,     504,       0,       0,       0,       0,       0,       0,       0,       0,       0,       0,       0,       0,       0,       0,       0,       0,    -568,    -448,    -448,     232,       0,     -24,    -184,      24,     -24,       8,      72,       8,    -432,    -392,    -136,    -176,  100.0,   42.6,   65.1,    5.4,    0.0,    0.0,   36.4,    0.4,    0.3,    2.4,   24.6,    0.6,   87.7,   91.0,   12.3,    9.0,  100.0,   42.6,   65.1,    5.4,    0.0,    0.0,   36.4,    0.4,    0.3,    2.4,   24.6,    0.6,   87.7,   91.0,   12.3,    9.0,  100.0,    0.0,    0.0,    0.0,    0.0,    0.0,    0.0,    0.0,    0.0,    0.0,    0.0,    0.0,    0.0,    0.0,    0.0,    0.0,     22,      9,     10,.,      0,      0,.,.,.,.,.,.,     16,     14,     22,      9,     10,.,      0,      0,.,.,.,.,.,.,     16,     14,      0,      0,      0,      0,      0,      0,      0,      0,      0,      0,      0,      0,      0,      0,    62.3,    67.3,    78.4,    81.7,    61.6,    63.6,    77.7,    76.7,    62.3,    67.3,    78.4,    81.7,    61.6,    63.6,    77.7,    76.7,     0.0,     0.0,     0.0,     0.0,     0.0,     0.0,     0.0,     0.0,50MWh,0643A7,IFED,064 ,N16,FutOnly
ERCOT - NORTH MONTHLY OFF-PEAK - ICE FUTURES ENERGY DIV,260908,2026-09-08,0643A8,IFED,01,064 ,  121519,   86225,   84804,   11051,    6012,   10032,    6520,    4276,    3350,     275,   10153,    1736,  119189,  120363,    2330,    1156,  121519,   86225,   84804,   11051,    6012,   10032,    6520,    4276,    3350,     275,   10153,    1736,  119189,  120363,    2330,    1156,       0,       0,       0,       0,       0,       0,       0,       0,       0,       0,       0,       0,       0,       0,       0,       0,    -154,   -2105,     -34,     420,    -240,       0,       0,       0,       0,       0,     120,       0,   -1685,    -154,    1531,       0,  100.0,   71.0,   69.8,    9.1,    4.9,    8.3,    5.4,    3.5,    2.8,    0.2,    8.4,    1.4,   98.1,   99.0,    1.9,    1.0,  100.0,   71.0,   69.8,    9.1,    4.9,    8.3,    5.4,    3.5,    2.8,    0.2,    8.4,    1.4,   98.1,   99.0,    1.9,    1.0,  100.0,    0.0,    0.0,    0.0,    0.0,    0.0,    0.0,    0.0,    0.0,    0.0,    0.0,    0.0,    0.0,    0.0,    0.0,    0.0,     48,     22,     21,.,.,      5,      4,.,.,.,      8,      6,     37,     39,     48,     22,     21,.,.,      5,      4,.,.,.,      8,      6,     37,     39,      0,      0,      0,      0,      0,      0,      0,      0,      0,      0,      0,      0,      0,      0,    43.4,    44.1,    69.0,    62.2,    39.2,    40.6,    60.9,    55.3,    43.4,    44.1,    69.0,    62.2,    39.2,    40.6,    60.9,    55.3,     0.0,     0.0,     0.0,     0.0,     0.0,     0.0,     0.0,     0.0,1 Mw per Off-Peak Hour,0643A8,IFED,064 ,N16,FutOnly
MISO IN. DAY-AHEAD PEAK - ICE FUTURES ENERGY DIV,260908,2026-09-08,0643AZ,IFED,01,064 ,   23313,   18779,    8970,     309,    7501,    2338,      50,     923,     180,     145,    2658,     494,   22295,   23064,    1018,     249,   23313,   18779,    8970,     309,    7501,    2338,      50,     923,     180,     145,    2658,     494,   22295,   23064,    1018,     249,       0,       0,       0,       0,       0,       0,       0,       0,       0,       0,       0,       0,       0,       0,       0,       0,    3108,    3159,     -58,    -111,    3696,    -647,       0,      60,       0,       0,      15,       0,    2401,    3066,     707,      42,  100.0,   80.6,   38.5,    1.3,   32.2,   10.0,    0.2,    4.0,    0.8,    0.6,   11.4,    2.1,   95.6,   98.9,    4.4,    1.1,  100.0,   80.6,   38.5,    1.3,   32.2,   10.0,    0.2,    4.0,    0.8,    0.6,   11.4,    2.1,   95.6,   98.9,    4.4,    1.1,  100.0,    0.0,    0.0,    0.0,    0.0,    0.0,    0.0,    0.0,    0.0,    0.0,    0.0,    0.0,    0.0,    0.0,    0.0,    0.0,     39,     24,     14,.,      4,      4,.,      4,.,.,.,.,     33,     25,     39,     24,     14,.,      4,      4,.,      4,.,.,.,.,     33,     25,      0,      0,      0,      0,      0,      0,      0,      0,      0,      0,      0,      0,      0,      0,    56.9,    73.9,    75.1,    89.1,    46.1,    60.1,    60.5,    68.5,    56.9,    73.9,    75.1,    89.1,    46.1,    60.1,    60.5,    68.5,     0.0,     0.0,     0.0,     0.0,     0.0,     0.0,     0.0,     0.0,(1 MW per peak hour),0643AZ,IFED,064 ,N16,FutOnly
MISO INDIANA HUB RT PEAK - ICE FUTURES ENERGY DIV,260908,2026-09-08,0643B3,IFED,01,064 ,   41223,   21583,   22550,    5970,    1436,    3141,    6144,    5096,       0,      25,    3988,    3573,   40436,   39784,     787,    1439,   41223,   21583,   22550,    5970,    1436,    3141,    6144,    5096,       0,      25,    3988,    3573,   40436,   39784,     787,    1439,       0,       0,       0,       0,       0,       0,       0,       0,       0,       0,       0,       0,       0,       0,       0,       0,    -598,   -3594,    -839,    3495,    -202,    -584,      15,     -25,     -20,       0,      24,       0,    -688,   -1646,      90,    1048,  100.0,   52.4,   54.7,   14.5,    3.5,    7.6,   14.9,   12.4,    0.0,    0.1,    9.7,    8.7,   98.1,   96.5,    1.9,    3.5,  100.0,   52.4,   54.7,   14.5,    3.5,    7.6,   14.9,   12.4,    0.0,    0.1,    9.7,    8.7,   98.1,   96.5,    1.9,    3.5,  100.0,    0.0,    0.0,    0.0,    0.0,    0.0,    0.0,    0.0,    0.0,    0.0,    0.0,    0.0,    0.0,    0.0,    0.0,    0.0,     37,     16,     19,.,.,      4,      6,.,      0,.,.,.,     28,     29,     37,     16,     19,.,.,      4,      6,.,      0,.,.,.,     28,     29,      0,      0,      0,      0,      0,      0,      0,      0,      0,      0,      0,      0,      0,      0,    51.6,    51.9,    74.4,    72.3,    39.2,    41.2,    54.6,    57.4,    51.6,    51.9,    74.4,    72.3,    39.2,    41.2,    54.6,    57.4,     0.0,     0.0,     0.0,     0.0,     0.0,     0.0,     0.0,     0.0,(Contracts of 800 MWh),0643B3,IFED,064 ,N16,FutOnly
PJM N. IL HUB DA OFF-PK  - ICE FUTURES ENERGY DIV,260908,2026-09-08,0643BC,IFED,01,064 ,   22087,   14878,   14811,    2832,    4501,     552,     600,     900,     480,    2260,     234,       0,   21602,   21478,     485,     609,   22087,   14878,   14811,    2832,    4501,     552,     600,     900,     480,    2260,     234,       0,   21602,   21478,     485,     609,       0,       0,       0,       0,       0,       0,       0,       0,       0,       0,       0,       0,       0,       0,       0,       0,   -2146,   -1613,   -1701,     -93,    -475,     -37,       0,     -40,       0,    -740,       0,       0,   -2483,   -2253,     337,     107,  100.0,   67.4,   67.1,   12.8,   20.4,    2.5,    2.7,    4.1,    2.2,   10.2,    1.1,    0.0,   97.8,   97.2,    2.2,    2.8,  100.0,   67.4,   67.1,   12.8,   20.4,    2.5,    2.7,    4.1,    2.2,   10.2,    1.1,    0.0,   97.8,   97.2,    2.2,    2.8,  100.0,    0.0,    0.0,    0.0,    0.0,    0.0,    0.0,    0.0,    0.0,    0.0,    0.0,    0.0,    0.0,    0.0,    0.0,    0.0,     32,     15,     10,.,      6,.,.,.,.,.,.,      0,     22,     21,     32,     15,     10,.,      6,.,.,.,.,.,.,      0,     22,     21,      0,      0,      0,      0,      0,      0,      0,      0,      0,      0,      0,      0,      0,      0,    51.2,    73.0,    73.5,    87.0,    51.2,    70.5,    70.9,    81.5,    51.2,    73.0,    73.5,    87.0,    51.2,    70.5,    70.9,    81.5,     0.0,     0.0,     0.0,     0.0,     0.0,     0.0,     0.0,     0.0,(1 MW per off-peak hour),0643BC,IFED,064 ,N16,FutOnly
PJM N. IL HUB DA PEAK - ICE FUTURES ENERGY DIV,260908,2026-09-08,0643BE,IFED,01,064 ,   21419,   14689,   16059,    2596,    3297,     641,     600,     405,     245,    2200,     265,      35,   21006,   20947,     413,     472,   21419,   14689,   16059,    2596,    3297,     641,     600,     405,     245,    2200,     265,      35,   21006,   20947,     413,     472,       0,       0,       0,       0,       0,       0,       0,       0,       0,       0,       0,       0,       0,       0,       0,       0,   -2356,   -1570,   -1735,     -49,    -298,     -39,       0,    -100,       0,    -886,    -135,       0,   -2544,   -2307,     188,     -49,  100.0,   68.6,   75.0,   12.1,   15.4,    3.0,    2.8,    1.9,    1.1,   10.3,    1.2,    0.2,   98.1,   97.8,    1.9,    2.2,  100.0,   68.6,   75.0,   12.1,   15.4,    3.0,    2.8,    1.9,    1.1,   10.3,    1.2,    0.2,   98.1,   97.8,    1.9,    2.2,  100.0,    0.0,    0.0,    0.0,    0.0,    0.0,    0.0,    0.0,    0.0,    0.0,    0.0,    0.0,    0.0,    0.0,    0.0,    0.0,     35,     19,     11,.,      6,      4,.,.,.,.,.,.,     27,     23,     35,     19,     11,.,      6,      4,.,.,.,.,.,.,     27,     23,      0,      0,      0,      0,      0,      0,      0,      0,      0,      0,      0,      0,      0,      0,    49.9,    72.3,    70.1,    85.7,    49.7,    70.3,    69.2,    79.6,    49.9,    72.3,    70.1,    85.7,    49.7,    70.3,    69.2,    79.6,     0.0,     0.0,     0.0,     0.0,     0.0,     0.0,     0.0,     0.0,(1 MW per peak hour),0643BE,IFED,064 ,N16,FutOnly
ISO NE MASS HUB DA OFF-PK FIXD - ICE FUTURES ENERGY DIV,260908,2026-09-08,0643BF,IFED,01,064 ,   60663,   43276,   44398,    6323,    5655,    2001,    1083,    5655,     527,    6013,    1193,    1033,   60256,   60462,     407,     201,   60663,   43276,   44398,    6323,    5655,    2001,    1083,    5655,     527,    6013,    1193,    1033,   60256,   60462,     407,     201,       0,       0,       0,       0,       0,       0,       0,       0,       0,       0,       0,       0,       0,       0,       0,       0,   -2993,   -2989,   -1531,    -919,    -458,     197,     149,   -1198,     248,     403,    -238,    -138,   -3049,   -3118,      56,     125,  100.0,   71.3,   73.2,   10.4,    9.3,    3.3,    1.8,    9.3,    0.9,    9.9,    2.0,    1.7,   99.3,   99.7,    0.7,    0.3,  100.0,   71.3,   73.2,   10.4,    9.3,    3.3,    1.8,    9.3,    0.9,    9.9,    2.0,    1.7,   99.3,   99.7,    0.7,    0.3,  100.0,    0.0,    0.0,    0.0,    0.0,    0.0,    0.0,    0.0,    0.0,    0.0,    0.0,    0.0,    0.0,    0.0,    0.0,    0.0,     48,     19,     16,      5,.,      5,.,.,      4,      5,      5,      5,     37,     35,     48,     19,     16,      5,.,      5,.,.,      4,      5,      5,      5,     37,     35,      0,      0,      0,      0,      0,      0,      0,      0,      0,      0,      0,      0,      0,      0,    44.4,    69.8,    66.7,    81.4,    43.9,    68.9,    65.7,    77.9,    44.4,    69.8,    66.7,    81.4,    43.9,    68.9,    65.7,    77.9,     0.0,     0.0,     0.0,     0.0,     0.0,     0.0,     0.0,     0.0,(1 MW per Hour for about 368 Hours),0643BF,IFED,064 ,N16,FutOnly
ISO NE MASS HUB DA PEAK - ICE FUTURES ENERGY DIV,260908,2026-09-08,0643BG,IFED,01,064 ,   84967,   61800,   57666,    7472,    5236,    1527,     951,   13230,    3272,    7498,    1776,    1941,   84461,   84648,     506,     319,   84967,   61800,   57666,    7472,    5236,    1527,     951,   13230,    3272,    7498,    1776,    1941,   84461,   84648,     506,     319,       0,       0,       0,       0,       0,       0,       0,       0,       0,       0,       0,       0,       0,       0,       0,       0,   -6229,   -5744,   -3457,    -701,    -173,    -256,      17,   -2017,     389,     430,    -537,    -176,   -6041,   -6227,    -188,      -2,  100.0,   72.7,   67.9,    8.8,    6.2,    1.8,    1.1,   15.6,    3.9,    8.8,    2.1,    2.3,   99.4,   99.6,    0.6,    0.4,  100.0,   72.7,   67.9,    8.8,    6.2,    1.8,    1.1,   15.6,    3.9,    8.8,    2.1,    2.3,   99.4,   99.6,    0.6,    0.4,  100.0,    0.0,    0.0,    0.0,    0.0,    0.0,    0.0,    0.0,    0.0,    0.0,    0.0,    0.0,    0.0,    0.0,    0.0,    0.0,     67,     20,     19,      6,      4,      5,.,     11,      4,      8,      8,     11,     48,     51,     67,     20,     19,      6,      4,      5,.,     11,      4,      8,      8,     11,     48,     51,      0,      0,      0,      0,      0,      0,      0,      0,      0,      0,      0,      0,      0,      0,    47.8,    60.6,    66.6,    75.6,    47.8,    57.7,    64.8,    70.7,    47.8,    60.6,    66.6,    75.6,    47.8,    57.7,    64.8,    70.7,     0.0,     0.0,     0.0,     0.0,     0.0,     0.0,     0.0,     0.0,(Contracts of 800MWh),0643BG,IFED,064 ,N16,FutOnly
CAISO NP-15 PEAK - ICE FUTURES ENERGY DIV,260908,2026-09-08,0643BM,IFED,01,064 ,   44115,   24490,   29085,   10992,       0,    1944,     590,    2744,    2501,    2239,    6614,    1174,   43930,   44062,     185,      53,   44115,   24490,   29085,   10992,       0,    1944,     590,    2744,    2501,    2239,    6614,    1174,   43930,   44062,     185,      53,       0,       0,       0,       0,       0,       0,       0,       0,       0,       0,       0,       0,       0,       0,       0,       0,   -2431,   -1597,   -2047,    -965,      -7,     -35,    -180,    -652,      10,     481,     437,    -127,   -2413,   -2421,     -18,     -10,  100.0,   55.5,   65.9,   24.9,    0.0,    4.4,    1.3,    6.2,    5.7,    5.1,   15.0,    2.7,   99.6,   99.9,    0.4,    0.1,  100.0,   55.5,   65.9,   24.9,    0.0,    4.4,    1.3,    6.2,    5.7,    5.1,   15.0,    2.7,   99.6,   99.9,    0.4,    0.1,  100.0,    0.0,    0.0,    0.0,    0.0,    0.0,    0.0,    0.0,    0.0,    0.0,    0.0,    0.0,    0.0,    0.0,    0.0,    0.0,     45,     21,     15,      7,      0,.,.,.,.,      4,.,      4,     39,     25,     45,     21,     15,      7,      0,.,.,.,.,      4,.,      4,     39,     25,      0,      0,      0,      0,      0,      0,      0,      0,      0,      0,      0,      0,      0,      0,    49.3,    68.7,    72.0,    88.1,    49.1,    66.5,    65.9,    79.0,    49.3,    68.7,    72.0,    88.1,    49.1,    66.5,    65.9,    79.0,     0.0,     0.0,     0.0,     0.0,     0.0,     0.0,     0.0,     0.0,(Contracts of 400MWh),0643BM,IFED,064 ,N16,FutOnly
CAISO NP-15 DA OFF-PK FIXED - ICE FUTURES ENERGY DIV,260908,2026-09-08,0643BR,IFED,01,064 ,   45797,   19874,   30413,   16917,     425,     129,     259,    7509,     919,    6937,    5823,     499,   45534,   45717,     263,      80,   45797,   19874,   30413,   16917,     425,     129,     259,    7509,     919,    6937,    5823,     499,   45534,   45717,     263,      80,       0,       0,       0,       0,       0,       0,       0,       0,       0,       0,       0,       0,       0,       0,       0,       0,   -3904,   -2657,   -1971,    -827,     -25,       0,    -204,   -1592,    -228,      24,    -108,      20,   -3872,   -3904,     -32,       0,  100.0,   43.4,   66.4,   36.9,    0.9,    0.3,    0.6,   16.4,    2.0,   15.1,   12.7,    1.1,   99.4,   99.8,    0.6,    0.2,  100.0,   43.4,   66.4,   36.9,    0.9,    0.3,    0.6,   16.4,    2.0,   15.1,   12.7,    1.1,   99.4,   99.8,    0.6,    0.2,  100.0,    0.0,    0.0,    0.0,    0.0,    0.0,    0.0,    0.0,    0.0,    0.0,    0.0,    0.0,    0.0,    0.0,    0.0,    0.0,     36,     17,     14,      5,.,.,.,.,.,      5,.,.,     30,     22,     36,     17,     14,      5,.,.,.,.,.,      5,.,.,     30,     22,      0,      0,      0,      0,      0,      0,      0,      0,      0,      0,      0,      0,      0,      0,    56.4,    82.1,    77.7,    94.1,    56.0,    80.0,    74.7,    90.8,    56.4,    82.1,    77.7,    94.1,    56.0,    80.0,    74.7,    90.8,     0.0,     0.0,     0.0,     0.0,     0.0,     0.0,     0.0,     0.0,(1 MW per Hour for about 386 Hours),0643BR,IFED,064 ,N16,FutOnly
PJM NI HUB RT OFF-PK FIXED - ICE FUTURES ENERGY DIV,260908,2026-09-08,0643BS,IFED,01,064 ,   84584,   19455,   66978,     903,   11226,    1831,   57708,       0,    3479,     170,       0,     300,   83846,   83814,     738,     770,   84584,   19455,   66978,     903,   11226,    1831,   57708,       0,    3479,     170,       0,     300,   83846,   83814,     738,     770,       0,       0,       0,       0,       0,       0,       0,       0,       0,       0,       0,       0,       0,       0,       0,       0,   -2523,    -901,   -2248,    -548,     387,     -29,    -852,       0,    -159,      70,    -334,     -85,   -2504,   -2468,     -19,     -55,  100.0,   23.0,   79.2,    1.1,   13.3,    2.2,   68.2,    0.0,    4.1,    0.2,    0.0,    0.4,   99.1,   99.1,    0.9,    0.9,  100.0,   23.0,   79.2,    1.1,   13.3,    2.2,   68.2,    0.0,    4.1,    0.2,    0.0,    0.4,   99.1,   99.1,    0.9,    0.9,  100.0,    0.0,    0.0,    0.0,    0.0,    0.0,    0.0,    0.0,    0.0,    0.0,    0.0,    0.0,    0.0,    0.0,    0.0,    0.0,     34,     17,     15,.,      5,      5,      4,      0,.,.,      0,.,     29,     23,     34,     17,     15,.,      5,      5,      4,      0,.,.,      0,.,     29,     23,      0,      0,      0,      0,      0,      0,      0,      0,      0,      0,      0,      0,      0,      0,    78.1,    75.4,    88.4,    85.7,    74.0,    73.9,    81.7,    79.8,    78.1,    75.4,    88.4,    85.7,    74.0,    73.9,    81.7,    79.8,     0.0,     0.0,     0.0,     0.0,     0.0,     0.0,     0.0,     0.0,(1 MW per Hour for about 386 Hours),0643BS,IFED,064 ,N16,FutOnly
PJM N. IL HUB RT PEAK - ICE FUTURES ENERGY DIV,260908,2026-09-08,0643BT,IFED,01,064 ,   64375,   34611,   51566,    2527,   10091,    1629,   23691,       0,     804,     322,       0,      30,   63614,   64120,     761,     255,   64375,   34611,   51566,    2527,   10091,    1629,   23691,       0,     804,     322,       0,      30,   63614,   64120,     761,     255,       0,       0,       0,       0,       0,       0,       0,       0,       0,       0,       0,       0,       0,       0,       0,       0,   -2897,   -1835,   -2347,    -751,    -242,     140,      88,       0,    -233,    -316,    -158,      26,   -2881,   -2814,     -16,     -83,  100.0,   53.8,   80.1,    3.9,   15.7,    2.5,   36.8,    0.0,    1.2,    0.5,    0.0,    0.0,   98.8,   99.6,    1.2,    0.4,  100.0,   53.8,   80.1,    3.9,   15.7,    2.5,   36.8,    0.0,    1.2,    0.5,    0.0,    0.0,   98.8,   99.6,    1.2,    0.4,  100.0,    0.0,    0.0,    0.0,    0.0,    0.0,    0.0,    0.0,    0.0,    0.0,    0.0,    0.0,    0.0,    0.0,    0.0,    0.0,     32,     20,     15,.,      5,      5,.,      0,.,.,      0,.,     30,     24,     32,     20,     15,.,      5,      5,.,      0,.,.,      0,.,     30,     24,      0,      0,      0,      0,      0,      0,      0,      0,      0,      0,      0,      0,      0,      0,    63.3,    69.2,    81.3,    84.8,    56.7,    67.4,    71.5,    74.4,    63.3,    69.2,    81.3,    84.8,    56.7,    67.4,    71.5,    74.4,     0.0,     0.0,     0.0,     0.0,     0.0,     0.0,     0.0,     0.0,(Contracts of 800 MWh),0643BT,IFED,064 ,N16,FutOnly
NYISO ZONE J DA PEAK - ICE FUTURES ENERGY DIV,260908,2026-09-08,0643BW,IFED,01,064 ,   10003,    4802,    6662,    1494,     950,     546,       0,    1636,      45,    2727,       0,       0,    9614,    9839,     389,     164,   10003,    4802,    6662,    1494,     950,     546,       0,    1636,      45,    2727,       0,       0,    9614,    9839,     389,     164,       0,       0,       0,       0,       0,       0,       0,       0,       0,       0,       0,       0,       0,       0,       0,       0,    -784,    -457,    -551,     -96,     -18,     -28,       0,    -155,       0,    -219,       0,     -40,    -840,    -792,      56,       8,  100.0,   48.0,   66.6,   14.9,    9.5,    5.5,    0.0,   16.4,    0.4,   27.3,    0.0,    0.0,   96.1,   98.4,    3.9,    1.6,  100.0,   48.0,   66.6,   14.9,    9.5,    5.5,    0.0,   16.4,    0.4,   27.3,    0.0,    0.0,   96.1,   98.4,    3.9,    1.6,  100.0,    0.0,    0.0,    0.0,    0.0,    0.0,    0.0,    0.0,    0.0,    0.0,    0.0,    0.0,    0.0,    0.0,    0.0,    0.0,     24,     10,      8,.,.,      4,      0,.,.,.,      0,      0,     20,     14,     24,     10,      8,.,.,      4,      0,.,.,.,      0,      0,     20,     14,      0,      0,      0,      0,      0,      0,      0,      0,      0,      0,      0,      0,      0,      0,    52.6,    65.0,    75.2,    87.8,    51.0,    61.9,    71.3,    81.1,    52.6,    65.0,    75.2,    87.8,    51.0,    61.9,    71.3,    81.1,     0.0,     0.0,     0.0,     0.0,     0.0,     0.0,     0.0,     0.0,(Contracts of 800MWh),0643BW,IFED,064 ,N16,FutOnly
NYISO ZONE J DA OFF-PK FIXED - ICE FUTURES ENERGY DIV,260908,2026-09-08,0643BX,IFED,01,064 ,    8356,    3633,    5806,    1091,     630,     425,     100,    1270,      15,    2425,       0,       0,    7689,    8146,     667,     210,    8356,    3633,    5806,    1091,     630,     425,     100,    1270,      15,    2425,       0,       0,    7689,    8146,     667,     210,       0,       0,       0,       0,       0,       0,       0,       0,       0,       0,       0,       0,       0,       0,       0,       0,    -542,    -256,    -442,    -144,     -33,     -37,      40,       0,     -10,    -172,       0,     -30,    -609,    -552,      67,      10,  100.0,   43.5,   69.5,   13.1,    7.5,    5.1,    1.2,   15.2,    0.2,   29.0,    0.0,    0.0,   92.0,   97.5,    8.0,    2.5,  100.0,   43.5,   69.5,   13.1,    7.5,    5.1,    1.2,   15.2,    0.2,   29.0,    0.0,    0.0,   92.0,   97.5,    8.0,    2.5,  100.0,    0.0,    0.0,    0.0,    0.0,    0.0,    0.0,    0.0,    0.0,    0.0,    0.0,    0.0,    0.0,    0.0,    0.0,    0.0,     20,      7,      7,.,.,      4,.,.,.,.,      0,      0,     16,     13,     20,      7,      7,.,.,      4,.,.,.,.,      0,      0,     16,     13,      0,      0,      0,      0,      0,      0,      0,      0,      0,      0,      0,      0,      0,      0,    56.4,    66.0,    78.3,    87.0,    56.4,    62.4,    73.6,    80.2,    56.4,    66.0,    78.3,    87.0,    56.4,    62.4,    73.6,    80.2,     0.0,     0.0,     0.0,     0.0,     0.0,     0.0,     0.0,     0.0,(1 MW for about 368 Hours),0643BX,IFED,064 ,N16,FutOnly
NYISO ZONE A DA PEAK - ICE FUTURES ENERGY DIV,260908,2026-09-08,0643BY,IFED,01,064 ,   32251,   28068,   24528,     307,    2632,    1735,     363,     620,     614,     155,    1124,     180,   31422,   31433,     829,     818,   32251,   28068,   24528,     307,    2632,    1735,     363,     620,     614,     155,    1124,     180,   31422,   31433,     829,     818,       0,       0,       0,       0,       0,       0,       0,       0,       0,       0,       0,       0,       0,       0,       0,       0,   -1919,   -1714,    -946,      64,    -525,    -176,    -115,    -434,       0,       0,    -133,       0,   -1941,   -2214,      22,     295,  100.0,   87.0,   76.1,    1.0,    8.2,    5.4,    1.1,    1.9,    1.9,    0.5,    3.5,    0.6,   97.4,   97.5,    2.6,    2.5,  100.0,   87.0,   76.1,    1.0,    8.2,    5.4,    1.1,    1.9,    1.9,    0.5,    3.5,    0.6,   97.4,   97.5,    2.6,    2.5,  100.0,    0.0,    0.0,    0.0,    0.0,    0.0,    0.0,    0.0,    0.0,    0.0,    0.0,    0.0,    0.0,    0.0,    0.0,    0.0,     36,     16,     16,.,      4,      6,.,.,.,.,.,.,     30,     27,     36,     16,     16,.,      4,      6,.,.,.,.,.,.,     30,     27,      0,      0,      0,      0,      0,      0,      0,      0,      0,      0,      0,      0,      0,      0,    67.3,    66.9,    81.4,    82.7,    65.7,    60.1,    73.8,    72.4,    67.3,    66.9,    81.4,    82.7,    65.7,    60.1,    73.8,    72.4,     0.0,     0.0,     0.0,     0.0,     0.0,     0.0,     0.0,     0.0,(Contracts of 800MWh),0643BY,IFED,064 ,N16,FutOnly
NYISO ZONE A DA OFF-PK FIX PR - ICE FUTURES ENERGY DIV,260908,2026-09-08,0643BZ,IFED,01,064 ,   32614,   27006,   24715,     684,    4424,    1324,    1944,     300,     520,       0,     714,     344,   31822,   32341,     792,     273,   32614,   27006,   24715,     684,    4424,    1324,    1944,     300,     520,       0,     714,     344,   31822,   32341,     792,     273,       0,       0,       0,       0,       0,       0,       0,       0,       0,       0,       0,       0,       0,       0,       0,       0,   -1618,   -1594,    -980,     -49,    -328,     -35,     110,     -15,    -116,       0,    -104,       0,   -1684,   -1578,      66,     -40,  100.0,   82.8,   75.8,    2.1,   13.6,    4.1,    6.0,    0.9,    1.6,    0.0,    2.2,    1.1,   97.6,   99.2,    2.4,    0.8,  100.0,   82.8,   75.8,    2.1,   13.6,    4.1,    6.0,    0.9,    1.6,    0.0,    2.2,    1.1,   97.6,   99.2,    2.4,    0.8,  100.0,    0.0,    0.0,    0.0,    0.0,    0.0,    0.0,    0.0,    0.0,    0.0,    0.0,    0.0,    0.0,    0.0,    0.0,    0.0,     36,     16,     14,      4,      4,      4,      4,.,.,      0,.,.,     28,     24,     36,     16,     14,      4,      4,      4,      4,.,.,      0,.,.,     28,     24,      0,      0,      0,      0,      0,      0,      0,      0,      0,      0,      0,      0,      0,      0,    64.5,    69.2,    77.6,    83.9,    59.3,    67.1,    67.9,    74.2,    64.5,    69.2,    77.6,    83.9,    59.3,    67.1,    67.9,    74.2,     0.0,     0.0,     0.0,     0.0,     0.0,     0.0,     0.0,     0.0,(1MW for about 368 Hours),0643BZ,IFED,064 ,N16,FutOnly
NYISO ZONE G DA PEAK - ICE FUTURES ENERGY DIV,260908,2026-09-08,0643C3,IFED,01,064 ,   23594,   18385,   11503,     502,    4263,    1897,     555,    2713,     841,     278,    1633,     578,   23036,   23428,     558,     166,   23594,   18385,   11503,     502,    4263,    1897,     555,    2713,     841,     278,    1633,     578,   23036,   23428,     558,     166,       0,       0,       0,       0,       0,       0,       0,       0,       0,       0,       0,       0,       0,       0,       0,       0,   -2211,   -1200,    -814,     -66,    -397,    -182,    -664,    -500,    -178,      15,    -191,     -25,   -2300,   -2287,      89,      76,  100.0,   77.9,   48.8,    2.1,   18.1,    8.0,    2.4,   11.5,    3.6,    1.2,    6.9,    2.4,   97.6,   99.3,    2.4,    0.7,  100.0,   77.9,   48.8,    2.1,   18.1,    8.0,    2.4,   11.5,    3.6,    1.2,    6.9,    2.4,   97.6,   99.3,    2.4,    0.7,  100.0,    0.0,    0.0,    0.0,    0.0,    0.0,    0.0,    0.0,    0.0,    0.0,    0.0,    0.0,    0.0,    0.0,    0.0,    0.0,     45,     19,     16,.,      6,      6,.,.,      4,.,      7,.,     33,     36,     45,     19,     16,.,      6,      6,.,.,      4,.,      7,.,     33,     36,      0,      0,      0,      0,      0,      0,      0,      0,      0,      0,      0,      0,      0,      0,    46.6,    49.0,    66.9,    68.1,    45.6,    44.1,    58.7,    59.2,    46.6,    49.0,    66.9,    68.1,    45.6,    44.1,    58.7,    59.2,     0.0,     0.0,     0.0,     0.0,     0.0,     0.0,     0.0,     0.0,(Contracts of 800MWh),0643C3,IFED,064 ,N16,FutOnly
NYISO ZONE G DA OFF-PK - ICE FUTURES ENERGY DIV,260908,2026-09-08,0643C4,IFED,01,064 ,   20641,   15818,   10438,     696,    2630,    2214,     120,    2897,     450,       0,     795,     728,   20026,   20152,     615,     489,   20641,   15818,   10438,     696,    2630,    2214,     120,    2897,     450,       0,     795,     728,   20026,   20152,     615,     489,       0,       0,       0,       0,       0,       0,       0,       0,       0,       0,       0,       0,       0,       0,       0,       0,   -1148,    -839,    -656,      44,    -160,    -132,    -124,    -324,     -30,       0,     142,     -81,   -1162,   -1241,      14,      93,  100.0,   76.6,   50.6,    3.4,   12.7,   10.7,    0.6,   14.0,    2.2,    0.0,    3.9,    3.5,   97.0,   97.6,    3.0,    2.4,  100.0,   76.6,   50.6,    3.4,   12.7,   10.7,    0.6,   14.0,    2.2,    0.0,    3.9,    3.5,   97.0,   97.6,    3.0,    2.4,  100.0,    0.0,    0.0,    0.0,    0.0,    0.0,    0.0,    0.0,    0.0,    0.0,    0.0,    0.0,    0.0,    0.0,    0.0,    0.0,     37,     16,     14,.,      5,      6,.,.,.,      0,      6,.,     27,     30,     37,     16,     14,.,      5,      6,.,.,.,      0,      6,.,     27,     30,      0,      0,      0,      0,      0,      0,      0,      0,      0,      0,      0,      0,      0,      0,    46.2,    50.6,    66.7,    68.4,    45.8,    44.8,    59.6,    57.5,    46.2,    50.6,    66.7,    68.4,    45.8,    44.8,    59.6,    57.5,     0.0,     0.0,     0.0,     0.0,     0.0,     0.0,     0.0,     0.0,(1MW for about 368 Hours),0643C4,IFED,064 ,N16,FutOnly
PALO VERDE DA PEAK - ICE FUTURES ENERGY DIV,260908,2026-09-08,0643CB,IFED,01,064 ,   22834,   10545,   14862,    6943,    3100,    3418,       0,     157,    1090,     684,      70,      55,   22735,   22752,      99,      82,   22834,   10545,   14862,    6943,    3100,    3418,       0,     157,    1090,     684,      70,      55,   22735,   22752,      99,      82,       0,       0,       0,       0,       0,       0,       0,       0,       0,       0,       0,       0,       0,       0,       0,       0,      67,       8,      67,       0,       0,       0,       0,       0,       0,      64,       0,       0,      72,      67,      -5,       0,  100.0,   46.2,   65.1,   30.4,   13.6,   15.0,    0.0,    0.7,    4.8,    3.0,    0.3,    0.2,   99.6,   99.6,    0.4,    0.4,  100.0,   46.2,   65.1,   30.4,   13.6,   15.0,    0.0,    0.7,    4.8,    3.0,    0.3,    0.2,   99.6,   99.6,    0.4,    0.4,  100.0,    0.0,    0.0,    0.0,    0.0,    0.0,    0.0,    0.0,    0.0,    0.0,    0.0,    0.0,    0.0,    0.0,    0.0,    0.0,     36,     18,     18,      5,.,.,      0,.,.,.,.,.,     29,     25,     36,     18,     18,      5,.,.,      0,.,.,.,.,.,     29,     25,      0,      0,      0,      0,      0,      0,      0,      0,      0,      0,      0,      0,      0,      0,    52.7,    63.2,    72.1,    80.5,    39.4,    48.7,    53.4,    60.2,    52.7,    63.2,    72.1,    80.5,    39.4,    48.7,    53.4,    60.2,     0.0,     0.0,     0.0,     0.0,     0.0,     0.0,     0.0,     0.0,(Contracts of 400MWh),0643CB,IFED,064 ,N16,FutOnly
PALO VERDE DA OFF-PK FiXED PR - ICE FUTURES ENERGY DIV,260908,2026-09-08,0643CC,IFED,01,064 ,   18109,    5243,   11492,    6650,    4117,     601,    4005,     172,     940,     176,     180,     385,   18000,   17887,     109,     222,   18109,    5243,   11492,    6650,    4117,     601,    4005,     172,     940,     176,     180,     385,   18000,   17887,     109,     222,       0,       0,       0,       0,       0,       0,       0,       0,       0,       0,       0,       0,       0,       0,       0,       0,      92,    -244,     131,       0,       0,       0,       0,       0,       0,     136,    -209,     170,      62,      92,      30,       0,  100.0,   29.0,   63.5,   36.7,   22.7,    3.3,   22.1,    0.9,    5.2,    1.0,    1.0,    2.1,   99.4,   98.8,    0.6,    1.2,  100.0,   29.0,   63.5,   36.7,   22.7,    3.3,   22.1,    0.9,    5.2,    1.0,    1.0,    2.1,   99.4,   98.8,    0.6,    1.2,  100.0,    0.0,    0.0,    0.0,    0.0,    0.0,    0.0,    0.0,    0.0,    0.0,    0.0,    0.0,    0.0,    0.0,    0.0,    0.0,     35,     14,     18,.,.,      5,.,.,.,.,.,.,     24,     29,     35,     14,     18,.,.,      5,.,.,.,.,.,.,     24,     29,      0,      0,      0,      0,      0,      0,      0,      0,      0,      0,      0,      0,      0,      0,    65.3,    55.1,    82.5,    71.0,    58.9,    51.7,    73.2,    64.6,    65.3,    55.1,    82.5,    71.0,    58.9,    51.7,    73.2,    64.6,     0.0,     0.0,     0.0,     0.0,     0.0,     0.0,     0.0,     0.0,(1 MW for about 368 Hours),0643CC,IFED,064 ,N16,FutOnly
PJM WESTERN HUB DA OFF-PK - ICE FUTURES ENERGY DIV,260908,2026-09-08,0643DB,IFED,01,064 ,  116423,   88494,   96839,    3276,    5719,    4540,    3536,    1250,     716,   13273,    4446,    1956,  115791,  115466,     632,     957,  116423,   88494,   96839,    3276,    5719,    4540,    3536,    1250,     716,   13273,    4446,    1956,  115791,  115466,     632,     957,       0,       0,       0,       0,       0,       0,       0,       0,       0,       0,       0,       0,       0,       0,       0,       0,   -6338,   -3724,   -3504,      45,     108,    -678,    -633,     -30,    -320,   -1136,   -1705,    -164,   -6610,   -6293,     272,     -45,  100.0,   76.0,   83.2,    2.8,    4.9,    3.9,    3.0,    1.1,    0.6,   11.4,    3.8,    1.7,   99.5,   99.2,    0.5,    0.8,  100.0,   76.0,   83.2,    2.8,    4.9,    3.9,    3.0,    1.1,    0.6,   11.4,    3.8,    1.7,   99.5,   99.2,    0.5,    0.8,  100.0,    0.0,    0.0,    0.0,    0.0,    0.0,    0.0,    0.0,    0.0,    0.0,    0.0,    0.0,    0.0,    0.0,    0.0,    0.0,     66,     31,     23,      6,      5,      9,      5,      4,.,      7,      6,.,     56,     44,     66,     31,     23,      6,      5,      9,      5,      4,.,      7,      6,.,     56,     44,      0,      0,      0,      0,      0,      0,      0,      0,      0,      0,      0,      0,      0,      0,    41.9,    66.0,    60.9,    81.5,    36.9,    65.6,    55.6,    74.9,    41.9,    66.0,    60.9,    81.5,    36.9,    65.6,    55.6,    74.9,     0.0,     0.0,     0.0,     0.0,     0.0,     0.0,     0.0,     0.0,(1 MW per off-peak hour),0643DB,IFED,064 ,N16,FutOnly
PJM WESTERN HUB DA PEAK - ICE FUTURES ENERGY DIV,260908,2026-09-08,0643DC,IFED,01,064 ,  124083,   90162,  103183,    4965,    3790,    4834,    2799,    1140,    1320,   17881,    7360,    1757,  123718,  123384,     365,     699,  124083,   90162,  103183,    4965,    3790,    4834,    2799,    1140,    1320,   17881,    7360,    1757,  123718,  123384,     365,     699,       0,       0,       0,       0,       0,       0,       0,       0,       0,       0,       0,       0,       0,       0,       0,       0,  -10383,   -6492,   -5357,    -176,    -292,   -1067,     946,    -462,   -1095,   -2263,   -1943,    -206,  -10353,  -10422,     -30,      39,  100.0,   72.7,   83.2,    4.0,    3.1,    3.9,    2.3,    0.9,    1.1,   14.4,    5.9,    1.4,   99.7,   99.4,    0.3,    0.6,  100.0,   72.7,   83.2,    4.0,    3.1,    3.9,    2.3,    0.9,    1.1,   14.4,    5.9,    1.4,   99.7,   99.4,    0.3,    0.6,  100.0,    0.0,    0.0,    0.0,    0.0,    0.0,    0.0,    0.0,    0.0,    0.0,    0.0,    0.0,    0.0,    0.0,    0.0,    0.0,     75,     28,     23,      8,      5,      9,      7,.,.,     12,      7,      4,     61,     45,     75,     28,     23,      8,      5,      9,      7,.,.,     12,      7,      4,     61,     45,      0,      0,      0,      0,      0,      0,      0,      0,      0,      0,      0,      0,      0,      0,    38.4,    66.1,    58.0,    80.3,    35.4,    65.5,    54.5,    75.7,    38.4,    66.1,    58.0,    80.3,    35.4,    65.5,    54.5,    75.7,     0.0,     0.0,     0.0,     0.0,     0.0,     0.0,     0.0,     0.0,(Contracts of about 352 MWh),0643DC,IFED,064 ,N16,FutOnly
PJM WESTERN HUB RT PEAK MINI - ICE FUTURES ENERGY DIV,260908,2026-09-08,0643DF,IFED,01,064 ,  378171,  187235,  155108,   17222,   43262,   18544,   63327,    7053,   44455,   22963,   85585,   23096,  376842,  377103,    1329,    1068,  378171,  187235,  155108,   17222,   43262,   18544,   63327,    7053,   44455,   22963,   85585,   23096,  376842,  377103,    1329,    1068,       0,       0,       0,       0,       0,       0,       0,       0,       0,       0,       0,       0,       0,       0,       0,       0,  -14268,  -10233,   -2426,    1985,   -6591,   -1497,    -777,     -94,   -3930,     405,     471,    -147,  -14194,  -14214,     -74,     -54,  100.0,   49.5,   41.0,    4.6,   11.4,    4.9,   16.7,    1.9,   11.8,    6.1,   22.6,    6.1,   99.6,   99.7,    0.4,    0.3,  100.0,   49.5,   41.0,    4.6,   11.4,    4.9,   16.7,    1.9,   11.8,    6.1,   22.6,    6.1,   99.6,   99.7,    0.4,    0.3,  100.0,    0.0,    0.0,    0.0,    0.0,    0.0,    0.0,    0.0,    0.0,    0.0,    0.0,    0.0,    0.0,    0.0,    0.0,    0.0,    129,     42,     37,.,      9,      9,     36,      5,     20,     15,     18,     23,    121,     96,    129,     42,     37,.,      9,      9,     36,      5,     20,     15,     18,     23,    121,     96,      0,      0,      0,      0,      0,      0,      0,      0,      0,      0,      0,      0,      0,      0,    20.7,    34.3,    35.2,    50.8,    18.8,    29.5,    29.9,    42.9,    20.7,    34.3,    35.2,    50.8,    18.8,    29.5,    29.9,    42.9,     0.0,     0.0,     0.0,     0.0,     0.0,     0.0,     0.0,     0.0,(1 MW per peak hour),0643DF,IFED,064 ,N16,FutOnly
PJM WEST HUB REAL TIME PK MINI - ICE FUTURES ENERGY DIV,260908,2026-09-08,0643IA,IFED,01,064 ,    4830,    2050,    1355,       0,     200,     105,     150,     730,     770,     765,     790,     530,    4370,    4480,     460,     350,    4830,    2050,    1355,       0,     200,     105,     150,     730,     770,     765,     790,     530,    4370,    4480,     460,     350,       0,       0,       0,       0,       0,       0,       0,       0,       0,       0,       0,       0,       0,       0,       0,       0,   -1730,    -620,     165,     -50,    -195,      40,      41,   -1230,      45,    -525,     -55,    -480,   -1549,   -1710,    -181,     -20,  100.0,   42.4,   28.1,    0.0,    4.1,    2.2,    3.1,   15.1,   15.9,   15.8,   16.4,   11.0,   90.5,   92.8,    9.5,    7.2,  100.0,   42.4,   28.1,    0.0,    4.1,    2.2,    3.1,   15.1,   15.9,   15.8,   16.4,   11.0,   90.5,   92.8,    9.5,    7.2,  100.0,    0.0,    0.0,    0.0,    0.0,    0.0,    0.0,    0.0,    0.0,    0.0,    0.0,    0.0,    0.0,    0.0,    0.0,    0.0,     31,      9,      7,      0,      4,.,.,.,.,      5,      5,      6,     25,     22,     31,      9,      7,      0,      4,.,.,.,.,      5,      5,      6,     25,     22,      0,      0,      0,      0,      0,      0,      0,      0,      0,      0,      0,      0,      0,      0,    46.6,    56.6,    68.4,    74.3,    30.1,    39.6,    41.2,    46.6,    46.6,    56.6,    68.4,    74.3,    30.1,    39.6,    41.2,    46.6,     0.0,     0.0,     0.0,     0.0,     0.0,     0.0,     0.0,     0.0,16 MWh,0643IA,IFED,064 ,N16,FutOnly
ERCOT N 345KV REAL T PK DALY M - ICE FUTURES ENERGY DIV,260908,2026-09-08,0643IB,IFED,01,064 ,   16460,    6440,    5820,     960,    1590,     565,    2900,    1155,    2055,    1780,    3245,    1185,   15885,   15615,     575,     845,   16460,    6440,    5820,     960,    1590,     565,    2900,    1155,    2055,    1780,    3245,    1185,   15885,   15615,     575,     845,       0,       0,       0,       0,       0,       0,       0,       0,       0,       0,       0,       0,       0,       0,       0,       0,   -1505,     -25,   -1610,    -160,     760,     205,   -1230,    -595,     430,    -500,    -555,    -195,   -1475,   -1560,     -30,      55,  100.0,   39.1,   35.4,    5.8,    9.7,    3.4,   17.6,    7.0,   12.5,   10.8,   19.7,    7.2,   96.5,   94.9,    3.5,    5.1,  100.0,   39.1,   35.4,    5.8,    9.7,    3.4,   17.6,    7.0,   12.5,   10.8,   19.7,    7.2,   96.5,   94.9,    3.5,    5.1,  100.0,    0.0,    0.0,    0.0,    0.0,    0.0,    0.0,    0.0,    0.0,    0.0,    0.0,    0.0,    0.0,    0.0,    0.0,    0.0,     64,     31,     20,.,.,      4,      6,      5,      4,      4,     12,      9,     55,     45,     64,     31,     20,.,.,      4,      6,      5,      4,      4,     12,      9,     55,     45,      0,      0,      0,      0,      0,      0,      0,      0,      0,      0,      0,      0,      0,      0,    45.3,    28.0,    61.3,    45.1,    32.6,    20.0,    45.1,    31.6,    45.3,    28.0,    61.3,    45.1,    32.6,    20.0,    45.1,    31.6,     0.0,     0.0,     0.0,     0.0,     0.0,     0.0,     0.0,     0.0,(240 MW = 15 Hours X 16 MWh),0643IB,IFED,064 ,N16,FutOnly
ERCOT N 345KV REAL T PK 2x16 - ICE FUTURES ENERGY DIV,260908,2026-09-08,0643ID,IFED,01,064 ,  136767,   94931,   97910,    9711,   12125,    7857,    7811,    2699,     762,   10745,   10631,    2184,  134001,  134168,    2766,    2599,  136767,   94931,   97910,    9711,   12125,    7857,    7811,    2699,     762,   10745,   10631,    2184,  134001,  134168,    2766,    2599,       0,       0,       0,       0,       0,       0,       0,       0,       0,       0,       0,       0,       0,       0,       0,       0,    2022,      81,   -1470,     116,    -190,     144,      40,       0,       0,    -300,    1837,    -450,    -369,    -129,    2391,    2151,  100.0,   69.4,   71.6,    7.1,    8.9,    5.7,    5.7,    2.0,    0.6,    7.9,    7.8,    1.6,   98.0,   98.1,    2.0,    1.9,  100.0,   69.4,   71.6,    7.1,    8.9,    5.7,    5.7,    2.0,    0.6,    7.9,    7.8,    1.6,   98.0,   98.1,    2.0,    1.9,  100.0,    0.0,    0.0,    0.0,    0.0,    0.0,    0.0,    0.0,    0.0,    0.0,    0.0,    0.0,    0.0,    0.0,    0.0,    0.0,     61,     32,     27,.,.,      5,      5,.,      5,      5,      6,      8,     53,     49,     61,     32,     27,.,.,      5,      5,.,      5,      5,      6,      8,     53,     49,      0,      0,      0,      0,      0,      0,      0,      0,      0,      0,      0,      0,      0,      0,    44.0,    35.4,    62.9,    58.8,    38.4,    27.0,    54.3,    43.3,    44.0,    35.4,    62.9,    58.8,    38.4,    27.0,    54.3,    43.3,     0.0,     0.0,     0.0,     0.0,     0.0,     0.0,     0.0,     0.0,(1MW for about 352 Hours),0643ID,IFED,064 ,N16,FutOnly
ERCOT North 345KV Hub RT 7x8 - ICE FUTURES ENERGY DIV,260908,2026-09-08,0643IK,IFED,01,064 ,  274676,  101802,  207111,    4343,   34996,    9196,  125608,    1423,   10190,   12846,    3902,    7179,  271164,  273997,    3512,     679,  274676,  101802,  207111,    4343,   34996,    9196,  125608,    1423,   10190,   12846,    3902,    7179,  271164,  273997,    3512,     679,       0,       0,       0,       0,       0,       0,       0,       0,       0,       0,       0,       0,       0,       0,       0,       0,    1437,   -1547,    1641,     100,     -77,      47,     454,    -150,    -411,     -18,    -388,     220,   -1155,     882,    2592,     555,  100.0,   37.1,   75.4,    1.6,   12.7,    3.3,   45.7,    0.5,    3.7,    4.7,    1.4,    2.6,   98.7,   99.8,    1.3,    0.2,  100.0,   37.1,   75.4,    1.6,   12.7,    3.3,   45.7,    0.5,    3.7,    4.7,    1.4,    2.6,   98.7,   99.8,    1.3,    0.2,  100.0,    0.0,    0.0,    0.0,    0.0,    0.0,    0.0,    0.0,    0.0,    0.0,    0.0,    0.0,    0.0,    0.0,    0.0,    0.0,     67,     26,     29,.,      5,      5,      7,      4,      8,      8,      7,     11,     55,     56,     67,     26,     29,.,      5,      5,      7,      4,      8,      8,      7,     11,     55,     56,      0,      0,      0,      0,      0,      0,      0,      0,      0,      0,      0,      0,      0,      0,    58.0,    48.4,    70.3,    68.7,    52.0,    46.5,    60.1,    61.7,    58.0,    48.4,    70.3,    68.7,    52.0,    46.5,    60.1,    61.7,     0.0,     0.0,     0.0,     0.0,     0.0,     0.0,     0.0,     0.0,(1MW for about 352 Hours),0643IK,IFED,064 ,N16,FutOnly
ERCOT Houston 345KV Hub RT 7x8 - ICE FUTURES ENERGY DIV,260908,2026-09-08,0643IL,IFED,01,064 ,   15370,   13170,   10720,    2050,    4380,       0,       0,       0,       0,     125,       0,       0,   15345,   15100,      25,     270,   15370,   13170,   10720,    2050,    4380,       0,       0,       0,       0,     125,       0,       0,   15345,   15100,      25,     270,       0,       0,       0,       0,       0,       0,       0,       0,       0,       0,       0,       0,       0,       0,       0,       0,       0,     -25,    -150,       0,       0,       0,       0,       0,       0,       0,       0,       0,     -25,    -150,      25,     150,  100.0,   85.7,   69.7,   13.3,   28.5,    0.0,    0.0,    0.0,    0.0,    0.8,    0.0,    0.0,   99.8,   98.2,    0.2,    1.8,  100.0,   85.7,   69.7,   13.3,   28.5,    0.0,    0.0,    0.0,    0.0,    0.8,    0.0,    0.0,   99.8,   98.2,    0.2,    1.8,  100.0,    0.0,    0.0,    0.0,    0.0,    0.0,    0.0,    0.0,    0.0,    0.0,    0.0,    0.0,    0.0,    0.0,    0.0,    0.0,     21,     10,      8,.,.,      0,      0,      0,      0,.,      0,      0,     14,     10,     21,     10,      8,.,.,      0,      0,      0,      0,.,      0,      0,     14,     10,      0,      0,      0,      0,      0,      0,      0,      0,      0,      0,      0,      0,      0,      0,    79.8,    56.1,    95.3,    90.6,    75.0,    56.1,    90.4,    90.1,    79.8,    56.1,    95.3,    90.6,    75.0,    56.1,    90.4,    90.1,     0.0,     0.0,     0.0,     0.0,     0.0,     0.0,     0.0,     0.0,(1MW for about 352 Hours),0643IL,IFED,064 ,N16,FutOnly
ISONE.H.INTERNAL_HUB_mo_on_dap - NODAL EXCHANGE,260908,2026-09-08,064AAA,NODX,01,064 ,   79295,   55278,   54596,       0,   11262,     418,     950,    1220,     170,   11643,     705,     215,   68674,   68586,   10621,   10709,   79295,   55278,   54596,       0,   11262,     418,     950,    1220,     170,   11643,     705,     215,   68674,   68586,   10621,   10709,       0,       0,       0,       0,       0,       0,       0,       0,       0,       0,       0,       0,       0,       0,       0,       0,   -4200,   -2756,   -2991,       0,    -503,     -54,    -195,    -170,       0,    -666,      55,     -80,   -3751,   -3743,    -449,    -457,  100.0,   69.7,   68.9,    0.0,   14.2,    0.5,    1.2,    1.5,    0.2,   14.7,    0.9,    0.3,   86.6,   86.5,   13.4,   13.5,  100.0,   69.7,   68.9,    0.0,   14.2,    0.5,    1.2,    1.5,    0.2,   14.7,    0.9,    0.3,   86.6,   86.5,   13.4,   13.5,  100.0,    0.0,    0.0,    0.0,    0.0,    0.0,    0.0,    0.0,    0.0,    0.0,    0.0,    0.0,    0.0,    0.0,    0.0,    0.0,     32,     17,     17,      0,      6,      4,.,.,.,.,.,.,     26,     26,     32,     17,     17,      0,      6,      4,.,.,.,.,.,.,     26,     26,      0,      0,      0,      0,      0,      0,      0,      0,      0,      0,      0,      0,      0,      0,    66.8,    49.0,    78.8,    64.4,    65.0,    43.0,    71.4,    55.4,    66.8,    49.0,    78.8,    64.4,    65.0,    43.0,    71.4,    55.4,     0.0,     0.0,     0.0,     0.0,     0.0,     0.0,     0.0,     0.0,(Contracts of 400 MWh),064AAA,NODX,064 ,N16,FutOnly
ISONE.H.INTERNAL_HB_mo_off_dap - NODAL EXCHANGE,260908,2026-09-08,064AAB,NODX,01,064 ,   74651,   51845,   50232,       0,   11064,     947,     835,    1615,     170,   11451,     923,     120,   65368,   65071,    9283,    9580,   74651,   51845,   50232,       0,   11064,     947,     835,    1615,     170,   11451,     923,     120,   65368,   65071,    9283,    9580,       0,       0,       0,       0,       0,       0,       0,       0,       0,       0,       0,       0,       0,       0,       0,       0,   -3391,   -2266,   -1979,       0,    -913,    -136,    -145,      15,     -25,    -446,      35,     -60,   -3078,   -3063,    -313,    -328,  100.0,   69.4,   67.3,    0.0,   14.8,    1.3,    1.1,    2.2,    0.2,   15.3,    1.2,    0.2,   87.6,   87.2,   12.4,   12.8,  100.0,   69.4,   67.3,    0.0,   14.8,    1.3,    1.1,    2.2,    0.2,   15.3,    1.2,    0.2,   87.6,   87.2,   12.4,   12.8,  100.0,    0.0,    0.0,    0.0,    0.0,    0.0,    0.0,    0.0,    0.0,    0.0,    0.0,    0.0,    0.0,    0.0,    0.0,    0.0,     32,     17,     17,      0,      6,      4,.,.,.,.,.,.,     26,     26,     32,     17,     17,      0,      6,      4,.,.,.,.,.,.,     26,     26,      0,      0,      0,      0,      0,      0,      0,      0,      0,      0,      0,      0,      0,      0,    66.2,    46.1,    79.0,    62.1,    63.7,    43.6,    71.5,    54.3,    66.2,    46.1,    79.0,    62.1,    63.7,    43.6,    71.5,    54.3,     0.0,     0.0,     0.0,     0.0,     0.0,     0.0,     0.0,     0.0,(Contracts of 400 MWh),064AAB,NODX,064 ,N16,FutOnly
MISO.INDIANA.HUB_month_on_dap - NODAL EXCHANGE,260908,2026-09-08,064BFI,NODX,01,064 ,   20897,   13082,   13751,    3235,     946,     455,     125,     613,     180,       0,     770,     855,   17932,   17570,    2965,    3327,   20897,   13082,   13751,    3235,     946,     455,     125,     613,     180,       0,     770,     855,   17932,   17570,    2965,    3327,       0,       0,       0,       0,       0,       0,       0,       0,       0,       0,       0,       0,       0,       0,       0,       0,     360,     440,      50,      20,      75,      10,       0,       0,       0,       0,     275,       0,     470,     410,    -110,     -50,  100.0,   62.6,   65.8,   15.5,    4.5,    2.2,    0.6,    2.9,    0.9,    0.0,    3.7,    4.1,   85.8,   84.1,   14.2,   15.9,  100.0,   62.6,   65.8,   15.5,    4.5,    2.2,    0.6,    2.9,    0.9,    0.0,    3.7,    4.1,   85.8,   84.1,   14.2,   15.9,  100.0,    0.0,    0.0,    0.0,    0.0,    0.0,    0.0,    0.0,    0.0,    0.0,    0.0,    0.0,    0.0,    0.0,    0.0,    0.0,     28,     15,     16,.,.,.,.,.,.,      0,.,.,     20,     23,     28,     15,     16,.,.,.,.,.,.,      0,.,.,     20,     23,      0,      0,      0,      0,      0,      0,      0,      0,      0,      0,      0,      0,      0,      0,    48.1,    56.1,    69.7,    71.1,    44.1,    47.2,    57.7,    58.3,    48.1,    56.1,    69.7,    71.1,    44.1,    47.2,    57.7,    58.3,     0.0,     0.0,     0.0,     0.0,     0.0,     0.0,     0.0,     0.0,Megawatt Hours (MWh),064BFI,NODX,064 ,N16,FutOnly
MISO.INDIANA.HUB_month_off_dap - NODAL EXCHANGE,260908,2026-09-08,064BFJ,NODX,01,064 ,   21583,   13753,   14150,    2261,     550,     989,     125,     865,     180,       0,     432,    1255,   18563,   18421,    3020,    3162,   21583,   13753,   14150,    2261,     550,     989,     125,     865,     180,       0,     432,    1255,   18563,   18421,    3020,    3162,       0,       0,       0,       0,       0,       0,       0,       0,       0,       0,       0,       0,       0,       0,       0,       0,     390,     480,      81,      11,      75,      49,       0,       0,       0,       0,     275,       0,     540,     480,    -150,     -90,  100.0,   63.7,   65.6,   10.5,    2.5,    4.6,    0.6,    4.0,    0.8,    0.0,    2.0,    5.8,   86.0,   85.3,   14.0,   14.7,  100.0,   63.7,   65.6,   10.5,    2.5,    4.6,    0.6,    4.0,    0.8,    0.0,    2.0,    5.8,   86.0,   85.3,   14.0,   14.7,  100.0,    0.0,    0.0,    0.0,    0.0,    0.0,    0.0,    0.0,    0.0,    0.0,    0.0,    0.0,    0.0,    0.0,    0.0,    0.0,     27,     13,     15,.,      4,      4,.,.,.,      0,.,.,     20,     23,     27,     13,     15,.,      4,      4,.,.,.,      0,.,.,     20,     23,      0,      0,      0,      0,      0,      0,      0,      0,      0,      0,      0,      0,      0,      0,    48.4,    54.4,    69.2,    71.4,    45.0,    46.5,    54.2,    54.8,    48.4,    54.4,    69.2,    71.4,    45.0,    46.5,    54.2,    54.8,     0.0,     0.0,     0.0,     0.0,     0.0,     0.0,     0.0,     0.0,Megawatt Hours (MWh),064BFJ,NODX,064 ,N16,FutOnly
NYISO.CENTRL_month_on_dap - NODAL EXCHANGE,260908,2026-09-08,064CTQ,NODX,01,064 ,   35208,   15634,   32528,    6099,    1095,     780,      50,      20,     100,   11202,       0,       0,   33865,   34523,    1343,     685,   35208,   15634,   32528,    6099,    1095,     780,      50,      20,     100,   11202,       0,       0,   33865,   34523,    1343,     685,       0,       0,       0,       0,       0,       0,       0,       0,       0,       0,       0,       0,       0,       0,       0,       0,   -1695,    -695,   -1515,    -685,    -160,      -5,      -5,      20,     -20,    -208,       0,       0,   -1618,   -1680,     -77,     -15,  100.0,   44.4,   92.4,   17.3,    3.1,    2.2,    0.1,    0.1,    0.3,   31.8,    0.0,    0.0,   96.2,   98.1,    3.8,    1.9,  100.0,   44.4,   92.4,   17.3,    3.1,    2.2,    0.1,    0.1,    0.3,   31.8,    0.0,    0.0,   96.2,   98.1,    3.8,    1.9,  100.0,    0.0,    0.0,    0.0,    0.0,    0.0,    0.0,    0.0,    0.0,    0.0,    0.0,    0.0,    0.0,    0.0,    0.0,    0.0,     24,     12,.,      4,.,      4,.,.,.,.,      0,      0,     20,      9,     24,     12,.,      4,.,      4,.,.,.,.,      0,      0,     20,      9,      0,      0,      0,      0,      0,      0,      0,      0,      0,      0,      0,      0,      0,      0,    70.3,    95.8,    84.1,    98.0,    69.8,    95.5,    83.5,    95.6,    70.3,    95.8,    84.1,    98.0,    69.8,    95.5,    83.5,    95.6,     0.0,     0.0,     0.0,     0.0,     0.0,     0.0,     0.0,     0.0,Megawatt Hours (MWh),064CTQ,NODX,064 ,N16,FutOnly
NYISO.CENTRL_month_off_dap - NODAL EXCHANGE,260908,2026-09-08,064CTR,NODX,01,064 ,   32278,   13769,   31058,    6779,     335,     295,      50,      20,     100,    9925,       0,       0,   30918,   31808,    1360,     470,   32278,   13769,   31058,    6779,     335,     295,      50,      20,     100,    9925,       0,       0,   30918,   31808,    1360,     470,       0,       0,       0,       0,       0,       0,       0,       0,       0,       0,       0,       0,       0,       0,       0,       0,   -1590,    -665,   -1495,    -665,     -80,       0,      -5,      20,     -20,    -160,       0,       0,   -1515,   -1575,     -75,     -15,  100.0,   42.7,   96.2,   21.0,    1.0,    0.9,    0.2,    0.1,    0.3,   30.7,    0.0,    0.0,   95.8,   98.5,    4.2,    1.5,  100.0,   42.7,   96.2,   21.0,    1.0,    0.9,    0.2,    0.1,    0.3,   30.7,    0.0,    0.0,   95.8,   98.5,    4.2,    1.5,  100.0,    0.0,    0.0,    0.0,    0.0,    0.0,    0.0,    0.0,    0.0,    0.0,    0.0,    0.0,    0.0,    0.0,    0.0,    0.0,     24,     13,      5,      4,.,      4,.,.,.,.,      0,      0,     22,     10,     24,     13,      5,      4,.,      4,.,.,.,.,      0,      0,     22,     10,      0,      0,      0,      0,      0,      0,      0,      0,      0,      0,      0,      0,      0,      0,    71.6,    96.6,    86.8,    98.4,    71.0,    96.0,    86.2,    96.1,    71.6,    96.6,    86.8,    98.4,    71.0,    96.0,    86.2,    96.1,     0.0,     0.0,     0.0,     0.0,     0.0,     0.0,     0.0,     0.0,Megawatt Hours (MWh),064CTR,NODX,064 ,N16,FutOnly
NYISO.HUD VL_month_on_dap - NODAL EXCHANGE,260908,2026-09-08,064CXO,NODX,01,064 ,   36160,   24351,   10548,    1370,   10182,    2130,     740,    1280,     880,     300,    4776,     390,   30161,   30186,    5999,    5974,   36160,   24351,   10548,    1370,   10182,    2130,     740,    1280,     880,     300,    4776,     390,   30161,   30186,    5999,    5974,       0,       0,       0,       0,       0,       0,       0,       0,       0,       0,       0,       0,       0,       0,       0,       0,   -1925,   -1277,    -251,     -95,    -713,     -20,     -35,      70,     -70,     -75,    -545,       4,   -1568,   -1525,    -357,    -400,  100.0,   67.3,   29.2,    3.8,   28.2,    5.9,    2.0,    3.5,    2.4,    0.8,   13.2,    1.1,   83.4,   83.5,   16.6,   16.5,  100.0,   67.3,   29.2,    3.8,   28.2,    5.9,    2.0,    3.5,    2.4,    0.8,   13.2,    1.1,   83.4,   83.5,   16.6,   16.5,  100.0,    0.0,    0.0,    0.0,    0.0,    0.0,    0.0,    0.0,    0.0,    0.0,    0.0,    0.0,    0.0,    0.0,    0.0,    0.0,     32,     17,     11,.,      4,      6,.,.,.,.,.,.,     28,     23,     32,     17,     11,.,      4,      6,.,.,.,.,.,.,     28,     23,      0,      0,      0,      0,      0,      0,      0,      0,      0,      0,      0,      0,      0,      0,    34.2,    42.1,    55.4,    61.2,    33.2,    38.3,    51.1,    53.7,    34.2,    42.1,    55.4,    61.2,    33.2,    38.3,    51.1,    53.7,     0.0,     0.0,     0.0,     0.0,     0.0,     0.0,     0.0,     0.0,Megawatt Hours (MWh),064CXO,NODX,064 ,N16,FutOnly
NYISO.HUD VL_month_off_dap - NODAL EXCHANGE,260908,2026-09-08,064CXP,NODX,01,064 ,   34988,   23863,   10750,    1175,    9598,    1761,     900,     815,    1020,     300,    5160,     370,   29389,   29474,    5599,    5514,   34988,   23863,   10750,    1175,    9598,    1761,     900,     815,    1020,     300,    5160,     370,   29389,   29474,    5599,    5514,       0,       0,       0,       0,       0,       0,       0,       0,       0,       0,       0,       0,       0,       0,       0,       0,   -1830,   -1669,     -30,      30,    -890,     -18,     -60,    -110,       0,       0,    -641,     -42,   -1759,   -1731,     -71,     -99,  100.0,   68.2,   30.7,    3.4,   27.4,    5.0,    2.6,    2.3,    2.9,    0.9,   14.7,    1.1,   84.0,   84.2,   16.0,   15.8,  100.0,   68.2,   30.7,    3.4,   27.4,    5.0,    2.6,    2.3,    2.9,    0.9,   14.7,    1.1,   84.0,   84.2,   16.0,   15.8,  100.0,    0.0,    0.0,    0.0,    0.0,    0.0,    0.0,    0.0,    0.0,    0.0,    0.0,    0.0,    0.0,    0.0,    0.0,    0.0,     32,     17,     13,.,      4,      6,.,.,.,.,.,.,     27,     25,     32,     17,     13,.,      4,      6,.,.,.,.,.,.,     27,     25,      0,      0,      0,      0,      0,      0,      0,      0,      0,      0,      0,      0,      0,      0,    33.4,    44.4,    53.7,    64.3,    32.5,    40.5,    48.9,    55.3,    33.4,    44.4,    53.7,    64.3,    32.5,    40.5,    48.9,    55.3,     0.0,     0.0,     0.0,     0.0,     0.0,     0.0,     0.0,     0.0,Megawatt Hours (MWh),064CXP,NODX,064 ,N16,FutOnly
NYISO.N.Y.C._month_on_dap - NODAL EXCHANGE,260908,2026-09-08,064CZS,NODX,01,064 ,   28913,   16418,   23584,    6261,      70,    1070,       0,     300,       0,    1106,     300,     444,   25299,   25768,    3614,    3145,   28913,   16418,   23584,    6261,      70,    1070,       0,     300,       0,    1106,     300,     444,   25299,   25768,    3614,    3145,       0,       0,       0,       0,       0,       0,       0,       0,       0,       0,       0,       0,       0,       0,       0,       0,   -1366,    -701,    -716,    -137,      70,    -260,       0,       0,       0,     131,     -84,    -156,   -1123,   -1146,    -243,    -220,  100.0,   56.8,   81.6,   21.7,    0.2,    3.7,    0.0,    1.0,    0.0,    3.8,    1.0,    1.5,   87.5,   89.1,   12.5,   10.9,  100.0,   56.8,   81.6,   21.7,    0.2,    3.7,    0.0,    1.0,    0.0,    3.8,    1.0,    1.5,   87.5,   89.1,   12.5,   10.9,  100.0,    0.0,    0.0,    0.0,    0.0,    0.0,    0.0,    0.0,    0.0,    0.0,    0.0,    0.0,    0.0,    0.0,    0.0,    0.0,     27,     12,     14,      4,.,.,      0,.,      0,.,.,.,     19,     20,     27,     12,     14,      4,.,.,      0,.,      0,.,.,.,     19,     20,      0,      0,      0,      0,      0,      0,      0,      0,      0,      0,      0,      0,      0,      0,    57.0,    56.1,    74.5,    79.8,    57.0,    56.1,    71.9,    77.9,    57.0,    56.1,    74.5,    79.8,    57.0,    56.1,    71.9,    77.9,     0.0,     0.0,     0.0,     0.0,     0.0,     0.0,     0.0,     0.0,Megawatt Hours (MWh),064CZS,NODX,064 ,N16,FutOnly
NYISO.N.Y.C._month_off_dap - NODAL EXCHANGE,260908,2026-09-08,064CZT,NODX,01,064 ,   28473,   15730,   23409,    6636,       0,    1015,       0,     300,       0,     986,     300,     319,   24686,   25343,    3787,    3130,   28473,   15730,   23409,    6636,       0,    1015,       0,     300,       0,     986,     300,     319,   24686,   25343,    3787,    3130,       0,       0,       0,       0,       0,       0,       0,       0,       0,       0,       0,       0,       0,       0,       0,       0,   -1161,    -476,    -581,    -237,       0,    -185,       0,       0,       0,      11,    -129,     -36,    -923,    -931,    -238,    -230,  100.0,   55.2,   82.2,   23.3,    0.0,    3.6,    0.0,    1.1,    0.0,    3.5,    1.1,    1.1,   86.7,   89.0,   13.3,   11.0,  100.0,   55.2,   82.2,   23.3,    0.0,    3.6,    0.0,    1.1,    0.0,    3.5,    1.1,    1.1,   86.7,   89.0,   13.3,   11.0,  100.0,    0.0,    0.0,    0.0,    0.0,    0.0,    0.0,    0.0,    0.0,    0.0,    0.0,    0.0,    0.0,    0.0,    0.0,    0.0,     26,     10,     13,      5,      0,.,      0,.,      0,.,.,.,     17,     19,     26,     10,     13,      5,      0,.,      0,.,      0,.,.,.,     17,     19,      0,      0,      0,      0,      0,      0,      0,      0,      0,      0,      0,      0,      0,      0,    57.1,    55.7,    75.3,    80.2,    57.1,    55.1,    72.7,    78.8,    57.1,    55.7,    75.3,    80.2,    57.1,    55.1,    72.7,    78.8,     0.0,     0.0,     0.0,     0.0,     0.0,     0.0,     0.0,     0.0,Megawatt Hours (MWh),064CZT,NODX,064 ,N16,FutOnly
NYISO.WEST_month_on_dap - NODAL EXCHANGE,260908,2026-09-08,064DEU,NODX,01,064 ,   35169,   27938,   22794,    3293,    5219,     868,       0,      50,       0,      50,    3437,     563,   32712,   32931,    2457,    2238,   35169,   27938,   22794,    3293,    5219,     868,       0,      50,       0,      50,    3437,     563,   32712,   32931,    2457,    2238,       0,       0,       0,       0,       0,       0,       0,       0,       0,       0,       0,       0,       0,       0,       0,       0,   -1262,   -1086,    -486,     218,    -345,    -338,       0,       0,       0,    -100,      93,       7,   -1299,   -1069,      37,    -193,  100.0,   79.4,   64.8,    9.4,   14.8,    2.5,    0.0,    0.1,    0.0,    0.1,    9.8,    1.6,   93.0,   93.6,    7.0,    6.4,  100.0,   79.4,   64.8,    9.4,   14.8,    2.5,    0.0,    0.1,    0.0,    0.1,    9.8,    1.6,   93.0,   93.6,    7.0,    6.4,  100.0,    0.0,    0.0,    0.0,    0.0,    0.0,    0.0,    0.0,    0.0,    0.0,    0.0,    0.0,    0.0,    0.0,    0.0,    0.0,     29,     14,     14,      4,.,      5,      0,.,      0,.,.,.,     22,     22,     29,     14,     14,      4,.,      5,      0,.,      0,.,.,.,     22,     22,      0,      0,      0,      0,      0,      0,      0,      0,      0,      0,      0,      0,      0,      0,    71.2,    51.7,    81.6,    78.8,    64.2,    47.3,    73.3,    72.6,    71.2,    51.7,    81.6,    78.8,    64.2,    47.3,    73.3,    72.6,     0.0,     0.0,     0.0,     0.0,     0.0,     0.0,     0.0,     0.0,Megawatt Hours (MWh),064DEU,NODX,064 ,N16,FutOnly
NYISO.WEST_month_off_dap - NODAL EXCHANGE,260908,2026-09-08,064DEV,NODX,01,064 ,   35152,   27256,   22589,    3800,    6229,     520,       0,     325,       0,      50,    2421,     879,   32505,   32963,    2647,    2189,   35152,   27256,   22589,    3800,    6229,     520,       0,     325,       0,      50,    2421,     879,   32505,   32963,    2647,    2189,       0,       0,       0,       0,       0,       0,       0,       0,       0,       0,       0,       0,       0,       0,       0,       0,   -1467,   -1172,    -856,    -332,    -445,      12,       0,     -30,       0,    -100,      22,      78,   -1514,   -1219,      47,    -248,  100.0,   77.5,   64.3,   10.8,   17.7,    1.5,    0.0,    0.9,    0.0,    0.1,    6.9,    2.5,   92.5,   93.8,    7.5,    6.2,  100.0,   77.5,   64.3,   10.8,   17.7,    1.5,    0.0,    0.9,    0.0,    0.1,    6.9,    2.5,   92.5,   93.8,    7.5,    6.2,  100.0,    0.0,    0.0,    0.0,    0.0,    0.0,    0.0,    0.0,    0.0,    0.0,    0.0,    0.0,    0.0,    0.0,    0.0,    0.0,     26,     11,     13,.,.,      5,      0,.,      0,.,.,.,     18,     23,     26,     11,     13,.,.,      5,      0,.,      0,.,.,.,     18,     23,      0,      0,      0,      0,      0,      0,      0,      0,      0,      0,      0,      0,      0,      0,    75.1,    54.3,    86.9,    78.6,    69.1,    50.9,    78.3,    70.9,    75.1,    54.3,    86.9,    78.6,    69.1,    50.9,    78.3,    70.9,     0.0,     0.0,     0.0,     0.0,     0.0,     0.0,     0.0,     0.0,Megawatt Hours (MWh),064DEV,NODX,064 ,N16,FutOnly
PJM.AEP_month_on_dap - NODAL EXCHANGE,260908,2026-09-08,064DLQ,NODX,01,064 ,   27376,   16790,   20875,    6747,     330,     370,    1485,       0,       0,     471,    4526,     380,   26243,   26481,    1133,     895,   27376,   16790,   20875,    6747,     330,     370,    1485,       0,       0,     471,    4526,     380,   26243,   26481,    1133,     895,       0,       0,       0,       0,       0,       0,       0,       0,       0,       0,       0,       0,       0,       0,       0,       0,   -1890,   -1440,   -1276,    -368,     -65,       0,     -85,       0,       0,     -15,    -539,       0,   -1908,   -1880,      18,     -10,  100.0,   61.3,   76.3,   24.6,    1.2,    1.4,    5.4,    0.0,    0.0,    1.7,   16.5,    1.4,   95.9,   96.7,    4.1,    3.3,  100.0,   61.3,   76.3,   24.6,    1.2,    1.4,    5.4,    0.0,    0.0,    1.7,   16.5,    1.4,   95.9,   96.7,    4.1,    3.3,  100.0,    0.0,    0.0,    0.0,    0.0,    0.0,    0.0,    0.0,    0.0,    0.0,    0.0,    0.0,    0.0,    0.0,    0.0,    0.0,     22,     11,.,      4,.,.,.,      0,      0,.,.,.,     19,      6,     22,     11,.,      4,.,.,.,      0,      0,.,.,.,     19,      6,      0,      0,      0,      0,      0,      0,      0,      0,      0,      0,      0,      0,      0,      0,    63.9,    94.0,    79.9,    96.7,    63.9,    92.5,    79.9,    93.9,    63.9,    94.0,    79.9,    96.7,    63.9,    92.5,    79.9,    93.9,     0.0,     0.0,     0.0,     0.0,     0.0,     0.0,     0.0,     0.0,Megawatt Hours (MWh),064DLQ,NODX,064 ,N16,FutOnly
PJM.AEP_month_off_dap - NODAL EXCHANGE,260908,2026-09-08,064DLR,NODX,01,064 ,   27341,   16815,   20840,    6707,     330,     370,    1485,       0,       0,     471,    4526,     380,   26228,   26446,    1113,     895,   27341,   16815,   20840,    6707,     330,     370,    1485,       0,       0,     471,    4526,     380,   26228,   26446,    1113,     895,       0,       0,       0,       0,       0,       0,       0,       0,       0,       0,       0,       0,       0,       0,       0,       0,   -1890,   -1440,   -1276,    -373,     -65,       0,     -85,       0,       0,     -15,    -539,       0,   -1913,   -1880,      23,     -10,  100.0,   61.5,   76.2,   24.5,    1.2,    1.4,    5.4,    0.0,    0.0,    1.7,   16.6,    1.4,   95.9,   96.7,    4.1,    3.3,  100.0,   61.5,   76.2,   24.5,    1.2,    1.4,    5.4,    0.0,    0.0,    1.7,   16.6,    1.4,   95.9,   96.7,    4.1,    3.3,  100.0,    0.0,    0.0,    0.0,    0.0,    0.0,    0.0,    0.0,    0.0,    0.0,    0.0,    0.0,    0.0,    0.0,    0.0,    0.0,     22,     11,.,      4,.,.,.,      0,      0,.,.,.,     19,      6,     22,     11,.,      4,.,.,.,      0,      0,.,.,.,     19,      6,      0,      0,      0,      0,      0,      0,      0,      0,      0,      0,      0,      0,      0,      0,    64.0,    94.0,    79.9,    96.7,    64.0,    92.4,    79.9,    93.8,    64.0,    94.0,    79.9,    96.7,    64.0,    92.4,    79.9,    93.8,     0.0,     0.0,     0.0,     0.0,     0.0,     0.0,     0.0,     0.0,Megawatt Hours (MWh),064DLR,NODX,064 ,N16,FutOnly
PJM.AEP-DAYTON HUB_mo_on_dap - NODAL EXCHANGE,260908,2026-09-08,064DLW,NODX,01,064 ,   99344,   42076,   42829,    4376,   24457,    2436,    5489,    5360,     120,   23527,    2417,     990,   79014,   78609,   20330,   20735,   99344,   42076,   42829,    4376,   24457,    2436,    5489,    5360,     120,   23527,    2417,     990,   79014,   78609,   20330,   20735,       0,       0,       0,       0,       0,       0,       0,       0,       0,       0,       0,       0,       0,       0,       0,       0,   -8103,   -3577,   -3933,    -645,   -2070,     -15,    -366,    -277,       0,   -1915,    -243,      50,   -6468,   -6488,   -1635,   -1615,  100.0,   42.4,   43.1,    4.4,   24.6,    2.5,    5.5,    5.4,    0.1,   23.7,    2.4,    1.0,   79.5,   79.1,   20.5,   20.9,  100.0,   42.4,   43.1,    4.4,   24.6,    2.5,    5.5,    5.4,    0.1,   23.7,    2.4,    1.0,   79.5,   79.1,   20.5,   20.9,  100.0,    0.0,    0.0,    0.0,    0.0,    0.0,    0.0,    0.0,    0.0,    0.0,    0.0,    0.0,    0.0,    0.0,    0.0,    0.0,     45,     17,     21,.,      6,      5,.,.,.,      7,.,.,     33,     35,     45,     17,     21,.,      6,      5,.,.,.,      7,.,.,     33,     35,      0,      0,      0,      0,      0,      0,      0,      0,      0,      0,      0,      0,      0,      0,    48.0,    35.4,    65.3,    55.6,    45.9,    33.7,    57.8,    51.2,    48.0,    35.4,    65.3,    55.6,    45.9,    33.7,    57.8,    51.2,     0.0,     0.0,     0.0,     0.0,     0.0,     0.0,     0.0,     0.0,Megawatt Hours (MWh),064DLW,NODX,064 ,N16,FutOnly
PJM.AEP-DAYTON HUB_mo_off_dap - NODAL EXCHANGE,260908,2026-09-08,064DLX,NODX,01,064 ,   96500,   40065,   46093,    4246,   21682,    2596,    4949,    2630,     240,   23922,    2417,     940,   76958,   76598,   19542,   19902,   96500,   40065,   46093,    4246,   21682,    2596,    4949,    2630,     240,   23922,    2417,     940,   76958,   76598,   19542,   19902,       0,       0,       0,       0,       0,       0,       0,       0,       0,       0,       0,       0,       0,       0,       0,       0,   -7285,   -2950,   -3643,    -520,   -1530,    -160,    -206,    -215,       0,   -1990,    -233,       0,   -5826,   -5781,   -1459,   -1504,  100.0,   41.5,   47.8,    4.4,   22.5,    2.7,    5.1,    2.7,    0.2,   24.8,    2.5,    1.0,   79.7,   79.4,   20.3,   20.6,  100.0,   41.5,   47.8,    4.4,   22.5,    2.7,    5.1,    2.7,    0.2,   24.8,    2.5,    1.0,   79.7,   79.4,   20.3,   20.6,  100.0,    0.0,    0.0,    0.0,    0.0,    0.0,    0.0,    0.0,    0.0,    0.0,    0.0,    0.0,    0.0,    0.0,    0.0,    0.0,     43,     15,     22,.,      6,      5,.,.,.,      6,.,.,     30,     35,     43,     15,     22,.,      6,      5,.,.,.,      6,.,.,     30,     35,      0,      0,      0,      0,      0,      0,      0,      0,      0,      0,      0,      0,      0,      0,    49.3,    35.2,    67.0,    54.7,    44.5,    33.8,    56.9,    50.0,    49.3,    35.2,    67.0,    54.7,    44.5,    33.8,    56.9,    50.0,     0.0,     0.0,     0.0,     0.0,     0.0,     0.0,     0.0,     0.0,Megawatt Hours (MWh),064DLX,NODX,064 ,N16,FutOnly
PJM.APS_month_on_dap - NODAL EXCHANGE,260908,2026-09-08,064DMY,NODX,01,064 ,   12662,    6969,   10850,     965,     712,     156,    1875,       0,       0,     938,     365,       0,   10903,   12083,    1759,     579,   12662,    6969,   10850,     965,     712,     156,    1875,       0,       0,     938,     365,       0,   10903,   12083,    1759,     579,       0,       0,       0,       0,       0,       0,       0,       0,       0,       0,       0,       0,       0,       0,       0,       0,   -1021,    -631,    -924,     -75,      18,     -18,    -135,       0,       0,     -65,     -25,       0,    -924,    -949,     -97,     -72,  100.0,   55.0,   85.7,    7.6,    5.6,    1.2,   14.8,    0.0,    0.0,    7.4,    2.9,    0.0,   86.1,   95.4,   13.9,    4.6,  100.0,   55.0,   85.7,    7.6,    5.6,    1.2,   14.8,    0.0,    0.0,    7.4,    2.9,    0.0,   86.1,   95.4,   13.9,    4.6,  100.0,    0.0,    0.0,    0.0,    0.0,    0.0,    0.0,    0.0,    0.0,    0.0,    0.0,    0.0,    0.0,    0.0,    0.0,    0.0,     20,     11,      6,.,.,.,.,      0,      0,.,.,      0,     16,      8,     20,     11,      6,.,.,.,.,      0,      0,.,.,      0,     16,      8,      0,      0,      0,      0,      0,      0,      0,      0,      0,      0,      0,      0,      0,      0,    42.6,    82.5,    67.5,    95.4,    42.6,    81.3,    67.5,    88.9,    42.6,    82.5,    67.5,    95.4,    42.6,    81.3,    67.5,    88.9,     0.0,     0.0,     0.0,     0.0,     0.0,     0.0,     0.0,     0.0,Megawatt Hours (MWh),064DMY,NODX,064 ,N16,FutOnly
PJM.APS_month_off_dap - NODAL EXCHANGE,260908,2026-09-08,064DMZ,NODX,01,064 ,   12134,    6696,   10322,     965,     712,     156,    1875,       0,       0,     698,     365,       0,   10390,   11555,    1744,     579,   12134,    6696,   10322,     965,     712,     156,    1875,       0,       0,     698,     365,       0,   10390,   11555,    1744,     579,       0,       0,       0,       0,       0,       0,       0,       0,       0,       0,       0,       0,       0,       0,       0,       0,    -913,    -539,    -816,     -75,      18,     -18,    -135,       0,       0,     -49,     -25,       0,    -816,    -841,     -97,     -72,  100.0,   55.2,   85.1,    8.0,    5.9,    1.3,   15.5,    0.0,    0.0,    5.8,    3.0,    0.0,   85.6,   95.2,   14.4,    4.8,  100.0,   55.2,   85.1,    8.0,    5.9,    1.3,   15.5,    0.0,    0.0,    5.8,    3.0,    0.0,   85.6,   95.2,   14.4,    4.8,  100.0,    0.0,    0.0,    0.0,    0.0,    0.0,    0.0,    0.0,    0.0,    0.0,    0.0,    0.0,    0.0,    0.0,    0.0,    0.0,     20,     11,      6,.,.,.,.,      0,      0,.,.,      0,     16,      8,     20,     11,      6,.,.,.,.,      0,      0,.,.,      0,     16,      8,      0,      0,      0,      0,      0,      0,      0,      0,      0,      0,      0,      0,      0,      0,    43.8,    82.6,    67.8,    95.2,    43.8,    81.3,    67.8,    90.0,    43.8,    82.6,    67.8,    95.2,    43.8,    81.3,    67.8,    90.0,     0.0,     0.0,     0.0,     0.0,     0.0,     0.0,     0.0,     0.0,Megawatt Hours (MWh),064DMZ,NODX,064 ,N16,FutOnly
PJM.BGE_month_on_dap - NODAL EXCHANGE,260908,2026-09-08,064DPQ,NODX,01,064 ,   26170,   18220,   21650,    2365,     905,     335,    2540,       0,       0,    1275,    1640,     390,   25125,   24920,    1045,    1250,   26170,   18220,   21650,    2365,     905,     335,    2540,       0,       0,    1275,    1640,     390,   25125,   24920,    1045,    1250,       0,       0,       0,       0,       0,       0,       0,       0,       0,       0,       0,       0,       0,       0,       0,       0,   -2100,   -1425,   -1735,    -180,     -40,      -5,    -100,       0,       0,    -260,    -210,       0,   -1970,   -1990,    -130,    -110,  100.0,   69.6,   82.7,    9.0,    3.5,    1.3,    9.7,    0.0,    0.0,    4.9,    6.3,    1.5,   96.0,   95.2,    4.0,    4.8,  100.0,   69.6,   82.7,    9.0,    3.5,    1.3,    9.7,    0.0,    0.0,    4.9,    6.3,    1.5,   96.0,   95.2,    4.0,    4.8,  100.0,    0.0,    0.0,    0.0,    0.0,    0.0,    0.0,    0.0,    0.0,    0.0,    0.0,    0.0,    0.0,    0.0,    0.0,    0.0,     26,     12,      5,.,.,.,.,      0,      0,.,.,.,     22,     12,     26,     12,      5,.,.,.,.,      0,      0,.,.,.,     22,     12,      0,      0,      0,      0,      0,      0,      0,      0,      0,      0,      0,      0,      0,      0,    56.4,    87.1,    75.4,    92.9,    55.8,    85.7,    74.1,    89.5,    56.4,    87.1,    75.4,    92.9,    55.8,    85.7,    74.1,    89.5,     0.0,     0.0,     0.0,     0.0,     0.0,     0.0,     0.0,     0.0,Megawatt Hours (MWh),064DPQ,NODX,064 ,N16,FutOnly
PJM.BGE_month_off_dap - NODAL EXCHANGE,260908,2026-09-08,064DPR,NODX,01,064 ,   26095,   18030,   21410,    2065,     650,     440,    2540,       0,       0,    1275,    1665,     390,   24740,   24555,    1355,    1540,   26095,   18030,   21410,    2065,     650,     440,    2540,       0,       0,    1275,    1665,     390,   24740,   24555,    1355,    1540,       0,       0,       0,       0,       0,       0,       0,       0,       0,       0,       0,       0,       0,       0,       0,       0,   -2090,   -1400,   -1725,    -180,     -30,     -15,    -100,       0,       0,    -260,    -210,       0,   -1955,   -1980,    -135,    -110,  100.0,   69.1,   82.0,    7.9,    2.5,    1.7,    9.7,    0.0,    0.0,    4.9,    6.4,    1.5,   94.8,   94.1,    5.2,    5.9,  100.0,   69.1,   82.0,    7.9,    2.5,    1.7,    9.7,    0.0,    0.0,    4.9,    6.4,    1.5,   94.8,   94.1,    5.2,    5.9,  100.0,    0.0,    0.0,    0.0,    0.0,    0.0,    0.0,    0.0,    0.0,    0.0,    0.0,    0.0,    0.0,    0.0,    0.0,    0.0,     26,     12,      5,.,.,.,.,      0,      0,.,.,.,     22,     12,     26,     12,      5,.,.,.,.,      0,      0,.,.,.,     22,     12,      0,      0,      0,      0,      0,      0,      0,      0,      0,      0,      0,      0,      0,      0,    55.9,    86.5,    73.8,    91.8,    55.3,    85.2,    72.5,    87.9,    55.9,    86.5,    73.8,    91.8,    55.3,    85.2,    72.5,    87.9,     0.0,     0.0,     0.0,     0.0,     0.0,     0.0,     0.0,     0.0,Megawatt Hours (MWh),064DPR,NODX,064 ,N16,FutOnly
PJM.DOM_month_on_dap - NODAL EXCHANGE,260908,2026-09-08,064DZS,NODX,01,064 ,   11664,    7465,    5365,    1509,    2719,     255,    1000,     710,       0,     725,    1875,      25,   10979,   10949,     685,     715,   11664,    7465,    5365,    1509,    2719,     255,    1000,     710,       0,     725,    1875,      25,   10979,   10949,     685,     715,       0,       0,       0,       0,       0,       0,       0,       0,       0,       0,       0,       0,       0,       0,       0,       0,    -650,    -530,    -335,     -46,    -196,    -174,       0,     -20,       0,     -25,     -55,       0,    -775,    -780,     125,     130,  100.0,   64.0,   46.0,   12.9,   23.3,    2.2,    8.6,    6.1,    0.0,    6.2,   16.1,    0.2,   94.1,   93.9,    5.9,    6.1,  100.0,   64.0,   46.0,   12.9,   23.3,    2.2,    8.6,    6.1,    0.0,    6.2,   16.1,    0.2,   94.1,   93.9,    5.9,    6.1,  100.0,    0.0,    0.0,    0.0,    0.0,    0.0,    0.0,    0.0,    0.0,    0.0,    0.0,    0.0,    0.0,    0.0,    0.0,    0.0,     24,     10,      4,.,      4,.,.,.,      0,.,.,.,     16,     13,     24,     10,      4,.,      4,.,.,.,      0,.,.,.,     16,     13,      0,      0,      0,      0,      0,      0,      0,      0,      0,      0,      0,      0,      0,      0,    59.2,    72.1,    81.6,    91.0,    59.2,    66.1,    79.1,    84.1,    59.2,    72.1,    81.6,    91.0,    59.2,    66.1,    79.1,    84.1,     0.0,     0.0,     0.0,     0.0,     0.0,     0.0,     0.0,     0.0,Megawatt Hours (MWh),064DZS,NODX,064 ,N16,FutOnly
PJM.DOM_month_off_dap - NODAL EXCHANGE,260908,2026-09-08,064DZT,NODX,01,064 ,   12144,    7910,    5805,    1675,    2719,      25,    1000,     710,       0,     725,    1875,      25,   11360,   11159,     784,     985,   12144,    7910,    5805,    1675,    2719,      25,    1000,     710,       0,     725,    1875,      25,   11360,   11159,     784,     985,       0,       0,       0,       0,       0,       0,       0,       0,       0,       0,       0,       0,       0,       0,       0,       0,    -680,    -495,    -340,    -130,    -471,    -269,       0,     -20,       0,     -25,     -55,       0,    -919,   -1155,     239,     475,  100.0,   65.1,   47.8,   13.8,   22.4,    0.2,    8.2,    5.8,    0.0,    6.0,   15.4,    0.2,   93.5,   91.9,    6.5,    8.1,  100.0,   65.1,   47.8,   13.8,   22.4,    0.2,    8.2,    5.8,    0.0,    6.0,   15.4,    0.2,   93.5,   91.9,    6.5,    8.1,  100.0,    0.0,    0.0,    0.0,    0.0,    0.0,    0.0,    0.0,    0.0,    0.0,    0.0,    0.0,    0.0,    0.0,    0.0,    0.0,     25,     11,      5,.,      4,.,.,.,      0,.,.,.,     17,     13,     25,     11,      5,.,      4,.,.,.,      0,.,.,.,     17,     13,      0,      0,      0,      0,      0,      0,      0,      0,      0,      0,      0,      0,      0,      0,    57.8,    72.4,    80.8,    90.0,    57.8,    66.7,    80.2,    84.0,    57.8,    72.4,    80.8,    90.0,    57.8,    66.7,    80.2,    84.0,     0.0,     0.0,     0.0,     0.0,     0.0,     0.0,     0.0,     0.0,Megawatt Hours (MWh),064DZT,NODX,064 ,N16,FutOnly
ERCOT North 345KV Hub RT 10x17 - ICE FUTURES ENERGY DIV,260908,2026-09-08,064ED7,IFED,01,064 ,    6745,    4415,    2874,     750,     755,     120,       0,       0,       0,     710,    2320,       0,    5995,    6069,     750,     676,    6745,    4415,    2874,     750,     755,     120,       0,       0,       0,     710,    2320,       0,    5995,    6069,     750,     676,       0,       0,       0,       0,       0,       0,       0,       0,       0,       0,       0,       0,       0,       0,       0,       0,       6,    -683,     -54,     150,       0,       0,       0,       0,       0,       5,       0,       0,    -528,     -54,     534,      60,  100.0,   65.5,   42.6,   11.1,   11.2,    1.8,    0.0,    0.0,    0.0,   10.5,   34.4,    0.0,   88.9,   90.0,   11.1,   10.0,  100.0,   65.5,   42.6,   11.1,   11.2,    1.8,    0.0,    0.0,    0.0,   10.5,   34.4,    0.0,   88.9,   90.0,   11.1,   10.0,  100.0,    0.0,    0.0,    0.0,    0.0,    0.0,    0.0,    0.0,    0.0,    0.0,    0.0,    0.0,    0.0,    0.0,    0.0,    0.0,     21,     12,      7,.,.,.,      0,      0,      0,.,.,      0,     16,     11,     21,     12,      7,.,.,.,      0,      0,      0,.,.,      0,     16,     11,      0,      0,      0,      0,      0,      0,      0,      0,      0,      0,      0,      0,      0,      0,    57.1,    80.8,    77.7,    88.1,    53.4,    79.9,    73.8,    84.9,    57.1,    80.8,    77.7,    88.1,    53.4,    79.9,    73.8,    84.9,     0.0,     0.0,     0.0,     0.0,     0.0,     0.0,     0.0,     0.0,(1MW for about 352 Hours),064ED7,IFED,064 ,N16,FutOnly
PJM.JCPL_month_on_dap - NODAL EXCHANGE,260908,2026-09-08,064EJI,NODX,01,064 ,   47892,   32397,   35400,    2315,    2102,     940,    2890,    4945,       0,    3720,     185,     975,   43237,   44547,    4655,    3345,   47892,   32397,   35400,    2315,    2102,     940,    2890,    4945,       0,    3720,     185,     975,   43237,   44547,    4655,    3345,       0,       0,       0,       0,       0,       0,       0,       0,       0,       0,       0,       0,       0,       0,       0,       0,   -2340,   -1390,   -1860,    -260,    -215,      30,    -190,     -35,       0,    -305,    -110,       0,   -2115,   -2190,    -225,    -150,  100.0,   67.6,   73.9,    4.8,    4.4,    2.0,    6.0,   10.3,    0.0,    7.8,    0.4,    2.0,   90.3,   93.0,    9.7,    7.0,  100.0,   67.6,   73.9,    4.8,    4.4,    2.0,    6.0,   10.3,    0.0,    7.8,    0.4,    2.0,   90.3,   93.0,    9.7,    7.0,  100.0,    0.0,    0.0,    0.0,    0.0,    0.0,    0.0,    0.0,    0.0,    0.0,    0.0,    0.0,    0.0,    0.0,    0.0,    0.0,     30,     14,      8,.,.,      4,.,.,      0,.,.,.,     24,     17,     30,     14,      8,.,.,      4,.,.,      0,.,.,.,     24,     17,      0,      0,      0,      0,      0,      0,      0,      0,      0,      0,      0,      0,      0,      0,    54.1,    78.9,    70.9,    88.6,    50.4,    78.9,    67.2,    84.2,    54.1,    78.9,    70.9,    88.6,    50.4,    78.9,    67.2,    84.2,     0.0,     0.0,     0.0,     0.0,     0.0,     0.0,     0.0,     0.0,Megawatt Hours (MWh),064EJI,NODX,064 ,N16,FutOnly
PJM.JCPL_month_off_dap - NODAL EXCHANGE,260908,2026-09-08,064EJJ,NODX,01,064 ,   45947,   30477,   34020,    1675,    2072,    1275,    2890,    4270,       0,    4070,       0,     580,   40967,   42217,    4980,    3730,   45947,   30477,   34020,    1675,    2072,    1275,    2890,    4270,       0,    4070,       0,     580,   40967,   42217,    4980,    3730,       0,       0,       0,       0,       0,       0,       0,       0,       0,       0,       0,       0,       0,       0,       0,       0,   -2035,   -1320,   -1510,    -135,    -245,      25,    -190,    -110,       0,    -145,       0,     -60,   -1825,   -1900,    -210,    -135,  100.0,   66.3,   74.0,    3.6,    4.5,    2.8,    6.3,    9.3,    0.0,    8.9,    0.0,    1.3,   89.2,   91.9,   10.8,    8.1,  100.0,   66.3,   74.0,    3.6,    4.5,    2.8,    6.3,    9.3,    0.0,    8.9,    0.0,    1.3,   89.2,   91.9,   10.8,    8.1,  100.0,    0.0,    0.0,    0.0,    0.0,    0.0,    0.0,    0.0,    0.0,    0.0,    0.0,    0.0,    0.0,    0.0,    0.0,    0.0,     29,     14,      8,.,.,      4,.,.,      0,      4,      0,.,     24,     17,     29,     14,      8,.,.,      4,.,.,      0,      4,      0,.,     24,     17,      0,      0,      0,      0,      0,      0,      0,      0,      0,      0,      0,      0,      0,      0,    52.3,    79.5,    70.0,    87.6,    49.9,    79.5,    67.6,    84.9,    52.3,    79.5,    70.0,    87.6,    49.9,    79.5,    67.6,    84.9,     0.0,     0.0,     0.0,     0.0,     0.0,     0.0,     0.0,     0.0,Megawatt Hours (MWh),064EJJ,NODX,064 ,N16,FutOnly
PJM.METED_month_on_dap - NODAL EXCHANGE,260908,2026-09-08,064EOW,NODX,01,064 ,   11934,    9155,    8684,       0,    1537,     361,      15,      50,     205,     150,     105,     120,   10006,   11062,    1928,     872,   11934,    9155,    8684,       0,    1537,     361,      15,      50,     205,     150,     105,     120,   10006,   11062,    1928,     872,       0,       0,       0,       0,       0,       0,       0,       0,       0,       0,       0,       0,       0,       0,       0,       0,    -753,    -845,    -240,     -25,    -168,    -130,     -25,    -140,       0,       0,     -95,       0,   -1025,    -773,     272,      20,  100.0,   76.7,   72.8,    0.0,   12.9,    3.0,    0.1,    0.4,    1.7,    1.3,    0.9,    1.0,   83.8,   92.7,   16.2,    7.3,  100.0,   76.7,   72.8,    0.0,   12.9,    3.0,    0.1,    0.4,    1.7,    1.3,    0.9,    1.0,   83.8,   92.7,   16.2,    7.3,  100.0,    0.0,    0.0,    0.0,    0.0,    0.0,    0.0,    0.0,    0.0,    0.0,    0.0,    0.0,    0.0,    0.0,    0.0,    0.0,     21,     11,      4,      0,.,.,.,.,.,.,.,.,     18,     10,     21,     11,      4,      0,.,.,.,.,.,.,.,.,     18,     10,      0,      0,      0,      0,      0,      0,      0,      0,      0,      0,      0,      0,      0,      0,    54.8,    79.4,    72.1,    90.6,    54.8,    76.8,    71.3,    83.6,    54.8,    79.4,    72.1,    90.6,    54.8,    76.8,    71.3,    83.6,     0.0,     0.0,     0.0,     0.0,     0.0,     0.0,     0.0,     0.0,Megawatt Hours (MWh),064EOW,NODX,064 ,N16,FutOnly
PJM.METED_month_off_dap - NODAL EXCHANGE,260908,2026-09-08,064EOX,NODX,01,064 ,   12126,    9355,    8904,       0,    1557,     356,      15,      50,     205,     150,     105,     120,   10201,   11297,    1925,     829,   12126,    9355,    8904,       0,    1557,     356,      15,      50,     205,     150,     105,     120,   10201,   11297,    1925,     829,       0,       0,       0,       0,       0,       0,       0,       0,       0,       0,       0,       0,       0,       0,       0,       0,    -733,    -822,    -270,     -25,    -158,    -140,     -25,    -140,       0,       0,     -95,       0,   -1012,    -803,     279,      70,  100.0,   77.1,   73.4,    0.0,   12.8,    2.9,    0.1,    0.4,    1.7,    1.2,    0.9,    1.0,   84.1,   93.2,   15.9,    6.8,  100.0,   77.1,   73.4,    0.0,   12.8,    2.9,    0.1,    0.4,    1.7,    1.2,    0.9,    1.0,   84.1,   93.2,   15.9,    6.8,  100.0,    0.0,    0.0,    0.0,    0.0,    0.0,    0.0,    0.0,    0.0,    0.0,    0.0,    0.0,    0.0,    0.0,    0.0,    0.0,     21,     11,      5,      0,.,.,.,.,.,.,.,.,     18,     11,     21,     11,      5,      0,.,.,.,.,.,.,.,.,     18,     11,      0,      0,      0,      0,      0,      0,      0,      0,      0,      0,      0,      0,      0,      0,    52.9,    78.8,    72.6,    89.9,    51.8,    76.8,    68.2,    80.8,    52.9,    78.8,    72.6,    89.9,    51.8,    76.8,    68.2,    80.8,     0.0,     0.0,     0.0,     0.0,     0.0,     0.0,     0.0,     0.0,Megawatt Hours (MWh),064EOX,NODX,064 ,N16,FutOnly
PJM.N ILLINOIS HUB_mo_on_dap - NODAL EXCHANGE,260908,2026-09-08,064ERM,NODX,01,064 ,   89827,   64587,   76645,   12292,    2355,    3124,     325,     260,       0,    2110,       0,       0,   82438,   82384,    7389,    7443,   89827,   64587,   76645,   12292,    2355,    3124,     325,     260,       0,    2110,       0,       0,   82438,   82384,    7389,    7443,       0,       0,       0,       0,       0,       0,       0,       0,       0,       0,       0,       0,       0,       0,       0,       0,   -3254,   -1101,   -2994,   -1546,       2,      83,       0,       0,       0,    -340,       0,       0,   -2904,   -2909,    -350,    -345,  100.0,   71.9,   85.3,   13.7,    2.6,    3.5,    0.4,    0.3,    0.0,    2.3,    0.0,    0.0,   91.8,   91.7,    8.2,    8.3,  100.0,   71.9,   85.3,   13.7,    2.6,    3.5,    0.4,    0.3,    0.0,    2.3,    0.0,    0.0,   91.8,   91.7,    8.2,    8.3,  100.0,    0.0,    0.0,    0.0,    0.0,    0.0,    0.0,    0.0,    0.0,    0.0,    0.0,    0.0,    0.0,    0.0,    0.0,    0.0,     29,     14,     13,      4,.,      6,.,.,      0,.,      0,      0,     22,     21,     29,     14,     13,      4,.,      6,.,.,      0,.,      0,      0,     22,     21,      0,      0,      0,      0,      0,      0,      0,      0,      0,      0,      0,      0,      0,      0,    59.9,    77.1,    83.4,    83.6,    57.9,    77.0,    78.0,    82.2,    59.9,    77.1,    83.4,    83.6,    57.9,    77.0,    78.0,    82.2,     0.0,     0.0,     0.0,     0.0,     0.0,     0.0,     0.0,     0.0,Megawatt Hours (MWh),064ERM,NODX,064 ,N16,FutOnly
PJM.N ILLINOIS HUB_mo_off_dap - NODAL EXCHANGE,260908,2026-09-08,064ERN,NODX,01,064 ,   87955,   61595,   75893,   13802,    1565,    2904,     325,     260,       0,    2050,       0,       0,   80676,   80622,    7279,    7333,   87955,   61595,   75893,   13802,    1565,    2904,     325,     260,       0,    2050,       0,       0,   80676,   80622,    7279,    7333,       0,       0,       0,       0,       0,       0,       0,       0,       0,       0,       0,       0,       0,       0,       0,       0,   -3365,   -1580,   -2650,   -1190,    -350,      -5,       0,       0,       0,    -225,       0,       0,   -3000,   -3005,    -365,    -360,  100.0,   70.0,   86.3,   15.7,    1.8,    3.3,    0.4,    0.3,    0.0,    2.3,    0.0,    0.0,   91.7,   91.7,    8.3,    8.3,  100.0,   70.0,   86.3,   15.7,    1.8,    3.3,    0.4,    0.3,    0.0,    2.3,    0.0,    0.0,   91.7,   91.7,    8.3,    8.3,  100.0,    0.0,    0.0,    0.0,    0.0,    0.0,    0.0,    0.0,    0.0,    0.0,    0.0,    0.0,    0.0,    0.0,    0.0,    0.0,     29,     14,     15,      5,.,      5,.,.,      0,.,      0,      0,     22,     22,     29,     14,     15,      5,.,      5,.,.,      0,.,      0,      0,     22,     22,      0,      0,      0,      0,      0,      0,      0,      0,      0,      0,      0,      0,      0,      0,    59.2,    78.1,    82.5,    84.4,    57.1,    78.0,    77.3,    83.0,    59.2,    78.1,    82.5,    84.4,    57.1,    78.0,    77.3,    83.0,     0.0,     0.0,     0.0,     0.0,     0.0,     0.0,     0.0,     0.0,Megawatt Hours (MWh),064ERN,NODX,064 ,N16,FutOnly
PJM.PECO_month_on_dap - NODAL EXCHANGE,260908,2026-09-08,064EUY,NODX,01,064 ,  101157,   67940,   77692,    2804,   13888,    1600,    1795,     885,       0,   19825,     276,     299,   94263,   94640,    6894,    6517,  101157,   67940,   77692,    2804,   13888,    1600,    1795,     885,       0,   19825,     276,     299,   94263,   94640,    6894,    6517,       0,       0,       0,       0,       0,       0,       0,       0,       0,       0,       0,       0,       0,       0,       0,       0,   -6578,   -4410,   -6145,   -1152,    -845,    -175,    -150,    -120,       0,   -1295,      70,     -75,   -7257,   -7290,     679,     712,  100.0,   67.2,   76.8,    2.8,   13.7,    1.6,    1.8,    0.9,    0.0,   19.6,    0.3,    0.3,   93.2,   93.6,    6.8,    6.4,  100.0,   67.2,   76.8,    2.8,   13.7,    1.6,    1.8,    0.9,    0.0,   19.6,    0.3,    0.3,   93.2,   93.6,    6.8,    6.4,  100.0,    0.0,    0.0,    0.0,    0.0,    0.0,    0.0,    0.0,    0.0,    0.0,    0.0,    0.0,    0.0,    0.0,    0.0,    0.0,     36,     20,     11,.,.,.,.,.,      0,.,.,.,     29,     22,     36,     20,     11,.,.,.,.,.,      0,.,.,.,     29,     22,      0,      0,      0,      0,      0,      0,      0,      0,      0,      0,      0,      0,      0,      0,    51.9,    77.3,    74.2,    89.9,    48.0,    76.1,    62.5,    78.5,    51.9,    77.3,    74.2,    89.9,    48.0,    76.1,    62.5,    78.5,     0.0,     0.0,     0.0,     0.0,     0.0,     0.0,     0.0,     0.0,Megawatt Hours (MWh),064EUY,NODX,064 ,N16,FutOnly
PJM.PECO_month_off_dap - NODAL EXCHANGE,260908,2026-09-08,064EUZ,NODX,01,064 ,  100267,   65795,   77447,    3489,   12633,    1600,    1795,     585,     175,   19600,     301,     274,   92728,   93015,    7539,    7252,  100267,   65795,   77447,    3489,   12633,    1600,    1795,     585,     175,   19600,     301,     274,   92728,   93015,    7539,    7252,       0,       0,       0,       0,       0,       0,       0,       0,       0,       0,       0,       0,       0,       0,       0,       0,   -6728,   -4520,   -6105,    -512,    -540,    -175,    -150,     -55,       0,   -1405,      90,     -95,   -6857,   -6880,     129,     152,  100.0,   65.6,   77.2,    3.5,   12.6,    1.6,    1.8,    0.6,    0.2,   19.5,    0.3,    0.3,   92.5,   92.8,    7.5,    7.2,  100.0,   65.6,   77.2,    3.5,   12.6,    1.6,    1.8,    0.6,    0.2,   19.5,    0.3,    0.3,   92.5,   92.8,    7.5,    7.2,  100.0,    0.0,    0.0,    0.0,    0.0,    0.0,    0.0,    0.0,    0.0,    0.0,    0.0,    0.0,    0.0,    0.0,    0.0,    0.0,     36,     20,     11,.,.,.,.,.,.,.,.,.,     30,     22,     36,     20,     11,.,.,.,.,.,.,.,.,.,     30,     22,      0,      0,      0,      0,      0,      0,      0,      0,      0,      0,      0,      0,      0,      0,    50.6,    76.6,    73.8,    89.3,    45.2,    75.2,    61.7,    77.6,    50.6,    76.6,    73.8,    89.3,    45.2,    75.2,    61.7,    77.6,     0.0,     0.0,     0.0,     0.0,     0.0,     0.0,     0.0,     0.0,Megawatt Hours (MWh),064EUZ,NODX,064 ,N16,FutOnly
PJM.PENELEC_month_on_dap - NODAL EXCHANGE,260908,2026-09-08,064EVA,NODX,01,064 ,   13403,    2618,    9825,    1623,    2375,      93,     375,       0,       0,    7086,       0,      40,   11835,   12333,    1568,    1070,   13403,    2618,    9825,    1623,    2375,      93,     375,       0,       0,    7086,       0,      40,   11835,   12333,    1568,    1070,       0,       0,       0,       0,       0,       0,       0,       0,       0,       0,       0,       0,       0,       0,       0,       0,    -201,    -392,    -378,      73,     -65,      -3,     -40,       0,       0,     262,       0,     -20,    -120,    -466,     -81,     265,  100.0,   19.5,   73.3,   12.1,   17.7,    0.7,    2.8,    0.0,    0.0,   52.9,    0.0,    0.3,   88.3,   92.0,   11.7,    8.0,  100.0,   19.5,   73.3,   12.1,   17.7,    0.7,    2.8,    0.0,    0.0,   52.9,    0.0,    0.3,   88.3,   92.0,   11.7,    8.0,  100.0,    0.0,    0.0,    0.0,    0.0,    0.0,    0.0,    0.0,    0.0,    0.0,    0.0,    0.0,    0.0,    0.0,    0.0,    0.0,     20,      6,      6,.,.,.,.,      0,      0,      4,      0,.,     14,      9,     20,      6,      6,.,.,.,.,      0,      0,      4,      0,.,     14,      9,      0,      0,      0,      0,      0,      0,      0,      0,      0,      0,      0,      0,      0,      0,    66.6,    87.2,    79.6,    91.8,    66.3,    87.2,    79.1,    90.8,    66.6,    87.2,    79.6,    91.8,    66.3,    87.2,    79.1,    90.8,     0.0,     0.0,     0.0,     0.0,     0.0,     0.0,     0.0,     0.0,Megawatt Hours (MWh),064EVA,NODX,064 ,N16,FutOnly
PJM.PEPCO_month_on_dap - NODAL EXCHANGE,260908,2026-09-08,064EVG,NODX,01,064 ,   23092,   17539,   11130,    1452,    1510,    1050,     660,    1930,       0,     190,    5732,      30,   20921,   21382,    2171,    1710,   23092,   17539,   11130,    1452,    1510,    1050,     660,    1930,       0,     190,    5732,      30,   20921,   21382,    2171,    1710,       0,       0,       0,       0,       0,       0,       0,       0,       0,       0,       0,       0,       0,       0,       0,       0,   -1175,    -915,     -10,     175,      55,    -260,     -65,    -195,       0,     -10,    -700,       0,   -1075,   -1110,    -100,     -65,  100.0,   76.0,   48.2,    6.3,    6.5,    4.5,    2.9,    8.4,    0.0,    0.8,   24.8,    0.1,   90.6,   92.6,    9.4,    7.4,  100.0,   76.0,   48.2,    6.3,    6.5,    4.5,    2.9,    8.4,    0.0,    0.8,   24.8,    0.1,   90.6,   92.6,    9.4,    7.4,  100.0,    0.0,    0.0,    0.0,    0.0,    0.0,    0.0,    0.0,    0.0,    0.0,    0.0,    0.0,    0.0,    0.0,    0.0,    0.0,     30,     17,      8,.,.,      4,.,.,      0,.,.,.,     24,     18,     30,     17,      8,.,.,      4,.,.,      0,.,.,.,     24,     18,      0,      0,      0,      0,      0,      0,      0,      0,      0,      0,      0,      0,      0,      0,    45.8,    70.2,    67.2,    82.9,    44.2,    66.8,    63.4,    78.2,    45.8,    70.2,    67.2,    82.9,    44.2,    66.8,    63.4,    78.2,     0.0,     0.0,     0.0,     0.0,     0.0,     0.0,     0.0,     0.0,Megawatt Hours (MWh),064EVG,NODX,064 ,N16,FutOnly
PJM.PEPCO_month_off_dap - NODAL EXCHANGE,260908,2026-09-08,064EVH,NODX,01,064 ,   23092,   17539,   11130,    1452,    1510,    1050,     660,    1930,       0,     190,    5732,      30,   20921,   21382,    2171,    1710,   23092,   17539,   11130,    1452,    1510,    1050,     660,    1930,       0,     190,    5732,      30,   20921,   21382,    2171,    1710,       0,       0,       0,       0,       0,       0,       0,       0,       0,       0,       0,       0,       0,       0,       0,       0,   -1175,    -915,     -10,     175,      55,    -260,     -65,    -195,       0,     -10,    -700,       0,   -1075,   -1110,    -100,     -65,  100.0,   76.0,   48.2,    6.3,    6.5,    4.5,    2.9,    8.4,    0.0,    0.8,   24.8,    0.1,   90.6,   92.6,    9.4,    7.4,  100.0,   76.0,   48.2,    6.3,    6.5,    4.5,    2.9,    8.4,    0.0,    0.8,   24.8,    0.1,   90.6,   92.6,    9.4,    7.4,  100.0,    0.0,    0.0,    0.0,    0.0,    0.0,    0.0,    0.0,    0.0,    0.0,    0.0,    0.0,    0.0,    0.0,    0.0,    0.0,     30,     17,      8,.,.,      4,.,.,      0,.,.,.,     24,     18,     30,     17,      8,.,.,      4,.,.,      0,.,.,.,     24,     18,      0,      0,      0,      0,      0,      0,      0,      0,      0,      0,      0,      0,      0,      0,    45.8,    70.2,    67.2,    82.9,    44.2,    66.8,    63.4,    78.2,    45.8,    70.2,    67.2,    82.9,    44.2,    66.8,    63.4,    78.2,     0.0,     0.0,     0.0,     0.0,     0.0,     0.0,     0.0,     0.0,Megawatt Hours (MWh),064EVH,NODX,064 ,N16,FutOnly
PJM.PPL_month_on_dap - NODAL EXCHANGE,260908,2026-09-08,064EWU,NODX,01,064 ,   63910,   51891,   45221,    5185,   11949,    1415,    2105,       0,      90,    1010,    3390,     255,   61951,   62320,    1959,    1590,   63910,   51891,   45221,    5185,   11949,    1415,    2105,       0,      90,    1010,    3390,     255,   61951,   62320,    1959,    1590,       0,       0,       0,       0,       0,       0,       0,       0,       0,       0,       0,       0,       0,       0,       0,       0,    -205,     294,    -317,    -475,    -238,    -100,     -80,       0,       0,     275,     545,    -130,    -216,    -240,      11,      35,  100.0,   81.2,   70.8,    8.1,   18.7,    2.2,    3.3,    0.0,    0.1,    1.6,    5.3,    0.4,   96.9,   97.5,    3.1,    2.5,  100.0,   81.2,   70.8,    8.1,   18.7,    2.2,    3.3,    0.0,    0.1,    1.6,    5.3,    0.4,   96.9,   97.5,    3.1,    2.5,  100.0,    0.0,    0.0,    0.0,    0.0,    0.0,    0.0,    0.0,    0.0,    0.0,    0.0,    0.0,    0.0,    0.0,    0.0,    0.0,     39,     23,     12,.,      6,      4,.,      0,.,.,.,.,     33,     23,     39,     23,     12,.,      6,      4,.,      0,.,.,.,.,     33,     23,      0,      0,      0,      0,      0,      0,      0,      0,      0,      0,      0,      0,      0,      0,    64.1,    57.1,    76.1,    78.2,    62.9,    56.3,    73.7,    74.4,    64.1,    57.1,    76.1,    78.2,    62.9,    56.3,    73.7,    74.4,     0.0,     0.0,     0.0,     0.0,     0.0,     0.0,     0.0,     0.0,Megawatt Hours (MWh),064EWU,NODX,064 ,N16,FutOnly
PJM.PPL_month_off_dap - NODAL EXCHANGE,260908,2026-09-08,064EWV,NODX,01,064 ,   63833,   51744,   45569,    5335,   11719,    1355,    2105,       0,      90,    1010,    3255,     255,   61894,   62243,    1939,    1590,   63833,   51744,   45569,    5335,   11719,    1355,    2105,       0,      90,    1010,    3255,     255,   61894,   62243,    1939,    1590,       0,       0,       0,       0,       0,       0,       0,       0,       0,       0,       0,       0,       0,       0,       0,       0,    -140,     289,    -310,    -500,    -370,       0,     -80,       0,       0,     275,     645,    -175,    -191,    -210,      51,      70,  100.0,   81.1,   71.4,    8.4,   18.4,    2.1,    3.3,    0.0,    0.1,    1.6,    5.1,    0.4,   97.0,   97.5,    3.0,    2.5,  100.0,   81.1,   71.4,    8.4,   18.4,    2.1,    3.3,    0.0,    0.1,    1.6,    5.1,    0.4,   97.0,   97.5,    3.0,    2.5,  100.0,    0.0,    0.0,    0.0,    0.0,    0.0,    0.0,    0.0,    0.0,    0.0,    0.0,    0.0,    0.0,    0.0,    0.0,    0.0,     39,     21,     12,.,      6,      4,.,      0,.,.,.,.,     31,     23,     39,     21,     12,.,      6,      4,.,      0,.,.,.,.,     31,     23,      0,      0,      0,      0,      0,      0,      0,      0,      0,      0,      0,      0,      0,      0,    65.2,    57.7,    77.0,    78.6,    64.0,    56.5,    74.6,    75.7,    65.2,    57.7,    77.0,    78.6,    64.0,    56.5,    74.6,    75.7,     0.0,     0.0,     0.0,     0.0,     0.0,     0.0,     0.0,     0.0,Megawatt Hours (MWh),064EWV,NODX,064 ,N16,FutOnly
PJM PSEG DAP - NODAL EXCHANGE,260908,2026-09-08,064EXE,NODX,01,064 ,   86245,   51508,   48082,   10393,   12020,    1480,    3665,    1260,     300,    3770,    7925,    2410,   73526,   73477,   12719,   12768,   86245,   51508,   48082,   10393,   12020,    1480,    3665,    1260,     300,    3770,    7925,    2410,   73526,   73477,   12719,   12768,       0,       0,       0,       0,       0,       0,       0,       0,       0,       0,       0,       0,       0,       0,       0,       0,   -4250,   -1793,   -2369,    -677,    -940,    -185,    -185,       0,       0,    -410,     165,     -80,   -3330,   -3409,    -920,    -841,  100.0,   59.7,   55.8,   12.1,   13.9,    1.7,    4.2,    1.5,    0.3,    4.4,    9.2,    2.8,   85.3,   85.2,   14.7,   14.8,  100.0,   59.7,   55.8,   12.1,   13.9,    1.7,    4.2,    1.5,    0.3,    4.4,    9.2,    2.8,   85.3,   85.2,   14.7,   14.8,  100.0,    0.0,    0.0,    0.0,    0.0,    0.0,    0.0,    0.0,    0.0,    0.0,    0.0,    0.0,    0.0,    0.0,    0.0,    0.0,     40,     25,     15,.,      4,      4,.,.,.,.,      4,.,     35,     27,     40,     25,     15,.,      4,      4,.,.,.,.,      4,.,     35,     27,      0,      0,      0,      0,      0,      0,      0,      0,      0,      0,      0,      0,      0,      0,    33.6,    46.7,    50.8,    65.7,    29.5,    32.8,    40.8,    49.3,    33.6,    46.7,    50.8,    65.7,    29.5,    32.8,    40.8,    49.3,     0.0,     0.0,     0.0,     0.0,     0.0,     0.0,     0.0,     0.0,Megawatt Hours (MWh),064EXE,NODX,064 ,N16,FutOnly
PJM.PSEG_month_off_dap - NODAL EXCHANGE,260908,2026-09-08,064EXF,NODX,01,064 ,   83524,   49168,   46322,   10308,   12520,    1220,    3205,       0,     485,    3575,    8110,    2360,   70321,   71017,   13203,   12507,   83524,   49168,   46322,   10308,   12520,    1220,    3205,       0,     485,    3575,    8110,    2360,   70321,   71017,   13203,   12507,       0,       0,       0,       0,       0,       0,       0,       0,       0,       0,       0,       0,       0,       0,       0,       0,   -4582,   -2385,   -2591,    -762,    -790,     -75,    -185,       0,       0,    -185,     275,    -200,   -3792,   -3381,    -790,   -1201,  100.0,   58.9,   55.5,   12.3,   15.0,    1.5,    3.8,    0.0,    0.6,    4.3,    9.7,    2.8,   84.2,   85.0,   15.8,   15.0,  100.0,   58.9,   55.5,   12.3,   15.0,    1.5,    3.8,    0.0,    0.6,    4.3,    9.7,    2.8,   84.2,   85.0,   15.8,   15.0,  100.0,    0.0,    0.0,    0.0,    0.0,    0.0,    0.0,    0.0,    0.0,    0.0,    0.0,    0.0,    0.0,    0.0,    0.0,    0.0,     39,     24,     15,.,      4,      4,.,      0,.,.,.,      4,     35,     27,     39,     24,     15,.,      4,      4,.,      0,.,.,.,      4,     35,     27,      0,      0,      0,      0,      0,      0,      0,      0,      0,      0,      0,      0,      0,      0,    34.5,    48.3,    50.8,    65.9,    29.9,    35.1,    40.5,    50.9,    34.5,    48.3,    50.8,    65.9,    29.9,    35.1,    40.5,    50.9,     0.0,     0.0,     0.0,     0.0,     0.0,     0.0,     0.0,     0.0,Megawatt Hours (MWh),064EXF,NODX,064 ,N16,FutOnly
PJM.WESTERN HUB DAP - NODAL EXCHANGE,260908,2026-09-08,064FHK,NODX,01,064 ,  244177,  162381,  123932,    6580,   27043,    4167,    9025,    1105,    1810,    1782,   27642,    2850,  188595,  188549,   55582,   55628,  244177,  162381,  123932,    6580,   27043,    4167,    9025,    1105,    1810,    1782,   27642,    2850,  188595,  188549,   55582,   55628,       0,       0,       0,       0,       0,       0,       0,       0,       0,       0,       0,       0,       0,       0,       0,       0,  -13811,   -8793,   -4065,    -113,   -2611,     150,    -105,     -75,    -275,    -180,   -2431,     334,   -8982,   -8973,   -4829,   -4838,  100.0,   66.5,   50.8,    2.7,   11.1,    1.7,    3.7,    0.5,    0.7,    0.7,   11.3,    1.2,   77.2,   77.2,   22.8,   22.8,  100.0,   66.5,   50.8,    2.7,   11.1,    1.7,    3.7,    0.5,    0.7,    0.7,   11.3,    1.2,   77.2,   77.2,   22.8,   22.8,  100.0,    0.0,    0.0,    0.0,    0.0,    0.0,    0.0,    0.0,    0.0,    0.0,    0.0,    0.0,    0.0,    0.0,    0.0,    0.0,     54,     26,     28,      4,      5,      8,.,.,.,.,      6,      6,     45,     47,     54,     26,     28,      4,      5,      8,.,.,.,.,      6,      6,     45,     47,      0,      0,      0,      0,      0,      0,      0,      0,      0,      0,      0,      0,      0,      0,    42.2,    31.3,    55.3,    49.9,    33.8,    24.5,    43.7,    38.8,    42.2,    31.3,    55.3,    49.9,    33.8,    24.5,    43.7,    38.8,     0.0,     0.0,     0.0,     0.0,     0.0,     0.0,     0.0,     0.0,Megawatt Hours (MWh),064FHK,NODX,064 ,N16,FutOnly
PJM.WESTERN HUB_month_off_dap - NODAL EXCHANGE,260908,2026-09-08,064FHL,NODX,01,064 ,  238741,  158189,  114078,    8601,   27067,    4058,    2945,    1825,    3395,    1657,   28221,    3061,  181906,  181705,   56835,   57036,  238741,  158189,  114078,    8601,   27067,    4058,    2945,    1825,    3395,    1657,   28221,    3061,  181906,  181705,   56835,   57036,       0,       0,       0,       0,       0,       0,       0,       0,       0,       0,       0,       0,       0,       0,       0,       0,  -13220,   -8779,   -4074,      20,   -2106,     100,     135,     -50,    -205,    -130,   -2500,     250,   -8609,   -8585,   -4611,   -4635,  100.0,   66.3,   47.8,    3.6,   11.3,    1.7,    1.2,    0.8,    1.4,    0.7,   11.8,    1.3,   76.2,   76.1,   23.8,   23.9,  100.0,   66.3,   47.8,    3.6,   11.3,    1.7,    1.2,    0.8,    1.4,    0.7,   11.8,    1.3,   76.2,   76.1,   23.8,   23.9,  100.0,    0.0,    0.0,    0.0,    0.0,    0.0,    0.0,    0.0,    0.0,    0.0,    0.0,    0.0,    0.0,    0.0,    0.0,    0.0,     54,     25,     29,      5,      4,      8,.,.,.,.,      7,      7,     44,     49,     54,     25,     29,      5,      4,      8,.,.,.,.,      7,      7,     44,     49,      0,      0,      0,      0,      0,      0,      0,      0,      0,      0,      0,      0,      0,      0,    42.4,    30.1,    54.6,    48.4,    35.8,    23.3,    44.1,    38.3,    42.4,    30.1,    54.6,    48.4,    35.8,    23.3,    44.1,    38.3,     0.0,     0.0,     0.0,     0.0,     0.0,     0.0,     0.0,     0.0,Megawatt Hours (MWh),064FHL,NODX,064 ,N16,FutOnly
MISO.INDIANA.HUB_month_on_rtp - NODAL EXCHANGE,260908,2026-09-08,064FJY,NODX,01,064 ,   30080,   21674,   12580,     380,    6864,    3661,     625,       0,       0,      10,    3690,      90,   26440,   26885,    3640,    3195,   30080,   21674,   12580,     380,    6864,    3661,     625,       0,       0,      10,    3690,      90,   26440,   26885,    3640,    3195,       0,       0,       0,       0,       0,       0,       0,       0,       0,       0,       0,       0,       0,       0,       0,       0,     -30,    -380,       0,       0,    -105,     145,       0,       0,       0,       0,    -275,      60,    -175,    -175,     145,     145,  100.0,   72.1,   41.8,    1.3,   22.8,   12.2,    2.1,    0.0,    0.0,    0.0,   12.3,    0.3,   87.9,   89.4,   12.1,   10.6,  100.0,   72.1,   41.8,    1.3,   22.8,   12.2,    2.1,    0.0,    0.0,    0.0,   12.3,    0.3,   87.9,   89.4,   12.1,   10.6,  100.0,    0.0,    0.0,    0.0,    0.0,    0.0,    0.0,    0.0,    0.0,    0.0,    0.0,    0.0,    0.0,    0.0,    0.0,    0.0,     23,     12,     14,.,      4,      4,.,      0,      0,.,.,.,     20,     20,     23,     12,     14,.,      4,      4,.,      0,      0,.,.,.,     20,     20,      0,      0,      0,      0,      0,      0,      0,      0,      0,      0,      0,      0,      0,      0,    60.6,    62.7,    75.3,    76.1,    51.0,    49.4,    54.6,    54.0,    60.6,    62.7,    75.3,    76.1,    51.0,    49.4,    54.6,    54.0,     0.0,     0.0,     0.0,     0.0,     0.0,     0.0,     0.0,     0.0,Megawatt Hours (MWh),064FJY,NODX,064 ,N16,FutOnly
MISO.INDIANA.HUB_month_off_rtp - NODAL EXCHANGE,260908,2026-09-08,064FJZ,NODX,01,064 ,   28960,   21629,   12865,     505,    7016,    3400,    1015,       0,       0,       0,    3448,      87,   26636,   26816,    2324,    2144,   28960,   21629,   12865,     505,    7016,    3400,    1015,       0,       0,       0,    3448,      87,   26636,   26816,    2324,    2144,       0,       0,       0,       0,       0,       0,       0,       0,       0,       0,       0,       0,       0,       0,       0,       0,    -185,    -449,       0,       0,    -174,     150,       0,       0,       0,       0,    -275,       0,    -299,    -299,     114,     114,  100.0,   74.7,   44.4,    1.7,   24.2,   11.7,    3.5,    0.0,    0.0,    0.0,   11.9,    0.3,   92.0,   92.6,    8.0,    7.4,  100.0,   74.7,   44.4,    1.7,   24.2,   11.7,    3.5,    0.0,    0.0,    0.0,   11.9,    0.3,   92.0,   92.6,    8.0,    7.4,  100.0,    0.0,    0.0,    0.0,    0.0,    0.0,    0.0,    0.0,    0.0,    0.0,    0.0,    0.0,    0.0,    0.0,    0.0,    0.0,     22,     11,     13,.,      4,      4,.,      0,      0,      0,.,.,     19,     19,     22,     11,     13,.,      4,      4,.,      0,      0,      0,.,.,     19,     19,      0,      0,      0,      0,      0,      0,      0,      0,      0,      0,      0,      0,      0,      0,    63.5,    64.5,    78.3,    79.1,    54.6,    52.9,    59.3,    58.0,    63.5,    64.5,    78.3,    79.1,    54.6,    52.9,    59.3,    58.0,     0.0,     0.0,     0.0,     0.0,     0.0,     0.0,     0.0,     0.0,Megawatt Hours (MWh),064FJZ,NODX,064 ,N16,FutOnly
PJM.AEP-DAYTON HUB_mo_on_rtp - NODAL EXCHANGE,260908,2026-09-08,064FKA,NODX,01,064 ,   70848,   40519,   46174,    5014,    1149,    4705,    1675,    6310,    1330,    6500,     400,    1846,   61589,   61914,    9259,    8934,   70848,   40519,   46174,    5014,    1149,    4705,    1675,    6310,    1330,    6500,     400,    1846,   61589,   61914,    9259,    8934,       0,       0,       0,       0,       0,       0,       0,       0,       0,       0,       0,       0,       0,       0,       0,       0,   -4006,   -3045,   -3440,     -54,      92,    -237,     263,     140,       0,    -602,    -155,     176,   -3499,   -3424,    -507,    -582,  100.0,   57.2,   65.2,    7.1,    1.6,    6.6,    2.4,    8.9,    1.9,    9.2,    0.6,    2.6,   86.9,   87.4,   13.1,   12.6,  100.0,   57.2,   65.2,    7.1,    1.6,    6.6,    2.4,    8.9,    1.9,    9.2,    0.6,    2.6,   86.9,   87.4,   13.1,   12.6,  100.0,    0.0,    0.0,    0.0,    0.0,    0.0,    0.0,    0.0,    0.0,    0.0,    0.0,    0.0,    0.0,    0.0,    0.0,    0.0,     42,     21,     21,      5,.,      7,.,.,.,      7,.,      4,     38,     37,     42,     21,     21,      5,.,      7,.,.,.,      7,.,      4,     38,     37,      0,      0,      0,      0,      0,      0,      0,      0,      0,      0,      0,      0,      0,      0,    34.4,    46.1,    52.6,    62.1,    25.9,    35.7,    37.4,    46.6,    34.4,    46.1,    52.6,    62.1,    25.9,    35.7,    37.4,    46.6,     0.0,     0.0,     0.0,     0.0,     0.0,     0.0,     0.0,     0.0,Megawatt Hours (MWh),064FKA,NODX,064 ,N16,FutOnly
PJM.AEP-DAYTON HUB_mo_off_rtp - NODAL EXCHANGE,260908,2026-09-08,064FKB,NODX,01,064 ,   71381,   45757,   45518,    4114,     299,    5208,       0,    7455,     690,    3481,     760,    2355,   61605,   62285,    9776,    9096,   71381,   45757,   45518,    4114,     299,    5208,       0,    7455,     690,    3481,     760,    2355,   61605,   62285,    9776,    9096,       0,       0,       0,       0,       0,       0,       0,       0,       0,       0,       0,       0,       0,       0,       0,       0,   -3772,   -2911,   -3257,     112,      30,    -190,       0,     -50,     275,    -298,     215,     -75,   -3087,   -3052,    -685,    -720,  100.0,   64.1,   63.8,    5.8,    0.4,    7.3,    0.0,   10.4,    1.0,    4.9,    1.1,    3.3,   86.3,   87.3,   13.7,   12.7,  100.0,   64.1,   63.8,    5.8,    0.4,    7.3,    0.0,   10.4,    1.0,    4.9,    1.1,    3.3,   86.3,   87.3,   13.7,   12.7,  100.0,    0.0,    0.0,    0.0,    0.0,    0.0,    0.0,    0.0,    0.0,    0.0,    0.0,    0.0,    0.0,    0.0,    0.0,    0.0,     40,     19,     20,      5,.,      7,      0,      4,.,      5,.,.,     35,     35,     40,     19,     20,      5,.,      7,      0,      4,.,      5,.,.,     35,     35,      0,      0,      0,      0,      0,      0,      0,      0,      0,      0,      0,      0,      0,      0,    40.3,    43.7,    55.0,    59.5,    29.9,    33.9,    39.8,    44.2,    40.3,    43.7,    55.0,    59.5,    29.9,    33.9,    39.8,    44.2,     0.0,     0.0,     0.0,     0.0,     0.0,     0.0,     0.0,     0.0,Megawatt Hours (MWh),064FKB,NODX,064 ,N16,FutOnly
PJM.N ILLINOIS HUB_mo_on_rtp - NODAL EXCHANGE,260908,2026-09-08,064FKC,NODX,01,064 ,   68141,   51595,   52933,    7114,    6600,    2541,     845,       0,     455,     155,       0,      60,   62765,   62589,    5376,    5552,   68141,   51595,   52933,    7114,    6600,    2541,     845,       0,     455,     155,       0,      60,   62765,   62589,    5376,    5552,       0,       0,       0,       0,       0,       0,       0,       0,       0,       0,       0,       0,       0,       0,       0,       0,    -941,    -799,    -661,      44,    -311,     211,       0,       0,       0,    -120,       0,     -10,    -674,    -771,    -267,    -170,  100.0,   75.7,   77.7,   10.4,    9.7,    3.7,    1.2,    0.0,    0.7,    0.2,    0.0,    0.1,   92.1,   91.9,    7.9,    8.1,  100.0,   75.7,   77.7,   10.4,    9.7,    3.7,    1.2,    0.0,    0.7,    0.2,    0.0,    0.1,   92.1,   91.9,    7.9,    8.1,  100.0,    0.0,    0.0,    0.0,    0.0,    0.0,    0.0,    0.0,    0.0,    0.0,    0.0,    0.0,    0.0,    0.0,    0.0,    0.0,     26,     13,     11,.,.,      4,.,      0,.,.,      0,.,     21,     19,     26,     13,     11,.,.,      4,.,      0,.,.,      0,.,     21,     19,      0,      0,      0,      0,      0,      0,      0,      0,      0,      0,      0,      0,      0,      0,    56.3,    60.3,    77.3,    79.2,    37.4,    51.0,    54.9,    60.4,    56.3,    60.3,    77.3,    79.2,    37.4,    51.0,    54.9,    60.4,     0.0,     0.0,     0.0,     0.0,     0.0,     0.0,     0.0,     0.0,Megawatt Hours (MWh),064FKC,NODX,064 ,N16,FutOnly
PJM.N ILLINOIS HUB_mo_off_rtp - NODAL EXCHANGE,260908,2026-09-08,064FKD,NODX,01,064 ,   65423,   46334,   50516,    7695,    6776,    1375,    3189,       0,     415,      30,       0,      30,   59068,   59112,    6355,    6311,   65423,   46334,   50516,    7695,    6776,    1375,    3189,       0,     415,      30,       0,      30,   59068,   59112,    6355,    6311,       0,       0,       0,       0,       0,       0,       0,       0,       0,       0,       0,       0,       0,       0,       0,       0,   -2032,   -1045,   -1732,      25,     515,    -325,      25,       0,     -25,    -260,       0,     -20,   -1625,   -1587,    -407,    -445,  100.0,   70.8,   77.2,   11.8,   10.4,    2.1,    4.9,    0.0,    0.6,    0.0,    0.0,    0.0,   90.3,   90.4,    9.7,    9.6,  100.0,   70.8,   77.2,   11.8,   10.4,    2.1,    4.9,    0.0,    0.6,    0.0,    0.0,    0.0,   90.3,   90.4,    9.7,    9.6,  100.0,    0.0,    0.0,    0.0,    0.0,    0.0,    0.0,    0.0,    0.0,    0.0,    0.0,    0.0,    0.0,    0.0,    0.0,    0.0,     26,     13,     13,.,      4,      4,.,      0,.,.,      0,.,     20,     23,     26,     13,     13,.,      4,      4,.,      0,.,.,      0,.,     20,     23,      0,      0,      0,      0,      0,      0,      0,      0,      0,      0,      0,      0,      0,      0,    56.5,    59.8,    73.3,    76.0,    32.2,    46.1,    46.3,    52.5,    56.5,    59.8,    73.3,    76.0,    32.2,    46.1,    46.3,    52.5,     0.0,     0.0,     0.0,     0.0,     0.0,     0.0,     0.0,     0.0,Megawatt Hours (MWh),064FKD,NODX,064 ,N16,FutOnly
PJM.WESTERN HUB_month_on_rtp - NODAL EXCHANGE,260908,2026-09-08,064FKE,NODX,01,064 ,  233031,  125149,  169478,   55081,    4222,    9724,    6590,    5025,    3290,    3811,   11777,    1698,  205343,  205214,   27688,   27817,  233031,  125149,  169478,   55081,    4222,    9724,    6590,    5025,    3290,    3811,   11777,    1698,  205343,  205214,   27688,   27817,       0,       0,       0,       0,       0,       0,       0,       0,       0,       0,       0,       0,       0,       0,       0,       0,  -13676,   -6518,  -11268,   -4375,     418,    -292,    -755,    -645,     285,    -317,    -390,    -105,  -12077,  -11997,   -1599,   -1679,  100.0,   53.7,   72.7,   23.6,    1.8,    4.2,    2.8,    2.2,    1.4,    1.6,    5.1,    0.7,   88.1,   88.1,   11.9,   11.9,  100.0,   53.7,   72.7,   23.6,    1.8,    4.2,    2.8,    2.2,    1.4,    1.6,    5.1,    0.7,   88.1,   88.1,   11.9,   11.9,  100.0,    0.0,    0.0,    0.0,    0.0,    0.0,    0.0,    0.0,    0.0,    0.0,    0.0,    0.0,    0.0,    0.0,    0.0,    0.0,     51,     26,     27,      6,.,      6,.,.,.,      7,.,      6,     44,     44,     51,     26,     27,      6,.,      6,.,.,.,      7,.,      6,     44,     44,      0,      0,      0,      0,      0,      0,      0,      0,      0,      0,      0,      0,      0,      0,    35.9,    47.2,    58.3,    63.1,    32.8,    41.5,    50.9,    53.3,    35.9,    47.2,    58.3,    63.1,    32.8,    41.5,    50.9,    53.3,     0.0,     0.0,     0.0,     0.0,     0.0,     0.0,     0.0,     0.0,Megawatt Hours (MWh),064FKE,NODX,064 ,N16,FutOnly
PJM.WESTERN HUB_month_off_rtp - NODAL EXCHANGE,260908,2026-09-08,064FKF,NODX,01,064 ,  193681,   99782,  125151,   32284,    7192,    9477,    9000,    3920,    3035,    3621,    8650,    3025,  160224,  160450,   33457,   33231,  193681,   99782,  125151,   32284,    7192,    9477,    9000,    3920,    3035,    3621,    8650,    3025,  160224,  160450,   33457,   33231,       0,       0,       0,       0,       0,       0,       0,       0,       0,       0,       0,       0,       0,       0,       0,       0,   -8647,   -4153,   -6872,   -3042,     -43,     -12,    -335,    -320,     145,    -160,    -400,     101,   -7456,   -7401,   -1191,   -1246,  100.0,   51.5,   64.6,   16.7,    3.7,    4.9,    4.6,    2.0,    1.6,    1.9,    4.5,    1.6,   82.7,   82.8,   17.3,   17.2,  100.0,   51.5,   64.6,   16.7,    3.7,    4.9,    4.6,    2.0,    1.6,    1.9,    4.5,    1.6,   82.7,   82.8,   17.3,   17.2,  100.0,    0.0,    0.0,    0.0,    0.0,    0.0,    0.0,    0.0,    0.0,    0.0,    0.0,    0.0,    0.0,    0.0,    0.0,    0.0,     48,     26,     26,      5,.,      6,.,.,.,      4,      4,      4,     41,     42,     48,     26,     26,      5,.,      6,.,.,.,      4,      4,      4,     41,     42,      0,      0,      0,      0,      0,      0,      0,      0,      0,      0,      0,      0,      0,      0,    36.7,    46.2,    54.9,    58.4,    32.5,    41.9,    46.6,    50.5,    36.7,    46.2,    54.9,    58.4,    32.5,    41.9,    46.6,    50.5,     0.0,     0.0,     0.0,     0.0,     0.0,     0.0,     0.0,     0.0,Megawatt Hours (MWh),064FKF,NODX,064 ,N16,FutOnly
ERCOT.HB_NORTH_month_on_rtp - NODAL EXCHANGE,260908,2026-09-08,064FOK,NODX,01,064 ,   82910,   64424,   51090,    3591,   18535,    1130,       0,     900,       0,    1875,    1075,      25,   71045,   72755,   11865,   10155,   82910,   64424,   51090,    3591,   18535,    1130,       0,     900,       0,    1875,    1075,      25,   71045,   72755,   11865,   10155,       0,       0,       0,       0,       0,       0,       0,       0,       0,       0,       0,       0,       0,       0,       0,       0,       0,   -1730,    -160,    -195,     -65,       0,       0,       0,       0,       0,       0,       0,   -1925,    -225,    1925,     225,  100.0,   77.7,   61.6,    4.3,   22.4,    1.4,    0.0,    1.1,    0.0,    2.3,    1.3,    0.0,   85.7,   87.8,   14.3,   12.2,  100.0,   77.7,   61.6,    4.3,   22.4,    1.4,    0.0,    1.1,    0.0,    2.3,    1.3,    0.0,   85.7,   87.8,   14.3,   12.2,  100.0,    0.0,    0.0,    0.0,    0.0,    0.0,    0.0,    0.0,    0.0,    0.0,    0.0,    0.0,    0.0,    0.0,    0.0,    0.0,     27,     15,     16,.,      4,.,      0,.,      0,.,.,.,     20,     24,     27,     15,     16,.,      4,.,      0,.,      0,.,.,.,     20,     24,      0,      0,      0,      0,      0,      0,      0,      0,      0,      0,      0,      0,      0,      0,    63.0,    46.7,    75.9,    67.7,    57.6,    44.0,    66.9,    60.7,    63.0,    46.7,    75.9,    67.7,    57.6,    44.0,    66.9,    60.7,     0.0,     0.0,     0.0,     0.0,     0.0,     0.0,     0.0,     0.0,Megawatt Hours (MWh),064FOK,NODX,064 ,N16,FutOnly
ERCOT.HB_NORTH_month_off_rtp - NODAL EXCHANGE,260908,2026-09-08,064FOL,NODX,01,064 ,   80055,   64924,   52550,    3341,   16235,    1430,       0,       0,       0,       0,    1075,       0,   69695,   71290,   10360,    8765,   80055,   64924,   52550,    3341,   16235,    1430,       0,       0,       0,       0,    1075,       0,   69695,   71290,   10360,    8765,       0,       0,       0,       0,       0,       0,       0,       0,       0,       0,       0,       0,       0,       0,       0,       0,       0,   -1760,    -135,     -70,     -15,       0,       0,       0,       0,       0,       0,       0,   -1830,    -150,    1830,     150,  100.0,   81.1,   65.6,    4.2,   20.3,    1.8,    0.0,    0.0,    0.0,    0.0,    1.3,    0.0,   87.1,   89.1,   12.9,   10.9,  100.0,   81.1,   65.6,    4.2,   20.3,    1.8,    0.0,    0.0,    0.0,    0.0,    1.3,    0.0,   87.1,   89.1,   12.9,   10.9,  100.0,    0.0,    0.0,    0.0,    0.0,    0.0,    0.0,    0.0,    0.0,    0.0,    0.0,    0.0,    0.0,    0.0,    0.0,    0.0,     24,     13,     16,.,      4,      4,      0,      0,      0,      0,.,      0,     18,     22,     24,     13,     16,.,      4,      4,      0,      0,      0,      0,.,      0,     18,     22,      0,      0,      0,      0,      0,      0,      0,      0,      0,      0,      0,      0,      0,      0,    67.8,    48.6,    81.6,    69.6,    60.8,    45.9,    69.9,    63.0,    67.8,    48.6,    81.6,    69.6,    60.8,    45.9,    69.9,    63.0,     0.0,     0.0,     0.0,     0.0,     0.0,     0.0,     0.0,     0.0,Megawatt Hours (MWh),064FOL,NODX,064 ,N16,FutOnly
PJM.ATSI_month_on_dap - NODAL EXCHANGE,260908,2026-09-08,064FZA,NODX,01,064 ,   30885,   18047,   19215,    1278,    6577,    1382,       0,      50,       0,    7790,    1405,     225,   28722,   28854,    2163,    2031,   30885,   18047,   19215,    1278,    6577,    1382,       0,      50,       0,    7790,    1405,     225,   28722,   28854,    2163,    2031,       0,       0,       0,       0,       0,       0,       0,       0,       0,       0,       0,       0,       0,       0,       0,       0,   -1201,   -1006,    -630,     -55,    -323,       0,       0,     -50,       0,     100,      45,     -45,   -1006,   -1003,    -195,    -198,  100.0,   58.4,   62.2,    4.1,   21.3,    4.5,    0.0,    0.2,    0.0,   25.2,    4.5,    0.7,   93.0,   93.4,    7.0,    6.6,  100.0,   58.4,   62.2,    4.1,   21.3,    4.5,    0.0,    0.2,    0.0,   25.2,    4.5,    0.7,   93.0,   93.4,    7.0,    6.6,  100.0,    0.0,    0.0,    0.0,    0.0,    0.0,    0.0,    0.0,    0.0,    0.0,    0.0,    0.0,    0.0,    0.0,    0.0,    0.0,     21,      9,      4,.,.,.,      0,.,      0,.,.,.,     15,     11,     21,      9,      4,.,.,.,      0,.,      0,.,.,.,     15,     11,      0,      0,      0,      0,      0,      0,      0,      0,      0,      0,      0,      0,      0,      0,    68.8,    78.3,    85.3,    90.4,    64.0,    77.8,    78.4,    84.4,    68.8,    78.3,    85.3,    90.4,    64.0,    77.8,    78.4,    84.4,     0.0,     0.0,     0.0,     0.0,     0.0,     0.0,     0.0,     0.0,Megawatt Hours (MWh),064FZA,NODX,064 ,N16,FutOnly
PJM.ATSI_month_off_dap - NODAL EXCHANGE,260908,2026-09-08,064FZB,NODX,01,064 ,   30885,   18047,   19215,    1278,    6577,    1382,       0,      50,       0,    7790,    1405,     225,   28722,   28854,    2163,    2031,   30885,   18047,   19215,    1278,    6577,    1382,       0,      50,       0,    7790,    1405,     225,   28722,   28854,    2163,    2031,       0,       0,       0,       0,       0,       0,       0,       0,       0,       0,       0,       0,       0,       0,       0,       0,   -1191,    -996,    -630,     -55,    -323,       0,       0,     -50,       0,     100,      45,     -45,    -996,   -1003,    -195,    -188,  100.0,   58.4,   62.2,    4.1,   21.3,    4.5,    0.0,    0.2,    0.0,   25.2,    4.5,    0.7,   93.0,   93.4,    7.0,    6.6,  100.0,   58.4,   62.2,    4.1,   21.3,    4.5,    0.0,    0.2,    0.0,   25.2,    4.5,    0.7,   93.0,   93.4,    7.0,    6.6,  100.0,    0.0,    0.0,    0.0,    0.0,    0.0,    0.0,    0.0,    0.0,    0.0,    0.0,    0.0,    0.0,    0.0,    0.0,    0.0,     21,      9,      4,.,.,.,      0,.,      0,.,.,.,     15,     11,     21,      9,      4,.,.,.,      0,.,      0,.,.,.,     15,     11,      0,      0,      0,      0,      0,      0,      0,      0,      0,      0,      0,      0,      0,      0,    68.8,    78.3,    85.3,    90.4,    64.0,    77.8,    78.4,    84.4,    68.8,    78.3,    85.3,    90.4,    64.0,    77.8,    78.4,    84.4,     0.0,     0.0,     0.0,     0.0,     0.0,     0.0,     0.0,     0.0,Megawatt Hours (MWh),064FZB,NODX,064 ,N16,FutOnly
ERCOT.HB_NORTH_month_7x8_rtp - NODAL EXCHANGE,260908,2026-09-08,064GBD,NODX,01,064 ,   38805,   22925,   30545,    2975,    1675,     925,       0,    1400,    2350,    7200,       0,       0,   36375,   36895,    2430,    1910,   38805,   22925,   30545,    2975,    1675,     925,       0,    1400,    2350,    7200,       0,       0,   36375,   36895,    2430,    1910,       0,       0,       0,       0,       0,       0,       0,       0,       0,       0,       0,       0,       0,       0,       0,       0,       0,    -340,       0,       0,       0,     -50,       0,       0,       0,       0,       0,       0,    -390,     -50,     390,      50,  100.0,   59.1,   78.7,    7.7,    4.3,    2.4,    0.0,    3.6,    6.1,   18.6,    0.0,    0.0,   93.7,   95.1,    6.3,    4.9,  100.0,   59.1,   78.7,    7.7,    4.3,    2.4,    0.0,    3.6,    6.1,   18.6,    0.0,    0.0,   93.7,   95.1,    6.3,    4.9,  100.0,    0.0,    0.0,    0.0,    0.0,    0.0,    0.0,    0.0,    0.0,    0.0,    0.0,    0.0,    0.0,    0.0,    0.0,    0.0,     21,     14,     11,.,.,.,      0,.,.,.,      0,      0,     19,     15,     21,     14,     11,.,.,.,      0,.,.,.,      0,      0,     19,     15,      0,      0,      0,      0,      0,      0,      0,      0,      0,      0,      0,      0,      0,      0,    55.0,    61.6,    75.8,    84.9,    47.1,    47.2,    55.4,    59.2,    55.0,    61.6,    75.8,    84.9,    47.1,    47.2,    55.4,    59.2,     0.0,     0.0,     0.0,     0.0,     0.0,     0.0,     0.0,     0.0,Megawatt Hours (MWh),064GBD,NODX,064 ,N16,FutOnly
ERCOT North 345KV Hub RT 7x16 - ICE FUTURES ENERGY DIV,260908,2026-09-08,064IBM,IFED,01,064 ,   17279,   12966,   11173,    1574,    1285,    1436,       0,    1980,       0,     375,     675,     400,   16751,   16949,     528,     330,   17279,   12966,   11173,    1574,    1285,    1436,       0,    1980,       0,     375,     675,     400,   16751,   16949,     528,     330,       0,       0,       0,       0,       0,       0,       0,       0,       0,       0,       0,       0,       0,       0,       0,       0,       0,    -268,     -90,       0,       0,       0,       0,       0,       0,       0,       0,       0,    -268,     -90,     268,      90,  100.0,   75.0,   64.7,    9.1,    7.4,    8.3,    0.0,   11.5,    0.0,    2.2,    3.9,    2.3,   96.9,   98.1,    3.1,    1.9,  100.0,   75.0,   64.7,    9.1,    7.4,    8.3,    0.0,   11.5,    0.0,    2.2,    3.9,    2.3,   96.9,   98.1,    3.1,    1.9,  100.0,    0.0,    0.0,    0.0,    0.0,    0.0,    0.0,    0.0,    0.0,    0.0,    0.0,    0.0,    0.0,    0.0,    0.0,    0.0,     29,     15,     13,.,.,      4,      0,.,      0,.,.,      4,     24,     24,     29,     15,     13,.,.,      4,      0,.,      0,.,.,      4,     24,     24,      0,      0,      0,      0,      0,      0,      0,      0,      0,      0,      0,      0,      0,      0,    43.8,    49.8,    69.2,    71.0,    24.7,    31.1,    34.9,    40.3,    43.8,    49.8,    69.2,    71.0,    24.7,    31.1,    34.9,    40.3,     0.0,     0.0,     0.0,     0.0,     0.0,     0.0,     0.0,     0.0,(1MW for about 352 Hours),064IBM,IFED,064 ,N16,FutOnly
PROPANE ARGUS CIF ARA MINI - ICE FUTURES ENERGY DIV,260908,2026-09-08,066391,IFED,01,066 ,    6179,    3963,    1406,    1164,      17,     247,       0,       0,       0,       0,    3662,      78,    5452,    5410,     727,     769,    6179,    3963,    1406,    1164,      17,     247,       0,       0,       0,       0,    3662,      78,    5452,    5410,     727,     769,       0,       0,       0,       0,       0,       0,       0,       0,       0,       0,       0,       0,       0,       0,       0,       0,    -831,    -528,    -309,       5,    -374,     -15,       0,       0,       0,    -210,    -221,     -13,    -761,    -932,     -70,     101,  100.0,   64.1,   22.8,   18.8,    0.3,    4.0,    0.0,    0.0,    0.0,    0.0,   59.3,    1.3,   88.2,   87.6,   11.8,   12.4,  100.0,   64.1,   22.8,   18.8,    0.3,    4.0,    0.0,    0.0,    0.0,    0.0,   59.3,    1.3,   88.2,   87.6,   11.8,   12.4,  100.0,    0.0,    0.0,    0.0,    0.0,    0.0,    0.0,    0.0,    0.0,    0.0,    0.0,    0.0,    0.0,    0.0,    0.0,    0.0,     31,     15,     12,      4,.,.,      0,      0,      0,      0,      6,.,     23,     20,     31,     15,     12,      4,.,.,      0,      0,      0,      0,      6,.,     23,     20,      0,      0,      0,      0,      0,      0,      0,      0,      0,      0,      0,      0,      0,      0,    40.0,    60.7,    63.2,    79.6,    39.8,    60.5,    62.7,    76.1,    40.0,    60.7,    63.2,    79.6,    39.8,    60.5,    62.7,    76.1,     0.0,     0.0,     0.0,     0.0,     0.0,     0.0,     0.0,     0.0,100 metric tonnes,066391,IFED,066 ,N13,FutOnly
PROPANE ARGUS FAR EAST MINI - ICE FUTURES ENERGY DIV,260908,2026-09-08,066393,IFED,01,066 ,    9175,    4938,    2330,     390,    2504,      98,       0,       0,       0,    2011,    2997,     418,    7855,    8347,    1320,     828,    9175,    4938,    2330,     390,    2504,      98,       0,       0,       0,    2011,    2997,     418,    7855,    8347,    1320,     828,       0,       0,       0,       0,       0,       0,       0,       0,       0,       0,       0,       0,       0,       0,       0,       0,    -920,      59,    -177,      12,      64,     -22,       0,       0,       0,      41,      39,    -199,    -109,    -295,    -811,    -625,  100.0,   53.8,   25.4,    4.3,   27.3,    1.1,    0.0,    0.0,    0.0,   21.9,   32.7,    4.6,   85.6,   91.0,   14.4,    9.0,  100.0,   53.8,   25.4,    4.3,   27.3,    1.1,    0.0,    0.0,    0.0,   21.9,   32.7,    4.6,   85.6,   91.0,   14.4,    9.0,  100.0,    0.0,    0.0,    0.0,    0.0,    0.0,    0.0,    0.0,    0.0,    0.0,    0.0,    0.0,    0.0,    0.0,    0.0,    0.0,     66,     31,     24,.,      4,      4,      0,      0,      0,     13,      8,     10,     53,     44,     66,     31,     24,.,      4,      4,      0,      0,      0,     13,      8,     10,     53,     44,      0,      0,      0,      0,      0,      0,      0,      0,      0,      0,      0,      0,      0,      0,    17.3,    56.4,    31.5,    68.2,    16.4,    55.2,    28.5,    63.5,    17.3,    56.4,    31.5,    68.2,    16.4,    55.2,    28.5,    63.5,     0.0,     0.0,     0.0,     0.0,     0.0,     0.0,     0.0,     0.0,100  metric tonnes,066393,IFED,066 ,N13,FutOnly
"PROPANE,OPIS MT B TET/AFEI - ICE FUTURES ENERGY DIV",260908,2026-09-08,06639W,IFED,01,066 ,    4144,    2179,     408,     525,    1233,       2,       0,      50,      47,     227,    1459,     372,    3352,    3571,     792,     573,    4144,    2179,     408,     525,    1233,       2,       0,      50,      47,     227,    1459,     372,    3352,    3571,     792,     573,       0,       0,       0,       0,       0,       0,       0,       0,       0,       0,       0,       0,       0,       0,       0,       0,    -403,     -74,     119,      80,    -163,      -3,       0,      42,     -42,    -203,     -67,     -17,    -259,    -131,    -144,    -272,  100.0,   52.6,    9.8,   12.7,   29.8,    0.0,    0.0,    1.2,    1.1,    5.5,   35.2,    9.0,   80.9,   86.2,   19.1,   13.8,  100.0,   52.6,    9.8,   12.7,   29.8,    0.0,    0.0,    1.2,    1.1,    5.5,   35.2,    9.0,   80.9,   86.2,   19.1,   13.8,  100.0,    0.0,    0.0,    0.0,    0.0,    0.0,    0.0,    0.0,    0.0,    0.0,    0.0,    0.0,    0.0,    0.0,    0.0,    0.0,     24,     11,      9,.,.,.,      0,.,.,      4,      4,      7,     22,     18,     24,     11,      9,.,.,.,      0,.,.,      4,      4,      7,     22,     18,      0,      0,      0,      0,      0,      0,      0,      0,      0,      0,      0,      0,      0,      0,    46.9,    66.2,    63.6,    78.4,    46.8,    63.2,    59.1,    69.2,    46.9,    66.2,    63.6,    78.4,    46.8,    63.2,    59.1,    69.2,     0.0,     0.0,     0.0,     0.0,     0.0,     0.0,     0.0,     0.0,1000 Metric Tonnes,06639W,IFED,066 ,N13,FutOnly
ARGUS CIF ARA Lg Finl Propane - ICE FUTURES ENERGY DIV,260908,2026-09-08,066411,IFED,01,066 ,    4009,    1418,    2082,     322,     132,     462,       0,       0,       0,     783,     203,     431,    3416,    3310,     593,     699,    4009,    1418,    2082,     322,     132,     462,       0,       0,       0,     783,     203,     431,    3416,    3310,     593,     699,       0,       0,       0,       0,       0,       0,       0,       0,       0,       0,       0,       0,       0,       0,       0,       0,    -202,     -43,    -263,     -25,      30,      -6,       0,       0,       0,     -29,      84,     -17,    -120,    -172,     -82,     -30,  100.0,   35.4,   51.9,    8.0,    3.3,   11.5,    0.0,    0.0,    0.0,   19.5,    5.1,   10.8,   85.2,   82.6,   14.8,   17.4,  100.0,   35.4,   51.9,    8.0,    3.3,   11.5,    0.0,    0.0,    0.0,   19.5,    5.1,   10.8,   85.2,   82.6,   14.8,   17.4,  100.0,    0.0,    0.0,    0.0,    0.0,    0.0,    0.0,    0.0,    0.0,    0.0,    0.0,    0.0,    0.0,    0.0,    0.0,    0.0,     22,     12,     13,.,.,.,      0,      0,      0,.,.,      4,     19,     21,     22,     12,     13,.,.,.,      0,      0,      0,.,.,      4,     19,     21,      0,      0,      0,      0,      0,      0,      0,      0,      0,      0,      0,      0,      0,      0,    44.4,    38.8,    68.0,    57.5,    32.3,    26.7,    40.1,    34.8,    44.4,    38.8,    68.0,    57.5,    32.3,    26.7,    40.1,    34.8,     0.0,     0.0,     0.0,     0.0,     0.0,     0.0,     0.0,     0.0,1000 metric tonnes,066411,IFED,066 ,N13,FutOnly
ARGUS FAR EAST PROPANE - ICE FUTURES ENERGY DIV,260908,2026-09-08,066413,IFED,01,066 ,   15135,    8622,    9763,     621,     863,     659,      63,       0,       0,    1532,    1060,    1974,   13471,   14319,    1664,     816,   15135,    8622,    9763,     621,     863,     659,      63,       0,       0,    1532,    1060,    1974,   13471,   14319,    1664,     816,       0,       0,       0,       0,       0,       0,       0,       0,       0,       0,       0,       0,       0,       0,       0,       0,   -1317,    -700,    -843,     -85,     -45,     -26,     -41,       0,       0,     118,    -182,    -119,    -853,   -1215,    -464,    -102,  100.0,   57.0,   64.5,    4.1,    5.7,    4.4,    0.4,    0.0,    0.0,   10.1,    7.0,   13.0,   89.0,   94.6,   11.0,    5.4,  100.0,   57.0,   64.5,    4.1,    5.7,    4.4,    0.4,    0.0,    0.0,   10.1,    7.0,   13.0,   89.0,   94.6,   11.0,    5.4,  100.0,    0.0,    0.0,    0.0,    0.0,    0.0,    0.0,    0.0,    0.0,    0.0,    0.0,    0.0,    0.0,    0.0,    0.0,    0.0,     70,     42,     42,.,.,      6,.,      0,      0,      6,      8,     17,     66,     66,     70,     42,     42,.,.,      6,.,      0,      0,      6,      8,     17,     66,     66,      0,      0,      0,      0,      0,      0,      0,      0,      0,      0,      0,      0,      0,      0,    32.5,    28.1,    45.4,    43.8,    26.5,    27.0,    36.7,    39.2,    32.5,    28.1,    45.4,    43.8,    26.5,    27.0,    36.7,    39.2,     0.0,     0.0,     0.0,     0.0,     0.0,     0.0,     0.0,     0.0,1000  metric tonnes,066413,IFED,066 ,N13,FutOnly
"ETHANE, MT. BELV-ENTERPRISE - ICE FUTURES ENERGY DIV",260908,2026-09-08,066416,IFED,01,066 ,   88953,   53939,   57239,    2758,    9299,    7815,    2348,     170,      78,    9812,    2615,   11546,   88296,   88762,     657,     191,   88953,   53939,   57239,    2758,    9299,    7815,    2348,     170,      78,    9812,    2615,   11546,   88296,   88762,     657,     191,       0,       0,       0,       0,       0,       0,       0,       0,       0,       0,       0,       0,       0,       0,       0,       0,   -4768,   -5569,   -2841,    -157,     -53,     157,      18,       0,     -13,    1343,   -1421,    -466,   -4687,   -4637,     -81,    -131,  100.0,   60.6,   64.3,    3.1,   10.5,    8.8,    2.6,    0.2,    0.1,   11.0,    2.9,   13.0,   99.3,   99.8,    0.7,    0.2,  100.0,   60.6,   64.3,    3.1,   10.5,    8.8,    2.6,    0.2,    0.1,   11.0,    2.9,   13.0,   99.3,   99.8,    0.7,    0.2,  100.0,    0.0,    0.0,    0.0,    0.0,    0.0,    0.0,    0.0,    0.0,    0.0,    0.0,    0.0,    0.0,    0.0,    0.0,    0.0,     55,     26,     28,.,      5,      7,.,.,.,      6,      6,      8,     47,     47,     55,     26,     28,.,      5,      7,.,.,.,      6,      6,      8,     47,     47,      0,      0,      0,      0,      0,      0,      0,      0,      0,      0,      0,      0,      0,      0,    41.1,    36.2,    60.2,    56.5,    25.3,    22.9,    34.0,    33.0,    41.1,    36.2,    60.2,    56.5,    25.3,    22.9,    34.0,    33.0,     0.0,     0.0,     0.0,     0.0,     0.0,     0.0,     0.0,     0.0,42000 gallons(1000 barrels),066416,IFED,066 ,N13,FutOnly
ISOBUTANE OPIS MT BELV NONTET - ICE FUTURES ENERGY DIV,260908,2026-09-08,066418,IFED,01,066 ,    8586,    3715,    1902,    3393,    4242,     592,       0,       0,       0,     451,    1354,       2,    8153,    8092,     433,     494,    8586,    3715,    1902,    3393,    4242,     592,       0,       0,       0,     451,    1354,       2,    8153,    8092,     433,     494,       0,       0,       0,       0,       0,       0,       0,       0,       0,       0,       0,       0,       0,       0,       0,       0,    -933,    -486,    -240,    -230,    -372,    -160,       0,       0,       0,       0,     -90,      -2,    -878,    -864,     -55,     -69,  100.0,   43.3,   22.2,   39.5,   49.4,    6.9,    0.0,    0.0,    0.0,    5.3,   15.8,    0.0,   95.0,   94.2,    5.0,    5.8,  100.0,   43.3,   22.2,   39.5,   49.4,    6.9,    0.0,    0.0,    0.0,    5.3,   15.8,    0.0,   95.0,   94.2,    5.0,    5.8,  100.0,    0.0,    0.0,    0.0,    0.0,    0.0,    0.0,    0.0,    0.0,    0.0,    0.0,    0.0,    0.0,    0.0,    0.0,    0.0,     32,     14,      7,      4,      5,.,      0,      0,      0,.,.,.,     21,     16,     32,     14,      7,      4,      5,.,      0,      0,      0,.,.,.,     21,     16,      0,      0,      0,      0,      0,      0,      0,      0,      0,      0,      0,      0,      0,      0,    50.6,    56.9,    72.4,    83.6,    44.0,    56.9,    65.4,    79.1,    50.6,    56.9,    72.4,    83.6,    44.0,    56.9,    65.4,    79.1,     0.0,     0.0,     0.0,     0.0,     0.0,     0.0,     0.0,     0.0,42000 gallons(1000 barrels),066418,IFED,066 ,N13,FutOnly
NAT GASLNE OPIS MT B NONTET FP - ICE FUTURES ENERGY DIV,260908,2026-09-08,06641A,IFED,01,066 ,   16196,   13934,    8925,     803,    1494,     550,       0,       0,       0,     197,    3491,     624,   16108,   15084,      88,    1112,   16196,   13934,    8925,     803,    1494,     550,       0,       0,       0,     197,    3491,     624,   16108,   15084,      88,    1112,       0,       0,       0,       0,       0,       0,       0,       0,       0,       0,       0,       0,       0,       0,       0,       0,   -1555,   -2055,   -1675,     340,    -482,     231,       0,       0,       0,      12,     455,     -60,   -1532,   -1531,     -23,     -24,  100.0,   86.0,   55.1,    5.0,    9.2,    3.4,    0.0,    0.0,    0.0,    1.2,   21.6,    3.9,   99.5,   93.1,    0.5,    6.9,  100.0,   86.0,   55.1,    5.0,    9.2,    3.4,    0.0,    0.0,    0.0,    1.2,   21.6,    3.9,   99.5,   93.1,    0.5,    6.9,  100.0,    0.0,    0.0,    0.0,    0.0,    0.0,    0.0,    0.0,    0.0,    0.0,    0.0,    0.0,    0.0,    0.0,    0.0,    0.0,     33,     16,     18,.,      5,      6,      0,      0,      0,.,.,.,     25,     29,     33,     16,     18,.,      5,      6,      0,      0,      0,.,.,.,     25,     29,      0,      0,      0,      0,      0,      0,      0,      0,      0,      0,      0,      0,      0,      0,    64.4,    59.0,    83.1,    73.5,    52.6,    44.3,    64.8,    55.8,    64.4,    59.0,    83.1,    73.5,    52.6,    44.3,    64.8,    55.8,     0.0,     0.0,     0.0,     0.0,     0.0,     0.0,     0.0,     0.0,42000 gallons(1000 barrels),06641A,IFED,066 ,N13,FutOnly
BUTANE OPIS MT BELV NONTET FP  - ICE FUTURES ENERGY DIV,260908,2026-09-08,06641D,IFED,01,066 ,   59648,   35449,   32393,    2663,    9388,    5343,    3010,       0,     423,    6751,    5975,    5677,   59316,   59199,     332,     449,   59648,   35449,   32393,    2663,    9388,    5343,    3010,       0,     423,    6751,    5975,    5677,   59316,   59199,     332,     449,       0,       0,       0,       0,       0,       0,       0,       0,       0,       0,       0,       0,       0,       0,       0,       0,   -7161,   -5051,   -4975,     555,   -1032,    -665,      60,       0,       0,    -147,    1011,   -1404,   -6652,   -7065,    -509,     -96,  100.0,   59.4,   54.3,    4.5,   15.7,    9.0,    5.0,    0.0,    0.7,   11.3,   10.0,    9.5,   99.4,   99.2,    0.6,    0.8,  100.0,   59.4,   54.3,    4.5,   15.7,    9.0,    5.0,    0.0,    0.7,   11.3,   10.0,    9.5,   99.4,   99.2,    0.6,    0.8,  100.0,    0.0,    0.0,    0.0,    0.0,    0.0,    0.0,    0.0,    0.0,    0.0,    0.0,    0.0,    0.0,    0.0,    0.0,    0.0,     95,     51,     44,.,      9,      8,.,      0,.,     14,      6,     15,     80,     75,     95,     51,     44,.,      9,      8,.,      0,.,     14,      6,     15,     80,     75,      0,      0,      0,      0,      0,      0,      0,      0,      0,      0,      0,      0,      0,      0,    28.5,    32.3,    44.7,    46.9,    22.0,    21.4,    34.2,    33.5,    28.5,    32.3,    44.7,    46.9,    22.0,    21.4,    34.2,    33.5,     0.0,     0.0,     0.0,     0.0,     0.0,     0.0,     0.0,     0.0,42000 gallons(1000 barrels),06641D,IFED,066 ,N13,FutOnly
PROPANE OPIS CONWAY INWELL FP - ICE FUTURES ENERGY DIV,260908,2026-09-08,06641E,IFED,01,066 ,   10351,    5223,    6876,    1340,    1062,     496,       0,       0,       0,    2373,     855,     592,   10024,    9881,     327,     470,   10351,    5223,    6876,    1340,    1062,     496,       0,       0,       0,    2373,     855,     592,   10024,    9881,     327,     470,       0,       0,       0,       0,       0,       0,       0,       0,       0,       0,       0,       0,       0,       0,       0,       0,   -2326,   -1574,   -1822,    -228,      81,    -218,       0,       0,       0,     308,     107,    -626,   -2338,   -2478,      12,     152,  100.0,   50.5,   66.4,   12.9,   10.3,    4.8,    0.0,    0.0,    0.0,   22.9,    8.3,    5.7,   96.8,   95.5,    3.2,    4.5,  100.0,   50.5,   66.4,   12.9,   10.3,    4.8,    0.0,    0.0,    0.0,   22.9,    8.3,    5.7,   96.8,   95.5,    3.2,    4.5,  100.0,    0.0,    0.0,    0.0,    0.0,    0.0,    0.0,    0.0,    0.0,    0.0,    0.0,    0.0,    0.0,    0.0,    0.0,    0.0,     35,     16,     17,      4,      5,      6,      0,      0,      0,      4,.,      4,     29,     29,     35,     16,     17,      4,      5,      6,      0,      0,      0,      4,.,      4,     29,     29,      0,      0,      0,      0,      0,      0,      0,      0,      0,      0,      0,      0,      0,      0,    59.7,    51.7,    75.0,    73.8,    55.4,    45.4,    63.8,    59.5,    59.7,    51.7,    75.0,    73.8,    55.4,    45.4,    63.8,    59.5,     0.0,     0.0,     0.0,     0.0,     0.0,     0.0,     0.0,     0.0,42000 gallons(1000 barrels),06641E,IFED,066 ,N13,FutOnly
PROPANE OPIS MT BELV NONTET FP - ICE FUTURES ENERGY DIV,260908,2026-09-08,06641F,IFED,01,066 ,  101525,   66000,   53940,   10266,   31025,     944,       0,       0,       0,   12939,    3955,   11031,  101180,  100895,     345,     630,  101525,   66000,   53940,   10266,   31025,     944,       0,       0,       0,   12939,    3955,   11031,  101180,  100895,     345,     630,       0,       0,       0,       0,       0,       0,       0,       0,       0,       0,       0,       0,       0,       0,       0,       0,   -8622,   -2941,   -5984,   -1221,   -2074,     -35,       0,       0,       0,   -5870,   -2695,    2232,   -7835,   -8556,    -787,     -66,  100.0,   65.0,   53.1,   10.1,   30.6,    0.9,    0.0,    0.0,    0.0,   12.7,    3.9,   10.9,   99.7,   99.4,    0.3,    0.6,  100.0,   65.0,   53.1,   10.1,   30.6,    0.9,    0.0,    0.0,    0.0,   12.7,    3.9,   10.9,   99.7,   99.4,    0.3,    0.6,  100.0,    0.0,    0.0,    0.0,    0.0,    0.0,    0.0,    0.0,    0.0,    0.0,    0.0,    0.0,    0.0,    0.0,    0.0,    0.0,     77,     33,     30,      5,     12,      6,      0,      0,      0,      7,      6,      6,     53,     52,     77,     33,     30,      5,     12,      6,      0,      0,      0,      7,      6,      6,     53,     52,      0,      0,      0,      0,      0,      0,      0,      0,      0,      0,      0,      0,      0,      0,    55.8,    35.2,    73.8,    59.6,    47.5,    27.0,    62.2,    49.7,    55.8,    35.2,    73.8,    59.6,    47.5,    27.0,    62.2,    49.7,     0.0,     0.0,     0.0,     0.0,     0.0,     0.0,     0.0,     0.0,42000 gallons(1000 barrels),06641F,IFED,066 ,N13,FutOnly
PROPANE OPIS MT BELVIEU TET FP - ICE FUTURES ENERGY DIV,260908,2026-09-08,06641G,IFED,01,066 ,  169678,   87395,   95784,   22323,   11216,    9367,     685,    5608,     167,   28834,   26814,   20273,  169044,  169229,     634,     449,  169678,   87395,   95784,   22323,   11216,    9367,     685,    5608,     167,   28834,   26814,   20273,  169044,  169229,     634,     449,       0,       0,       0,       0,       0,       0,       0,       0,       0,       0,       0,       0,       0,       0,       0,       0,  -12272,   -7987,   -7244,    -890,   -2153,   -1553,     685,   -1164,     -60,   -1430,     478,    -351,  -11586,  -12047,    -686,    -225,  100.0,   51.5,   56.5,   13.2,    6.6,    5.5,    0.4,    3.3,    0.1,   17.0,   15.8,   11.9,   99.6,   99.7,    0.4,    0.3,  100.0,   51.5,   56.5,   13.2,    6.6,    5.5,    0.4,    3.3,    0.1,   17.0,   15.8,   11.9,   99.6,   99.7,    0.4,    0.3,  100.0,    0.0,    0.0,    0.0,    0.0,    0.0,    0.0,    0.0,    0.0,    0.0,    0.0,    0.0,    0.0,    0.0,    0.0,    0.0,    143,     64,     74,      8,     11,     15,.,      4,.,     13,     20,     22,    110,    126,    143,     64,     74,      8,     11,     15,.,      4,.,     13,     20,     22,    110,    126,      0,      0,      0,      0,      0,      0,      0,      0,      0,      0,      0,      0,      0,      0,    28.4,    30.5,    45.4,    43.9,    28.3,    24.3,    42.3,    33.8,    28.4,    30.5,    45.4,    43.9,    28.3,    24.3,    42.3,    33.8,     0.0,     0.0,     0.0,     0.0,     0.0,     0.0,     0.0,     0.0,42000 gallons(1000 barrels),06641G,IFED,066 ,N13,FutOnly
PROPANE ARGUS SAUDI CP FP - ICE FUTURES ENERGY DIV,260908,2026-09-08,06641H,IFED,01,066 ,    3017,     772,    2166,     103,       0,      33,      32,       0,       0,     563,     121,     166,    1669,    2486,    1348,     531,    3017,     772,    2166,     103,       0,      33,      32,       0,       0,     563,     121,     166,    1669,    2486,    1348,     531,       0,       0,       0,       0,       0,       0,       0,       0,       0,       0,       0,       0,       0,       0,       0,       0,    -828,    -395,    -543,     -29,       0,      -2,      -8,       0,       0,      74,    -101,       1,    -359,    -645,    -469,    -183,  100.0,   25.6,   71.8,    3.4,    0.0,    1.1,    1.1,    0.0,    0.0,   18.7,    4.0,    5.5,   55.3,   82.4,   44.7,   17.6,  100.0,   25.6,   71.8,    3.4,    0.0,    1.1,    1.1,    0.0,    0.0,   18.7,    4.0,    5.5,   55.3,   82.4,   44.7,   17.6,  100.0,    0.0,    0.0,    0.0,    0.0,    0.0,    0.0,    0.0,    0.0,    0.0,    0.0,    0.0,    0.0,    0.0,    0.0,    0.0,     24,      8,     12,.,      0,.,.,      0,      0,      5,.,.,     16,     16,     24,      8,     12,.,      0,.,.,      0,      0,      5,.,.,     16,     16,      0,      0,      0,      0,      0,      0,      0,      0,      0,      0,      0,      0,      0,      0,    31.4,    51.2,    45.5,    70.1,    28.6,    50.8,    39.5,    66.6,    31.4,    51.2,    45.5,    70.1,    28.6,    50.8,    39.5,    66.6,     0.0,     0.0,     0.0,     0.0,     0.0,     0.0,     0.0,     0.0,1000 Metric  Tonnes,06641H,IFED,066 ,N13,FutOnly
ARGUS PROPANE FAR EAST INDEX - NEW YORK MERCANTILE EXCHANGE,260908,2026-09-08,06665B,NYME,01,066 ,    4366,    1911,    3458,     377,     142,     218,      36,       0,       0,     940,      57,      84,    3566,    3959,     800,     407,    4366,    1911,    3458,     377,     142,     218,      36,       0,       0,     940,      57,      84,    3566,    3959,     800,     407,       0,       0,       0,       0,       0,       0,       0,       0,       0,       0,       0,       0,       0,       0,       0,       0,    -457,    -281,    -240,     -45,      28,     -46,       0,       0,       0,       5,      -4,     -68,    -435,    -330,     -22,    -127,  100.0,   43.8,   79.2,    8.6,    3.3,    5.0,    0.8,    0.0,    0.0,   21.5,    1.3,    1.9,   81.7,   90.7,   18.3,    9.3,  100.0,   43.8,   79.2,    8.6,    3.3,    5.0,    0.8,    0.0,    0.0,   21.5,    1.3,    1.9,   81.7,   90.7,   18.3,    9.3,  100.0,    0.0,    0.0,    0.0,    0.0,    0.0,    0.0,    0.0,    0.0,    0.0,    0.0,    0.0,    0.0,    0.0,    0.0,    0.0,     26,     15,     14,.,.,.,.,      0,      0,.,.,.,     23,     21,     26,     15,     14,.,.,.,.,      0,      0,.,.,.,     23,     21,      0,      0,      0,      0,      0,      0,      0,      0,      0,      0,      0,      0,      0,      0,    49.8,    69.6,    62.6,    79.3,    47.6,    66.3,    58.8,    71.2,    49.8,    69.6,    62.6,    79.3,    47.6,    66.3,    58.8,    71.2,     0.0,     0.0,     0.0,     0.0,     0.0,     0.0,     0.0,     0.0,"(CONTRACTS OF 1,000 METRIC TONS)",06665B,NYME,066 ,N13,FutOnly
PROPANE NON-LDH MT BEL - NEW YORK MERCANTILE EXCHANGE,260908,2026-09-08,06665G,NYME,01,066 ,   28538,   21581,   15278,    1346,    8863,    1139,       0,       0,       0,    2385,     992,    1622,   28073,   27894,     465,     644,   28538,   21581,   15278,    1346,    8863,    1139,       0,       0,       0,    2385,     992,    1622,   28073,   27894,     465,     644,       0,       0,       0,       0,       0,       0,       0,       0,       0,       0,       0,       0,       0,       0,       0,       0,   -3052,   -1989,   -2683,    -523,    -676,     -21,       0,       0,       0,    -263,     661,    -224,   -3020,   -2943,     -32,    -109,  100.0,   75.6,   53.5,    4.7,   31.1,    4.0,    0.0,    0.0,    0.0,    8.4,    3.5,    5.7,   98.4,   97.7,    1.6,    2.3,  100.0,   75.6,   53.5,    4.7,   31.1,    4.0,    0.0,    0.0,    0.0,    8.4,    3.5,    5.7,   98.4,   97.7,    1.6,    2.3,  100.0,    0.0,    0.0,    0.0,    0.0,    0.0,    0.0,    0.0,    0.0,    0.0,    0.0,    0.0,    0.0,    0.0,    0.0,    0.0,     58,     31,     25,      4,      6,      4,      0,      0,      0,.,.,.,     43,     36,     58,     31,     25,      4,      6,      4,      0,      0,      0,.,.,.,     43,     36,      0,      0,      0,      0,      0,      0,      0,      0,      0,      0,      0,      0,      0,      0,    33.4,    42.9,    51.5,    60.8,    33.4,    39.9,    48.4,    56.0,    33.4,    42.9,    51.5,    60.8,    33.4,    39.9,    48.4,    56.0,     0.0,     0.0,     0.0,     0.0,     0.0,     0.0,     0.0,     0.0,"(CONTRACTS OF 42,000 GALLONS)",06665G,NYME,066 ,N13,FutOnly
PROPANE - NEW YORK MERCANTILE EXCHANGE,260908,2026-09-08,06665O,NYME,01,066 ,  105973,   73650,   64069,    6656,    8505,    9220,    1454,    1347,    1212,    1445,    9308,   11437,  105074,  105098,     899,     875,  105973,   73650,   64069,    6656,    8505,    9220,    1454,    1347,    1212,    1445,    9308,   11437,  105074,  105098,     899,     875,       0,       0,       0,       0,       0,       0,       0,       0,       0,       0,       0,       0,       0,       0,       0,       0,  -10186,   -6061,   -7848,   -1992,    -199,     -52,     292,     -42,    -149,   -1375,   -1124,    -852,  -10189,  -10266,       3,      80,  100.0,   69.5,   60.5,    6.3,    8.0,    8.7,    1.4,    1.3,    1.1,    1.4,    8.8,   10.8,   99.2,   99.2,    0.8,    0.8,  100.0,   69.5,   60.5,    6.3,    8.0,    8.7,    1.4,    1.3,    1.1,    1.4,    8.8,   10.8,   99.2,   99.2,    0.8,    0.8,  100.0,    0.0,    0.0,    0.0,    0.0,    0.0,    0.0,    0.0,    0.0,    0.0,    0.0,    0.0,    0.0,    0.0,    0.0,    0.0,    131,     63,     59,     12,      7,     15,      9,      7,      4,      7,     13,     16,    110,    103,    131,     63,     59,     12,      7,     15,      9,      7,      4,      7,     13,     16,    110,    103,      0,      0,      0,      0,      0,      0,      0,      0,      0,      0,      0,      0,      0,      0,    36.1,    23.4,    52.2,    41.0,    30.7,    21.9,    35.3,    32.9,    36.1,    23.4,    52.2,    41.0,    30.7,    21.9,    35.3,    32.9,     0.0,     0.0,     0.0,     0.0,     0.0,     0.0,     0.0,     0.0,"(CONTRACTS OF 42,000 GALLONS)",06665O,NYME,066 ,N13,FutOnly
MT BELVIEU ETHANE OPIS - NEW YORK MERCANTILE EXCHANGE,260908,2026-09-08,06665P,NYME,01,066 ,   47289,   40886,   27674,     113,   14953,    2922,    1725,     340,      65,     467,      70,     635,   46813,   46659,     476,     630,   47289,   40886,   27674,     113,   14953,    2922,    1725,     340,      65,     467,      70,     635,   46813,   46659,     476,     630,       0,       0,       0,       0,       0,       0,       0,       0,       0,       0,       0,       0,       0,       0,       0,       0,   -2136,   -1771,   -1105,     -93,    -392,    -146,     -72,       0,     -65,     -88,    -245,    -120,   -2355,   -2073,     219,     -63,  100.0,   86.5,   58.5,    0.2,   31.6,    6.2,    3.6,    0.7,    0.1,    1.0,    0.1,    1.3,   99.0,   98.7,    1.0,    1.3,  100.0,   86.5,   58.5,    0.2,   31.6,    6.2,    3.6,    0.7,    0.1,    1.0,    0.1,    1.3,   99.0,   98.7,    1.0,    1.3,  100.0,    0.0,    0.0,    0.0,    0.0,    0.0,    0.0,    0.0,    0.0,    0.0,    0.0,    0.0,    0.0,    0.0,    0.0,    0.0,     52,     21,     24,.,      7,      7,      7,.,.,      4,.,      5,     41,     42,     52,     21,     24,.,      7,      7,      7,.,.,      4,.,      5,     41,     42,      0,      0,      0,      0,      0,      0,      0,      0,      0,      0,      0,      0,      0,      0,    60.9,    36.9,    76.6,    58.4,    42.0,    29.2,    47.6,    39.0,    60.9,    36.9,    76.6,    58.4,    42.0,    29.2,    47.6,    39.0,     0.0,     0.0,     0.0,     0.0,     0.0,     0.0,     0.0,     0.0,"(CONTRACTS OF 42,000 GALLONS)",06665P,NYME,066 ,N13,FutOnly
MT BELV NORM BUTANE OPIS - NEW YORK MERCANTILE EXCHANGE,260908,2026-09-08,06665Q,NYME,01,066 ,   45447,   32732,   27559,    1439,    7114,    3617,    2021,     180,     175,    1862,    2786,    2932,   44778,   44363,     669,    1084,   45447,   32732,   27559,    1439,    7114,    3617,    2021,     180,     175,    1862,    2786,    2932,   44778,   44363,     669,    1084,       0,       0,       0,       0,       0,       0,       0,       0,       0,       0,       0,       0,       0,       0,       0,       0,   -5014,   -4046,   -3936,    -652,    -357,      42,     118,       0,       0,     -14,    -355,    -377,   -4929,   -4983,     -85,     -31,  100.0,   72.0,   60.6,    3.2,   15.7,    8.0,    4.4,    0.4,    0.4,    4.1,    6.1,    6.5,   98.5,   97.6,    1.5,    2.4,  100.0,   72.0,   60.6,    3.2,   15.7,    8.0,    4.4,    0.4,    0.4,    4.1,    6.1,    6.5,   98.5,   97.6,    1.5,    2.4,  100.0,    0.0,    0.0,    0.0,    0.0,    0.0,    0.0,    0.0,    0.0,    0.0,    0.0,    0.0,    0.0,    0.0,    0.0,    0.0,    104,     50,     49,.,      9,     10,     10,.,.,      7,      9,     15,     88,     80,    104,     50,     49,.,      9,     10,     10,.,.,      7,      9,     15,     88,     80,      0,      0,      0,      0,      0,      0,      0,      0,      0,      0,      0,      0,      0,      0,    24.6,    21.4,    41.2,    35.7,    19.5,    17.2,    31.8,    28.5,    24.6,    21.4,    41.2,    35.7,    19.5,    17.2,    31.8,    28.5,     0.0,     0.0,     0.0,     0.0,     0.0,     0.0,     0.0,     0.0,"(CONTRACTS OF 42,000 GALLONS)",06665Q,NYME,066 ,N13,FutOnly
MT BELV NAT GASOLINE OPIS - NEW YORK MERCANTILE EXCHANGE,260908,2026-09-08,06665R,NYME,01,066 ,   47992,   45434,   30415,       0,   14920,      32,      35,       0,      80,    2162,    1203,     104,   47847,   46754,     145,    1238,   47992,   45434,   30415,       0,   14920,      32,      35,       0,      80,    2162,    1203,     104,   47847,   46754,     145,    1238,       0,       0,       0,       0,       0,       0,       0,       0,       0,       0,       0,       0,       0,       0,       0,       0,   -3652,   -3405,   -2398,       0,    -884,       0,       0,       0,      80,    -171,    -368,      -7,   -3503,   -3577,    -149,     -75,  100.0,   94.7,   63.4,    0.0,   31.1,    0.1,    0.1,    0.0,    0.2,    4.5,    2.5,    0.2,   99.7,   97.4,    0.3,    2.6,  100.0,   94.7,   63.4,    0.0,   31.1,    0.1,    0.1,    0.0,    0.2,    4.5,    2.5,    0.2,   99.7,   97.4,    0.3,    2.6,  100.0,    0.0,    0.0,    0.0,    0.0,    0.0,    0.0,    0.0,    0.0,    0.0,    0.0,    0.0,    0.0,    0.0,    0.0,    0.0,     50,     26,     26,      0,      7,.,.,      0,.,      4,.,.,     35,     37,     50,     26,     26,      0,      7,.,.,      0,.,      4,.,.,     35,     37,      0,      0,      0,      0,      0,      0,      0,      0,      0,      0,      0,      0,      0,      0,    83.5,    44.8,    91.5,    68.9,    81.0,    43.9,    86.9,    66.6,    83.5,    44.8,    91.5,    68.9,    81.0,    43.9,    86.9,    66.6,     0.0,     0.0,     0.0,     0.0,     0.0,     0.0,     0.0,     0.0,"(CONTRACTS OF 42,000 GALLONS)",06665R,NYME,066 ,N13,FutOnly
CONWAY PROPANE (OPIS) - NEW YORK MERCANTILE EXCHANGE,260908,2026-09-08,06665T,NYME,01,066 ,   19498,   13853,   11835,    2554,    4097,     653,       0,     360,       0,     382,    1183,    1026,   18468,   19154,    1030,     344,   19498,   13853,   11835,    2554,    4097,     653,       0,     360,       0,     382,    1183,    1026,   18468,   19154,    1030,     344,       0,       0,       0,       0,       0,       0,       0,       0,       0,       0,       0,       0,       0,       0,       0,       0,   -2646,   -2124,   -1763,      61,    -723,     -60,       0,     -20,       0,    -217,     223,    -382,   -2722,   -2725,      76,      79,  100.0,   71.0,   60.7,   13.1,   21.0,    3.3,    0.0,    1.8,    0.0,    2.0,    6.1,    5.3,   94.7,   98.2,    5.3,    1.8,  100.0,   71.0,   60.7,   13.1,   21.0,    3.3,    0.0,    1.8,    0.0,    2.0,    6.1,    5.3,   94.7,   98.2,    5.3,    1.8,  100.0,    0.0,    0.0,    0.0,    0.0,    0.0,    0.0,    0.0,    0.0,    0.0,    0.0,    0.0,    0.0,    0.0,    0.0,    0.0,     54,     24,     23,      7,      5,      6,      0,.,      0,.,.,      7,     41,     41,     54,     24,     23,      7,      5,      6,      0,.,      0,.,.,      7,     41,     41,      0,      0,      0,      0,      0,      0,      0,      0,      0,      0,      0,      0,      0,      0,    49.4,    42.3,    64.5,    66.9,    47.0,    39.3,    59.8,    57.2,    49.4,    42.3,    64.5,    66.9,    47.0,    39.3,    59.8,    57.2,     0.0,     0.0,     0.0,     0.0,     0.0,     0.0,     0.0,     0.0,"(CONTRACTS OF 42,000 GALLONS)",06665T,NYME,066 ,N13,FutOnly
CRUDE DIFF-WCS HOUSTON/WTI 1ST - ICE FUTURES ENERGY DIV,260908,2026-09-08,06739C,IFED,01,067 ,   64663,   48044,   63023,    4400,       0,       0,   11104,     890,     720,     360,       0,      15,   64643,   64648,      20,      15,   64663,   48044,   63023,    4400,       0,       0,   11104,     890,     720,     360,       0,      15,   64643,   64648,      20,      15,       0,       0,       0,       0,       0,       0,       0,       0,       0,       0,       0,       0,       0,       0,       0,       0,    3230,    3640,    4060,      90,       0,       0,    -875,    -815,       0,     360,       0,      15,    3230,    3260,       0,     -30,  100.0,   74.3,   97.5,    6.8,    0.0,    0.0,   17.2,    1.4,    1.1,    0.6,    0.0,    0.0,  100.0,  100.0,    0.0,    0.0,  100.0,   74.3,   97.5,    6.8,    0.0,    0.0,   17.2,    1.4,    1.1,    0.6,    0.0,    0.0,  100.0,  100.0,    0.0,    0.0,  100.0,    0.0,    0.0,    0.0,    0.0,    0.0,    0.0,    0.0,    0.0,    0.0,    0.0,    0.0,    0.0,    0.0,    0.0,    0.0,     41,     27,     21,.,      0,      0,.,.,.,.,      0,.,     33,     25,     41,     27,     21,.,      0,      0,.,.,.,.,      0,.,     33,     25,      0,      0,      0,      0,      0,      0,      0,      0,      0,      0,      0,      0,      0,      0,    50.2,    67.7,    70.0,    87.3,    42.7,    60.0,    58.2,    69.3,    50.2,    67.7,    70.0,    87.3,    42.7,    60.0,    58.2,    69.3,     0.0,     0.0,     0.0,     0.0,     0.0,     0.0,     0.0,     0.0,(1000 Barrels),06739C,IFED,067 ,N10,FutOnly
"CRUDE OIL, LIGHT SWEET-WTI - ICE FUTURES EUROPE",260908,2026-09-08,067411,ICEU,01,067 ,  753433,  405540,  309804,    8364,   82587,   62407,   14482,   24169,   27314,   48041,   63138,  170475,  736623,  739894,   16810,   13539,  753433,  405540,  309804,    8364,   82587,   62407,   14482,   24169,   27314,   48041,   63138,  170475,  736623,  739894,   16810,   13539,       0,       0,       0,       0,       0,       0,       0,       0,       0,       0,       0,       0,       0,       0,       0,       0,  -13924,   -7829,   -9518,    -449,    -208,     797,     831,    -229,   -3306,   -6246,   -5053,    1800,  -14402,  -15717,     478,    1793,  100.0,   53.8,   41.1,    1.1,   11.0,    8.3,    1.9,    3.2,    3.6,    6.4,    8.4,   22.6,   97.8,   98.2,    2.2,    1.8,  100.0,   53.8,   41.1,    1.1,   11.0,    8.3,    1.9,    3.2,    3.6,    6.4,    8.4,   22.6,   97.8,   98.2,    2.2,    1.8,  100.0,    0.0,    0.0,    0.0,    0.0,    0.0,    0.0,    0.0,    0.0,    0.0,    0.0,    0.0,    0.0,    0.0,    0.0,    0.0,    115,     45,     40,      4,     11,     14,      4,      9,      9,     12,     23,     32,    104,    102,    115,     45,     40,      4,     11,     14,      4,      9,      9,     12,     23,     32,    104,    102,      0,      0,      0,      0,      0,      0,      0,      0,      0,      0,      0,      0,      0,      0,    34.8,    32.3,    52.3,    45.3,    27.1,    19.5,    36.7,    26.9,    34.8,    32.3,    52.3,    45.3,    27.1,    19.5,    36.7,    26.9,     0.0,     0.0,     0.0,     0.0,     0.0,     0.0,     0.0,     0.0,"(CONTRACTS OF 1,000 BARRELS)",067411,ICEU,067 ,N10,FutOnly
CRUDE DIFF-TMX WCS 1A INDEX - ICE FUTURES ENERGY DIV,260908,2026-09-08,06742G,IFED,01,067 ,   70746,   69431,   30744,     185,   17857,     120,       0,   21385,     395,     445,      80,     120,   70696,   70701,      50,      45,   70746,   69431,   30744,     185,   17857,     120,       0,   21385,     395,     445,      80,     120,   70696,   70701,      50,      45,       0,       0,       0,       0,       0,       0,       0,       0,       0,       0,       0,       0,       0,       0,       0,       0,    2165,    2240,    1260,       0,      95,       0,       0,     770,       0,     -40,       0,      40,    2240,    2165,     -75,       0,  100.0,   98.1,   43.5,    0.3,   25.2,    0.2,    0.0,   30.2,    0.6,    0.6,    0.1,    0.2,   99.9,   99.9,    0.1,    0.1,  100.0,   98.1,   43.5,    0.3,   25.2,    0.2,    0.0,   30.2,    0.6,    0.6,    0.1,    0.2,   99.9,   99.9,    0.1,    0.1,  100.0,    0.0,    0.0,    0.0,    0.0,    0.0,    0.0,    0.0,    0.0,    0.0,    0.0,    0.0,    0.0,    0.0,    0.0,    0.0,     44,     24,     18,.,      8,.,      0,.,.,.,.,.,     29,     32,     44,     24,     18,.,      8,.,      0,.,.,.,.,.,     29,     32,      0,      0,      0,      0,      0,      0,      0,      0,      0,      0,      0,      0,      0,      0,    65.3,    54.5,    87.8,    72.2,    55.3,    53.6,    74.7,    67.9,    65.3,    54.5,    87.8,    72.2,    55.3,    53.6,    74.7,    67.9,     0.0,     0.0,     0.0,     0.0,     0.0,     0.0,     0.0,     0.0,1000 BARRELS,06742G,IFED,067 ,N10,FutOnly
CRUDE DIFF-TMX SW 1A INDEX - ICE FUTURES ENERGY DIV,260908,2026-09-08,06742T,IFED,01,067 ,   11940,   11510,    3548,       0,    6337,       0,     370,    1195,      60,       0,     800,       0,   11940,   11940,       0,       0,   11940,   11510,    3548,       0,    6337,       0,     370,    1195,      60,       0,     800,       0,   11940,   11940,       0,       0,       0,       0,       0,       0,       0,       0,       0,       0,       0,       0,       0,       0,       0,       0,       0,       0,     420,     500,     275,       0,     625,       0,     -80,    -500,       0,       0,      20,       0,     420,     420,       0,       0,  100.0,   96.4,   29.7,    0.0,   53.1,    0.0,    3.1,   10.0,    0.5,    0.0,    6.7,    0.0,  100.0,  100.0,    0.0,    0.0,  100.0,   96.4,   29.7,    0.0,   53.1,    0.0,    3.1,   10.0,    0.5,    0.0,    6.7,    0.0,  100.0,  100.0,    0.0,    0.0,  100.0,    0.0,    0.0,    0.0,    0.0,    0.0,    0.0,    0.0,    0.0,    0.0,    0.0,    0.0,    0.0,    0.0,    0.0,    0.0,     28,     11,     12,      0,      6,      0,.,.,.,      0,.,      0,     12,     23,     28,     11,     12,      0,      6,      0,.,.,.,      0,.,      0,     12,     23,      0,      0,      0,      0,      0,      0,      0,      0,      0,      0,      0,      0,      0,      0,    78.8,    57.7,    93.4,    75.2,    72.1,    57.1,    83.9,    69.8,    78.8,    57.7,    93.4,    75.2,    72.1,    57.1,    83.9,    69.8,     0.0,     0.0,     0.0,     0.0,     0.0,     0.0,     0.0,     0.0,1000 BARRELS,06742T,IFED,067 ,N10,FutOnly
CONDENSATE DIF-TMX C5 1A INDEX - ICE FUTURES ENERGY DIV,260908,2026-09-08,06743A,IFED,01,067 ,   15005,   13770,   14770,    1125,      90,       0,       0,       0,       0,       0,       0,       0,   14895,   14860,     110,     145,   15005,   13770,   14770,    1125,      90,       0,       0,       0,       0,       0,       0,       0,   14895,   14860,     110,     145,       0,       0,       0,       0,       0,       0,       0,       0,       0,       0,       0,       0,       0,       0,       0,       0,     330,     480,     330,    -150,       0,       0,       0,       0,       0,       0,       0,       0,     330,     330,       0,       0,  100.0,   91.8,   98.4,    7.5,    0.6,    0.0,    0.0,    0.0,    0.0,    0.0,    0.0,    0.0,   99.3,   99.0,    0.7,    1.0,  100.0,   91.8,   98.4,    7.5,    0.6,    0.0,    0.0,    0.0,    0.0,    0.0,    0.0,    0.0,   99.3,   99.0,    0.7,    1.0,  100.0,    0.0,    0.0,    0.0,    0.0,    0.0,    0.0,    0.0,    0.0,    0.0,    0.0,    0.0,    0.0,    0.0,    0.0,    0.0,     24,     11,     16,.,.,      0,      0,      0,      0,      0,      0,      0,     13,     17,     24,     11,     16,.,.,      0,      0,      0,      0,      0,      0,      0,     13,     17,      0,      0,      0,      0,      0,      0,      0,      0,      0,      0,      0,      0,      0,      0,    70.1,    76.6,    91.0,    91.4,    63.6,    73.4,    78.6,    80.8,    70.1,    76.6,    91.0,    91.4,    63.6,    73.4,    78.6,    80.8,     0.0,     0.0,     0.0,     0.0,     0.0,     0.0,     0.0,     0.0,1000 BARRELS,06743A,IFED,067 ,N10,FutOnly
WTI-PHYSICAL - NEW YORK MERCANTILE EXCHANGE,260908,2026-09-08,067651,NYME,01,067 , 1939911,  655691,  346775,  110812,  585913,  122583,  218960,  107229,  284214,  131158,  106310,  329619, 1853037, 1882643,   86874,   57268, 1939911,  655691,  346775,  110812,  585913,  122583,  218960,  107229,  284214,  131158,  106310,  329619, 1853037, 1882643,   86874,   57268,       0,       0,       0,       0,       0,       0,       0,       0,       0,       0,       0,       0,       0,       0,       0,       0,   18826,    9952,   10438,      30,    9724,   -6031,   13660,   -3790,  -11399,    4010,   14792,   -1522,    8700,   12212,   10126,    6614,  100.0,   33.8,   17.9,    5.7,   30.2,    6.3,   11.3,    5.5,   14.7,    6.8,    5.5,   17.0,   95.5,   97.0,    4.5,    3.0,  100.0,   33.8,   17.9,    5.7,   30.2,    6.3,   11.3,    5.5,   14.7,    6.8,    5.5,   17.0,   95.5,   97.0,    4.5,    3.0,  100.0,    0.0,    0.0,    0.0,    0.0,    0.0,    0.0,    0.0,    0.0,    0.0,    0.0,    0.0,    0.0,    0.0,    0.0,    0.0,    299,     61,     55,     15,     27,     32,     64,     24,     55,     59,     39,     59,    266,    228,    299,     61,     55,     15,     27,     32,     64,     24,     55,     59,     39,     59,    266,    228,      0,      0,      0,      0,      0,      0,      0,      0,      0,      0,      0,      0,      0,      0,    16.4,    18.7,    29.1,    29.1,     9.6,    13.3,    15.8,    20.2,    16.4,    18.7,    29.1,    29.1,     9.6,    13.3,    15.8,    20.2,     0.0,     0.0,     0.0,     0.0,     0.0,     0.0,     0.0,     0.0,"(CONTRACTS OF 1,000 BARRELS)",067651,NYME,067 ,N10,FutOnly
WTI FINANCIAL CRUDE OIL - NEW YORK MERCANTILE EXCHANGE,260908,2026-09-08,06765A,NYME,01,067 ,  192025,   33245,   42679,   49323,   53386,   11622,       0,       0,       0,   57649,   22291,   10935,  162774,  140913,   29251,   51112,  192025,   33245,   42679,   49323,   53386,   11622,       0,       0,       0,   57649,   22291,   10935,  162774,  140913,   29251,   51112,       0,       0,       0,       0,       0,       0,       0,       0,       0,       0,       0,       0,       0,       0,       0,       0,    4766,    2449,    1645,     842,    1254,      36,       0,       0,       0,    1671,    1887,     945,    5943,    5767,   -1177,   -1001,  100.0,   17.3,   22.2,   25.7,   27.8,    6.1,    0.0,    0.0,    0.0,   30.0,   11.6,    5.7,   84.8,   73.4,   15.2,   26.6,  100.0,   17.3,   22.2,   25.7,   27.8,    6.1,    0.0,    0.0,    0.0,   30.0,   11.6,    5.7,   84.8,   73.4,   15.2,   26.6,  100.0,    0.0,    0.0,    0.0,    0.0,    0.0,    0.0,    0.0,    0.0,    0.0,    0.0,    0.0,    0.0,    0.0,    0.0,    0.0,     49,     17,     14,     11,      5,     11,      0,      0,      0,      5,      6,      8,     40,     37,     49,     17,     14,     11,      5,     11,      0,      0,      0,      5,      6,      8,     40,     37,      0,      0,      0,      0,      0,      0,      0,      0,      0,      0,      0,      0,      0,      0,    34.9,    36.6,    52.8,    49.6,    32.9,    36.6,    48.1,    49.2,    34.9,    36.6,    52.8,    49.6,    32.9,    36.6,    48.1,    49.2,     0.0,     0.0,     0.0,     0.0,     0.0,     0.0,     0.0,     0.0,"(CONTRACTS OF 1,000 BARRELS)",06765A,NYME,067 ,N10,FutOnly
BRENT LAST DAY - NEW YORK MERCANTILE EXCHANGE,260908,2026-09-08,06765T,NYME,01,067 ,  262500,   22668,   51632,   67197,      44,    5310,    7704,    1791,    2053,   33826,   81575,  113162,  251920,  255567,   10580,    6933,  262500,   22668,   51632,   67197,      44,    5310,    7704,    1791,    2053,   33826,   81575,  113162,  251920,  255567,   10580,    6933,       0,       0,       0,       0,       0,       0,       0,       0,       0,       0,       0,       0,       0,       0,       0,       0,    9242,    2010,    1950,    1325,      38,    -411,     606,       0,     -56,   -1028,    2017,    4950,    7396,    8488,    1846,     754,  100.0,    8.6,   19.7,   25.6,    0.0,    2.0,    2.9,    0.7,    0.8,   12.9,   31.1,   43.1,   96.0,   97.4,    4.0,    2.6,  100.0,    8.6,   19.7,   25.6,    0.0,    2.0,    2.9,    0.7,    0.8,   12.9,   31.1,   43.1,   96.0,   97.4,    4.0,    2.6,  100.0,    0.0,    0.0,    0.0,    0.0,    0.0,    0.0,    0.0,    0.0,    0.0,    0.0,    0.0,    0.0,    0.0,    0.0,    0.0,     54,      9,     13,      9,.,      6,.,.,.,     13,     14,     24,     48,     48,     54,      9,     13,      9,.,      6,.,.,.,     13,     14,     24,     48,     48,      0,      0,      0,      0,      0,      0,      0,      0,      0,      0,      0,      0,      0,      0,    34.4,    53.3,    56.4,    74.1,    22.5,    33.5,    33.6,    40.5,    34.4,    53.3,    56.4,    74.1,    22.5,    33.5,    33.6,    40.5,     0.0,     0.0,     0.0,     0.0,     0.0,     0.0,     0.0,     0.0,"(CONTRACTS OF 1,000 BARRELS)",06765T,NYME,067 ,N10,FutOnly
WTI  HOUSTON ARGUS/WTI TR MO - NEW YORK MERCANTILE EXCHANGE,260908,2026-09-08,0676A5,NYME,01,067 ,  442660,  415100,  286153,       0,   52744,    3883,    1600,   28575,   10445,    1493,   42933,    8091,  440612,  432824,    2048,    9836,  442660,  415100,  286153,       0,   52744,    3883,    1600,   28575,   10445,    1493,   42933,    8091,  440612,  432824,    2048,    9836,       0,       0,       0,       0,       0,       0,       0,       0,       0,       0,       0,       0,       0,       0,       0,       0,    5520,    2604,    3998,       0,    -220,    2062,     250,     860,     280,     576,   -2922,     952,    6724,    5010,   -1204,     510,  100.0,   93.8,   64.6,    0.0,   11.9,    0.9,    0.4,    6.5,    2.4,    0.3,    9.7,    1.8,   99.5,   97.8,    0.5,    2.2,  100.0,   93.8,   64.6,    0.0,   11.9,    0.9,    0.4,    6.5,    2.4,    0.3,    9.7,    1.8,   99.5,   97.8,    0.5,    2.2,  100.0,    0.0,    0.0,    0.0,    0.0,    0.0,    0.0,    0.0,    0.0,    0.0,    0.0,    0.0,    0.0,    0.0,    0.0,    0.0,     47,     24,     26,      0,      7,.,.,.,.,.,.,.,     32,     38,     47,     24,     26,      0,      7,.,.,.,.,.,.,.,     32,     38,      0,      0,      0,      0,      0,      0,      0,      0,      0,      0,      0,      0,      0,      0,    55.9,    39.4,    82.0,    66.1,    54.3,    35.1,    71.5,    54.4,    55.9,    39.4,    82.0,    66.1,    54.3,    35.1,    71.5,    54.4,     0.0,     0.0,     0.0,     0.0,     0.0,     0.0,     0.0,     0.0,"(CONTRACTS OF 1,000 BARRELS)",0676A5,NYME,067 ,N10,FutOnly
WTI MIDLAND ARGUS VS WTI TRADE - NEW YORK MERCANTILE EXCHANGE,260908,2026-09-08,067A71,NYME,01,067 ,  329028,  290893,  170863,    1748,  129286,    5304,       0,    5460,       0,   21825,       0,       0,  319770,  310913,    9258,   18115,  329028,  290893,  170863,    1748,  129286,    5304,       0,    5460,       0,   21825,       0,       0,  319770,  310913,    9258,   18115,       0,       0,       0,       0,       0,       0,       0,       0,       0,       0,       0,       0,       0,       0,       0,       0,   17362,   17279,   15986,    -180,    2970,     240,       0,       0,       0,       0,       0,       0,   17339,   19196,      23,   -1834,  100.0,   88.4,   51.9,    0.5,   39.3,    1.6,    0.0,    1.7,    0.0,    6.6,    0.0,    0.0,   97.2,   94.5,    2.8,    5.5,  100.0,   88.4,   51.9,    0.5,   39.3,    1.6,    0.0,    1.7,    0.0,    6.6,    0.0,    0.0,   97.2,   94.5,    2.8,    5.5,  100.0,    0.0,    0.0,    0.0,    0.0,    0.0,    0.0,    0.0,    0.0,    0.0,    0.0,    0.0,    0.0,    0.0,    0.0,    0.0,     34,     17,     10,.,     10,.,      0,.,      0,.,      0,      0,     19,     22,     34,     17,     10,.,     10,.,      0,.,      0,.,      0,      0,     19,     22,      0,      0,      0,      0,      0,      0,      0,      0,      0,      0,      0,      0,      0,      0,    58.4,    53.7,    87.1,    76.6,    58.4,    53.7,    87.1,    76.6,    58.4,    53.7,    87.1,    76.6,    58.4,    53.7,    87.1,    76.6,     0.0,     0.0,     0.0,     0.0,     0.0,     0.0,     0.0,     0.0,"(CONTRACTS OF 1,000 BARRELS)",067A71,NYME,067 ,N10,FutOnly
COCOA - ICE FUTURES U.S.,260908,2026-09-08,073732,ICUS,01,073 ,  178092,   45458,   70016,   36143,    8379,   11715,   24036,   32793,   24697,   10565,    8325,   14181,  166795,  170106,   11297,    7986,  171765,   42249,   67189,   37012,    8704,    9953,   24202,   33633,   23637,   11289,    8341,   12433,  160775,  163890,   10990,    7875,    6327,    3209,    2827,     608,    1152,     285,     842,     168,      52,     256,     964,     768,    6020,    6216,     307,     111,    -206,    4615,   -1452,      28,    -825,     280,   -2020,    1987,   -1151,    -875,     921,    -884,      -7,   -1124,    -199,     918,  100.0,   25.5,   39.3,   20.3,    4.7,    6.6,   13.5,   18.4,   13.9,    5.9,    4.7,    8.0,   93.7,   95.5,    6.3,    4.5,  100.0,   24.6,   39.1,   21.5,    5.1,    5.8,   14.1,   19.6,   13.8,    6.6,    4.9,    7.2,   93.6,   95.4,    6.4,    4.6,  100.0,   50.7,   44.7,    9.6,   18.2,    4.5,   13.3,    2.7,    0.8,    4.0,   15.2,   12.1,   95.1,   98.2,    4.9,    1.8,    209,     30,     27,     21,      6,     14,     43,     41,     41,     28,     25,     37,    171,    152,    209,     30,     27,     20,      7,     13,     43,     41,     38,     31,     24,     37,    169,    150,     49,     10,     12,      6,.,.,      6,.,.,      6,      8,      6,     33,     30,    18.4,    14.2,    29.7,    26.2,    14.4,    12.9,    23.6,    22.6,    18.7,    14.6,    30.5,    26.0,    15.1,    13.4,    24.7,    23.3,    57.1,    45.0,    72.4,    75.7,    46.1,    41.0,    54.9,    58.2,(CONTRACTS OF 10 METRIC TONS),073732,ICUS,073 ,A50,FutOnly
PALLADIUM - NEW YORK MERCANTILE EXCHANGE,260908,2026-09-08,075651,NYME,01,075 ,   16773,     970,    1407,    5886,    2617,      74,    4839,    9178,     688,    1808,    1181,     197,   14462,   15342,    2311,    1431,   16773,     970,    1407,    5886,    2617,      74,    4839,    9178,     688,    1808,    1181,     197,   14462,   15342,    2311,    1431,       0,       0,       0,       0,       0,       0,       0,       0,       0,       0,       0,       0,       0,       0,       0,       0,     276,     -35,     139,    -100,     207,       2,     213,     -67,      61,     111,    -202,      75,     327,     215,     -51,      61,  100.0,    5.8,    8.4,   35.1,   15.6,    0.4,   28.8,   54.7,    4.1,   10.8,    7.0,    1.2,   86.2,   91.5,   13.8,    8.5,  100.0,    5.8,    8.4,   35.1,   15.6,    0.4,   28.8,   54.7,    4.1,   10.8,    7.0,    1.2,   86.2,   91.5,   13.8,    8.5,  100.0,    0.0,    0.0,    0.0,    0.0,    0.0,    0.0,    0.0,    0.0,    0.0,    0.0,    0.0,    0.0,    0.0,    0.0,    0.0,    158,     11,     13,     15,     13,      5,     34,     32,     16,     23,     17,      5,     97,     89,    158,     11,     13,     15,     13,      5,     34,     32,     16,     23,     17,      5,     97,     89,      0,      0,      0,      0,      0,      0,      0,      0,      0,      0,      0,      0,      0,      0,    28.8,    29.9,    44.0,    45.3,    28.7,    28.3,    43.6,    43.7,    28.8,    29.9,    44.0,    45.3,    28.7,    28.3,    43.6,    43.7,     0.0,     0.0,     0.0,     0.0,     0.0,     0.0,     0.0,     0.0,(CONTRACTS OF 100 TROY OUNCES),075651,NYME,075 ,N20,FutOnly
PLATINUM - NEW YORK MERCANTILE EXCHANGE,260908,2026-09-08,076651,NYME,01,076 ,   67810,    2961,   15304,   16425,   23930,    2328,   18167,    8380,    7454,    8608,    2419,    4411,   60354,   64226,    7456,    3584,   67810,    2961,   15304,   16425,   23930,    2328,   18167,    8380,    7454,    8608,    2419,    4411,   60354,   64226,    7456,    3584,       0,       0,       0,       0,       0,       0,       0,       0,       0,       0,       0,       0,       0,       0,       0,       0,    -249,     457,     584,    -228,     188,    -618,     904,    -198,    -183,     179,     305,    -419,      92,    -341,    -341,      92,  100.0,    4.4,   22.6,   24.2,   35.3,    3.4,   26.8,   12.4,   11.0,   12.7,    3.6,    6.5,   89.0,   94.7,   11.0,    5.3,  100.0,    4.4,   22.6,   24.2,   35.3,    3.4,   26.8,   12.4,   11.0,   12.7,    3.6,    6.5,   89.0,   94.7,   11.0,    5.3,  100.0,    0.0,    0.0,    0.0,    0.0,    0.0,    0.0,    0.0,    0.0,    0.0,    0.0,    0.0,    0.0,    0.0,    0.0,    0.0,    212,     14,     23,     17,     15,     10,     49,     26,     25,     52,     18,     17,    155,    114,    212,     14,     23,     17,     15,     10,     49,     26,     25,     52,     18,     17,    155,    114,      0,      0,      0,      0,      0,      0,      0,      0,      0,      0,      0,      0,      0,      0,    19.1,    31.0,    29.6,    50.0,    17.1,    31.0,    25.7,    42.5,    19.1,    31.0,    29.6,    50.0,    17.1,    31.0,    25.7,    42.5,     0.0,     0.0,     0.0,     0.0,     0.0,     0.0,     0.0,     0.0,(CONTRACTS OF 50 TROY OUNCES),076651,NYME,076 ,N20,FutOnly
SUGAR NO. 11 - ICE FUTURES U.S.,260908,2026-09-08,080732,ICUS,01,080 , 1276579,  241917,  554269,  247385,  148062,   25036,  331765,   93081,  169670,   62357,  142855,   87358, 1165488, 1220331,  111091,   56248, 1276579,  241917,  554269,  247385,  148062,   25036,  331765,   93081,  169670,   62357,  142855,   87358, 1165488, 1220331,  111091,   56248,       0,       0,       0,       0,       0,       0,       0,       0,       0,       0,       0,       0,       0,       0,       0,       0,    1033,   18929,   28919,     649,   12590,   -5684,   -2607,   -7520,    3787,      68,  -21680,  -16177,   -1035,   -5765,    2068,    6798,  100.0,   19.0,   43.4,   19.4,   11.6,    2.0,   26.0,    7.3,   13.3,    4.9,   11.2,    6.8,   91.3,   95.6,    8.7,    4.4,  100.0,   19.0,   43.4,   19.4,   11.6,    2.0,   26.0,    7.3,   13.3,    4.9,   11.2,    6.8,   91.3,   95.6,    8.7,    4.4,  100.0,    0.0,    0.0,    0.0,    0.0,    0.0,    0.0,    0.0,    0.0,    0.0,    0.0,    0.0,    0.0,    0.0,    0.0,    0.0,    294,     53,     59,     22,     15,     16,     78,     31,     62,     41,     32,     37,    253,    201,    294,     53,     59,     22,     15,     16,     78,     31,     62,     41,     32,     37,    253,    201,      0,      0,      0,      0,      0,      0,      0,      0,      0,      0,      0,      0,      0,      0,    13.3,    21.8,    21.5,    34.9,    10.5,    18.2,    16.8,    27.6,    13.3,    21.8,    21.5,    34.9,    10.5,    18.2,    16.8,    27.6,     0.0,     0.0,     0.0,     0.0,     0.0,     0.0,     0.0,     0.0,"(CONTRACTS OF 112,000 POUNDS)",080732,ICUS,080 ,A50,FutOnly
COFFEE C - ICE FUTURES U.S.,260908,2026-09-08,083731,ICUS,01,083 ,  152136,   37215,   59883,   24228,   21200,    4617,   37050,   14941,   19703,    8311,   12419,   13621,  144745,  146384,    7391,    5752,  144520,   34903,   56810,   24276,   19005,    4076,   37178,   15540,   18685,    6786,   13352,   11418,  137322,  138886,    7198,    5634,    7616,    2312,    3073,     493,    2736,       0,     873,     402,      17,    3482,    1024,     246,    7423,    7498,     193,     118,   -3139,    2524,   -3569,    -617,   -1179,     395,   -2950,    1670,   -1414,      88,    1446,    -746,   -2720,   -3397,    -419,     258,  100.0,   24.5,   39.4,   15.9,   13.9,    3.0,   24.4,    9.8,   13.0,    5.5,    8.2,    9.0,   95.1,   96.2,    4.9,    3.8,  100.0,   24.2,   39.3,   16.8,   13.2,    2.8,   25.7,   10.8,   12.9,    4.7,    9.2,    7.9,   95.0,   96.1,    5.0,    3.9,  100.0,   30.4,   40.3,    6.5,   35.9,    0.0,   11.5,    5.3,    0.2,   45.7,   13.4,    3.2,   97.5,   98.5,    2.5,    1.5,    328,     74,     76,     16,     24,     20,     61,     47,     48,     28,     49,     44,    250,    248,    328,     73,     75,     17,     23,     19,     61,     49,     48,     29,     50,     42,    247,    246,    105,     25,     22,      9,     13,      0,      8,      8,.,     14,      8,      6,     58,     56,    16.5,    17.0,    26.6,    26.4,    13.3,    15.1,    20.8,    21.4,    16.1,    16.7,    26.5,    26.6,    14.0,    14.7,    21.7,    21.5,    51.6,    42.3,    67.5,    60.4,    50.1,    39.8,    64.3,    57.8,"(CONTRACTS OF 37,500 POUNDS)",083731,ICUS,083 ,A50,FutOnly
SILVER - COMMODITY EXCHANGE INC.,260908,2026-09-08,084691,CMX ,01,084 ,  103250,    4616,   22133,   22218,   49609,    4230,   21148,    6762,    5275,   15097,    3434,    4442,   77026,   95885,   26224,    7365,  103250,    4616,   22133,   22218,   49609,    4230,   21148,    6762,    5275,   15097,    3434,    4442,   77026,   95885,   26224,    7365,       0,       0,       0,       0,       0,       0,       0,       0,       0,       0,       0,       0,       0,       0,       0,       0,   -1112,    -552,     290,    1019,    -195,    -827,    1992,     204,   -1334,   -1150,    1328,     -27,    -879,    -561,    -233,    -551,  100.0,    4.5,   21.4,   21.5,   48.0,    4.1,   20.5,    6.5,    5.1,   14.6,    3.3,    4.3,   74.6,   92.9,   25.4,    7.1,  100.0,    4.5,   21.4,   21.5,   48.0,    4.1,   20.5,    6.5,    5.1,   14.6,    3.3,    4.3,   74.6,   92.9,   25.4,    7.1,  100.0,    0.0,    0.0,    0.0,    0.0,    0.0,    0.0,    0.0,    0.0,    0.0,    0.0,    0.0,    0.0,    0.0,    0.0,    0.0,    165,     12,     12,     16,     15,     11,     38,     13,     16,     43,     20,     15,    130,     81,    165,     12,     12,     16,     15,     11,     38,     13,     16,     43,     20,     15,    130,     81,      0,      0,      0,      0,      0,      0,      0,      0,      0,      0,      0,      0,      0,      0,    13.8,    34.9,    23.2,    51.3,    13.6,    31.5,    22.7,    47.0,    13.8,    34.9,    23.2,    51.3,    13.6,    31.5,    22.7,    47.0,     0.0,     0.0,     0.0,     0.0,     0.0,     0.0,     0.0,     0.0,"(CONTRACTS OF 5,000 TROY OUNCES)",084691,CMX ,084 ,N20,FutOnly
COPPER- #1 - COMMODITY EXCHANGE INC.,260908,2026-09-08,085692,CMX ,01,085 ,  297491,   28049,  139914,   53085,   45864,    8441,   98007,   15853,   29016,   31493,   21171,   28859,  276950,  289118,   20541,    8373,  297491,   28049,  139914,   53085,   45864,    8441,   98007,   15853,   29016,   31493,   21171,   28859,  276950,  289118,   20541,    8373,       0,       0,       0,       0,       0,       0,       0,       0,       0,       0,       0,       0,       0,       0,       0,       0,   14851,     730,   15573,    2026,    -280,     774,    6577,   -2695,     185,    3237,     902,     181,   13710,   14640,    1141,     211,  100.0,    9.4,   47.0,   17.8,   15.4,    2.8,   32.9,    5.3,    9.8,   10.6,    7.1,    9.7,   93.1,   97.2,    6.9,    2.8,  100.0,    9.4,   47.0,   17.8,   15.4,    2.8,   32.9,    5.3,    9.8,   10.6,    7.1,    9.7,   93.1,   97.2,    6.9,    2.8,  100.0,    0.0,    0.0,    0.0,    0.0,    0.0,    0.0,    0.0,    0.0,    0.0,    0.0,    0.0,    0.0,    0.0,    0.0,    0.0,    287,     28,     35,     21,     13,     19,     94,     17,     44,     61,     35,     36,    249,    162,    287,     28,     35,     21,     13,     19,     94,     17,     44,     61,     35,     36,    249,    162,      0,      0,      0,      0,      0,      0,      0,      0,      0,      0,      0,      0,      0,      0,    16.8,    32.0,    27.3,    46.5,    16.3,    30.8,    24.1,    43.5,    16.8,    32.0,    27.3,    46.5,    16.3,    30.8,    24.1,    43.5,     0.0,     0.0,     0.0,     0.0,     0.0,     0.0,     0.0,     0.0,"(CONTRACTS OF 25,000 POUNDS)",085692,CMX ,085 ,N25,FutOnly
GOLD - COMMODITY EXCHANGE INC.,260908,2026-09-08,088691,CMX ,01,088 ,  411227,   16588,   47549,   14542,  253855,   23273,  145804,   10832,   29462,  115203,   18215,   13801,  358673,  396987,   52554,   14240,  411227,   16588,   47549,   14542,  253855,   23273,  145804,   10832,   29462,  115203,   18215,   13801,  358673,  396987,   52554,   14240,       0,       0,       0,       0,       0,       0,       0,       0,       0,       0,       0,       0,       0,       0,       0,       0,   -3969,    -856,   -1184,   -3256,    2628,   -2935,   -3917,   -2118,    2198,    4439,   -1196,    -166,   -4493,   -2773,     524,   -1196,  100.0,    4.0,   11.6,    3.5,   61.7,    5.7,   35.5,    2.6,    7.2,   28.0,    4.4,    3.4,   87.2,   96.5,   12.8,    3.5,  100.0,    4.0,   11.6,    3.5,   61.7,    5.7,   35.5,    2.6,    7.2,   28.0,    4.4,    3.4,   87.2,   96.5,   12.8,    3.5,  100.0,    0.0,    0.0,    0.0,    0.0,    0.0,    0.0,    0.0,    0.0,    0.0,    0.0,    0.0,    0.0,    0.0,    0.0,    0.0,    305,     16,     14,     13,     29,     26,     93,     14,     37,     93,     37,     37,    267,    143,    305,     16,     14,     13,     29,     26,     93,     14,     37,     93,     37,     37,    267,    143,      0,      0,      0,      0,      0,      0,      0,      0,      0,      0,      0,      0,      0,      0,    19.3,    40.9,    27.9,    58.6,    18.8,    39.5,    26.7,    55.7,    19.3,    40.9,    27.9,    58.6,    18.8,    39.5,    26.7,    55.7,     0.0,     0.0,     0.0,     0.0,     0.0,     0.0,     0.0,     0.0,(CONTRACTS OF 100 TROY OUNCES),088691,CMX ,088 ,N20,FutOnly
MICRO GOLD - COMMODITY EXCHANGE INC.,260908,2026-09-08,088695,CMX ,01,088 ,   87451,     242,       0,    7776,       0,       0,       0,     463,       0,   29224,   54856,    7427,   44669,   62746,   42782,   24705,   87451,     242,       0,    7776,       0,       0,       0,     463,       0,   29224,   54856,    7427,   44669,   62746,   42782,   24705,       0,       0,       0,       0,       0,       0,       0,       0,       0,       0,       0,       0,       0,       0,       0,       0,    3897,       0,       0,      53,       0,       0,    -950,     463,       0,    2206,    -529,    2557,    3866,    2491,      31,    1406,  100.0,    0.3,    0.0,    8.9,    0.0,    0.0,    0.0,    0.5,    0.0,   33.4,   62.7,    8.5,   51.1,   71.7,   48.9,   28.3,  100.0,    0.3,    0.0,    8.9,    0.0,    0.0,    0.0,    0.5,    0.0,   33.4,   62.7,    8.5,   51.1,   71.7,   48.9,   28.3,  100.0,    0.0,    0.0,    0.0,    0.0,    0.0,    0.0,    0.0,    0.0,    0.0,    0.0,    0.0,    0.0,    0.0,    0.0,    0.0,     40,.,      0,.,      0,      0,      0,.,      0,     23,     13,     12,     32,     20,     40,.,      0,.,      0,      0,      0,.,      0,     23,     13,     12,     32,     20,      0,      0,      0,      0,      0,      0,      0,      0,      0,      0,      0,      0,      0,      0,    28.6,    59.9,    37.5,    67.4,    27.4,    58.2,    33.5,    62.2,    28.6,    59.9,    37.5,    67.4,    27.4,    58.2,    33.5,    62.2,     0.0,     0.0,     0.0,     0.0,     0.0,     0.0,     0.0,     0.0,(CONTRACTS OF 10 TROY OUNCES),088695,CMX ,088 ,N20,FutOnly
"GOLD -1 TROY OUNCE  - COINBASE DERIVATIVES, LLC",260908,2026-09-08,088LM1,FREX,00,088 ,   12246,       0,       0,       0,       0,       0,       0,       0,       0,    4454,   10320,       1,    4455,   10321,    7791,    1925,   12246,       0,       0,       0,       0,       0,       0,       0,       0,    4454,   10320,       1,    4455,   10321,    7791,    1925,       0,       0,       0,       0,       0,       0,       0,       0,       0,       0,       0,       0,       0,       0,       0,       0,.,.,.,.,.,.,.,.,.,.,.,.,.,.,.,.,  100.0,    0.0,    0.0,    0.0,    0.0,    0.0,    0.0,    0.0,    0.0,   36.4,   84.3,    0.0,   36.4,   84.3,   63.6,   15.7,  100.0,    0.0,    0.0,    0.0,    0.0,    0.0,    0.0,    0.0,    0.0,   36.4,   84.3,    0.0,   36.4,   84.3,   63.6,   15.7,  100.0,    0.0,    0.0,    0.0,    0.0,    0.0,    0.0,    0.0,    0.0,    0.0,    0.0,    0.0,    0.0,    0.0,    0.0,    0.0,     21,      0,      0,      0,      0,      0,      0,      0,      0,     11,     10,.,     12,     10,     21,      0,      0,      0,      0,      0,      0,      0,      0,     11,     10,.,     12,     10,      0,      0,      0,      0,      0,      0,      0,      0,      0,      0,      0,      0,      0,      0,    20.2,    66.0,    30.8,    80.2,    20.2,    66.0,    30.8,    80.2,    20.2,    66.0,    30.8,    80.2,    20.2,    66.0,    30.8,    80.2,     0.0,     0.0,     0.0,     0.0,     0.0,     0.0,     0.0,     0.0,"(1 troy ounce x $2,300)",088LM1,FREX,088 ,N20,FutOnly
GASOLINE RBOB - NEW YORK MERCANTILE EXCHANGE,260908,2026-09-08,111659,NYME,01,111 ,  365028,   94208,  196237,   52275,   37672,   10230,  106371,   13523,   35635,    8825,   28481,   31317,  338861,  353095,   26167,   11933,  365028,   94208,  196237,   52275,   37672,   10230,  106371,   13523,   35635,    8825,   28481,   31317,  338861,  353095,   26167,   11933,       0,       0,       0,       0,       0,       0,       0,       0,       0,       0,       0,       0,       0,       0,       0,       0,   11152,    8459,    9519,    -250,    3579,    -176,    2929,    -704,    1206,   -1225,   -1159,    -675,   10268,   11590,     884,    -438,  100.0,   25.8,   53.8,   14.3,   10.3,    2.8,   29.1,    3.7,    9.8,    2.4,    7.8,    8.6,   92.8,   96.7,    7.2,    3.3,  100.0,   25.8,   53.8,   14.3,   10.3,    2.8,   29.1,    3.7,    9.8,    2.4,    7.8,    8.6,   92.8,   96.7,    7.2,    3.3,  100.0,    0.0,    0.0,    0.0,    0.0,    0.0,    0.0,    0.0,    0.0,    0.0,    0.0,    0.0,    0.0,    0.0,    0.0,    0.0,    233,     56,     81,     16,      7,     15,     68,     10,     43,     21,     20,     27,    195,    174,    233,     56,     81,     16,      7,     15,     68,     10,     43,     21,     20,     27,    195,    174,      0,      0,      0,      0,      0,      0,      0,      0,      0,      0,      0,      0,      0,      0,    14.1,    19.5,    24.7,    31.8,     9.5,    15.8,    16.7,    23.7,    14.1,    19.5,    24.7,    31.8,     9.5,    15.8,    16.7,    23.7,     0.0,     0.0,     0.0,     0.0,     0.0,     0.0,     0.0,     0.0,"(CONTRACTS OF 42,000 U.S. GALLONS)",111659,NYME,111 ,N10,FutOnly
GULF COAST CBOB GAS A2 PL RBOB - NEW YORK MERCANTILE EXCHANGE,260908,2026-09-08,111A34,NYME,01,111 ,   20990,   18215,   13375,       0,    3650,       0,    1185,       0,     675,       0,       0,       0,   20075,   17700,     915,    3290,   20990,   18215,   13375,       0,    3650,       0,    1185,       0,     675,       0,       0,       0,   20075,   17700,     915,    3290,       0,       0,       0,       0,       0,       0,       0,       0,       0,       0,       0,       0,       0,       0,       0,       0,   -4299,   -4010,   -3980,       0,    -374,       0,       0,       0,       0,       0,       0,       0,   -4010,   -4354,    -289,      55,  100.0,   86.8,   63.7,    0.0,   17.4,    0.0,    5.6,    0.0,    3.2,    0.0,    0.0,    0.0,   95.6,   84.3,    4.4,   15.7,  100.0,   86.8,   63.7,    0.0,   17.4,    0.0,    5.6,    0.0,    3.2,    0.0,    0.0,    0.0,   95.6,   84.3,    4.4,   15.7,  100.0,    0.0,    0.0,    0.0,    0.0,    0.0,    0.0,    0.0,    0.0,    0.0,    0.0,    0.0,    0.0,    0.0,    0.0,    0.0,     24,     17,     17,      0,.,      0,.,      0,.,      0,      0,      0,     19,     19,     24,     17,     17,      0,.,      0,.,      0,.,      0,      0,      0,     19,     19,      0,      0,      0,      0,      0,      0,      0,      0,      0,      0,      0,      0,      0,      0,    41.4,    49.7,    71.7,    70.3,    35.8,    46.5,    56.7,    54.3,    41.4,    49.7,    71.7,    70.3,    35.8,    46.5,    56.7,    54.3,     0.0,     0.0,     0.0,     0.0,     0.0,     0.0,     0.0,     0.0,"(CONTRACTS OF 42,000 GALLONS)",111A34,NYME,111 ,N10,FutOnly
CANOLA - ICE FUTURES U.S.,260908,2026-09-08,135731,ICUS,01,135 ,  351560,  150198,  229982,    6360,   23224,    2586,  128945,   18177,   27859,   15878,   29357,   17856,  349682,  349041,    1878,    2519,  345502,  144962,  228661,    6360,   19499,    2586,  128923,   18280,   27756,   15956,   29033,   17176,  343719,  342991,    1783,    2511,    6058,    5236,    1321,       0,    3725,       0,     125,       0,       0,     572,     974,      30,    5963,    6050,      95,       8,    6286,    1996,    6478,   -1158,    -364,     -77,     754,   -5705,    1864,     728,    1534,    3223,    7330,    6953,   -1044,    -667,  100.0,   42.7,   65.4,    1.8,    6.6,    0.7,   36.7,    5.2,    7.9,    4.5,    8.4,    5.1,   99.5,   99.3,    0.5,    0.7,  100.0,   42.0,   66.2,    1.8,    5.6,    0.7,   37.3,    5.3,    8.0,    4.6,    8.4,    5.0,   99.5,   99.3,    0.5,    0.7,  100.0,   86.4,   21.8,    0.0,   61.5,    0.0,    2.1,    0.0,    0.0,    9.4,   16.1,    0.5,   98.4,   99.9,    1.6,    0.1,    358,     31,     79,      8,      9,      4,     83,     21,     27,     54,     87,     32,    213,    231,    355,     28,     78,      8,      9,      4,     83,     21,     27,     54,     90,     29,    208,    227,     43,     10,     10,      0,.,      0,      4,      0,      0,      9,      8,.,     23,     23,    28.3,    35.8,    46.1,    50.8,    23.4,    26.4,    36.6,    38.9,    27.6,    36.3,    45.7,    50.6,    23.5,    26.7,    36.9,    39.2,    78.4,    81.8,    92.4,    91.5,    78.0,    81.8,    92.0,    91.5,(20 Metric Tonnes),135731,ICUS,135 ,A30,FutOnly
COBALT - COMMODITY EXCHANGE INC.,260908,2026-09-08,188691,CMX ,01,188 ,   14601,    2474,    4416,    4386,    1657,     243,    2402,    2991,    2307,    2216,    2126,     179,   14207,   13919,     394,     682,   14601,    2474,    4416,    4386,    1657,     243,    2402,    2991,    2307,    2216,    2126,     179,   14207,   13919,     394,     682,       0,       0,       0,       0,       0,       0,       0,       0,       0,       0,       0,       0,       0,       0,       0,       0,   -1057,    -186,    -466,     -99,      -5,    -116,     -28,    -174,    -156,    -407,    -202,      -8,   -1000,   -1127,     -57,      70,  100.0,   16.9,   30.2,   30.0,   11.3,    1.7,   16.5,   20.5,   15.8,   15.2,   14.6,    1.2,   97.3,   95.3,    2.7,    4.7,  100.0,   16.9,   30.2,   30.0,   11.3,    1.7,   16.5,   20.5,   15.8,   15.2,   14.6,    1.2,   97.3,   95.3,    2.7,    4.7,  100.0,    0.0,    0.0,    0.0,    0.0,    0.0,    0.0,    0.0,    0.0,    0.0,    0.0,    0.0,    0.0,    0.0,    0.0,    0.0,     40,      8,     13,      5,.,      6,      4,      5,      6,      4,      5,.,     29,     33,     40,      8,     13,      5,.,      6,      4,      5,      6,      4,      5,.,     29,     33,      0,      0,      0,      0,      0,      0,      0,      0,      0,      0,      0,      0,      0,      0,    44.0,    48.7,    72.8,    72.4,    39.9,    46.7,    62.6,    60.6,    44.0,    48.7,    72.8,    72.4,    39.9,    46.7,    62.6,    60.6,     0.0,     0.0,     0.0,     0.0,     0.0,     0.0,     0.0,     0.0,"2,204.62 pounds (1 Metric Ton)",188691,CMX ,188 ,N25,FutOnly
LITHIUM HYDROXIDE  - COMMODITY EXCHANGE INC.,260908,2026-09-08,189691,CMX ,01,189 ,   17378,     654,    3291,   10445,    2525,     469,    2554,     689,     288,     355,    7313,    2393,   17158,   16968,     220,     410,   17378,     654,    3291,   10445,    2525,     469,    2554,     689,     288,     355,    7313,    2393,   17158,   16968,     220,     410,       0,       0,       0,       0,       0,       0,       0,       0,       0,       0,       0,       0,       0,       0,       0,       0,   -1396,    -103,    -426,   -1167,      20,      20,    -351,     -36,      18,     -61,   -1234,     239,   -1405,   -1399,       9,       3,  100.0,    3.8,   18.9,   60.1,   14.5,    2.7,   14.7,    4.0,    1.7,    2.0,   42.1,   13.8,   98.7,   97.6,    1.3,    2.4,  100.0,    3.8,   18.9,   60.1,   14.5,    2.7,   14.7,    4.0,    1.7,    2.0,   42.1,   13.8,   98.7,   97.6,    1.3,    2.4,  100.0,    0.0,    0.0,    0.0,    0.0,    0.0,    0.0,    0.0,    0.0,    0.0,    0.0,    0.0,    0.0,    0.0,    0.0,    0.0,     38,      5,      5,      8,.,      5,      5,.,      4,.,     13,      6,     29,     29,     38,      5,      5,      8,.,      5,      5,.,      4,.,     13,      6,     29,     29,      0,      0,      0,      0,      0,      0,      0,      0,      0,      0,      0,      0,      0,      0,    55.7,    52.4,    78.1,    71.2,    54.4,    43.6,    69.7,    59.9,    55.7,    52.4,    78.1,    71.2,    54.4,    43.6,    69.7,    59.9,     0.0,     0.0,     0.0,     0.0,     0.0,     0.0,     0.0,     0.0,(1000) Kilograms,189691,CMX ,189 ,N25,FutOnly
ALUMINUM MWP - COMMODITY EXCHANGE INC.,260908,2026-09-08,191693,CMX ,01,191 ,   29128,    7170,   20327,   16803,    3205,    1182,       0,     244,     119,    2910,    2998,     791,   28975,   28866,     153,     262,   29128,    7170,   20327,   16803,    3205,    1182,       0,     244,     119,    2910,    2998,     791,   28975,   28866,     153,     262,       0,       0,       0,       0,       0,       0,       0,       0,       0,       0,       0,       0,       0,       0,       0,       0,   -2359,     222,     271,     275,     107,      73,       0,      15,     -15,      97,     206,       2,     654,     659,   -3013,   -3018,  100.0,   24.6,   69.8,   57.7,   11.0,    4.1,    0.0,    0.8,    0.4,   10.0,   10.3,    2.7,   99.5,   99.1,    0.5,    0.9,  100.0,   24.6,   69.8,   57.7,   11.0,    4.1,    0.0,    0.8,    0.4,   10.0,   10.3,    2.7,   99.5,   99.1,    0.5,    0.9,  100.0,    0.0,    0.0,    0.0,    0.0,    0.0,    0.0,    0.0,    0.0,    0.0,    0.0,    0.0,    0.0,    0.0,    0.0,    0.0,     59,     12,     22,     12,      4,      9,      0,.,.,.,     14,      5,     35,     51,     59,     12,     22,     12,      4,      9,      0,.,.,.,     14,      5,     35,     51,      0,      0,      0,      0,      0,      0,      0,      0,      0,      0,      0,      0,      0,      0,    45.3,    49.7,    69.4,    70.3,    45.0,    49.2,    69.1,    69.2,    45.3,    49.7,    69.4,    70.3,    45.0,    49.2,    69.1,    69.2,     0.0,     0.0,     0.0,     0.0,     0.0,     0.0,     0.0,     0.0,"(55,116 US Pounds-25 MT)",191693,CMX ,191 ,N25,FutOnly
ALUMINIUM EURO PREM DUTY-PAID - COMMODITY EXCHANGE INC.,260908,2026-09-08,191696,CMX ,01,191 ,   12211,    3584,    7234,    6201,    1620,     276,       0,    1216,     109,    1951,    1696,       0,   12121,   12151,      90,      60,   12211,    3584,    7234,    6201,    1620,     276,       0,    1216,     109,    1951,    1696,       0,   12121,   12151,      90,      60,       0,       0,       0,       0,       0,       0,       0,       0,       0,       0,       0,       0,       0,       0,       0,       0,   -1855,     332,      40,      92,     472,     138,       0,     -60,     105,      60,       0,       0,     727,     695,   -2582,   -2550,  100.0,   29.4,   59.2,   50.8,   13.3,    2.3,    0.0,   10.0,    0.9,   16.0,   13.9,    0.0,   99.3,   99.5,    0.7,    0.5,  100.0,   29.4,   59.2,   50.8,   13.3,    2.3,    0.0,   10.0,    0.9,   16.0,   13.9,    0.0,   99.3,   99.5,    0.7,    0.5,  100.0,    0.0,    0.0,    0.0,    0.0,    0.0,    0.0,    0.0,    0.0,    0.0,    0.0,    0.0,    0.0,    0.0,    0.0,    0.0,     30,      9,     13,      5,      5,.,      0,.,.,      4,.,      0,     21,     22,     30,      9,     13,      5,      5,.,      0,.,.,      4,.,      0,     21,     22,      0,      0,      0,      0,      0,      0,      0,      0,      0,      0,      0,      0,      0,      0,    56.8,    46.1,    83.3,    71.5,    56.0,    43.9,    78.1,    67.6,    56.8,    46.1,    83.3,    71.5,    56.0,    43.9,    78.1,    67.6,     0.0,     0.0,     0.0,     0.0,     0.0,     0.0,     0.0,     0.0,(25 METRIC TONS),191696,CMX ,191 ,N25,FutOnly
STEEL-HRC - COMMODITY EXCHANGE INC.,260908,2026-09-08,192651,CMX ,01,192 ,   38831,   11297,   34598,   14035,      50,     530,    8673,    1197,     413,    2261,     855,    1107,   38316,   38750,     515,      81,   38831,   11297,   34598,   14035,      50,     530,    8673,    1197,     413,    2261,     855,    1107,   38316,   38750,     515,      81,       0,       0,       0,       0,       0,       0,       0,       0,       0,       0,       0,       0,       0,       0,       0,       0,       4,    -452,     840,     438,       0,      37,     223,    -266,     172,     222,    -106,    -645,      -5,      32,       9,     -28,  100.0,   29.1,   89.1,   36.1,    0.1,    1.4,   22.3,    3.1,    1.1,    5.8,    2.2,    2.9,   98.7,   99.8,    1.3,    0.2,  100.0,   29.1,   89.1,   36.1,    0.1,    1.4,   22.3,    3.1,    1.1,    5.8,    2.2,    2.9,   98.7,   99.8,    1.3,    0.2,  100.0,    0.0,    0.0,    0.0,    0.0,    0.0,    0.0,    0.0,    0.0,    0.0,    0.0,    0.0,    0.0,    0.0,    0.0,    0.0,     69,     22,     17,      6,.,.,     15,      4,.,      9,      9,      7,     58,     36,     69,     22,     17,      6,.,.,     15,      4,.,      9,      9,      7,     58,     36,      0,      0,      0,      0,      0,      0,      0,      0,      0,      0,      0,      0,      0,      0,    41.8,    80.6,    63.5,    87.8,    40.3,    78.7,    61.9,    82.5,    41.8,    80.6,    63.5,    87.8,    40.3,    78.7,    61.9,    82.5,     0.0,     0.0,     0.0,     0.0,     0.0,     0.0,     0.0,     0.0,(CONTRACTS OF 20 SHORT TONS),192651,CMX ,192 ,N25,FutOnly
NORTH EURO HOT-ROLL COIL STEEL - COMMODITY EXCHANGE INC.,260908,2026-09-08,192691,CMX ,01,192 ,    8884,    5209,    7465,    1090,     125,     100,     733,       0,     470,    1081,     620,      20,    8703,    8800,     181,      84,    8884,    5209,    7465,    1090,     125,     100,     733,       0,     470,    1081,     620,      20,    8703,    8800,     181,      84,       0,       0,       0,       0,       0,       0,       0,       0,       0,       0,       0,       0,       0,       0,       0,       0,    -849,     -96,    -365,     329,     -75,     -54,    -407,       0,    -156,    -442,    -178,     -20,    -846,    -848,      -3,      -1,  100.0,   58.6,   84.0,   12.3,    1.4,    1.1,    8.3,    0.0,    5.3,   12.2,    7.0,    0.2,   98.0,   99.1,    2.0,    0.9,  100.0,   58.6,   84.0,   12.3,    1.4,    1.1,    8.3,    0.0,    5.3,   12.2,    7.0,    0.2,   98.0,   99.1,    2.0,    0.9,  100.0,    0.0,    0.0,    0.0,    0.0,    0.0,    0.0,    0.0,    0.0,    0.0,    0.0,    0.0,    0.0,    0.0,    0.0,    0.0,     23,      8,      5,      4,.,.,.,      0,.,.,.,.,     20,      9,     23,      8,      5,      4,.,.,.,      0,.,.,.,.,     20,      9,      0,      0,      0,      0,      0,      0,      0,      0,      0,      0,      0,      0,      0,      0,    70.2,    90.9,    85.7,    98.6,    63.5,    84.8,    76.8,    85.6,    70.2,    90.9,    85.7,    98.6,    63.5,    84.8,    76.8,    85.6,     0.0,     0.0,     0.0,     0.0,     0.0,     0.0,     0.0,     0.0,(20 Metric Tons),192691,CMX ,192 ,N25,FutOnly
PGP PROPYLENE (PCW) CAL - NEW YORK MERCANTILE EXCHANGE,260908,2026-09-08,406651,NYME,01,406 ,    7999,    1676,     809,    2663,      79,      10,     457,       0,       0,    1674,    5664,    1407,    7887,    7969,     112,      30,    7999,    1676,     809,    2663,      79,      10,     457,       0,       0,    1674,    5664,    1407,    7887,    7969,     112,      30,       0,       0,       0,       0,       0,       0,       0,       0,       0,       0,       0,       0,       0,       0,       0,       0,    -429,     -79,    -150,    -213,     -22,       0,    -103,       0,       0,     -47,    -280,      28,    -414,    -424,     -15,      -5,  100.0,   21.0,   10.1,   33.3,    1.0,    0.1,    5.7,    0.0,    0.0,   20.9,   70.8,   17.6,   98.6,   99.6,    1.4,    0.4,  100.0,   21.0,   10.1,   33.3,    1.0,    0.1,    5.7,    0.0,    0.0,   20.9,   70.8,   17.6,   98.6,   99.6,    1.4,    0.4,  100.0,    0.0,    0.0,    0.0,    0.0,    0.0,    0.0,    0.0,    0.0,    0.0,    0.0,    0.0,    0.0,    0.0,    0.0,    0.0,     23,      5,      5,.,.,.,.,      0,      0,      6,      5,      7,     19,     15,     23,      5,      5,.,.,.,.,      0,      0,      6,      5,      7,     19,     15,      0,      0,      0,      0,      0,      0,      0,      0,      0,      0,      0,      0,      0,      0,    53.1,    84.5,    76.6,    93.6,    50.6,    75.6,    68.1,    77.9,    53.1,    84.5,    76.6,    93.6,    50.6,    75.6,    68.1,    77.9,     0.0,     0.0,     0.0,     0.0,     0.0,     0.0,     0.0,     0.0,"(CONTRACTS OF 100,000 POUNDS)",406651,NYME,406 ,N40,FutOnly
GULF JET NY HEAT OIL SPR - NEW YORK MERCANTILE EXCHANGE,260908,2026-09-08,86465A,NYME,01,864 ,   11046,    7831,   10903,    2734,       0,     143,       0,       0,       0,      50,       0,       0,   10758,   11046,     288,       0,   11046,    7831,   10903,    2734,       0,     143,       0,       0,       0,      50,       0,       0,   10758,   11046,     288,       0,       0,       0,       0,       0,       0,       0,       0,       0,       0,       0,       0,       0,       0,       0,       0,       0,   -2326,   -1040,   -1960,   -1037,       0,       0,       0,       0,       0,     -50,       0,       0,   -2127,   -1960,    -199,    -366,  100.0,   70.9,   98.7,   24.8,    0.0,    1.3,    0.0,    0.0,    0.0,    0.5,    0.0,    0.0,   97.4,  100.0,    2.6,    0.0,  100.0,   70.9,   98.7,   24.8,    0.0,    1.3,    0.0,    0.0,    0.0,    0.5,    0.0,    0.0,   97.4,  100.0,    2.6,    0.0,  100.0,    0.0,    0.0,    0.0,    0.0,    0.0,    0.0,    0.0,    0.0,    0.0,    0.0,    0.0,    0.0,    0.0,    0.0,    0.0,     34,     22,     18,      6,      0,.,      0,      0,      0,.,      0,      0,     29,     20,     34,     22,     18,      6,      0,.,      0,      0,      0,.,      0,      0,     29,     20,      0,      0,      0,      0,      0,      0,      0,      0,      0,      0,      0,      0,      0,      0,    43.3,    70.8,    65.9,    89.7,    37.7,    55.5,    55.7,    67.3,    43.3,    70.8,    65.9,    89.7,    37.7,    55.5,    55.7,    67.3,     0.0,     0.0,     0.0,     0.0,     0.0,     0.0,     0.0,     0.0,"(CONTRACTS OF 42,000 GALLONS)",86465A,NYME,864 ,N10,FutOnly
GULF # 6 FUEL OIL CRACK - NEW YORK MERCANTILE EXCHANGE,260908,2026-09-08,86565A,NYME,01,865 ,    9598,    3890,    5958,    1965,       0,     915,     360,     150,     685,     460,     567,    1308,    9583,    9583,      15,      15,    9598,    3890,    5958,    1965,       0,     915,     360,     150,     685,     460,     567,    1308,    9583,    9583,      15,      15,       0,       0,       0,       0,       0,       0,       0,       0,       0,       0,       0,       0,       0,       0,       0,       0,   -1272,   -1012,    -420,     185,       0,    -185,    -115,     -50,     -50,     295,    -177,    -405,   -1287,   -1287,      15,      15,  100.0,   40.5,   62.1,   20.5,    0.0,    9.5,    3.8,    1.6,    7.1,    4.8,    5.9,   13.6,   99.8,   99.8,    0.2,    0.2,  100.0,   40.5,   62.1,   20.5,    0.0,    9.5,    3.8,    1.6,    7.1,    4.8,    5.9,   13.6,   99.8,   99.8,    0.2,    0.2,  100.0,    0.0,    0.0,    0.0,    0.0,    0.0,    0.0,    0.0,    0.0,    0.0,    0.0,    0.0,    0.0,    0.0,    0.0,    0.0,     31,     14,     12,      4,      0,.,.,.,.,.,.,      5,     26,     21,     31,     14,     12,      4,      0,.,.,.,.,.,.,      5,     26,     21,      0,      0,      0,      0,      0,      0,      0,      0,      0,      0,      0,      0,      0,      0,    56.6,    48.4,    84.1,    74.9,    30.9,    36.6,    43.8,    47.7,    56.6,    48.4,    84.1,    74.9,    30.9,    36.6,    43.8,    47.7,     0.0,     0.0,     0.0,     0.0,     0.0,     0.0,     0.0,     0.0,"(CONTRACTS OF 1,000 BARRELS)",86565A,NYME,865 ,N10,FutOnly
