WHEAT-SRW - CHICAGO BOARD OF TRADE,260811,2026-08-11,001602,CBT ,00,001 ,  475566,   64948,  117580,   89805,   14419,   17099,   78009,  111409,  112454,   36970,   28480,   37710,  436995,  439151,   38571,   36415,  440452,   62602,  102265,   82626,   13774,   16477,   74800,  116557,   98460,   37529,   29614,   31812,  404306,  408959,   36146,   31493,   35114,    2346,   15315,    7719,    1185,      82,   16001,    7644,    1202,    3090,    2515,    2249,   32689,   30192,    2425,    4922,    9243,   -2948,   -3254,    5754,    -307,    2098,   -2028,    6502,   -3620,    -105,    1516,    5883,    5034,    8818,    4209,     425,  100.0,   13.7,   24.7,   18.9,    3.0,    3.6,   16.4,   23.4,   23.6,    7.8,    6.0,    7.9,   91.9,   92.3,    8.1,    7.7,  100.0,   14.2,   23.2,   18.8,    3.1,    3.7,   17.0,   26.5,   22.4,    8.5,    6.7,    7.2,   91.8,   92.8,    8.2,    7.2,  100.0,    6.7,   43.6,   22.0,    3.4,    0.2,   45.6,   21.8,    3.4,    8.8,    7.2,    6.4,   93.1,   86.0,    6.9,   14.0,    398,     70,     98,     26,      8,     16,     65,     53,     69,     69,     44,     57,    302,    290,    396,     66,     95,     25,      9,     12,     62,     57,     68,     70,     45,     52,    293,    280,    165,     20,     70,     13,      9,.,     20,     12,      7,     11,     21,     12,     74,    124,    12.9,    13.8,    21.2,    23.1,     7.6,     8.9,    13.6,    14.1,    13.6,    14.6,    21.3,    24.5,     6.8,     9.6,    12.7,    15.6,    37.8,    24.4,    57.3,    40.2,    37.8,    23.5,    51.4,    36.1,"(CONTRACTS OF 5,000 BUSHELS)",001602,CBT ,001 ,A10,FutOnly
WHEAT-HRW - CHICAGO BOARD OF TRADE,260811,2026-08-11,001612,CBT ,00,001 ,  305725,   27784,  121915,   80670,    1613,    6701,   63122,   37516,   69568,    8810,   21202,   26670,  283325,  285185,   22400,   20540,  284950,   25378,  114121,   76254,    1757,    5854,   63077,   41852,   59854,   10444,   20897,   23354,  264215,  267689,   20735,   17261,   20775,    2406,    7794,    5254,     694,       9,    9298,    4917,     461,     706,    2645,     976,   19110,   17496,    1665,    3279,   -7281,    2912,       9,      78,     -84,     -41,   -3834,    2056,   -6051,    1974,     527,   -4117,   -9079,   -7701,    1798,     420,  100.0,    9.1,   39.9,   26.4,    0.5,    2.2,   20.6,   12.3,   22.8,    2.9,    6.9,    8.7,   92.7,   93.3,    7.3,    6.7,  100.0,    8.9,   40.0,   26.8,    0.6,    2.1,   22.1,   14.7,   21.0,    3.7,    7.3,    8.2,   92.7,   93.9,    7.3,    6.1,  100.0,   11.6,   37.5,   25.3,    3.3,    0.0,   44.8,   23.7,    2.2,    3.4,   12.7,    4.7,   92.0,   84.2,    8.0,   15.8,    272,     51,     83,     20,      6,     11,     55,     32,     52,     23,     33,     34,    199,    210,    270,     49,     82,     19,      7,     11,     54,     33,     50,     29,     30,     33,    194,    208,    129,     11,     55,     12,      5,.,     17,     13,      5,      6,     18,      8,     56,     95,    14.4,    13.8,    24.2,    24.4,    11.1,    11.7,    18.5,    18.3,    15.1,    14.8,    25.2,    26.0,    11.3,    12.9,    19.0,    20.1,    38.6,    29.0,    54.3,    41.9,    38.5,    25.3,    53.7,    37.4,"(CONTRACTS OF 5,000 BUSHELS)",001612,CBT ,001 ,A10,FutOnly
WHEAT-HRSpring - MIAX FUTURES EXCHANGE,260811,2026-08-11,001626,MGE ,00,001 ,   81898,   39913,   58073,    7571,       0,     127,   17591,    7712,    4941,    1447,    1667,    1659,   73249,   74179,    8649,    7719,   81301,   39616,   57581,    7498,       0,     127,   17571,    7712,    4941,    1364,    1700,    1623,   72740,   73684,    8561,    7617,     597,     297,     492,      73,       0,       0,      20,       0,       0,     119,       3,       0,     509,     495,      88,     102,   -3728,   -2596,   -1803,      81,       0,      54,    -384,   -1410,      30,     -67,      27,    -311,   -3193,   -3413,    -535,    -315,  100.0,   48.7,   70.9,    9.2,    0.0,    0.2,   21.5,    9.4,    6.0,    1.8,    2.0,    2.0,   89.4,   90.6,   10.6,    9.4,  100.0,   48.7,   70.8,    9.2,    0.0,    0.2,   21.6,    9.5,    6.1,    1.7,    2.1,    2.0,   89.5,   90.6,   10.5,    9.4,  100.0,   49.7,   82.4,   12.2,    0.0,    0.0,    3.4,    0.0,    0.0,   19.9,    0.5,    0.0,   85.3,   82.9,   14.7,   17.1,    125,     61,     43,      9,      0,      5,     17,     12,     12,      8,      5,      6,    104,     77,    125,     60,     42,      9,      0,      5,     17,     12,     12,      8,      6,      6,    103,     76,     28,      6,     18,.,      0,      0,.,      0,      0,.,.,      0,     10,     19,    25.3,    33.1,    37.8,    53.6,    25.3,    32.8,    36.7,    52.2,    25.5,    33.2,    38.1,    53.7,    25.5,    33.1,    36.9,    52.7,    69.5,    51.1,    83.9,    72.9,    69.5,    51.1,    83.1,    72.9,"(CONTRACTS OF 5,000 BUSHELS)",001626,MGE ,001 ,A10,FutOnly
CORN - CHICAGO BOARD OF TRADE,260811,2026-08-11,002602,CBT ,00,002 , 1684065,  335547,  861215,  351769,   24229,   14303,  312829,  186954,  187183,  173443,   54406,  172285, 1547359, 1500575,  136706,  183490,  354557,  116541,   99961,   54047,    8422,     192,   64422,  110115,    7800,   71965,  104865,     887,  315854,  332242,   38703,   22315, 1329508,  219006,  761254,  306230,   24315,    5603,  297873,  126305,  129917,  204994,   53057,   67882, 1231505, 1168333,   98003,  161175,  -78508,    8432,   -2099,    2140,    2454,   -1827,    3112,   22058,  -69194,    2303,   -6487,  -23857,  -78891,  -78952,     383,     444,  100.0,   19.9,   51.1,   20.9,    1.4,    0.8,   18.6,   11.1,   11.1,   10.3,    3.2,   10.2,   91.9,   89.1,    8.1,   10.9,  100.0,   32.9,   28.2,   15.2,    2.4,    0.1,   18.2,   31.1,    2.2,   20.3,   29.6,    0.3,   89.1,   93.7,   10.9,    6.3,  100.0,   16.5,   57.3,   23.0,    1.8,    0.4,   22.4,    9.5,    9.8,   15.4,    4.0,    5.1,   92.6,   87.9,    7.4,   12.1,    822,    306,    353,     30,     11,     19,     82,     61,     88,     93,     81,     90,    624,    613,    597,    210,    192,     27,      8,.,     38,     46,     14,     67,     52,      5,    353,    308,    787,    214,    341,     30,      9,     15,     86,     54,     78,     90,     85,     65,    495,    579,    12.0,    12.2,    19.8,    19.4,    10.1,    10.3,    16.9,    16.1,    15.3,    29.1,    23.1,    38.7,    15.0,    29.1,    22.8,    38.7,    13.0,    12.4,    21.3,    20.0,    12.3,    12.3,    20.1,    19.3,"(CONTRACTS OF 5,000 BUSHELS)",002602,CBT ,002 ,A10,FutOnly
SOYBEANS - CHICAGO BOARD OF TRADE,260811,2026-08-11,005602,CBT ,00,005 ,  982903,  311042,  563388,  145994,   33282,   13735,  169712,   60603,  142155,   82873,   32037,   70709,  936220,  915909,   46683,   66994,  949823,  297809,  541814,  145608,   32134,   12357,  163653,   62020,  138128,   81334,   31851,   66909,  905798,  885213,   44025,   64610,   33080,   13233,   21574,    1613,    2375,     151,    8957,    1481,    1129,    2648,    1295,    2691,   30422,   30696,    2658,    2384,   -7505,   27809,   10092,   -4425,   -3826,     971,   -9787,   13628,  -11283,    9752,    1934,  -17751,   -4714,   -6235,   -2791,   -1270,  100.0,   31.6,   57.3,   14.9,    3.4,    1.4,   17.3,    6.2,   14.5,    8.4,    3.3,    7.2,   95.3,   93.2,    4.7,    6.8,  100.0,   31.4,   57.0,   15.3,    3.4,    1.3,   17.2,    6.5,   14.5,    8.6,    3.4,    7.0,   95.4,   93.2,    4.6,    6.8,  100.0,   40.0,   65.2,    4.9,    7.2,    0.5,   27.1,    4.5,    3.4,    8.0,    3.9,    8.1,   92.0,   92.8,    8.0,    7.2,    612,    156,    249,     25,     18,     21,     86,     37,     67,     87,     61,     77,    431,    473,    611,    155,    249,     26,     17,     21,     85,     40,     66,     88,     60,     76,    428,    472,    216,     21,    127,      8,      8,.,     13,     11,.,      6,     24,     11,     58,    176,    10.2,    17.9,    17.9,    28.9,     9.7,    15.4,    16.3,    23.7,    10.6,    17.5,    18.4,    28.3,    10.1,    15.4,    16.9,    23.4,    36.1,    46.7,    52.9,    58.6,    36.1,    46.3,    52.7,    55.3,"(CONTRACTS OF 5,000 BUSHELS)",005602,CBT ,005 ,A30,FutOnly
MINI SOYBEANS - CHICAGO BOARD OF TRADE,260811,2026-08-11,005603,CBT ,00,005 ,   26470,       7,   11159,       0,       0,       0,       0,       0,       0,   21792,    1641,     389,   22188,   13189,    4282,   13281,   25287,       7,   10370,       0,       0,       0,       0,       0,       0,   21431,    1636,     389,   21827,   12395,    3460,   12892,    1183,       0,     789,       0,       0,       0,       0,       0,       0,     361,       5,       0,     361,     794,     822,     389,     -75,       0,     -98,       0,       0,       0,       0,       0,       0,    -131,      22,      65,     -66,     -11,      -9,     -64,  100.0,    0.0,   42.2,    0.0,    0.0,    0.0,    0.0,    0.0,    0.0,   82.3,    6.2,    1.5,   83.8,   49.8,   16.2,   50.2,  100.0,    0.0,   41.0,    0.0,    0.0,    0.0,    0.0,    0.0,    0.0,   84.8,    6.5,    1.5,   86.3,   49.0,   13.7,   51.0,  100.0,    0.0,   66.7,    0.0,    0.0,    0.0,    0.0,    0.0,    0.0,   30.5,    0.4,    0.0,   30.5,   67.1,   69.5,   32.9,     30,.,     17,      0,      0,      0,      0,      0,      0,      7,      6,      5,      8,     28,     30,.,     17,      0,      0,      0,      0,      0,      0,      7,      6,      5,      8,     28,     17,      0,     14,      0,      0,      0,      0,      0,      0,.,.,      0,.,     15,    76.4,    30.7,    83.8,    36.2,    75.1,    30.6,    82.3,    36.2,    79.6,    29.2,    86.3,    34.9,    78.3,    29.2,    84.8,    34.9,    30.5,    64.1,    30.5,    65.5,    30.5,    64.1,    30.5,    65.5,"(Contracts of 1,000 Bushels)",005603,CBT ,005 ,A30,FutOnly
NJ SRECS - ICE FUTURES ENERGY DIV,260811,2026-08-11,0063CC,IFED,01,006 ,  125869,   90415,   72398,    7000,    3070,       0,       0,     840,       0,   26534,   47641,    1920,  125869,  125869,       0,       0,  125869,   90415,   72398,    7000,    3070,       0,       0,     840,       0,   26534,   47641,    1920,  125869,  125869,       0,       0,       0,       0,       0,       0,       0,       0,       0,       0,       0,       0,       0,       0,       0,       0,       0,       0,     400,     100,     200,       0,       0,       0,       0,     100,       0,     200,       0,     100,     400,     400,       0,       0,  100.0,   71.8,   57.5,    5.6,    2.4,    0.0,    0.0,    0.7,    0.0,   21.1,   37.8,    1.5,  100.0,  100.0,    0.0,    0.0,  100.0,   71.8,   57.5,    5.6,    2.4,    0.0,    0.0,    0.7,    0.0,   21.1,   37.8,    1.5,  100.0,  100.0,    0.0,    0.0,  100.0,    0.0,    0.0,    0.0,    0.0,    0.0,    0.0,    0.0,    0.0,    0.0,    0.0,    0.0,    0.0,    0.0,    0.0,    0.0,     35,     17,      7,.,.,      0,      0,.,      0,      4,      5,.,     23,     18,     35,     17,      7,.,.,      0,      0,.,      0,      4,      5,.,     23,     18,      0,      0,      0,      0,      0,      0,      0,      0,      0,      0,      0,      0,      0,      0,    54.4,    88.3,    77.4,    95.2,    54.4,    88.3,    77.4,    93.7,    54.4,    88.3,    77.4,    95.2,    54.4,    88.3,    77.4,    93.7,     0.0,     0.0,     0.0,     0.0,     0.0,     0.0,     0.0,     0.0,(10 SRECs),0063CC,IFED,006 ,N60,FutOnly
PJM TRI-RECs CLASS 1  - ICE FUTURES ENERGY DIV,260811,2026-08-11,0063CH,IFED,01,006 ,  246920,  180606,  163028,    7965,     245,       0,     488,    5456,     144,   38421,   58751,   19296,  246920,  246920,       0,       0,  246920,  180606,  163028,    7965,     245,       0,     488,    5456,     144,   38421,   58751,   19296,  246920,  246920,       0,       0,       0,       0,       0,       0,       0,       0,       0,       0,       0,       0,       0,       0,       0,       0,       0,       0,    1984,    1726,    1501,       0,       0,       0,       0,       0,       0,     565,     790,    -307,    1984,    1984,       0,       0,  100.0,   73.1,   66.0,    3.2,    0.1,    0.0,    0.2,    2.2,    0.1,   15.6,   23.8,    7.8,  100.0,  100.0,    0.0,    0.0,  100.0,   73.1,   66.0,    3.2,    0.1,    0.0,    0.2,    2.2,    0.1,   15.6,   23.8,    7.8,  100.0,  100.0,    0.0,    0.0,  100.0,    0.0,    0.0,    0.0,    0.0,    0.0,    0.0,    0.0,    0.0,    0.0,    0.0,    0.0,    0.0,    0.0,    0.0,    0.0,     50,     20,     17,.,.,      0,      4,.,.,      7,      8,     10,     39,     32,     50,     20,     17,.,.,      0,      4,.,.,      7,      8,     10,     39,     32,      0,      0,      0,      0,      0,      0,      0,      0,      0,      0,      0,      0,      0,      0,    48.9,    55.9,    71.3,    73.9,    44.8,    55.8,    66.4,    71.7,    48.9,    55.9,    71.3,    73.9,    44.8,    55.8,    66.4,    71.7,     0.0,     0.0,     0.0,     0.0,     0.0,     0.0,     0.0,     0.0,(100 MWh of renewable energy certificates),0063CH,IFED,006 ,N60,FutOnly
CALIF LOW CARBON FSC-OPIS  - ICE FUTURES ENERGY DIV,260811,2026-08-11,0063CU,IFED,01,006 ,  121065,    6871,   91698,   38962,    2811,       0,   71422,       0,    1134,    2367,   25119,     303,  121059,  121065,       6,       0,  121065,    6871,   91698,   38962,    2811,       0,   71422,       0,    1134,    2367,   25119,     303,  121059,  121065,       6,       0,       0,       0,       0,       0,       0,       0,       0,       0,       0,       0,       0,       0,       0,       0,       0,       0,    3091,      60,    2897,     560,     548,       0,    3576,       0,   -1055,    -110,     641,      60,    3091,    3091,       0,       0,  100.0,    5.7,   75.7,   32.2,    2.3,    0.0,   59.0,    0.0,    0.9,    2.0,   20.7,    0.3,  100.0,  100.0,    0.0,    0.0,  100.0,    5.7,   75.7,   32.2,    2.3,    0.0,   59.0,    0.0,    0.9,    2.0,   20.7,    0.3,  100.0,  100.0,    0.0,    0.0,  100.0,    0.0,    0.0,    0.0,    0.0,    0.0,    0.0,    0.0,    0.0,    0.0,    0.0,    0.0,    0.0,    0.0,    0.0,    0.0,     50,      9,      9,.,.,      0,     16,      0,.,      8,      6,.,     37,     18,     50,      9,      9,.,.,      0,     16,      0,.,      8,      6,.,     37,     18,      0,      0,      0,      0,      0,      0,      0,      0,      0,      0,      0,      0,      0,      0,    64.0,    81.3,    82.2,    95.2,    64.0,    80.7,    82.2,    94.6,    64.0,    81.3,    82.2,    95.2,    64.0,    80.7,    82.2,    94.6,     0.0,     0.0,     0.0,     0.0,     0.0,     0.0,     0.0,     0.0,(100 LCFS Credits- each of 1 MT),0063CU,IFED,006 ,N60,FutOnly
D6 RINs OPIS CURRENT YEAR - ICE FUTURES ENERGY DIV,260811,2026-08-11,0063CW,IFED,01,006 ,   34101,    6924,    7828,    2157,    4294,     142,    4510,    1189,    3102,    9028,    9217,    8112,   33975,   33884,     126,     217,   34101,    6924,    7828,    2157,    4294,     142,    4510,    1189,    3102,    9028,    9217,    8112,   33975,   33884,     126,     217,       0,       0,       0,       0,       0,       0,       0,       0,       0,       0,       0,       0,       0,       0,       0,       0,   -1744,   -1773,     296,   -1279,    -100,    -204,     257,       2,     135,    1866,   -1227,    -761,   -1759,   -1859,      15,     115,  100.0,   20.3,   23.0,    6.3,   12.6,    0.4,   13.2,    3.5,    9.1,   26.5,   27.0,   23.8,   99.6,   99.4,    0.4,    0.6,  100.0,   20.3,   23.0,    6.3,   12.6,    0.4,   13.2,    3.5,    9.1,   26.5,   27.0,   23.8,   99.6,   99.4,    0.4,    0.6,  100.0,    0.0,    0.0,    0.0,    0.0,    0.0,    0.0,    0.0,    0.0,    0.0,    0.0,    0.0,    0.0,    0.0,    0.0,    0.0,     74,      9,     16,.,.,.,      5,      5,.,     19,     21,     12,     42,     54,     74,      9,     16,.,.,.,      5,      5,.,     19,     21,     12,     42,     54,      0,      0,      0,      0,      0,      0,      0,      0,      0,      0,      0,      0,      0,      0,    56.4,    45.1,    78.2,    64.4,    37.5,    30.9,    51.5,    43.8,    56.4,    45.1,    78.2,    64.4,    37.5,    30.9,    51.5,    43.8,     0.0,     0.0,     0.0,     0.0,     0.0,     0.0,     0.0,     0.0,"(50,000 RINs)",0063CW,IFED,006 ,N60,FutOnly
PA SOLAR ALTER ENERGY CREDIT - ICE FUTURES ENERGY DIV,260811,2026-08-11,0063DA,IFED,01,006 ,   19210,    9495,   18410,     215,       0,       0,       0,       0,       0,    9500,     800,       0,   19210,   19210,       0,       0,   19210,    9495,   18410,     215,       0,       0,       0,       0,       0,    9500,     800,       0,   19210,   19210,       0,       0,       0,       0,       0,       0,       0,       0,       0,       0,       0,       0,       0,       0,       0,       0,       0,       0,    2000,       0,    2000,       0,       0,       0,       0,       0,       0,    2000,       0,       0,    2000,    2000,       0,       0,  100.0,   49.4,   95.8,    1.1,    0.0,    0.0,    0.0,    0.0,    0.0,   49.5,    4.2,    0.0,  100.0,  100.0,    0.0,    0.0,  100.0,   49.4,   95.8,    1.1,    0.0,    0.0,    0.0,    0.0,    0.0,   49.5,    4.2,    0.0,  100.0,  100.0,    0.0,    0.0,  100.0,    0.0,    0.0,    0.0,    0.0,    0.0,    0.0,    0.0,    0.0,    0.0,    0.0,    0.0,    0.0,    0.0,    0.0,    0.0,     20,      9,      4,.,      0,      0,      0,      0,      0,      5,.,      0,     15,      6,     20,      9,      4,.,      0,      0,      0,      0,      0,      5,.,      0,     15,      6,      0,      0,      0,      0,      0,      0,      0,      0,      0,      0,      0,      0,      0,      0,    59.1,    96.9,    84.1,   100.0,    59.1,    93.2,    81.4,    94.8,    59.1,    96.9,    84.1,   100.0,    59.1,    93.2,    81.4,    94.8,     0.0,     0.0,     0.0,     0.0,     0.0,     0.0,     0.0,     0.0,(10 PA SRECs),0063DA,IFED,006 ,N60,FutOnly
CALIF CARBON CURRENT AUCTION - ICE FUTURES ENERGY DIV,260811,2026-08-11,0063DB,IFED,01,006 ,   58565,   13366,    6202,   22110,   16213,     375,    2539,   11274,    2671,   11930,   16283,    5547,   58538,   58565,      27,       0,   58565,   13366,    6202,   22110,   16213,     375,    2539,   11274,    2671,   11930,   16283,    5547,   58538,   58565,      27,       0,       0,       0,       0,       0,       0,       0,       0,       0,       0,       0,       0,       0,       0,       0,       0,       0,      64,    -710,      32,   -1600,    1025,     100,    1264,     -34,    -394,     865,   -1201,     536,      61,      64,       3,       0,  100.0,   22.8,   10.6,   37.8,   27.7,    0.6,    4.3,   19.3,    4.6,   20.4,   27.8,    9.5,  100.0,  100.0,    0.0,    0.0,  100.0,   22.8,   10.6,   37.8,   27.7,    0.6,    4.3,   19.3,    4.6,   20.4,   27.8,    9.5,  100.0,  100.0,    0.0,    0.0,  100.0,    0.0,    0.0,    0.0,    0.0,    0.0,    0.0,    0.0,    0.0,    0.0,    0.0,    0.0,    0.0,    0.0,    0.0,    0.0,     51,     12,      8,      4,.,.,      6,.,      4,     12,      7,      9,     43,     26,     51,     12,      8,      4,.,.,      6,.,      4,     12,      7,      9,     43,     26,      0,      0,      0,      0,      0,      0,      0,      0,      0,      0,      0,      0,      0,      0,    48.6,    73.5,    65.3,    85.7,    48.6,    66.6,    62.2,    77.0,    48.6,    73.5,    65.3,    85.7,    48.6,    66.6,    62.2,    77.0,     0.0,     0.0,     0.0,     0.0,     0.0,     0.0,     0.0,     0.0,"(1,000 California carbon allowances)",0063DB,IFED,006 ,N60,FutOnly
D4 BIODIESEL RINs OPIS CURR YR - ICE FUTURES ENERGY DIV,260811,2026-08-11,0063DG,IFED,01,006 ,   15577,    2407,    6241,    1843,    2112,     100,    2012,     450,    1096,    4896,    2441,    3048,   15402,   15488,     175,      89,   15577,    2407,    6241,    1843,    2112,     100,    2012,     450,    1096,    4896,    2441,    3048,   15402,   15488,     175,      89,       0,       0,       0,       0,       0,       0,       0,       0,       0,       0,       0,       0,       0,       0,       0,       0,     233,    -234,      33,    -176,    -994,     100,      -7,     126,     122,      62,     519,     321,     188,     227,      45,       6,  100.0,   15.5,   40.1,   11.8,   13.6,    0.6,   12.9,    2.9,    7.0,   31.4,   15.7,   19.6,   98.9,   99.4,    1.1,    0.6,  100.0,   15.5,   40.1,   11.8,   13.6,    0.6,   12.9,    2.9,    7.0,   31.4,   15.7,   19.6,   98.9,   99.4,    1.1,    0.6,  100.0,    0.0,    0.0,    0.0,    0.0,    0.0,    0.0,    0.0,    0.0,    0.0,    0.0,    0.0,    0.0,    0.0,    0.0,    0.0,     62,     13,     12,.,.,.,     10,.,.,     17,     12,      5,     45,     32,     62,     13,     12,.,.,.,     10,.,.,     17,     12,      5,     45,     32,      0,      0,      0,      0,      0,      0,      0,      0,      0,      0,      0,      0,      0,      0,    44.7,    45.6,    64.0,    66.8,    31.9,    41.3,    46.0,    55.7,    44.7,    45.6,    64.0,    66.8,    31.9,    41.3,    46.0,    55.7,     0.0,     0.0,     0.0,     0.0,     0.0,     0.0,     0.0,     0.0,"(50,000 RINs)",0063DG,IFED,006 ,N60,FutOnly
CT RECs CLASS 1  - ICE FUTURES ENERGY DIV,260811,2026-08-11,0063DK,IFED,01,006 ,    8775,    5725,    6171,     600,     750,       0,       0,     100,       0,    2450,    1754,       0,    8775,    8775,       0,       0,    8775,    5725,    6171,     600,     750,       0,       0,     100,       0,    2450,    1754,       0,    8775,    8775,       0,       0,       0,       0,       0,       0,       0,       0,       0,       0,       0,       0,       0,       0,       0,       0,       0,       0,    -200,    -200,    -200,       0,       0,       0,       0,       0,       0,       0,       0,       0,    -200,    -200,       0,       0,  100.0,   65.2,   70.3,    6.8,    8.5,    0.0,    0.0,    1.1,    0.0,   27.9,   20.0,    0.0,  100.0,  100.0,    0.0,    0.0,  100.0,   65.2,   70.3,    6.8,    8.5,    0.0,    0.0,    1.1,    0.0,   27.9,   20.0,    0.0,  100.0,  100.0,    0.0,    0.0,  100.0,    0.0,    0.0,    0.0,    0.0,    0.0,    0.0,    0.0,    0.0,    0.0,    0.0,    0.0,    0.0,    0.0,    0.0,    0.0,     20,      7,      8,.,.,      0,      0,.,      0,.,.,      0,      9,     13,     20,      7,      8,.,.,      0,      0,.,      0,.,.,      0,      9,     13,      0,      0,      0,      0,      0,      0,      0,      0,      0,      0,      0,      0,      0,      0,    73.5,    62.6,    97.7,    90.9,    69.0,    62.6,    92.3,    88.3,    73.5,    62.6,    97.7,    90.9,    69.0,    62.6,    92.3,    88.3,     0.0,     0.0,     0.0,     0.0,     0.0,     0.0,     0.0,     0.0,(100 MWh of Class 1 Renewable Energy Certificates),0063DK,IFED,006 ,N60,FutOnly
MASS COMPLIANCE RECs CLASS 1  - ICE FUTURES ENERGY DIV,260811,2026-08-11,0063DL,IFED,01,006 ,   20879,   20579,    9939,       0,       0,       0,       0,       0,       0,       0,   10640,     300,   20879,   20879,       0,       0,   20879,   20579,    9939,       0,       0,       0,       0,       0,       0,       0,   10640,     300,   20879,   20879,       0,       0,       0,       0,       0,       0,       0,       0,       0,       0,       0,       0,       0,       0,       0,       0,       0,       0,    -100,    -100,    -100,       0,       0,       0,       0,       0,       0,       0,       0,       0,    -100,    -100,       0,       0,  100.0,   98.6,   47.6,    0.0,    0.0,    0.0,    0.0,    0.0,    0.0,    0.0,   51.0,    1.4,  100.0,  100.0,    0.0,    0.0,  100.0,   98.6,   47.6,    0.0,    0.0,    0.0,    0.0,    0.0,    0.0,    0.0,   51.0,    1.4,  100.0,  100.0,    0.0,    0.0,  100.0,    0.0,    0.0,    0.0,    0.0,    0.0,    0.0,    0.0,    0.0,    0.0,    0.0,    0.0,    0.0,    0.0,    0.0,    0.0,     24,      9,     12,      0,      0,      0,      0,      0,      0,      0,      7,.,     10,     19,     24,      9,     12,      0,      0,      0,      0,      0,      0,      0,      7,.,     10,     19,      0,      0,      0,      0,      0,      0,      0,      0,      0,      0,      0,      0,      0,      0,    90.3,    63.0,    98.9,    82.7,    90.3,    63.0,    94.7,    79.4,    90.3,    63.0,    98.9,    82.7,    90.3,    63.0,    94.7,    79.4,     0.0,     0.0,     0.0,     0.0,     0.0,     0.0,     0.0,     0.0,100 MWh of Class 1 Renewable Energy Certificates,0063DL,IFED,006 ,N60,FutOnly
MARYLAND COMPLIANCE REC TIER1 - ICE FUTURES ENERGY DIV,260811,2026-08-11,0063DM,IFED,01,006 ,   11591,    9496,    5138,    1725,    1541,       0,       0,       0,       0,     250,    4792,     120,   11591,   11591,       0,       0,   11591,    9496,    5138,    1725,    1541,       0,       0,       0,       0,     250,    4792,     120,   11591,   11591,       0,       0,       0,       0,       0,       0,       0,       0,       0,       0,       0,       0,       0,       0,       0,       0,       0,       0,       0,       0,       0,       0,       0,       0,       0,       0,       0,       0,       0,       0,       0,       0,       0,       0,  100.0,   81.9,   44.3,   14.9,   13.3,    0.0,    0.0,    0.0,    0.0,    2.2,   41.3,    1.0,  100.0,  100.0,    0.0,    0.0,  100.0,   81.9,   44.3,   14.9,   13.3,    0.0,    0.0,    0.0,    0.0,    2.2,   41.3,    1.0,  100.0,  100.0,    0.0,    0.0,  100.0,    0.0,    0.0,    0.0,    0.0,    0.0,    0.0,    0.0,    0.0,    0.0,    0.0,    0.0,    0.0,    0.0,    0.0,    0.0,     23,     10,      7,.,.,      0,      0,      0,      0,.,      5,.,     14,     13,     23,     10,      7,.,.,      0,      0,      0,      0,.,      5,.,     14,     13,      0,      0,      0,      0,      0,      0,      0,      0,      0,      0,      0,      0,      0,      0,    61.4,    61.7,    86.0,    91.4,    61.4,    61.7,    83.0,    85.8,    61.4,    61.7,    86.0,    91.4,    61.4,    61.7,    83.0,    85.8,     0.0,     0.0,     0.0,     0.0,     0.0,     0.0,     0.0,     0.0,(100 Tier 1 RECs),0063DM,IFED,006 ,N60,FutOnly
MARYLAND SOLAR REC - ICE FUTURES ENERGY DIV,260811,2026-08-11,0063DN,IFED,01,006 ,   55581,   27531,   11450,   17300,   40981,       0,       0,       0,       0,   10750,    3150,       0,   55581,   55581,       0,       0,   55581,   27531,   11450,   17300,   40981,       0,       0,       0,       0,   10750,    3150,       0,   55581,   55581,       0,       0,       0,       0,       0,       0,       0,       0,       0,       0,       0,       0,       0,       0,       0,       0,       0,       0,       0,       0,       0,       0,       0,       0,       0,       0,       0,       0,       0,       0,       0,       0,       0,       0,  100.0,   49.5,   20.6,   31.1,   73.7,    0.0,    0.0,    0.0,    0.0,   19.3,    5.7,    0.0,  100.0,  100.0,    0.0,    0.0,  100.0,   49.5,   20.6,   31.1,   73.7,    0.0,    0.0,    0.0,    0.0,   19.3,    5.7,    0.0,  100.0,  100.0,    0.0,    0.0,  100.0,    0.0,    0.0,    0.0,    0.0,    0.0,    0.0,    0.0,    0.0,    0.0,    0.0,    0.0,    0.0,    0.0,    0.0,    0.0,     22,      8,      5,.,.,      0,      0,      0,      0,.,.,      0,     13,     10,     22,      8,      5,.,.,      0,      0,      0,      0,.,.,      0,     13,     10,      0,      0,      0,      0,      0,      0,      0,      0,      0,      0,      0,      0,      0,      0,    74.9,    89.2,    94.7,    98.8,    74.0,    89.2,    92.9,    98.1,    74.9,    89.2,    94.7,    98.8,    74.0,    89.2,    92.9,    98.1,     0.0,     0.0,     0.0,     0.0,     0.0,     0.0,     0.0,     0.0,(10 SRECs),0063DN,IFED,006 ,N60,FutOnly
NEPOOL DUAL RECs CLASS 1  - ICE FUTURES ENERGY DIV,260811,2026-08-11,0063DQ,IFED,01,006 ,   12760,    9910,    4234,     880,       0,       0,       0,       0,       0,    1065,    7546,     905,   12760,   12685,       0,      75,   12760,    9910,    4234,     880,       0,       0,       0,       0,       0,    1065,    7546,     905,   12760,   12685,       0,      75,       0,       0,       0,       0,       0,       0,       0,       0,       0,       0,       0,       0,       0,       0,       0,       0,       0,       0,       0,       0,       0,       0,       0,       0,       0,       0,       0,       0,       0,       0,       0,       0,  100.0,   77.7,   33.2,    6.9,    0.0,    0.0,    0.0,    0.0,    0.0,    8.3,   59.1,    7.1,  100.0,   99.4,    0.0,    0.6,  100.0,   77.7,   33.2,    6.9,    0.0,    0.0,    0.0,    0.0,    0.0,    8.3,   59.1,    7.1,  100.0,   99.4,    0.0,    0.6,  100.0,    0.0,    0.0,    0.0,    0.0,    0.0,    0.0,    0.0,    0.0,    0.0,    0.0,    0.0,    0.0,    0.0,    0.0,    0.0,     22,     11,      8,.,      0,      0,      0,      0,      0,.,.,.,     14,     12,     22,     11,      8,.,      0,      0,      0,      0,      0,.,.,.,     14,     12,      0,      0,      0,      0,      0,      0,      0,      0,      0,      0,      0,      0,      0,      0,    51.1,    67.0,    79.5,    92.0,    44.0,    67.0,    70.5,    85.0,    51.1,    67.0,    79.5,    92.0,    44.0,    67.0,    70.5,    85.0,     0.0,     0.0,     0.0,     0.0,     0.0,     0.0,     0.0,     0.0,100 MWh of Class 1 Renewable Energy Certificates,0063DQ,IFED,006 ,N60,FutOnly
NJ COMPLIANCE RECs CLASS 1 - ICE FUTURES ENERGY DIV,260811,2026-08-11,0063DR,IFED,01,006 ,   25488,   13452,   18466,      50,       0,       0,       0,     250,       0,   11985,    6772,       0,   25487,   25488,       1,       0,   25488,   13452,   18466,      50,       0,       0,       0,     250,       0,   11985,    6772,       0,   25487,   25488,       1,       0,       0,       0,       0,       0,       0,       0,       0,       0,       0,       0,       0,       0,       0,       0,       0,       0,       0,     100,       0,       0,       0,       0,       0,       0,       0,    -100,       0,       0,       0,       0,       0,       0,  100.0,   52.8,   72.4,    0.2,    0.0,    0.0,    0.0,    1.0,    0.0,   47.0,   26.6,    0.0,  100.0,  100.0,    0.0,    0.0,  100.0,   52.8,   72.4,    0.2,    0.0,    0.0,    0.0,    1.0,    0.0,   47.0,   26.6,    0.0,  100.0,  100.0,    0.0,    0.0,  100.0,    0.0,    0.0,    0.0,    0.0,    0.0,    0.0,    0.0,    0.0,    0.0,    0.0,    0.0,    0.0,    0.0,    0.0,    0.0,     21,     10,.,.,      0,      0,      0,.,      0,      4,.,      0,     15,      7,     21,     10,.,.,      0,      0,      0,.,      0,      4,.,      0,     15,      7,      0,      0,      0,      0,      0,      0,      0,      0,      0,      0,      0,      0,      0,      0,    76.4,    94.9,    92.6,   100.0,    76.4,    94.9,    92.4,    99.8,    76.4,    94.9,    92.6,   100.0,    76.4,    94.9,    92.4,    99.8,     0.0,     0.0,     0.0,     0.0,     0.0,     0.0,     0.0,     0.0,100 MWh of Class 1 Renewable Energy Certificates,0063DR,IFED,006 ,N60,FutOnly
PA COMPLIANCE AECs TIER1 - ICE FUTURES ENERGY DIV,260811,2026-08-11,0063DT,IFED,01,006 ,   47967,   36039,   25413,    1000,    3920,       0,    1100,       0,       0,    8368,   17154,    1460,   47967,   47947,       0,      20,   47967,   36039,   25413,    1000,    3920,       0,    1100,       0,       0,    8368,   17154,    1460,   47967,   47947,       0,      20,       0,       0,       0,       0,       0,       0,       0,       0,       0,       0,       0,       0,       0,       0,       0,       0,     599,     870,    -700,       0,       0,       0,       0,       0,       0,    -352,    1218,      81,     599,     599,       0,       0,  100.0,   75.1,   53.0,    2.1,    8.2,    0.0,    2.3,    0.0,    0.0,   17.4,   35.8,    3.0,  100.0,  100.0,    0.0,    0.0,  100.0,   75.1,   53.0,    2.1,    8.2,    0.0,    2.3,    0.0,    0.0,   17.4,   35.8,    3.0,  100.0,  100.0,    0.0,    0.0,  100.0,    0.0,    0.0,    0.0,    0.0,    0.0,    0.0,    0.0,    0.0,    0.0,    0.0,    0.0,    0.0,    0.0,    0.0,    0.0,     35,     19,      5,.,.,      0,.,      0,      0,      6,      5,.,     27,     14,     35,     19,      5,.,.,      0,.,      0,      0,      6,      5,.,     27,     14,      0,      0,      0,      0,      0,      0,      0,      0,      0,      0,      0,      0,      0,      0,    43.7,    73.0,    61.2,    95.8,    43.7,    71.5,    61.2,    91.7,    43.7,    73.0,    61.2,    95.8,    43.7,    71.5,    61.2,    91.7,     0.0,     0.0,     0.0,     0.0,     0.0,     0.0,     0.0,     0.0,(100 AECs),0063DT,IFED,006 ,N60,FutOnly
WASHINGTON CARBON ALL V2026 - ICE FUTURES ENERGY DIV,260811,2026-08-11,0063EA,IFED,01,006 ,    4655,    1298,    1227,     165,     606,       0,     246,    1093,       4,    2924,    1602,      10,    4647,    4542,       8,     113,    4655,    1298,    1227,     165,     606,       0,     246,    1093,       4,    2924,    1602,      10,    4647,    4542,       8,     113,       0,       0,       0,       0,       0,       0,       0,       0,       0,       0,       0,       0,       0,       0,       0,       0,      46,      15,      47,       0,       0,       0,       0,      20,       0,      22,     -34,      10,      47,      43,      -1,       3,  100.0,   27.9,   26.4,    3.5,   13.0,    0.0,    5.3,   23.5,    0.1,   62.8,   34.4,    0.2,   99.8,   97.6,    0.2,    2.4,  100.0,   27.9,   26.4,    3.5,   13.0,    0.0,    5.3,   23.5,    0.1,   62.8,   34.4,    0.2,   99.8,   97.6,    0.2,    2.4,  100.0,    0.0,    0.0,    0.0,    0.0,    0.0,    0.0,    0.0,    0.0,    0.0,    0.0,    0.0,    0.0,    0.0,    0.0,    0.0,     33,      5,      7,.,.,      0,.,      6,.,      5,      6,.,     15,     21,     33,      5,      7,.,.,      0,.,      6,.,      5,      6,.,     15,     21,      0,      0,      0,      0,      0,      0,      0,      0,      0,      0,      0,      0,      0,      0,    81.2,    44.7,    94.5,    72.7,    81.2,    42.3,    93.2,    69.1,    81.2,    44.7,    94.5,    72.7,    81.2,    42.3,    93.2,    69.1,     0.0,     0.0,     0.0,     0.0,     0.0,     0.0,     0.0,     0.0,"1,000 Washington carbon allowances",0063EA,IFED,006 ,N60,FutOnly
CALIF CARBON ALL VINTAGE 2026 - ICE FUTURES ENERGY DIV,260811,2026-08-11,0063EE,IFED,01,006 ,  199388,   25447,   53691,   17695,   86770,    1851,  112239,   12396,    7553,   28448,   31151,    5956,  199189,  199368,     199,      20,  199388,   25447,   53691,   17695,   86770,    1851,  112239,   12396,    7553,   28448,   31151,    5956,  199189,  199368,     199,      20,       0,       0,       0,       0,       0,       0,       0,       0,       0,       0,       0,       0,       0,       0,       0,       0,    3667,     503,    1008,     748,     -92,      11,    -929,     226,    1375,     843,     -33,    1183,    3734,    3678,     -67,     -11,  100.0,   12.8,   26.9,    8.9,   43.5,    0.9,   56.3,    6.2,    3.8,   14.3,   15.6,    3.0,   99.9,  100.0,    0.1,    0.0,  100.0,   12.8,   26.9,    8.9,   43.5,    0.9,   56.3,    6.2,    3.8,   14.3,   15.6,    3.0,   99.9,  100.0,    0.1,    0.0,  100.0,    0.0,    0.0,    0.0,    0.0,    0.0,    0.0,    0.0,    0.0,    0.0,    0.0,    0.0,    0.0,    0.0,    0.0,    0.0,    143,     23,     18,      6,     11,.,     41,      7,      8,     33,     11,      8,    111,     59,    143,     23,     18,      6,     11,.,     41,      7,      8,     33,     11,      8,    111,     59,      0,      0,      0,      0,      0,      0,      0,      0,      0,      0,      0,      0,      0,      0,    40.7,    22.8,    54.4,    41.5,    39.3,    22.5,    51.8,    41.0,    40.7,    22.8,    54.4,    41.5,    39.3,    22.5,    51.8,    41.0,     0.0,     0.0,     0.0,     0.0,     0.0,     0.0,     0.0,     0.0,"1,000 California carbon allowances",0063EE,IFED,006 ,N60,FutOnly
CALIF CARBON ALL VINTAGE 2027 - ICE FUTURES ENERGY DIV,260811,2026-08-11,0063EI,IFED,01,006 ,   30393,   15868,    1793,    1220,   22490,      69,    1889,    1512,     405,   10584,    3760,     350,   30385,   30379,       8,      14,   30393,   15868,    1793,    1220,   22490,      69,    1889,    1512,     405,   10584,    3760,     350,   30385,   30379,       8,      14,       0,       0,       0,       0,       0,       0,       0,       0,       0,       0,       0,       0,       0,       0,       0,       0,     450,     500,     -50,       0,     150,       0,      47,       0,       0,    -359,      -9,     350,     538,     441,     -88,       9,  100.0,   52.2,    5.9,    4.0,   74.0,    0.2,    6.2,    5.0,    1.3,   34.8,   12.4,    1.2,  100.0,  100.0,    0.0,    0.0,  100.0,   52.2,    5.9,    4.0,   74.0,    0.2,    6.2,    5.0,    1.3,   34.8,   12.4,    1.2,  100.0,  100.0,    0.0,    0.0,  100.0,    0.0,    0.0,    0.0,    0.0,    0.0,    0.0,    0.0,    0.0,    0.0,    0.0,    0.0,    0.0,    0.0,    0.0,    0.0,     37,      8,.,.,      7,.,      6,.,.,      9,.,.,     26,     14,     37,      8,.,.,      7,.,      6,.,.,      9,.,.,     26,     14,      0,      0,      0,      0,      0,      0,      0,      0,      0,      0,      0,      0,      0,      0,    63.6,    73.6,    79.8,    93.6,    63.6,    73.4,    79.8,    92.2,    63.6,    73.6,    79.8,    93.6,    63.6,    73.4,    79.8,    92.2,     0.0,     0.0,     0.0,     0.0,     0.0,     0.0,     0.0,     0.0,"1,000 California carbon allowances",0063EI,IFED,006 ,N60,FutOnly
CALIF CARBON ALLOWANCE V2026 - NODAL EXCHANGE,260811,2026-08-11,0063EL,NODX,01,006 ,    6068,    2607,     605,     210,     712,       0,     800,    1309,       0,    2403,    3408,       0,    6020,    6034,      48,      34,    6068,    2607,     605,     210,     712,       0,     800,    1309,       0,    2403,    3408,       0,    6020,    6034,      48,      34,       0,       0,       0,       0,       0,       0,       0,       0,       0,       0,       0,       0,       0,       0,       0,       0,      -1,      -8,       0,       0,       0,       0,       0,       6,       0,       5,      -9,       0,      -3,      -3,       2,       2,  100.0,   43.0,   10.0,    3.5,   11.7,    0.0,   13.2,   21.6,    0.0,   39.6,   56.2,    0.0,   99.2,   99.4,    0.8,    0.6,  100.0,   43.0,   10.0,    3.5,   11.7,    0.0,   13.2,   21.6,    0.0,   39.6,   56.2,    0.0,   99.2,   99.4,    0.8,    0.6,  100.0,    0.0,    0.0,    0.0,    0.0,    0.0,    0.0,    0.0,    0.0,    0.0,    0.0,    0.0,    0.0,    0.0,    0.0,    0.0,     27,      7,.,.,      4,      0,.,.,      0,.,      5,      0,     13,     14,     27,      7,.,.,      4,      0,.,.,      0,.,      5,      0,     13,     14,      0,      0,      0,      0,      0,      0,      0,      0,      0,      0,      0,      0,      0,      0,    76.8,    76.8,    93.4,    91.4,    76.8,    76.8,    93.4,    91.4,    76.8,    76.8,    93.4,    91.4,    76.8,    76.8,    93.4,    91.4,     0.0,     0.0,     0.0,     0.0,     0.0,     0.0,     0.0,     0.0,"(1,000 California carbon allowances)",0063EL,NODX,006 ,N60,FutOnly
RGGI V2026 - ICE FUTURES ENERGY DIV,260811,2026-08-11,0063EM,IFED,01,006 ,   57679,   24852,   43750,   15986,    5573,     761,    9450,    1553,    1453,    3992,    3452,    1105,   57599,   57647,      80,      32,   57679,   24852,   43750,   15986,    5573,     761,    9450,    1553,    1453,    3992,    3452,    1105,   57599,   57647,      80,      32,       0,       0,       0,       0,       0,       0,       0,       0,       0,       0,       0,       0,       0,       0,       0,       0,     456,      27,      82,     -20,      62,      20,     -43,     130,     -81,     379,      46,     199,     481,     458,     -25,      -2,  100.0,   43.1,   75.9,   27.7,    9.7,    1.3,   16.4,    2.7,    2.5,    6.9,    6.0,    1.9,   99.9,   99.9,    0.1,    0.1,  100.0,   43.1,   75.9,   27.7,    9.7,    1.3,   16.4,    2.7,    2.5,    6.9,    6.0,    1.9,   99.9,   99.9,    0.1,    0.1,  100.0,    0.0,    0.0,    0.0,    0.0,    0.0,    0.0,    0.0,    0.0,    0.0,    0.0,    0.0,    0.0,    0.0,    0.0,    0.0,     65,     14,      7,      4,      4,      6,     14,      6,      4,     11,      7,      5,     50,     32,     65,     14,      7,      4,      4,      6,     14,      6,      4,     11,      7,      5,     50,     32,      0,      0,      0,      0,      0,      0,      0,      0,      0,      0,      0,      0,      0,      0,    52.7,    82.9,    71.4,    91.3,    52.7,    82.0,    68.1,    88.2,    52.7,    82.9,    71.4,    91.3,    52.7,    82.0,    68.1,    88.2,     0.0,     0.0,     0.0,     0.0,     0.0,     0.0,     0.0,     0.0,"1,000 RGGI CO2 Allowances",0063EM,IFED,006 ,N60,FutOnly
RGGI V2027 - ICE FUTURES ENERGY DIV,260811,2026-08-11,0063F6,IFED,01,006 ,   22322,   13261,    2997,    3517,    3080,     250,       0,   12790,    1972,    2960,     832,     347,   22307,   22268,      15,      54,   22322,   13261,    2997,    3517,    3080,     250,       0,   12790,    1972,    2960,     832,     347,   22307,   22268,      15,      54,       0,       0,       0,       0,       0,       0,       0,       0,       0,       0,       0,       0,       0,       0,       0,       0,     215,     124,      29,      31,      76,       0,       0,     -14,      11,      47,     119,      12,     225,     233,     -10,     -18,  100.0,   59.4,   13.4,   15.8,   13.8,    1.1,    0.0,   57.3,    8.8,   13.3,    3.7,    1.6,   99.9,   99.8,    0.1,    0.2,  100.0,   59.4,   13.4,   15.8,   13.8,    1.1,    0.0,   57.3,    8.8,   13.3,    3.7,    1.6,   99.9,   99.8,    0.1,    0.2,  100.0,    0.0,    0.0,    0.0,    0.0,    0.0,    0.0,    0.0,    0.0,    0.0,    0.0,    0.0,    0.0,    0.0,    0.0,    0.0,     33,      5,      8,      5,.,.,      0,      8,.,      4,      4,.,     15,     25,     33,      5,      8,      5,.,.,      0,      8,.,      4,      4,.,     15,     25,      0,      0,      0,      0,      0,      0,      0,      0,      0,      0,      0,      0,      0,      0,    67.0,    67.3,    90.9,    86.5,    65.0,    58.4,    81.2,    77.7,    67.0,    67.3,    90.9,    86.5,    65.0,    58.4,    81.2,    77.7,     0.0,     0.0,     0.0,     0.0,     0.0,     0.0,     0.0,     0.0,"(1,000 RGGI CO2 Allowances)",0063F6,IFED,006 ,N60,FutOnly
TX REC CRS V26 BACK HALF - NODAL EXCHANGE,260811,2026-08-11,006NHT,NODX,01,006 ,    8927,    8393,    2624,     300,     435,       0,       0,       0,       0,      75,    5697,       0,    8768,    8756,     159,     171,    8927,    8393,    2624,     300,     435,       0,       0,       0,       0,      75,    5697,       0,    8768,    8756,     159,     171,       0,       0,       0,       0,       0,       0,       0,       0,       0,       0,       0,       0,       0,       0,       0,       0,    -180,    -180,       0,       0,      50,       0,       0,       0,       0,       0,    -230,       0,    -180,    -180,       0,       0,  100.0,   94.0,   29.4,    3.4,    4.9,    0.0,    0.0,    0.0,    0.0,    0.8,   63.8,    0.0,   98.2,   98.1,    1.8,    1.9,  100.0,   94.0,   29.4,    3.4,    4.9,    0.0,    0.0,    0.0,    0.0,    0.8,   63.8,    0.0,   98.2,   98.1,    1.8,    1.9,  100.0,    0.0,    0.0,    0.0,    0.0,    0.0,    0.0,    0.0,    0.0,    0.0,    0.0,    0.0,    0.0,    0.0,    0.0,    0.0,     29,     12,      7,.,.,      0,      0,      0,      0,.,      7,      0,     14,     15,     29,     12,      7,.,.,      0,      0,      0,      0,.,      7,      0,     14,     15,      0,      0,      0,      0,      0,      0,      0,      0,      0,      0,      0,      0,      0,      0,    64.8,    63.8,    88.4,    86.1,    64.8,    63.8,    88.4,    86.1,    64.8,    63.8,    88.4,    86.1,    64.8,    63.8,    88.4,    86.1,     0.0,     0.0,     0.0,     0.0,     0.0,     0.0,     0.0,     0.0,1000 Texas RECs,006NHT,NODX,006 ,N60,FutOnly
TX REC CRS V27 BACK HALF - NODAL EXCHANGE,260811,2026-08-11,006NHU,NODX,01,006 ,    6851,    6029,    1902,       0,     400,       0,       0,       0,       0,     540,    4278,       0,    6569,    6580,     282,     271,    6851,    6029,    1902,       0,     400,       0,       0,       0,       0,     540,    4278,       0,    6569,    6580,     282,     271,       0,       0,       0,       0,       0,       0,       0,       0,       0,       0,       0,       0,       0,       0,       0,       0,       0,       0,       0,       0,       0,       0,       0,       0,       0,       0,       0,       0,       0,       0,       0,       0,  100.0,   88.0,   27.8,    0.0,    5.8,    0.0,    0.0,    0.0,    0.0,    7.9,   62.4,    0.0,   95.9,   96.0,    4.1,    4.0,  100.0,   88.0,   27.8,    0.0,    5.8,    0.0,    0.0,    0.0,    0.0,    7.9,   62.4,    0.0,   95.9,   96.0,    4.1,    4.0,  100.0,    0.0,    0.0,    0.0,    0.0,    0.0,    0.0,    0.0,    0.0,    0.0,    0.0,    0.0,    0.0,    0.0,    0.0,    0.0,     32,     13,      6,      0,.,      0,      0,      0,      0,      5,      6,      0,     18,     14,     32,     13,      6,      0,.,      0,      0,      0,      0,      5,      6,      0,     18,     14,      0,      0,      0,      0,      0,      0,      0,      0,      0,      0,      0,      0,      0,      0,    66.7,    70.3,    84.9,    89.8,    66.7,    70.3,    84.9,    89.8,    66.7,    70.3,    84.9,    89.8,    66.7,    70.3,    84.9,    89.8,     0.0,     0.0,     0.0,     0.0,     0.0,     0.0,     0.0,     0.0,1000 Texas RECs,006NHU,NODX,006 ,N60,FutOnly
TX REC CRS V28 BACK HALF - NODAL EXCHANGE,260811,2026-08-11,006NHV,NODX,01,006 ,    5353,    3692,    1546,      25,     412,       0,     164,       0,       0,     724,    2632,     441,    5046,    5031,     307,     322,    5353,    3692,    1546,      25,     412,       0,     164,       0,       0,     724,    2632,     441,    5046,    5031,     307,     322,       0,       0,       0,       0,       0,       0,       0,       0,       0,       0,       0,       0,       0,       0,       0,       0,      25,      25,       0,       0,       0,       0,       0,       0,       0,       0,      25,       0,      25,      25,       0,       0,  100.0,   69.0,   28.9,    0.5,    7.7,    0.0,    3.1,    0.0,    0.0,   13.5,   49.2,    8.2,   94.3,   94.0,    5.7,    6.0,  100.0,   69.0,   28.9,    0.5,    7.7,    0.0,    3.1,    0.0,    0.0,   13.5,   49.2,    8.2,   94.3,   94.0,    5.7,    6.0,  100.0,    0.0,    0.0,    0.0,    0.0,    0.0,    0.0,    0.0,    0.0,    0.0,    0.0,    0.0,    0.0,    0.0,    0.0,    0.0,     31,     13,      6,.,.,      0,.,      0,      0,      6,.,.,     21,     11,     31,     13,      6,.,.,      0,.,      0,      0,      6,.,.,     21,     11,      0,      0,      0,      0,      0,      0,      0,      0,      0,      0,      0,      0,      0,      0,    49.8,    68.6,    73.3,    87.7,    43.4,    68.1,    65.1,    82.3,    49.8,    68.6,    73.3,    87.7,    43.4,    68.1,    65.1,    82.3,     0.0,     0.0,     0.0,     0.0,     0.0,     0.0,     0.0,     0.0,1000 Texas RECs,006NHV,NODX,006 ,N60,FutOnly
TX REC CRS V29 BACK HALF - NODAL EXCHANGE,260811,2026-08-11,006NHW,NODX,01,006 ,    5027,    4368,    1278,       0,     587,       0,       0,       0,       0,     557,    3060,       0,    4925,    4925,     102,     102,    5027,    4368,    1278,       0,     587,       0,       0,       0,       0,     557,    3060,       0,    4925,    4925,     102,     102,       0,       0,       0,       0,       0,       0,       0,       0,       0,       0,       0,       0,       0,       0,       0,       0,     200,     200,       0,       0,       0,       0,       0,       0,       0,       0,     200,       0,     200,     200,       0,       0,  100.0,   86.9,   25.4,    0.0,   11.7,    0.0,    0.0,    0.0,    0.0,   11.1,   60.9,    0.0,   98.0,   98.0,    2.0,    2.0,  100.0,   86.9,   25.4,    0.0,   11.7,    0.0,    0.0,    0.0,    0.0,   11.1,   60.9,    0.0,   98.0,   98.0,    2.0,    2.0,  100.0,    0.0,    0.0,    0.0,    0.0,    0.0,    0.0,    0.0,    0.0,    0.0,    0.0,    0.0,    0.0,    0.0,    0.0,    0.0,     29,     13,      4,      0,.,      0,      0,      0,      0,      5,      4,      0,     18,     11,     29,     13,      4,      0,.,      0,      0,      0,      0,      5,      4,      0,     18,     11,      0,      0,      0,      0,      0,      0,      0,      0,      0,      0,      0,      0,      0,      0,    61.0,    80.8,    84.5,    95.0,    61.0,    80.8,    84.5,    95.0,    61.0,    80.8,    84.5,    95.0,    61.0,    80.8,    84.5,    95.0,     0.0,     0.0,     0.0,     0.0,     0.0,     0.0,     0.0,     0.0,1000 Texas RECs,006NHW,NODX,006 ,N60,FutOnly
TX REC CRS V30 BACK HALF - NODAL EXCHANGE,260811,2026-08-11,006NHX,NODX,01,006 ,    3813,    3477,     973,       0,     275,       0,       0,       0,       0,     195,    2412,       0,    3672,    3660,     141,     153,    3813,    3477,     973,       0,     275,       0,       0,       0,       0,     195,    2412,       0,    3672,    3660,     141,     153,       0,       0,       0,       0,       0,       0,       0,       0,       0,       0,       0,       0,       0,       0,       0,       0,     347,     303,     250,       0,       0,       0,       0,       0,       0,      47,      97,       0,     350,     347,      -3,       0,  100.0,   91.2,   25.5,    0.0,    7.2,    0.0,    0.0,    0.0,    0.0,    5.1,   63.3,    0.0,   96.3,   96.0,    3.7,    4.0,  100.0,   91.2,   25.5,    0.0,    7.2,    0.0,    0.0,    0.0,    0.0,    5.1,   63.3,    0.0,   96.3,   96.0,    3.7,    4.0,  100.0,    0.0,    0.0,    0.0,    0.0,    0.0,    0.0,    0.0,    0.0,    0.0,    0.0,    0.0,    0.0,    0.0,    0.0,    0.0,     28,     11,      8,      0,.,      0,      0,      0,      0,      4,      5,      0,     15,     15,     28,     11,      8,      0,.,      0,      0,      0,      0,      4,      5,      0,     15,     15,      0,      0,      0,      0,      0,      0,      0,      0,      0,      0,      0,      0,      0,      0,    77.0,    74.0,    88.3,    89.7,    76.3,    74.0,    87.6,    89.7,    77.0,    74.0,    88.3,    89.7,    76.3,    74.0,    87.6,    89.7,     0.0,     0.0,     0.0,     0.0,     0.0,     0.0,     0.0,     0.0,"(1,000 MWh representing 1,000 Texas RECs)",006NHX,NODX,006 ,N60,FutOnly
TX REC CRS V26 FRONT HALF - NODAL EXCHANGE,260811,2026-08-11,006NHY,NODX,01,006 ,    8105,    7446,    3546,       0,     747,       0,       0,       0,       0,     328,    3482,       0,    7774,    7775,     331,     330,    8105,    7446,    3546,       0,     747,       0,       0,       0,       0,     328,    3482,       0,    7774,    7775,     331,     330,       0,       0,       0,       0,       0,       0,       0,       0,       0,       0,       0,       0,       0,       0,       0,       0,      70,      70,     215,       0,    -165,       0,       0,       0,       0,       0,      20,       0,      70,      70,       0,       0,  100.0,   91.9,   43.8,    0.0,    9.2,    0.0,    0.0,    0.0,    0.0,    4.0,   43.0,    0.0,   95.9,   95.9,    4.1,    4.1,  100.0,   91.9,   43.8,    0.0,    9.2,    0.0,    0.0,    0.0,    0.0,    4.0,   43.0,    0.0,   95.9,   95.9,    4.1,    4.1,  100.0,    0.0,    0.0,    0.0,    0.0,    0.0,    0.0,    0.0,    0.0,    0.0,    0.0,    0.0,    0.0,    0.0,    0.0,    0.0,     30,     15,      5,      0,.,      0,      0,      0,      0,.,      5,      0,     18,     12,     30,     15,      5,      0,.,      0,      0,      0,      0,.,      5,      0,     18,     12,      0,      0,      0,      0,      0,      0,      0,      0,      0,      0,      0,      0,      0,      0,    64.3,    58.8,    81.6,    86.2,    64.3,    58.8,    81.6,    86.2,    64.3,    58.8,    81.6,    86.2,    64.3,    58.8,    81.6,    86.2,     0.0,     0.0,     0.0,     0.0,     0.0,     0.0,     0.0,     0.0,1000 Texas RECs,006NHY,NODX,006 ,N60,FutOnly
TX REC CRS V27 FRONT HALF - NODAL EXCHANGE,260811,2026-08-11,006NHZ,NODX,01,006 ,    7382,    5838,    3372,       0,     703,       0,       0,       0,       0,    1389,    3131,       0,    7227,    7206,     155,     176,    7382,    5838,    3372,       0,     703,       0,       0,       0,       0,    1389,    3131,       0,    7227,    7206,     155,     176,       0,       0,       0,       0,       0,       0,       0,       0,       0,       0,       0,       0,       0,       0,       0,       0,      75,     -50,       0,       0,       0,       0,       0,       0,       0,      50,       0,       0,       0,       0,      75,      75,  100.0,   79.1,   45.7,    0.0,    9.5,    0.0,    0.0,    0.0,    0.0,   18.8,   42.4,    0.0,   97.9,   97.6,    2.1,    2.4,  100.0,   79.1,   45.7,    0.0,    9.5,    0.0,    0.0,    0.0,    0.0,   18.8,   42.4,    0.0,   97.9,   97.6,    2.1,    2.4,  100.0,    0.0,    0.0,    0.0,    0.0,    0.0,    0.0,    0.0,    0.0,    0.0,    0.0,    0.0,    0.0,    0.0,    0.0,    0.0,     33,     15,      7,      0,.,      0,      0,      0,      0,      7,.,      0,     22,     12,     33,     15,      7,      0,.,      0,      0,      0,      0,      7,.,      0,     22,     12,      0,      0,      0,      0,      0,      0,      0,      0,      0,      0,      0,      0,      0,      0,    59.3,    75.8,    78.1,    93.6,    59.3,    75.4,    78.1,    93.2,    59.3,    75.8,    78.1,    93.6,    59.3,    75.4,    78.1,    93.2,     0.0,     0.0,     0.0,     0.0,     0.0,     0.0,     0.0,     0.0,1000 Texas RECs,006NHZ,NODX,006 ,N60,FutOnly
TX REC CRS V28 FRONT HALF - NODAL EXCHANGE,260811,2026-08-11,006NJ1,NODX,01,006 ,    5916,    4990,    2042,       0,     538,       0,       0,       0,       0,     651,    3032,       0,    5641,    5612,     275,     304,    5916,    4990,    2042,       0,     538,       0,       0,       0,       0,     651,    3032,       0,    5641,    5612,     275,     304,       0,       0,       0,       0,       0,       0,       0,       0,       0,       0,       0,       0,       0,       0,       0,       0,       0,       0,     -25,       0,       0,       0,       0,       0,       0,       0,      25,       0,       0,       0,       0,       0,  100.0,   84.3,   34.5,    0.0,    9.1,    0.0,    0.0,    0.0,    0.0,   11.0,   51.3,    0.0,   95.4,   94.9,    4.6,    5.1,  100.0,   84.3,   34.5,    0.0,    9.1,    0.0,    0.0,    0.0,    0.0,   11.0,   51.3,    0.0,   95.4,   94.9,    4.6,    5.1,  100.0,    0.0,    0.0,    0.0,    0.0,    0.0,    0.0,    0.0,    0.0,    0.0,    0.0,    0.0,    0.0,    0.0,    0.0,    0.0,     25,     10,      7,      0,.,      0,      0,      0,      0,.,      5,      0,     13,     13,     25,     10,      7,      0,.,      0,      0,      0,      0,.,      5,      0,     13,     13,      0,      0,      0,      0,      0,      0,      0,      0,      0,      0,      0,      0,      0,      0,    68.3,    71.4,    85.5,    89.2,    67.4,    71.4,    84.6,    89.2,    68.3,    71.4,    85.5,    89.2,    67.4,    71.4,    84.6,    89.2,     0.0,     0.0,     0.0,     0.0,     0.0,     0.0,     0.0,     0.0,1000 Texas RECs,006NJ1,NODX,006 ,N60,FutOnly
TX REC CRS V29 FRONT HALF - NODAL EXCHANGE,260811,2026-08-11,006NJ2,NODX,01,006 ,    6148,    4763,    2221,       0,     713,       0,       0,       0,       0,    1192,    3040,      75,    6030,    6049,     118,      99,    6148,    4763,    2221,       0,     713,       0,       0,       0,       0,    1192,    3040,      75,    6030,    6049,     118,      99,       0,       0,       0,       0,       0,       0,       0,       0,       0,       0,       0,       0,       0,       0,       0,       0,     115,      40,    -160,       0,       0,       0,       0,       0,       0,       0,     200,      75,     115,     115,       0,       0,  100.0,   77.5,   36.1,    0.0,   11.6,    0.0,    0.0,    0.0,    0.0,   19.4,   49.4,    1.2,   98.1,   98.4,    1.9,    1.6,  100.0,   77.5,   36.1,    0.0,   11.6,    0.0,    0.0,    0.0,    0.0,   19.4,   49.4,    1.2,   98.1,   98.4,    1.9,    1.6,  100.0,    0.0,    0.0,    0.0,    0.0,    0.0,    0.0,    0.0,    0.0,    0.0,    0.0,    0.0,    0.0,    0.0,    0.0,    0.0,     29,     10,      7,      0,.,      0,      0,      0,      0,      5,      4,.,     16,     14,     29,     10,      7,      0,.,      0,      0,      0,      0,      5,      4,.,     16,     14,      0,      0,      0,      0,      0,      0,      0,      0,      0,      0,      0,      0,      0,      0,    69.8,    75.9,    89.5,    92.6,    69.8,    75.9,    89.5,    92.6,    69.8,    75.9,    89.5,    92.6,    69.8,    75.9,    89.5,    92.6,     0.0,     0.0,     0.0,     0.0,     0.0,     0.0,     0.0,     0.0,1000 Texas RECs,006NJ2,NODX,006 ,N60,FutOnly
TX REC CRS V30 FRONT HALF - NODAL EXCHANGE,260811,2026-08-11,006NJ3,NODX,01,006 ,    3315,    2801,     762,       0,     400,       0,       0,       0,       0,     336,    1973,       0,    3137,    3135,     178,     180,    3315,    2801,     762,       0,     400,       0,       0,       0,       0,     336,    1973,       0,    3137,    3135,     178,     180,       0,       0,       0,       0,       0,       0,       0,       0,       0,       0,       0,       0,       0,       0,       0,       0,     324,     303,     250,       0,       0,       0,       0,       0,       0,       0,      74,       0,     303,     324,      21,       0,  100.0,   84.5,   23.0,    0.0,   12.1,    0.0,    0.0,    0.0,    0.0,   10.1,   59.5,    0.0,   94.6,   94.6,    5.4,    5.4,  100.0,   84.5,   23.0,    0.0,   12.1,    0.0,    0.0,    0.0,    0.0,   10.1,   59.5,    0.0,   94.6,   94.6,    5.4,    5.4,  100.0,    0.0,    0.0,    0.0,    0.0,    0.0,    0.0,    0.0,    0.0,    0.0,    0.0,    0.0,    0.0,    0.0,    0.0,    0.0,     25,     10,      8,      0,.,      0,      0,      0,      0,.,      6,      0,     12,     16,     25,     10,      8,      0,.,      0,      0,      0,      0,.,      6,      0,     12,     16,      0,      0,      0,      0,      0,      0,      0,      0,      0,      0,      0,      0,      0,      0,    71.3,    65.7,    87.8,    83.9,    68.9,    65.7,    85.4,    83.9,    71.3,    65.7,    87.8,    83.9,    68.9,    65.7,    85.4,    83.9,     0.0,     0.0,     0.0,     0.0,     0.0,     0.0,     0.0,     0.0,1000 Texas RECs,006NJ3,NODX,006 ,N60,FutOnly
TX REC CRS V31 BACK HALF - NODAL EXCHANGE,260811,2026-08-11,006NKH,NODX,01,006 ,    2247,    1761,     853,     212,      50,       0,       0,       0,       0,     174,    1244,       0,    2147,    2147,     100,     100,    2247,    1761,     853,     212,      50,       0,       0,       0,       0,     174,    1244,       0,    2147,    2147,     100,     100,       0,       0,       0,       0,       0,       0,       0,       0,       0,       0,       0,       0,       0,       0,       0,       0,     125,     125,      50,       0,       0,       0,       0,       0,       0,       0,      75,       0,     125,     125,       0,       0,  100.0,   78.4,   38.0,    9.4,    2.2,    0.0,    0.0,    0.0,    0.0,    7.7,   55.4,    0.0,   95.5,   95.5,    4.5,    4.5,  100.0,   78.4,   38.0,    9.4,    2.2,    0.0,    0.0,    0.0,    0.0,    7.7,   55.4,    0.0,   95.5,   95.5,    4.5,    4.5,  100.0,    0.0,    0.0,    0.0,    0.0,    0.0,    0.0,    0.0,    0.0,    0.0,    0.0,    0.0,    0.0,    0.0,    0.0,    0.0,     21,      7,      7,.,.,      0,      0,      0,      0,.,      4,      0,     11,     12,     21,      7,      7,.,.,      0,      0,      0,      0,.,      4,      0,     11,     12,      0,      0,      0,      0,      0,      0,      0,      0,      0,      0,      0,      0,      0,      0,    72.6,    72.3,    89.2,    89.9,    70.2,    72.3,    86.9,    89.9,    72.6,    72.3,    89.2,    89.9,    70.2,    72.3,    86.9,    89.9,     0.0,     0.0,     0.0,     0.0,     0.0,     0.0,     0.0,     0.0,1000 Texas RECs,006NKH,NODX,006 ,N60,FutOnly
TX REC CRS V31 FRONT HALF - NODAL EXCHANGE,260811,2026-08-11,006NKJ,NODX,01,006 ,    2166,    1536,     767,     150,     222,      63,       0,       0,       0,     312,    1014,       0,    2061,    2066,     105,     100,    2166,    1536,     767,     150,     222,      63,       0,       0,       0,     312,    1014,       0,    2061,    2066,     105,     100,       0,       0,       0,       0,       0,       0,       0,       0,       0,       0,       0,       0,       0,       0,       0,       0,.,.,.,.,.,.,.,.,.,.,.,.,.,.,.,.,  100.0,   70.9,   35.4,    6.9,   10.2,    2.9,    0.0,    0.0,    0.0,   14.4,   46.8,    0.0,   95.2,   95.4,    4.8,    4.6,  100.0,   70.9,   35.4,    6.9,   10.2,    2.9,    0.0,    0.0,    0.0,   14.4,   46.8,    0.0,   95.2,   95.4,    4.8,    4.6,  100.0,    0.0,    0.0,    0.0,    0.0,    0.0,    0.0,    0.0,    0.0,    0.0,    0.0,    0.0,    0.0,    0.0,    0.0,    0.0,     20,      8,      5,.,.,.,      0,      0,      0,.,.,      0,     13,      9,     20,      8,      5,.,.,.,      0,      0,      0,.,.,      0,     13,      9,      0,      0,      0,      0,      0,      0,      0,      0,      0,      0,      0,      0,      0,      0,    65.6,    76.8,    84.7,    94.1,    64.4,    76.8,    83.4,    91.2,    65.6,    76.8,    84.7,    94.1,    64.4,    76.8,    83.4,    91.2,     0.0,     0.0,     0.0,     0.0,     0.0,     0.0,     0.0,     0.0,1000 Texas RECs,006NKJ,NODX,006 ,N60,FutOnly
NEW JERSEY RECs CLASS 2 V2027 - NODAL EXCHANGE,260811,2026-08-11,006NMM,NODX,01,006 ,   10756,    5940,    1800,     321,    8606,       0,    1150,       0,       0,    3345,     350,       0,   10756,   10756,       0,       0,   10756,    5940,    1800,     321,    8606,       0,    1150,       0,       0,    3345,     350,       0,   10756,   10756,       0,       0,       0,       0,       0,       0,       0,       0,       0,       0,       0,       0,       0,       0,       0,       0,       0,       0,       0,       0,       0,       0,       0,       0,       0,       0,       0,       0,       0,       0,       0,       0,       0,       0,  100.0,   55.2,   16.7,    3.0,   80.0,    0.0,   10.7,    0.0,    0.0,   31.1,    3.3,    0.0,  100.0,  100.0,    0.0,    0.0,  100.0,   55.2,   16.7,    3.0,   80.0,    0.0,   10.7,    0.0,    0.0,   31.1,    3.3,    0.0,  100.0,  100.0,    0.0,    0.0,  100.0,    0.0,    0.0,    0.0,    0.0,    0.0,    0.0,    0.0,    0.0,    0.0,    0.0,    0.0,    0.0,    0.0,    0.0,    0.0,     23,     11,.,.,.,      0,.,      0,      0,      5,.,      0,     18,      5,     23,     11,.,.,.,      0,.,      0,      0,      5,.,      0,     18,      5,      0,      0,      0,      0,      0,      0,      0,      0,      0,      0,      0,      0,      0,      0,    55.1,    96.7,    82.0,   100.0,    55.1,    96.7,    82.0,   100.0,    55.1,    96.7,    82.0,   100.0,    55.1,    96.7,    82.0,   100.0,     0.0,     0.0,     0.0,     0.0,     0.0,     0.0,     0.0,     0.0,(100 MWh representing 100 NJ Class 2 RECs),006NMM,NODX,006 ,N60,FutOnly
PENNSYLVANIA AEC TIER 2-V2027 - NODAL EXCHANGE,260811,2026-08-11,006NMT,NODX,01,006 ,   26228,   18075,   14959,    1020,     500,       0,    2500,       0,       0,    4633,   10769,       0,   26228,   26228,       0,       0,   26228,   18075,   14959,    1020,     500,       0,    2500,       0,       0,    4633,   10769,       0,   26228,   26228,       0,       0,       0,       0,       0,       0,       0,       0,       0,       0,       0,       0,       0,       0,       0,       0,       0,       0,       0,       0,       0,       0,       0,       0,       0,       0,       0,       0,       0,       0,       0,       0,       0,       0,  100.0,   68.9,   57.0,    3.9,    1.9,    0.0,    9.5,    0.0,    0.0,   17.7,   41.1,    0.0,  100.0,  100.0,    0.0,    0.0,  100.0,   68.9,   57.0,    3.9,    1.9,    0.0,    9.5,    0.0,    0.0,   17.7,   41.1,    0.0,  100.0,  100.0,    0.0,    0.0,  100.0,    0.0,    0.0,    0.0,    0.0,    0.0,    0.0,    0.0,    0.0,    0.0,    0.0,    0.0,    0.0,    0.0,    0.0,    0.0,     31,     14,      6,.,.,      0,.,      0,      0,      4,      4,      0,     21,     11,     31,     14,      6,.,.,      0,.,      0,      0,      4,      4,      0,     21,     11,      0,      0,      0,      0,      0,      0,      0,      0,      0,      0,      0,      0,      0,      0,    49.4,    80.2,    74.3,    96.5,    49.4,    80.2,    74.3,    96.3,    49.4,    80.2,    74.3,    96.5,    49.4,    80.2,    74.3,    96.3,     0.0,     0.0,     0.0,     0.0,     0.0,     0.0,     0.0,     0.0,(100 MWh = 100 Tier 2  AECs),006NMT,NODX,006 ,N60,FutOnly
PENNSYLVANIA AEC TIER 2-V2028 - NODAL EXCHANGE,260811,2026-08-11,006NMX,NODX,01,006 ,   20730,   16565,   12956,     550,       0,       0,     550,       0,       0,    3065,    7774,       0,   20730,   20730,       0,       0,   20730,   16565,   12956,     550,       0,       0,     550,       0,       0,    3065,    7774,       0,   20730,   20730,       0,       0,       0,       0,       0,       0,       0,       0,       0,       0,       0,       0,       0,       0,       0,       0,       0,       0,       0,       0,       0,       0,       0,       0,       0,       0,       0,       0,       0,       0,       0,       0,       0,       0,  100.0,   79.9,   62.5,    2.7,    0.0,    0.0,    2.7,    0.0,    0.0,   14.8,   37.5,    0.0,  100.0,  100.0,    0.0,    0.0,  100.0,   79.9,   62.5,    2.7,    0.0,    0.0,    2.7,    0.0,    0.0,   14.8,   37.5,    0.0,  100.0,  100.0,    0.0,    0.0,  100.0,    0.0,    0.0,    0.0,    0.0,    0.0,    0.0,    0.0,    0.0,    0.0,    0.0,    0.0,    0.0,    0.0,    0.0,    0.0,     27,     13,      4,.,      0,      0,.,      0,      0,      5,.,      0,     21,      6,     27,     13,      4,.,      0,      0,.,      0,      0,      5,.,      0,     21,      6,      0,      0,      0,      0,      0,      0,      0,      0,      0,      0,      0,      0,      0,      0,    55.3,    97.7,    76.7,   100.0,    55.3,    97.7,    76.7,   100.0,    55.3,    97.7,    76.7,   100.0,    55.3,    97.7,    76.7,   100.0,     0.0,     0.0,     0.0,     0.0,     0.0,     0.0,     0.0,     0.0,(100 MWh = 100 Tier 2  AECs),006NMX,NODX,006 ,N60,FutOnly
SOYBEAN OIL - CHICAGO BOARD OF TRADE,260811,2026-08-11,007601,CBT ,00,007 ,  620069,  194903,  375493,   94383,    9969,   18438,  110018,   30734,   84998,   27813,   23169,   54144,  584697,  596945,   35372,   23124,  106284,   69369,   71458,    5026,    5243,     187,   15587,   11740,     208,   11787,   14071,       0,  102164,  102907,    4120,    3377,  513785,  125534,  304035,   92179,    7548,   15429,  106463,   31026,   72758,   29355,   22427,   40815,  482533,  494038,   31252,   19747,   -3161,     967,    7449,    1086,     121,   -1350,    3908,    3657,   -9024,    2635,    -650,   -2885,   -4663,   -2682,    1502,    -479,  100.0,   31.4,   60.6,   15.2,    1.6,    3.0,   17.7,    5.0,   13.7,    4.5,    3.7,    8.7,   94.3,   96.3,    5.7,    3.7,  100.0,   65.3,   67.2,    4.7,    4.9,    0.2,   14.7,   11.0,    0.2,   11.1,   13.2,    0.0,   96.1,   96.8,    3.9,    3.2,  100.0,   24.4,   59.2,   17.9,    1.5,    3.0,   20.7,    6.0,   14.2,    5.7,    4.4,    7.9,   93.9,   96.2,    6.1,    3.8,    321,     79,     84,     20,     11,     15,     78,     29,     55,     35,     33,     43,    271,    223,    182,     47,     48,      9,     12,.,     18,     19,      5,     15,     27,      0,     95,    106,    315,     69,     81,     22,      9,     11,     76,     31,     52,     34,     34,     42,    258,    211,    12.7,    25.0,    19.9,    36.1,     8.2,    20.7,    12.8,    27.2,    39.5,    38.0,    52.7,    50.5,    38.2,    38.0,    51.4,    49.7,    11.7,    25.2,    19.3,    36.8,     9.6,    21.8,    15.2,    32.3,"(CONTRACTS OF 60,000 POUNDS)",007601,CBT ,007 ,A30,FutOnly
USGC HSFO (PLATTS) - ICE FUTURES ENERGY DIV,260811,2026-08-11,02141B,IFED,01,021 ,   26390,   12223,   23422,    1966,     416,     195,      25,       0,     135,    9850,      65,    1964,   26358,   26197,      32,     193,   26390,   12223,   23422,    1966,     416,     195,      25,       0,     135,    9850,      65,    1964,   26358,   26197,      32,     193,       0,       0,       0,       0,       0,       0,       0,       0,       0,       0,       0,       0,       0,       0,       0,       0,    2216,     401,    1889,      82,     -60,     125,       0,       0,      54,    1382,     -30,     179,    2223,    2157,      -7,      59,  100.0,   46.3,   88.8,    7.4,    1.6,    0.7,    0.1,    0.0,    0.5,   37.3,    0.2,    7.4,   99.9,   99.3,    0.1,    0.7,  100.0,   46.3,   88.8,    7.4,    1.6,    0.7,    0.1,    0.0,    0.5,   37.3,    0.2,    7.4,   99.9,   99.3,    0.1,    0.7,  100.0,    0.0,    0.0,    0.0,    0.0,    0.0,    0.0,    0.0,    0.0,    0.0,    0.0,    0.0,    0.0,    0.0,    0.0,    0.0,     58,     24,     37,      4,.,.,.,      0,.,      9,.,      8,     42,     50,     58,     24,     37,      4,.,.,.,      0,.,      9,.,      8,     42,     50,      0,      0,      0,      0,      0,      0,      0,      0,      0,      0,      0,      0,      0,      0,    48.1,    30.1,    67.6,    50.3,    39.3,    20.4,    46.3,    33.8,    48.1,    30.1,    67.6,    50.3,    39.3,    20.4,    46.3,    33.8,     0.0,     0.0,     0.0,     0.0,     0.0,     0.0,     0.0,     0.0,(1000 barrels),02141B,IFED,021 ,N10,FutOnly
FUEL OIL-3% USGC/3.5% FOB RDAM - ICE FUTURES ENERGY DIV,260811,2026-08-11,02141C,IFED,01,021 ,   17861,   10808,    6425,    4306,     959,      40,       0,    2760,       0,    1328,    6260,    1379,   17861,   17823,       0,      38,   17861,   10808,    6425,    4306,     959,      40,       0,    2760,       0,    1328,    6260,    1379,   17861,   17823,       0,      38,       0,       0,       0,       0,       0,       0,       0,       0,       0,       0,       0,       0,       0,       0,       0,       0,    2265,    1790,     515,     -20,     340,     -20,       0,       0,       0,       0,     915,     515,    2265,    2265,       0,       0,  100.0,   60.5,   36.0,   24.1,    5.4,    0.2,    0.0,   15.5,    0.0,    7.4,   35.0,    7.7,  100.0,   99.8,    0.0,    0.2,  100.0,   60.5,   36.0,   24.1,    5.4,    0.2,    0.0,   15.5,    0.0,    7.4,   35.0,    7.7,  100.0,   99.8,    0.0,    0.2,  100.0,    0.0,    0.0,    0.0,    0.0,    0.0,    0.0,    0.0,    0.0,    0.0,    0.0,    0.0,    0.0,    0.0,    0.0,    0.0,     39,     19,     14,      4,.,.,      0,.,      0,.,      7,.,     27,     26,     39,     19,     14,      4,.,.,      0,.,      0,.,      7,.,     27,     26,      0,      0,      0,      0,      0,      0,      0,      0,      0,      0,      0,      0,      0,      0,    40.9,    63.6,    66.5,    82.4,    39.1,    54.2,    57.7,    65.6,    40.9,    63.6,    66.5,    82.4,    39.1,    54.2,    57.7,    65.6,     0.0,     0.0,     0.0,     0.0,     0.0,     0.0,     0.0,     0.0,(1000 barrels),02141C,IFED,021 ,N10,FutOnly
USGC HSFO-PLATTS/BRENT 1ST LN  - ICE FUTURES ENERGY DIV,260811,2026-08-11,02141R,IFED,01,021 ,   12838,    9276,    6973,     248,    1235,       0,       0,       0,       0,    2065,    3285,    1219,   12808,   12712,      30,     126,   12838,    9276,    6973,     248,    1235,       0,       0,       0,       0,    2065,    3285,    1219,   12808,   12712,      30,     126,       0,       0,       0,       0,       0,       0,       0,       0,       0,       0,       0,       0,       0,       0,       0,       0,    1937,     876,     796,      15,     155,      -2,       0,       0,       0,     668,     608,     380,    1937,    1937,       0,       0,  100.0,   72.3,   54.3,    1.9,    9.6,    0.0,    0.0,    0.0,    0.0,   16.1,   25.6,    9.5,   99.8,   99.0,    0.2,    1.0,  100.0,   72.3,   54.3,    1.9,    9.6,    0.0,    0.0,    0.0,    0.0,   16.1,   25.6,    9.5,   99.8,   99.0,    0.2,    1.0,  100.0,    0.0,    0.0,    0.0,    0.0,    0.0,    0.0,    0.0,    0.0,    0.0,    0.0,    0.0,    0.0,    0.0,    0.0,    0.0,     44,     24,     18,.,.,      0,      0,      0,      0,      4,      6,      5,     33,     28,     44,     24,     18,.,.,      0,      0,      0,      0,      4,      6,      5,     33,     28,      0,      0,      0,      0,      0,      0,      0,      0,      0,      0,      0,      0,      0,      0,    66.1,    53.8,    79.6,    77.2,    58.8,    52.0,    72.3,    68.3,    66.1,    53.8,    79.6,    77.2,    58.8,    52.0,    72.3,    68.3,     0.0,     0.0,     0.0,     0.0,     0.0,     0.0,     0.0,     0.0,(1000 Barrels),02141R,IFED,021 ,N10,FutOnly
NY HARBOR ULSD - NEW YORK MERCANTILE EXCHANGE,260811,2026-08-11,022651,NYME,01,022 ,  266020,   47014,  128595,   52402,    8223,   11254,   36292,   22718,   19550,   10340,   10725,   35336,  212188,  236401,   53832,   29619,  266020,   47014,  128595,   52402,    8223,   11254,   36292,   22718,   19550,   10340,   10725,   35336,  212188,  236401,   53832,   29619,       0,       0,       0,       0,       0,       0,       0,       0,       0,       0,       0,       0,       0,       0,       0,       0,   12642,    6680,    9864,     349,     415,    -416,     697,   -1780,   -1322,     592,     775,    2621,    9201,   10157,    3441,    2485,  100.0,   17.7,   48.3,   19.7,    3.1,    4.2,   13.6,    8.5,    7.3,    3.9,    4.0,   13.3,   79.8,   88.9,   20.2,   11.1,  100.0,   17.7,   48.3,   19.7,    3.1,    4.2,   13.6,    8.5,    7.3,    3.9,    4.0,   13.3,   79.8,   88.9,   20.2,   11.1,  100.0,    0.0,    0.0,    0.0,    0.0,    0.0,    0.0,    0.0,    0.0,    0.0,    0.0,    0.0,    0.0,    0.0,    0.0,    0.0,    162,     43,     60,     16,      9,     16,     32,     11,     26,     17,     12,     24,    139,    131,    162,     43,     60,     16,      9,     16,     32,     11,     26,     17,     12,     24,    139,    131,      0,      0,      0,      0,      0,      0,      0,      0,      0,      0,      0,      0,      0,      0,    14.8,    16.3,    22.5,    28.5,    10.1,    13.6,    16.1,    21.1,    14.8,    16.3,    22.5,    28.5,    10.1,    13.6,    16.1,    21.1,     0.0,     0.0,     0.0,     0.0,     0.0,     0.0,     0.0,     0.0,"(CONTRACTS OF 42,000 U.S. GALLONS)",022651,NYME,022 ,N10,FutOnly
UP DOWN GC ULSD VS HO SPR - NEW YORK MERCANTILE EXCHANGE,260811,2026-08-11,022A13,NYME,01,022 ,   32139,   17626,   16711,       0,    8438,     719,       0,      60,    1040,     110,       0,    1196,   20691,   28164,   11448,    3975,   32139,   17626,   16711,       0,    8438,     719,       0,      60,    1040,     110,       0,    1196,   20691,   28164,   11448,    3975,       0,       0,       0,       0,       0,       0,       0,       0,       0,       0,       0,       0,       0,       0,       0,       0,   -4080,   -3937,   -2111,       0,    -119,       0,       0,    -766,     536,      81,       0,      50,   -3270,   -2410,    -810,   -1670,  100.0,   54.8,   52.0,    0.0,   26.3,    2.2,    0.0,    0.2,    3.2,    0.3,    0.0,    3.7,   64.4,   87.6,   35.6,   12.4,  100.0,   54.8,   52.0,    0.0,   26.3,    2.2,    0.0,    0.2,    3.2,    0.3,    0.0,    3.7,   64.4,   87.6,   35.6,   12.4,  100.0,    0.0,    0.0,    0.0,    0.0,    0.0,    0.0,    0.0,    0.0,    0.0,    0.0,    0.0,    0.0,    0.0,    0.0,    0.0,     24,     16,     11,      0,.,.,      0,.,.,.,      0,.,     19,     15,     24,     16,     11,      0,.,.,      0,.,.,.,      0,.,     19,     15,      0,      0,      0,      0,      0,      0,      0,      0,      0,      0,      0,      0,      0,      0,    37.2,    65.3,    49.8,    78.5,    32.1,    64.4,    39.3,    68.1,    37.2,    65.3,    49.8,    78.5,    32.1,    64.4,    39.3,    68.1,     0.0,     0.0,     0.0,     0.0,     0.0,     0.0,     0.0,     0.0,"(CONTRACTS OF 42,000 GALLONS)",022A13,NYME,022 ,N10,FutOnly
NAT GAS ICE LD1 - ICE FUTURES ENERGY DIV,260811,2026-08-11,023391,IFED,01,023 , 7873079, 4434375, 2378965,  803998, 2962831,  347737,  647078,  478155,  903204,  146195,  230667,  555279, 7837866, 7856838,   35213,   16241, 7873079, 4434375, 2378965,  803998, 2962831,  347737,  647078,  478155,  903204,  146195,  230667,  555279, 7837866, 7856838,   35213,   16241,       0,       0,       0,       0,       0,       0,       0,       0,       0,       0,       0,       0,       0,       0,       0,       0,   75025,    8826,   40067,    4905,   14353,    -554,   27273,   16455,   18252,    1021,  -36382,   23381,   83104,   75572,   -8079,    -547,  100.0,   56.3,   30.2,   10.2,   37.6,    4.4,    8.2,    6.1,   11.5,    1.9,    2.9,    7.1,   99.6,   99.8,    0.4,    0.2,  100.0,   56.3,   30.2,   10.2,   37.6,    4.4,    8.2,    6.1,   11.5,    1.9,    2.9,    7.1,   99.6,   99.8,    0.4,    0.2,  100.0,    0.0,    0.0,    0.0,    0.0,    0.0,    0.0,    0.0,    0.0,    0.0,    0.0,    0.0,    0.0,    0.0,    0.0,    0.0,    274,    146,    115,     22,     19,     25,     12,     12,     22,     25,     28,     43,    255,    216,    274,    146,    115,     22,     19,     25,     12,     12,     22,     25,     28,     43,    255,    216,      0,      0,      0,      0,      0,      0,      0,      0,      0,      0,      0,      0,      0,      0,    22.0,    34.3,    34.7,    49.6,    17.2,    30.0,    28.4,    43.3,    22.0,    34.3,    34.7,    49.6,    17.2,    30.0,    28.4,    43.3,     0.0,     0.0,     0.0,     0.0,     0.0,     0.0,     0.0,     0.0,"(Contracts of 2,500  MMBTU'S)",023391,IFED,023 ,N13,FutOnly
NAT GAS ICE PEN - ICE FUTURES ENERGY DIV,260811,2026-08-11,023392,IFED,01,023 ,  706411,  108984,   99427,  185066,  104231,  127475,   18892,  122094,  113089,   91052,   78064,   61249,  705807,  705629,     604,     782,  706411,  108984,   99427,  185066,  104231,  127475,   18892,  122094,  113089,   91052,   78064,   61249,  705807,  705629,     604,     782,       0,       0,       0,       0,       0,       0,       0,       0,       0,       0,       0,       0,       0,       0,       0,       0,   30063,    1917,    5186,     842,   12555,    3890,    7588,  -11168,    8934,    4828,    8690,    1976,   29975,   30063,      88,       0,  100.0,   15.4,   14.1,   26.2,   14.8,   18.0,    2.7,   17.3,   16.0,   12.9,   11.1,    8.7,   99.9,   99.9,    0.1,    0.1,  100.0,   15.4,   14.1,   26.2,   14.8,   18.0,    2.7,   17.3,   16.0,   12.9,   11.1,    8.7,   99.9,   99.9,    0.1,    0.1,  100.0,    0.0,    0.0,    0.0,    0.0,    0.0,    0.0,    0.0,    0.0,    0.0,    0.0,    0.0,    0.0,    0.0,    0.0,    0.0,     73,     15,     16,     12,      6,     17,      7,      6,      9,     15,      7,     20,     65,     65,     73,     15,     16,     12,      6,     17,      7,      6,      9,     15,      7,     20,     65,     65,      0,      0,      0,      0,      0,      0,      0,      0,      0,      0,      0,      0,      0,      0,    35.4,    45.6,    57.0,    70.4,    21.9,    28.5,    31.1,    39.5,    35.4,    45.6,    57.0,    70.4,    21.9,    28.5,    31.1,    39.5,     0.0,     0.0,     0.0,     0.0,     0.0,     0.0,     0.0,     0.0,"(Contracts of 2,500  MMBTU'S)",023392,IFED,023 ,N13,FutOnly
SOCAL BORDER FIN BASIS - ICE FUTURES ENERGY DIV,260811,2026-08-11,023393,IFED,01,023 ,  271236,  145380,  212344,   59144,   17483,   16471,   26463,    5407,    5601,    2366,     615,    3438,  258863,  261359,   12373,    9877,  271236,  145380,  212344,   59144,   17483,   16471,   26463,    5407,    5601,    2366,     615,    3438,  258863,  261359,   12373,    9877,       0,       0,       0,       0,       0,       0,       0,       0,       0,       0,       0,       0,       0,       0,       0,       0,  -27070,   -8047,  -20420,     288,    -597,     171,  -14443,   -4519,      -1,    -828,     341,    -571,  -23431,  -25596,   -3639,   -1474,  100.0,   53.6,   78.3,   21.8,    6.4,    6.1,    9.8,    2.0,    2.1,    0.9,    0.2,    1.3,   95.4,   96.4,    4.6,    3.6,  100.0,   53.6,   78.3,   21.8,    6.4,    6.1,    9.8,    2.0,    2.1,    0.9,    0.2,    1.3,   95.4,   96.4,    4.6,    3.6,  100.0,    0.0,    0.0,    0.0,    0.0,    0.0,    0.0,    0.0,    0.0,    0.0,    0.0,    0.0,    0.0,    0.0,    0.0,    0.0,     53,     25,     25,      4,      5,      6,.,      5,      4,.,.,      5,     44,     44,     53,     25,     25,      4,      5,      6,.,      5,      4,.,.,      5,     44,     44,      0,      0,      0,      0,      0,      0,      0,      0,      0,      0,      0,      0,      0,      0,    41.3,    56.1,    61.8,    68.6,    40.4,    52.2,    60.0,    62.2,    41.3,    56.1,    61.8,    68.6,    40.4,    52.2,    60.0,    62.2,     0.0,     0.0,     0.0,     0.0,     0.0,     0.0,     0.0,     0.0,"(Contracts of 2,500  MMBTU'S)",023393,IFED,023 ,N13,FutOnly
PG&E CITYGATE FIN BASIS - ICE FUTURES ENERGY DIV,260811,2026-08-11,023394,IFED,01,023 ,  173088,  137216,  125176,   13577,   25096,    3523,    2198,    8203,    4315,    2131,     992,     691,  163651,  167996,    9437,    5092,  173088,  137216,  125176,   13577,   25096,    3523,    2198,    8203,    4315,    2131,     992,     691,  163651,  167996,    9437,    5092,       0,       0,       0,       0,       0,       0,       0,       0,       0,       0,       0,       0,       0,       0,       0,       0,  -16998,   -8918,   -9677,    -388,   -2971,     268,   -2543,    2339,   -2974,    -906,    -921,    -620,  -16081,  -14556,    -917,   -2442,  100.0,   79.3,   72.3,    7.8,   14.5,    2.0,    1.3,    4.7,    2.5,    1.2,    0.6,    0.4,   94.5,   97.1,    5.5,    2.9,  100.0,   79.3,   72.3,    7.8,   14.5,    2.0,    1.3,    4.7,    2.5,    1.2,    0.6,    0.4,   94.5,   97.1,    5.5,    2.9,  100.0,    0.0,    0.0,    0.0,    0.0,    0.0,    0.0,    0.0,    0.0,    0.0,    0.0,    0.0,    0.0,    0.0,    0.0,    0.0,     47,     29,     24,      5,.,      6,.,      4,      5,.,.,.,     43,     42,     47,     29,     24,      5,.,      6,.,      4,      5,.,.,.,     43,     42,      0,      0,      0,      0,      0,      0,      0,      0,      0,      0,      0,      0,      0,      0,    47.8,    59.0,    62.4,    74.4,    47.2,    51.8,    58.9,    65.1,    47.8,    59.0,    62.4,    74.4,    47.2,    51.8,    58.9,    65.1,     0.0,     0.0,     0.0,     0.0,     0.0,     0.0,     0.0,     0.0,"(Contracts of 2,500  MMBTU'S)",023394,IFED,023 ,N13,FutOnly
NWP ROCKIES FIN BASIS - ICE FUTURES ENERGY DIV,260811,2026-08-11,023395,IFED,01,023 ,  373281,  240745,  218698,   77191,  121483,    9777,   24920,    3539,    4671,       0,    3382,    3782,  361086,  365332,   12195,    7949,  373281,  240745,  218698,   77191,  121483,    9777,   24920,    3539,    4671,       0,    3382,    3782,  361086,  365332,   12195,    7949,       0,       0,       0,       0,       0,       0,       0,       0,       0,       0,       0,       0,       0,       0,       0,       0,  -20357,  -13063,  -18325,   -2479,    3991,   -3035,     549,   -1161,   -1430,       0,   -2272,    2287,  -17171,  -19945,   -3186,    -412,  100.0,   64.5,   58.6,   20.7,   32.5,    2.6,    6.7,    0.9,    1.3,    0.0,    0.9,    1.0,   96.7,   97.9,    3.3,    2.1,  100.0,   64.5,   58.6,   20.7,   32.5,    2.6,    6.7,    0.9,    1.3,    0.0,    0.9,    1.0,   96.7,   97.9,    3.3,    2.1,  100.0,    0.0,    0.0,    0.0,    0.0,    0.0,    0.0,    0.0,    0.0,    0.0,    0.0,    0.0,    0.0,    0.0,    0.0,    0.0,     68,     30,     32,      9,      8,     10,      8,.,      5,      0,.,.,     56,     53,     68,     30,     32,      9,      8,     10,      8,.,      5,      0,.,.,     56,     53,      0,      0,      0,      0,      0,      0,      0,      0,      0,      0,      0,      0,      0,      0,    48.0,    43.7,    64.4,    62.9,    36.3,    39.5,    51.5,    52.4,    48.0,    43.7,    64.4,    62.9,    36.3,    39.5,    51.5,    52.4,     0.0,     0.0,     0.0,     0.0,     0.0,     0.0,     0.0,     0.0,"(Contracts of 2,500  MMBTU'S)",023395,IFED,023 ,N13,FutOnly
AECO FIN BASIS - ICE FUTURES ENERGY DIV,260811,2026-08-11,023396,IFED,01,023 ,  984771,  841584,  228111,   56813,  706211,   25005,   18282,    6090,    7943,   14901,    6680,    1601,  966129,  981641,   18642,    3130,  984771,  841584,  228111,   56813,  706211,   25005,   18282,    6090,    7943,   14901,    6680,    1601,  966129,  981641,   18642,    3130,       0,       0,       0,       0,       0,       0,       0,       0,       0,       0,       0,       0,       0,       0,       0,       0,  -44773,  -39714,   -8871,   -2127,  -28114,   -2896,     588,    -403,     985,    -125,     994,     996,  -42293,  -37309,   -2480,   -7464,  100.0,   85.5,   23.2,    5.8,   71.7,    2.5,    1.9,    0.6,    0.8,    1.5,    0.7,    0.2,   98.1,   99.7,    1.9,    0.3,  100.0,   85.5,   23.2,    5.8,   71.7,    2.5,    1.9,    0.6,    0.8,    1.5,    0.7,    0.2,   98.1,   99.7,    1.9,    0.3,  100.0,    0.0,    0.0,    0.0,    0.0,    0.0,    0.0,    0.0,    0.0,    0.0,    0.0,    0.0,    0.0,    0.0,    0.0,    0.0,     59,     32,     21,      5,      8,      7,      5,.,      7,.,.,.,     52,     42,     59,     32,     21,      5,      8,      7,      5,.,      7,.,.,.,     52,     42,      0,      0,      0,      0,      0,      0,      0,      0,      0,      0,      0,      0,      0,      0,    44.4,    52.5,    60.2,    78.5,    39.3,    52.4,    54.1,    73.9,    44.4,    52.5,    60.2,    78.5,    39.3,    52.4,    54.1,    73.9,     0.0,     0.0,     0.0,     0.0,     0.0,     0.0,     0.0,     0.0,"(Contracts of 2,500  MMBTU'S)",023396,IFED,023 ,N13,FutOnly
CHICAGO FIN BASIS - ICE FUTURES ENERGY DIV,260811,2026-08-11,023397,IFED,01,023 ,  367166,  283203,  314706,   55148,   29737,    3719,    4140,    4243,    3412,    4381,       0,    2506,  356509,  358323,   10657,    8843,  367166,  283203,  314706,   55148,   29737,    3719,    4140,    4243,    3412,    4381,       0,    2506,  356509,  358323,   10657,    8843,       0,       0,       0,       0,       0,       0,       0,       0,       0,       0,       0,       0,       0,       0,       0,       0,  -11405,    -966,  -11371,   -4091,   -1271,    -571,     664,     980,   -1153,    1799,       0,    2196,   -2122,  -11190,   -9283,    -215,  100.0,   77.1,   85.7,   15.0,    8.1,    1.0,    1.1,    1.2,    0.9,    1.2,    0.0,    0.7,   97.1,   97.6,    2.9,    2.4,  100.0,   77.1,   85.7,   15.0,    8.1,    1.0,    1.1,    1.2,    0.9,    1.2,    0.0,    0.7,   97.1,   97.6,    2.9,    2.4,  100.0,    0.0,    0.0,    0.0,    0.0,    0.0,    0.0,    0.0,    0.0,    0.0,    0.0,    0.0,    0.0,    0.0,    0.0,    0.0,     57,     30,     27,      8,.,      5,      4,      4,.,      4,      0,.,     48,     41,     57,     30,     27,      8,.,      5,      4,      4,.,      4,      0,.,     48,     41,      0,      0,      0,      0,      0,      0,      0,      0,      0,      0,      0,      0,      0,      0,    44.5,    41.8,    61.7,    64.1,    31.8,    33.9,    41.3,    44.3,    44.5,    41.8,    61.7,    64.1,    31.8,    33.9,    41.3,    44.3,     0.0,     0.0,     0.0,     0.0,     0.0,     0.0,     0.0,     0.0,"(Contracts of 2,500  MMBTU'S)",023397,IFED,023 ,N13,FutOnly
HSC FIN BASIS - ICE FUTURES ENERGY DIV,260811,2026-08-11,023398,IFED,01,023 ,  868239,  555922,  525237,  233566,  141308,   34739,    1800,  113553,   20718,   10370,   22159,    2907,  860022,  860621,    8217,    7618,  868239,  555922,  525237,  233566,  141308,   34739,    1800,  113553,   20718,   10370,   22159,    2907,  860022,  860621,    8217,    7618,       0,       0,       0,       0,       0,       0,       0,       0,       0,       0,       0,       0,       0,       0,       0,       0,  -44744,   -2113,  -39965,   -6514,     878,  -10372,      77,    6129,    -189,   -1236,    -383,    -326,  -20673,  -44228,  -24071,    -516,  100.0,   64.0,   60.5,   26.9,   16.3,    4.0,    0.2,   13.1,    2.4,    1.2,    2.6,    0.3,   99.1,   99.1,    0.9,    0.9,  100.0,   64.0,   60.5,   26.9,   16.3,    4.0,    0.2,   13.1,    2.4,    1.2,    2.6,    0.3,   99.1,   99.1,    0.9,    0.9,  100.0,    0.0,    0.0,    0.0,    0.0,    0.0,    0.0,    0.0,    0.0,    0.0,    0.0,    0.0,    0.0,    0.0,    0.0,    0.0,     96,     46,     42,      8,     12,     11,.,     13,      7,      4,.,.,     70,     79,     96,     46,     42,      8,     12,     11,.,     13,      7,      4,.,.,     70,     79,      0,      0,      0,      0,      0,      0,      0,      0,      0,      0,      0,      0,      0,      0,    30.7,    27.8,    51.6,    42.9,    29.8,    27.2,    48.7,    41.9,    30.7,    27.8,    51.6,    42.9,    29.8,    27.2,    48.7,    41.9,     0.0,     0.0,     0.0,     0.0,     0.0,     0.0,     0.0,     0.0,"(Contracts of 2,500  MMBTU'S)",023398,IFED,023 ,N13,FutOnly
WAHA FIN BASIS - ICE FUTURES ENERGY DIV,260811,2026-08-11,023399,IFED,01,023 ,  712979,  597674,  263736,   26098,  350378,   15527,   25611,   12166,   30271,       0,   22566,   12276,  707457,  706920,    5522,    6059,  712979,  597674,  263736,   26098,  350378,   15527,   25611,   12166,   30271,       0,   22566,   12276,  707457,  706920,    5522,    6059,       0,       0,       0,       0,       0,       0,       0,       0,       0,       0,       0,       0,       0,       0,       0,       0,  -20227,  -18344,   -3788,     -25,   -7495,   -3937,    1709,     -47,    1812,       0,   -3713,    -337,  -19122,  -17505,   -1105,   -2722,  100.0,   83.8,   37.0,    3.7,   49.1,    2.2,    3.6,    1.7,    4.2,    0.0,    3.2,    1.7,   99.2,   99.2,    0.8,    0.8,  100.0,   83.8,   37.0,    3.7,   49.1,    2.2,    3.6,    1.7,    4.2,    0.0,    3.2,    1.7,   99.2,   99.2,    0.8,    0.8,  100.0,    0.0,    0.0,    0.0,    0.0,    0.0,    0.0,    0.0,    0.0,    0.0,    0.0,    0.0,    0.0,    0.0,    0.0,    0.0,     80,     42,     30,      5,     16,     12,.,      5,      6,      0,      6,.,     66,     63,     80,     42,     30,      5,     16,     12,.,      5,      6,      0,      6,.,     66,     63,      0,      0,      0,      0,      0,      0,      0,      0,      0,      0,      0,      0,      0,      0,    27.2,    40.6,    46.5,    58.2,    21.7,    34.8,    38.4,    49.2,    27.2,    40.6,    46.5,    58.2,    21.7,    34.8,    38.4,    49.2,     0.0,     0.0,     0.0,     0.0,     0.0,     0.0,     0.0,     0.0,"(Contracts of 2,500  MMBTU'S)",023399,IFED,023 ,N13,FutOnly
ALGONQUIN CITYGATES BASIS - ICE FUTURES ENERGY DIV,260811,2026-08-11,02339E,IFED,01,023 ,  106252,   83673,   89564,   14779,       0,     155,     316,    2637,     516,    1376,    5489,       5,  100820,   98366,    5432,    7886,  106252,   83673,   89564,   14779,       0,     155,     316,    2637,     516,    1376,    5489,       5,  100820,   98366,    5432,    7886,       0,       0,       0,       0,       0,       0,       0,       0,       0,       0,       0,       0,       0,       0,       0,       0,   -8711,   -4546,   -5584,   -1767,       0,      31,    -560,     -89,     -29,    -237,      88,    -463,   -7571,   -6046,   -1140,   -2665,  100.0,   78.7,   84.3,   13.9,    0.0,    0.1,    0.3,    2.5,    0.5,    1.3,    5.2,    0.0,   94.9,   92.6,    5.1,    7.4,  100.0,   78.7,   84.3,   13.9,    0.0,    0.1,    0.3,    2.5,    0.5,    1.3,    5.2,    0.0,   94.9,   92.6,    5.1,    7.4,  100.0,    0.0,    0.0,    0.0,    0.0,    0.0,    0.0,    0.0,    0.0,    0.0,    0.0,    0.0,    0.0,    0.0,    0.0,    0.0,     29,      9,     13,      4,      0,.,.,.,.,.,.,.,     16,     20,     29,      9,     13,      4,      0,.,.,.,.,.,.,.,     16,     20,      0,      0,      0,      0,      0,      0,      0,      0,      0,      0,      0,      0,      0,      0,    72.6,    61.9,    88.0,    80.8,    70.4,    61.0,    84.7,    78.7,    72.6,    61.9,    88.0,    80.8,    70.4,    61.0,    84.7,    78.7,     0.0,     0.0,     0.0,     0.0,     0.0,     0.0,     0.0,     0.0,"(Contracts of 2,500  MMBTU'S)",02339E,IFED,023 ,N13,FutOnly
CG-MAINLINE FINANCIAL INDEX - ICE FUTURES ENERGY DIV,260811,2026-08-11,02339P,IFED,01,023 ,   32141,   26834,   22616,    4632,     496,       0,       0,    7580,       0,       0,       0,       0,   31466,   30692,     675,    1449,   32141,   26834,   22616,    4632,     496,       0,       0,    7580,       0,       0,       0,       0,   31466,   30692,     675,    1449,       0,       0,       0,       0,       0,       0,       0,       0,       0,       0,       0,       0,       0,       0,       0,       0,  -11475,   -9580,   -7805,    -496,    -558,     -93,       0,   -2537,       0,       0,       0,       0,  -10169,  -10993,   -1306,    -482,  100.0,   83.5,   70.4,   14.4,    1.5,    0.0,    0.0,   23.6,    0.0,    0.0,    0.0,    0.0,   97.9,   95.5,    2.1,    4.5,  100.0,   83.5,   70.4,   14.4,    1.5,    0.0,    0.0,   23.6,    0.0,    0.0,    0.0,    0.0,   97.9,   95.5,    2.1,    4.5,  100.0,    0.0,    0.0,    0.0,    0.0,    0.0,    0.0,    0.0,    0.0,    0.0,    0.0,    0.0,    0.0,    0.0,    0.0,    0.0,     28,     11,     11,.,.,      0,      0,.,      0,      0,      0,      0,     14,     15,     28,     11,     11,.,.,      0,      0,.,      0,      0,      0,      0,     14,     15,      0,      0,      0,      0,      0,      0,      0,      0,      0,      0,      0,      0,      0,      0,    68.4,    51.1,    88.9,    79.6,    68.4,    51.1,    88.9,    77.6,    68.4,    51.1,    88.9,    79.6,    68.4,    51.1,    88.9,    77.6,     0.0,     0.0,     0.0,     0.0,     0.0,     0.0,     0.0,     0.0,"(Contracts of 2,500  MMBTU'S)",02339P,IFED,023 ,N13,FutOnly
CHICAGO CITYGATE (INDEX) - ICE FUTURES ENERGY DIV,260811,2026-08-11,02339Q,IFED,01,023 ,   86527,   53942,   77134,   28958,    3016,    1812,     310,    2798,       0,       0,     300,       0,   85022,   85060,    1505,    1467,   86527,   53942,   77134,   28958,    3016,    1812,     310,    2798,       0,       0,     300,       0,   85022,   85060,    1505,    1467,       0,       0,       0,       0,       0,       0,       0,       0,       0,       0,       0,       0,       0,       0,       0,       0,  -13636,   -5204,  -10195,   -3999,       0,       0,    -403,   -1447,       0,    -806,     300,       0,  -10412,  -11342,   -3224,   -2294,  100.0,   62.3,   89.1,   33.5,    3.5,    2.1,    0.4,    3.2,    0.0,    0.0,    0.3,    0.0,   98.3,   98.3,    1.7,    1.7,  100.0,   62.3,   89.1,   33.5,    3.5,    2.1,    0.4,    3.2,    0.0,    0.0,    0.3,    0.0,   98.3,   98.3,    1.7,    1.7,  100.0,    0.0,    0.0,    0.0,    0.0,    0.0,    0.0,    0.0,    0.0,    0.0,    0.0,    0.0,    0.0,    0.0,    0.0,    0.0,     37,     21,     14,      6,.,.,.,.,      0,      0,.,      0,     29,     17,     37,     21,     14,      6,.,.,.,.,      0,      0,.,      0,     29,     17,      0,      0,      0,      0,      0,      0,      0,      0,      0,      0,      0,      0,      0,      0,    57.3,    72.9,    75.4,    89.0,    56.6,    64.7,    72.2,    76.5,    57.3,    72.9,    75.4,    89.0,    56.6,    64.7,    72.2,    76.5,     0.0,     0.0,     0.0,     0.0,     0.0,     0.0,     0.0,     0.0,"(Contracts of 2,500  MMBTU'S)",02339Q,IFED,023 ,N13,FutOnly
CIG ROCKIES FINANCIAL INDEX - ICE FUTURES ENERGY DIV,260811,2026-08-11,02339S,IFED,01,023 ,   20138,   17494,    5546,     190,       0,     244,       0,   12583,     248,     217,     496,       0,   18393,   19117,    1745,    1021,   20138,   17494,    5546,     190,       0,     244,       0,   12583,     248,     217,     496,       0,   18393,   19117,    1745,    1021,       0,       0,       0,       0,       0,       0,       0,       0,       0,       0,       0,       0,       0,       0,       0,       0,  -13545,  -11718,   -6318,     190,    -492,    -190,       0,   -5892,       0,    -124,     -93,       0,  -11842,  -12985,   -1703,    -560,  100.0,   86.9,   27.5,    0.9,    0.0,    1.2,    0.0,   62.5,    1.2,    1.1,    2.5,    0.0,   91.3,   94.9,    8.7,    5.1,  100.0,   86.9,   27.5,    0.9,    0.0,    1.2,    0.0,   62.5,    1.2,    1.1,    2.5,    0.0,   91.3,   94.9,    8.7,    5.1,  100.0,    0.0,    0.0,    0.0,    0.0,    0.0,    0.0,    0.0,    0.0,    0.0,    0.0,    0.0,    0.0,    0.0,    0.0,    0.0,     28,     15,     10,.,      0,.,      0,      4,.,.,.,      0,     18,     16,     28,     15,     10,.,      0,.,      0,      4,.,.,.,      0,     18,     16,      0,      0,      0,      0,      0,      0,      0,      0,      0,      0,      0,      0,      0,      0,    57.2,    70.8,    74.1,    83.8,    56.8,    68.6,    69.0,    76.5,    57.2,    70.8,    74.1,    83.8,    56.8,    68.6,    69.0,    76.5,     0.0,     0.0,     0.0,     0.0,     0.0,     0.0,     0.0,     0.0,"(Contracts of 2,500 MMBTU'S)",02339S,IFED,023 ,N13,FutOnly
CIG ROCKIES BASIS - ICE FUTURES ENERGY DIV,260811,2026-08-11,02339U,IFED,01,023 ,  410551,  372964,  138121,    2551,  200609,    7714,   10600,   48635,    4437,    3643,    3548,     737,  402646,  403801,    7905,    6750,  410551,  372964,  138121,    2551,  200609,    7714,   10600,   48635,    4437,    3643,    3548,     737,  402646,  403801,    7905,    6750,       0,       0,       0,       0,       0,       0,       0,       0,       0,       0,       0,       0,       0,       0,       0,       0,  -26360,  -24169,    1460,     367,   -8292,   -2227,    3260,  -15530,    -167,    -496,    -446,    -329,  -23761,  -25531,   -2599,    -829,  100.0,   90.8,   33.6,    0.6,   48.9,    1.9,    2.6,   11.8,    1.1,    0.9,    0.9,    0.2,   98.1,   98.4,    1.9,    1.6,  100.0,   90.8,   33.6,    0.6,   48.9,    1.9,    2.6,   11.8,    1.1,    0.9,    0.9,    0.2,   98.1,   98.4,    1.9,    1.6,  100.0,    0.0,    0.0,    0.0,    0.0,    0.0,    0.0,    0.0,    0.0,    0.0,    0.0,    0.0,    0.0,    0.0,    0.0,    0.0,     60,     32,     21,.,     12,      6,.,      6,      5,.,.,.,     48,     44,     60,     32,     21,.,     12,      6,.,      6,      5,.,.,.,     48,     44,      0,      0,      0,      0,      0,      0,      0,      0,      0,      0,      0,      0,      0,      0,    46.9,    54.9,    63.9,    71.2,    36.7,    47.3,    51.1,    58.4,    46.9,    54.9,    63.9,    71.2,    36.7,    47.3,    51.1,    58.4,     0.0,     0.0,     0.0,     0.0,     0.0,     0.0,     0.0,     0.0,2500 mmbtu,02339U,IFED,023 ,N13,FutOnly
TCO Basis  - ICE FUTURES ENERGY DIV,260811,2026-08-11,02339W,IFED,01,023 ,  220090,  188203,   30711,   15455,  170234,    7275,    1674,    1191,     516,       0,       0,       0,  213123,  209927,    6967,   10163,  220090,  188203,   30711,   15455,  170234,    7275,    1674,    1191,     516,       0,       0,       0,  213123,  209927,    6967,   10163,       0,       0,       0,       0,       0,       0,       0,       0,       0,       0,       0,       0,       0,       0,       0,       0,   -8175,   -2452,   -3905,   -1340,   -5293,    -169,      12,    -806,       0,       0,    -248,       0,   -3949,  -10421,   -4226,    2246,  100.0,   85.5,   14.0,    7.0,   77.3,    3.3,    0.8,    0.5,    0.2,    0.0,    0.0,    0.0,   96.8,   95.4,    3.2,    4.6,  100.0,   85.5,   14.0,    7.0,   77.3,    3.3,    0.8,    0.5,    0.2,    0.0,    0.0,    0.0,   96.8,   95.4,    3.2,    4.6,  100.0,    0.0,    0.0,    0.0,    0.0,    0.0,    0.0,    0.0,    0.0,    0.0,    0.0,    0.0,    0.0,    0.0,    0.0,    0.0,     38,     19,      9,.,     11,.,.,.,.,      0,      0,      0,     24,     24,     38,     19,      9,.,     11,.,.,.,.,      0,      0,      0,     24,     24,      0,      0,      0,      0,      0,      0,      0,      0,      0,      0,      0,      0,      0,      0,    52.5,    54.8,    74.4,    79.4,    52.5,    54.3,    73.0,    78.6,    52.5,    54.8,    74.4,    79.4,    52.5,    54.3,    73.0,    78.6,     0.0,     0.0,     0.0,     0.0,     0.0,     0.0,     0.0,     0.0,2500 mm btu,02339W,IFED,023 ,N13,FutOnly
CG Mainline Basis - ICE FUTURES ENERGY DIV,260811,2026-08-11,02339Y,IFED,01,023 ,  323321,  301500,  217125,    1314,   75234,    5134,    4331,   17017,    3331,    1359,      31,     212,  317181,  318084,    6140,    5237,  323321,  301500,  217125,    1314,   75234,    5134,    4331,   17017,    3331,    1359,      31,     212,  317181,  318084,    6140,    5237,       0,       0,       0,       0,       0,       0,       0,       0,       0,       0,       0,       0,       0,       0,       0,       0,  -25746,  -20862,  -15026,     170,   -6067,    -709,   -1229,   -3380,    -171,       0,       0,       0,  -22801,  -25353,   -2945,    -393,  100.0,   93.3,   67.2,    0.4,   23.3,    1.6,    1.3,    5.3,    1.0,    0.4,    0.0,    0.1,   98.1,   98.4,    1.9,    1.6,  100.0,   93.3,   67.2,    0.4,   23.3,    1.6,    1.3,    5.3,    1.0,    0.4,    0.0,    0.1,   98.1,   98.4,    1.9,    1.6,  100.0,    0.0,    0.0,    0.0,    0.0,    0.0,    0.0,    0.0,    0.0,    0.0,    0.0,    0.0,    0.0,    0.0,    0.0,    0.0,     45,     18,     15,.,     10,      5,.,      5,.,.,.,.,     30,     32,     45,     18,     15,.,     10,      5,.,      5,.,.,.,.,     30,     32,      0,      0,      0,      0,      0,      0,      0,      0,      0,      0,      0,      0,      0,      0,    74.8,    69.1,    87.1,    80.2,    74.5,    69.1,    86.5,    79.9,    74.8,    69.1,    87.1,    80.2,    74.5,    69.1,    86.5,    79.9,     0.0,     0.0,     0.0,     0.0,     0.0,     0.0,     0.0,     0.0,2500 mmbtu,02339Y,IFED,023 ,N13,FutOnly
DOMINION - SOUTH POINT - ICE FUTURES ENERGY DIV,260811,2026-08-11,0233A2,IFED,01,023 ,   42974,   16670,   33161,   11434,    4527,     390,    7799,    1567,     787,    2798,       0,       0,   39878,   40432,    3096,    2542,   42974,   16670,   33161,   11434,    4527,     390,    7799,    1567,     787,    2798,       0,       0,   39878,   40432,    3096,    2542,       0,       0,       0,       0,       0,       0,       0,       0,       0,       0,       0,       0,       0,       0,       0,       0,  -21411,  -12336,  -12194,   -1798,   -8334,     390,   -2729,    1260,   -2067,    -380,       0,       0,  -18920,  -20945,   -2491,    -466,  100.0,   38.8,   77.2,   26.6,   10.5,    0.9,   18.1,    3.6,    1.8,    6.5,    0.0,    0.0,   92.8,   94.1,    7.2,    5.9,  100.0,   38.8,   77.2,   26.6,   10.5,    0.9,   18.1,    3.6,    1.8,    6.5,    0.0,    0.0,   92.8,   94.1,    7.2,    5.9,  100.0,    0.0,    0.0,    0.0,    0.0,    0.0,    0.0,    0.0,    0.0,    0.0,    0.0,    0.0,    0.0,    0.0,    0.0,    0.0,     32,     14,     15,.,.,.,.,.,.,.,      0,      0,     22,     19,     32,     14,     15,.,.,.,.,.,.,.,      0,      0,     22,     19,      0,      0,      0,      0,      0,      0,      0,      0,      0,      0,      0,      0,      0,      0,    56.7,    49.3,    75.5,    75.9,    56.7,    47.0,    74.2,    69.0,    56.7,    49.3,    75.5,    75.9,    56.7,    47.0,    74.2,    69.0,     0.0,     0.0,     0.0,     0.0,     0.0,     0.0,     0.0,     0.0,2500 mmbtu,0233A2,IFED,023 ,N13,FutOnly
DOMINION - SOUTH POINT (BASIS) - ICE FUTURES ENERGY DIV,260811,2026-08-11,0233A3,IFED,01,023 ,  758169,  620551,  199767,   14316,  445179,   31901,   31247,   47591,   14350,   16760,    4064,    9241,  738366,  752093,   19803,    6076,  758169,  620551,  199767,   14316,  445179,   31901,   31247,   47591,   14350,   16760,    4064,    9241,  738366,  752093,   19803,    6076,       0,       0,       0,       0,       0,       0,       0,       0,       0,       0,       0,       0,       0,       0,       0,       0,  -50108,  -41966,  -21253,   -1953,  -16517,    -753,    -617,   -7032,    -556,     218,   -1458,    -263,  -45890,  -47832,   -4218,   -2276,  100.0,   81.8,   26.3,    1.9,   58.7,    4.2,    4.1,    6.3,    1.9,    2.2,    0.5,    1.2,   97.4,   99.2,    2.6,    0.8,  100.0,   81.8,   26.3,    1.9,   58.7,    4.2,    4.1,    6.3,    1.9,    2.2,    0.5,    1.2,   97.4,   99.2,    2.6,    0.8,  100.0,    0.0,    0.0,    0.0,    0.0,    0.0,    0.0,    0.0,    0.0,    0.0,    0.0,    0.0,    0.0,    0.0,    0.0,    0.0,     86,     42,     32,.,     17,      9,      4,     10,      7,      4,      4,      5,     67,     68,     86,     42,     32,.,     17,      9,      4,     10,      7,      4,      4,      5,     67,     68,      0,      0,      0,      0,      0,      0,      0,      0,      0,      0,      0,      0,      0,      0,    32.4,    38.2,    47.5,    54.9,    31.8,    34.9,    44.4,    51.4,    32.4,    38.2,    47.5,    54.9,    31.8,    34.9,    44.4,    51.4,     0.0,     0.0,     0.0,     0.0,     0.0,     0.0,     0.0,     0.0,2500 mmbtu,0233A3,IFED,023 ,N13,FutOnly
EP SAN JUAN BASIS - ICE FUTURES ENERGY DIV,260811,2026-08-11,0233A8,IFED,01,023 ,  252879,  149132,  178288,   66705,   46365,   15704,    5919,     488,       6,    1807,    6717,    1935,  241208,  249503,   11671,    3376,  252879,  149132,  178288,   66705,   46365,   15704,    5919,     488,       6,    1807,    6717,    1935,  241208,  249503,   11671,    3376,       0,       0,       0,       0,       0,       0,       0,       0,       0,       0,       0,       0,       0,       0,       0,       0,   -9801,    1036,   -4680,   -3816,   -1638,    -901,   -6793,      31,     -79,      58,    -817,     -82,  -10577,   -8166,     776,   -1635,  100.0,   59.0,   70.5,   26.4,   18.3,    6.2,    2.3,    0.2,    0.0,    0.7,    2.7,    0.8,   95.4,   98.7,    4.6,    1.3,  100.0,   59.0,   70.5,   26.4,   18.3,    6.2,    2.3,    0.2,    0.0,    0.7,    2.7,    0.8,   95.4,   98.7,    4.6,    1.3,  100.0,    0.0,    0.0,    0.0,    0.0,    0.0,    0.0,    0.0,    0.0,    0.0,    0.0,    0.0,    0.0,    0.0,    0.0,    0.0,     35,     15,     10,      6,      5,      7,.,.,.,.,.,.,     29,     23,     35,     15,     10,      6,      5,      7,.,.,.,.,.,.,     29,     23,      0,      0,      0,      0,      0,      0,      0,      0,      0,      0,      0,      0,      0,      0,    49.3,    81.1,    74.1,    90.8,    38.9,    61.5,    58.5,    70.2,    49.3,    81.1,    74.1,    90.8,    38.9,    61.5,    58.5,    70.2,     0.0,     0.0,     0.0,     0.0,     0.0,     0.0,     0.0,     0.0,2500 mmbtu,0233A8,IFED,023 ,N13,FutOnly
HENRY HUB BASIS - ICE FUTURES ENERGY DIV,260811,2026-08-11,0233AG,IFED,01,023 ,  105843,   24245,   78655,   47350,    1434,    1556,   30179,   21434,       0,       0,       0,       0,  103330,  103079,    2513,    2764,  105843,   24245,   78655,   47350,    1434,    1556,   30179,   21434,       0,       0,       0,       0,  103330,  103079,    2513,    2764,       0,       0,       0,       0,       0,       0,       0,       0,       0,       0,       0,       0,       0,       0,       0,       0,  -52984,  -22472,  -25434,   -4625,    -363,   -3069,  -11464,  -14477,    -248,   -6198,   -5580,   -1948,  -50024,  -51119,   -2960,   -1865,  100.0,   22.9,   74.3,   44.7,    1.4,    1.5,   28.5,   20.3,    0.0,    0.0,    0.0,    0.0,   97.6,   97.4,    2.4,    2.6,  100.0,   22.9,   74.3,   44.7,    1.4,    1.5,   28.5,   20.3,    0.0,    0.0,    0.0,    0.0,   97.6,   97.4,    2.4,    2.6,  100.0,    0.0,    0.0,    0.0,    0.0,    0.0,    0.0,    0.0,    0.0,    0.0,    0.0,    0.0,    0.0,    0.0,    0.0,    0.0,     28,      9,     11,      9,.,.,.,.,      0,      0,      0,      0,     20,     16,     28,      9,     11,      9,.,.,.,.,      0,      0,      0,      0,     20,     16,      0,      0,      0,      0,      0,      0,      0,      0,      0,      0,      0,      0,      0,      0,    49.7,    65.1,    74.1,    89.4,    49.7,    64.4,    74.1,    87.4,    49.7,    65.1,    74.1,    89.4,    49.7,    64.4,    74.1,    87.4,     0.0,     0.0,     0.0,     0.0,     0.0,     0.0,     0.0,     0.0,2500 mmbtu,0233AG,IFED,023 ,N13,FutOnly
HENRY HUB INDEX - ICE FUTURES ENERGY DIV,260811,2026-08-11,0233AH,IFED,01,023 ,  151920,   52362,  102787,   49672,    2029,    1096,   37048,   35911,     736,    6763,    5580,    1948,  149625,  150087,    2295,    1833,  151920,   52362,  102787,   49672,    2029,    1096,   37048,   35911,     736,    6763,    5580,    1948,  149625,  150087,    2295,    1833,       0,       0,       0,       0,       0,       0,       0,       0,       0,       0,       0,       0,       0,       0,       0,       0,  -84444,  -26039,  -52810,  -27906,    1736,   -2046,  -13007,  -15050,   -8378,   -5828,   -1054,    -403,  -83607,  -78005,    -837,   -6439,  100.0,   34.5,   67.7,   32.7,    1.3,    0.7,   24.4,   23.6,    0.5,    4.5,    3.7,    1.3,   98.5,   98.8,    1.5,    1.2,  100.0,   34.5,   67.7,   32.7,    1.3,    0.7,   24.4,   23.6,    0.5,    4.5,    3.7,    1.3,   98.5,   98.8,    1.5,    1.2,  100.0,    0.0,    0.0,    0.0,    0.0,    0.0,    0.0,    0.0,    0.0,    0.0,    0.0,    0.0,    0.0,    0.0,    0.0,    0.0,     73,     28,     32,      8,.,.,      6,.,.,      5,.,.,     49,     43,     73,     28,     32,      8,.,.,      6,.,.,      5,.,.,     49,     43,      0,      0,      0,      0,      0,      0,      0,      0,      0,      0,      0,      0,      0,      0,    44.3,    48.8,    61.1,    68.2,    44.3,    47.4,    58.0,    64.7,    44.3,    48.8,    61.1,    68.2,    44.3,    47.4,    58.0,    64.7,     0.0,     0.0,     0.0,     0.0,     0.0,     0.0,     0.0,     0.0,2500 mmbtu,0233AH,IFED,023 ,N13,FutOnly
HOUSTON SHIP CHANNEL (INDEX) - ICE FUTURES ENERGY DIV,260811,2026-08-11,0233AM,IFED,01,023 ,  472066,  205820,  262629,  251998,   17050,    7896,       0,  132814,    1178,       0,   47999,     244,  467136,  469810,    4930,    2256,  472066,  205820,  262629,  251998,   17050,    7896,       0,  132814,    1178,       0,   47999,     244,  467136,  469810,    4930,    2256,       0,       0,       0,       0,       0,       0,       0,       0,       0,       0,       0,       0,       0,       0,       0,       0,  -48326,   -6853,  -36573,  -30782,    -434,    -614,    -310,   -7443,     -93,       0,    -877,     -62,  -38714,  -46096,   -9612,   -2230,  100.0,   43.6,   55.6,   53.4,    3.6,    1.7,    0.0,   28.1,    0.2,    0.0,   10.2,    0.1,   99.0,   99.5,    1.0,    0.5,  100.0,   43.6,   55.6,   53.4,    3.6,    1.7,    0.0,   28.1,    0.2,    0.0,   10.2,    0.1,   99.0,   99.5,    1.0,    0.5,  100.0,    0.0,    0.0,    0.0,    0.0,    0.0,    0.0,    0.0,    0.0,    0.0,    0.0,    0.0,    0.0,    0.0,    0.0,    0.0,     75,     25,     37,     11,.,      5,      0,      8,.,      0,      6,.,     39,     58,     75,     25,     37,     11,.,      5,      0,      8,.,      0,      6,.,     39,     58,      0,      0,      0,      0,      0,      0,      0,      0,      0,      0,      0,      0,      0,      0,    59.6,    43.3,    81.6,    56.0,    59.3,    43.0,    81.2,    55.6,    59.6,    43.3,    81.6,    56.0,    59.3,    43.0,    81.2,    55.6,     0.0,     0.0,     0.0,     0.0,     0.0,     0.0,     0.0,     0.0,2500 mmbtu,0233AM,IFED,023 ,N13,FutOnly
MICHCON FINANCIAL INDEX - ICE FUTURES ENERGY DIV,260811,2026-08-11,0233AN,IFED,01,023 ,   18641,   15967,   17343,    1999,     217,       0,       0,     403,       0,       0,       0,       0,   17966,   17963,     675,     678,   18641,   15967,   17343,    1999,     217,       0,       0,     403,       0,       0,       0,       0,   17966,   17963,     675,     678,       0,       0,       0,       0,       0,       0,       0,       0,       0,       0,       0,       0,       0,       0,       0,       0,   -4690,   -2855,   -2272,    -936,       0,       0,       0,    -837,       0,       0,       0,       0,   -3791,   -3109,    -899,   -1581,  100.0,   85.7,   93.0,   10.7,    1.2,    0.0,    0.0,    2.2,    0.0,    0.0,    0.0,    0.0,   96.4,   96.4,    3.6,    3.6,  100.0,   85.7,   93.0,   10.7,    1.2,    0.0,    0.0,    2.2,    0.0,    0.0,    0.0,    0.0,   96.4,   96.4,    3.6,    3.6,  100.0,    0.0,    0.0,    0.0,    0.0,    0.0,    0.0,    0.0,    0.0,    0.0,    0.0,    0.0,    0.0,    0.0,    0.0,    0.0,     24,     11,     15,.,.,      0,      0,.,      0,      0,      0,      0,     14,     17,     24,     11,     15,.,.,      0,      0,.,      0,      0,      0,      0,     14,     17,      0,      0,      0,      0,      0,      0,      0,      0,      0,      0,      0,      0,      0,      0,    71.2,    51.7,    85.4,    78.4,    66.5,    46.9,    76.0,    69.3,    71.2,    51.7,    85.4,    78.4,    66.5,    46.9,    76.0,    69.3,     0.0,     0.0,     0.0,     0.0,     0.0,     0.0,     0.0,     0.0,"(Contracts of 2,500  MMBTU'S)",0233AN,IFED,023 ,N13,FutOnly
MICHCON BASIS - ICE FUTURES ENERGY DIV,260811,2026-08-11,0233AQ,IFED,01,023 ,  205692,  178304,  121265,       0,   50991,    3818,    2853,   15571,    3077,    2910,       0,     684,  191646,  195406,   14046,   10286,  205692,  178304,  121265,       0,   50991,    3818,    2853,   15571,    3077,    2910,       0,     684,  191646,  195406,   14046,   10286,       0,       0,       0,       0,       0,       0,       0,       0,       0,       0,       0,       0,       0,       0,       0,       0,   -7108,   -2542,   -2478,       0,    1848,   -1290,     240,   -3601,    -121,     372,       0,    -295,   -3636,   -5937,   -3472,   -1171,  100.0,   86.7,   59.0,    0.0,   24.8,    1.9,    1.4,    7.6,    1.5,    1.4,    0.0,    0.3,   93.2,   95.0,    6.8,    5.0,  100.0,   86.7,   59.0,    0.0,   24.8,    1.9,    1.4,    7.6,    1.5,    1.4,    0.0,    0.3,   93.2,   95.0,    6.8,    5.0,  100.0,    0.0,    0.0,    0.0,    0.0,    0.0,    0.0,    0.0,    0.0,    0.0,    0.0,    0.0,    0.0,    0.0,    0.0,    0.0,     51,     28,     29,      0,      8,.,.,      5,.,.,      0,.,     38,     44,     51,     28,     29,      0,      8,.,.,      5,.,.,      0,.,     38,     44,      0,      0,      0,      0,      0,      0,      0,      0,      0,      0,      0,      0,      0,      0,    48.1,    31.7,    65.0,    51.5,    47.4,    29.4,    61.7,    46.3,    48.1,    31.7,    65.0,    51.5,    47.4,    29.4,    61.7,    46.3,     0.0,     0.0,     0.0,     0.0,     0.0,     0.0,     0.0,     0.0,2500 mmbtu,0233AQ,IFED,023 ,N13,FutOnly
NAT GAS LD1 for GDD -TEXOK - ICE FUTURES ENERGY DIV,260811,2026-08-11,0233AT,IFED,01,023 ,  129488,  114527,  116466,    6685,       0,    1812,    4835,    8342,       0,     279,    1080,       0,  128138,  127700,    1350,    1788,  129488,  114527,  116466,    6685,       0,    1812,    4835,    8342,       0,     279,    1080,       0,  128138,  127700,    1350,    1788,       0,       0,       0,       0,       0,       0,       0,       0,       0,       0,       0,       0,       0,       0,       0,       0,  -21113,  -11136,  -19017,   -1643,       0,   -1209,    1811,   -1310,       0,    -186,    1080,       0,  -12363,  -20456,   -8750,    -657,  100.0,   88.4,   89.9,    5.2,    0.0,    1.4,    3.7,    6.4,    0.0,    0.2,    0.8,    0.0,   99.0,   98.6,    1.0,    1.4,  100.0,   88.4,   89.9,    5.2,    0.0,    1.4,    3.7,    6.4,    0.0,    0.2,    0.8,    0.0,   99.0,   98.6,    1.0,    1.4,  100.0,    0.0,    0.0,    0.0,    0.0,    0.0,    0.0,    0.0,    0.0,    0.0,    0.0,    0.0,    0.0,    0.0,    0.0,    0.0,     43,     17,     23,      4,      0,.,.,.,      0,.,.,      0,     25,     27,     43,     17,     23,      4,      0,.,.,.,      0,.,.,      0,     25,     27,      0,      0,      0,      0,      0,      0,      0,      0,      0,      0,      0,      0,      0,      0,    77.2,    43.7,    89.3,    67.1,    75.8,    41.2,    85.2,    64.6,    77.2,    43.7,    89.3,    67.1,    75.8,    41.2,    85.2,    64.6,     0.0,     0.0,     0.0,     0.0,     0.0,     0.0,     0.0,     0.0,2500 mmbtu,0233AT,IFED,023 ,N13,FutOnly
NGPL MIDCONT BASIS - ICE FUTURES ENERGY DIV,260811,2026-08-11,0233AY,IFED,01,023 ,   98714,   88154,   67722,     318,   13076,    2919,       0,    1552,     428,       0,       0,       0,   91819,   85697,    6895,   13017,   98714,   88154,   67722,     318,   13076,    2919,       0,    1552,     428,       0,       0,       0,   91819,   85697,    6895,   13017,       0,       0,       0,       0,       0,       0,       0,       0,       0,       0,       0,       0,       0,       0,       0,       0,   -5360,   -4310,   -3032,    -153,    -273,     182,       0,    -837,       0,       0,       0,       0,   -4281,   -3960,   -1079,   -1400,  100.0,   89.3,   68.6,    0.3,   13.2,    3.0,    0.0,    1.6,    0.4,    0.0,    0.0,    0.0,   93.0,   86.8,    7.0,   13.2,  100.0,   89.3,   68.6,    0.3,   13.2,    3.0,    0.0,    1.6,    0.4,    0.0,    0.0,    0.0,   93.0,   86.8,    7.0,   13.2,  100.0,    0.0,    0.0,    0.0,    0.0,    0.0,    0.0,    0.0,    0.0,    0.0,    0.0,    0.0,    0.0,    0.0,    0.0,    0.0,     23,     15,     13,.,.,.,      0,.,.,      0,      0,      0,     19,     18,     23,     15,     13,.,.,.,      0,.,.,      0,      0,      0,     19,     18,      0,      0,      0,      0,      0,      0,      0,      0,      0,      0,      0,      0,      0,      0,    67.7,    50.5,    85.2,    73.4,    66.0,    48.4,    76.8,    66.8,    67.7,    50.5,    85.2,    73.4,    66.0,    48.4,    76.8,    66.8,     0.0,     0.0,     0.0,     0.0,     0.0,     0.0,     0.0,     0.0,2500 mmbtu,0233AY,IFED,023 ,N13,FutOnly
NGPL TXOK BASIS - ICE FUTURES ENERGY DIV,260811,2026-08-11,0233B1,IFED,01,023 ,  633693,  572172,  378893,   17673,  165721,   13463,   21048,   53352,    3609,       0,    7961,     910,  628875,  623909,    4818,    9784,  633693,  572172,  378893,   17673,  165721,   13463,   21048,   53352,    3609,       0,    7961,     910,  628875,  623909,    4818,    9784,       0,       0,       0,       0,       0,       0,       0,       0,       0,       0,       0,       0,       0,       0,       0,       0,  -30759,  -20799,  -25675,   -2533,   -3764,   -1575,    2821,    -353,    -648,       0,    2536,    -182,  -22916,  -29661,   -7843,   -1098,  100.0,   90.3,   59.8,    2.8,   26.2,    2.1,    3.3,    8.4,    0.6,    0.0,    1.3,    0.1,   99.2,   98.5,    0.8,    1.5,  100.0,   90.3,   59.8,    2.8,   26.2,    2.1,    3.3,    8.4,    0.6,    0.0,    1.3,    0.1,   99.2,   98.5,    0.8,    1.5,  100.0,    0.0,    0.0,    0.0,    0.0,    0.0,    0.0,    0.0,    0.0,    0.0,    0.0,    0.0,    0.0,    0.0,    0.0,    0.0,     73,     39,     31,      4,      9,      7,      4,      7,      4,      0,      4,.,     55,     56,     73,     39,     31,      4,      9,      7,      4,      7,      4,      0,      4,.,     55,     56,      0,      0,      0,      0,      0,      0,      0,      0,      0,      0,      0,      0,      0,      0,    43.9,    54.7,    60.1,    66.6,    43.7,    52.9,    59.2,    63.4,    43.9,    54.7,    60.1,    66.6,    43.7,    52.9,    59.2,    63.4,     0.0,     0.0,     0.0,     0.0,     0.0,     0.0,     0.0,     0.0,2500 mmbtu,0233B1,IFED,023 ,N13,FutOnly
NNG VENTURA BASIS - ICE FUTURES ENERGY DIV,260811,2026-08-11,0233BB,IFED,01,023 ,  135800,   73902,  125404,   36991,    1327,    1437,       0,    4092,       0,       0,       0,       0,  112330,  132260,   23470,    3540,  135800,   73902,  125404,   36991,    1327,    1437,       0,    4092,       0,       0,       0,       0,  112330,  132260,   23470,    3540,       0,       0,       0,       0,       0,       0,       0,       0,       0,       0,       0,       0,       0,       0,       0,       0,   -9133,   -8599,   -8252,   -5632,       0,       0,       0,   -1643,       0,       0,       0,       0,  -14231,   -9895,    5098,     762,  100.0,   54.4,   92.3,   27.2,    1.0,    1.1,    0.0,    3.0,    0.0,    0.0,    0.0,    0.0,   82.7,   97.4,   17.3,    2.6,  100.0,   54.4,   92.3,   27.2,    1.0,    1.1,    0.0,    3.0,    0.0,    0.0,    0.0,    0.0,   82.7,   97.4,   17.3,    2.6,  100.0,    0.0,    0.0,    0.0,    0.0,    0.0,    0.0,    0.0,    0.0,    0.0,    0.0,    0.0,    0.0,    0.0,    0.0,    0.0,     28,     16,     15,      5,.,.,      0,.,      0,      0,      0,      0,     22,     19,     28,     16,     15,      5,.,.,      0,.,      0,      0,      0,      0,     22,     19,      0,      0,      0,      0,      0,      0,      0,      0,      0,      0,      0,      0,      0,      0,    37.7,    66.4,    61.4,    80.5,    35.7,    65.1,    53.5,    76.1,    37.7,    66.4,    61.4,    80.5,    35.7,    65.1,    53.5,    76.1,     0.0,     0.0,     0.0,     0.0,     0.0,     0.0,     0.0,     0.0,2500 mmbtu,0233BB,IFED,023 ,N13,FutOnly
NWP SUMAS BASIS - ICE FUTURES ENERGY DIV,260811,2026-08-11,0233BC,IFED,01,023 ,   68305,   26392,   49188,   33470,    1762,    1438,     334,     427,       0,     667,       0,       0,   62301,   52815,    6004,   15490,   68305,   26392,   49188,   33470,    1762,    1438,     334,     427,       0,     667,       0,       0,   62301,   52815,    6004,   15490,       0,       0,       0,       0,       0,       0,       0,       0,       0,       0,       0,       0,       0,       0,       0,       0,   -3658,   -1785,   -1501,    -487,     -34,    -680,    -217,    -217,       0,     667,       0,       0,   -2502,   -2432,   -1156,   -1226,  100.0,   38.6,   72.0,   49.0,    2.6,    2.1,    0.5,    0.6,    0.0,    1.0,    0.0,    0.0,   91.2,   77.3,    8.8,   22.7,  100.0,   38.6,   72.0,   49.0,    2.6,    2.1,    0.5,    0.6,    0.0,    1.0,    0.0,    0.0,   91.2,   77.3,    8.8,   22.7,  100.0,    0.0,    0.0,    0.0,    0.0,    0.0,    0.0,    0.0,    0.0,    0.0,    0.0,    0.0,    0.0,    0.0,    0.0,    0.0,     21,      7,     10,      6,.,.,.,.,      0,.,      0,      0,     15,     14,     21,      7,     10,      6,.,.,.,.,      0,.,      0,      0,     15,     14,      0,      0,      0,      0,      0,      0,      0,      0,      0,      0,      0,      0,      0,      0,    61.1,    56.7,    79.7,    71.2,    61.1,    52.4,    74.5,    61.9,    61.1,    56.7,    79.7,    71.2,    61.1,    52.4,    74.5,    61.9,     0.0,     0.0,     0.0,     0.0,     0.0,     0.0,     0.0,     0.0,2500 mmbtu,0233BC,IFED,023 ,N13,FutOnly
NWP Rockies Index - ICE FUTURES ENERGY DIV,260811,2026-08-11,0233BD,IFED,01,023 ,   23162,   17360,   16946,    1887,    2452,       0,    2460,    1178,     320,       0,     775,       0,   22027,   21671,    1135,    1491,   23162,   17360,   16946,    1887,    2452,       0,    2460,    1178,     320,       0,     775,       0,   22027,   21671,    1135,    1491,       0,       0,       0,       0,       0,       0,       0,       0,       0,       0,       0,       0,       0,       0,       0,       0,  -12023,   -6310,   -8728,    -682,   -1953,       0,   -3582,     264,    -703,       0,    -860,       0,  -11277,  -11980,    -746,     -43,  100.0,   75.0,   73.2,    8.1,   10.6,    0.0,   10.6,    5.1,    1.4,    0.0,    3.3,    0.0,   95.1,   93.6,    4.9,    6.4,  100.0,   75.0,   73.2,    8.1,   10.6,    0.0,   10.6,    5.1,    1.4,    0.0,    3.3,    0.0,   95.1,   93.6,    4.9,    6.4,  100.0,    0.0,    0.0,    0.0,    0.0,    0.0,    0.0,    0.0,    0.0,    0.0,    0.0,    0.0,    0.0,    0.0,    0.0,    0.0,     33,     16,     15,.,.,      0,.,.,.,      0,.,      0,     21,     21,     33,     16,     15,.,.,      0,.,.,.,      0,.,      0,     21,     21,      0,      0,      0,      0,      0,      0,      0,      0,      0,      0,      0,      0,      0,      0,    39.1,    56.7,    65.0,    75.1,    39.1,    56.7,    64.7,    73.0,    39.1,    56.7,    65.0,    75.1,    39.1,    56.7,    64.7,    73.0,     0.0,     0.0,     0.0,     0.0,     0.0,     0.0,     0.0,     0.0,2500 mmbtu,0233BD,IFED,023 ,N13,FutOnly
MALIN (BASIS) - ICE FUTURES ENERGY DIV,260811,2026-08-11,0233BH,IFED,01,023 ,  125301,   91660,   91528,   14919,   15311,    4781,     615,   10005,     857,       0,       0,       0,  112832,  122482,   12469,    2819,  125301,   91660,   91528,   14919,   15311,    4781,     615,   10005,     857,       0,       0,       0,  112832,  122482,   12469,    2819,       0,       0,       0,       0,       0,       0,       0,       0,       0,       0,       0,       0,       0,       0,       0,       0,     -83,    2721,    -153,   -1311,    -279,     182,       0,     -88,      51,       0,    -628,    -155,    1488,   -1070,   -1571,     987,  100.0,   73.2,   73.0,   11.9,   12.2,    3.8,    0.5,    8.0,    0.7,    0.0,    0.0,    0.0,   90.0,   97.8,   10.0,    2.2,  100.0,   73.2,   73.0,   11.9,   12.2,    3.8,    0.5,    8.0,    0.7,    0.0,    0.0,    0.0,   90.0,   97.8,   10.0,    2.2,  100.0,    0.0,    0.0,    0.0,    0.0,    0.0,    0.0,    0.0,    0.0,    0.0,    0.0,    0.0,    0.0,    0.0,    0.0,    0.0,     26,     11,     13,      5,.,      5,.,.,.,      0,      0,      0,     20,     22,     26,     11,     13,      5,.,      5,.,.,.,      0,      0,      0,     20,     22,      0,      0,      0,      0,      0,      0,      0,      0,      0,      0,      0,      0,      0,      0,    68.8,    56.9,    81.5,    82.8,    58.7,    50.8,    64.5,    69.3,    68.8,    56.9,    81.5,    82.8,    58.7,    50.8,    64.5,    69.3,     0.0,     0.0,     0.0,     0.0,     0.0,     0.0,     0.0,     0.0,2500 mmbtu,0233BH,IFED,023 ,N13,FutOnly
PANHANDLE BASIS - ICE FUTURES ENERGY DIV,260811,2026-08-11,0233BL,IFED,01,023 ,  197046,  137101,   61177,    9355,  111353,   10042,   20003,       0,    2174,    1461,     306,    1591,  181727,  186643,   15319,   10403,  197046,  137101,   61177,    9355,  111353,   10042,   20003,       0,    2174,    1461,     306,    1591,  181727,  186643,   15319,   10403,       0,       0,       0,       0,       0,       0,       0,       0,       0,       0,       0,       0,       0,       0,       0,       0,  -12847,   -9566,   -4929,   -3429,   -4222,    -559,    -665,   -1174,      93,    -589,    -439,    -192,  -14907,  -11422,    2060,   -1425,  100.0,   69.6,   31.0,    4.7,   56.5,    5.1,   10.2,    0.0,    1.1,    0.7,    0.2,    0.8,   92.2,   94.7,    7.8,    5.3,  100.0,   69.6,   31.0,    4.7,   56.5,    5.1,   10.2,    0.0,    1.1,    0.7,    0.2,    0.8,   92.2,   94.7,    7.8,    5.3,  100.0,    0.0,    0.0,    0.0,    0.0,    0.0,    0.0,    0.0,    0.0,    0.0,    0.0,    0.0,    0.0,    0.0,    0.0,    0.0,     42,     21,     18,.,     10,      9,.,      0,.,.,.,.,     36,     35,     42,     21,     18,.,     10,      9,.,      0,.,.,.,.,     36,     35,      0,      0,      0,      0,      0,      0,      0,      0,      0,      0,      0,      0,      0,      0,    39.7,    45.4,    54.0,    65.7,    33.0,    43.0,    44.1,    58.4,    39.7,    45.4,    54.0,    65.7,    33.0,    43.0,    44.1,    58.4,     0.0,     0.0,     0.0,     0.0,     0.0,     0.0,     0.0,     0.0,2500 mmbtu,0233BL,IFED,023 ,N13,FutOnly
PG&E - CITYGATE (INDEX) - ICE FUTURES ENERGY DIV,260811,2026-08-11,0233BQ,IFED,01,023 ,   29260,   22404,   26849,    1027,       0,       0,    1438,     550,     360,       0,    1133,       0,   25229,   28892,    4031,     368,   29260,   22404,   26849,    1027,       0,       0,    1438,     550,     360,       0,    1133,       0,   25229,   28892,    4031,     368,       0,       0,       0,       0,       0,       0,       0,       0,       0,       0,       0,       0,       0,       0,       0,       0,   -9170,   -3796,   -7019,   -2026,       0,       0,   -1488,   -1488,    -372,       0,      50,       0,   -7682,   -8829,   -1488,    -341,  100.0,   76.6,   91.8,    3.5,    0.0,    0.0,    4.9,    1.9,    1.2,    0.0,    3.9,    0.0,   86.2,   98.7,   13.8,    1.3,  100.0,   76.6,   91.8,    3.5,    0.0,    0.0,    4.9,    1.9,    1.2,    0.0,    3.9,    0.0,   86.2,   98.7,   13.8,    1.3,  100.0,    0.0,    0.0,    0.0,    0.0,    0.0,    0.0,    0.0,    0.0,    0.0,    0.0,    0.0,    0.0,    0.0,    0.0,    0.0,     26,     13,      8,.,      0,      0,.,.,.,      0,.,      0,     17,     12,     26,     13,      8,.,      0,      0,.,.,.,      0,.,      0,     17,     12,      0,      0,      0,      0,      0,      0,      0,      0,      0,      0,      0,      0,      0,      0,    62.6,    73.2,    73.4,    93.7,    62.3,    72.4,    72.2,    92.4,    62.6,    73.2,    73.4,    93.7,    62.3,    72.4,    72.2,    92.4,     0.0,     0.0,     0.0,     0.0,     0.0,     0.0,     0.0,     0.0,2500 mmbtu,0233BQ,IFED,023 ,N13,FutOnly
SOCAL (INDEX) - ICE FUTURES ENERGY DIV,260811,2026-08-11,0233BW,IFED,01,023 ,   22393,    9600,   18454,    4830,       0,     279,    6818,    2061,       0,       0,     341,       0,   21527,   21135,     866,    1258,   22393,    9600,   18454,    4830,       0,     279,    6818,    2061,       0,       0,     341,       0,   21527,   21135,     866,    1258,       0,       0,       0,       0,       0,       0,       0,       0,       0,       0,       0,       0,       0,       0,       0,       0,  -14130,   -4772,  -11119,   -1951,       0,       0,   -5766,   -1860,    -527,       0,    -279,       0,  -13016,  -13785,   -1114,    -345,  100.0,   42.9,   82.4,   21.6,    0.0,    1.2,   30.4,    9.2,    0.0,    0.0,    1.5,    0.0,   96.1,   94.4,    3.9,    5.6,  100.0,   42.9,   82.4,   21.6,    0.0,    1.2,   30.4,    9.2,    0.0,    0.0,    1.5,    0.0,   96.1,   94.4,    3.9,    5.6,  100.0,    0.0,    0.0,    0.0,    0.0,    0.0,    0.0,    0.0,    0.0,    0.0,    0.0,    0.0,    0.0,    0.0,    0.0,    0.0,     26,     12,      8,.,      0,.,      4,.,      0,      0,.,      0,     19,     12,     26,     12,      8,.,      0,.,      4,.,      0,      0,.,      0,     19,     12,      0,      0,      0,      0,      0,      0,      0,      0,      0,      0,      0,      0,      0,      0,    43.5,    79.2,    66.3,    90.2,    42.9,    75.9,    65.0,    86.4,    43.5,    79.2,    66.3,    90.2,    42.9,    75.9,    65.0,    86.4,     0.0,     0.0,     0.0,     0.0,     0.0,     0.0,     0.0,     0.0,2500 mmbtu,0233BW,IFED,023 ,N13,FutOnly
SOCAL CITYGATE FINANCIAL BASIS - ICE FUTURES ENERGY DIV,260811,2026-08-11,0233BY,IFED,01,023 ,   34506,   18692,   28802,    9341,    2449,     291,     420,     240,       0,     510,     120,     420,   29674,   32322,    4832,    2184,   34506,   18692,   28802,    9341,    2449,     291,     420,     240,       0,     510,     120,     420,   29674,   32322,    4832,    2184,       0,       0,       0,       0,       0,       0,       0,       0,       0,       0,       0,       0,       0,       0,       0,       0,   -4221,   -2531,    -440,    -558,   -1550,       0,       0,    -248,       0,     246,     120,    -701,   -3544,   -2819,    -677,   -1402,  100.0,   54.2,   83.5,   27.1,    7.1,    0.8,    1.2,    0.7,    0.0,    1.5,    0.3,    1.2,   86.0,   93.7,   14.0,    6.3,  100.0,   54.2,   83.5,   27.1,    7.1,    0.8,    1.2,    0.7,    0.0,    1.5,    0.3,    1.2,   86.0,   93.7,   14.0,    6.3,  100.0,    0.0,    0.0,    0.0,    0.0,    0.0,    0.0,    0.0,    0.0,    0.0,    0.0,    0.0,    0.0,    0.0,    0.0,    0.0,     23,     10,     12,.,.,.,.,.,      0,.,.,.,     17,     17,     23,     10,     12,.,.,.,.,.,      0,.,.,.,     17,     17,      0,      0,      0,      0,      0,      0,      0,      0,      0,      0,      0,      0,      0,      0,    53.7,    61.0,    76.2,    84.7,    52.9,    50.0,    64.8,    72.1,    53.7,    61.0,    76.2,    84.7,    52.9,    50.0,    64.8,    72.1,     0.0,     0.0,     0.0,     0.0,     0.0,     0.0,     0.0,     0.0,MMBtu,0233BY,IFED,023 ,N13,FutOnly
SONAT - TIER 1 POOL (ZONE 0) - ICE FUTURES ENERGY DIV,260811,2026-08-11,0233C1,IFED,01,023 ,   81390,   58239,   64730,    1394,    7155,    5215,    7279,       0,     459,       0,       0,       0,   72586,   77559,    8804,    3831,   81390,   58239,   64730,    1394,    7155,    5215,    7279,       0,     459,       0,       0,       0,   72586,   77559,    8804,    3831,       0,       0,       0,       0,       0,       0,       0,       0,       0,       0,       0,       0,       0,       0,       0,       0,  -11402,   -7120,   -9019,   -1290,    -704,    -372,   -1725,       0,     -93,   -2035,       0,    -242,  -12877,  -10430,    1475,    -972,  100.0,   71.6,   79.5,    1.7,    8.8,    6.4,    8.9,    0.0,    0.6,    0.0,    0.0,    0.0,   89.2,   95.3,   10.8,    4.7,  100.0,   71.6,   79.5,    1.7,    8.8,    6.4,    8.9,    0.0,    0.6,    0.0,    0.0,    0.0,   89.2,   95.3,   10.8,    4.7,  100.0,    0.0,    0.0,    0.0,    0.0,    0.0,    0.0,    0.0,    0.0,    0.0,    0.0,    0.0,    0.0,    0.0,    0.0,    0.0,     30,     12,     18,.,.,.,.,      0,.,      0,      0,      0,     18,     24,     30,     12,     18,.,.,.,.,      0,.,      0,      0,      0,     18,     24,      0,      0,      0,      0,      0,      0,      0,      0,      0,      0,      0,      0,      0,      0,    58.1,    55.4,    75.9,    71.5,    49.4,    50.2,    66.7,    62.7,    58.1,    55.4,    75.9,    71.5,    49.4,    50.2,    66.7,    62.7,     0.0,     0.0,     0.0,     0.0,     0.0,     0.0,     0.0,     0.0,2500 mmbtu,0233C1,IFED,023 ,N13,FutOnly
TETCO WLA BASIS - ICE FUTURES ENERGY DIV,260811,2026-08-11,0233CC,IFED,01,023 ,  127604,  101402,   82875,   16546,    9112,    5421,       0,   28353,       0,       0,       0,       0,  123369,  125761,    4235,    1843,  127604,  101402,   82875,   16546,    9112,    5421,       0,   28353,       0,       0,       0,       0,  123369,  125761,    4235,    1843,       0,       0,       0,       0,       0,       0,       0,       0,       0,       0,       0,       0,       0,       0,       0,       0,  -13551,  -11377,   -8865,   -1736,    -803,      59,       0,   -2695,       0,       0,       0,       0,  -13054,  -12304,    -497,   -1247,  100.0,   79.5,   64.9,   13.0,    7.1,    4.2,    0.0,   22.2,    0.0,    0.0,    0.0,    0.0,   96.7,   98.6,    3.3,    1.4,  100.0,   79.5,   64.9,   13.0,    7.1,    4.2,    0.0,   22.2,    0.0,    0.0,    0.0,    0.0,   96.7,   98.6,    3.3,    1.4,  100.0,    0.0,    0.0,    0.0,    0.0,    0.0,    0.0,    0.0,    0.0,    0.0,    0.0,    0.0,    0.0,    0.0,    0.0,    0.0,     38,     19,     14,      4,.,      4,      0,      4,      0,      0,      0,      0,     25,     23,     38,     19,     14,      4,.,      4,      0,      4,      0,      0,      0,      0,     25,     23,      0,      0,      0,      0,      0,      0,      0,      0,      0,      0,      0,      0,      0,      0,    51.4,    64.0,    74.6,    81.7,    51.4,    60.9,    74.2,    76.4,    51.4,    64.0,    74.6,    81.7,    51.4,    60.9,    74.2,    76.4,     0.0,     0.0,     0.0,     0.0,     0.0,     0.0,     0.0,     0.0,mmbtu,0233CC,IFED,023 ,N13,FutOnly
TETCO M3 INDEX - ICE FUTURES ENERGY DIV,260811,2026-08-11,0233CG,IFED,01,023 ,   59075,   28831,   50174,   23169,       0,    5312,     775,     372,       0,     310,       0,       0,   58397,   55858,     678,    3217,   59075,   28831,   50174,   23169,       0,    5312,     775,     372,       0,     310,       0,       0,   58397,   55858,     678,    3217,       0,       0,       0,       0,       0,       0,       0,       0,       0,       0,       0,       0,       0,       0,       0,       0,  -14291,   -1825,  -13202,   -6851,       0,       0,   -1023,      62,    -434,    -155,       0,       0,  -10288,  -13574,   -4003,    -717,  100.0,   48.8,   84.9,   39.2,    0.0,    9.0,    1.3,    0.6,    0.0,    0.5,    0.0,    0.0,   98.9,   94.6,    1.1,    5.4,  100.0,   48.8,   84.9,   39.2,    0.0,    9.0,    1.3,    0.6,    0.0,    0.5,    0.0,    0.0,   98.9,   94.6,    1.1,    5.4,  100.0,    0.0,    0.0,    0.0,    0.0,    0.0,    0.0,    0.0,    0.0,    0.0,    0.0,    0.0,    0.0,    0.0,    0.0,    0.0,     28,      6,     16,      5,      0,.,.,.,      0,.,      0,      0,     13,     19,     28,      6,     16,      5,      0,.,.,.,      0,.,      0,      0,     13,     19,      0,      0,      0,      0,      0,      0,      0,      0,      0,      0,      0,      0,      0,      0,    73.5,    53.0,    93.3,    74.2,    73.5,    50.3,    84.2,    70.5,    73.5,    53.0,    93.3,    74.2,    73.5,    50.3,    84.2,    70.5,     0.0,     0.0,     0.0,     0.0,     0.0,     0.0,     0.0,     0.0,2500 mmbtu,0233CG,IFED,023 ,N13,FutOnly
TETCO M3 BASIS - ICE FUTURES ENERGY DIV,260811,2026-08-11,0233CH,IFED,01,023 ,  162253,   97908,  115805,   36490,   19563,    8168,    2850,    5392,    4429,    2082,    1710,     302,  152229,  155369,   10024,    6884,  162253,   97908,  115805,   36490,   19563,    8168,    2850,    5392,    4429,    2082,    1710,     302,  152229,  155369,   10024,    6884,       0,       0,       0,       0,       0,       0,       0,       0,       0,       0,       0,       0,       0,       0,       0,       0,  -12007,   -3186,   -7545,   -3314,   -2421,    -115,     -63,     832,   -1212,   -1283,    -328,      87,   -9086,  -10702,   -2921,   -1305,  100.0,   60.3,   71.4,   22.5,   12.1,    5.0,    1.8,    3.3,    2.7,    1.3,    1.1,    0.2,   93.8,   95.8,    6.2,    4.2,  100.0,   60.3,   71.4,   22.5,   12.1,    5.0,    1.8,    3.3,    2.7,    1.3,    1.1,    0.2,   93.8,   95.8,    6.2,    4.2,  100.0,    0.0,    0.0,    0.0,    0.0,    0.0,    0.0,    0.0,    0.0,    0.0,    0.0,    0.0,    0.0,    0.0,    0.0,    0.0,     46,     15,     21,      6,      6,      6,.,.,      4,.,.,.,     29,     37,     46,     15,     21,      6,      6,      6,.,.,      4,.,.,.,     29,     37,      0,      0,      0,      0,      0,      0,      0,      0,      0,      0,      0,      0,      0,      0,    44.8,    34.6,    67.1,    51.1,    41.8,    33.7,    62.7,    48.7,    44.8,    34.6,    67.1,    51.1,    41.8,    33.7,    62.7,    48.7,     0.0,     0.0,     0.0,     0.0,     0.0,     0.0,     0.0,     0.0,2500 mm btu,0233CH,IFED,023 ,N13,FutOnly
TGT ZONE 1 BASIS - ICE FUTURES ENERGY DIV,260811,2026-08-11,0233CM,IFED,01,023 ,  222962,  189785,  127019,   10021,   67823,   12542,    5933,       0,      60,       0,       0,       0,  218341,  207444,    4621,   15518,  222962,  189785,  127019,   10021,   67823,   12542,    5933,       0,      60,       0,       0,       0,  218341,  207444,    4621,   15518,       0,       0,       0,       0,       0,       0,       0,       0,       0,       0,       0,       0,       0,       0,       0,       0,  -11435,   -9276,   -8688,    1317,   -4359,   -1503,     732,       0,       0,       0,       0,       0,   -8730,  -14550,   -2705,    3115,  100.0,   85.1,   57.0,    4.5,   30.4,    5.6,    2.7,    0.0,    0.0,    0.0,    0.0,    0.0,   97.9,   93.0,    2.1,    7.0,  100.0,   85.1,   57.0,    4.5,   30.4,    5.6,    2.7,    0.0,    0.0,    0.0,    0.0,    0.0,   97.9,   93.0,    2.1,    7.0,  100.0,    0.0,    0.0,    0.0,    0.0,    0.0,    0.0,    0.0,    0.0,    0.0,    0.0,    0.0,    0.0,    0.0,    0.0,    0.0,     38,     25,     18,.,      6,      5,.,      0,.,      0,      0,      0,     32,     26,     38,     25,     18,.,      6,      5,.,      0,.,      0,      0,      0,     32,     26,      0,      0,      0,      0,      0,      0,      0,      0,      0,      0,      0,      0,      0,      0,    45.7,    57.8,    75.2,    78.2,    44.9,    56.3,    69.2,    73.4,    45.7,    57.8,    75.2,    78.2,    44.9,    56.3,    69.2,    73.4,     0.0,     0.0,     0.0,     0.0,     0.0,     0.0,     0.0,     0.0,2500 MMBtus,0233CM,IFED,023 ,N13,FutOnly
TRANSCO STN 85 MONTHLY INDEX - ICE FUTURES ENERGY DIV,260811,2026-08-11,0233CS,IFED,01,023 ,   54935,   39509,   39168,    3454,    5820,     434,    9489,    1962,     155,       0,    5518,       0,   53041,   53057,    1894,    1878,   54935,   39509,   39168,    3454,    5820,     434,    9489,    1962,     155,       0,    5518,       0,   53041,   53057,    1894,    1878,       0,       0,       0,       0,       0,       0,       0,       0,       0,       0,       0,       0,       0,       0,       0,       0,  -12698,  -11887,  -10199,     325,     124,    -620,    1069,   -1266,    -213,       0,     376,       0,  -11326,  -11798,   -1372,    -900,  100.0,   71.9,   71.3,    6.3,   10.6,    0.8,   17.3,    3.6,    0.3,    0.0,   10.0,    0.0,   96.6,   96.6,    3.4,    3.4,  100.0,   71.9,   71.3,    6.3,   10.6,    0.8,   17.3,    3.6,    0.3,    0.0,   10.0,    0.0,   96.6,   96.6,    3.4,    3.4,  100.0,    0.0,    0.0,    0.0,    0.0,    0.0,    0.0,    0.0,    0.0,    0.0,    0.0,    0.0,    0.0,    0.0,    0.0,    0.0,     34,     12,     12,.,.,.,      4,      4,.,      0,.,      0,     18,     21,     34,     12,     12,.,.,.,      4,      4,.,      0,.,      0,     18,     21,      0,      0,      0,      0,      0,      0,      0,      0,      0,      0,      0,      0,      0,      0,    50.1,    61.4,    78.7,    81.7,    50.1,    61.4,    77.9,    80.8,    50.1,    61.4,    78.7,    81.7,    50.1,    61.4,    77.9,    80.8,     0.0,     0.0,     0.0,     0.0,     0.0,     0.0,     0.0,     0.0,mmbtu,0233CS,IFED,023 ,N13,FutOnly
TRANSCO ZONE 6 BASIS - ICE FUTURES ENERGY DIV,260811,2026-08-11,0233CU,IFED,01,023 ,  257996,  145175,  180026,   85393,   44365,   10196,    3207,    8979,    4196,    1262,    5281,    1343,  250772,  254386,    7224,    3610,  257996,  145175,  180026,   85393,   44365,   10196,    3207,    8979,    4196,    1262,    5281,    1343,  250772,  254386,    7224,    3610,       0,       0,       0,       0,       0,       0,       0,       0,       0,       0,       0,       0,       0,       0,       0,       0,  -18801,   -8651,   -8657,   -2327,   -3049,   -2228,     476,   -2205,   -1025,    1262,     -43,     851,  -11642,  -16356,   -7159,   -2445,  100.0,   56.3,   69.8,   33.1,   17.2,    4.0,    1.2,    3.5,    1.6,    0.5,    2.0,    0.5,   97.2,   98.6,    2.8,    1.4,  100.0,   56.3,   69.8,   33.1,   17.2,    4.0,    1.2,    3.5,    1.6,    0.5,    2.0,    0.5,   97.2,   98.6,    2.8,    1.4,  100.0,    0.0,    0.0,    0.0,    0.0,    0.0,    0.0,    0.0,    0.0,    0.0,    0.0,    0.0,    0.0,    0.0,    0.0,    0.0,     55,     26,     22,      5,      6,      7,.,.,.,.,      4,      4,     43,     40,     55,     26,     22,      5,      6,      7,.,.,.,.,      4,      4,     43,     40,      0,      0,      0,      0,      0,      0,      0,      0,      0,      0,      0,      0,      0,      0,    39.7,    54.5,    63.2,    68.7,    38.4,    53.7,    59.4,    66.1,    39.7,    54.5,    63.2,    68.7,    38.4,    53.7,    59.4,    66.1,     0.0,     0.0,     0.0,     0.0,     0.0,     0.0,     0.0,     0.0,mmbtu,0233CU,IFED,023 ,N13,FutOnly
TRANSCO ZONE 6 MONTHLY INDEX - ICE FUTURES ENERGY DIV,260811,2026-08-11,0233CV,IFED,01,023 ,  105857,   30680,   93804,   70485,     744,       0,       0,     744,       0,       0,    6804,       0,  101165,  102096,    4692,    3761,  105857,   30680,   93804,   70485,     744,       0,       0,     744,       0,       0,    6804,       0,  101165,  102096,    4692,    3761,       0,       0,       0,       0,       0,       0,       0,       0,       0,       0,       0,       0,       0,       0,       0,       0,   -9607,   -5890,   -4044,    -448,    -651,       0,       0,    -372,       0,       0,     240,       0,   -6338,   -4827,   -3269,   -4780,  100.0,   29.0,   88.6,   66.6,    0.7,    0.0,    0.0,    0.7,    0.0,    0.0,    6.4,    0.0,   95.6,   96.4,    4.4,    3.6,  100.0,   29.0,   88.6,   66.6,    0.7,    0.0,    0.0,    0.7,    0.0,    0.0,    6.4,    0.0,   95.6,   96.4,    4.4,    3.6,  100.0,    0.0,    0.0,    0.0,    0.0,    0.0,    0.0,    0.0,    0.0,    0.0,    0.0,    0.0,    0.0,    0.0,    0.0,    0.0,     26,      7,     12,      5,.,      0,      0,.,      0,      0,.,      0,     12,     16,     26,      7,     12,      5,.,      0,      0,.,      0,      0,.,      0,     12,     16,      0,      0,      0,      0,      0,      0,      0,      0,      0,      0,      0,      0,      0,      0,    75.2,    68.6,    92.0,    86.7,    75.2,    68.6,    91.5,    86.2,    75.2,    68.6,    92.0,    86.7,    75.2,    68.6,    91.5,    86.2,     0.0,     0.0,     0.0,     0.0,     0.0,     0.0,     0.0,     0.0,mmbtu,0233CV,IFED,023 ,N13,FutOnly
TRANSCO STATION 85-ZONE 4 BASI - ICE FUTURES ENERGY DIV,260811,2026-08-11,0233CW,IFED,01,023 ,  284557,  171660,  200202,   26178,   36255,   11287,   42983,    2705,   16151,       0,   12846,    2653,  270912,  282099,   13645,    2458,  284557,  171660,  200202,   26178,   36255,   11287,   42983,    2705,   16151,       0,   12846,    2653,  270912,  282099,   13645,    2458,       0,       0,       0,       0,       0,       0,       0,       0,       0,       0,       0,       0,       0,       0,       0,       0,  -16980,  -16585,   -9861,    1432,   -2543,    -705,    4320,     188,   -4483,    -790,    3164,    -298,  -17109,  -14538,     129,   -2442,  100.0,   60.3,   70.4,    9.2,   12.7,    4.0,   15.1,    1.0,    5.7,    0.0,    4.5,    0.9,   95.2,   99.1,    4.8,    0.9,  100.0,   60.3,   70.4,    9.2,   12.7,    4.0,   15.1,    1.0,    5.7,    0.0,    4.5,    0.9,   95.2,   99.1,    4.8,    0.9,  100.0,    0.0,    0.0,    0.0,    0.0,    0.0,    0.0,    0.0,    0.0,    0.0,    0.0,    0.0,    0.0,    0.0,    0.0,    0.0,     69,     28,     40,      6,.,      4,      9,.,      5,      0,.,.,     50,     54,     69,     28,     40,      6,.,      4,      9,.,      5,      0,.,.,     50,     54,      0,      0,      0,      0,      0,      0,      0,      0,      0,      0,      0,      0,      0,      0,    33.5,    33.4,    50.6,    53.1,    24.1,    29.7,    36.4,    45.9,    33.5,    33.4,    50.6,    53.1,    24.1,    29.7,    36.4,    45.9,     0.0,     0.0,     0.0,     0.0,     0.0,     0.0,     0.0,     0.0,2500 mm btu,0233CW,IFED,023 ,N13,FutOnly
WAHA INDEX  - ICE FUTURES ENERGY DIV,260811,2026-08-11,0233D4,IFED,01,023 ,   89830,   83797,   66652,    3199,   17060,       0,       0,     930,       0,       0,    2515,       0,   86996,   87157,    2834,    2673,   89830,   83797,   66652,    3199,   17060,       0,       0,     930,       0,       0,    2515,       0,   86996,   87157,    2834,    2673,       0,       0,       0,       0,       0,       0,       0,       0,       0,       0,       0,       0,       0,       0,       0,       0,  -11510,   -8585,   -7566,    -279,   -2350,       0,    -930,    -465,    -961,       0,    1833,       0,  -10755,   -9509,    -755,   -2001,  100.0,   93.3,   74.2,    3.6,   19.0,    0.0,    0.0,    1.0,    0.0,    0.0,    2.8,    0.0,   96.8,   97.0,    3.2,    3.0,  100.0,   93.3,   74.2,    3.6,   19.0,    0.0,    0.0,    1.0,    0.0,    0.0,    2.8,    0.0,   96.8,   97.0,    3.2,    3.0,  100.0,    0.0,    0.0,    0.0,    0.0,    0.0,    0.0,    0.0,    0.0,    0.0,    0.0,    0.0,    0.0,    0.0,    0.0,    0.0,     40,     20,     17,.,      7,      0,      0,.,      0,      0,.,      0,     23,     27,     40,     20,     17,.,      7,      0,      0,.,      0,      0,.,      0,     23,     27,      0,      0,      0,      0,      0,      0,      0,      0,      0,      0,      0,      0,      0,      0,    59.0,    57.9,    78.1,    79.3,    58.9,    55.5,    73.0,    70.0,    59.0,    57.9,    78.1,    79.3,    58.9,    55.5,    73.0,    70.0,     0.0,     0.0,     0.0,     0.0,     0.0,     0.0,     0.0,     0.0,2500 mm btu,0233D4,IFED,023 ,N13,FutOnly
TETCO M2 Basis (Receipts) - ICE FUTURES ENERGY DIV,260811,2026-08-11,0233DR,IFED,01,023 ,  541984,  470648,   13505,   10474,  502663,   14691,   31452,    2343,    2158,    2427,     320,    3470,  535320,  539150,    6664,    2834,  541984,  470648,   13505,   10474,  502663,   14691,   31452,    2343,    2158,    2427,     320,    3470,  535320,  539150,    6664,    2834,       0,       0,       0,       0,       0,       0,       0,       0,       0,       0,       0,       0,       0,       0,       0,       0,  -24832,  -16862,    -620,     742,  -20236,    -443,     681,    -899,    -651,    -722,   -1974,     266,  -16989,  -24557,   -7843,    -275,  100.0,   86.8,    2.5,    1.9,   92.7,    2.7,    5.8,    0.4,    0.4,    0.4,    0.1,    0.6,   98.8,   99.5,    1.2,    0.5,  100.0,   86.8,    2.5,    1.9,   92.7,    2.7,    5.8,    0.4,    0.4,    0.4,    0.1,    0.6,   98.8,   99.5,    1.2,    0.5,  100.0,    0.0,    0.0,    0.0,    0.0,    0.0,    0.0,    0.0,    0.0,    0.0,    0.0,    0.0,    0.0,    0.0,    0.0,    0.0,     58,     33,     10,.,     16,      6,.,.,.,.,.,.,     44,     32,     58,     33,     10,.,     16,      6,.,.,.,.,.,.,     44,     32,      0,      0,      0,      0,      0,      0,      0,      0,      0,      0,      0,      0,      0,      0,    45.6,    50.6,    64.1,    73.9,    45.5,    50.6,    63.4,    73.9,    45.6,    50.6,    64.1,    73.9,    45.5,    50.6,    63.4,    73.9,     0.0,     0.0,     0.0,     0.0,     0.0,     0.0,     0.0,     0.0,2500 MM Btus,0233DR,IFED,023 ,N13,FutOnly
TRANSCO LEIDY BASIS - ICE FUTURES ENERGY DIV,260811,2026-08-11,0233DT,IFED,01,023 ,  116860,   64917,   51441,   19361,   46750,   13029,    7590,       0,       0,    4851,       0,     214,  109962,  111434,    6898,    5426,  116860,   64917,   51441,   19361,   46750,   13029,    7590,       0,       0,    4851,       0,     214,  109962,  111434,    6898,    5426,       0,       0,       0,       0,       0,       0,       0,       0,       0,       0,       0,       0,       0,       0,       0,       0,   -7914,   -3334,     793,    -794,   -5569,   -1201,    -101,       0,       0,       0,    -784,    -186,   -5616,   -6947,   -2298,    -967,  100.0,   55.6,   44.0,   16.6,   40.0,   11.1,    6.5,    0.0,    0.0,    4.2,    0.0,    0.2,   94.1,   95.4,    5.9,    4.6,  100.0,   55.6,   44.0,   16.6,   40.0,   11.1,    6.5,    0.0,    0.0,    4.2,    0.0,    0.2,   94.1,   95.4,    5.9,    4.6,  100.0,    0.0,    0.0,    0.0,    0.0,    0.0,    0.0,    0.0,    0.0,    0.0,    0.0,    0.0,    0.0,    0.0,    0.0,    0.0,     34,     17,      9,      4,      8,      8,.,      0,      0,.,      0,.,     29,     21,     34,     17,      9,      4,      8,      8,.,      0,      0,.,      0,.,     29,     21,      0,      0,      0,      0,      0,      0,      0,      0,      0,      0,      0,      0,      0,      0,    44.6,    40.2,    61.7,    65.6,    44.2,    39.6,    61.0,    60.9,    44.6,    40.2,    61.7,    65.6,    44.2,    39.6,    61.0,    60.9,     0.0,     0.0,     0.0,     0.0,     0.0,     0.0,     0.0,     0.0,"(Contracts of 2,500  MMBTU'S)",0233DT,IFED,023 ,N13,FutOnly
TETCO M2 Index (Receipts) - ICE FUTURES ENERGY DIV,260811,2026-08-11,0233DW,IFED,01,023 ,   36367,   34669,   32794,       0,     465,       0,       0,       0,       0,    1208,    1510,       0,   35877,   34769,     490,    1598,   36367,   34669,   32794,       0,     465,       0,       0,       0,       0,    1208,    1510,       0,   35877,   34769,     490,    1598,       0,       0,       0,       0,       0,       0,       0,       0,       0,       0,       0,       0,       0,       0,       0,       0,  -11129,   -6665,   -9486,       0,   -1643,       0,       0,       0,       0,       0,       0,       0,   -6665,  -11129,   -4464,       0,  100.0,   95.3,   90.2,    0.0,    1.3,    0.0,    0.0,    0.0,    0.0,    3.3,    4.2,    0.0,   98.7,   95.6,    1.3,    4.4,  100.0,   95.3,   90.2,    0.0,    1.3,    0.0,    0.0,    0.0,    0.0,    3.3,    4.2,    0.0,   98.7,   95.6,    1.3,    4.4,  100.0,    0.0,    0.0,    0.0,    0.0,    0.0,    0.0,    0.0,    0.0,    0.0,    0.0,    0.0,    0.0,    0.0,    0.0,    0.0,     29,     13,     16,      0,.,      0,      0,      0,      0,.,.,      0,     14,     18,     29,     13,     16,      0,.,      0,      0,      0,      0,.,.,      0,     14,     18,      0,      0,      0,      0,      0,      0,      0,      0,      0,      0,      0,      0,      0,      0,    71.8,    51.6,    89.3,    75.1,    71.2,    51.6,    88.3,    75.1,    71.8,    51.6,    89.3,    75.1,    71.2,    51.6,    88.3,    75.1,     0.0,     0.0,     0.0,     0.0,     0.0,     0.0,     0.0,     0.0,2500 MM Btus,0233DW,IFED,023 ,N13,FutOnly
REX ZONE 3 BASIS - ICE FUTURES ENERGY DIV,260811,2026-08-11,0233EB,IFED,01,023 ,  262017,  212919,  125623,   16317,  104338,    6833,   11099,    5737,    5251,       0,    4805,    3780,  256199,  256367,    5818,    5650,  262017,  212919,  125623,   16317,  104338,    6833,   11099,    5737,    5251,       0,    4805,    3780,  256199,  256367,    5818,    5650,       0,       0,       0,       0,       0,       0,       0,       0,       0,       0,       0,       0,       0,       0,       0,       0,  -11414,   -8591,  -10263,    -337,    3781,    -671,    1822,   -1918,   -1327,    -998,     887,     957,   -9145,   -8554,   -2269,   -2860,  100.0,   81.3,   47.9,    6.2,   39.8,    2.6,    4.2,    2.2,    2.0,    0.0,    1.8,    1.4,   97.8,   97.8,    2.2,    2.2,  100.0,   81.3,   47.9,    6.2,   39.8,    2.6,    4.2,    2.2,    2.0,    0.0,    1.8,    1.4,   97.8,   97.8,    2.2,    2.2,  100.0,    0.0,    0.0,    0.0,    0.0,    0.0,    0.0,    0.0,    0.0,    0.0,    0.0,    0.0,    0.0,    0.0,    0.0,    0.0,     58,     27,     24,.,     13,.,.,.,      4,      0,      4,.,     38,     47,     58,     27,     24,.,     13,.,.,.,      4,      0,      4,.,     38,     47,      0,      0,      0,      0,      0,      0,      0,      0,      0,      0,      0,      0,      0,      0,    40.3,    35.6,    59.4,    52.4,    37.7,    33.9,    55.6,    49.1,    40.3,    35.6,    59.4,    52.4,    37.7,    33.9,    55.6,    49.1,     0.0,     0.0,     0.0,     0.0,     0.0,     0.0,     0.0,     0.0,2500 MMBtus,0233EB,IFED,023 ,N13,FutOnly
REX ZONE 3 INDEX - ICE FUTURES ENERGY DIV,260811,2026-08-11,0233ED,IFED,01,023 ,   40031,   18049,   33873,   19039,    2392,      61,    1487,    2167,       0,     651,       0,       0,   39287,   38493,     744,    1538,   40031,   18049,   33873,   19039,    2392,      61,    1487,    2167,       0,     651,       0,       0,   39287,   38493,     744,    1538,       0,       0,       0,       0,       0,       0,       0,       0,       0,       0,       0,       0,       0,       0,       0,       0,     597,   -5828,    3399,    8233,    -806,    -124,      30,    -186,       0,       0,       0,       0,    2311,    2283,   -1714,   -1686,  100.0,   45.1,   84.6,   47.6,    6.0,    0.2,    3.7,    5.4,    0.0,    1.6,    0.0,    0.0,   98.1,   96.2,    1.9,    3.8,  100.0,   45.1,   84.6,   47.6,    6.0,    0.2,    3.7,    5.4,    0.0,    1.6,    0.0,    0.0,   98.1,   96.2,    1.9,    3.8,  100.0,    0.0,    0.0,    0.0,    0.0,    0.0,    0.0,    0.0,    0.0,    0.0,    0.0,    0.0,    0.0,    0.0,    0.0,    0.0,     26,     12,     17,.,.,.,.,.,      0,.,      0,      0,     17,     20,     26,     12,     17,.,.,.,.,.,      0,.,      0,      0,     17,     20,      0,      0,      0,      0,      0,      0,      0,      0,      0,      0,      0,      0,      0,      0,    76.0,    46.8,    87.3,    72.2,    66.1,    43.4,    72.7,    64.5,    76.0,    46.8,    87.3,    72.2,    66.1,    43.4,    72.7,    64.5,     0.0,     0.0,     0.0,     0.0,     0.0,     0.0,     0.0,     0.0,2500 MMBtus,0233ED,IFED,023 ,N13,FutOnly
Transco Zone 5 South Basis - ICE FUTURES ENERGY DIV,260811,2026-08-11,0233FJ,IFED,01,023 ,  148110,   81405,  124284,   24001,    8055,    7554,   22352,    2235,     426,     790,    1589,      31,  136559,  144174,   11551,    3936,  148110,   81405,  124284,   24001,    8055,    7554,   22352,    2235,     426,     790,    1589,      31,  136559,  144174,   11551,    3936,       0,       0,       0,       0,       0,       0,       0,       0,       0,       0,       0,       0,       0,       0,       0,       0,  -12686,   -3559,   -8132,   -1177,    1751,   -1581,   -6172,      31,     120,     129,     205,     -39,  -12279,   -7645,    -407,   -5041,  100.0,   55.0,   83.9,   16.2,    5.4,    5.1,   15.1,    1.5,    0.3,    0.5,    1.1,    0.0,   92.2,   97.3,    7.8,    2.7,  100.0,   55.0,   83.9,   16.2,    5.4,    5.1,   15.1,    1.5,    0.3,    0.5,    1.1,    0.0,   92.2,   97.3,    7.8,    2.7,  100.0,    0.0,    0.0,    0.0,    0.0,    0.0,    0.0,    0.0,    0.0,    0.0,    0.0,    0.0,    0.0,    0.0,    0.0,    0.0,     44,     19,     29,.,.,.,.,.,.,.,.,.,     28,     37,     44,     19,     29,.,.,.,.,.,.,.,.,.,     28,     37,      0,      0,      0,      0,      0,      0,      0,      0,      0,      0,      0,      0,      0,      0,    50.4,    46.5,    71.2,    66.4,    46.6,    44.3,    66.5,    60.5,    50.4,    46.5,    71.2,    66.4,    46.6,    44.3,    66.5,    60.5,     0.0,     0.0,     0.0,     0.0,     0.0,     0.0,     0.0,     0.0,2500 MMBtus,0233FJ,IFED,023 ,N13,FutOnly
NAT GAS NYME - NEW YORK MERCANTILE EXCHANGE,260811,2026-08-11,023651,NYME,01,023 , 1692411,  235095,  253066,  217222,   18574,  101164,  248156,  358786,  564349,   52555,  139060,  218655, 1637196, 1653654,   55215,   38757, 1692411,  235095,  253066,  217222,   18574,  101164,  248156,  358786,  564349,   52555,  139060,  218655, 1637196, 1653654,   55215,   38757,       0,       0,       0,       0,       0,       0,       0,       0,       0,       0,       0,       0,       0,       0,       0,       0,  -13497,    5389,    9566,   -1591,     769,  -10805,   19581,    3278,  -11605,   -6788,    9104,   -8519,  -14338,   -8212,     841,   -5285,  100.0,   13.9,   15.0,   12.8,    1.1,    6.0,   14.7,   21.2,   33.3,    3.1,    8.2,   12.9,   96.7,   97.7,    3.3,    2.3,  100.0,   13.9,   15.0,   12.8,    1.1,    6.0,   14.7,   21.2,   33.3,    3.1,    8.2,   12.9,   96.7,   97.7,    3.3,    2.3,  100.0,    0.0,    0.0,    0.0,    0.0,    0.0,    0.0,    0.0,    0.0,    0.0,    0.0,    0.0,    0.0,    0.0,    0.0,    0.0,    324,     47,     41,     27,      9,     27,     60,     72,     89,     48,     45,     76,    292,    262,    324,     47,     41,     27,      9,     27,     60,     72,     89,     48,     45,     76,    292,    262,      0,      0,      0,      0,      0,      0,      0,      0,      0,      0,      0,      0,      0,      0,    17.1,    24.9,    26.7,    35.6,     9.2,    11.3,    14.2,    15.7,    17.1,    24.9,    26.7,    35.6,     9.2,    11.3,    14.2,    15.7,     0.0,     0.0,     0.0,     0.0,     0.0,     0.0,     0.0,     0.0,"(Contracts of 10,000 MMBTU'S)",023651,NYME,023 ,N13,FutOnly
HENRY HUB LAST DAY FIN - NEW YORK MERCANTILE EXCHANGE,260811,2026-08-11,023A55,NYME,01,023 ,  399330,  143499,   44927,   32059,  152019,   21319,   39472,   15702,   15942,   69020,   86134,   55127,  376438,  391170,   22892,    8160,  399330,  143499,   44927,   32059,  152019,   21319,   39472,   15702,   15942,   69020,   86134,   55127,  376438,  391170,   22892,    8160,       0,       0,       0,       0,       0,       0,       0,       0,       0,       0,       0,       0,       0,       0,       0,       0,    6508,    6242,    1245,     193,    -585,     819,     609,    2149,    -504,   -2039,    1768,    2153,    7473,    7045,    -965,    -537,  100.0,   35.9,   11.3,    8.0,   38.1,    5.3,    9.9,    3.9,    4.0,   17.3,   21.6,   13.8,   94.3,   98.0,    5.7,    2.0,  100.0,   35.9,   11.3,    8.0,   38.1,    5.3,    9.9,    3.9,    4.0,   17.3,   21.6,   13.8,   94.3,   98.0,    5.7,    2.0,  100.0,    0.0,    0.0,    0.0,    0.0,    0.0,    0.0,    0.0,    0.0,    0.0,    0.0,    0.0,    0.0,    0.0,    0.0,    0.0,     90,     28,     22,     14,     10,     17,      6,      4,      9,     15,     12,     23,     87,     73,     90,     28,     22,     14,     10,     17,      6,      4,      9,     15,     12,     23,     87,     73,      0,      0,      0,      0,      0,      0,      0,      0,      0,      0,      0,      0,      0,      0,    18.8,    40.8,    32.3,    54.7,    16.5,    38.9,    27.1,    50.4,    18.8,    40.8,    32.3,    54.7,    16.5,    38.9,    27.1,    50.4,     0.0,     0.0,     0.0,     0.0,     0.0,     0.0,     0.0,     0.0,"(Contracts of 10,000 MMBTU'S)",023A55,NYME,023 ,N13,FutOnly
HENRY HUB PENULTIMATE FIN - NEW YORK MERCANTILE EXCHANGE,260811,2026-08-11,023A56,NYME,01,023 ,  234597,   23192,   54197,   78867,   62836,   27237,   23786,   12189,   19869,   30132,   28713,   23101,  226184,  228142,    8413,    6455,  234597,   23192,   54197,   78867,   62836,   27237,   23786,   12189,   19869,   30132,   28713,   23101,  226184,  228142,    8413,    6455,       0,       0,       0,       0,       0,       0,       0,       0,       0,       0,       0,       0,       0,       0,       0,       0,    7416,    2468,    1387,    2238,     646,     188,   -4822,     197,    2246,    4071,    1485,    1137,    7526,    7286,    -110,     130,  100.0,    9.9,   23.1,   33.6,   26.8,   11.6,   10.1,    5.2,    8.5,   12.8,   12.2,    9.8,   96.4,   97.2,    3.6,    2.8,  100.0,    9.9,   23.1,   33.6,   26.8,   11.6,   10.1,    5.2,    8.5,   12.8,   12.2,    9.8,   96.4,   97.2,    3.6,    2.8,  100.0,    0.0,    0.0,    0.0,    0.0,    0.0,    0.0,    0.0,    0.0,    0.0,    0.0,    0.0,    0.0,    0.0,    0.0,    0.0,     77,     13,     14,     11,      8,     14,     11,      7,     14,     10,     15,     22,     70,     69,     77,     13,     14,     11,      8,     14,     11,      7,     14,     10,     15,     22,     70,     69,      0,      0,      0,      0,      0,      0,      0,      0,      0,      0,      0,      0,      0,      0,    25.8,    34.3,    44.2,    49.1,    24.8,    26.6,    40.9,    36.4,    25.8,    34.3,    44.2,    49.1,    24.8,    26.6,    40.9,    36.4,     0.0,     0.0,     0.0,     0.0,     0.0,     0.0,     0.0,     0.0,"(Contracts of 10,000 MMBTU'S)",023A56,NYME,023 ,N13,FutOnly
ETHANOL T2 FOB INCL DUTY - NEW YORK MERCANTILE EXCHANGE,260811,2026-08-11,025608,NYME,01,025 ,    3252,    2985,    3017,       0,       0,       0,       0,       0,       0,       0,     135,       0,    2985,    3152,     267,     100,    3252,    2985,    3017,       0,       0,       0,       0,       0,       0,       0,     135,       0,    2985,    3152,     267,     100,       0,       0,       0,       0,       0,       0,       0,       0,       0,       0,       0,       0,       0,       0,       0,       0,    -656,    -683,    -600,       0,     -33,      -9,       0,       0,       0,       0,     -20,       0,    -692,    -662,      36,       6,  100.0,   91.8,   92.8,    0.0,    0.0,    0.0,    0.0,    0.0,    0.0,    0.0,    4.2,    0.0,   91.8,   96.9,    8.2,    3.1,  100.0,   91.8,   92.8,    0.0,    0.0,    0.0,    0.0,    0.0,    0.0,    0.0,    4.2,    0.0,   91.8,   96.9,    8.2,    3.1,  100.0,    0.0,    0.0,    0.0,    0.0,    0.0,    0.0,    0.0,    0.0,    0.0,    0.0,    0.0,    0.0,    0.0,    0.0,    0.0,     28,     22,     21,      0,      0,      0,      0,      0,      0,      0,.,      0,     22,     23,     28,     22,     21,      0,      0,      0,      0,      0,      0,      0,.,      0,     22,     23,      0,      0,      0,      0,      0,      0,      0,      0,      0,      0,      0,      0,      0,      0,    44.5,    52.3,    65.8,    73.1,    40.2,    33.5,    50.0,    49.8,    44.5,    52.3,    65.8,    73.1,    40.2,    33.5,    50.0,    49.8,     0.0,     0.0,     0.0,     0.0,     0.0,     0.0,     0.0,     0.0,(100 CUBIC METERS),025608,NYME,025 ,N10,FutOnly
ETHANOL - NEW YORK MERCANTILE EXCHANGE,260811,2026-08-11,025651,NYME,01,025 ,   43326,   31658,   37039,     915,    2012,     856,    5945,     210,     160,    1508,     329,    1751,   42793,   42357,     533,     969,   43326,   31658,   37039,     915,    2012,     856,    5945,     210,     160,    1508,     329,    1751,   42793,   42357,     533,     969,       0,       0,       0,       0,       0,       0,       0,       0,       0,       0,       0,       0,       0,       0,       0,       0,   -6654,   -7085,   -6044,     -92,    -786,     177,     198,      53,       1,      79,    -274,      15,   -6707,   -6858,      53,     204,  100.0,   73.1,   85.5,    2.1,    4.6,    2.0,   13.7,    0.5,    0.4,    3.5,    0.8,    4.0,   98.8,   97.8,    1.2,    2.2,  100.0,   73.1,   85.5,    2.1,    4.6,    2.0,   13.7,    0.5,    0.4,    3.5,    0.8,    4.0,   98.8,   97.8,    1.2,    2.2,  100.0,    0.0,    0.0,    0.0,    0.0,    0.0,    0.0,    0.0,    0.0,    0.0,    0.0,    0.0,    0.0,    0.0,    0.0,    0.0,    112,     49,     59,.,      4,.,     17,      4,.,     10,      4,      6,     83,     79,    112,     49,     59,.,      4,.,     17,      4,.,     10,      4,      6,     83,     79,      0,      0,      0,      0,      0,      0,      0,      0,      0,      0,      0,      0,      0,      0,    30.5,    29.1,    45.6,    45.1,    11.8,    12.6,    18.4,    19.1,    30.5,    29.1,    45.6,    45.1,    11.8,    12.6,    18.4,    19.1,     0.0,     0.0,     0.0,     0.0,     0.0,     0.0,     0.0,     0.0,"(CONTRACTS OF 42,000 U.S. GALLONS)",025651,NYME,025 ,N10,FutOnly
SOYBEAN MEAL - CHICAGO BOARD OF TRADE,260811,2026-08-11,026603,CBT ,00,026 ,  603986,  122342,  368488,  124023,    5703,    8999,  122391,   48701,   70306,   45494,   13520,   61016,  554571,  576733,   49415,   27253,   74293,   28361,   50016,    5456,    1380,     185,   17240,   11857,     107,   13912,    6083,     210,   65471,   69838,    8822,    4455,  529693,   93981,  318472,  120944,    6700,    6437,  119013,   50706,   56337,   43332,   19187,   49056,  489100,  506895,   40593,   22798,   -5272,    1123,     553,    -643,   -3262,    1563,   -4038,     102,   -6190,    1093,     456,    -905,   -7997,   -7683,    2725,    2411,  100.0,   20.3,   61.0,   20.5,    0.9,    1.5,   20.3,    8.1,   11.6,    7.5,    2.2,   10.1,   91.8,   95.5,    8.2,    4.5,  100.0,   38.2,   67.3,    7.3,    1.9,    0.2,   23.2,   16.0,    0.1,   18.7,    8.2,    0.3,   88.1,   94.0,   11.9,    6.0,  100.0,   17.7,   60.1,   22.8,    1.3,    1.2,   22.5,    9.6,   10.6,    8.2,    3.6,    9.3,   92.3,   95.7,    7.7,    4.3,    323,    106,     90,     25,      6,     15,     57,     36,     59,     45,     18,     36,    281,    225,    200,     58,     56,     16,      6,.,     23,     16,.,     23,     12,.,    122,     93,    316,     95,     78,     25,      6,     13,     53,     40,     53,     42,     23,     32,    266,    202,    10.2,    33.7,    18.7,    41.5,     8.8,    30.3,    16.7,    35.7,    17.7,    37.2,    30.1,    47.1,    15.2,    37.1,    27.7,    47.0,    10.7,    35.4,    20.0,    44.2,     9.9,    32.8,    18.6,    38.7,(CONTRACTS OF 100 TONS),026603,CBT ,026 ,A30,FutOnly
COTTON NO. 2 - ICE FUTURES U.S.,260811,2026-08-11,033661,ICUS,01,033 ,  349370,   43299,  193298,   63991,   27518,   16358,   86139,   19359,   37348,   57588,   21113,   26993,  331716,  341987,   17654,    7383,  323934,   32247,  179673,   62783,   22191,   14136,   81555,   19865,   36338,   55946,   20092,   24370,  307375,  316665,   16559,    7269,   25436,   11052,   13625,    3430,    7549,       0,    5594,     504,       0,    4176,    3555,      89,   24341,   25322,    1095,     114,   17870,     401,    9607,    3459,    2653,    1496,   10186,   -1273,     892,    -874,    3706,     946,   16506,   18027,    1364,    -157,  100.0,   12.4,   55.3,   18.3,    7.9,    4.7,   24.7,    5.5,   10.7,   16.5,    6.0,    7.7,   94.9,   97.9,    5.1,    2.1,  100.0,   10.0,   55.5,   19.4,    6.9,    4.4,   25.2,    6.1,   11.2,   17.3,    6.2,    7.5,   94.9,   97.8,    5.1,    2.2,  100.0,   43.5,   53.6,   13.5,   29.7,    0.0,   22.0,    2.0,    0.0,   16.4,   14.0,    0.3,   95.7,   99.6,    4.3,    0.4,    357,     44,     51,     25,     14,     14,     96,     29,     65,     90,     35,     38,    298,    209,    355,     39,     50,     26,     12,     14,     96,     31,     63,     87,     39,     37,    293,    203,     93,     17,     21,      7,     13,      0,     10,      4,      0,     17,      9,      6,     53,     51,     8.4,    28.9,    14.6,    40.0,     7.2,    26.4,    12.6,    35.7,     8.0,    29.6,    14.1,    40.3,     7.0,    27.9,    12.7,    37.5,    48.1,    41.0,    64.7,    64.4,    48.0,    40.9,    64.7,    64.3,"(CONTRACTS OF 50,000 POUNDS)",033661,ICUS,033 ,A40,FutOnly
HENRY HUB - NEW YORK MERCANTILE EXCHANGE,260811,2026-08-11,03565B,NYME,01,023 ,  392936,   30125,   13926,   22509,  294986,   44963,       0,    6352,       0,  280639,   17187,    1965,  380201,  379379,   12735,   13557,  392936,   30125,   13926,   22509,  294986,   44963,       0,    6352,       0,  280639,   17187,    1965,  380201,  379379,   12735,   13557,       0,       0,       0,       0,       0,       0,       0,       0,       0,       0,       0,       0,       0,       0,       0,       0,    2592,       0,     730,     731,    2612,    -964,       0,       0,       0,    2825,     214,       0,    2592,    2592,       0,       0,  100.0,    7.7,    3.5,    5.7,   75.1,   11.4,    0.0,    1.6,    0.0,   71.4,    4.4,    0.5,   96.8,   96.5,    3.2,    3.5,  100.0,    7.7,    3.5,    5.7,   75.1,   11.4,    0.0,    1.6,    0.0,   71.4,    4.4,    0.5,   96.8,   96.5,    3.2,    3.5,  100.0,    0.0,    0.0,    0.0,    0.0,    0.0,    0.0,    0.0,    0.0,    0.0,    0.0,    0.0,    0.0,    0.0,    0.0,    0.0,     34,      5,      5,.,     12,     12,      0,.,      0,      6,.,.,     25,     25,     34,      5,      5,.,     12,     12,      0,.,      0,      6,.,.,     25,     25,      0,      0,      0,      0,      0,      0,      0,      0,      0,      0,      0,      0,      0,      0,    70.2,    60.7,    83.4,    83.6,    69.7,    58.1,    80.2,    77.1,    70.2,    60.7,    83.4,    83.6,    69.7,    58.1,    80.2,    77.1,     0.0,     0.0,     0.0,     0.0,     0.0,     0.0,     0.0,     0.0,"(Contracts of 2,500  MMBTU'S)",03565B,NYME,023 ,N13,FutOnly
HENRY HUB PENULTIMATE NAT GAS - NEW YORK MERCANTILE EXCHANGE,260811,2026-08-11,03565C,NYME,01,023 ,  109189,   11049,   15596,   21730,   21619,   30945,    5990,    7996,    4984,    9219,    8275,   12781,   96698,  102196,   12491,    6993,  109189,   11049,   15596,   21730,   21619,   30945,    5990,    7996,    4984,    9219,    8275,   12781,   96698,  102196,   12491,    6993,       0,       0,       0,       0,       0,       0,       0,       0,       0,       0,       0,       0,       0,       0,       0,       0,    2660,     -24,     588,       0,    2198,      30,       0,      75,      76,    2118,    -710,     332,    2532,    2589,     128,      71,  100.0,   10.1,   14.3,   19.9,   19.8,   28.3,    5.5,    7.3,    4.6,    8.4,    7.6,   11.7,   88.6,   93.6,   11.4,    6.4,  100.0,   10.1,   14.3,   19.9,   19.8,   28.3,    5.5,    7.3,    4.6,    8.4,    7.6,   11.7,   88.6,   93.6,   11.4,    6.4,  100.0,    0.0,    0.0,    0.0,    0.0,    0.0,    0.0,    0.0,    0.0,    0.0,    0.0,    0.0,    0.0,    0.0,    0.0,    0.0,     43,      6,      7,      6,      6,     11,.,      4,      5,     10,      6,     12,     40,     36,     43,      6,      7,      6,      6,     11,.,      4,      5,     10,      6,     12,     40,     36,      0,      0,      0,      0,      0,      0,      0,      0,      0,      0,      0,      0,      0,      0,    33.1,    35.2,    49.4,    62.1,    20.4,    24.1,    27.8,    35.7,    33.1,    35.2,    49.4,    62.1,    20.4,    24.1,    27.8,    35.7,     0.0,     0.0,     0.0,     0.0,     0.0,     0.0,     0.0,     0.0,"(Contracts of 2,500  MMBTU'S)",03565C,NYME,023 ,N13,FutOnly
USD Malaysian Crude Palm Oil C - CHICAGO MERCANTILE EXCHANGE,260811,2026-08-11,037021,CME ,00,037 ,   47748,   42016,   34899,     700,    5044,    2972,     120,    3875,       0,    1220,     298,     660,   47688,   47748,      60,       0,   47748,   42016,   34899,     700,    5044,    2972,     120,    3875,       0,    1220,     298,     660,   47688,   47748,      60,       0,       0,       0,       0,       0,       0,       0,       0,       0,       0,       0,       0,       0,       0,       0,       0,       0,    2060,    1840,    1580,       0,      80,     120,       0,     280,       0,      80,       0,       0,    2040,    2060,      20,       0,  100.0,   88.0,   73.1,    1.5,   10.6,    6.2,    0.3,    8.1,    0.0,    2.6,    0.6,    1.4,   99.9,  100.0,    0.1,    0.0,  100.0,   88.0,   73.1,    1.5,   10.6,    6.2,    0.3,    8.1,    0.0,    2.6,    0.6,    1.4,   99.9,  100.0,    0.1,    0.0,  100.0,    0.0,    0.0,    0.0,    0.0,    0.0,    0.0,    0.0,    0.0,    0.0,    0.0,    0.0,    0.0,    0.0,    0.0,    0.0,     29,     10,      9,.,      5,      5,.,.,      0,.,.,.,     23,     20,     29,     10,      9,.,      5,      5,.,.,      0,.,.,.,     23,     20,      0,      0,      0,      0,      0,      0,      0,      0,      0,      0,      0,      0,      0,      0,    84.3,    64.4,    92.1,    89.8,    40.3,    37.9,    44.5,    44.4,    84.3,    64.4,    92.1,    89.8,    40.3,    37.9,    44.5,    44.4,     0.0,     0.0,     0.0,     0.0,     0.0,     0.0,     0.0,     0.0,(CONTRACTS OF 25 METRIC TONS),037021,CME ,037 ,A30,FutOnly
ROUGH RICE - CHICAGO BOARD OF TRADE,260811,2026-08-11,039601,CBT ,00,039 ,   13780,    4945,    7832,     370,       0,       0,    2929,    2466,      89,    1474,    1414,     970,   10777,   12771,    3003,    1009,   13780,    4945,    7832,     370,       0,       0,    2929,    2466,      89,    1474,    1414,     970,   10777,   12771,    3003,    1009,       0,       0,       0,       0,       0,       0,       0,       0,       0,       0,       0,       0,       0,       0,       0,       0,     267,     199,      77,     -41,       0,       0,     128,      16,      -2,    -137,      11,     139,     286,     241,     -19,      26,  100.0,   35.9,   56.8,    2.7,    0.0,    0.0,   21.3,   17.9,    0.6,   10.7,   10.3,    7.0,   78.2,   92.7,   21.8,    7.3,  100.0,   35.9,   56.8,    2.7,    0.0,    0.0,   21.3,   17.9,    0.6,   10.7,   10.3,    7.0,   78.2,   92.7,   21.8,    7.3,  100.0,    0.0,    0.0,    0.0,    0.0,    0.0,    0.0,    0.0,    0.0,    0.0,    0.0,    0.0,    0.0,    0.0,    0.0,    0.0,     72,     18,     20,.,      0,      0,     12,      7,.,     11,      7,      6,     47,     39,     72,     18,     20,.,      0,      0,     12,      7,.,     11,      7,      6,     47,     39,      0,      0,      0,      0,      0,      0,      0,      0,      0,      0,      0,      0,      0,      0,    26.3,    40.1,    38.3,    59.1,    24.7,    39.8,    35.6,    56.5,    26.3,    40.1,    38.3,    59.1,    24.7,    39.8,    35.6,    56.5,     0.0,     0.0,     0.0,     0.0,     0.0,     0.0,     0.0,     0.0,"(CONTRACTS OF 200,000 POUNDS)",039601,CBT ,039 ,A10,FutOnly
FRZN CONCENTRATED ORANGE JUICE - ICE FUTURES U.S.,260811,2026-08-11,040701,ICUS,01,040 ,   10095,    1677,    3334,     853,      93,      70,    2330,    3756,     186,    2392,     111,     531,    8039,    8081,    2056,    2014,    9232,    1087,    2678,     853,     163,       0,    2336,    3756,     180,    2362,     111,     464,    7282,    7352,    1950,    1880,     863,     590,     656,      70,       0,       0,       0,       6,       0,      97,      67,       0,     757,     729,     106,     134,     301,      21,      67,      52,      47,     -22,     -49,     241,     -65,       2,     -58,      93,      32,     303,     269,      -2,  100.0,   16.6,   33.0,    8.4,    0.9,    0.7,   23.1,   37.2,    1.8,   23.7,    1.1,    5.3,   79.6,   80.0,   20.4,   20.0,  100.0,   11.8,   29.0,    9.2,    1.8,    0.0,   25.3,   40.7,    1.9,   25.6,    1.2,    5.0,   78.9,   79.6,   21.1,   20.4,  100.0,   68.4,   76.0,    8.1,    0.0,    0.0,    0.0,    0.7,    0.0,   11.2,    7.8,    0.0,   87.7,   84.5,   12.3,   15.5,     52,      9,      5,.,.,.,      8,     13,.,     12,.,      5,     37,     27,     52,      9,      5,.,.,      0,      8,     13,.,     12,.,      4,     36,     26,     14,      7,.,.,      0,      0,      0,.,      0,.,.,      0,     11,      5,    23.8,    41.6,    39.6,    56.1,    23.8,    41.5,    38.5,    56.0,    25.9,    39.1,    41.7,    54.9,    25.9,    39.0,    40.5,    54.8,    63.8,    83.8,    85.9,    84.5,    60.7,    76.6,    78.7,    76.6,"(CONTRACTS OF 15,000 POUNDS)",040701,ICUS,040 ,A50,FutOnly
BUTTER (CASH SETTLED) - CHICAGO MERCANTILE EXCHANGE,260811,2026-08-11,050642,CME ,00,050 ,   17220,    9694,    9430,    4514,    1020,    1487,       0,     393,     109,     176,    4009,     547,   16527,   16995,     693,     225,   17220,    9694,    9430,    4514,    1020,    1487,       0,     393,     109,     176,    4009,     547,   16527,   16995,     693,     225,       0,       0,       0,       0,       0,       0,       0,       0,       0,       0,       0,       0,       0,       0,       0,       0,   -2157,   -1212,    -778,    -563,      54,    -206,       0,      94,    -110,      -2,   -1094,     -92,   -2185,   -2132,      28,     -25,  100.0,   56.3,   54.8,   26.2,    5.9,    8.6,    0.0,    2.3,    0.6,    1.0,   23.3,    3.2,   96.0,   98.7,    4.0,    1.3,  100.0,   56.3,   54.8,   26.2,    5.9,    8.6,    0.0,    2.3,    0.6,    1.0,   23.3,    3.2,   96.0,   98.7,    4.0,    1.3,  100.0,    0.0,    0.0,    0.0,    0.0,    0.0,    0.0,    0.0,    0.0,    0.0,    0.0,    0.0,    0.0,    0.0,    0.0,    0.0,     57,     30,     22,      6,.,      4,      0,.,.,.,      7,      5,     44,     37,     57,     30,     22,      6,.,      4,      0,.,.,.,      7,      5,     44,     37,      0,      0,      0,      0,      0,      0,      0,      0,      0,      0,      0,      0,      0,      0,    38.8,    38.8,    55.2,    60.7,    33.9,    35.3,    48.6,    52.4,    38.8,    38.8,    55.2,    60.7,    33.9,    35.3,    48.6,    52.4,     0.0,     0.0,     0.0,     0.0,     0.0,     0.0,     0.0,     0.0,"(CONTRACTS OF 20,000 POUNDS)",050642,CME ,050 ,A25,FutOnly
"MILK, Class III - CHICAGO MERCANTILE EXCHANGE",260811,2026-08-11,052641,CME ,00,052 ,   28932,   12073,   10205,    9808,    1814,     430,      95,    4885,     487,    2643,    6070,    1092,   26628,   24983,    2304,    3949,   28932,   12073,   10205,    9808,    1814,     430,      95,    4885,     487,    2643,    6070,    1092,   26628,   24983,    2304,    3949,       0,       0,       0,       0,       0,       0,       0,       0,       0,       0,       0,       0,       0,       0,       0,       0,   -4718,   -2143,   -1828,   -1288,    -217,    -640,      -5,     159,     -52,    -382,   -1559,    -252,   -4762,   -4389,      44,    -329,  100.0,   41.7,   35.3,   33.9,    6.3,    1.5,    0.3,   16.9,    1.7,    9.1,   21.0,    3.8,   92.0,   86.4,    8.0,   13.6,  100.0,   41.7,   35.3,   33.9,    6.3,    1.5,    0.3,   16.9,    1.7,    9.1,   21.0,    3.8,   92.0,   86.4,    8.0,   13.6,  100.0,    0.0,    0.0,    0.0,    0.0,    0.0,    0.0,    0.0,    0.0,    0.0,    0.0,    0.0,    0.0,    0.0,    0.0,    0.0,     85,     22,     21,      6,.,.,.,     15,.,      6,     18,     11,     46,     60,     85,     22,     21,      6,.,.,.,     15,.,      6,     18,     11,     46,     60,      0,      0,      0,      0,      0,      0,      0,      0,      0,      0,      0,      0,      0,      0,    47.5,    26.3,    64.3,    43.0,    47.5,    24.4,    63.7,    39.3,    47.5,    26.3,    64.3,    43.0,    47.5,    24.4,    63.7,    39.3,     0.0,     0.0,     0.0,     0.0,     0.0,     0.0,     0.0,     0.0,"(CONTRACTS OF 200,000 POUNDS)",052641,CME ,052 ,A25,FutOnly
NON FAT DRY MILK - CHICAGO MERCANTILE EXCHANGE,260811,2026-08-11,052642,CME ,00,052 ,   10057,    6890,    4216,    1599,     576,     474,       0,     669,     111,     159,    3791,      86,    9319,    9923,     738,     134,   10057,    6890,    4216,    1599,     576,     474,       0,     669,     111,     159,    3791,      86,    9319,    9923,     738,     134,       0,       0,       0,       0,       0,       0,       0,       0,       0,       0,       0,       0,       0,       0,       0,       0,   -2559,   -1984,    -710,    -279,    -216,      -2,       0,     126,    -141,     -54,   -1477,     -13,   -2473,   -2433,     -86,    -126,  100.0,   68.5,   41.9,   15.9,    5.7,    4.7,    0.0,    6.7,    1.1,    1.6,   37.7,    0.9,   92.7,   98.7,    7.3,    1.3,  100.0,   68.5,   41.9,   15.9,    5.7,    4.7,    0.0,    6.7,    1.1,    1.6,   37.7,    0.9,   92.7,   98.7,    7.3,    1.3,  100.0,    0.0,    0.0,    0.0,    0.0,    0.0,    0.0,    0.0,    0.0,    0.0,    0.0,    0.0,    0.0,    0.0,    0.0,    0.0,     54,     29,     19,      5,.,      5,      0,.,.,.,      8,.,     42,     33,     54,     29,     19,      5,.,      5,      0,.,.,.,      8,.,     42,     33,      0,      0,      0,      0,      0,      0,      0,      0,      0,      0,      0,      0,      0,      0,    32.2,    37.7,    50.1,    60.5,    32.2,    36.6,    47.3,    58.4,    32.2,    37.7,    50.1,    60.5,    32.2,    36.6,    47.3,    58.4,     0.0,     0.0,     0.0,     0.0,     0.0,     0.0,     0.0,     0.0,"(CONTRACTS OF 44,000 LBS.)",052642,CME ,052 ,A25,FutOnly
CME MILK IV - CHICAGO MERCANTILE EXCHANGE,260811,2026-08-11,052644,CME ,00,052 ,    7943,    3572,    3915,    1973,    1016,      43,       0,      63,      66,    1821,    1960,     280,    7755,    7343,     188,     600,    7943,    3572,    3915,    1973,    1016,      43,       0,      63,      66,    1821,    1960,     280,    7755,    7343,     188,     600,       0,       0,       0,       0,       0,       0,       0,       0,       0,       0,       0,       0,       0,       0,       0,       0,   -3065,    -596,   -2585,    -374,    -221,       0,       0,     -27,       0,   -1981,    -117,    -108,   -3059,   -3058,      -6,      -7,  100.0,   45.0,   49.3,   24.8,   12.8,    0.5,    0.0,    0.8,    0.8,   22.9,   24.7,    3.5,   97.6,   92.4,    2.4,    7.6,  100.0,   45.0,   49.3,   24.8,   12.8,    0.5,    0.0,    0.8,    0.8,   22.9,   24.7,    3.5,   97.6,   92.4,    2.4,    7.6,  100.0,    0.0,    0.0,    0.0,    0.0,    0.0,    0.0,    0.0,    0.0,    0.0,    0.0,    0.0,    0.0,    0.0,    0.0,    0.0,     32,      7,     12,.,.,.,      0,.,.,.,      6,      5,     17,     24,     32,      7,     12,.,.,.,      0,.,.,.,      6,      5,     17,     24,      0,      0,      0,      0,      0,      0,      0,      0,      0,      0,      0,      0,      0,      0,    82.6,    50.6,    92.4,    74.4,    82.6,    49.4,    90.4,    71.9,    82.6,    50.6,    92.4,    74.4,    82.6,    49.4,    90.4,    71.9,     0.0,     0.0,     0.0,     0.0,     0.0,     0.0,     0.0,     0.0,"(CONTRACTS OF 200,000 POUNDS)",052644,CME ,052 ,A25,FutOnly
LEAN HOGS - CHICAGO MERCANTILE EXCHANGE,260811,2026-08-11,054642,CME ,00,054 ,  265819,   35210,   52177,   76333,    2831,    2737,   59057,   83420,   46237,   13158,   44164,   15453,  248185,  247019,   17634,   18800,  135454,   18101,   18682,   35181,    2233,    1267,   51786,   75416,    5146,   13026,   20288,    2757,  127264,  125789,    8190,    9665,  130365,   17109,   33495,   41678,    1124,     944,   35616,   36349,   12746,    9073,   32817,    3755,  120921,  121230,    9444,    9135,    3887,    -569,   -3856,    1320,    -674,      58,    2714,    7898,    -712,    -407,     881,     807,    3211,    4402,     676,    -515,  100.0,   13.2,   19.6,   28.7,    1.1,    1.0,   22.2,   31.4,   17.4,    4.9,   16.6,    5.8,   93.4,   92.9,    6.6,    7.1,  100.0,   13.4,   13.8,   26.0,    1.6,    0.9,   38.2,   55.7,    3.8,    9.6,   15.0,    2.0,   94.0,   92.9,    6.0,    7.1,  100.0,   13.1,   25.7,   32.0,    0.9,    0.7,   27.3,   27.9,    9.8,    7.0,   25.2,    2.9,   92.8,   93.0,    7.2,    7.0,    324,     61,     69,     19,      4,     13,     47,     75,     60,     35,     37,     46,    234,    247,    301,     45,     52,     17,      6,      6,     47,     74,     29,     31,     44,     19,    178,    193,    232,     38,     58,     17,      4,      9,     40,     35,     35,     29,     26,     26,    156,    166,    18.4,    15.5,    28.7,    24.8,    17.7,    14.3,    26.5,    22.5,    23.9,    16.3,    35.7,    28.0,    23.9,    16.3,    35.7,    28.0,    18.1,    22.1,    32.3,    33.4,    18.0,    22.0,    32.2,    33.3,"(CONTRACTS OF 40,000 POUNDS)",054642,CME ,054 ,A20,FutOnly
LIVE CATTLE - CHICAGO MERCANTILE EXCHANGE,260811,2026-08-11,057642,CME ,00,057 ,  276625,   36238,  134768,   68068,    4699,     856,   82466,   16517,   38732,   12133,   34070,   11435,  249928,  241077,   26697,   35548,  276625,   36238,  134768,   68068,    4699,     856,   82466,   16517,   38732,   12133,   34070,   11435,  249928,  241077,   26697,   35548,       0,       0,       0,       0,       0,       0,       0,       0,       0,       0,       0,       0,       0,       0,       0,       0,  -15135,   -6288,   -4667,    -346,   -2545,   -1092,    -772,   -1755,   -4178,   -2268,   -1709,   -1276,  -16220,  -17222,    1085,    2087,  100.0,   13.1,   48.7,   24.6,    1.7,    0.3,   29.8,    6.0,   14.0,    4.4,   12.3,    4.1,   90.3,   87.1,    9.7,   12.9,  100.0,   13.1,   48.7,   24.6,    1.7,    0.3,   29.8,    6.0,   14.0,    4.4,   12.3,    4.1,   90.3,   87.1,    9.7,   12.9,  100.0,    0.0,    0.0,    0.0,    0.0,    0.0,    0.0,    0.0,    0.0,    0.0,    0.0,    0.0,    0.0,    0.0,    0.0,    0.0,    363,     89,    133,     18,      5,      7,     75,     27,     58,     37,     31,     41,    270,    270,    363,     89,    133,     18,      5,      7,     75,     27,     58,     37,     31,     41,    270,    270,      0,      0,      0,      0,      0,      0,      0,      0,      0,      0,      0,      0,      0,      0,    15.8,    16.1,    25.1,    25.4,    15.2,    15.9,    23.5,    25.0,    15.8,    16.1,    25.1,    25.4,    15.2,    15.9,    23.5,    25.0,     0.0,     0.0,     0.0,     0.0,     0.0,     0.0,     0.0,     0.0,"(CONTRACTS OF 40,000 POUNDS)",057642,CME ,057 ,A20,FutOnly
LUMBER - CHICAGO MERCANTILE EXCHANGE,260811,2026-08-11,058644,CME ,00,058 ,    8239,    4950,    1264,     655,     658,       0,     273,    3992,       1,    1290,    1484,     169,    7338,    7568,     901,     671,    8239,    4950,    1264,     655,     658,       0,     273,    3992,       1,    1290,    1484,     169,    7338,    7568,     901,     671,       0,       0,       0,       0,       0,       0,       0,       0,       0,       0,       0,       0,       0,       0,       0,       0,     816,    1303,   -1432,      68,    -348,       0,    -708,    2417,       1,      65,     -15,      70,     799,     693,      17,     123,  100.0,   60.1,   15.3,    7.9,    8.0,    0.0,    3.3,   48.5,    0.0,   15.7,   18.0,    2.1,   89.1,   91.9,   10.9,    8.1,  100.0,   60.1,   15.3,    7.9,    8.0,    0.0,    3.3,   48.5,    0.0,   15.7,   18.0,    2.1,   89.1,   91.9,   10.9,    8.1,  100.0,    0.0,    0.0,    0.0,    0.0,    0.0,    0.0,    0.0,    0.0,    0.0,    0.0,    0.0,    0.0,    0.0,    0.0,    0.0,     91,     30,     18,.,.,      0,.,     23,.,     14,     12,      8,     50,     63,     91,     30,     18,.,.,      0,.,     23,.,     14,     12,      8,     50,     63,      0,      0,      0,      0,      0,      0,      0,      0,      0,      0,      0,      0,      0,      0,    33.4,    25.5,    50.6,    41.5,    31.9,    25.5,    48.8,    41.5,    33.4,    25.5,    50.6,    41.5,    31.9,    25.5,    48.8,    41.5,     0.0,     0.0,     0.0,     0.0,     0.0,     0.0,     0.0,     0.0,"(CONTRACTS OF 27,500 BOARD FEET)",058644,CME ,058 ,N30,FutOnly
FEEDER CATTLE - CHICAGO MERCANTILE EXCHANGE,260811,2026-08-11,061641,CME ,00,061 ,   65594,    8452,   12468,    7871,    1096,    2199,   17685,    6783,    9628,    2081,   15364,    6590,   54506,   54128,   11088,   11466,   65594,    8452,   12468,    7871,    1096,    2199,   17685,    6783,    9628,    2081,   15364,    6590,   54506,   54128,   11088,   11466,       0,       0,       0,       0,       0,       0,       0,       0,       0,       0,       0,       0,       0,       0,       0,       0,    -134,    1123,     825,      38,      33,    -277,    -249,    -751,     165,    -179,    1681,   -1220,    -599,     456,     465,    -590,  100.0,   12.9,   19.0,   12.0,    1.7,    3.4,   27.0,   10.3,   14.7,    3.2,   23.4,   10.0,   83.1,   82.5,   16.9,   17.5,  100.0,   12.9,   19.0,   12.0,    1.7,    3.4,   27.0,   10.3,   14.7,    3.2,   23.4,   10.0,   83.1,   82.5,   16.9,   17.5,  100.0,    0.0,    0.0,    0.0,    0.0,    0.0,    0.0,    0.0,    0.0,    0.0,    0.0,    0.0,    0.0,    0.0,    0.0,    0.0,    261,     57,     66,     11,      7,     10,     45,     20,     27,     30,     41,     41,    187,    183,    261,     57,     66,     11,      7,     10,     45,     20,     27,     30,     41,     41,    187,    183,      0,      0,      0,      0,      0,      0,      0,      0,      0,      0,      0,      0,      0,      0,    13.5,    18.6,    23.6,    28.3,     9.7,    16.6,    17.9,    23.7,    13.5,    18.6,    23.6,    28.3,     9.7,    16.6,    17.9,    23.7,     0.0,     0.0,     0.0,     0.0,     0.0,     0.0,     0.0,     0.0,"(CONTRACTS OF 50,000 POUNDS)",061641,CME ,061 ,A20,FutOnly
CHEESE (CASH-SETTLED) - CHICAGO MERCANTILE EXCHANGE,260811,2026-08-11,063642,CME ,00,063 ,   30131,   15277,   14664,   10022,    2908,    1258,     580,    2663,     888,      91,    6307,     978,   29094,   29666,    1037,     465,   30131,   15277,   14664,   10022,    2908,    1258,     580,    2663,     888,      91,    6307,     978,   29094,   29666,    1037,     465,       0,       0,       0,       0,       0,       0,       0,       0,       0,       0,       0,       0,       0,       0,       0,       0,   -3269,   -2306,   -2225,    -849,      11,      20,    -156,     125,     -21,      56,   -1249,      29,   -3227,   -3310,     -42,      41,  100.0,   50.7,   48.7,   33.3,    9.7,    4.2,    1.9,    8.8,    2.9,    0.3,   20.9,    3.2,   96.6,   98.5,    3.4,    1.5,  100.0,   50.7,   48.7,   33.3,    9.7,    4.2,    1.9,    8.8,    2.9,    0.3,   20.9,    3.2,   96.6,   98.5,    3.4,    1.5,  100.0,    0.0,    0.0,    0.0,    0.0,    0.0,    0.0,    0.0,    0.0,    0.0,    0.0,    0.0,    0.0,    0.0,    0.0,    0.0,     73,     24,     26,.,.,.,.,     12,.,.,     12,      9,     42,     58,     73,     24,     26,.,.,.,.,     12,.,.,     12,      9,     42,     58,      0,      0,      0,      0,      0,      0,      0,      0,      0,      0,      0,      0,      0,      0,    51.3,    32.6,    69.4,    52.9,    50.6,    27.4,    67.2,    47.3,    51.3,    32.6,    69.4,    52.9,    50.6,    27.4,    67.2,    47.3,     0.0,     0.0,     0.0,     0.0,     0.0,     0.0,     0.0,     0.0,"(CONTRACTS OF 20,000 POUNDS)",063642,CME ,063 ,A25,FutOnly
MID-C DAY-AHEAD PEAK - ICE FUTURES ENERGY DIV,260811,2026-08-11,064391,IFED,01,064 ,   44502,   26458,   31036,    7132,     150,    2424,    1975,    5897,    1477,    1831,     770,    2600,   43897,   44354,     605,     148,   44502,   26458,   31036,    7132,     150,    2424,    1975,    5897,    1477,    1831,     770,    2600,   43897,   44354,     605,     148,       0,       0,       0,       0,       0,       0,       0,       0,       0,       0,       0,       0,       0,       0,       0,       0,     495,     -29,     128,     197,     -40,     -18,     154,       2,     -35,    -106,     108,     333,     496,     478,      -1,      17,  100.0,   59.5,   69.7,   16.0,    0.3,    5.4,    4.4,   13.3,    3.3,    4.1,    1.7,    5.8,   98.6,   99.7,    1.4,    0.3,  100.0,   59.5,   69.7,   16.0,    0.3,    5.4,    4.4,   13.3,    3.3,    4.1,    1.7,    5.8,   98.6,   99.7,    1.4,    0.3,  100.0,    0.0,    0.0,    0.0,    0.0,    0.0,    0.0,    0.0,    0.0,    0.0,    0.0,    0.0,    0.0,    0.0,    0.0,    0.0,     60,     25,     26,      6,.,      4,.,     10,      4,      6,      5,      7,     46,     51,     60,     25,     26,      6,.,      4,.,     10,      4,      6,      5,      7,     46,     51,      0,      0,      0,      0,      0,      0,      0,      0,      0,      0,      0,      0,      0,      0,    38.2,    43.9,    59.5,    67.0,    34.2,    42.9,    47.0,    61.1,    38.2,    43.9,    59.5,    67.0,    34.2,    42.9,    47.0,    61.1,     0.0,     0.0,     0.0,     0.0,     0.0,     0.0,     0.0,     0.0,(Contracts of about 400 MWh),064391,IFED,064 ,N16,FutOnly
MID-C DAY-AHEAD OFF-PEAK - ICE FUTURES ENERGY DIV,260811,2026-08-11,064392,IFED,01,064 ,   28979,   16872,   19354,    4697,     230,    1796,     777,    3665,     471,    2900,    2499,     689,   28202,   28704,     777,     275,   28979,   16872,   19354,    4697,     230,    1796,     777,    3665,     471,    2900,    2499,     689,   28202,   28704,     777,     275,       0,       0,       0,       0,       0,       0,       0,       0,       0,       0,       0,       0,       0,       0,       0,       0,    -395,     -75,     -31,     210,      95,    -300,      10,       5,      -5,      -4,      72,    -231,    -395,    -395,       0,       0,  100.0,   58.2,   66.8,   16.2,    0.8,    6.2,    2.7,   12.6,    1.6,   10.0,    8.6,    2.4,   97.3,   99.1,    2.7,    0.9,  100.0,   58.2,   66.8,   16.2,    0.8,    6.2,    2.7,   12.6,    1.6,   10.0,    8.6,    2.4,   97.3,   99.1,    2.7,    0.9,  100.0,    0.0,    0.0,    0.0,    0.0,    0.0,    0.0,    0.0,    0.0,    0.0,    0.0,    0.0,    0.0,    0.0,    0.0,    0.0,     42,     21,     21,      4,.,.,.,      4,.,      4,      4,.,     33,     36,     42,     21,     21,      4,.,.,.,      4,.,      4,      4,.,     33,     36,      0,      0,      0,      0,      0,      0,      0,      0,      0,      0,      0,      0,      0,      0,    45.0,    42.8,    61.6,    71.4,    34.5,    39.5,    46.4,    57.0,    45.0,    42.8,    61.6,    71.4,    34.5,    39.5,    46.4,    57.0,     0.0,     0.0,     0.0,     0.0,     0.0,     0.0,     0.0,     0.0,(Contracts of about 352 MWh),064392,IFED,064 ,N16,FutOnly
PJM WESTERN HUB RT OFF - ICE FUTURES ENERGY DIV,260811,2026-08-11,064394,IFED,01,064 ,  259270,  103089,  156014,    3816,   45944,   13363,  101229,    5072,   12580,    9616,   11302,   14582,  258275,  258857,     995,     413,  259270,  103089,  156014,    3816,   45944,   13363,  101229,    5072,   12580,    9616,   11302,   14582,  258275,  258857,     995,     413,       0,       0,       0,       0,       0,       0,       0,       0,       0,       0,       0,       0,       0,       0,       0,       0,   -9793,   -8238,   -3254,    -128,   -2907,      70,    3537,    -343,   -1460,    1714,    -780,    -972,   -5477,   -9646,   -4316,    -147,  100.0,   39.8,   60.2,    1.5,   17.7,    5.2,   39.0,    2.0,    4.9,    3.7,    4.4,    5.6,   99.6,   99.8,    0.4,    0.2,  100.0,   39.8,   60.2,    1.5,   17.7,    5.2,   39.0,    2.0,    4.9,    3.7,    4.4,    5.6,   99.6,   99.8,    0.4,    0.2,  100.0,    0.0,    0.0,    0.0,    0.0,    0.0,    0.0,    0.0,    0.0,    0.0,    0.0,    0.0,    0.0,    0.0,    0.0,    0.0,     85,     35,     30,.,      7,      7,     20,.,      9,     10,      7,     11,     78,     63,     85,     35,     30,.,      7,      7,     20,.,      9,     10,      7,     11,     78,     63,      0,      0,      0,      0,      0,      0,      0,      0,      0,      0,      0,      0,      0,      0,    42.6,    41.8,    55.4,    60.1,    38.1,    34.4,    46.7,    46.5,    42.6,    41.8,    55.4,    60.1,    38.1,    34.4,    46.7,    46.5,     0.0,     0.0,     0.0,     0.0,     0.0,     0.0,     0.0,     0.0,(Contracts of about 352 MWh),064394,IFED,064 ,N16,FutOnly
SP15 FIN DA PEAK FIXED - ICE FUTURES ENERGY DIV,260811,2026-08-11,064395,IFED,01,064 ,  104927,   72250,   51451,   10950,   15242,    2967,     998,   19340,    7174,    4694,    2692,    5725,  104758,  104591,     169,     336,  104927,   72250,   51451,   10950,   15242,    2967,     998,   19340,    7174,    4694,    2692,    5725,  104758,  104591,     169,     336,       0,       0,       0,       0,       0,       0,       0,       0,       0,       0,       0,       0,       0,       0,       0,       0,   -7525,   -5969,   -1410,    -561,   -1146,    -262,     144,   -2794,    -611,    -118,   -1235,    -141,   -7518,   -7599,      -7,      74,  100.0,   68.9,   49.0,   10.4,   14.5,    2.8,    1.0,   18.4,    6.8,    4.5,    2.6,    5.5,   99.8,   99.7,    0.2,    0.3,  100.0,   68.9,   49.0,   10.4,   14.5,    2.8,    1.0,   18.4,    6.8,    4.5,    2.6,    5.5,   99.8,   99.7,    0.2,    0.3,  100.0,    0.0,    0.0,    0.0,    0.0,    0.0,    0.0,    0.0,    0.0,    0.0,    0.0,    0.0,    0.0,    0.0,    0.0,    0.0,     76,     31,     28,      4,      4,      6,.,     13,.,      8,      8,     11,     57,     61,     76,     31,     28,      4,      4,      6,.,     13,.,      8,      8,     11,     57,     61,      0,      0,      0,      0,      0,      0,      0,      0,      0,      0,      0,      0,      0,      0,    45.4,    42.2,    72.9,    60.1,    43.7,    35.2,    61.2,    50.0,    45.4,    42.2,    72.9,    60.1,    43.7,    35.2,    61.2,    50.0,     0.0,     0.0,     0.0,     0.0,     0.0,     0.0,     0.0,     0.0,(Contracts of about 400 MWh),064395,IFED,064 ,N16,FutOnly
CAISO SP-15 DA OFF-PK FIXED - ICE FUTURES ENERGY DIV,260811,2026-08-11,064396,IFED,01,064 ,   80700,   55217,   35370,    3561,    8787,    6547,    6215,    7468,    4937,     399,   13905,    3541,   80417,   80555,     283,     145,   80700,   55217,   35370,    3561,    8787,    6547,    6215,    7468,    4937,     399,   13905,    3541,   80417,   80555,     283,     145,       0,       0,       0,       0,       0,       0,       0,       0,       0,       0,       0,       0,       0,       0,       0,       0,   -5765,   -2137,   -2610,   -1016,    -476,      13,   -1102,   -1727,    -652,     -46,     520,    -803,   -5743,   -5735,     -22,     -30,  100.0,   68.4,   43.8,    4.4,   10.9,    8.1,    7.7,    9.3,    6.1,    0.5,   17.2,    4.4,   99.6,   99.8,    0.4,    0.2,  100.0,   68.4,   43.8,    4.4,   10.9,    8.1,    7.7,    9.3,    6.1,    0.5,   17.2,    4.4,   99.6,   99.8,    0.4,    0.2,  100.0,    0.0,    0.0,    0.0,    0.0,    0.0,    0.0,    0.0,    0.0,    0.0,    0.0,    0.0,    0.0,    0.0,    0.0,    0.0,     44,     22,     18,      5,.,      5,.,.,.,.,      4,      5,     39,     31,     44,     22,     18,      5,.,      5,.,.,.,.,      4,      5,     39,     31,      0,      0,      0,      0,      0,      0,      0,      0,      0,      0,      0,      0,      0,      0,    47.4,    53.2,    71.2,    76.1,    41.7,    45.8,    59.0,    63.1,    47.4,    53.2,    71.2,    76.1,    41.7,    45.8,    59.0,    63.1,     0.0,     0.0,     0.0,     0.0,     0.0,     0.0,     0.0,     0.0,(Contracts of about 352 MWh),064396,IFED,064 ,N16,FutOnly
PJM AEP DAYTON RT OFF-PK FIXED - ICE FUTURES ENERGY DIV,260811,2026-08-11,06439A,IFED,01,064 ,   53457,   27541,   24042,     598,   10915,    2561,     130,   10065,    1814,   19092,    1623,    1172,   52908,   52192,     549,    1265,   53457,   27541,   24042,     598,   10915,    2561,     130,   10065,    1814,   19092,    1623,    1172,   52908,   52192,     549,    1265,       0,       0,       0,       0,       0,       0,       0,       0,       0,       0,       0,       0,       0,       0,       0,       0,   -1346,      52,   -1677,     -45,    -870,    -105,    -111,    1189,       6,   -1064,     -32,     390,    -877,   -1099,    -469,    -247,  100.0,   51.5,   45.0,    1.1,   20.4,    4.8,    0.2,   18.8,    3.4,   35.7,    3.0,    2.2,   99.0,   97.6,    1.0,    2.4,  100.0,   51.5,   45.0,    1.1,   20.4,    4.8,    0.2,   18.8,    3.4,   35.7,    3.0,    2.2,   99.0,   97.6,    1.0,    2.4,  100.0,    0.0,    0.0,    0.0,    0.0,    0.0,    0.0,    0.0,    0.0,    0.0,    0.0,    0.0,    0.0,    0.0,    0.0,    0.0,     44,     23,     20,.,      6,      7,.,      5,.,      4,.,      5,     40,     38,     44,     23,     20,.,      6,      7,.,      5,.,      4,.,      5,     40,     38,      0,      0,      0,      0,      0,      0,      0,      0,      0,      0,      0,      0,      0,      0,    56.9,    40.3,    69.2,    59.5,    51.4,    36.2,    56.4,    48.6,    56.9,    40.3,    69.2,    59.5,    51.4,    36.2,    56.4,    48.6,     0.0,     0.0,     0.0,     0.0,     0.0,     0.0,     0.0,     0.0,(Contracts of about 352 MWh),06439A,IFED,064 ,N16,FutOnly
PJM AEP DAYTON RT PEAK FIXED - ICE FUTURES ENERGY DIV,260811,2026-08-11,06439B,IFED,01,064 ,   69431,   34864,   36222,    2098,   11655,    3442,    5359,    9768,    3224,   17348,    2368,    1860,   68195,   68539,    1236,     892,   69431,   34864,   36222,    2098,   11655,    3442,    5359,    9768,    3224,   17348,    2368,    1860,   68195,   68539,    1236,     892,       0,       0,       0,       0,       0,       0,       0,       0,       0,       0,       0,       0,       0,       0,       0,       0,   -2099,     308,    -817,     -15,    -388,    -281,    -691,    -300,     225,   -1013,    -943,     411,   -1056,   -2093,   -1043,      -6,  100.0,   50.2,   52.2,    3.0,   16.8,    5.0,    7.7,   14.1,    4.6,   25.0,    3.4,    2.7,   98.2,   98.7,    1.8,    1.3,  100.0,   50.2,   52.2,    3.0,   16.8,    5.0,    7.7,   14.1,    4.6,   25.0,    3.4,    2.7,   98.2,   98.7,    1.8,    1.3,  100.0,    0.0,    0.0,    0.0,    0.0,    0.0,    0.0,    0.0,    0.0,    0.0,    0.0,    0.0,    0.0,    0.0,    0.0,    0.0,     59,     26,     23,.,      4,      7,      8,      5,      4,      5,      6,      7,     53,     45,     59,     26,     23,.,      4,      7,      8,      5,      4,      5,      6,      7,     53,     45,      0,      0,      0,      0,      0,      0,      0,      0,      0,      0,      0,      0,      0,      0,    43.6,    41.2,    61.3,    58.0,    39.3,    38.2,    49.5,    47.7,    43.6,    41.2,    61.3,    58.0,    39.3,    38.2,    49.5,    47.7,     0.0,     0.0,     0.0,     0.0,     0.0,     0.0,     0.0,     0.0,(Contracts of 800 MWh),06439B,IFED,064 ,N16,FutOnly
PJM AEP DAYTON HUB DA OFF-PK  - ICE FUTURES ENERGY DIV,260811,2026-08-11,06439C,IFED,01,064 ,   53412,   25205,    9526,    3271,   27125,    1089,       0,    2381,     541,   20964,   11474,     716,   51786,   52852,    1626,     560,   53412,   25205,    9526,    3271,   27125,    1089,       0,    2381,     541,   20964,   11474,     716,   51786,   52852,    1626,     560,       0,       0,       0,       0,       0,       0,       0,       0,       0,       0,       0,       0,       0,       0,       0,       0,   -2519,   -1324,     205,     516,   -1127,    -362,       0,    -323,      22,    -124,    -408,    -106,   -1378,   -2099,   -1141,    -420,  100.0,   47.2,   17.8,    6.1,   50.8,    2.0,    0.0,    4.5,    1.0,   39.2,   21.5,    1.3,   97.0,   99.0,    3.0,    1.0,  100.0,   47.2,   17.8,    6.1,   50.8,    2.0,    0.0,    4.5,    1.0,   39.2,   21.5,    1.3,   97.0,   99.0,    3.0,    1.0,  100.0,    0.0,    0.0,    0.0,    0.0,    0.0,    0.0,    0.0,    0.0,    0.0,    0.0,    0.0,    0.0,    0.0,    0.0,    0.0,     48,     23,     20,      4,      5,      7,      0,.,.,      6,      4,      4,     38,     38,     48,     23,     20,      4,      5,      7,      0,.,.,      6,      4,      4,     38,     38,      0,      0,      0,      0,      0,      0,      0,      0,      0,      0,      0,      0,      0,      0,    48.8,    69.4,    66.3,    81.3,    47.8,    68.3,    63.8,    77.3,    48.8,    69.4,    66.3,    81.3,    47.8,    68.3,    63.8,    77.3,     0.0,     0.0,     0.0,     0.0,     0.0,     0.0,     0.0,     0.0,(Contracts of about 352 MWh),06439C,IFED,064 ,N16,FutOnly
AEP DAYTON HUB DA PEAK DAILY - ICE FUTURES ENERGY DIV,260811,2026-08-11,06439E,IFED,01,064 ,    4400,    4100,    3650,     100,       0,       0,       0,     150,       0,     200,     600,       0,    4400,    4400,       0,       0,    4400,    4100,    3650,     100,       0,       0,       0,     150,       0,     200,     600,       0,    4400,    4400,       0,       0,       0,       0,       0,       0,       0,       0,       0,       0,       0,       0,       0,       0,       0,       0,       0,       0,.,.,.,.,.,.,.,.,.,.,.,.,.,.,.,.,  100.0,   93.2,   83.0,    2.3,    0.0,    0.0,    0.0,    3.4,    0.0,    4.5,   13.6,    0.0,  100.0,  100.0,    0.0,    0.0,  100.0,   93.2,   83.0,    2.3,    0.0,    0.0,    0.0,    3.4,    0.0,    4.5,   13.6,    0.0,  100.0,  100.0,    0.0,    0.0,  100.0,    0.0,    0.0,    0.0,    0.0,    0.0,    0.0,    0.0,    0.0,    0.0,    0.0,    0.0,    0.0,    0.0,    0.0,    0.0,     22,     10,      9,.,      0,      0,      0,.,      0,.,.,      0,     14,     12,     22,     10,      9,.,      0,      0,      0,.,      0,.,.,      0,     14,     12,      0,      0,      0,      0,      0,      0,      0,      0,      0,      0,      0,      0,      0,      0,    79.5,    71.6,    90.9,    92.0,    76.1,    71.6,    87.5,    92.0,    79.5,    71.6,    90.9,    92.0,    76.1,    71.6,    87.5,    92.0,     0.0,     0.0,     0.0,     0.0,     0.0,     0.0,     0.0,     0.0,(Contracts of about 16 MWh),06439E,IFED,064 ,N16,FutOnly
PJM AEP DAYTON DA PEAK - ICE FUTURES ENERGY DIV,260811,2026-08-11,06439F,IFED,01,064 ,   62660,   31960,   18141,    4564,   25801,    1938,       0,    2834,     413,   21379,   12165,     861,   61115,   62153,    1545,     507,   62660,   31960,   18141,    4564,   25801,    1938,       0,    2834,     413,   21379,   12165,     861,   61115,   62153,    1545,     507,       0,       0,       0,       0,       0,       0,       0,       0,       0,       0,       0,       0,       0,       0,       0,       0,   -4309,   -2337,   -1169,     780,    -827,    -511,     -50,    -517,      45,    -693,    -756,    -149,   -2915,   -3884,   -1394,    -425,  100.0,   51.0,   29.0,    7.3,   41.2,    3.1,    0.0,    4.5,    0.7,   34.1,   19.4,    1.4,   97.5,   99.2,    2.5,    0.8,  100.0,   51.0,   29.0,    7.3,   41.2,    3.1,    0.0,    4.5,    0.7,   34.1,   19.4,    1.4,   97.5,   99.2,    2.5,    0.8,  100.0,    0.0,    0.0,    0.0,    0.0,    0.0,    0.0,    0.0,    0.0,    0.0,    0.0,    0.0,    0.0,    0.0,    0.0,    0.0,     59,     28,     22,      5,      4,      5,      0,.,.,      8,      6,      6,     44,     44,     59,     28,     22,      5,      4,      5,      0,.,.,      8,      6,      6,     44,     44,      0,      0,      0,      0,      0,      0,      0,      0,      0,      0,      0,      0,      0,      0,    42.1,    64.4,    58.5,    78.5,    41.4,    63.4,    56.8,    73.4,    42.1,    64.4,    58.5,    78.5,    41.4,    63.4,    56.8,    73.4,     0.0,     0.0,     0.0,     0.0,     0.0,     0.0,     0.0,     0.0,(Contracts of about 352 MWh),06439F,IFED,064 ,N16,FutOnly
MISO INDIANA  OFF-PEAK - ICE FUTURES ENERGY DIV,260811,2026-08-11,06439K,IFED,01,064 ,   42406,   36426,   23660,     140,    3727,    5195,       0,      95,     110,      35,    9400,     125,   42031,   42312,     375,      94,   42406,   36426,   23660,     140,    3727,    5195,       0,      95,     110,      35,    9400,     125,   42031,   42312,     375,      94,       0,       0,       0,       0,       0,       0,       0,       0,       0,       0,       0,       0,       0,       0,       0,       0,   -1092,   -1218,    -182,     -25,    -613,     340,       0,     -85,     -10,     -77,    -535,       0,    -990,   -1085,    -102,      -7,  100.0,   85.9,   55.8,    0.3,    8.8,   12.3,    0.0,    0.2,    0.3,    0.1,   22.2,    0.3,   99.1,   99.8,    0.9,    0.2,  100.0,   85.9,   55.8,    0.3,    8.8,   12.3,    0.0,    0.2,    0.3,    0.1,   22.2,    0.3,   99.1,   99.8,    0.9,    0.2,  100.0,    0.0,    0.0,    0.0,    0.0,    0.0,    0.0,    0.0,    0.0,    0.0,    0.0,    0.0,    0.0,    0.0,    0.0,    0.0,     29,     17,     14,.,      4,.,      0,.,.,.,.,.,     24,     22,     29,     17,     14,.,      4,.,      0,.,.,.,.,.,     24,     22,      0,      0,      0,      0,      0,      0,      0,      0,      0,      0,      0,      0,      0,      0,    83.8,    54.2,    93.3,    82.3,    65.7,    39.6,    68.7,    61.2,    83.8,    54.2,    93.3,    82.3,    65.7,    39.6,    68.7,    61.2,     0.0,     0.0,     0.0,     0.0,     0.0,     0.0,     0.0,     0.0,(Contracts of about 352 MWh),06439K,IFED,064 ,N16,FutOnly
MISO IN. REAL-TIME OFF-PEAK - ICE FUTURES ENERGY DIV,260811,2026-08-11,06439L,IFED,01,064 ,   29657,   21266,   16678,    1043,    3524,    1838,    4135,    2572,       0,      25,    3669,    1020,   29327,   29301,     330,     356,   29657,   21266,   16678,    1043,    3524,    1838,    4135,    2572,       0,      25,    3669,    1020,   29327,   29301,     330,     356,       0,       0,       0,       0,       0,       0,       0,       0,       0,       0,       0,       0,       0,       0,       0,       0,   -2342,   -1354,   -1156,    -389,    -205,    -268,    -255,    -426,       0,       0,    -247,     -50,   -2316,   -2352,     -26,      10,  100.0,   71.7,   56.2,    3.5,   11.9,    6.2,   13.9,    8.7,    0.0,    0.1,   12.4,    3.4,   98.9,   98.8,    1.1,    1.2,  100.0,   71.7,   56.2,    3.5,   11.9,    6.2,   13.9,    8.7,    0.0,    0.1,   12.4,    3.4,   98.9,   98.8,    1.1,    1.2,  100.0,    0.0,    0.0,    0.0,    0.0,    0.0,    0.0,    0.0,    0.0,    0.0,    0.0,    0.0,    0.0,    0.0,    0.0,    0.0,     29,     18,     14,.,      4,      5,.,.,      0,.,.,.,     26,     23,     29,     18,     14,.,      4,      5,.,.,      0,.,.,.,     26,     23,      0,      0,      0,      0,      0,      0,      0,      0,      0,      0,      0,      0,      0,      0,    55.3,    59.4,    75.0,    83.4,    40.2,    46.0,    49.5,    56.4,    55.3,    59.4,    75.0,    83.4,    40.2,    46.0,    49.5,    56.4,     0.0,     0.0,     0.0,     0.0,     0.0,     0.0,     0.0,     0.0,(Contracts of about 352 MWh),06439L,IFED,064 ,N16,FutOnly
ERCOT HOUSTON 345KV RT PK FIX - ICE FUTURES ENERGY DIV,260811,2026-08-11,06439N,IFED,01,064 ,   43640,   23635,   34744,    3975,    4061,    2660,    5050,     250,     250,    6320,     475,    1080,   42970,   43520,     670,     120,   43640,   23635,   34744,    3975,    4061,    2660,    5050,     250,     250,    6320,     475,    1080,   42970,   43520,     670,     120,       0,       0,       0,       0,       0,       0,       0,       0,       0,       0,       0,       0,       0,       0,       0,       0,   -1657,   -1034,   -1120,     -55,    -342,     -35,    -200,     -50,     -50,    -250,     -35,       0,   -1624,   -1632,     -33,     -25,  100.0,   54.2,   79.6,    9.1,    9.3,    6.1,   11.6,    0.6,    0.6,   14.5,    1.1,    2.5,   98.5,   99.7,    1.5,    0.3,  100.0,   54.2,   79.6,    9.1,    9.3,    6.1,   11.6,    0.6,    0.6,   14.5,    1.1,    2.5,   98.5,   99.7,    1.5,    0.3,  100.0,    0.0,    0.0,    0.0,    0.0,    0.0,    0.0,    0.0,    0.0,    0.0,    0.0,    0.0,    0.0,    0.0,    0.0,    0.0,     33,     16,     14,.,.,      4,.,.,.,      4,.,      4,     27,     25,     33,     16,     14,.,.,      4,.,.,.,      4,.,      4,     27,     25,      0,      0,      0,      0,      0,      0,      0,      0,      0,      0,      0,      0,      0,      0,    38.1,    69.4,    59.5,    85.9,    36.1,    69.3,    55.1,    76.4,    38.1,    69.4,    59.5,    85.9,    36.1,    69.3,    55.1,    76.4,     0.0,     0.0,     0.0,     0.0,     0.0,     0.0,     0.0,     0.0,(Contracts of about 352 MWh),06439N,IFED,064 ,N16,FutOnly
ERCOT Houston 345KV RT OFF FIX - ICE FUTURES ENERGY DIV,260811,2026-08-11,06439Q,IFED,01,064 ,   41650,   22040,   33209,    3405,    4201,    2660,    5050,     250,     250,    6690,       0,     960,   41055,   41530,     595,     120,   41650,   22040,   33209,    3405,    4201,    2660,    5050,     250,     250,    6690,       0,     960,   41055,   41530,     595,     120,       0,       0,       0,       0,       0,       0,       0,       0,       0,       0,       0,       0,       0,       0,       0,       0,   -1377,    -834,    -900,      25,    -302,     -55,    -200,     -50,     -50,    -250,       0,       0,   -1364,   -1357,     -13,     -20,  100.0,   52.9,   79.7,    8.2,   10.1,    6.4,   12.1,    0.6,    0.6,   16.1,    0.0,    2.3,   98.6,   99.7,    1.4,    0.3,  100.0,   52.9,   79.7,    8.2,   10.1,    6.4,   12.1,    0.6,    0.6,   16.1,    0.0,    2.3,   98.6,   99.7,    1.4,    0.3,  100.0,    0.0,    0.0,    0.0,    0.0,    0.0,    0.0,    0.0,    0.0,    0.0,    0.0,    0.0,    0.0,    0.0,    0.0,    0.0,     33,     15,     12,.,.,      4,.,.,.,      5,      0,.,     26,     22,     33,     15,     12,.,.,      4,.,.,.,      5,      0,.,     26,     22,      0,      0,      0,      0,      0,      0,      0,      0,      0,      0,      0,      0,      0,      0,    34.9,    70.6,    57.4,    87.9,    33.1,    70.3,    53.0,    77.2,    34.9,    70.6,    57.4,    87.9,    33.1,    70.3,    53.0,    77.2,     0.0,     0.0,     0.0,     0.0,     0.0,     0.0,     0.0,     0.0,(Contracts of about 352 MWh),06439Q,IFED,064 ,N16,FutOnly
ERCOT NORTH 345KV RT PK FIX - ICE FUTURES ENERGY DIV,260811,2026-08-11,06439R,IFED,01,064 ,  258878,  107393,  164948,   13147,   23088,   14713,   66256,    7899,   24172,   22107,   13596,    9783,  257571,  258199,    1307,     679,  258878,  107393,  164948,   13147,   23088,   14713,   66256,    7899,   24172,   22107,   13596,    9783,  257571,  258199,    1307,     679,       0,       0,       0,       0,       0,       0,       0,       0,       0,       0,       0,       0,       0,       0,       0,       0,  -11114,   -1369,   -6557,     155,    -609,   -1162,   -7205,    -114,     -85,    -590,   -2003,    -861,  -11117,  -11391,       3,     277,  100.0,   41.5,   63.7,    5.1,    8.9,    5.7,   25.6,    3.1,    9.3,    8.5,    5.3,    3.8,   99.5,   99.7,    0.5,    0.3,  100.0,   41.5,   63.7,    5.1,    8.9,    5.7,   25.6,    3.1,    9.3,    8.5,    5.3,    3.8,   99.5,   99.7,    0.5,    0.3,  100.0,    0.0,    0.0,    0.0,    0.0,    0.0,    0.0,    0.0,    0.0,    0.0,    0.0,    0.0,    0.0,    0.0,    0.0,    0.0,    113,     42,     39,.,      8,      8,     15,     15,     14,     14,     10,     19,     94,     95,    113,     42,     39,.,      8,      8,     15,     15,     14,     14,     10,     19,     94,     95,      0,      0,      0,      0,      0,      0,      0,      0,      0,      0,      0,      0,      0,      0,    31.6,    32.4,    50.9,    51.0,    24.6,    25.1,    37.3,    36.6,    31.6,    32.4,    50.9,    51.0,    24.6,    25.1,    37.3,    36.6,     0.0,     0.0,     0.0,     0.0,     0.0,     0.0,     0.0,     0.0,(1 Mw per Peak Hour),06439R,IFED,064 ,N16,FutOnly
ERCOT SOUTH 345 KV RT PEAK FIX - ICE FUTURES ENERGY DIV,260811,2026-08-11,06439S,IFED,01,064 ,   29917,   23143,   16829,    4350,    8135,     704,       0,    3375,       0,    1025,       0,     425,   29647,   29468,     270,     449,   29917,   23143,   16829,    4350,    8135,     704,       0,    3375,       0,    1025,       0,     425,   29647,   29468,     270,     449,       0,       0,       0,       0,       0,       0,       0,       0,       0,       0,       0,       0,       0,       0,       0,       0,   -1753,    -948,   -1094,     -45,    -328,    -131,    -150,     -75,       0,    -465,     -80,       0,   -1739,   -1708,     -14,     -45,  100.0,   77.4,   56.3,   14.5,   27.2,    2.4,    0.0,   11.3,    0.0,    3.4,    0.0,    1.4,   99.1,   98.5,    0.9,    1.5,  100.0,   77.4,   56.3,   14.5,   27.2,    2.4,    0.0,   11.3,    0.0,    3.4,    0.0,    1.4,   99.1,   98.5,    0.9,    1.5,  100.0,    0.0,    0.0,    0.0,    0.0,    0.0,    0.0,    0.0,    0.0,    0.0,    0.0,    0.0,    0.0,    0.0,    0.0,    0.0,     25,     13,      8,.,.,.,      0,.,      0,.,      0,.,     19,     14,     25,     13,      8,.,.,.,      0,.,      0,.,      0,.,     19,     14,      0,      0,      0,      0,      0,      0,      0,      0,      0,      0,      0,      0,      0,      0,    49.9,    51.1,    74.6,    86.7,    49.9,    51.1,    71.3,    84.4,    49.9,    51.1,    74.6,    86.7,    49.9,    51.1,    71.3,    84.4,     0.0,     0.0,     0.0,     0.0,     0.0,     0.0,     0.0,     0.0,(1 Mw per Peak Hour),06439S,IFED,064 ,N16,FutOnly
ERCOT-SOUTH MONTHLY OFFPEAK - ICE FUTURES ENERGY DIV,260811,2026-08-11,06439U,IFED,01,064 ,   28880,   22095,   16549,    4350,    7177,     980,       0,    3375,       0,     825,       0,     360,   28610,   28441,     270,     439,   28880,   22095,   16549,    4350,    7177,     980,       0,    3375,       0,     825,       0,     360,   28610,   28441,     270,     439,       0,       0,       0,       0,       0,       0,       0,       0,       0,       0,       0,       0,       0,       0,       0,       0,   -1352,    -903,    -833,     -45,    -254,    -155,       0,     -75,       0,    -235,       0,       0,   -1338,   -1317,     -14,     -35,  100.0,   76.5,   57.3,   15.1,   24.9,    3.4,    0.0,   11.7,    0.0,    2.9,    0.0,    1.2,   99.1,   98.5,    0.9,    1.5,  100.0,   76.5,   57.3,   15.1,   24.9,    3.4,    0.0,   11.7,    0.0,    2.9,    0.0,    1.2,   99.1,   98.5,    0.9,    1.5,  100.0,    0.0,    0.0,    0.0,    0.0,    0.0,    0.0,    0.0,    0.0,    0.0,    0.0,    0.0,    0.0,    0.0,    0.0,    0.0,     25,     13,      8,.,.,.,      0,.,      0,.,      0,.,     19,     14,     25,     13,      8,.,.,.,      0,.,      0,.,      0,.,     19,     14,      0,      0,      0,      0,      0,      0,      0,      0,      0,      0,      0,      0,      0,      0,    51.6,    52.7,    73.5,    87.1,    51.6,    52.7,    69.4,    83.7,    51.6,    52.7,    73.5,    87.1,    51.6,    52.7,    69.4,    83.7,     0.0,     0.0,     0.0,     0.0,     0.0,     0.0,     0.0,     0.0,(1 MW per off-peak hour),06439U,IFED,064 ,N16,FutOnly
ERCOT WEST 345KV RT PEAK - ICE FUTURES ENERGY DIV,260811,2026-08-11,06439V,IFED,01,064 ,   32238,   16381,   26198,   12183,       0,    1495,       0,    1734,     400,     874,    1249,     787,   32120,   31863,     118,     375,   32238,   16381,   26198,   12183,       0,    1495,       0,    1734,     400,     874,    1249,     787,   32120,   31863,     118,     375,       0,       0,       0,       0,       0,       0,       0,       0,       0,       0,       0,       0,       0,       0,       0,       0,   -1378,    -933,   -1136,    -320,       0,       0,       0,     -67,       0,      -1,     -40,    -120,   -1374,   -1363,      -4,     -15,  100.0,   50.8,   81.3,   37.8,    0.0,    4.6,    0.0,    5.4,    1.2,    2.7,    3.9,    2.4,   99.6,   98.8,    0.4,    1.2,  100.0,   50.8,   81.3,   37.8,    0.0,    4.6,    0.0,    5.4,    1.2,    2.7,    3.9,    2.4,   99.6,   98.8,    0.4,    1.2,  100.0,    0.0,    0.0,    0.0,    0.0,    0.0,    0.0,    0.0,    0.0,    0.0,    0.0,    0.0,    0.0,    0.0,    0.0,    0.0,     28,     14,     10,      5,      0,      4,      0,.,.,.,.,.,     24,     19,     28,     14,     10,      5,      0,      4,      0,.,.,.,.,.,     24,     19,      0,      0,      0,      0,      0,      0,      0,      0,      0,      0,      0,      0,      0,      0,    55.1,    64.5,    73.7,    86.9,    53.8,    60.1,    66.3,    76.7,    55.1,    64.5,    73.7,    86.9,    53.8,    60.1,    66.3,    76.7,     0.0,     0.0,     0.0,     0.0,     0.0,     0.0,     0.0,     0.0,(1 MW per peak hour),06439V,IFED,064 ,N16,FutOnly
ERCOT WEST 345K RT OFF-PEAK - ICE FUTURES ENERGY DIV,260811,2026-08-11,06439W,IFED,01,064 ,   32161,   16309,   26181,   12238,       0,    1435,       0,    1734,     400,     874,    1249,     787,   32043,   31786,     118,     375,   32161,   16309,   26181,   12238,       0,    1435,       0,    1734,     400,     874,    1249,     787,   32043,   31786,     118,     375,       0,       0,       0,       0,       0,       0,       0,       0,       0,       0,       0,       0,       0,       0,       0,       0,   -1377,    -933,   -1135,    -319,       0,       0,       0,     -67,       0,      -1,     -40,    -120,   -1373,   -1362,      -4,     -15,  100.0,   50.7,   81.4,   38.1,    0.0,    4.5,    0.0,    5.4,    1.2,    2.7,    3.9,    2.4,   99.6,   98.8,    0.4,    1.2,  100.0,   50.7,   81.4,   38.1,    0.0,    4.5,    0.0,    5.4,    1.2,    2.7,    3.9,    2.4,   99.6,   98.8,    0.4,    1.2,  100.0,    0.0,    0.0,    0.0,    0.0,    0.0,    0.0,    0.0,    0.0,    0.0,    0.0,    0.0,    0.0,    0.0,    0.0,    0.0,     28,     14,     10,      5,      0,      4,      0,.,.,.,.,.,     24,     19,     28,     14,     10,      5,      0,      4,      0,.,.,.,.,.,     24,     19,      0,      0,      0,      0,      0,      0,      0,      0,      0,      0,      0,      0,      0,      0,    55.0,    64.7,    73.6,    87.2,    53.9,    60.2,    66.5,    77.0,    55.0,    64.7,    73.6,    87.2,    53.9,    60.2,    66.5,    77.0,     0.0,     0.0,     0.0,     0.0,     0.0,     0.0,     0.0,     0.0,(1 MW per Off-Peak Hour),06439W,IFED,064 ,N16,FutOnly
ERCOT - NORTH MONTHLY OFF-PEAK - ICE FUTURES ENERGY DIV,260811,2026-08-11,0643A8,IFED,01,064 ,  112950,   81048,   77106,   11126,    6932,    8752,    5710,    4225,    3950,       0,    9384,    1805,  112391,  112154,     559,     796,  112950,   81048,   77106,   11126,    6932,    8752,    5710,    4225,    3950,       0,    9384,    1805,  112391,  112154,     559,     796,       0,       0,       0,       0,       0,       0,       0,       0,       0,       0,       0,       0,       0,       0,       0,       0,   -2623,     279,   -2737,    -677,     600,    -239,   -1655,    -240,    -100,       0,     326,    -200,   -2592,   -2590,     -31,     -33,  100.0,   71.8,   68.3,    9.9,    6.1,    7.7,    5.1,    3.7,    3.5,    0.0,    8.3,    1.6,   99.5,   99.3,    0.5,    0.7,  100.0,   71.8,   68.3,    9.9,    6.1,    7.7,    5.1,    3.7,    3.5,    0.0,    8.3,    1.6,   99.5,   99.3,    0.5,    0.7,  100.0,    0.0,    0.0,    0.0,    0.0,    0.0,    0.0,    0.0,    0.0,    0.0,    0.0,    0.0,    0.0,    0.0,    0.0,    0.0,     48,     20,     21,.,.,      5,      5,.,.,      0,      9,      6,     36,     39,     48,     20,     21,.,.,      5,      5,.,.,      0,      9,      6,     36,     39,      0,      0,      0,      0,      0,      0,      0,      0,      0,      0,      0,      0,      0,      0,    47.0,    45.1,    72.9,    61.9,    44.8,    40.8,    63.3,    55.0,    47.0,    45.1,    72.9,    61.9,    44.8,    40.8,    63.3,    55.0,     0.0,     0.0,     0.0,     0.0,     0.0,     0.0,     0.0,     0.0,1 Mw per Off-Peak Hour,0643A8,IFED,064 ,N16,FutOnly
MISO IN. DAY-AHEAD PEAK - ICE FUTURES ENERGY DIV,260811,2026-08-11,0643AZ,IFED,01,064 ,   19364,   15298,    8560,     401,    4441,    2759,      95,     615,     150,     145,    2560,     214,   19062,   19299,     302,      65,   19364,   15298,    8560,     401,    4441,    2759,      95,     615,     150,     145,    2560,     214,   19062,   19299,     302,      65,       0,       0,       0,       0,       0,       0,       0,       0,       0,       0,       0,       0,       0,       0,       0,       0,   -1496,   -1604,    -311,     -68,    -424,     341,     -70,    -430,     -10,    -100,    -710,      65,   -1446,   -1479,     -50,     -17,  100.0,   79.0,   44.2,    2.1,   22.9,   14.2,    0.5,    3.2,    0.8,    0.7,   13.2,    1.1,   98.4,   99.7,    1.6,    0.3,  100.0,   79.0,   44.2,    2.1,   22.9,   14.2,    0.5,    3.2,    0.8,    0.7,   13.2,    1.1,   98.4,   99.7,    1.6,    0.3,  100.0,    0.0,    0.0,    0.0,    0.0,    0.0,    0.0,    0.0,    0.0,    0.0,    0.0,    0.0,    0.0,    0.0,    0.0,    0.0,     38,     24,     15,.,.,.,.,.,.,.,.,.,     33,     23,     38,     24,     15,.,.,.,.,.,.,.,.,.,     33,     23,      0,      0,      0,      0,      0,      0,      0,      0,      0,      0,      0,      0,      0,      0,    57.7,    75.2,    75.9,    89.9,    41.6,    56.6,    55.1,    63.7,    57.7,    75.2,    75.9,    89.9,    41.6,    56.6,    55.1,    63.7,     0.0,     0.0,     0.0,     0.0,     0.0,     0.0,     0.0,     0.0,(1 MW per peak hour),0643AZ,IFED,064 ,N16,FutOnly
MISO INDIANA HUB RT PEAK - ICE FUTURES ENERGY DIV,260811,2026-08-11,0643B3,IFED,01,064 ,   38891,   21602,   22023,    2807,     727,    3630,    6110,    4820,       0,       0,    3337,    3873,   38022,   38410,     869,     481,   38891,   21602,   22023,    2807,     727,    3630,    6110,    4820,       0,       0,    3337,    3873,   38022,   38410,     869,     481,       0,       0,       0,       0,       0,       0,       0,       0,       0,       0,       0,       0,       0,       0,       0,       0,   -2089,     -40,    -963,    -301,      53,     -39,   -1677,    -776,     -50,       0,    -201,     -66,   -2173,   -2042,      84,     -47,  100.0,   55.5,   56.6,    7.2,    1.9,    9.3,   15.7,   12.4,    0.0,    0.0,    8.6,   10.0,   97.8,   98.8,    2.2,    1.2,  100.0,   55.5,   56.6,    7.2,    1.9,    9.3,   15.7,   12.4,    0.0,    0.0,    8.6,   10.0,   97.8,   98.8,    2.2,    1.2,  100.0,    0.0,    0.0,    0.0,    0.0,    0.0,    0.0,    0.0,    0.0,    0.0,    0.0,    0.0,    0.0,    0.0,    0.0,    0.0,     33,     16,     18,      4,.,      4,      5,.,      0,      0,.,.,     26,     28,     33,     16,     18,      4,.,      4,      5,.,      0,      0,.,.,     26,     28,      0,      0,      0,      0,      0,      0,      0,      0,      0,      0,      0,      0,      0,      0,    51.0,    51.9,    74.1,    75.9,    37.6,    39.9,    49.9,    54.3,    51.0,    51.9,    74.1,    75.9,    37.6,    39.9,    49.9,    54.3,     0.0,     0.0,     0.0,     0.0,     0.0,     0.0,     0.0,     0.0,(Contracts of 800 MWh),0643B3,IFED,064 ,N16,FutOnly
PJM N. IL HUB DA OFF-PK  - ICE FUTURES ENERGY DIV,260811,2026-08-11,0643BC,IFED,01,064 ,   23445,   16166,   16129,    2720,    4728,     541,     600,    1310,     185,    3100,      50,       0,   23312,   22943,     133,     502,   23445,   16166,   16129,    2720,    4728,     541,     600,    1310,     185,    3100,      50,       0,   23312,   22943,     133,     502,       0,       0,       0,       0,       0,       0,       0,       0,       0,       0,       0,       0,       0,       0,       0,       0,   -1213,    -331,     241,    -120,    -449,       0,       0,    -130,       0,    -440,     -55,       0,    -891,    -393,    -322,    -820,  100.0,   69.0,   68.8,   11.6,   20.2,    2.3,    2.6,    5.6,    0.8,   13.2,    0.2,    0.0,   99.4,   97.9,    0.6,    2.1,  100.0,   69.0,   68.8,   11.6,   20.2,    2.3,    2.6,    5.6,    0.8,   13.2,    0.2,    0.0,   99.4,   97.9,    0.6,    2.1,  100.0,    0.0,    0.0,    0.0,    0.0,    0.0,    0.0,    0.0,    0.0,    0.0,    0.0,    0.0,    0.0,    0.0,    0.0,    0.0,     35,     18,     12,.,      7,      4,.,.,.,.,.,      0,     27,     21,     35,     18,     12,.,      7,      4,.,.,.,.,.,      0,     27,     21,      0,      0,      0,      0,      0,      0,      0,      0,      0,      0,      0,      0,      0,      0,    50.6,    74.4,    72.7,    88.5,    50.3,    72.0,    70.8,    84.1,    50.6,    74.4,    72.7,    88.5,    50.3,    72.0,    70.8,    84.1,     0.0,     0.0,     0.0,     0.0,     0.0,     0.0,     0.0,     0.0,(1 MW per off-peak hour),0643BC,IFED,064 ,N16,FutOnly
PJM N. IL HUB DA PEAK - ICE FUTURES ENERGY DIV,260811,2026-08-11,0643BE,IFED,01,064 ,   23183,   16020,   17431,    2460,    3373,     632,     600,     825,       0,    3176,     275,      35,   22923,   22571,     260,     612,   23183,   16020,   17431,    2460,    3373,     632,     600,     825,       0,    3176,     275,      35,   22923,   22571,     260,     612,       0,       0,       0,       0,       0,       0,       0,       0,       0,       0,       0,       0,       0,       0,       0,       0,   -1702,    -441,    -204,     -68,    -458,     -49,       0,       5,     -50,    -658,    -131,       0,   -1266,    -887,    -436,    -815,  100.0,   69.1,   75.2,   10.6,   14.5,    2.7,    2.6,    3.6,    0.0,   13.7,    1.2,    0.2,   98.9,   97.4,    1.1,    2.6,  100.0,   69.1,   75.2,   10.6,   14.5,    2.7,    2.6,    3.6,    0.0,   13.7,    1.2,    0.2,   98.9,   97.4,    1.1,    2.6,  100.0,    0.0,    0.0,    0.0,    0.0,    0.0,    0.0,    0.0,    0.0,    0.0,    0.0,    0.0,    0.0,    0.0,    0.0,    0.0,     36,     20,     10,.,      6,.,.,.,      0,.,.,.,     28,     20,     36,     20,     10,.,      6,.,.,.,      0,.,.,.,     28,     20,      0,      0,      0,      0,      0,      0,      0,      0,      0,      0,      0,      0,      0,      0,    49.0,    73.2,    69.4,    86.9,    48.9,    71.1,    68.3,    83.2,    49.0,    73.2,    69.4,    86.9,    48.9,    71.1,    68.3,    83.2,     0.0,     0.0,     0.0,     0.0,     0.0,     0.0,     0.0,     0.0,(1 MW per peak hour),0643BE,IFED,064 ,N16,FutOnly
ISO NE MASS HUB DA OFF-PK FIXD - ICE FUTURES ENERGY DIV,260811,2026-08-11,0643BF,IFED,01,064 ,   61635,   45162,   44763,    7370,    6218,    1697,     705,    6286,     312,    4872,    1069,    1184,   61302,   61529,     333,     106,   61635,   45162,   44763,    7370,    6218,    1697,     705,    6286,     312,    4872,    1069,    1184,   61302,   61529,     333,     106,       0,       0,       0,       0,       0,       0,       0,       0,       0,       0,       0,       0,       0,       0,       0,       0,   -3941,   -3418,   -2575,    -446,    -420,      93,     145,    -468,    -230,     -60,    -288,      62,   -3854,   -3826,     -87,    -115,  100.0,   73.3,   72.6,   12.0,   10.1,    2.8,    1.1,   10.2,    0.5,    7.9,    1.7,    1.9,   99.5,   99.8,    0.5,    0.2,  100.0,   73.3,   72.6,   12.0,   10.1,    2.8,    1.1,   10.2,    0.5,    7.9,    1.7,    1.9,   99.5,   99.8,    0.5,    0.2,  100.0,    0.0,    0.0,    0.0,    0.0,    0.0,    0.0,    0.0,    0.0,    0.0,    0.0,    0.0,    0.0,    0.0,    0.0,    0.0,     50,     20,     17,      6,.,      5,.,      4,      4,      4,      5,      5,     39,     36,     50,     20,     17,      6,.,      5,.,      4,      4,      4,      5,      5,     39,     36,      0,      0,      0,      0,      0,      0,      0,      0,      0,      0,      0,      0,      0,      0,    43.8,    68.2,    65.9,    78.9,    43.4,    67.6,    64.2,    77.3,    43.8,    68.2,    65.9,    78.9,    43.4,    67.6,    64.2,    77.3,     0.0,     0.0,     0.0,     0.0,     0.0,     0.0,     0.0,     0.0,(1 MW per Hour for about 368 Hours),0643BF,IFED,064 ,N16,FutOnly
ISO NE MASS HUB DA PEAK - ICE FUTURES ENERGY DIV,260811,2026-08-11,0643BG,IFED,01,064 ,   86066,   65822,   60442,    7777,    5185,    1676,    1235,   12982,    1581,    5353,    1939,    1952,   85396,   85757,     670,     309,   86066,   65822,   60442,    7777,    5185,    1676,    1235,   12982,    1581,    5353,    1939,    1952,   85396,   85757,     670,     309,       0,       0,       0,       0,       0,       0,       0,       0,       0,       0,       0,       0,       0,       0,       0,       0,   -7936,   -6591,   -4730,    -189,    -473,      10,      77,   -1249,    -920,    -177,    -480,     -99,   -7889,   -7941,     -47,       5,  100.0,   76.5,   70.2,    9.0,    6.0,    1.9,    1.4,   15.1,    1.8,    6.2,    2.3,    2.3,   99.2,   99.6,    0.8,    0.4,  100.0,   76.5,   70.2,    9.0,    6.0,    1.9,    1.4,   15.1,    1.8,    6.2,    2.3,    2.3,   99.2,   99.6,    0.8,    0.4,  100.0,    0.0,    0.0,    0.0,    0.0,    0.0,    0.0,    0.0,    0.0,    0.0,    0.0,    0.0,    0.0,    0.0,    0.0,    0.0,     67,     19,     18,      5,      4,      5,      4,     11,      6,      7,     10,     10,     48,     51,     67,     19,     18,      5,      4,      5,      4,     11,      6,      7,     10,     10,     48,     51,      0,      0,      0,      0,      0,      0,      0,      0,      0,      0,      0,      0,      0,      0,    49.4,    60.4,    66.6,    74.1,    49.0,    58.1,    64.1,    70.7,    49.4,    60.4,    66.6,    74.1,    49.0,    58.1,    64.1,    70.7,     0.0,     0.0,     0.0,     0.0,     0.0,     0.0,     0.0,     0.0,(Contracts of 800MWh),0643BG,IFED,064 ,N16,FutOnly
CAISO NP-15 PEAK - ICE FUTURES ENERGY DIV,260811,2026-08-11,0643BM,IFED,01,064 ,   45355,   25507,   28966,   11923,      95,    2063,     770,    3748,    2011,    1354,    6971,    1343,   44971,   45197,     384,     158,   45355,   25507,   28966,   11923,      95,    2063,     770,    3748,    2011,    1354,    6971,    1343,   44971,   45197,     384,     158,       0,       0,       0,       0,       0,       0,       0,       0,       0,       0,       0,       0,       0,       0,       0,       0,   -4062,   -1771,   -2028,    -871,       0,    -225,    -797,    -919,    -121,      35,    -348,    -404,   -4154,   -4045,      92,     -17,  100.0,   56.2,   63.9,   26.3,    0.2,    4.5,    1.7,    8.3,    4.4,    3.0,   15.4,    3.0,   99.2,   99.7,    0.8,    0.3,  100.0,   56.2,   63.9,   26.3,    0.2,    4.5,    1.7,    8.3,    4.4,    3.0,   15.4,    3.0,   99.2,   99.7,    0.8,    0.3,  100.0,    0.0,    0.0,    0.0,    0.0,    0.0,    0.0,    0.0,    0.0,    0.0,    0.0,    0.0,    0.0,    0.0,    0.0,    0.0,     44,     19,     15,      5,.,.,.,.,.,      5,      4,      5,     37,     27,     44,     19,     15,      5,.,.,.,.,.,      5,      4,      5,     37,     27,      0,      0,      0,      0,      0,      0,      0,      0,      0,      0,      0,      0,      0,      0,    50.1,    68.5,    71.7,    87.6,    49.9,    66.4,    65.6,    78.3,    50.1,    68.5,    71.7,    87.6,    49.9,    66.4,    65.6,    78.3,     0.0,     0.0,     0.0,     0.0,     0.0,     0.0,     0.0,     0.0,(Contracts of 400MWh),0643BM,IFED,064 ,N16,FutOnly
CAISO NP-15 DA OFF-PK FIXED - ICE FUTURES ENERGY DIV,260811,2026-08-11,0643BR,IFED,01,064 ,   48264,   22282,   32581,   18255,     750,     130,     588,    7217,    1172,    4854,    5631,     693,   47974,   48174,     290,      90,   48264,   22282,   32581,   18255,     750,     130,     588,    7217,    1172,    4854,    5631,     693,   47974,   48174,     290,      90,       0,       0,       0,       0,       0,       0,       0,       0,       0,       0,       0,       0,       0,       0,       0,       0,   -3760,   -2616,   -1985,    -922,     -25,       0,    -314,   -1834,     194,     -63,    -108,      -1,   -3722,   -3759,     -38,      -1,  100.0,   46.2,   67.5,   37.8,    1.6,    0.3,    1.2,   15.0,    2.4,   10.1,   11.7,    1.4,   99.4,   99.8,    0.6,    0.2,  100.0,   46.2,   67.5,   37.8,    1.6,    0.3,    1.2,   15.0,    2.4,   10.1,   11.7,    1.4,   99.4,   99.8,    0.6,    0.2,  100.0,    0.0,    0.0,    0.0,    0.0,    0.0,    0.0,    0.0,    0.0,    0.0,    0.0,    0.0,    0.0,    0.0,    0.0,    0.0,     34,     15,     13,      5,.,.,.,.,.,      4,.,.,     27,     21,     34,     15,     13,      5,.,.,.,.,.,      4,.,.,     27,     21,      0,      0,      0,      0,      0,      0,      0,      0,      0,      0,      0,      0,      0,      0,    56.1,    81.0,    76.0,    92.6,    55.6,    78.6,    72.8,    88.8,    56.1,    81.0,    76.0,    92.6,    55.6,    78.6,    72.8,    88.8,     0.0,     0.0,     0.0,     0.0,     0.0,     0.0,     0.0,     0.0,(1 MW per Hour for about 386 Hours),0643BR,IFED,064 ,N16,FutOnly
PJM NI HUB RT OFF-PK FIXED - ICE FUTURES ENERGY DIV,260811,2026-08-11,0643BS,IFED,01,064 ,   82062,   20892,   64573,    1794,   10613,    1854,   52740,       0,    3668,       0,     269,     300,   81248,   81277,     814,     785,   82062,   20892,   64573,    1794,   10613,    1854,   52740,       0,    3668,       0,     269,     300,   81248,   81277,     814,     785,       0,       0,       0,       0,       0,       0,       0,       0,       0,       0,       0,       0,       0,       0,       0,       0,   -2995,    -992,   -1457,    -423,    -328,     -63,   -1177,       0,     -53,    -170,      17,       0,   -2878,   -1884,    -117,   -1111,  100.0,   25.5,   78.7,    2.2,   12.9,    2.3,   64.3,    0.0,    4.5,    0.0,    0.3,    0.4,   99.0,   99.0,    1.0,    1.0,  100.0,   25.5,   78.7,    2.2,   12.9,    2.3,   64.3,    0.0,    4.5,    0.0,    0.3,    0.4,   99.0,   99.0,    1.0,    1.0,  100.0,    0.0,    0.0,    0.0,    0.0,    0.0,    0.0,    0.0,    0.0,    0.0,    0.0,    0.0,    0.0,    0.0,    0.0,    0.0,     33,     19,     16,.,.,      5,      4,      0,.,      0,.,.,     29,     25,     33,     19,     16,.,.,      5,      4,      0,.,      0,.,.,     29,     25,      0,      0,      0,      0,      0,      0,      0,      0,      0,      0,      0,      0,      0,      0,    74.5,    75.2,    86.2,    85.8,    70.0,    73.4,    79.7,    79.3,    74.5,    75.2,    86.2,    85.8,    70.0,    73.4,    79.7,    79.3,     0.0,     0.0,     0.0,     0.0,     0.0,     0.0,     0.0,     0.0,(1 MW per Hour for about 386 Hours),0643BS,IFED,064 ,N16,FutOnly
PJM N. IL HUB RT PEAK - ICE FUTURES ENERGY DIV,260811,2026-08-11,0643BT,IFED,01,064 ,   66268,   36560,   52740,    3712,   10655,    1362,   22184,       0,    1083,     538,     136,       4,   65443,   65980,     825,     288,   66268,   36560,   52740,    3712,   10655,    1362,   22184,       0,    1083,     538,     136,       4,   65443,   65980,     825,     288,       0,       0,       0,       0,       0,       0,       0,       0,       0,       0,       0,       0,       0,       0,       0,       0,   -2531,   -1280,   -1316,    -355,    -274,     -11,    -190,       0,     -10,    -567,     -48,     -65,   -2478,   -1724,     -53,    -807,  100.0,   55.2,   79.6,    5.6,   16.1,    2.1,   33.5,    0.0,    1.6,    0.8,    0.2,    0.0,   98.8,   99.6,    1.2,    0.4,  100.0,   55.2,   79.6,    5.6,   16.1,    2.1,   33.5,    0.0,    1.6,    0.8,    0.2,    0.0,   98.8,   99.6,    1.2,    0.4,  100.0,    0.0,    0.0,    0.0,    0.0,    0.0,    0.0,    0.0,    0.0,    0.0,    0.0,    0.0,    0.0,    0.0,    0.0,    0.0,     33,     20,     16,.,.,      4,.,      0,.,.,.,.,     30,     24,     33,     20,     16,.,.,      4,.,      0,.,.,.,.,     30,     24,      0,      0,      0,      0,      0,      0,      0,      0,      0,      0,      0,      0,      0,      0,    59.2,    68.1,    79.6,    84.6,    54.4,    67.2,    70.3,    74.7,    59.2,    68.1,    79.6,    84.6,    54.4,    67.2,    70.3,    74.7,     0.0,     0.0,     0.0,     0.0,     0.0,     0.0,     0.0,     0.0,(Contracts of 800 MWh),0643BT,IFED,064 ,N16,FutOnly
NYISO ZONE J DA PEAK - ICE FUTURES ENERGY DIV,260811,2026-08-11,0643BW,IFED,01,064 ,    9739,    4851,    6608,    1340,     848,     694,       0,    1346,      47,    2446,       0,      40,    9418,    9583,     321,     156,    9739,    4851,    6608,    1340,     848,     694,       0,    1346,      47,    2446,       0,      40,    9418,    9583,     321,     156,       0,       0,       0,       0,       0,       0,       0,       0,       0,       0,       0,       0,       0,       0,       0,       0,    -740,    -300,    -392,     -95,     -33,     -29,       0,    -230,      -5,    -132,       0,       0,    -561,    -689,    -179,     -51,  100.0,   49.8,   67.9,   13.8,    8.7,    7.1,    0.0,   13.8,    0.5,   25.1,    0.0,    0.4,   96.7,   98.4,    3.3,    1.6,  100.0,   49.8,   67.9,   13.8,    8.7,    7.1,    0.0,   13.8,    0.5,   25.1,    0.0,    0.4,   96.7,   98.4,    3.3,    1.6,  100.0,    0.0,    0.0,    0.0,    0.0,    0.0,    0.0,    0.0,    0.0,    0.0,    0.0,    0.0,    0.0,    0.0,    0.0,    0.0,     27,      9,     10,.,.,      4,      0,.,.,      4,      0,.,     20,     18,     27,      9,     10,.,.,      4,      0,.,.,      4,      0,.,     20,     18,      0,      0,      0,      0,      0,      0,      0,      0,      0,      0,      0,      0,      0,      0,    54.0,    60.8,    77.1,    82.6,    53.2,    60.7,    71.8,    78.7,    54.0,    60.8,    77.1,    82.6,    53.2,    60.7,    71.8,    78.7,     0.0,     0.0,     0.0,     0.0,     0.0,     0.0,     0.0,     0.0,(Contracts of 800MWh),0643BW,IFED,064 ,N16,FutOnly
NYISO ZONE J DA OFF-PK FIXED - ICE FUTURES ENERGY DIV,260811,2026-08-11,0643BX,IFED,01,064 ,    7943,    3601,    5818,    1087,     470,     605,      10,     775,      45,    2277,       0,      30,    7655,    7743,     288,     200,    7943,    3601,    5818,    1087,     470,     605,      10,     775,      45,    2277,       0,      30,    7655,    7743,     288,     200,       0,       0,       0,       0,       0,       0,       0,       0,       0,       0,       0,       0,       0,       0,       0,       0,    -528,    -215,    -242,    -166,     -71,       0,      10,    -105,     -10,     -92,       0,       0,    -473,    -428,     -55,    -100,  100.0,   45.3,   73.2,   13.7,    5.9,    7.6,    0.1,    9.8,    0.6,   28.7,    0.0,    0.4,   96.4,   97.5,    3.6,    2.5,  100.0,   45.3,   73.2,   13.7,    5.9,    7.6,    0.1,    9.8,    0.6,   28.7,    0.0,    0.4,   96.4,   97.5,    3.6,    2.5,  100.0,    0.0,    0.0,    0.0,    0.0,    0.0,    0.0,    0.0,    0.0,    0.0,    0.0,    0.0,    0.0,    0.0,    0.0,    0.0,     22,      6,      8,.,.,      4,.,.,.,.,      0,.,     16,     15,     22,      6,      8,.,.,      4,.,.,.,.,      0,.,     16,     15,      0,      0,      0,      0,      0,      0,      0,      0,      0,      0,      0,      0,      0,      0,    60.2,    61.6,    83.5,    84.0,    60.2,    61.6,    76.1,    79.0,    60.2,    61.6,    83.5,    84.0,    60.2,    61.6,    76.1,    79.0,     0.0,     0.0,     0.0,     0.0,     0.0,     0.0,     0.0,     0.0,(1 MW for about 368 Hours),0643BX,IFED,064 ,N16,FutOnly
NYISO ZONE A DA PEAK - ICE FUTURES ENERGY DIV,260811,2026-08-11,0643BY,IFED,01,064 ,   32229,   28282,   23449,     553,    2732,    1718,     418,    1247,     287,     155,    2297,       9,   31422,   31739,     807,     490,   32229,   28282,   23449,     553,    2732,    1718,     418,    1247,     287,     155,    2297,       9,   31422,   31739,     807,     490,       0,       0,       0,       0,       0,       0,       0,       0,       0,       0,       0,       0,       0,       0,       0,       0,   -1261,    -712,     -67,     -22,    -113,    -134,     -32,    -200,    -120,       0,    -168,       0,   -1020,    -802,    -241,    -459,  100.0,   87.8,   72.8,    1.7,    8.5,    5.3,    1.3,    3.9,    0.9,    0.5,    7.1,    0.0,   97.5,   98.5,    2.5,    1.5,  100.0,   87.8,   72.8,    1.7,    8.5,    5.3,    1.3,    3.9,    0.9,    0.5,    7.1,    0.0,   97.5,   98.5,    2.5,    1.5,  100.0,    0.0,    0.0,    0.0,    0.0,    0.0,    0.0,    0.0,    0.0,    0.0,    0.0,    0.0,    0.0,    0.0,    0.0,    0.0,     38,     17,     17,.,      5,      6,.,.,.,.,.,.,     31,     29,     38,     17,     17,.,      5,      6,.,.,.,.,.,.,     31,     29,      0,      0,      0,      0,      0,      0,      0,      0,      0,      0,      0,      0,      0,      0,    68.7,    64.3,    81.9,    81.5,    67.2,    59.1,    76.3,    72.8,    68.7,    64.3,    81.9,    81.5,    67.2,    59.1,    76.3,    72.8,     0.0,     0.0,     0.0,     0.0,     0.0,     0.0,     0.0,     0.0,(Contracts of 800MWh),0643BY,IFED,064 ,N16,FutOnly
NYISO ZONE A DA OFF-PK FIX PR - ICE FUTURES ENERGY DIV,260811,2026-08-11,0643BZ,IFED,01,064 ,   32514,   27580,   24180,    1180,    4064,     987,    1365,     731,     530,      75,    1558,     128,   31845,   32178,     669,     336,   32514,   27580,   24180,    1180,    4064,     987,    1365,     731,     530,      75,    1558,     128,   31845,   32178,     669,     336,       0,       0,       0,       0,       0,       0,       0,       0,       0,       0,       0,       0,       0,       0,       0,       0,   -1614,   -1144,     -55,    -198,    -422,      40,     -30,    -190,    -120,       0,     -73,       0,   -1452,    -820,    -162,    -794,  100.0,   84.8,   74.4,    3.6,   12.5,    3.0,    4.2,    2.2,    1.6,    0.2,    4.8,    0.4,   97.9,   99.0,    2.1,    1.0,  100.0,   84.8,   74.4,    3.6,   12.5,    3.0,    4.2,    2.2,    1.6,    0.2,    4.8,    0.4,   97.9,   99.0,    2.1,    1.0,  100.0,    0.0,    0.0,    0.0,    0.0,    0.0,    0.0,    0.0,    0.0,    0.0,    0.0,    0.0,    0.0,    0.0,    0.0,    0.0,     37,     17,     15,      5,.,.,.,.,.,.,.,.,     30,     24,     37,     17,     15,      5,.,.,.,.,.,.,.,.,     30,     24,      0,      0,      0,      0,      0,      0,      0,      0,      0,      0,      0,      0,      0,      0,    65.5,    65.0,    78.7,    82.8,    60.5,    62.2,    69.4,    73.1,    65.5,    65.0,    78.7,    82.8,    60.5,    62.2,    69.4,    73.1,     0.0,     0.0,     0.0,     0.0,     0.0,     0.0,     0.0,     0.0,(1MW for about 368 Hours),0643BZ,IFED,064 ,N16,FutOnly
NYISO ZONE G DA PEAK - ICE FUTURES ENERGY DIV,260811,2026-08-11,0643C3,IFED,01,064 ,   24454,   18662,   11684,     390,    4539,    1931,    1084,    3745,     481,     367,     878,    1104,   24019,   24362,     435,      92,   24454,   18662,   11684,     390,    4539,    1931,    1084,    3745,     481,     367,     878,    1104,   24019,   24362,     435,      92,       0,       0,       0,       0,       0,       0,       0,       0,       0,       0,       0,       0,       0,       0,       0,       0,   -2396,    -495,    -770,    -218,    -103,    -170,    -739,    -927,     -15,     -50,    -184,       0,   -1687,   -2169,    -709,    -227,  100.0,   76.3,   47.8,    1.6,   18.6,    7.9,    4.4,   15.3,    2.0,    1.5,    3.6,    4.5,   98.2,   99.6,    1.8,    0.4,  100.0,   76.3,   47.8,    1.6,   18.6,    7.9,    4.4,   15.3,    2.0,    1.5,    3.6,    4.5,   98.2,   99.6,    1.8,    0.4,  100.0,    0.0,    0.0,    0.0,    0.0,    0.0,    0.0,    0.0,    0.0,    0.0,    0.0,    0.0,    0.0,    0.0,    0.0,    0.0,     46,     20,     17,.,      6,      6,      7,.,      4,.,      4,.,     38,     36,     46,     20,     17,.,      6,      6,      7,.,      4,.,      4,.,     38,     36,      0,      0,      0,      0,      0,      0,      0,      0,      0,      0,      0,      0,      0,      0,    47.6,    51.9,    65.6,    70.5,    46.8,    48.0,    58.4,    61.7,    47.6,    51.9,    65.6,    70.5,    46.8,    48.0,    58.4,    61.7,     0.0,     0.0,     0.0,     0.0,     0.0,     0.0,     0.0,     0.0,(Contracts of 800MWh),0643C3,IFED,064 ,N16,FutOnly
NYISO ZONE G DA OFF-PK - ICE FUTURES ENERGY DIV,260811,2026-08-11,0643C4,IFED,01,064 ,   20671,   15731,   10457,     245,    2843,    2028,     242,    3238,     345,     378,     400,    1125,   20094,   20436,     577,     235,   20671,   15731,   10457,     245,    2843,    2028,     242,    3238,     345,     378,     400,    1125,   20094,   20436,     577,     235,       0,       0,       0,       0,       0,       0,       0,       0,       0,       0,       0,       0,       0,       0,       0,       0,   -1246,    -401,    -454,     -95,    -446,      -1,    -161,     -97,    -180,     -97,       0,      -3,    -938,   -1181,    -308,     -65,  100.0,   76.1,   50.6,    1.2,   13.8,    9.8,    1.2,   15.7,    1.7,    1.8,    1.9,    5.4,   97.2,   98.9,    2.8,    1.1,  100.0,   76.1,   50.6,    1.2,   13.8,    9.8,    1.2,   15.7,    1.7,    1.8,    1.9,    5.4,   97.2,   98.9,    2.8,    1.1,  100.0,    0.0,    0.0,    0.0,    0.0,    0.0,    0.0,    0.0,    0.0,    0.0,    0.0,    0.0,    0.0,    0.0,    0.0,    0.0,     37,     15,     15,.,      6,      6,.,.,      4,.,.,.,     29,     31,     37,     15,     15,.,      6,      6,.,.,      4,.,.,.,     29,     31,      0,      0,      0,      0,      0,      0,      0,      0,      0,      0,      0,      0,      0,      0,    47.6,    54.1,    67.9,    72.1,    46.9,    49.5,    60.7,    61.4,    47.6,    54.1,    67.9,    72.1,    46.9,    49.5,    60.7,    61.4,     0.0,     0.0,     0.0,     0.0,     0.0,     0.0,     0.0,     0.0,(1MW for about 368 Hours),0643C4,IFED,064 ,N16,FutOnly
PALO VERDE DA PEAK - ICE FUTURES ENERGY DIV,260811,2026-08-11,0643CB,IFED,01,064 ,   24102,   11047,   14757,    7175,    3561,    3839,       0,     646,    1000,     734,      88,     143,   23938,   24034,     164,      68,   24102,   11047,   14757,    7175,    3561,    3839,       0,     646,    1000,     734,      88,     143,   23938,   24034,     164,      68,       0,       0,       0,       0,       0,       0,       0,       0,       0,       0,       0,       0,       0,       0,       0,       0,     -55,      -5,     425,     -50,       0,       0,       0,       0,       0,       0,    -480,       0,     -55,     -55,       0,       0,  100.0,   45.8,   61.2,   29.8,   14.8,   15.9,    0.0,    2.7,    4.1,    3.0,    0.4,    0.6,   99.3,   99.7,    0.7,    0.3,  100.0,   45.8,   61.2,   29.8,   14.8,   15.9,    0.0,    2.7,    4.1,    3.0,    0.4,    0.6,   99.3,   99.7,    0.7,    0.3,  100.0,    0.0,    0.0,    0.0,    0.0,    0.0,    0.0,    0.0,    0.0,    0.0,    0.0,    0.0,    0.0,    0.0,    0.0,    0.0,     39,     20,     17,      4,.,.,      0,.,.,      4,.,.,     33,     25,     39,     20,     17,      4,.,.,      0,.,.,      4,.,.,     33,     25,      0,      0,      0,      0,      0,      0,      0,      0,      0,      0,      0,      0,      0,      0,    51.3,    63.2,    70.5,    79.6,    38.0,    43.6,    53.2,    55.9,    51.3,    63.2,    70.5,    79.6,    38.0,    43.6,    53.2,    55.9,     0.0,     0.0,     0.0,     0.0,     0.0,     0.0,     0.0,     0.0,(Contracts of 400MWh),0643CB,IFED,064 ,N16,FutOnly
PALO VERDE DA OFF-PK FiXED PR - ICE FUTURES ENERGY DIV,260811,2026-08-11,0643CC,IFED,01,064 ,   18563,    5581,   11799,    7226,    3887,     592,    4060,     624,     700,      97,     544,     282,   18538,   18428,      25,     135,   18563,    5581,   11799,    7226,    3887,     592,    4060,     624,     700,      97,     544,     282,   18538,   18428,      25,     135,       0,       0,       0,       0,       0,       0,       0,       0,       0,       0,       0,       0,       0,       0,       0,       0,      75,     -25,     530,     100,      25,       0,       0,       0,       0,       0,    -480,       0,      75,      75,       0,       0,  100.0,   30.1,   63.6,   38.9,   20.9,    3.2,   21.9,    3.4,    3.8,    0.5,    2.9,    1.5,   99.9,   99.3,    0.1,    0.7,  100.0,   30.1,   63.6,   38.9,   20.9,    3.2,   21.9,    3.4,    3.8,    0.5,    2.9,    1.5,   99.9,   99.3,    0.1,    0.7,  100.0,    0.0,    0.0,    0.0,    0.0,    0.0,    0.0,    0.0,    0.0,    0.0,    0.0,    0.0,    0.0,    0.0,    0.0,    0.0,     38,     16,     19,      4,.,      4,.,.,.,.,.,      4,     29,     30,     38,     16,     19,      4,.,      4,.,.,.,.,.,      4,     29,     30,      0,      0,      0,      0,      0,      0,      0,      0,      0,      0,      0,      0,      0,      0,    66.8,    52.7,    84.5,    69.0,    61.2,    49.1,    75.3,    62.5,    66.8,    52.7,    84.5,    69.0,    61.2,    49.1,    75.3,    62.5,     0.0,     0.0,     0.0,     0.0,     0.0,     0.0,     0.0,     0.0,(1 MW for about 368 Hours),0643CC,IFED,064 ,N16,FutOnly
PJM WESTERN HUB DA OFF-PK - ICE FUTURES ENERGY DIV,260811,2026-08-11,0643DB,IFED,01,064 ,  120121,   89850,  100568,    4534,    4708,    4093,    4275,    1270,     770,   14218,    5869,    1982,  119722,  119260,     399,     861,  120121,   89850,  100568,    4534,    4708,    4093,    4275,    1270,     770,   14218,    5869,    1982,  119722,  119260,     399,     861,       0,       0,       0,       0,       0,       0,       0,       0,       0,       0,       0,       0,       0,       0,       0,       0,   -4095,   -1367,    1575,     -13,    -169,    -566,    1148,    -598,    -427,   -1615,   -1861,      35,   -2805,   -2011,   -1290,   -2084,  100.0,   74.8,   83.7,    3.8,    3.9,    3.4,    3.6,    1.1,    0.6,   11.8,    4.9,    1.6,   99.7,   99.3,    0.3,    0.7,  100.0,   74.8,   83.7,    3.8,    3.9,    3.4,    3.6,    1.1,    0.6,   11.8,    4.9,    1.6,   99.7,   99.3,    0.3,    0.7,  100.0,    0.0,    0.0,    0.0,    0.0,    0.0,    0.0,    0.0,    0.0,    0.0,    0.0,    0.0,    0.0,    0.0,    0.0,    0.0,     67,     32,     26,      7,      5,      8,      6,.,.,      5,      6,      4,     57,     47,     67,     32,     26,      7,      5,      8,      6,.,.,      5,      6,      4,     57,     47,      0,      0,      0,      0,      0,      0,      0,      0,      0,      0,      0,      0,      0,      0,    42.8,    64.8,    61.0,    81.0,    37.0,    63.5,    54.8,    73.5,    42.8,    64.8,    61.0,    81.0,    37.0,    63.5,    54.8,    73.5,     0.0,     0.0,     0.0,     0.0,     0.0,     0.0,     0.0,     0.0,(1 MW per off-peak hour),0643DB,IFED,064 ,N16,FutOnly
PJM WESTERN HUB DA PEAK - ICE FUTURES ENERGY DIV,260811,2026-08-11,0643DC,IFED,01,064 ,  128650,   91772,  107838,    6152,    3419,    5102,    2160,    1280,    2016,   18899,    6331,    2049,  128150,  128035,     500,     615,  128650,   91772,  107838,    6152,    3419,    5102,    2160,    1280,    2016,   18899,    6331,    2049,  128150,  128035,     500,     615,       0,       0,       0,       0,       0,       0,       0,       0,       0,       0,       0,       0,       0,       0,       0,       0,   -5840,    -645,     853,    -139,      74,    -802,    -151,    -941,     366,   -3158,   -1268,     114,   -4415,   -1604,   -1425,   -4236,  100.0,   71.3,   83.8,    4.8,    2.7,    4.0,    1.7,    1.0,    1.6,   14.7,    4.9,    1.6,   99.6,   99.5,    0.4,    0.5,  100.0,   71.3,   83.8,    4.8,    2.7,    4.0,    1.7,    1.0,    1.6,   14.7,    4.9,    1.6,   99.6,   99.5,    0.4,    0.5,  100.0,    0.0,    0.0,    0.0,    0.0,    0.0,    0.0,    0.0,    0.0,    0.0,    0.0,    0.0,    0.0,    0.0,    0.0,    0.0,     75,     32,     27,      8,      5,      9,      5,.,.,     12,      6,      6,     63,     51,     75,     32,     27,      8,      5,      9,      5,.,.,     12,      6,      6,     63,     51,      0,      0,      0,      0,      0,      0,      0,      0,      0,      0,      0,      0,      0,      0,    39.9,    63.8,    58.2,    78.8,    36.4,    63.2,    53.8,    73.5,    39.9,    63.8,    58.2,    78.8,    36.4,    63.2,    53.8,    73.5,     0.0,     0.0,     0.0,     0.0,     0.0,     0.0,     0.0,     0.0,(Contracts of about 352 MWh),0643DC,IFED,064 ,N16,FutOnly
PJM WESTERN HUB RT PEAK MINI - ICE FUTURES ENERGY DIV,260811,2026-08-11,0643DF,IFED,01,064 ,  381918,  195710,  145589,   16755,   47334,   20768,   59609,    6392,   51862,   15739,   88551,   20140,  380583,  380636,    1335,    1282,  381918,  195710,  145589,   16755,   47334,   20768,   59609,    6392,   51862,   15739,   88551,   20140,  380583,  380636,    1335,    1282,       0,       0,       0,       0,       0,       0,       0,       0,       0,       0,       0,       0,       0,       0,       0,       0,  -19722,  -10811,   -4683,    1014,   -2797,   -4395,    3737,   -2017,   -2740,   -3846,   -4602,    2102,  -14939,  -19132,   -4783,    -590,  100.0,   51.2,   38.1,    4.4,   12.4,    5.4,   15.6,    1.7,   13.6,    4.1,   23.2,    5.3,   99.7,   99.7,    0.3,    0.3,  100.0,   51.2,   38.1,    4.4,   12.4,    5.4,   15.6,    1.7,   13.6,    4.1,   23.2,    5.3,   99.7,   99.7,    0.3,    0.3,  100.0,    0.0,    0.0,    0.0,    0.0,    0.0,    0.0,    0.0,    0.0,    0.0,    0.0,    0.0,    0.0,    0.0,    0.0,    0.0,    125,     41,     36,.,      9,     10,     33,      6,     20,     15,     16,     25,    115,     99,    125,     41,     36,.,      9,     10,     33,      6,     20,     15,     16,     25,    115,     99,      0,      0,      0,      0,      0,      0,      0,      0,      0,      0,      0,      0,      0,      0,    22.3,    33.9,    36.3,    50.6,    18.9,    29.1,    30.5,    41.6,    22.3,    33.9,    36.3,    50.6,    18.9,    29.1,    30.5,    41.6,     0.0,     0.0,     0.0,     0.0,     0.0,     0.0,     0.0,     0.0,(1 MW per peak hour),0643DF,IFED,064 ,N16,FutOnly
ERCOT N 345KV REAL T PK DALY M - ICE FUTURES ENERGY DIV,260811,2026-08-11,0643IB,IFED,01,064 ,   14790,    7005,    5840,     175,       0,     125,    2440,    2315,    1235,    2250,    3620,     760,   13990,   13895,     800,     895,   14790,    7005,    5840,     175,       0,     125,    2440,    2315,    1235,    2250,    3620,     760,   13990,   13895,     800,     895,       0,       0,       0,       0,       0,       0,       0,       0,       0,       0,       0,       0,       0,       0,       0,       0,   -4708,   -2735,   -1740,     -50,   -1370,     -50,   -1960,    -140,     117,     140,   -1430,      25,   -4513,   -4588,    -195,    -120,  100.0,   47.4,   39.5,    1.2,    0.0,    0.8,   16.5,   15.7,    8.4,   15.2,   24.5,    5.1,   94.6,   93.9,    5.4,    6.1,  100.0,   47.4,   39.5,    1.2,    0.0,    0.8,   16.5,   15.7,    8.4,   15.2,   24.5,    5.1,   94.6,   93.9,    5.4,    6.1,  100.0,    0.0,    0.0,    0.0,    0.0,    0.0,    0.0,    0.0,    0.0,    0.0,    0.0,    0.0,    0.0,    0.0,    0.0,    0.0,     47,     17,     15,.,      0,.,.,      7,      5,      5,      9,      6,     35,     34,     47,     17,     15,.,      0,.,.,      7,      5,      5,      9,      6,     35,     34,      0,      0,      0,      0,      0,      0,      0,      0,      0,      0,      0,      0,      0,      0,    42.7,    34.7,    60.3,    53.5,    36.6,    31.0,    50.5,    47.6,    42.7,    34.7,    60.3,    53.5,    36.6,    31.0,    50.5,    47.6,     0.0,     0.0,     0.0,     0.0,     0.0,     0.0,     0.0,     0.0,(240 MW = 15 Hours X 16 MWh),0643IB,IFED,064 ,N16,FutOnly
ERCOT N 345KV REAL T PK 2x16 - ICE FUTURES ENERGY DIV,260811,2026-08-11,0643ID,IFED,01,064 ,  128494,   91274,   94530,    8511,   12297,    7313,    7548,    2078,     738,   10538,    8913,    2246,  128168,  128115,     326,     379,  128494,   91274,   94530,    8511,   12297,    7313,    7548,    2078,     738,   10538,    8913,    2246,  128168,  128115,     326,     379,       0,       0,       0,       0,       0,       0,       0,       0,       0,       0,       0,       0,       0,       0,       0,       0,   -5075,   -2186,   -2767,   -1379,   -1149,      51,    -436,    -200,    -157,    -898,    -790,     -58,   -5063,   -5070,     -12,      -5,  100.0,   71.0,   73.6,    6.6,    9.6,    5.7,    5.9,    1.6,    0.6,    8.2,    6.9,    1.7,   99.7,   99.7,    0.3,    0.3,  100.0,   71.0,   73.6,    6.6,    9.6,    5.7,    5.9,    1.6,    0.6,    8.2,    6.9,    1.7,   99.7,   99.7,    0.3,    0.3,  100.0,    0.0,    0.0,    0.0,    0.0,    0.0,    0.0,    0.0,    0.0,    0.0,    0.0,    0.0,    0.0,    0.0,    0.0,    0.0,     59,     31,     25,.,.,      4,      4,.,.,      5,      9,      9,     51,     46,     59,     31,     25,.,.,      4,      4,.,.,      5,      9,      9,     51,     46,      0,      0,      0,      0,      0,      0,      0,      0,      0,      0,      0,      0,      0,      0,    44.6,    35.1,    63.5,    60.5,    40.2,    27.2,    55.8,    46.7,    44.6,    35.1,    63.5,    60.5,    40.2,    27.2,    55.8,    46.7,     0.0,     0.0,     0.0,     0.0,     0.0,     0.0,     0.0,     0.0,(1MW for about 352 Hours),0643ID,IFED,064 ,N16,FutOnly
ERCOT North 345KV Hub RT 7x8 - ICE FUTURES ENERGY DIV,260811,2026-08-11,0643IK,IFED,01,064 ,  247957,   95898,  176972,    4103,   34624,    9410,  105943,    1289,   13699,   13091,    6906,    4840,  246984,  247740,     973,     217,  247957,   95898,  176972,    4103,   34624,    9410,  105943,    1289,   13699,   13091,    6906,    4840,  246984,  247740,     973,     217,       0,       0,       0,       0,       0,       0,       0,       0,       0,       0,       0,       0,       0,       0,       0,       0,   -2368,   -4551,   -1720,     513,   -1585,    -263,    1789,     498,     465,    -571,     245,      22,   -2596,   -2338,     228,     -30,  100.0,   38.7,   71.4,    1.7,   14.0,    3.8,   42.7,    0.5,    5.5,    5.3,    2.8,    2.0,   99.6,   99.9,    0.4,    0.1,  100.0,   38.7,   71.4,    1.7,   14.0,    3.8,   42.7,    0.5,    5.5,    5.3,    2.8,    2.0,   99.6,   99.9,    0.4,    0.1,  100.0,    0.0,    0.0,    0.0,    0.0,    0.0,    0.0,    0.0,    0.0,    0.0,    0.0,    0.0,    0.0,    0.0,    0.0,    0.0,     66,     25,     28,.,      4,      6,      8,.,      7,      8,      7,     11,     55,     54,     66,     25,     28,.,      4,      6,      8,.,      7,      8,      7,     11,     55,     54,      0,      0,      0,      0,      0,      0,      0,      0,      0,      0,      0,      0,      0,      0,    57.0,    45.1,    70.7,    65.3,    50.1,    42.7,    59.7,    57.2,    57.0,    45.1,    70.7,    65.3,    50.1,    42.7,    59.7,    57.2,     0.0,     0.0,     0.0,     0.0,     0.0,     0.0,     0.0,     0.0,(1MW for about 352 Hours),0643IK,IFED,064 ,N16,FutOnly
ISONE.H.INTERNAL_HUB_mo_on_dap - NODAL EXCHANGE,260811,2026-08-11,064AAA,NODX,01,064 ,   82799,   58285,   57208,       0,   11615,     510,    1145,    1450,     170,   11409,     470,     295,   71814,   71718,   10985,   11081,   82799,   58285,   57208,       0,   11615,     510,    1145,    1450,     170,   11409,     470,     295,   71814,   71718,   10985,   11081,       0,       0,       0,       0,       0,       0,       0,       0,       0,       0,       0,       0,       0,       0,       0,       0,   -4591,   -3166,   -3561,       0,    -218,    -264,    -120,    -740,       0,    -946,     295,     -80,   -4576,   -4568,     -15,     -23,  100.0,   70.4,   69.1,    0.0,   14.0,    0.6,    1.4,    1.8,    0.2,   13.8,    0.6,    0.4,   86.7,   86.6,   13.3,   13.4,  100.0,   70.4,   69.1,    0.0,   14.0,    0.6,    1.4,    1.8,    0.2,   13.8,    0.6,    0.4,   86.7,   86.6,   13.3,   13.4,  100.0,    0.0,    0.0,    0.0,    0.0,    0.0,    0.0,    0.0,    0.0,    0.0,    0.0,    0.0,    0.0,    0.0,    0.0,    0.0,     32,     17,     17,      0,      6,      5,.,.,.,.,.,.,     27,     26,     32,     17,     17,      0,      6,      5,.,.,.,.,.,.,     27,     26,      0,      0,      0,      0,      0,      0,      0,      0,      0,      0,      0,      0,      0,      0,    66.1,    48.1,    78.7,    63.6,    64.0,    42.2,    71.6,    54.8,    66.1,    48.1,    78.7,    63.6,    64.0,    42.2,    71.6,    54.8,     0.0,     0.0,     0.0,     0.0,     0.0,     0.0,     0.0,     0.0,(Contracts of 400 MWh),064AAA,NODX,064 ,N16,FutOnly
ISONE.H.INTERNAL_HB_mo_off_dap - NODAL EXCHANGE,260811,2026-08-11,064AAB,NODX,01,064 ,   76544,   53411,   50861,       0,   11847,    1073,     980,    1660,     195,   10997,     708,     180,   66836,   66524,    9708,   10020,   76544,   53411,   50861,       0,   11847,    1073,     980,    1660,     195,   10997,     708,     180,   66836,   66524,    9708,   10020,       0,       0,       0,       0,       0,       0,       0,       0,       0,       0,       0,       0,       0,       0,       0,       0,   -4046,   -2691,   -2884,       0,    -443,    -348,     -75,    -525,     -25,    -826,     275,     -60,   -4025,   -4010,     -21,     -36,  100.0,   69.8,   66.4,    0.0,   15.5,    1.4,    1.3,    2.2,    0.3,   14.4,    0.9,    0.2,   87.3,   86.9,   12.7,   13.1,  100.0,   69.8,   66.4,    0.0,   15.5,    1.4,    1.3,    2.2,    0.3,   14.4,    0.9,    0.2,   87.3,   86.9,   12.7,   13.1,  100.0,    0.0,    0.0,    0.0,    0.0,    0.0,    0.0,    0.0,    0.0,    0.0,    0.0,    0.0,    0.0,    0.0,    0.0,    0.0,     32,     17,     17,      0,      6,      4,.,.,.,.,.,.,     26,     26,     32,     17,     17,      0,      6,      4,.,.,.,.,.,.,     26,     26,      0,      0,      0,      0,      0,      0,      0,      0,      0,      0,      0,      0,      0,      0,    65.2,    44.4,    78.4,    61.5,    62.5,    40.9,    71.1,    52.8,    65.2,    44.4,    78.4,    61.5,    62.5,    40.9,    71.1,    52.8,     0.0,     0.0,     0.0,     0.0,     0.0,     0.0,     0.0,     0.0,(Contracts of 400 MWh),064AAB,NODX,064 ,N16,FutOnly
MISO.INDIANA.HUB_month_on_dap - NODAL EXCHANGE,260811,2026-08-11,064BFI,NODX,01,064 ,   19611,   11686,   13176,    3460,     685,     440,     125,     613,     180,       0,     435,     745,   16636,   16274,    2975,    3337,   19611,   11686,   13176,    3460,     685,     440,     125,     613,     180,       0,     435,     745,   16636,   16274,    2975,    3337,       0,       0,       0,       0,       0,       0,       0,       0,       0,       0,       0,       0,       0,       0,       0,       0,    -325,    -850,    -503,     395,     325,      -5,     -25,    -112,       0,       0,    -165,     350,    -135,    -110,    -190,    -215,  100.0,   59.6,   67.2,   17.6,    3.5,    2.2,    0.6,    3.1,    0.9,    0.0,    2.2,    3.8,   84.8,   83.0,   15.2,   17.0,  100.0,   59.6,   67.2,   17.6,    3.5,    2.2,    0.6,    3.1,    0.9,    0.0,    2.2,    3.8,   84.8,   83.0,   15.2,   17.0,  100.0,    0.0,    0.0,    0.0,    0.0,    0.0,    0.0,    0.0,    0.0,    0.0,    0.0,    0.0,    0.0,    0.0,    0.0,    0.0,     27,     15,     16,.,.,.,.,.,.,      0,.,.,     20,     22,     27,     15,     16,.,.,.,.,.,.,      0,.,.,     20,     22,      0,      0,      0,      0,      0,      0,      0,      0,      0,      0,      0,      0,      0,      0,    51.2,    51.8,    70.5,    70.4,    48.2,    45.9,    58.9,    57.4,    51.2,    51.8,    70.5,    70.4,    48.2,    45.9,    58.9,    57.4,     0.0,     0.0,     0.0,     0.0,     0.0,     0.0,     0.0,     0.0,Megawatt Hours (MWh),064BFI,NODX,064 ,N16,FutOnly
MISO.INDIANA.HUB_month_off_dap - NODAL EXCHANGE,260811,2026-08-11,064BFJ,NODX,01,064 ,   20202,   12457,   13625,    2535,     475,     855,     125,     600,     180,       0,     155,     955,   17107,   16845,    3095,    3357,   20202,   12457,   13625,    2535,     475,     855,     125,     600,     180,       0,     155,     955,   17107,   16845,    3095,    3357,       0,       0,       0,       0,       0,       0,       0,       0,       0,       0,       0,       0,       0,       0,       0,       0,    -274,   -1094,    -289,     395,     325,     110,     -25,    -150,       0,       0,    -605,     615,       1,       6,    -275,    -280,  100.0,   61.7,   67.4,   12.5,    2.4,    4.2,    0.6,    3.0,    0.9,    0.0,    0.8,    4.7,   84.7,   83.4,   15.3,   16.6,  100.0,   61.7,   67.4,   12.5,    2.4,    4.2,    0.6,    3.0,    0.9,    0.0,    0.8,    4.7,   84.7,   83.4,   15.3,   16.6,  100.0,    0.0,    0.0,    0.0,    0.0,    0.0,    0.0,    0.0,    0.0,    0.0,    0.0,    0.0,    0.0,    0.0,    0.0,    0.0,     27,     13,     15,.,      4,      4,.,.,.,      0,.,.,     20,     23,     27,     13,     15,.,      4,      4,.,.,.,      0,.,.,     20,     23,      0,      0,      0,      0,      0,      0,      0,      0,      0,      0,      0,      0,      0,      0,    51.2,    52.8,    67.9,    70.9,    48.4,    46.8,    57.4,    56.4,    51.2,    52.8,    67.9,    70.9,    48.4,    46.8,    57.4,    56.4,     0.0,     0.0,     0.0,     0.0,     0.0,     0.0,     0.0,     0.0,Megawatt Hours (MWh),064BFJ,NODX,064 ,N16,FutOnly
NYISO.CENTRL_month_on_dap - NODAL EXCHANGE,260811,2026-08-11,064CTQ,NODX,01,064 ,   36443,   15454,   33923,    6999,    1280,     540,       5,       0,     120,   11725,       0,       0,   34843,   35863,    1600,     580,   36443,   15454,   33923,    6999,    1280,     540,       5,       0,     120,   11725,       0,       0,   34843,   35863,    1600,     580,       0,       0,       0,       0,       0,       0,       0,       0,       0,       0,       0,       0,       0,       0,       0,       0,   -1445,    -710,   -1290,    -355,    -140,       0,     -25,       0,       0,    -308,       0,       0,   -1398,   -1430,     -47,     -15,  100.0,   42.4,   93.1,   19.2,    3.5,    1.5,    0.0,    0.0,    0.3,   32.2,    0.0,    0.0,   95.6,   98.4,    4.4,    1.6,  100.0,   42.4,   93.1,   19.2,    3.5,    1.5,    0.0,    0.0,    0.3,   32.2,    0.0,    0.0,   95.6,   98.4,    4.4,    1.6,  100.0,    0.0,    0.0,    0.0,    0.0,    0.0,    0.0,    0.0,    0.0,    0.0,    0.0,    0.0,    0.0,    0.0,    0.0,    0.0,     22,     11,.,      4,.,.,.,      0,.,.,      0,      0,     18,      6,     22,     11,.,      4,.,.,.,      0,.,.,      0,      0,     18,      6,      0,      0,      0,      0,      0,      0,      0,      0,      0,      0,      0,      0,      0,      0,    71.2,    96.9,    84.4,    98.4,    71.2,    96.3,    84.4,    96.6,    71.2,    96.9,    84.4,    98.4,    71.2,    96.3,    84.4,    96.6,     0.0,     0.0,     0.0,     0.0,     0.0,     0.0,     0.0,     0.0,Megawatt Hours (MWh),064CTQ,NODX,064 ,N16,FutOnly
NYISO.CENTRL_month_off_dap - NODAL EXCHANGE,260811,2026-08-11,064CTR,NODX,01,064 ,   33938,   13919,   32793,    7934,     415,      60,       5,       0,     120,   10400,       0,       0,   32438,   33388,    1500,     550,   33938,   13919,   32793,    7934,     415,      60,       5,       0,     120,   10400,       0,       0,   32438,   33388,    1500,     550,       0,       0,       0,       0,       0,       0,       0,       0,       0,       0,       0,       0,       0,       0,       0,       0,   -1640,    -680,   -1545,    -630,     -80,       0,     -25,       0,       0,    -260,       0,       0,   -1595,   -1625,     -45,     -15,  100.0,   41.0,   96.6,   23.4,    1.2,    0.2,    0.0,    0.0,    0.4,   30.6,    0.0,    0.0,   95.6,   98.4,    4.4,    1.6,  100.0,   41.0,   96.6,   23.4,    1.2,    0.2,    0.0,    0.0,    0.4,   30.6,    0.0,    0.0,   95.6,   98.4,    4.4,    1.6,  100.0,    0.0,    0.0,    0.0,    0.0,    0.0,    0.0,    0.0,    0.0,    0.0,    0.0,    0.0,    0.0,    0.0,    0.0,    0.0,     22,     12,      4,      5,.,.,.,      0,.,.,      0,      0,     20,      6,     22,     12,      4,      5,.,.,.,      0,.,.,      0,      0,     20,      6,      0,      0,      0,      0,      0,      0,      0,      0,      0,      0,      0,      0,      0,      0,    72.4,    97.6,    86.5,    98.4,    72.4,    96.5,    86.5,    96.5,    72.4,    97.6,    86.5,    98.4,    72.4,    96.5,    86.5,    96.5,     0.0,     0.0,     0.0,     0.0,     0.0,     0.0,     0.0,     0.0,Megawatt Hours (MWh),064CTR,NODX,064 ,N16,FutOnly
NYISO.HUD VL_month_on_dap - NODAL EXCHANGE,260811,2026-08-11,064CXO,NODX,01,064 ,   38083,   28644,   11655,    1895,   11600,    1270,     175,    1750,     290,     375,    6366,     360,   33009,   33291,    5074,    4792,   38083,   28644,   11655,    1895,   11600,    1270,     175,    1750,     290,     375,    6366,     360,   33009,   33291,    5074,    4792,       0,       0,       0,       0,       0,       0,       0,       0,       0,       0,       0,       0,       0,       0,       0,       0,   -1661,   -1655,    -324,     -90,    -688,      50,     -35,     430,     -70,     -75,    -955,       0,   -1875,   -1557,     214,    -104,  100.0,   75.2,   30.6,    5.0,   30.5,    3.3,    0.5,    4.6,    0.8,    1.0,   16.7,    0.9,   86.7,   87.4,   13.3,   12.6,  100.0,   75.2,   30.6,    5.0,   30.5,    3.3,    0.5,    4.6,    0.8,    1.0,   16.7,    0.9,   86.7,   87.4,   13.3,   12.6,  100.0,    0.0,    0.0,    0.0,    0.0,    0.0,    0.0,    0.0,    0.0,    0.0,    0.0,    0.0,    0.0,    0.0,    0.0,    0.0,     33,     18,     13,.,      4,      6,.,.,.,.,.,.,     29,     25,     33,     18,     13,.,      4,      6,.,.,.,.,.,.,     29,     25,      0,      0,      0,      0,      0,      0,      0,      0,      0,      0,      0,      0,      0,      0,    40.3,    47.3,    61.0,    67.2,    36.4,    44.7,    55.6,    60.2,    40.3,    47.3,    61.0,    67.2,    36.4,    44.7,    55.6,    60.2,     0.0,     0.0,     0.0,     0.0,     0.0,     0.0,     0.0,     0.0,Megawatt Hours (MWh),064CXO,NODX,064 ,N16,FutOnly
NYISO.HUD VL_month_off_dap - NODAL EXCHANGE,260811,2026-08-11,064CXP,NODX,01,064 ,   37688,   29060,   11973,    1500,   11573,    1064,     420,     925,     360,     300,    6906,     412,   33116,   33213,    4572,    4475,   37688,   29060,   11973,    1500,   11573,    1064,     420,     925,     360,     300,    6906,     412,   33116,   33213,    4572,    4475,       0,       0,       0,       0,       0,       0,       0,       0,       0,       0,       0,       0,       0,       0,       0,       0,   -1904,   -1582,    -228,    -115,    -805,      37,    -420,    -110,     360,       0,    -741,     -47,   -1767,   -1534,    -137,    -370,  100.0,   77.1,   31.8,    4.0,   30.7,    2.8,    1.1,    2.5,    1.0,    0.8,   18.3,    1.1,   87.9,   88.1,   12.1,   11.9,  100.0,   77.1,   31.8,    4.0,   30.7,    2.8,    1.1,    2.5,    1.0,    0.8,   18.3,    1.1,   87.9,   88.1,   12.1,   11.9,  100.0,    0.0,    0.0,    0.0,    0.0,    0.0,    0.0,    0.0,    0.0,    0.0,    0.0,    0.0,    0.0,    0.0,    0.0,    0.0,     32,     17,     13,.,      4,      5,.,.,.,.,.,.,     27,     24,     32,     17,     13,.,      4,      5,.,.,.,.,.,.,     27,     24,      0,      0,      0,      0,      0,      0,      0,      0,      0,      0,      0,      0,      0,      0,    43.2,    49.0,    62.8,    70.5,    40.2,    46.5,    57.4,    63.4,    43.2,    49.0,    62.8,    70.5,    40.2,    46.5,    57.4,    63.4,     0.0,     0.0,     0.0,     0.0,     0.0,     0.0,     0.0,     0.0,Megawatt Hours (MWh),064CXP,NODX,064 ,N16,FutOnly
NYISO.N.Y.C._month_on_dap - NODAL EXCHANGE,260811,2026-08-11,064CZS,NODX,01,064 ,   28347,   15827,   22393,    5803,     105,    1345,       0,     300,       0,    1051,     375,     464,   24490,   24982,    3857,    3365,   28347,   15827,   22393,    5803,     105,    1345,       0,     300,       0,    1051,     375,     464,   24490,   24982,    3857,    3365,       0,       0,       0,       0,       0,       0,       0,       0,       0,       0,       0,       0,       0,       0,       0,       0,   -1850,   -1285,   -1065,     -22,      85,    -275,       0,       0,       0,      51,    -299,     -76,   -1607,   -1630,    -243,    -220,  100.0,   55.8,   79.0,   20.5,    0.4,    4.7,    0.0,    1.1,    0.0,    3.7,    1.3,    1.6,   86.4,   88.1,   13.6,   11.9,  100.0,   55.8,   79.0,   20.5,    0.4,    4.7,    0.0,    1.1,    0.0,    3.7,    1.3,    1.6,   86.4,   88.1,   13.6,   11.9,  100.0,    0.0,    0.0,    0.0,    0.0,    0.0,    0.0,    0.0,    0.0,    0.0,    0.0,    0.0,    0.0,    0.0,    0.0,    0.0,     27,     12,     13,      4,.,      4,      0,.,      0,.,.,.,     19,     20,     27,     12,     13,      4,.,      4,      0,.,      0,.,.,.,     19,     20,      0,      0,      0,      0,      0,      0,      0,      0,      0,      0,      0,      0,      0,      0,    54.7,    54.8,    72.0,    78.4,    54.5,    54.2,    70.6,    76.3,    54.7,    54.8,    72.0,    78.4,    54.5,    54.2,    70.6,    76.3,     0.0,     0.0,     0.0,     0.0,     0.0,     0.0,     0.0,     0.0,Megawatt Hours (MWh),064CZS,NODX,064 ,N16,FutOnly
NYISO.N.Y.C._month_off_dap - NODAL EXCHANGE,260811,2026-08-11,064CZT,NODX,01,064 ,   27767,   14914,   22083,    6173,       0,    1260,       0,     300,       0,     975,     344,     420,   23742,   24407,    4025,    3360,   27767,   14914,   22083,    6173,       0,    1260,       0,     300,       0,     975,     344,     420,   23742,   24407,    4025,    3360,       0,       0,       0,       0,       0,       0,       0,       0,       0,       0,       0,       0,       0,       0,       0,       0,   -1620,   -1060,    -930,    -137,       0,    -185,       0,       0,       0,     -25,    -300,       0,   -1407,   -1415,    -213,    -205,  100.0,   53.7,   79.5,   22.2,    0.0,    4.5,    0.0,    1.1,    0.0,    3.5,    1.2,    1.5,   85.5,   87.9,   14.5,   12.1,  100.0,   53.7,   79.5,   22.2,    0.0,    4.5,    0.0,    1.1,    0.0,    3.5,    1.2,    1.5,   85.5,   87.9,   14.5,   12.1,  100.0,    0.0,    0.0,    0.0,    0.0,    0.0,    0.0,    0.0,    0.0,    0.0,    0.0,    0.0,    0.0,    0.0,    0.0,    0.0,     26,     10,     12,      5,      0,.,      0,.,      0,.,.,.,     17,     18,     26,     10,     12,      5,      0,.,      0,.,      0,.,.,.,     17,     18,      0,      0,      0,      0,      0,      0,      0,      0,      0,      0,      0,      0,      0,      0,    54.3,    53.9,    72.3,    78.7,    54.3,    53.2,    71.0,    77.1,    54.3,    53.9,    72.3,    78.7,    54.3,    53.2,    71.0,    77.1,     0.0,     0.0,     0.0,     0.0,     0.0,     0.0,     0.0,     0.0,Megawatt Hours (MWh),064CZT,NODX,064 ,N16,FutOnly
NYISO.WEST_month_on_dap - NODAL EXCHANGE,260811,2026-08-11,064DEU,NODX,01,064 ,   34594,   28464,   20608,    2490,    6204,    1109,       0,       0,       0,     150,    4369,     481,   32694,   32771,    1900,    1823,   34594,   28464,   20608,    2490,    6204,    1109,       0,       0,       0,     150,    4369,     481,   32694,   32771,    1900,    1823,       0,       0,       0,       0,       0,       0,       0,       0,       0,       0,       0,       0,       0,       0,       0,       0,    -563,     -97,      78,      13,    -445,    -303,       0,       0,       0,       0,     293,     -93,    -480,    -470,     -83,     -93,  100.0,   82.3,   59.6,    7.2,   17.9,    3.2,    0.0,    0.0,    0.0,    0.4,   12.6,    1.4,   94.5,   94.7,    5.5,    5.3,  100.0,   82.3,   59.6,    7.2,   17.9,    3.2,    0.0,    0.0,    0.0,    0.4,   12.6,    1.4,   94.5,   94.7,    5.5,    5.3,  100.0,    0.0,    0.0,    0.0,    0.0,    0.0,    0.0,    0.0,    0.0,    0.0,    0.0,    0.0,    0.0,    0.0,    0.0,    0.0,     29,     13,     15,      4,.,      4,      0,      0,      0,.,.,.,     20,     21,     29,     13,     15,      4,.,      4,      0,      0,      0,.,.,.,     20,     21,      0,      0,      0,      0,      0,      0,      0,      0,      0,      0,      0,      0,      0,      0,    71.0,    50.8,    83.3,    78.0,    59.4,    48.4,    68.2,    67.9,    71.0,    50.8,    83.3,    78.0,    59.4,    48.4,    68.2,    67.9,     0.0,     0.0,     0.0,     0.0,     0.0,     0.0,     0.0,     0.0,Megawatt Hours (MWh),064DEU,NODX,064 ,N16,FutOnly
NYISO.WEST_month_off_dap - NODAL EXCHANGE,260811,2026-08-11,064DEV,NODX,01,064 ,   34461,   27804,   20754,    3372,    6914,     403,       0,     305,       0,     150,    3544,     656,   32385,   32576,    2076,    1885,   34461,   27804,   20754,    3372,    6914,     403,       0,     305,       0,     150,    3544,     656,   32385,   32576,    2076,    1885,       0,       0,       0,       0,       0,       0,       0,       0,       0,       0,       0,       0,       0,       0,       0,       0,    -435,      95,       1,    -407,    -470,      12,       0,     -30,       0,       0,     222,     -22,    -322,    -287,    -113,    -148,  100.0,   80.7,   60.2,    9.8,   20.1,    1.2,    0.0,    0.9,    0.0,    0.4,   10.3,    1.9,   94.0,   94.5,    6.0,    5.5,  100.0,   80.7,   60.2,    9.8,   20.1,    1.2,    0.0,    0.9,    0.0,    0.4,   10.3,    1.9,   94.0,   94.5,    6.0,    5.5,  100.0,    0.0,    0.0,    0.0,    0.0,    0.0,    0.0,    0.0,    0.0,    0.0,    0.0,    0.0,    0.0,    0.0,    0.0,    0.0,     26,      9,     14,.,.,      4,      0,.,      0,.,.,.,     15,     22,     26,      9,     14,.,.,      4,      0,.,      0,.,.,.,     15,     22,      0,      0,      0,      0,      0,      0,      0,      0,      0,      0,      0,      0,      0,      0,    76.0,    53.4,    89.7,    78.5,    65.7,    51.5,    73.6,    67.5,    76.0,    53.4,    89.7,    78.5,    65.7,    51.5,    73.6,    67.5,     0.0,     0.0,     0.0,     0.0,     0.0,     0.0,     0.0,     0.0,Megawatt Hours (MWh),064DEV,NODX,064 ,N16,FutOnly
PJM.AEP_month_on_dap - NODAL EXCHANGE,260811,2026-08-11,064DLQ,NODX,01,064 ,   29261,   18225,   22151,    7115,     395,     370,    1570,       0,       0,     486,    5060,     380,   28146,   28356,    1115,     905,   29261,   18225,   22151,    7115,     395,     370,    1570,       0,       0,     486,    5060,     380,   28146,   28356,    1115,     905,       0,       0,       0,       0,       0,       0,       0,       0,       0,       0,       0,       0,       0,       0,       0,       0,   -1894,   -1240,    -920,    -368,       0,       0,     -85,       0,       0,     -15,    -464,       0,   -1708,   -1384,    -186,    -510,  100.0,   62.3,   75.7,   24.3,    1.3,    1.3,    5.4,    0.0,    0.0,    1.7,   17.3,    1.3,   96.2,   96.9,    3.8,    3.1,  100.0,   62.3,   75.7,   24.3,    1.3,    1.3,    5.4,    0.0,    0.0,    1.7,   17.3,    1.3,   96.2,   96.9,    3.8,    3.1,  100.0,    0.0,    0.0,    0.0,    0.0,    0.0,    0.0,    0.0,    0.0,    0.0,    0.0,    0.0,    0.0,    0.0,    0.0,    0.0,     22,     11,.,      4,.,.,.,      0,      0,.,.,.,     19,      6,     22,     11,.,      4,.,.,.,      0,      0,.,.,.,     19,      6,      0,      0,      0,      0,      0,      0,      0,      0,      0,      0,      0,      0,      0,      0,    64.1,    94.0,    80.1,    96.9,    64.1,    92.7,    80.1,    94.3,    64.1,    94.0,    80.1,    96.9,    64.1,    92.7,    80.1,    94.3,     0.0,     0.0,     0.0,     0.0,     0.0,     0.0,     0.0,     0.0,Megawatt Hours (MWh),064DLQ,NODX,064 ,N16,FutOnly
PJM.AEP_month_off_dap - NODAL EXCHANGE,260811,2026-08-11,064DLR,NODX,01,064 ,   29226,   18250,   22116,    7080,     395,     370,    1570,       0,       0,     486,    5060,     380,   28136,   28321,    1090,     905,   29226,   18250,   22116,    7080,     395,     370,    1570,       0,       0,     486,    5060,     380,   28136,   28321,    1090,     905,       0,       0,       0,       0,       0,       0,       0,       0,       0,       0,       0,       0,       0,       0,       0,       0,   -1894,   -1240,    -920,    -373,       0,       0,     -85,       0,       0,     -15,    -464,       0,   -1713,   -1384,    -181,    -510,  100.0,   62.4,   75.7,   24.2,    1.4,    1.3,    5.4,    0.0,    0.0,    1.7,   17.3,    1.3,   96.3,   96.9,    3.7,    3.1,  100.0,   62.4,   75.7,   24.2,    1.4,    1.3,    5.4,    0.0,    0.0,    1.7,   17.3,    1.3,   96.3,   96.9,    3.7,    3.1,  100.0,    0.0,    0.0,    0.0,    0.0,    0.0,    0.0,    0.0,    0.0,    0.0,    0.0,    0.0,    0.0,    0.0,    0.0,    0.0,     22,     11,.,      4,.,.,.,      0,      0,.,.,.,     19,      6,     22,     11,.,      4,.,.,.,      0,      0,.,.,.,     19,      6,      0,      0,      0,      0,      0,      0,      0,      0,      0,      0,      0,      0,      0,      0,    64.2,    94.0,    80.1,    96.9,    64.2,    92.6,    80.1,    94.2,    64.2,    94.0,    80.1,    96.9,    64.2,    92.6,    80.1,    94.2,     0.0,     0.0,     0.0,     0.0,     0.0,     0.0,     0.0,     0.0,Megawatt Hours (MWh),064DLR,NODX,064 ,N16,FutOnly
PJM.AEP-DAYTON HUB_mo_on_dap - NODAL EXCHANGE,260811,2026-08-11,064DLW,NODX,01,064 ,  101621,   41821,   42546,    5060,   24635,    2311,    3760,    5612,     270,   25192,    2660,     940,   79354,   78974,   22267,   22647,  101621,   41821,   42546,    5060,   24635,    2311,    3760,    5612,     270,   25192,    2660,     940,   79354,   78974,   22267,   22647,       0,       0,       0,       0,       0,       0,       0,       0,       0,       0,       0,       0,       0,       0,       0,       0,   -7170,   -3125,   -2687,    -364,    -984,    -113,     584,    -265,    -150,   -1115,    -148,       0,   -4283,   -4347,   -2887,   -2823,  100.0,   41.2,   41.9,    5.0,   24.2,    2.3,    3.7,    5.5,    0.3,   24.8,    2.6,    0.9,   78.1,   77.7,   21.9,   22.3,  100.0,   41.2,   41.9,    5.0,   24.2,    2.3,    3.7,    5.5,    0.3,   24.8,    2.6,    0.9,   78.1,   77.7,   21.9,   22.3,  100.0,    0.0,    0.0,    0.0,    0.0,    0.0,    0.0,    0.0,    0.0,    0.0,    0.0,    0.0,    0.0,    0.0,    0.0,    0.0,     44,     17,     22,.,      6,      5,.,.,.,      6,.,.,     32,     36,     44,     17,     22,.,      6,      5,.,.,.,      6,.,.,     32,     36,      0,      0,      0,      0,      0,      0,      0,      0,      0,      0,      0,      0,      0,      0,    46.0,    36.3,    62.7,    55.3,    43.5,    33.9,    54.4,    48.8,    46.0,    36.3,    62.7,    55.3,    43.5,    33.9,    54.4,    48.8,     0.0,     0.0,     0.0,     0.0,     0.0,     0.0,     0.0,     0.0,Megawatt Hours (MWh),064DLW,NODX,064 ,N16,FutOnly
PJM.AEP-DAYTON HUB_mo_off_dap - NODAL EXCHANGE,260811,2026-08-11,064DLX,NODX,01,064 ,   98281,   39077,   45539,    5115,   21705,    2103,    3060,    2845,     665,   25892,    2650,     940,   76852,   76447,   21429,   21834,   98281,   39077,   45539,    5115,   21705,    2103,    3060,    2845,     665,   25892,    2650,     940,   76852,   76447,   21429,   21834,       0,       0,       0,       0,       0,       0,       0,       0,       0,       0,       0,       0,       0,       0,       0,       0,   -6436,   -1758,   -2305,    -195,    -420,    -277,      -6,    -215,       0,   -1215,    -138,       0,   -3451,   -3355,   -2985,   -3081,  100.0,   39.8,   46.3,    5.2,   22.1,    2.1,    3.1,    2.9,    0.7,   26.3,    2.7,    1.0,   78.2,   77.8,   21.8,   22.2,  100.0,   39.8,   46.3,    5.2,   22.1,    2.1,    3.1,    2.9,    0.7,   26.3,    2.7,    1.0,   78.2,   77.8,   21.8,   22.2,  100.0,    0.0,    0.0,    0.0,    0.0,    0.0,    0.0,    0.0,    0.0,    0.0,    0.0,    0.0,    0.0,    0.0,    0.0,    0.0,     41,     15,     21,.,      5,      5,.,.,.,      6,.,.,     30,     34,     41,     15,     21,.,      5,      5,.,.,.,      6,.,.,     30,     34,      0,      0,      0,      0,      0,      0,      0,      0,      0,      0,      0,      0,      0,      0,    47.5,    36.4,    64.7,    54.2,    41.7,    34.7,    52.8,    48.0,    47.5,    36.4,    64.7,    54.2,    41.7,    34.7,    52.8,    48.0,     0.0,     0.0,     0.0,     0.0,     0.0,     0.0,     0.0,     0.0,Megawatt Hours (MWh),064DLX,NODX,064 ,N16,FutOnly
PJM.APS_month_on_dap - NODAL EXCHANGE,260811,2026-08-11,064DMY,NODX,01,064 ,   12843,    6760,   10934,    1040,     694,     174,    2010,       0,       0,    1003,     390,       0,   10987,   12192,    1856,     651,   12843,    6760,   10934,    1040,     694,     174,    2010,       0,       0,    1003,     390,       0,   10987,   12192,    1856,     651,       0,       0,       0,       0,       0,       0,       0,       0,       0,       0,       0,       0,       0,       0,       0,       0,   -1056,    -541,    -859,     -75,      18,     -18,    -135,       0,       0,     -65,       0,       0,    -834,    -859,    -222,    -197,  100.0,   52.6,   85.1,    8.1,    5.4,    1.4,   15.7,    0.0,    0.0,    7.8,    3.0,    0.0,   85.5,   94.9,   14.5,    5.1,  100.0,   52.6,   85.1,    8.1,    5.4,    1.4,   15.7,    0.0,    0.0,    7.8,    3.0,    0.0,   85.5,   94.9,   14.5,    5.1,  100.0,    0.0,    0.0,    0.0,    0.0,    0.0,    0.0,    0.0,    0.0,    0.0,    0.0,    0.0,    0.0,    0.0,    0.0,    0.0,     20,     11,      6,.,.,.,.,      0,      0,.,.,      0,     16,      8,     20,     11,      6,.,.,.,.,      0,      0,.,.,      0,     16,      8,      0,      0,      0,      0,      0,      0,      0,      0,      0,      0,      0,      0,      0,      0,    41.6,    84.6,    67.6,    94.9,    41.6,    83.3,    67.2,    88.7,    41.6,    84.6,    67.6,    94.9,    41.6,    83.3,    67.2,    88.7,     0.0,     0.0,     0.0,     0.0,     0.0,     0.0,     0.0,     0.0,Megawatt Hours (MWh),064DMY,NODX,064 ,N16,FutOnly
PJM.APS_month_off_dap - NODAL EXCHANGE,260811,2026-08-11,064DMZ,NODX,01,064 ,   12207,    6395,   10298,    1040,     694,     174,    2010,       0,       0,     747,     390,       0,   10366,   11556,    1841,     651,   12207,    6395,   10298,    1040,     694,     174,    2010,       0,       0,     747,     390,       0,   10366,   11556,    1841,     651,       0,       0,       0,       0,       0,       0,       0,       0,       0,       0,       0,       0,       0,       0,       0,       0,    -948,    -449,    -751,     -75,      18,     -18,    -135,       0,       0,     -49,       0,       0,    -726,    -751,    -222,    -197,  100.0,   52.4,   84.4,    8.5,    5.7,    1.4,   16.5,    0.0,    0.0,    6.1,    3.2,    0.0,   84.9,   94.7,   15.1,    5.3,  100.0,   52.4,   84.4,    8.5,    5.7,    1.4,   16.5,    0.0,    0.0,    6.1,    3.2,    0.0,   84.9,   94.7,   15.1,    5.3,  100.0,    0.0,    0.0,    0.0,    0.0,    0.0,    0.0,    0.0,    0.0,    0.0,    0.0,    0.0,    0.0,    0.0,    0.0,    0.0,     20,     11,      6,.,.,.,.,      0,      0,.,.,      0,     16,      8,     20,     11,      6,.,.,.,.,      0,      0,.,.,      0,     16,      8,      0,      0,      0,      0,      0,      0,      0,      0,      0,      0,      0,      0,      0,      0,    42.9,    84.6,    67.8,    94.7,    42.9,    83.2,    67.8,    88.9,    42.9,    84.6,    67.8,    94.7,    42.9,    83.2,    67.8,    88.9,     0.0,     0.0,     0.0,     0.0,     0.0,     0.0,     0.0,     0.0,Megawatt Hours (MWh),064DMZ,NODX,064 ,N16,FutOnly
PJM.BGE_month_on_dap - NODAL EXCHANGE,260811,2026-08-11,064DPQ,NODX,01,064 ,   26240,   17580,   21545,    2770,     880,     265,    2640,       0,       0,    1425,    1805,     480,   25160,   24975,    1080,    1265,   26240,   17580,   21545,    2770,     880,     265,    2640,       0,       0,    1425,    1805,     480,   25160,   24975,    1080,    1265,       0,       0,       0,       0,       0,       0,       0,       0,       0,       0,       0,       0,       0,       0,       0,       0,   -1695,   -1095,   -1475,    -150,      35,     -15,      25,       0,       0,    -180,    -155,      15,   -1400,   -1595,    -295,    -100,  100.0,   67.0,   82.1,   10.6,    3.4,    1.0,   10.1,    0.0,    0.0,    5.4,    6.9,    1.8,   95.9,   95.2,    4.1,    4.8,  100.0,   67.0,   82.1,   10.6,    3.4,    1.0,   10.1,    0.0,    0.0,    5.4,    6.9,    1.8,   95.9,   95.2,    4.1,    4.8,  100.0,    0.0,    0.0,    0.0,    0.0,    0.0,    0.0,    0.0,    0.0,    0.0,    0.0,    0.0,    0.0,    0.0,    0.0,    0.0,     29,     14,      5,.,.,.,.,      0,      0,.,.,.,     25,     13,     29,     14,      5,.,.,.,.,      0,      0,.,.,.,     25,     13,      0,      0,      0,      0,      0,      0,      0,      0,      0,      0,      0,      0,      0,      0,    53.5,    88.2,    74.8,    92.9,    53.0,    86.7,    73.9,    90.2,    53.5,    88.2,    74.8,    92.9,    53.0,    86.7,    73.9,    90.2,     0.0,     0.0,     0.0,     0.0,     0.0,     0.0,     0.0,     0.0,Megawatt Hours (MWh),064DPQ,NODX,064 ,N16,FutOnly
PJM.BGE_month_off_dap - NODAL EXCHANGE,260811,2026-08-11,064DPR,NODX,01,064 ,   26155,   17365,   21295,    2500,     645,     350,    2640,       0,       0,    1425,    1830,     480,   24760,   24600,    1395,    1555,   26155,   17365,   21295,    2500,     645,     350,    2640,       0,       0,    1425,    1830,     480,   24760,   24600,    1395,    1555,       0,       0,       0,       0,       0,       0,       0,       0,       0,       0,       0,       0,       0,       0,       0,       0,   -1675,   -1070,   -1465,    -195,       0,      30,      25,       0,       0,    -180,    -155,      15,   -1375,   -1575,    -300,    -100,  100.0,   66.4,   81.4,    9.6,    2.5,    1.3,   10.1,    0.0,    0.0,    5.4,    7.0,    1.8,   94.7,   94.1,    5.3,    5.9,  100.0,   66.4,   81.4,    9.6,    2.5,    1.3,   10.1,    0.0,    0.0,    5.4,    7.0,    1.8,   94.7,   94.1,    5.3,    5.9,  100.0,    0.0,    0.0,    0.0,    0.0,    0.0,    0.0,    0.0,    0.0,    0.0,    0.0,    0.0,    0.0,    0.0,    0.0,    0.0,     29,     14,      5,      4,.,.,.,      0,      0,.,.,.,     25,     13,     29,     14,      5,      4,.,.,.,      0,      0,.,.,.,     25,     13,      0,      0,      0,      0,      0,      0,      0,      0,      0,      0,      0,      0,      0,      0,    52.9,    87.6,    73.0,    91.8,    52.4,    86.1,    72.1,    89.1,    52.9,    87.6,    73.0,    91.8,    52.4,    86.1,    72.1,    89.1,     0.0,     0.0,     0.0,     0.0,     0.0,     0.0,     0.0,     0.0,Megawatt Hours (MWh),064DPR,NODX,064 ,N16,FutOnly
PJM.DOM_month_on_dap - NODAL EXCHANGE,260811,2026-08-11,064DZS,NODX,01,064 ,   11959,    8015,    5245,    1480,    3015,     429,     750,     730,       0,     775,    2005,       0,   11449,   11424,     510,     535,   11959,    8015,    5245,    1480,    3015,     429,     750,     730,       0,     775,    2005,       0,   11449,   11424,     510,     535,       0,       0,       0,       0,       0,       0,       0,       0,       0,       0,       0,       0,       0,       0,       0,       0,    -395,      50,    -170,     -80,     105,     -30,       0,     -20,       0,     -25,       5,       0,     -85,    -110,    -310,    -285,  100.0,   67.0,   43.9,   12.4,   25.2,    3.6,    6.3,    6.1,    0.0,    6.5,   16.8,    0.0,   95.7,   95.5,    4.3,    4.5,  100.0,   67.0,   43.9,   12.4,   25.2,    3.6,    6.3,    6.1,    0.0,    6.5,   16.8,    0.0,   95.7,   95.5,    4.3,    4.5,  100.0,    0.0,    0.0,    0.0,    0.0,    0.0,    0.0,    0.0,    0.0,    0.0,    0.0,    0.0,    0.0,    0.0,    0.0,    0.0,     23,     10,.,.,      5,.,.,.,      0,.,.,      0,     15,     12,     23,     10,.,.,      5,.,.,.,      0,.,.,      0,     15,     12,      0,      0,      0,      0,      0,      0,      0,      0,      0,      0,      0,      0,      0,      0,    59.0,    72.7,    81.5,    92.5,    59.0,    66.9,    79.4,    83.6,    59.0,    72.7,    81.5,    92.5,    59.0,    66.9,    79.4,    83.6,     0.0,     0.0,     0.0,     0.0,     0.0,     0.0,     0.0,     0.0,Megawatt Hours (MWh),064DZS,NODX,064 ,N16,FutOnly
PJM.DOM_month_off_dap - NODAL EXCHANGE,260811,2026-08-11,064DZT,NODX,01,064 ,   12469,    8425,    5690,    1730,    3290,     294,     750,     730,       0,     775,    2005,       0,   11974,   12009,     495,     460,   12469,    8425,    5690,    1730,    3290,     294,     750,     730,       0,     775,    2005,       0,   11974,   12009,     495,     460,       0,       0,       0,       0,       0,       0,       0,       0,       0,       0,       0,       0,       0,       0,       0,       0,    -425,      50,    -175,    -130,      55,       0,       0,     -20,       0,     -25,       5,       0,    -105,    -135,    -320,    -290,  100.0,   67.6,   45.6,   13.9,   26.4,    2.4,    6.0,    5.9,    0.0,    6.2,   16.1,    0.0,   96.0,   96.3,    4.0,    3.7,  100.0,   67.6,   45.6,   13.9,   26.4,    2.4,    6.0,    5.9,    0.0,    6.2,   16.1,    0.0,   96.0,   96.3,    4.0,    3.7,  100.0,    0.0,    0.0,    0.0,    0.0,    0.0,    0.0,    0.0,    0.0,    0.0,    0.0,    0.0,    0.0,    0.0,    0.0,    0.0,     25,     11,      4,.,      5,.,.,.,      0,.,.,      0,     17,     13,     25,     11,      4,.,      5,.,.,.,      0,.,.,      0,     17,     13,      0,      0,      0,      0,      0,      0,      0,      0,      0,      0,      0,      0,      0,      0,    57.8,    72.5,    80.8,    92.6,    57.8,    67.0,    80.2,    84.6,    57.8,    72.5,    80.8,    92.6,    57.8,    67.0,    80.2,    84.6,     0.0,     0.0,     0.0,     0.0,     0.0,     0.0,     0.0,     0.0,Megawatt Hours (MWh),064DZT,NODX,064 ,N16,FutOnly
ERCOT North 345KV Hub RT 10x17 - ICE FUTURES ENERGY DIV,260811,2026-08-11,064ED7,IFED,01,064 ,    6529,    4983,    2868,     600,     605,     120,       0,       0,       0,     610,    2320,       0,    6313,    5913,     216,     616,    6529,    4983,    2868,     600,     605,     120,       0,       0,       0,     610,    2320,       0,    6313,    5913,     216,     616,       0,       0,       0,       0,       0,       0,       0,       0,       0,       0,       0,       0,       0,       0,       0,       0,    -906,    -940,    -580,      90,      50,     -90,       0,       0,       0,      85,    -250,       0,    -855,    -870,     -51,     -36,  100.0,   76.3,   43.9,    9.2,    9.3,    1.8,    0.0,    0.0,    0.0,    9.3,   35.5,    0.0,   96.7,   90.6,    3.3,    9.4,  100.0,   76.3,   43.9,    9.2,    9.3,    1.8,    0.0,    0.0,    0.0,    9.3,   35.5,    0.0,   96.7,   90.6,    3.3,    9.4,  100.0,    0.0,    0.0,    0.0,    0.0,    0.0,    0.0,    0.0,    0.0,    0.0,    0.0,    0.0,    0.0,    0.0,    0.0,    0.0,     20,     11,      6,.,.,.,      0,      0,      0,.,.,      0,     15,     10,     20,     11,      6,.,.,.,      0,      0,      0,.,.,      0,     15,     10,      0,      0,      0,      0,      0,      0,      0,      0,      0,      0,      0,      0,      0,      0,    68.4,    81.1,    87.2,    89.4,    65.6,    80.2,    84.2,    86.3,    68.4,    81.1,    87.2,    89.4,    65.6,    80.2,    84.2,    86.3,     0.0,     0.0,     0.0,     0.0,     0.0,     0.0,     0.0,     0.0,(1MW for about 352 Hours),064ED7,IFED,064 ,N16,FutOnly
PJM.JCPL_month_on_dap - NODAL EXCHANGE,260811,2026-08-11,064EJI,NODX,01,064 ,   49067,   32837,   36180,    2575,    2317,     910,    3080,    4980,       0,    3775,     175,     925,   44102,   45487,    4965,    3580,   49067,   32837,   36180,    2575,    2317,     910,    3080,    4980,       0,    3775,     175,     925,   44102,   45487,    4965,    3580,       0,       0,       0,       0,       0,       0,       0,       0,       0,       0,       0,       0,       0,       0,       0,       0,   -2500,   -1510,   -1705,    -175,    -245,      15,    -190,    -110,       0,    -270,    -110,       0,   -2130,   -2155,    -370,    -345,  100.0,   66.9,   73.7,    5.2,    4.7,    1.9,    6.3,   10.1,    0.0,    7.7,    0.4,    1.9,   89.9,   92.7,   10.1,    7.3,  100.0,   66.9,   73.7,    5.2,    4.7,    1.9,    6.3,   10.1,    0.0,    7.7,    0.4,    1.9,   89.9,   92.7,   10.1,    7.3,  100.0,    0.0,    0.0,    0.0,    0.0,    0.0,    0.0,    0.0,    0.0,    0.0,    0.0,    0.0,    0.0,    0.0,    0.0,    0.0,     29,     13,      8,.,.,      4,.,.,      0,.,.,.,     22,     17,     29,     13,      8,.,.,      4,.,.,      0,.,.,.,     22,     17,      0,      0,      0,      0,      0,      0,      0,      0,      0,      0,      0,      0,      0,      0,    53.0,    78.4,    70.1,    88.3,    49.1,    78.4,    66.2,    83.9,    53.0,    78.4,    70.1,    88.3,    49.1,    78.4,    66.2,    83.9,     0.0,     0.0,     0.0,     0.0,     0.0,     0.0,     0.0,     0.0,Megawatt Hours (MWh),064EJI,NODX,064 ,N16,FutOnly
PJM.JCPL_month_off_dap - NODAL EXCHANGE,260811,2026-08-11,064EJJ,NODX,01,064 ,   46877,   30887,   34450,    1810,    2317,    1250,    3080,    4380,       0,    4095,      50,     420,   41542,   42867,    5335,    4010,   46877,   30887,   34450,    1810,    2317,    1250,    3080,    4380,       0,    4095,      50,     420,   41542,   42867,    5335,    4010,       0,       0,       0,       0,       0,       0,       0,       0,       0,       0,       0,       0,       0,       0,       0,       0,   -2090,    -885,   -1355,     -50,    -220,     -30,    -190,    -110,       0,    -145,       0,     -60,   -1360,   -1775,    -730,    -315,  100.0,   65.9,   73.5,    3.9,    4.9,    2.7,    6.6,    9.3,    0.0,    8.7,    0.1,    0.9,   88.6,   91.4,   11.4,    8.6,  100.0,   65.9,   73.5,    3.9,    4.9,    2.7,    6.6,    9.3,    0.0,    8.7,    0.1,    0.9,   88.6,   91.4,   11.4,    8.6,  100.0,    0.0,    0.0,    0.0,    0.0,    0.0,    0.0,    0.0,    0.0,    0.0,    0.0,    0.0,    0.0,    0.0,    0.0,    0.0,     29,     14,      8,.,.,      4,.,.,      0,.,.,.,     23,     17,     29,     14,      8,.,.,      4,.,.,      0,.,.,.,     23,     17,      0,      0,      0,      0,      0,      0,      0,      0,      0,      0,      0,      0,      0,      0,    51.2,    78.8,    69.1,    87.2,    48.5,    78.8,    66.5,    84.6,    51.2,    78.8,    69.1,    87.2,    48.5,    78.8,    66.5,    84.6,     0.0,     0.0,     0.0,     0.0,     0.0,     0.0,     0.0,     0.0,Megawatt Hours (MWh),064EJJ,NODX,064 ,N16,FutOnly
PJM.METED_month_on_dap - NODAL EXCHANGE,260811,2026-08-11,064EOW,NODX,01,064 ,   12610,    9955,    8795,      25,    1825,     588,     175,     190,      70,       0,     200,     120,   10933,   11788,    1677,     822,   12610,    9955,    8795,      25,    1825,     588,     175,     190,      70,       0,     200,     120,   10933,   11788,    1677,     822,       0,       0,       0,       0,       0,       0,       0,       0,       0,       0,       0,       0,       0,       0,       0,       0,   -1093,   -1065,    -455,      25,    -333,     168,    -100,    -140,       0,       0,      -5,       0,    -972,    -765,    -121,    -328,  100.0,   78.9,   69.7,    0.2,   14.5,    4.7,    1.4,    1.5,    0.6,    0.0,    1.6,    1.0,   86.7,   93.5,   13.3,    6.5,  100.0,   78.9,   69.7,    0.2,   14.5,    4.7,    1.4,    1.5,    0.6,    0.0,    1.6,    1.0,   86.7,   93.5,   13.3,    6.5,  100.0,    0.0,    0.0,    0.0,    0.0,    0.0,    0.0,    0.0,    0.0,    0.0,    0.0,    0.0,    0.0,    0.0,    0.0,    0.0,     21,     10,      4,.,.,      4,.,.,.,      0,.,.,     17,     11,     21,     10,      4,.,.,      4,.,.,.,      0,.,.,     17,     11,      0,      0,      0,      0,      0,      0,      0,      0,      0,      0,      0,      0,      0,      0,    56.0,    78.6,    75.7,    90.4,    56.0,    78.2,    73.5,    83.0,    56.0,    78.6,    75.7,    90.4,    56.0,    78.2,    73.5,    83.0,     0.0,     0.0,     0.0,     0.0,     0.0,     0.0,     0.0,     0.0,Megawatt Hours (MWh),064EOW,NODX,064 ,N16,FutOnly
PJM.METED_month_off_dap - NODAL EXCHANGE,260811,2026-08-11,064EOX,NODX,01,064 ,   12820,   10190,    9045,      25,    1835,     593,     175,     190,      70,       0,     200,     120,   11173,   12053,    1647,     767,   12820,   10190,    9045,      25,    1835,     593,     175,     190,      70,       0,     200,     120,   11173,   12053,    1647,     767,       0,       0,       0,       0,       0,       0,       0,       0,       0,       0,       0,       0,       0,       0,       0,       0,   -1073,   -1000,    -435,      25,    -323,     158,    -100,    -140,       0,       0,      -5,       0,    -917,    -745,    -156,    -328,  100.0,   79.5,   70.6,    0.2,   14.3,    4.6,    1.4,    1.5,    0.5,    0.0,    1.6,    0.9,   87.2,   94.0,   12.8,    6.0,  100.0,   79.5,   70.6,    0.2,   14.3,    4.6,    1.4,    1.5,    0.5,    0.0,    1.6,    0.9,   87.2,   94.0,   12.8,    6.0,  100.0,    0.0,    0.0,    0.0,    0.0,    0.0,    0.0,    0.0,    0.0,    0.0,    0.0,    0.0,    0.0,    0.0,    0.0,    0.0,     22,     12,      6,.,.,      4,.,.,.,      0,.,.,     19,     13,     22,     12,      6,.,.,      4,.,.,.,      0,.,.,     19,     13,      0,      0,      0,      0,      0,      0,      0,      0,      0,      0,      0,      0,      0,      0,    53.6,    78.0,    75.0,    89.5,    52.6,    77.1,    70.1,    81.8,    53.6,    78.0,    75.0,    89.5,    52.6,    77.1,    70.1,    81.8,     0.0,     0.0,     0.0,     0.0,     0.0,     0.0,     0.0,     0.0,Megawatt Hours (MWh),064EOX,NODX,064 ,N16,FutOnly
PJM.N ILLINOIS HUB_mo_on_dap - NODAL EXCHANGE,260811,2026-08-11,064ERM,NODX,01,064 ,   90943,   63504,   77440,   13763,    2188,    3076,     300,     350,       0,    2460,       0,       0,   83103,   83054,    7840,    7889,   90943,   63504,   77440,   13763,    2188,    3076,     300,     350,       0,    2460,       0,       0,   83103,   83054,    7840,    7889,       0,       0,       0,       0,       0,       0,       0,       0,       0,       0,       0,       0,       0,       0,       0,       0,    1941,    4014,    2870,    -793,     -90,     -10,       0,       0,       0,    -315,       0,       0,    2896,    2770,    -955,    -829,  100.0,   69.8,   85.2,   15.1,    2.4,    3.4,    0.3,    0.4,    0.0,    2.7,    0.0,    0.0,   91.4,   91.3,    8.6,    8.7,  100.0,   69.8,   85.2,   15.1,    2.4,    3.4,    0.3,    0.4,    0.0,    2.7,    0.0,    0.0,   91.4,   91.3,    8.6,    8.7,  100.0,    0.0,    0.0,    0.0,    0.0,    0.0,    0.0,    0.0,    0.0,    0.0,    0.0,    0.0,    0.0,    0.0,    0.0,    0.0,     31,     14,     14,      4,.,      5,.,.,      0,.,      0,      0,     23,     21,     31,     14,     14,      4,.,      5,.,.,      0,.,      0,      0,     23,     21,      0,      0,      0,      0,      0,      0,      0,      0,      0,      0,      0,      0,      0,      0,    58.1,    76.0,    81.4,    82.8,    54.9,    75.9,    75.2,    81.1,    58.1,    76.0,    81.4,    82.8,    54.9,    75.9,    75.2,    81.1,     0.0,     0.0,     0.0,     0.0,     0.0,     0.0,     0.0,     0.0,Megawatt Hours (MWh),064ERM,NODX,064 ,N16,FutOnly
PJM.N ILLINOIS HUB_mo_off_dap - NODAL EXCHANGE,260811,2026-08-11,064ERN,NODX,01,064 ,   89009,   60768,   75996,   14917,    1875,    2909,     300,     350,       0,    2285,       0,       0,   81179,   81130,    7830,    7879,   89009,   60768,   75996,   14917,    1875,    2909,     300,     350,       0,    2285,       0,       0,   81179,   81130,    7830,    7879,       0,       0,       0,       0,       0,       0,       0,       0,       0,       0,       0,       0,       0,       0,       0,       0,    2730,    4740,    3600,    -965,    -100,       0,       0,       0,       0,    -275,       0,       0,    3500,    3500,    -770,    -770,  100.0,   68.3,   85.4,   16.8,    2.1,    3.3,    0.3,    0.4,    0.0,    2.6,    0.0,    0.0,   91.2,   91.1,    8.8,    8.9,  100.0,   68.3,   85.4,   16.8,    2.1,    3.3,    0.3,    0.4,    0.0,    2.6,    0.0,    0.0,   91.2,   91.1,    8.8,    8.9,  100.0,    0.0,    0.0,    0.0,    0.0,    0.0,    0.0,    0.0,    0.0,    0.0,    0.0,    0.0,    0.0,    0.0,    0.0,    0.0,     29,     14,     14,      5,.,      5,.,.,      0,.,      0,      0,     22,     21,     29,     14,     14,      5,.,      5,.,.,      0,.,      0,      0,     22,     21,      0,      0,      0,      0,      0,      0,      0,      0,      0,      0,      0,      0,      0,      0,    59.3,    76.8,    81.4,    83.2,    56.2,    76.7,    75.7,    81.9,    59.3,    76.8,    81.4,    83.2,    56.2,    76.7,    75.7,    81.9,     0.0,     0.0,     0.0,     0.0,     0.0,     0.0,     0.0,     0.0,Megawatt Hours (MWh),064ERN,NODX,064 ,N16,FutOnly
PJM.PECO_month_on_dap - NODAL EXCHANGE,260811,2026-08-11,064EUY,NODX,01,064 ,  107201,   71620,   83647,    3746,   14293,    2017,    1945,    1005,       0,   21430,     206,     224,  100982,  101392,    6219,    5809,  107201,   71620,   83647,    3746,   14293,    2017,    1945,    1005,       0,   21430,     206,     224,  100982,  101392,    6219,    5809,       0,       0,       0,       0,       0,       0,       0,       0,       0,       0,       0,       0,       0,       0,       0,       0,   -7413,   -3480,   -2605,    -452,    -450,       0,    -150,    -120,       0,   -2165,     -15,     -10,   -6257,   -3200,   -1156,   -4213,  100.0,   66.8,   78.0,    3.5,   13.3,    1.9,    1.8,    0.9,    0.0,   20.0,    0.2,    0.2,   94.2,   94.6,    5.8,    5.4,  100.0,   66.8,   78.0,    3.5,   13.3,    1.9,    1.8,    0.9,    0.0,   20.0,    0.2,    0.2,   94.2,   94.6,    5.8,    5.4,  100.0,    0.0,    0.0,    0.0,    0.0,    0.0,    0.0,    0.0,    0.0,    0.0,    0.0,    0.0,    0.0,    0.0,    0.0,    0.0,     37,     21,     11,.,.,.,.,.,      0,      4,.,.,     30,     22,     37,     21,     11,.,.,.,.,.,      0,      4,.,.,     30,     22,      0,      0,      0,      0,      0,      0,      0,      0,      0,      0,      0,      0,      0,      0,    52.6,    77.9,    73.5,    90.9,    46.5,    76.3,    62.6,    78.3,    52.6,    77.9,    73.5,    90.9,    46.5,    76.3,    62.6,    78.3,     0.0,     0.0,     0.0,     0.0,     0.0,     0.0,     0.0,     0.0,Megawatt Hours (MWh),064EUY,NODX,064 ,N16,FutOnly
PJM.PECO_month_off_dap - NODAL EXCHANGE,260811,2026-08-11,064EUZ,NODX,01,064 ,  106284,   69525,   83302,    3806,   12733,    2015,    1945,     640,     175,   21300,     211,     219,   98985,   99295,    7299,    6989,  106284,   69525,   83302,    3806,   12733,    2015,    1945,     640,     175,   21300,     211,     219,   98985,   99295,    7299,    6989,       0,       0,       0,       0,       0,       0,       0,       0,       0,       0,       0,       0,       0,       0,       0,       0,   -6933,   -3095,   -2330,    -462,    -380,       0,    -150,     -55,       0,   -2195,     -20,      -5,   -5907,   -2790,   -1026,   -4143,  100.0,   65.4,   78.4,    3.6,   12.0,    1.9,    1.8,    0.6,    0.2,   20.0,    0.2,    0.2,   93.1,   93.4,    6.9,    6.6,  100.0,   65.4,   78.4,    3.6,   12.0,    1.9,    1.8,    0.6,    0.2,   20.0,    0.2,    0.2,   93.1,   93.4,    6.9,    6.6,  100.0,    0.0,    0.0,    0.0,    0.0,    0.0,    0.0,    0.0,    0.0,    0.0,    0.0,    0.0,    0.0,    0.0,    0.0,    0.0,     37,     21,     11,.,.,.,.,.,.,      4,.,.,     31,     22,     37,     21,     11,.,.,.,.,.,.,      4,.,.,     31,     22,      0,      0,      0,      0,      0,      0,      0,      0,      0,      0,      0,      0,      0,      0,    51.9,    77.3,    73.0,    89.9,    45.9,    75.1,    62.0,    77.2,    51.9,    77.3,    73.0,    89.9,    45.9,    75.1,    62.0,    77.2,     0.0,     0.0,     0.0,     0.0,     0.0,     0.0,     0.0,     0.0,Megawatt Hours (MWh),064EUZ,NODX,064 ,N16,FutOnly
PJM.PEPCO_month_on_dap - NODAL EXCHANGE,260811,2026-08-11,064EVG,NODX,01,064 ,   21611,   16632,    9018,     862,    1055,    1539,     725,    1875,       0,       0,    6817,       0,   19758,   20304,    1853,    1307,   21611,   16632,    9018,     862,    1055,    1539,     725,    1875,       0,       0,    6817,       0,   19758,   20304,    1853,    1307,       0,       0,       0,       0,       0,       0,       0,       0,       0,       0,       0,       0,       0,       0,       0,       0,   -1450,   -1190,    -185,     175,     -30,    -175,     -65,    -195,       0,       0,    -710,       0,   -1255,   -1295,    -195,    -155,  100.0,   77.0,   41.7,    4.0,    4.9,    7.1,    3.4,    8.7,    0.0,    0.0,   31.5,    0.0,   91.4,   94.0,    8.6,    6.0,  100.0,   77.0,   41.7,    4.0,    4.9,    7.1,    3.4,    8.7,    0.0,    0.0,   31.5,    0.0,   91.4,   94.0,    8.6,    6.0,  100.0,    0.0,    0.0,    0.0,    0.0,    0.0,    0.0,    0.0,    0.0,    0.0,    0.0,    0.0,    0.0,    0.0,    0.0,    0.0,     28,     17,      8,.,.,      5,.,.,      0,      0,.,      0,     23,     17,     28,     17,      8,.,.,      5,.,.,      0,      0,.,      0,     23,     17,      0,      0,      0,      0,      0,      0,      0,      0,      0,      0,      0,      0,      0,      0,    47.9,    73.7,    70.1,    85.5,    47.3,    70.6,    67.7,    79.0,    47.9,    73.7,    70.1,    85.5,    47.3,    70.6,    67.7,    79.0,     0.0,     0.0,     0.0,     0.0,     0.0,     0.0,     0.0,     0.0,Megawatt Hours (MWh),064EVG,NODX,064 ,N16,FutOnly
PJM.PEPCO_month_off_dap - NODAL EXCHANGE,260811,2026-08-11,064EVH,NODX,01,064 ,   21611,   16632,    9018,     862,    1055,    1539,     725,    1875,       0,       0,    6817,       0,   19758,   20304,    1853,    1307,   21611,   16632,    9018,     862,    1055,    1539,     725,    1875,       0,       0,    6817,       0,   19758,   20304,    1853,    1307,       0,       0,       0,       0,       0,       0,       0,       0,       0,       0,       0,       0,       0,       0,       0,       0,   -1440,   -1180,    -185,     175,     -30,    -175,     -65,    -195,       0,       0,    -700,       0,   -1245,   -1285,    -195,    -155,  100.0,   77.0,   41.7,    4.0,    4.9,    7.1,    3.4,    8.7,    0.0,    0.0,   31.5,    0.0,   91.4,   94.0,    8.6,    6.0,  100.0,   77.0,   41.7,    4.0,    4.9,    7.1,    3.4,    8.7,    0.0,    0.0,   31.5,    0.0,   91.4,   94.0,    8.6,    6.0,  100.0,    0.0,    0.0,    0.0,    0.0,    0.0,    0.0,    0.0,    0.0,    0.0,    0.0,    0.0,    0.0,    0.0,    0.0,    0.0,     28,     17,      8,.,.,      5,.,.,      0,      0,.,      0,     23,     17,     28,     17,      8,.,.,      5,.,.,      0,      0,.,      0,     23,     17,      0,      0,      0,      0,      0,      0,      0,      0,      0,      0,      0,      0,      0,      0,    47.9,    73.7,    70.1,    85.5,    47.3,    70.6,    67.7,    79.0,    47.9,    73.7,    70.1,    85.5,    47.3,    70.6,    67.7,    79.0,     0.0,     0.0,     0.0,     0.0,     0.0,     0.0,     0.0,     0.0,Megawatt Hours (MWh),064EVH,NODX,064 ,N16,FutOnly
PJM.PPL_month_on_dap - NODAL EXCHANGE,260811,2026-08-11,064EWU,NODX,01,064 ,   63290,   51107,   45158,    5560,   11622,    1555,    2185,       0,      90,     295,    2770,     145,   60937,   61340,    2353,    1950,   63290,   51107,   45158,    5560,   11622,    1555,    2185,       0,      90,     295,    2770,     145,   60937,   61340,    2353,    1950,       0,       0,       0,       0,       0,       0,       0,       0,       0,       0,       0,       0,       0,       0,       0,       0,    -985,   -1426,   -1040,      70,    -145,       0,     840,       0,      90,     145,     620,     -55,    -336,    -530,    -649,    -455,  100.0,   80.8,   71.4,    8.8,   18.4,    2.5,    3.5,    0.0,    0.1,    0.5,    4.4,    0.2,   96.3,   96.9,    3.7,    3.1,  100.0,   80.8,   71.4,    8.8,   18.4,    2.5,    3.5,    0.0,    0.1,    0.5,    4.4,    0.2,   96.3,   96.9,    3.7,    3.1,  100.0,    0.0,    0.0,    0.0,    0.0,    0.0,    0.0,    0.0,    0.0,    0.0,    0.0,    0.0,    0.0,    0.0,    0.0,    0.0,     38,     22,     13,.,      5,      5,.,      0,.,.,.,.,     32,     25,     38,     22,     13,.,      5,      5,.,      0,.,.,.,.,     32,     25,      0,      0,      0,      0,      0,      0,      0,      0,      0,      0,      0,      0,      0,      0,    63.2,    58.4,    76.1,    77.9,    62.3,    55.9,    74.0,    73.7,    63.2,    58.4,    76.1,    77.9,    62.3,    55.9,    74.0,    73.7,     0.0,     0.0,     0.0,     0.0,     0.0,     0.0,     0.0,     0.0,Megawatt Hours (MWh),064EWU,NODX,064 ,N16,FutOnly
PJM.PPL_month_off_dap - NODAL EXCHANGE,260811,2026-08-11,064EWV,NODX,01,064 ,   63138,   50965,   45499,    5645,   11434,    1475,    2185,       0,      90,     295,    2535,     190,   60845,   61223,    2293,    1915,   63138,   50965,   45499,    5645,   11434,    1475,    2185,       0,      90,     295,    2535,     190,   60845,   61223,    2293,    1915,       0,       0,       0,       0,       0,       0,       0,       0,       0,       0,       0,       0,       0,       0,       0,       0,    -757,   -1268,    -987,     145,    -195,       0,     840,       0,      90,     145,     720,     -95,    -143,    -467,    -614,    -290,  100.0,   80.7,   72.1,    8.9,   18.1,    2.3,    3.5,    0.0,    0.1,    0.5,    4.0,    0.3,   96.4,   97.0,    3.6,    3.0,  100.0,   80.7,   72.1,    8.9,   18.1,    2.3,    3.5,    0.0,    0.1,    0.5,    4.0,    0.3,   96.4,   97.0,    3.6,    3.0,  100.0,    0.0,    0.0,    0.0,    0.0,    0.0,    0.0,    0.0,    0.0,    0.0,    0.0,    0.0,    0.0,    0.0,    0.0,    0.0,     38,     21,     13,.,      6,      4,.,      0,.,.,.,.,     32,     24,     38,     21,     13,.,      6,      4,.,      0,.,.,.,.,     32,     24,      0,      0,      0,      0,      0,      0,      0,      0,      0,      0,      0,      0,      0,      0,    64.5,    59.6,    77.1,    78.4,    63.6,    57.9,    75.1,    74.9,    64.5,    59.6,    77.1,    78.4,    63.6,    57.9,    75.1,    74.9,     0.0,     0.0,     0.0,     0.0,     0.0,     0.0,     0.0,     0.0,Megawatt Hours (MWh),064EWV,NODX,064 ,N16,FutOnly
PJM PSEG DAP - NODAL EXCHANGE,260811,2026-08-11,064EXE,NODX,01,064 ,   90549,   54815,   51570,   11055,   13140,    1295,    3850,    1050,     250,    4015,    8305,    2345,   77625,   77955,   12924,   12594,   90549,   54815,   51570,   11055,   13140,    1295,    3850,    1050,     250,    4015,    8305,    2345,   77625,   77955,   12924,   12594,       0,       0,       0,       0,       0,       0,       0,       0,       0,       0,       0,       0,       0,       0,       0,       0,   -2427,   -2065,      59,    -702,    -590,    -190,     465,     750,     -50,    -435,   -2170,     535,   -2442,   -1656,      15,    -771,  100.0,   60.5,   57.0,   12.2,   14.5,    1.4,    4.3,    1.2,    0.3,    4.4,    9.2,    2.6,   85.7,   86.1,   14.3,   13.9,  100.0,   60.5,   57.0,   12.2,   14.5,    1.4,    4.3,    1.2,    0.3,    4.4,    9.2,    2.6,   85.7,   86.1,   14.3,   13.9,  100.0,    0.0,    0.0,    0.0,    0.0,    0.0,    0.0,    0.0,    0.0,    0.0,    0.0,    0.0,    0.0,    0.0,    0.0,    0.0,     39,     23,     16,.,      4,      4,.,.,.,.,      4,      4,     34,     28,     39,     23,     16,.,      4,      4,.,.,.,.,      4,      4,     34,     28,      0,      0,      0,      0,      0,      0,      0,      0,      0,      0,      0,      0,      0,      0,    34.1,    50.1,    51.9,    68.4,    29.8,    36.0,    41.9,    52.1,    34.1,    50.1,    51.9,    68.4,    29.8,    36.0,    41.9,    52.1,     0.0,     0.0,     0.0,     0.0,     0.0,     0.0,     0.0,     0.0,Megawatt Hours (MWh),064EXE,NODX,064 ,N16,FutOnly
PJM.PSEG_month_off_dap - NODAL EXCHANGE,260811,2026-08-11,064EXF,NODX,01,064 ,   88295,   53122,   49942,   11090,   13310,    1295,    3475,       0,     425,    3620,    8390,    2445,   75472,   75807,   12823,   12488,   88295,   53122,   49942,   11090,   13310,    1295,    3475,       0,     425,    3620,    8390,    2445,   75472,   75807,   12823,   12488,       0,       0,       0,       0,       0,       0,       0,       0,       0,       0,       0,       0,       0,       0,       0,       0,   -2050,   -1413,     891,    -762,    -490,     -60,     615,       0,    -175,    -335,   -1910,     360,   -1770,   -1384,    -280,    -666,  100.0,   60.2,   56.6,   12.6,   15.1,    1.5,    3.9,    0.0,    0.5,    4.1,    9.5,    2.8,   85.5,   85.9,   14.5,   14.1,  100.0,   60.2,   56.6,   12.6,   15.1,    1.5,    3.9,    0.0,    0.5,    4.1,    9.5,    2.8,   85.5,   85.9,   14.5,   14.1,  100.0,    0.0,    0.0,    0.0,    0.0,    0.0,    0.0,    0.0,    0.0,    0.0,    0.0,    0.0,    0.0,    0.0,    0.0,    0.0,     40,     24,     16,.,      4,      4,.,      0,.,.,.,      5,     36,     28,     40,     24,     16,.,      4,      4,.,      0,.,.,.,      5,     36,     28,      0,      0,      0,      0,      0,      0,      0,      0,      0,      0,      0,      0,      0,      0,    34.4,    51.2,    51.2,    68.5,    30.1,    38.0,    41.5,    53.6,    34.4,    51.2,    51.2,    68.5,    30.1,    38.0,    41.5,    53.6,     0.0,     0.0,     0.0,     0.0,     0.0,     0.0,     0.0,     0.0,Megawatt Hours (MWh),064EXF,NODX,064 ,N16,FutOnly
PJM.WESTERN HUB DAP - NODAL EXCHANGE,260811,2026-08-11,064FHK,NODX,01,064 ,  256071,  168194,  127680,    7518,   30219,    3302,    9165,    1230,    1980,    2242,   27985,    2211,  194612,  194607,   61459,   61464,  256071,  168194,  127680,    7518,   30219,    3302,    9165,    1230,    1980,    2242,   27985,    2211,  194612,  194607,   61459,   61464,       0,       0,       0,       0,       0,       0,       0,       0,       0,       0,       0,       0,       0,       0,       0,       0,   -7134,    -695,   -2122,      15,   -1336,     -80,    -425,     600,       0,    -140,   -1005,   -1100,   -2425,   -5043,   -4709,   -2091,  100.0,   65.7,   49.9,    2.9,   11.8,    1.3,    3.6,    0.5,    0.8,    0.9,   10.9,    0.9,   76.0,   76.0,   24.0,   24.0,  100.0,   65.7,   49.9,    2.9,   11.8,    1.3,    3.6,    0.5,    0.8,    0.9,   10.9,    0.9,   76.0,   76.0,   24.0,   24.0,  100.0,    0.0,    0.0,    0.0,    0.0,    0.0,    0.0,    0.0,    0.0,    0.0,    0.0,    0.0,    0.0,    0.0,    0.0,    0.0,     53,     25,     27,      4,      5,      8,.,.,.,.,      6,      5,     43,     46,     53,     25,     27,      4,      5,      8,.,.,.,.,      6,      5,     43,     46,      0,      0,      0,      0,      0,      0,      0,      0,      0,      0,      0,      0,      0,      0,    42.4,    32.0,    55.3,    49.8,    34.8,    24.6,    44.2,    38.9,    42.4,    32.0,    55.3,    49.8,    34.8,    24.6,    44.2,    38.9,     0.0,     0.0,     0.0,     0.0,     0.0,     0.0,     0.0,     0.0,Megawatt Hours (MWh),064FHK,NODX,064 ,N16,FutOnly
PJM.WESTERN HUB_month_off_dap - NODAL EXCHANGE,260811,2026-08-11,064FHL,NODX,01,064 ,  249393,  163365,  116705,    9329,   30383,    3388,    2920,    1925,    3410,    2067,   28488,    2494,  186973,  186793,   62420,   62600,  249393,  163365,  116705,    9329,   30383,    3388,    2920,    1925,    3410,    2067,   28488,    2494,  186973,  186793,   62420,   62600,       0,       0,       0,       0,       0,       0,       0,       0,       0,       0,       0,       0,       0,       0,       0,       0,   -8508,   -2249,   -2916,     859,   -1041,    -467,    -777,     600,    -480,    -115,   -1305,    -950,   -4179,   -6559,   -4329,   -1949,  100.0,   65.5,   46.8,    3.7,   12.2,    1.4,    1.2,    0.8,    1.4,    0.8,   11.4,    1.0,   75.0,   74.9,   25.0,   25.1,  100.0,   65.5,   46.8,    3.7,   12.2,    1.4,    1.2,    0.8,    1.4,    0.8,   11.4,    1.0,   75.0,   74.9,   25.0,   25.1,  100.0,    0.0,    0.0,    0.0,    0.0,    0.0,    0.0,    0.0,    0.0,    0.0,    0.0,    0.0,    0.0,    0.0,    0.0,    0.0,     53,     26,     27,      5,      4,      8,.,.,.,.,      6,      6,     44,     47,     53,     26,     27,      5,      4,      8,.,.,.,.,      6,      6,     44,     47,      0,      0,      0,      0,      0,      0,      0,      0,      0,      0,      0,      0,      0,      0,    43.3,    30.1,    54.4,    48.1,    37.2,    23.5,    44.5,    38.1,    43.3,    30.1,    54.4,    48.1,    37.2,    23.5,    44.5,    38.1,     0.0,     0.0,     0.0,     0.0,     0.0,     0.0,     0.0,     0.0,Megawatt Hours (MWh),064FHL,NODX,064 ,N16,FutOnly
MISO.INDIANA.HUB_month_on_rtp - NODAL EXCHANGE,260811,2026-08-11,064FJY,NODX,01,064 ,   28140,   21005,   11395,     740,    7730,    2490,     625,       0,       0,       0,    3650,      30,   24890,   25295,    3250,    2845,   28140,   21005,   11395,     740,    7730,    2490,     625,       0,       0,       0,    3650,      30,   24890,   25295,    3250,    2845,       0,       0,       0,       0,       0,       0,       0,       0,       0,       0,       0,       0,       0,       0,       0,       0,   -1170,   -1065,    -525,     310,    -225,    -295,    -125,       0,       0,       0,    -145,      30,   -1145,   -1160,     -25,     -10,  100.0,   74.6,   40.5,    2.6,   27.5,    8.8,    2.2,    0.0,    0.0,    0.0,   13.0,    0.1,   88.5,   89.9,   11.5,   10.1,  100.0,   74.6,   40.5,    2.6,   27.5,    8.8,    2.2,    0.0,    0.0,    0.0,   13.0,    0.1,   88.5,   89.9,   11.5,   10.1,  100.0,    0.0,    0.0,    0.0,    0.0,    0.0,    0.0,    0.0,    0.0,    0.0,    0.0,    0.0,    0.0,    0.0,    0.0,    0.0,     22,     12,     12,.,.,      4,.,      0,      0,      0,.,.,     19,     18,     22,     12,     12,.,.,      4,.,      0,      0,      0,.,.,     19,     18,      0,      0,      0,      0,      0,      0,      0,      0,      0,      0,      0,      0,      0,      0,    62.3,    68.1,    77.1,    80.4,    54.4,    55.9,    59.8,    60.2,    62.3,    68.1,    77.1,    80.4,    54.4,    55.9,    59.8,    60.2,     0.0,     0.0,     0.0,     0.0,     0.0,     0.0,     0.0,     0.0,Megawatt Hours (MWh),064FJY,NODX,064 ,N16,FutOnly
MISO.INDIANA.HUB_month_off_rtp - NODAL EXCHANGE,260811,2026-08-11,064FJZ,NODX,01,064 ,   27085,   21000,   11705,     665,    7680,    2570,     750,       0,       0,       0,    3290,      30,   25015,   25275,    2070,    1810,   27085,   21000,   11705,     665,    7680,    2570,     750,       0,       0,       0,    3290,      30,   25015,   25275,    2070,    1810,       0,       0,       0,       0,       0,       0,       0,       0,       0,       0,       0,       0,       0,       0,       0,       0,    -895,    -760,    -770,      95,    -365,     -70,    -150,       0,       0,       0,     325,      30,    -855,    -850,     -40,     -45,  100.0,   77.5,   43.2,    2.5,   28.4,    9.5,    2.8,    0.0,    0.0,    0.0,   12.1,    0.1,   92.4,   93.3,    7.6,    6.7,  100.0,   77.5,   43.2,    2.5,   28.4,    9.5,    2.8,    0.0,    0.0,    0.0,   12.1,    0.1,   92.4,   93.3,    7.6,    6.7,  100.0,    0.0,    0.0,    0.0,    0.0,    0.0,    0.0,    0.0,    0.0,    0.0,    0.0,    0.0,    0.0,    0.0,    0.0,    0.0,     21,     11,     11,.,.,      4,.,      0,      0,      0,.,.,     18,     17,     21,     11,     11,.,.,      4,.,      0,      0,      0,.,.,     18,     17,      0,      0,      0,      0,      0,      0,      0,      0,      0,      0,      0,      0,      0,      0,    65.3,    69.5,    80.0,    83.9,    56.0,    58.7,    62.4,    63.2,    65.3,    69.5,    80.0,    83.9,    56.0,    58.7,    62.4,    63.2,     0.0,     0.0,     0.0,     0.0,     0.0,     0.0,     0.0,     0.0,Megawatt Hours (MWh),064FJZ,NODX,064 ,N16,FutOnly
PJM.AEP-DAYTON HUB_mo_on_rtp - NODAL EXCHANGE,260811,2026-08-11,064FKA,NODX,01,064 ,   72819,   41197,   49814,    5218,     557,    4127,    1412,    3930,    1710,    7019,     555,    1660,   62343,   62353,   10476,   10466,   72819,   41197,   49814,    5218,     557,    4127,    1412,    3930,    1710,    7019,     555,    1660,   62343,   62353,   10476,   10466,       0,       0,       0,       0,       0,       0,       0,       0,       0,       0,       0,       0,       0,       0,       0,       0,   -3446,   -1508,   -2491,    -650,      60,     355,    -380,    1060,      85,    -202,    -100,      45,   -2255,    -986,   -1191,   -2460,  100.0,   56.6,   68.4,    7.2,    0.8,    5.7,    1.9,    5.4,    2.3,    9.6,    0.8,    2.3,   85.6,   85.6,   14.4,   14.4,  100.0,   56.6,   68.4,    7.2,    0.8,    5.7,    1.9,    5.4,    2.3,    9.6,    0.8,    2.3,   85.6,   85.6,   14.4,   14.4,  100.0,    0.0,    0.0,    0.0,    0.0,    0.0,    0.0,    0.0,    0.0,    0.0,    0.0,    0.0,    0.0,    0.0,    0.0,    0.0,     42,     21,     21,      4,.,      7,.,.,.,      7,.,.,     38,     37,     42,     21,     21,      4,.,      7,.,.,.,      7,.,.,     38,     37,      0,      0,      0,      0,      0,      0,      0,      0,      0,      0,      0,      0,      0,      0,    36.7,    45.3,    55.3,    61.2,    26.3,    36.1,    38.1,    47.8,    36.7,    45.3,    55.3,    61.2,    26.3,    36.1,    38.1,    47.8,     0.0,     0.0,     0.0,     0.0,     0.0,     0.0,     0.0,     0.0,Megawatt Hours (MWh),064FKA,NODX,064 ,N16,FutOnly
PJM.AEP-DAYTON HUB_mo_off_rtp - NODAL EXCHANGE,260811,2026-08-11,064FKB,NODX,01,064 ,   71711,   46586,   48148,    3252,     794,    4808,       0,    5265,     750,    4564,     500,    2290,   62250,   62555,    9461,    9156,   71711,   46586,   48148,    3252,     794,    4808,       0,    5265,     750,    4564,     500,    2290,   62250,   62555,    9461,    9156,       0,       0,       0,       0,       0,       0,       0,       0,       0,       0,       0,       0,       0,       0,       0,       0,   -2955,   -1074,   -1605,    -885,     130,     540,       0,     775,    -145,     -73,    -100,     -60,   -1697,    -465,   -1258,   -2490,  100.0,   65.0,   67.1,    4.5,    1.1,    6.7,    0.0,    7.3,    1.0,    6.4,    0.7,    3.2,   86.8,   87.2,   13.2,   12.8,  100.0,   65.0,   67.1,    4.5,    1.1,    6.7,    0.0,    7.3,    1.0,    6.4,    0.7,    3.2,   86.8,   87.2,   13.2,   12.8,  100.0,    0.0,    0.0,    0.0,    0.0,    0.0,    0.0,    0.0,    0.0,    0.0,    0.0,    0.0,    0.0,    0.0,    0.0,    0.0,     39,     18,     20,      5,.,      7,      0,      4,.,      6,.,.,     33,     34,     39,     18,     20,      5,.,      7,      0,      4,.,      6,.,.,     33,     34,      0,      0,      0,      0,      0,      0,      0,      0,      0,      0,      0,      0,      0,      0,    42.9,    46.1,    60.1,    61.8,    33.1,    35.8,    42.5,    46.3,    42.9,    46.1,    60.1,    61.8,    33.1,    35.8,    42.5,    46.3,     0.0,     0.0,     0.0,     0.0,     0.0,     0.0,     0.0,     0.0,Megawatt Hours (MWh),064FKB,NODX,064 ,N16,FutOnly
PJM.N ILLINOIS HUB_mo_on_rtp - NODAL EXCHANGE,260811,2026-08-11,064FKC,NODX,01,064 ,   68473,   52281,   53596,    6635,    6361,    2365,     845,       0,     455,     275,       0,      70,   62926,   62847,    5547,    5626,   68473,   52281,   53596,    6635,    6361,    2365,     845,       0,     455,     275,       0,      70,   62926,   62847,    5547,    5626,       0,       0,       0,       0,       0,       0,       0,       0,       0,       0,       0,       0,       0,       0,       0,       0,    -216,     730,     949,    -365,    -185,    -110,       0,       0,       0,     -50,     -85,     -15,     190,     554,    -406,    -770,  100.0,   76.4,   78.3,    9.7,    9.3,    3.5,    1.2,    0.0,    0.7,    0.4,    0.0,    0.1,   91.9,   91.8,    8.1,    8.2,  100.0,   76.4,   78.3,    9.7,    9.3,    3.5,    1.2,    0.0,    0.7,    0.4,    0.0,    0.1,   91.9,   91.8,    8.1,    8.2,  100.0,    0.0,    0.0,    0.0,    0.0,    0.0,    0.0,    0.0,    0.0,    0.0,    0.0,    0.0,    0.0,    0.0,    0.0,    0.0,     29,     14,     13,.,      4,      4,.,      0,.,.,      0,.,     22,     22,     29,     14,     13,.,      4,      4,.,      0,.,.,      0,.,     22,     22,      0,      0,      0,      0,      0,      0,      0,      0,      0,      0,      0,      0,      0,      0,    56.0,    60.9,    77.2,    77.7,    40.6,    48.6,    55.6,    57.9,    56.0,    60.9,    77.2,    77.7,    40.6,    48.6,    55.6,    57.9,     0.0,     0.0,     0.0,     0.0,     0.0,     0.0,     0.0,     0.0,Megawatt Hours (MWh),064FKC,NODX,064 ,N16,FutOnly
PJM.N ILLINOIS HUB_mo_off_rtp - NODAL EXCHANGE,260811,2026-08-11,064FKD,NODX,01,064 ,   66149,   46603,   51692,    7140,    5891,    1430,    3564,       0,     440,     280,      10,      50,   59507,   59513,    6642,    6636,   66149,   46603,   51692,    7140,    5891,    1430,    3564,       0,     440,     280,      10,      50,   59507,   59513,    6642,    6636,       0,       0,       0,       0,       0,       0,       0,       0,       0,       0,       0,       0,       0,       0,       0,       0,    -477,     600,     693,    -195,     -65,    -170,      25,       0,     -25,    -155,       0,       0,      80,     433,    -557,    -910,  100.0,   70.5,   78.1,   10.8,    8.9,    2.2,    5.4,    0.0,    0.7,    0.4,    0.0,    0.1,   90.0,   90.0,   10.0,   10.0,  100.0,   70.5,   78.1,   10.8,    8.9,    2.2,    5.4,    0.0,    0.7,    0.4,    0.0,    0.1,   90.0,   90.0,   10.0,   10.0,  100.0,    0.0,    0.0,    0.0,    0.0,    0.0,    0.0,    0.0,    0.0,    0.0,    0.0,    0.0,    0.0,    0.0,    0.0,    0.0,     27,     12,     14,.,      5,.,.,      0,.,.,.,.,     19,     24,     27,     12,     14,.,      5,.,.,      0,.,.,.,.,     19,     24,      0,      0,      0,      0,      0,      0,      0,      0,      0,      0,      0,      0,      0,      0,    55.5,    59.9,    73.0,    75.7,    33.7,    43.9,    44.9,    50.2,    55.5,    59.9,    73.0,    75.7,    33.7,    43.9,    44.9,    50.2,     0.0,     0.0,     0.0,     0.0,     0.0,     0.0,     0.0,     0.0,Megawatt Hours (MWh),064FKD,NODX,064 ,N16,FutOnly
PJM.WESTERN HUB_month_on_rtp - NODAL EXCHANGE,260811,2026-08-11,064FKE,NODX,01,064 ,  243022,  131450,  178264,   56141,    3554,    9980,    7630,    5670,    2325,    4520,   12044,    1890,  213936,  213727,   29086,   29295,  243022,  131450,  178264,   56141,    3554,    9980,    7630,    5670,    2325,    4520,   12044,    1890,  213936,  213727,   29086,   29295,       0,       0,       0,       0,       0,       0,       0,       0,       0,       0,       0,       0,       0,       0,       0,       0,   -9257,   -2093,   -5588,   -2266,    -332,    -210,     555,    -445,       0,    -307,    1614,    -435,   -4756,   -5396,   -4501,   -3861,  100.0,   54.1,   73.4,   23.1,    1.5,    4.1,    3.1,    2.3,    1.0,    1.9,    5.0,    0.8,   88.0,   87.9,   12.0,   12.1,  100.0,   54.1,   73.4,   23.1,    1.5,    4.1,    3.1,    2.3,    1.0,    1.9,    5.0,    0.8,   88.0,   87.9,   12.0,   12.1,  100.0,    0.0,    0.0,    0.0,    0.0,    0.0,    0.0,    0.0,    0.0,    0.0,    0.0,    0.0,    0.0,    0.0,    0.0,    0.0,     51,     24,     27,      6,.,      7,.,.,.,      7,.,      4,     43,     43,     51,     24,     27,      6,.,      7,.,.,.,      7,.,      4,     43,     43,      0,      0,      0,      0,      0,      0,      0,      0,      0,      0,      0,      0,      0,      0,    37.6,    48.3,    57.6,    64.1,    35.0,    42.3,    50.4,    53.9,    37.6,    48.3,    57.6,    64.1,    35.0,    42.3,    50.4,    53.9,     0.0,     0.0,     0.0,     0.0,     0.0,     0.0,     0.0,     0.0,Megawatt Hours (MWh),064FKE,NODX,064 ,N16,FutOnly
PJM.WESTERN HUB_month_off_rtp - NODAL EXCHANGE,260811,2026-08-11,064FKF,NODX,01,064 ,  199797,  103714,  131021,   34946,    6798,    9500,    9635,    4240,    2555,    3883,   10370,    2869,  167102,  167353,   32695,   32444,  199797,  103714,  131021,   34946,    6798,    9500,    9635,    4240,    2555,    3883,   10370,    2869,  167102,  167353,   32695,   32444,       0,       0,       0,       0,       0,       0,       0,       0,       0,       0,       0,       0,       0,       0,       0,       0,   -7980,   -3188,   -7010,   -1939,      57,    -326,     752,    -120,     -60,    -130,    2595,    -630,   -5521,   -5494,   -2459,   -2486,  100.0,   51.9,   65.6,   17.5,    3.4,    4.8,    4.8,    2.1,    1.3,    1.9,    5.2,    1.4,   83.6,   83.8,   16.4,   16.2,  100.0,   51.9,   65.6,   17.5,    3.4,    4.8,    4.8,    2.1,    1.3,    1.9,    5.2,    1.4,   83.6,   83.8,   16.4,   16.2,  100.0,    0.0,    0.0,    0.0,    0.0,    0.0,    0.0,    0.0,    0.0,    0.0,    0.0,    0.0,    0.0,    0.0,    0.0,    0.0,     50,     25,     26,      5,.,      6,.,.,.,      5,      4,      4,     41,     43,     50,     25,     26,      5,.,      6,.,.,.,      5,      4,      4,     41,     43,      0,      0,      0,      0,      0,      0,      0,      0,      0,      0,      0,      0,      0,      0,    38.7,    46.0,    54.9,    58.7,    33.3,    41.4,    45.9,    49.8,    38.7,    46.0,    54.9,    58.7,    33.3,    41.4,    45.9,    49.8,     0.0,     0.0,     0.0,     0.0,     0.0,     0.0,     0.0,     0.0,Megawatt Hours (MWh),064FKF,NODX,064 ,N16,FutOnly
ERCOT.HB_NORTH_month_on_rtp - NODAL EXCHANGE,260811,2026-08-11,064FOK,NODX,01,064 ,   82460,   66004,   51100,    3786,   18600,    1130,       0,     900,       0,    1875,    1075,      25,   72820,   72830,    9640,    9630,   82460,   66004,   51100,    3786,   18600,    1130,       0,     900,       0,    1875,    1075,      25,   72820,   72830,    9640,    9630,       0,       0,       0,       0,       0,       0,       0,       0,       0,       0,       0,       0,       0,       0,       0,       0,   -3187,   -2842,   -2647,    -220,    -340,       0,       0,       0,       0,      25,     -60,     -25,   -3062,   -3072,    -125,    -115,  100.0,   80.0,   62.0,    4.6,   22.6,    1.4,    0.0,    1.1,    0.0,    2.3,    1.3,    0.0,   88.3,   88.3,   11.7,   11.7,  100.0,   80.0,   62.0,    4.6,   22.6,    1.4,    0.0,    1.1,    0.0,    2.3,    1.3,    0.0,   88.3,   88.3,   11.7,   11.7,  100.0,    0.0,    0.0,    0.0,    0.0,    0.0,    0.0,    0.0,    0.0,    0.0,    0.0,    0.0,    0.0,    0.0,    0.0,    0.0,     27,     15,     16,.,      4,.,      0,.,      0,.,.,.,     20,     24,     27,     15,     16,.,      4,.,      0,.,      0,.,.,.,     20,     24,      0,      0,      0,      0,      0,      0,      0,      0,      0,      0,      0,      0,      0,      0,    65.1,    47.3,    78.0,    69.1,    60.4,    44.6,    68.6,    60.7,    65.1,    47.3,    78.0,    69.1,    60.4,    44.6,    68.6,    60.7,     0.0,     0.0,     0.0,     0.0,     0.0,     0.0,     0.0,     0.0,Megawatt Hours (MWh),064FOK,NODX,064 ,N16,FutOnly
ERCOT.HB_NORTH_month_off_rtp - NODAL EXCHANGE,260811,2026-08-11,064FOL,NODX,01,064 ,   79095,   66024,   52025,    3411,   16250,    1430,       0,       0,       0,       0,    1075,       0,   70865,   70780,    8230,    8315,   79095,   66024,   52025,    3411,   16250,    1430,       0,       0,       0,       0,    1075,       0,   70865,   70780,    8230,    8315,       0,       0,       0,       0,       0,       0,       0,       0,       0,       0,       0,       0,       0,       0,       0,       0,   -3377,   -3177,   -2977,     -95,    -230,       0,       0,       0,       0,       0,     -60,       0,   -3272,   -3267,    -105,    -110,  100.0,   83.5,   65.8,    4.3,   20.5,    1.8,    0.0,    0.0,    0.0,    0.0,    1.4,    0.0,   89.6,   89.5,   10.4,   10.5,  100.0,   83.5,   65.8,    4.3,   20.5,    1.8,    0.0,    0.0,    0.0,    0.0,    1.4,    0.0,   89.6,   89.5,   10.4,   10.5,  100.0,    0.0,    0.0,    0.0,    0.0,    0.0,    0.0,    0.0,    0.0,    0.0,    0.0,    0.0,    0.0,    0.0,    0.0,    0.0,     24,     13,     16,.,      4,      4,      0,      0,      0,      0,.,      0,     18,     22,     24,     13,     16,.,      4,      4,      0,      0,      0,      0,.,      0,     18,     22,      0,      0,      0,      0,      0,      0,      0,      0,      0,      0,      0,      0,      0,      0,    69.4,    49.6,    84.1,    71.0,    63.7,    46.8,    72.4,    64.4,    69.4,    49.6,    84.1,    71.0,    63.7,    46.8,    72.4,    64.4,     0.0,     0.0,     0.0,     0.0,     0.0,     0.0,     0.0,     0.0,Megawatt Hours (MWh),064FOL,NODX,064 ,N16,FutOnly
PJM.ATSI_month_on_dap - NODAL EXCHANGE,260811,2026-08-11,064FZA,NODX,01,064 ,   28501,   18478,   16030,    1273,    7165,    1347,       0,     100,       0,    4775,    1360,     270,   26143,   26272,    2358,    2229,   28501,   18478,   16030,    1273,    7165,    1347,       0,     100,       0,    4775,    1360,     270,   26143,   26272,    2358,    2229,       0,       0,       0,       0,       0,       0,       0,       0,       0,       0,       0,       0,       0,       0,       0,       0,   -1701,    -990,    -395,     -55,     -75,       0,       0,     -50,       0,    -350,      45,     -45,   -1440,    -520,    -261,   -1181,  100.0,   64.8,   56.2,    4.5,   25.1,    4.7,    0.0,    0.4,    0.0,   16.8,    4.8,    0.9,   91.7,   92.2,    8.3,    7.8,  100.0,   64.8,   56.2,    4.5,   25.1,    4.7,    0.0,    0.4,    0.0,   16.8,    4.8,    0.9,   91.7,   92.2,    8.3,    7.8,  100.0,    0.0,    0.0,    0.0,    0.0,    0.0,    0.0,    0.0,    0.0,    0.0,    0.0,    0.0,    0.0,    0.0,    0.0,    0.0,     21,      9,      5,.,.,.,      0,.,      0,.,.,.,     16,     12,     21,      9,      5,.,.,.,      0,.,      0,.,.,.,     16,     12,      0,      0,      0,      0,      0,      0,      0,      0,      0,      0,      0,      0,      0,      0,    66.5,    75.2,    85.1,    88.8,    62.0,    74.9,    77.6,    82.0,    66.5,    75.2,    85.1,    88.8,    62.0,    74.9,    77.6,    82.0,     0.0,     0.0,     0.0,     0.0,     0.0,     0.0,     0.0,     0.0,Megawatt Hours (MWh),064FZA,NODX,064 ,N16,FutOnly
PJM.ATSI_month_off_dap - NODAL EXCHANGE,260811,2026-08-11,064FZB,NODX,01,064 ,   28491,   18468,   16030,    1273,    7165,    1347,       0,     100,       0,    4775,    1360,     270,   26133,   26272,    2358,    2219,   28491,   18468,   16030,    1273,    7165,    1347,       0,     100,       0,    4775,    1360,     270,   26133,   26272,    2358,    2219,       0,       0,       0,       0,       0,       0,       0,       0,       0,       0,       0,       0,       0,       0,       0,       0,   -1641,    -930,    -345,     -55,     -75,       0,       0,     -50,       0,    -350,      45,     -45,   -1380,    -470,    -261,   -1171,  100.0,   64.8,   56.3,    4.5,   25.1,    4.7,    0.0,    0.4,    0.0,   16.8,    4.8,    0.9,   91.7,   92.2,    8.3,    7.8,  100.0,   64.8,   56.3,    4.5,   25.1,    4.7,    0.0,    0.4,    0.0,   16.8,    4.8,    0.9,   91.7,   92.2,    8.3,    7.8,  100.0,    0.0,    0.0,    0.0,    0.0,    0.0,    0.0,    0.0,    0.0,    0.0,    0.0,    0.0,    0.0,    0.0,    0.0,    0.0,     21,      9,      5,.,.,.,      0,.,      0,.,.,.,     16,     12,     21,      9,      5,.,.,.,      0,.,      0,.,.,.,     16,     12,      0,      0,      0,      0,      0,      0,      0,      0,      0,      0,      0,      0,      0,      0,    66.5,    75.2,    85.1,    88.9,    62.0,    74.9,    77.6,    82.0,    66.5,    75.2,    85.1,    88.9,    62.0,    74.9,    77.6,    82.0,     0.0,     0.0,     0.0,     0.0,     0.0,     0.0,     0.0,     0.0,Megawatt Hours (MWh),064FZB,NODX,064 ,N16,FutOnly
ERCOT.HB_NORTH_month_7x8_rtp - NODAL EXCHANGE,260811,2026-08-11,064GBD,NODX,01,064 ,   38805,   23265,   30545,    2975,    1675,     975,       0,    1400,    2350,    7200,       0,       0,   36765,   36945,    2040,    1860,   38805,   23265,   30545,    2975,    1675,     975,       0,    1400,    2350,    7200,       0,       0,   36765,   36945,    2040,    1860,       0,       0,       0,       0,       0,       0,       0,       0,       0,       0,       0,       0,       0,       0,       0,       0,    -990,    -700,    -150,      25,    -275,     -75,       0,    -250,       0,       0,       0,       0,    -750,    -750,    -240,    -240,  100.0,   60.0,   78.7,    7.7,    4.3,    2.5,    0.0,    3.6,    6.1,   18.6,    0.0,    0.0,   94.7,   95.2,    5.3,    4.8,  100.0,   60.0,   78.7,    7.7,    4.3,    2.5,    0.0,    3.6,    6.1,   18.6,    0.0,    0.0,   94.7,   95.2,    5.3,    4.8,  100.0,    0.0,    0.0,    0.0,    0.0,    0.0,    0.0,    0.0,    0.0,    0.0,    0.0,    0.0,    0.0,    0.0,    0.0,    0.0,     21,     14,     11,.,.,.,      0,.,.,.,      0,      0,     19,     15,     21,     14,     11,.,.,.,      0,.,.,.,      0,      0,     19,     15,      0,      0,      0,      0,      0,      0,      0,      0,      0,      0,      0,      0,      0,      0,    55.4,    61.6,    76.1,    84.9,    47.4,    46.9,    55.8,    58.7,    55.4,    61.6,    76.1,    84.9,    47.4,    46.9,    55.8,    58.7,     0.0,     0.0,     0.0,     0.0,     0.0,     0.0,     0.0,     0.0,Megawatt Hours (MWh),064GBD,NODX,064 ,N16,FutOnly
ERCOT North 345KV Hub RT 7x16 - ICE FUTURES ENERGY DIV,260811,2026-08-11,064IBM,IFED,01,064 ,   17039,   12994,   11143,    1574,    1285,    1436,       0,    1980,       0,     375,     675,     400,   16779,   16919,     260,     120,   17039,   12994,   11143,    1574,    1285,    1436,       0,    1980,       0,     375,     675,     400,   16779,   16919,     260,     120,       0,       0,       0,       0,       0,       0,       0,       0,       0,       0,       0,       0,       0,       0,       0,       0,    -483,    -193,     -73,     -80,       0,    -160,       0,    -100,       0,      50,     -50,    -100,    -483,    -483,       0,       0,  100.0,   76.3,   65.4,    9.2,    7.5,    8.4,    0.0,   11.6,    0.0,    2.2,    4.0,    2.3,   98.5,   99.3,    1.5,    0.7,  100.0,   76.3,   65.4,    9.2,    7.5,    8.4,    0.0,   11.6,    0.0,    2.2,    4.0,    2.3,   98.5,   99.3,    1.5,    0.7,  100.0,    0.0,    0.0,    0.0,    0.0,    0.0,    0.0,    0.0,    0.0,    0.0,    0.0,    0.0,    0.0,    0.0,    0.0,    0.0,     29,     15,     13,.,.,      4,      0,.,      0,.,.,      4,     24,     24,     29,     15,     13,.,.,      4,      0,.,      0,.,.,      4,     24,     24,      0,      0,      0,      0,      0,      0,      0,      0,      0,      0,      0,      0,      0,      0,    43.9,    50.5,    68.9,    72.0,    25.1,    31.2,    34.7,    40.4,    43.9,    50.5,    68.9,    72.0,    25.1,    31.2,    34.7,    40.4,     0.0,     0.0,     0.0,     0.0,     0.0,     0.0,     0.0,     0.0,(1MW for about 352 Hours),064IBM,IFED,064 ,N16,FutOnly
PROPANE ARGUS CIF ARA MINI - ICE FUTURES ENERGY DIV,260811,2026-08-11,066391,IFED,01,066 ,    6338,    4157,    1234,    1109,     427,     165,       0,       0,       0,     240,    3765,     104,    5775,    5695,     563,     643,    6338,    4157,    1234,    1109,     427,     165,       0,       0,       0,     240,    3765,     104,    5775,    5695,     563,     643,       0,       0,       0,       0,       0,       0,       0,       0,       0,       0,       0,       0,       0,       0,       0,       0,     434,     392,     165,      51,     126,     -87,       0,       0,       0,      60,     261,      20,     436,     485,      -2,     -51,  100.0,   65.6,   19.5,   17.5,    6.7,    2.6,    0.0,    0.0,    0.0,    3.8,   59.4,    1.6,   91.1,   89.9,    8.9,   10.1,  100.0,   65.6,   19.5,   17.5,    6.7,    2.6,    0.0,    0.0,    0.0,    3.8,   59.4,    1.6,   91.1,   89.9,    8.9,   10.1,  100.0,    0.0,    0.0,    0.0,    0.0,    0.0,    0.0,    0.0,    0.0,    0.0,    0.0,    0.0,    0.0,    0.0,    0.0,    0.0,     30,     14,     11,      4,.,.,      0,      0,      0,.,      5,.,     21,     19,     30,     14,     11,      4,.,.,      0,      0,      0,.,      5,.,     21,     19,      0,      0,      0,      0,      0,      0,      0,      0,      0,      0,      0,      0,      0,      0,    40.9,    65.6,    65.3,    83.2,    40.5,    65.6,    64.8,    79.7,    40.9,    65.6,    65.3,    83.2,    40.5,    65.6,    64.8,    79.7,     0.0,     0.0,     0.0,     0.0,     0.0,     0.0,     0.0,     0.0,100 metric tonnes,066391,IFED,066 ,N13,FutOnly
PROPANE ARGUS FAR EAST MINI - ICE FUTURES ENERGY DIV,260811,2026-08-11,066393,IFED,01,066 ,    7379,    3472,    2095,     408,    1689,     147,       0,       0,       0,    1358,    1860,     665,    6050,    6456,    1329,     923,    7379,    3472,    2095,     408,    1689,     147,       0,       0,       0,    1358,    1860,     665,    6050,    6456,    1329,     923,       0,       0,       0,       0,       0,       0,       0,       0,       0,       0,       0,       0,       0,       0,       0,       0,     241,     661,     220,       3,      44,     -48,       0,       0,       0,    -110,     -85,      70,     576,     201,    -335,      40,  100.0,   47.1,   28.4,    5.5,   22.9,    2.0,    0.0,    0.0,    0.0,   18.4,   25.2,    9.0,   82.0,   87.5,   18.0,   12.5,  100.0,   47.1,   28.4,    5.5,   22.9,    2.0,    0.0,    0.0,    0.0,   18.4,   25.2,    9.0,   82.0,   87.5,   18.0,   12.5,  100.0,    0.0,    0.0,    0.0,    0.0,    0.0,    0.0,    0.0,    0.0,    0.0,    0.0,    0.0,    0.0,    0.0,    0.0,    0.0,     60,     30,     23,.,      4,      4,      0,      0,      0,     11,      9,     13,     53,     43,     60,     30,     23,.,      4,      4,      0,      0,      0,     11,      9,     13,     53,     43,      0,      0,      0,      0,      0,      0,      0,      0,      0,      0,      0,      0,      0,      0,    19.5,    48.6,    32.9,    61.2,    18.1,    43.4,    29.4,    51.6,    19.5,    48.6,    32.9,    61.2,    18.1,    43.4,    29.4,    51.6,     0.0,     0.0,     0.0,     0.0,     0.0,     0.0,     0.0,     0.0,100  metric tonnes,066393,IFED,066 ,N13,FutOnly
ARGUS CIF ARA Lg Finl Propane - ICE FUTURES ENERGY DIV,260811,2026-08-11,066411,IFED,01,066 ,    3757,    1395,    2022,     279,      86,     391,       0,       0,       0,     649,      97,     442,    3156,    3038,     601,     719,    3757,    1395,    2022,     279,      86,     391,       0,       0,       0,     649,      97,     442,    3156,    3038,     601,     719,       0,       0,       0,       0,       0,       0,       0,       0,       0,       0,       0,       0,       0,       0,       0,       0,     101,      51,      66,       9,      -2,       1,       0,       0,       0,      30,      32,      -1,      90,      96,      11,       5,  100.0,   37.1,   53.8,    7.4,    2.3,   10.4,    0.0,    0.0,    0.0,   17.3,    2.6,   11.8,   84.0,   80.9,   16.0,   19.1,  100.0,   37.1,   53.8,    7.4,    2.3,   10.4,    0.0,    0.0,    0.0,   17.3,    2.6,   11.8,   84.0,   80.9,   16.0,   19.1,  100.0,    0.0,    0.0,    0.0,    0.0,    0.0,    0.0,    0.0,    0.0,    0.0,    0.0,    0.0,    0.0,    0.0,    0.0,    0.0,     22,     10,     14,.,.,.,      0,      0,      0,.,.,      5,     18,     22,     22,     10,     14,.,.,.,      0,      0,      0,.,.,      5,     18,     22,      0,      0,      0,      0,      0,      0,      0,      0,      0,      0,      0,      0,      0,      0,    45.4,    40.5,    68.0,    58.3,    31.5,    26.2,    37.3,    32.2,    45.4,    40.5,    68.0,    58.3,    31.5,    26.2,    37.3,    32.2,     0.0,     0.0,     0.0,     0.0,     0.0,     0.0,     0.0,     0.0,1000 metric tonnes,066411,IFED,066 ,N13,FutOnly
ARGUS FAR EAST PROPANE - ICE FUTURES ENERGY DIV,260811,2026-08-11,066413,IFED,01,066 ,   14298,    8638,    9648,     679,     885,     577,     104,       0,       0,    1486,    1042,    1389,   12873,   13541,    1425,     757,   14298,    8638,    9648,     679,     885,     577,     104,       0,       0,    1486,    1042,    1389,   12873,   13541,    1425,     757,       0,       0,       0,       0,       0,       0,       0,       0,       0,       0,       0,       0,       0,       0,       0,       0,     815,     568,     520,     122,      44,      61,       0,       0,       0,      21,     105,     109,     881,     839,     -66,     -24,  100.0,   60.4,   67.5,    4.7,    6.2,    4.0,    0.7,    0.0,    0.0,   10.4,    7.3,    9.7,   90.0,   94.7,   10.0,    5.3,  100.0,   60.4,   67.5,    4.7,    6.2,    4.0,    0.7,    0.0,    0.0,   10.4,    7.3,    9.7,   90.0,   94.7,   10.0,    5.3,  100.0,    0.0,    0.0,    0.0,    0.0,    0.0,    0.0,    0.0,    0.0,    0.0,    0.0,    0.0,    0.0,    0.0,    0.0,    0.0,     66,     42,     43,.,.,      4,.,      0,      0,      7,      7,     13,     60,     62,     66,     42,     43,.,.,      4,.,      0,      0,      7,      7,     13,     60,     62,      0,      0,      0,      0,      0,      0,      0,      0,      0,      0,      0,      0,      0,      0,    37.4,    30.6,    53.1,    46.0,    33.6,    28.9,    45.4,    43.1,    37.4,    30.6,    53.1,    46.0,    33.6,    28.9,    45.4,    43.1,     0.0,     0.0,     0.0,     0.0,     0.0,     0.0,     0.0,     0.0,1000  metric tonnes,066413,IFED,066 ,N13,FutOnly
"ETHANE, MT. BELV-ENTERPRISE - ICE FUTURES ENERGY DIV",260811,2026-08-11,066416,IFED,01,066 ,   81628,   52673,   51163,    3235,    8814,    6383,    2405,     105,     156,    7819,    6288,    8509,   81180,   81418,     448,     210,   81628,   52673,   51163,    3235,    8814,    6383,    2405,     105,     156,    7819,    6288,    8509,   81180,   81418,     448,     210,       0,       0,       0,       0,       0,       0,       0,       0,       0,       0,       0,       0,       0,       0,       0,       0,    3680,    1555,    1335,    -508,     875,     570,       0,       0,       0,    1635,     395,     515,    3767,    3690,     -87,     -10,  100.0,   64.5,   62.7,    4.0,   10.8,    7.8,    2.9,    0.1,    0.2,    9.6,    7.7,   10.4,   99.5,   99.7,    0.5,    0.3,  100.0,   64.5,   62.7,    4.0,   10.8,    7.8,    2.9,    0.1,    0.2,    9.6,    7.7,   10.4,   99.5,   99.7,    0.5,    0.3,  100.0,    0.0,    0.0,    0.0,    0.0,    0.0,    0.0,    0.0,    0.0,    0.0,    0.0,    0.0,    0.0,    0.0,    0.0,    0.0,     55,     28,     30,      5,.,      6,.,.,.,      6,      5,      8,     49,     47,     55,     28,     30,      5,.,      6,.,.,.,      6,      5,      8,     49,     47,      0,      0,      0,      0,      0,      0,      0,      0,      0,      0,      0,      0,      0,      0,    39.0,    39.5,    56.3,    58.3,    25.5,    27.2,    37.1,    41.5,    39.0,    39.5,    56.3,    58.3,    25.5,    27.2,    37.1,    41.5,     0.0,     0.0,     0.0,     0.0,     0.0,     0.0,     0.0,     0.0,42000 gallons(1000 barrels),066416,IFED,066 ,N13,FutOnly
ISOBUTANE OPIS MT BELV NONTET - ICE FUTURES ENERGY DIV,260811,2026-08-11,066418,IFED,01,066 ,    8670,    3896,    1712,    3171,    4509,     650,       0,       0,       0,     419,    1196,       0,    8136,    8067,     534,     603,    8670,    3896,    1712,    3171,    4509,     650,       0,       0,       0,     419,    1196,       0,    8136,    8067,     534,     603,       0,       0,       0,       0,       0,       0,       0,       0,       0,       0,       0,       0,       0,       0,       0,       0,     -30,     -78,     -15,      51,      18,     -63,       0,       0,       0,       0,       0,       0,     -90,     -60,      60,      30,  100.0,   44.9,   19.7,   36.6,   52.0,    7.5,    0.0,    0.0,    0.0,    4.8,   13.8,    0.0,   93.8,   93.0,    6.2,    7.0,  100.0,   44.9,   19.7,   36.6,   52.0,    7.5,    0.0,    0.0,    0.0,    4.8,   13.8,    0.0,   93.8,   93.0,    6.2,    7.0,  100.0,    0.0,    0.0,    0.0,    0.0,    0.0,    0.0,    0.0,    0.0,    0.0,    0.0,    0.0,    0.0,    0.0,    0.0,    0.0,     26,     12,      7,.,      5,.,      0,      0,      0,.,.,      0,     16,     15,     26,     12,      7,.,      5,.,      0,      0,      0,.,.,      0,     16,     15,      0,      0,      0,      0,      0,      0,      0,      0,      0,      0,      0,      0,      0,      0,    52.7,    60.2,    76.3,    84.0,    45.2,    60.2,    67.2,    79.1,    52.7,    60.2,    76.3,    84.0,    45.2,    60.2,    67.2,    79.1,     0.0,     0.0,     0.0,     0.0,     0.0,     0.0,     0.0,     0.0,42000 gallons(1000 barrels),066418,IFED,066 ,N13,FutOnly
NAT GASLNE OPIS MT B NONTET FP - ICE FUTURES ENERGY DIV,260811,2026-08-11,06641A,IFED,01,066 ,   16552,   14670,   10183,     576,    1926,     272,       0,       0,       0,     208,    2241,     719,   16445,   15341,     107,    1211,   16552,   14670,   10183,     576,    1926,     272,       0,       0,       0,     208,    2241,     719,   16445,   15341,     107,    1211,       0,       0,       0,       0,       0,       0,       0,       0,       0,       0,       0,       0,       0,       0,       0,       0,     817,     592,    1019,      20,     -60,     -48,       0,       0,       0,      35,    -307,     213,     812,     817,       5,       0,  100.0,   88.6,   61.5,    3.5,   11.6,    1.6,    0.0,    0.0,    0.0,    1.3,   13.5,    4.3,   99.4,   92.7,    0.6,    7.3,  100.0,   88.6,   61.5,    3.5,   11.6,    1.6,    0.0,    0.0,    0.0,    1.3,   13.5,    4.3,   99.4,   92.7,    0.6,    7.3,  100.0,    0.0,    0.0,    0.0,    0.0,    0.0,    0.0,    0.0,    0.0,    0.0,    0.0,    0.0,    0.0,    0.0,    0.0,    0.0,     32,     19,     18,.,      5,      4,      0,      0,      0,.,.,.,     26,     26,     32,     19,     18,.,      5,      4,      0,      0,      0,.,.,.,     26,     26,      0,      0,      0,      0,      0,      0,      0,      0,      0,      0,      0,      0,      0,      0,    63.4,    57.1,    82.4,    71.8,    49.6,    41.5,    62.0,    51.5,    63.4,    57.1,    82.4,    71.8,    49.6,    41.5,    62.0,    51.5,     0.0,     0.0,     0.0,     0.0,     0.0,     0.0,     0.0,     0.0,42000 gallons(1000 barrels),06641A,IFED,066 ,N13,FutOnly
BUTANE OPIS MT BELV NONTET FP  - ICE FUTURES ENERGY DIV,260811,2026-08-11,06641D,IFED,01,066 ,   61465,   37683,   33979,    2638,   10308,    5259,    2601,       0,     375,    6071,    4549,    6444,   61071,   60914,     394,     551,   61465,   37683,   33979,    2638,   10308,    5259,    2601,       0,     375,    6071,    4549,    6444,   61071,   60914,     394,     551,       0,       0,       0,       0,       0,       0,       0,       0,       0,       0,       0,       0,       0,       0,       0,       0,    1701,    1290,    1536,      32,     136,    -186,      90,       0,       0,     534,     247,     -66,    1694,    1667,       7,      34,  100.0,   61.3,   55.3,    4.3,   16.8,    8.6,    4.2,    0.0,    0.6,    9.9,    7.4,   10.5,   99.4,   99.1,    0.6,    0.9,  100.0,   61.3,   55.3,    4.3,   16.8,    8.6,    4.2,    0.0,    0.6,    9.9,    7.4,   10.5,   99.4,   99.1,    0.6,    0.9,  100.0,    0.0,    0.0,    0.0,    0.0,    0.0,    0.0,    0.0,    0.0,    0.0,    0.0,    0.0,    0.0,    0.0,    0.0,    0.0,     91,     54,     47,.,      9,      9,.,      0,.,     10,      8,     13,     81,     75,     91,     54,     47,.,      9,      9,.,      0,.,     10,      8,     13,     81,     75,      0,      0,      0,      0,      0,      0,      0,      0,      0,      0,      0,      0,      0,      0,    29.7,    29.7,    46.4,    45.5,    21.5,    19.4,    35.0,    30.8,    29.7,    29.7,    46.4,    45.5,    21.5,    19.4,    35.0,    30.8,     0.0,     0.0,     0.0,     0.0,     0.0,     0.0,     0.0,     0.0,42000 gallons(1000 barrels),06641D,IFED,066 ,N13,FutOnly
PROPANE OPIS CONWAY INWELL FP - ICE FUTURES ENERGY DIV,260811,2026-08-11,06641E,IFED,01,066 ,   11400,    6259,    7738,    1064,     796,     643,       0,       0,       0,    1909,     685,    1112,   10987,   10974,     413,     426,   11400,    6259,    7738,    1064,     796,     643,       0,       0,       0,    1909,     685,    1112,   10987,   10974,     413,     426,       0,       0,       0,       0,       0,       0,       0,       0,       0,       0,       0,       0,       0,       0,       0,       0,     121,     105,     180,     -81,     -40,     -43,       0,       0,       0,     132,       0,      32,     145,     129,     -24,      -8,  100.0,   54.9,   67.9,    9.3,    7.0,    5.6,    0.0,    0.0,    0.0,   16.7,    6.0,    9.8,   96.4,   96.3,    3.6,    3.7,  100.0,   54.9,   67.9,    9.3,    7.0,    5.6,    0.0,    0.0,    0.0,   16.7,    6.0,    9.8,   96.4,   96.3,    3.6,    3.7,  100.0,    0.0,    0.0,    0.0,    0.0,    0.0,    0.0,    0.0,    0.0,    0.0,    0.0,    0.0,    0.0,    0.0,    0.0,    0.0,     34,     18,     15,      4,      5,      8,      0,      0,      0,.,      4,      5,     32,     30,     34,     18,     15,      4,      5,      8,      0,      0,      0,.,      4,      5,     32,     30,      0,      0,      0,      0,      0,      0,      0,      0,      0,      0,      0,      0,      0,      0,    54.0,    51.8,    66.8,    75.1,    47.9,    44.9,    58.1,    59.1,    54.0,    51.8,    66.8,    75.1,    47.9,    44.9,    58.1,    59.1,     0.0,     0.0,     0.0,     0.0,     0.0,     0.0,     0.0,     0.0,42000 gallons(1000 barrels),06641E,IFED,066 ,N13,FutOnly
PROPANE OPIS MT BELV NONTET FP - ICE FUTURES ENERGY DIV,260811,2026-08-11,06641F,IFED,01,066 ,   93913,   59562,   51057,   10305,   31398,     954,       0,       0,       0,   18505,    5385,    4379,   93705,   93173,     208,     740,   93913,   59562,   51057,   10305,   31398,     954,       0,       0,       0,   18505,    5385,    4379,   93705,   93173,     208,     740,       0,       0,       0,       0,       0,       0,       0,       0,       0,       0,       0,       0,       0,       0,       0,       0,    3263,    3806,    1826,     375,     772,     -40,       0,       0,       0,   -1353,     230,     475,    3263,    3263,       0,       0,  100.0,   63.4,   54.4,   11.0,   33.4,    1.0,    0.0,    0.0,    0.0,   19.7,    5.7,    4.7,   99.8,   99.2,    0.2,    0.8,  100.0,   63.4,   54.4,   11.0,   33.4,    1.0,    0.0,    0.0,    0.0,   19.7,    5.7,    4.7,   99.8,   99.2,    0.2,    0.8,  100.0,    0.0,    0.0,    0.0,    0.0,    0.0,    0.0,    0.0,    0.0,    0.0,    0.0,    0.0,    0.0,    0.0,    0.0,    0.0,     73,     31,     35,.,     11,      5,      0,      0,      0,      7,      6,      5,     46,     57,     73,     31,     35,.,     11,      5,      0,      0,      0,      7,      6,      5,     46,     57,      0,      0,      0,      0,      0,      0,      0,      0,      0,      0,      0,      0,      0,      0,    57.1,    30.7,    75.2,    57.3,    54.3,    29.4,    69.9,    53.9,    57.1,    30.7,    75.2,    57.3,    54.3,    29.4,    69.9,    53.9,     0.0,     0.0,     0.0,     0.0,     0.0,     0.0,     0.0,     0.0,42000 gallons(1000 barrels),06641F,IFED,066 ,N13,FutOnly
PROPANE OPIS MT BELVIEU TET FP - ICE FUTURES ENERGY DIV,260811,2026-08-11,06641G,IFED,01,066 ,  166103,   86805,   94297,   20792,   13310,   11550,       0,    6939,     189,   31304,   24426,   14957,  165597,  165668,     506,     435,  166103,   86805,   94297,   20792,   13310,   11550,       0,    6939,     189,   31304,   24426,   14957,  165597,  165668,     506,     435,       0,       0,       0,       0,       0,       0,       0,       0,       0,       0,       0,       0,       0,       0,       0,       0,    4635,    1450,    4214,    1572,     274,    -850,       0,     835,       0,    1077,   -1138,    1478,    4727,    4813,     -92,    -178,  100.0,   52.3,   56.8,   12.5,    8.0,    7.0,    0.0,    4.2,    0.1,   18.8,   14.7,    9.0,   99.7,   99.7,    0.3,    0.3,  100.0,   52.3,   56.8,   12.5,    8.0,    7.0,    0.0,    4.2,    0.1,   18.8,   14.7,    9.0,   99.7,   99.7,    0.3,    0.3,  100.0,    0.0,    0.0,    0.0,    0.0,    0.0,    0.0,    0.0,    0.0,    0.0,    0.0,    0.0,    0.0,    0.0,    0.0,    0.0,    136,     63,     70,      7,     11,     16,      0,      6,.,     15,     17,     21,    106,    122,    136,     63,     70,      7,     11,     16,      0,      6,.,     15,     17,     21,    106,    122,      0,      0,      0,      0,      0,      0,      0,      0,      0,      0,      0,      0,      0,      0,    30.2,    33.1,    46.4,    45.5,    30.1,    26.2,    44.1,    36.2,    30.2,    33.1,    46.4,    45.5,    30.1,    26.2,    44.1,    36.2,     0.0,     0.0,     0.0,     0.0,     0.0,     0.0,     0.0,     0.0,42000 gallons(1000 barrels),06641G,IFED,066 ,N13,FutOnly
PROPANE ARGUS SAUDI CP FP - ICE FUTURES ENERGY DIV,260811,2026-08-11,06641H,IFED,01,066 ,    3235,    1066,    2393,      92,       0,      19,       0,       0,       0,     448,     136,     195,    1820,    2743,    1415,     492,    3235,    1066,    2393,      92,       0,      19,       0,       0,       0,     448,     136,     195,    1820,    2743,    1415,     492,       0,       0,       0,       0,       0,       0,       0,       0,       0,       0,       0,       0,       0,       0,       0,       0,.,.,.,.,.,.,.,.,.,.,.,.,.,.,.,.,  100.0,   33.0,   74.0,    2.8,    0.0,    0.6,    0.0,    0.0,    0.0,   13.8,    4.2,    6.0,   56.3,   84.8,   43.7,   15.2,  100.0,   33.0,   74.0,    2.8,    0.0,    0.6,    0.0,    0.0,    0.0,   13.8,    4.2,    6.0,   56.3,   84.8,   43.7,   15.2,  100.0,    0.0,    0.0,    0.0,    0.0,    0.0,    0.0,    0.0,    0.0,    0.0,    0.0,    0.0,    0.0,    0.0,    0.0,    0.0,     22,     10,     11,.,      0,.,      0,      0,      0,.,.,.,     15,     14,     22,     10,     11,.,      0,.,      0,      0,      0,.,.,.,     15,     14,      0,      0,      0,      0,      0,      0,      0,      0,      0,      0,      0,      0,      0,      0,    31.2,    50.5,    45.1,    73.7,    29.2,    47.8,    39.9,    66.4,    31.2,    50.5,    45.1,    73.7,    29.2,    47.8,    39.9,    66.4,     0.0,     0.0,     0.0,     0.0,     0.0,     0.0,     0.0,     0.0,1000 Metric  Tonnes,06641H,IFED,066 ,N13,FutOnly
ARGUS PROPANE FAR EAST INDEX - NEW YORK MERCANTILE EXCHANGE,260811,2026-08-11,06665B,NYME,01,066 ,    4413,    2031,    3383,     439,      94,     175,      34,       0,       0,     819,      38,     171,    3669,    3861,     744,     552,    4413,    2031,    3383,     439,      94,     175,      34,       0,       0,     819,      38,     171,    3669,    3861,     744,     552,       0,       0,       0,       0,       0,       0,       0,       0,       0,       0,       0,       0,       0,       0,       0,       0,    -389,    -285,    -291,     -13,       5,     -27,       4,       0,       0,      57,     -21,     -98,    -362,    -432,     -27,      43,  100.0,   46.0,   76.7,    9.9,    2.1,    4.0,    0.8,    0.0,    0.0,   18.6,    0.9,    3.9,   83.1,   87.5,   16.9,   12.5,  100.0,   46.0,   76.7,    9.9,    2.1,    4.0,    0.8,    0.0,    0.0,   18.6,    0.9,    3.9,   83.1,   87.5,   16.9,   12.5,  100.0,    0.0,    0.0,    0.0,    0.0,    0.0,    0.0,    0.0,    0.0,    0.0,    0.0,    0.0,    0.0,    0.0,    0.0,    0.0,     24,     14,     11,.,.,.,.,      0,      0,.,.,.,     21,     17,     24,     14,     11,.,.,.,.,      0,      0,.,.,.,     21,     17,      0,      0,      0,      0,      0,      0,      0,      0,      0,      0,      0,      0,      0,      0,    49.3,    66.9,    63.0,    78.2,    46.4,    63.9,    57.2,    68.4,    49.3,    66.9,    63.0,    78.2,    46.4,    63.9,    57.2,    68.4,     0.0,     0.0,     0.0,     0.0,     0.0,     0.0,     0.0,     0.0,"(CONTRACTS OF 1,000 METRIC TONS)",06665B,NYME,066 ,N13,FutOnly
PROPANE NON-LDH MT BEL - NEW YORK MERCANTILE EXCHANGE,260811,2026-08-11,06665G,NYME,01,066 ,   26706,   19493,   14738,    1796,    8692,    1049,       0,       0,       0,    2318,      50,    1549,   26205,   26078,     501,     628,   26706,   19493,   14738,    1796,    8692,    1049,       0,       0,       0,    2318,      50,    1549,   26205,   26078,     501,     628,       0,       0,       0,       0,       0,       0,       0,       0,       0,       0,       0,       0,       0,       0,       0,       0,   -3139,   -2253,   -2174,    -741,    -585,      84,       0,       0,       0,    -573,    -695,     299,   -3184,   -3071,      45,     -68,  100.0,   73.0,   55.2,    6.7,   32.5,    3.9,    0.0,    0.0,    0.0,    8.7,    0.2,    5.8,   98.1,   97.6,    1.9,    2.4,  100.0,   73.0,   55.2,    6.7,   32.5,    3.9,    0.0,    0.0,    0.0,    8.7,    0.2,    5.8,   98.1,   97.6,    1.9,    2.4,  100.0,    0.0,    0.0,    0.0,    0.0,    0.0,    0.0,    0.0,    0.0,    0.0,    0.0,    0.0,    0.0,    0.0,    0.0,    0.0,     53,     26,     25,      4,      6,      4,      0,      0,      0,      5,.,.,     38,     36,     53,     26,     25,      4,      6,      4,      0,      0,      0,      5,.,.,     38,     36,      0,      0,      0,      0,      0,      0,      0,      0,      0,      0,      0,      0,      0,      0,    34.1,    40.7,    55.1,    58.1,    31.7,    40.7,    49.1,    56.2,    34.1,    40.7,    55.1,    58.1,    31.7,    40.7,    49.1,    56.2,     0.0,     0.0,     0.0,     0.0,     0.0,     0.0,     0.0,     0.0,"(CONTRACTS OF 42,000 GALLONS)",06665G,NYME,066 ,N13,FutOnly
PROPANE - NEW YORK MERCANTILE EXCHANGE,260811,2026-08-11,06665O,NYME,01,066 ,  105594,   73922,   63548,    8509,    8625,    7811,    1058,    1752,    1181,    1121,   10752,   11183,  104785,  104852,     809,     742,  105594,   73922,   63548,    8509,    8625,    7811,    1058,    1752,    1181,    1121,   10752,   11183,  104785,  104852,     809,     742,       0,       0,       0,       0,       0,       0,       0,       0,       0,       0,       0,       0,       0,       0,       0,       0,   -5608,   -4455,   -3821,     462,     -36,    -696,    -536,    -203,     230,   -1235,   -1683,     498,   -5732,   -5711,     124,     103,  100.0,   70.0,   60.2,    8.1,    8.2,    7.4,    1.0,    1.7,    1.1,    1.1,   10.2,   10.6,   99.2,   99.3,    0.8,    0.7,  100.0,   70.0,   60.2,    8.1,    8.2,    7.4,    1.0,    1.7,    1.1,    1.1,   10.2,   10.6,   99.2,   99.3,    0.8,    0.7,  100.0,    0.0,    0.0,    0.0,    0.0,    0.0,    0.0,    0.0,    0.0,    0.0,    0.0,    0.0,    0.0,    0.0,    0.0,    0.0,    131,     62,     60,     12,      6,     14,      6,     12,      5,      5,     17,     15,    106,    109,    131,     62,     60,     12,      6,     14,      6,     12,      5,      5,     17,     15,    106,    109,      0,      0,      0,      0,      0,      0,      0,      0,      0,      0,      0,      0,      0,      0,    38.0,    24.1,    52.3,    40.2,    33.2,    22.0,    40.4,    32.8,    38.0,    24.1,    52.3,    40.2,    33.2,    22.0,    40.4,    32.8,     0.0,     0.0,     0.0,     0.0,     0.0,     0.0,     0.0,     0.0,"(CONTRACTS OF 42,000 GALLONS)",06665O,NYME,066 ,N13,FutOnly
MT BELVIEU ETHANE OPIS - NEW YORK MERCANTILE EXCHANGE,260811,2026-08-11,06665P,NYME,01,066 ,   38925,   32231,   20012,     279,   13192,    2836,    1967,     450,     130,     490,     330,     730,   38663,   37680,     262,    1245,   38925,   32231,   20012,     279,   13192,    2836,    1967,     450,     130,     490,     330,     730,   38663,   37680,     262,    1245,       0,       0,       0,       0,       0,       0,       0,       0,       0,       0,       0,       0,       0,       0,       0,       0,   -2179,   -1034,   -1954,   -1048,     303,     -41,    -102,       0,     -65,     157,    -215,    -112,   -2245,   -2084,      66,     -95,  100.0,   82.8,   51.4,    0.7,   33.9,    7.3,    5.1,    1.2,    0.3,    1.3,    0.8,    1.9,   99.3,   96.8,    0.7,    3.2,  100.0,   82.8,   51.4,    0.7,   33.9,    7.3,    5.1,    1.2,    0.3,    1.3,    0.8,    1.9,   99.3,   96.8,    0.7,    3.2,  100.0,    0.0,    0.0,    0.0,    0.0,    0.0,    0.0,    0.0,    0.0,    0.0,    0.0,    0.0,    0.0,    0.0,    0.0,    0.0,     49,     19,     21,.,      6,      5,      8,.,.,.,.,      5,     37,     38,     49,     19,     21,.,      6,      5,      8,.,.,.,.,      5,     37,     38,      0,      0,      0,      0,      0,      0,      0,      0,      0,      0,      0,      0,      0,      0,    60.8,    41.2,    76.0,    59.7,    47.6,    34.3,    54.1,    46.5,    60.8,    41.2,    76.0,    59.7,    47.6,    34.3,    54.1,    46.5,     0.0,     0.0,     0.0,     0.0,     0.0,     0.0,     0.0,     0.0,"(CONTRACTS OF 42,000 GALLONS)",06665P,NYME,066 ,N13,FutOnly
MT BELV NORM BUTANE OPIS - NEW YORK MERCANTILE EXCHANGE,260811,2026-08-11,06665Q,NYME,01,066 ,   44430,   31446,   28212,    2943,    6019,    2956,    1688,     210,       0,    2045,    3271,    2640,   43718,   43308,     712,    1122,   44430,   31446,   28212,    2943,    6019,    2956,    1688,     210,       0,    2045,    3271,    2640,   43718,   43308,     712,    1122,       0,       0,       0,       0,       0,       0,       0,       0,       0,       0,       0,       0,       0,       0,       0,       0,   -4377,   -3806,   -2414,     232,   -1449,    -169,     -65,      30,       0,    -278,       5,    -286,   -4372,   -4283,      -5,     -94,  100.0,   70.8,   63.5,    6.6,   13.5,    6.7,    3.8,    0.5,    0.0,    4.6,    7.4,    5.9,   98.4,   97.5,    1.6,    2.5,  100.0,   70.8,   63.5,    6.6,   13.5,    6.7,    3.8,    0.5,    0.0,    4.6,    7.4,    5.9,   98.4,   97.5,    1.6,    2.5,  100.0,    0.0,    0.0,    0.0,    0.0,    0.0,    0.0,    0.0,    0.0,    0.0,    0.0,    0.0,    0.0,    0.0,    0.0,    0.0,    107,     52,     50,      4,      9,      9,     11,.,      0,      9,      8,     14,     89,     81,    107,     52,     50,      4,      9,      9,     11,.,      0,      9,      8,     14,     89,     81,      0,      0,      0,      0,      0,      0,      0,      0,      0,      0,      0,      0,      0,      0,    26.0,    22.8,    41.5,    38.6,    17.5,    19.0,    28.6,    31.9,    26.0,    22.8,    41.5,    38.6,    17.5,    19.0,    28.6,    31.9,     0.0,     0.0,     0.0,     0.0,     0.0,     0.0,     0.0,     0.0,"(CONTRACTS OF 42,000 GALLONS)",06665Q,NYME,066 ,N13,FutOnly
MT BELV NAT GASOLINE OPIS - NEW YORK MERCANTILE EXCHANGE,260811,2026-08-11,06665R,NYME,01,066 ,   48402,   46025,   30759,       0,   15083,       0,      30,       0,       0,    2076,    1207,      82,   48213,   47131,     189,    1271,   48402,   46025,   30759,       0,   15083,       0,      30,       0,       0,    2076,    1207,      82,   48213,   47131,     189,    1271,       0,       0,       0,       0,       0,       0,       0,       0,       0,       0,       0,       0,       0,       0,       0,       0,   -3022,   -2866,   -1807,       0,    -763,       0,     -10,       0,       0,    -194,    -424,      22,   -3048,   -2972,      26,     -50,  100.0,   95.1,   63.5,    0.0,   31.2,    0.0,    0.1,    0.0,    0.0,    4.3,    2.5,    0.2,   99.6,   97.4,    0.4,    2.6,  100.0,   95.1,   63.5,    0.0,   31.2,    0.0,    0.1,    0.0,    0.0,    4.3,    2.5,    0.2,   99.6,   97.4,    0.4,    2.6,  100.0,    0.0,    0.0,    0.0,    0.0,    0.0,    0.0,    0.0,    0.0,    0.0,    0.0,    0.0,    0.0,    0.0,    0.0,    0.0,     47,     27,     27,      0,      7,      0,.,      0,      0,.,.,.,     33,     36,     47,     27,     27,      0,      7,      0,.,      0,      0,.,.,.,     33,     36,      0,      0,      0,      0,      0,      0,      0,      0,      0,      0,      0,      0,      0,      0,    80.9,    43.1,    90.6,    66.0,    78.1,    40.7,    84.6,    62.7,    80.9,    43.1,    90.6,    66.0,    78.1,    40.7,    84.6,    62.7,     0.0,     0.0,     0.0,     0.0,     0.0,     0.0,     0.0,     0.0,"(CONTRACTS OF 42,000 GALLONS)",06665R,NYME,066 ,N13,FutOnly
CONWAY PROPANE (OPIS) - NEW YORK MERCANTILE EXCHANGE,260811,2026-08-11,06665T,NYME,01,066 ,   20536,   14708,   12683,    2022,    4302,     717,       0,     330,       0,     582,     580,    1571,   19600,   20183,     936,     353,   20536,   14708,   12683,    2022,    4302,     717,       0,     330,       0,     582,     580,    1571,   19600,   20183,     936,     353,       0,       0,       0,       0,       0,       0,       0,       0,       0,       0,       0,       0,       0,       0,       0,       0,   -1686,   -1361,    -736,      81,    -412,    -163,       0,      25,       0,     202,     164,    -487,   -1728,   -1609,      42,     -77,  100.0,   71.6,   61.8,    9.8,   20.9,    3.5,    0.0,    1.6,    0.0,    2.8,    2.8,    7.6,   95.4,   98.3,    4.6,    1.7,  100.0,   71.6,   61.8,    9.8,   20.9,    3.5,    0.0,    1.6,    0.0,    2.8,    2.8,    7.6,   95.4,   98.3,    4.6,    1.7,  100.0,    0.0,    0.0,    0.0,    0.0,    0.0,    0.0,    0.0,    0.0,    0.0,    0.0,    0.0,    0.0,    0.0,    0.0,    0.0,     55,     24,     27,      5,      6,      6,      0,.,      0,      5,.,      6,     41,     44,     55,     24,     27,      5,      6,      6,      0,.,      0,      5,.,      6,     41,     44,      0,      0,      0,      0,      0,      0,      0,      0,      0,      0,      0,      0,      0,      0,    49.4,    41.8,    63.0,    64.5,    44.9,    34.4,    56.2,    51.6,    49.4,    41.8,    63.0,    64.5,    44.9,    34.4,    56.2,    51.6,     0.0,     0.0,     0.0,     0.0,     0.0,     0.0,     0.0,     0.0,"(CONTRACTS OF 42,000 GALLONS)",06665T,NYME,066 ,N13,FutOnly
CRUDE DIFF-WCS HOUSTON/WTI 1ST - ICE FUTURES ENERGY DIV,260811,2026-08-11,06739C,IFED,01,067 ,   55994,   37150,   53759,    4360,     225,       0,   13524,     795,     845,      20,     250,      10,   55909,   55884,      85,     110,   55994,   37150,   53759,    4360,     225,       0,   13524,     795,     845,      20,     250,      10,   55909,   55884,      85,     110,       0,       0,       0,       0,       0,       0,       0,       0,       0,       0,       0,       0,       0,       0,       0,       0,    6985,    5295,    6435,    -360,       0,       0,    1885,     270,      60,      20,     100,      10,    6910,    6875,      75,     110,  100.0,   66.3,   96.0,    7.8,    0.4,    0.0,   24.2,    1.4,    1.5,    0.0,    0.4,    0.0,   99.8,   99.8,    0.2,    0.2,  100.0,   66.3,   96.0,    7.8,    0.4,    0.0,   24.2,    1.4,    1.5,    0.0,    0.4,    0.0,   99.8,   99.8,    0.2,    0.2,  100.0,    0.0,    0.0,    0.0,    0.0,    0.0,    0.0,    0.0,    0.0,    0.0,    0.0,    0.0,    0.0,    0.0,    0.0,    0.0,     40,     26,     22,.,.,      0,.,.,.,.,.,.,     32,     26,     40,     26,     22,.,.,      0,.,.,.,.,.,.,     32,     26,      0,      0,      0,      0,      0,      0,      0,      0,      0,      0,      0,      0,      0,      0,    57.3,    60.1,    76.4,    82.9,    39.3,    45.0,    54.1,    58.7,    57.3,    60.1,    76.4,    82.9,    39.3,    45.0,    54.1,    58.7,     0.0,     0.0,     0.0,     0.0,     0.0,     0.0,     0.0,     0.0,(1000 Barrels),06739C,IFED,067 ,N10,FutOnly
"CRUDE OIL, LIGHT SWEET-WTI - ICE FUTURES EUROPE",260811,2026-08-11,067411,ICEU,01,067 ,  797158,  423784,  341853,    7859,   85527,   59027,   15527,   23963,   29032,   60595,   58492,  183630,  779454,  781524,   17704,   15634,  797158,  423784,  341853,    7859,   85527,   59027,   15527,   23963,   29032,   60595,   58492,  183630,  779454,  781524,   17704,   15634,       0,       0,       0,       0,       0,       0,       0,       0,       0,       0,       0,       0,       0,       0,       0,       0,   14969,   17433,    5033,      34,    2416,   -2501,     271,    1617,    -136,   -5015,    2456,    4346,   14432,   13231,     537,    1738,  100.0,   53.2,   42.9,    1.0,   10.7,    7.4,    1.9,    3.0,    3.6,    7.6,    7.3,   23.0,   97.8,   98.0,    2.2,    2.0,  100.0,   53.2,   42.9,    1.0,   10.7,    7.4,    1.9,    3.0,    3.6,    7.6,    7.3,   23.0,   97.8,   98.0,    2.2,    2.0,  100.0,    0.0,    0.0,    0.0,    0.0,    0.0,    0.0,    0.0,    0.0,    0.0,    0.0,    0.0,    0.0,    0.0,    0.0,    0.0,    114,     37,     32,      4,     11,     13,      6,     13,     14,     12,     23,     32,     97,    102,    114,     37,     32,      4,     11,     13,      6,     13,     14,     12,     23,     32,     97,    102,      0,      0,      0,      0,      0,      0,      0,      0,      0,      0,      0,      0,      0,      0,    36.8,    34.1,    55.6,    46.1,    29.4,    21.4,    40.2,    29.4,    36.8,    34.1,    55.6,    46.1,    29.4,    21.4,    40.2,    29.4,     0.0,     0.0,     0.0,     0.0,     0.0,     0.0,     0.0,     0.0,"(CONTRACTS OF 1,000 BARRELS)",067411,ICEU,067 ,N10,FutOnly
CRUDE DIFF-TMX WCS 1A INDEX - ICE FUTURES ENERGY DIV,260811,2026-08-11,06742G,IFED,01,067 ,   65149,   64499,   27632,       0,   21568,     135,      30,   15581,      30,     315,      80,     120,   65129,   65146,      20,       3,   65149,   64499,   27632,       0,   21568,     135,      30,   15581,      30,     315,      80,     120,   65129,   65146,      20,       3,       0,       0,       0,       0,       0,       0,       0,       0,       0,       0,       0,       0,       0,       0,       0,       0,    3165,    3025,    2020,       0,     220,       0,     -10,     805,       0,      25,       0,     120,    3160,    3165,       5,       0,  100.0,   99.0,   42.4,    0.0,   33.1,    0.2,    0.0,   23.9,    0.0,    0.5,    0.1,    0.2,  100.0,  100.0,    0.0,    0.0,  100.0,   99.0,   42.4,    0.0,   33.1,    0.2,    0.0,   23.9,    0.0,    0.5,    0.1,    0.2,  100.0,  100.0,    0.0,    0.0,  100.0,    0.0,    0.0,    0.0,    0.0,    0.0,    0.0,    0.0,    0.0,    0.0,    0.0,    0.0,    0.0,    0.0,    0.0,    0.0,     46,     24,     17,      0,     10,.,.,.,.,.,.,.,     30,     32,     46,     24,     17,      0,     10,.,.,.,.,.,.,.,     30,     32,      0,      0,      0,      0,      0,      0,      0,      0,      0,      0,      0,      0,      0,      0,    64.0,    52.3,    81.9,    71.5,    57.7,    52.2,    71.8,    70.0,    64.0,    52.3,    81.9,    71.5,    57.7,    52.2,    71.8,    70.0,     0.0,     0.0,     0.0,     0.0,     0.0,     0.0,     0.0,     0.0,1000 BARRELS,06742G,IFED,067 ,N10,FutOnly
CRUDE DIFF-TMX SW 1A INDEX - ICE FUTURES ENERGY DIV,260811,2026-08-11,06742T,IFED,01,067 ,   13697,   13307,    4626,       0,    7286,       0,     330,    1095,      60,       0,     630,       0,   13697,   13697,       0,       0,   13697,   13307,    4626,       0,    7286,       0,     330,    1095,      60,       0,     630,       0,   13697,   13697,       0,       0,       0,       0,       0,       0,       0,       0,       0,       0,       0,       0,       0,       0,       0,       0,       0,       0,    -375,    -375,    -675,       0,       0,       0,     -60,    -270,      60,       0,     510,       0,    -375,    -375,       0,       0,  100.0,   97.2,   33.8,    0.0,   53.2,    0.0,    2.4,    8.0,    0.4,    0.0,    4.6,    0.0,  100.0,  100.0,    0.0,    0.0,  100.0,   97.2,   33.8,    0.0,   53.2,    0.0,    2.4,    8.0,    0.4,    0.0,    4.6,    0.0,  100.0,  100.0,    0.0,    0.0,  100.0,    0.0,    0.0,    0.0,    0.0,    0.0,    0.0,    0.0,    0.0,    0.0,    0.0,    0.0,    0.0,    0.0,    0.0,    0.0,     31,     14,     14,      0,      6,      0,.,.,.,      0,.,      0,     15,     25,     31,     14,     14,      0,      6,      0,.,.,.,      0,.,      0,     15,     25,      0,      0,      0,      0,      0,      0,      0,      0,      0,      0,      0,      0,      0,      0,    72.6,    55.4,    88.5,    73.7,    68.0,    53.8,    78.7,    65.3,    72.6,    55.4,    88.5,    73.7,    68.0,    53.8,    78.7,    65.3,     0.0,     0.0,     0.0,     0.0,     0.0,     0.0,     0.0,     0.0,1000 BARRELS,06742T,IFED,067 ,N10,FutOnly
CONDENSATE DIF-TMX C5 1A INDEX - ICE FUTURES ENERGY DIV,260811,2026-08-11,06743A,IFED,01,067 ,   15100,   13545,   14740,    1555,     120,       0,       0,       0,       0,       0,     120,       0,   15100,   14980,       0,     120,   15100,   13545,   14740,    1555,     120,       0,       0,       0,       0,       0,     120,       0,   15100,   14980,       0,     120,       0,       0,       0,       0,       0,       0,       0,       0,       0,       0,       0,       0,       0,       0,       0,       0,    1805,    1670,    1805,     135,       0,       0,       0,       0,       0,       0,       0,       0,    1805,    1805,       0,       0,  100.0,   89.7,   97.6,   10.3,    0.8,    0.0,    0.0,    0.0,    0.0,    0.0,    0.8,    0.0,  100.0,   99.2,    0.0,    0.8,  100.0,   89.7,   97.6,   10.3,    0.8,    0.0,    0.0,    0.0,    0.0,    0.0,    0.8,    0.0,  100.0,   99.2,    0.0,    0.8,  100.0,    0.0,    0.0,    0.0,    0.0,    0.0,    0.0,    0.0,    0.0,    0.0,    0.0,    0.0,    0.0,    0.0,    0.0,    0.0,     28,     19,     16,.,.,      0,      0,      0,      0,      0,.,      0,     21,     18,     28,     19,     16,.,.,      0,      0,      0,      0,      0,.,      0,     21,     18,      0,      0,      0,      0,      0,      0,      0,      0,      0,      0,      0,      0,      0,      0,    63.7,    72.5,    86.7,    88.1,    52.0,    61.9,    63.0,    66.9,    63.7,    72.5,    86.7,    88.1,    52.0,    61.9,    63.0,    66.9,     0.0,     0.0,     0.0,     0.0,     0.0,     0.0,     0.0,     0.0,1000 BARRELS,06743A,IFED,067 ,N10,FutOnly
WTI-PHYSICAL - NEW YORK MERCANTILE EXCHANGE,260811,2026-08-11,067651,NYME,01,067 , 1892429,  658494,  319297,  109308,  578142,  129542,  190554,  110638,  278279,  124292,  105012,  326611, 1817080, 1847521,   75349,   44908, 1892429,  658494,  319297,  109308,  578142,  129542,  190554,  110638,  278279,  124292,  105012,  326611, 1817080, 1847521,   75349,   44908,       0,       0,       0,       0,       0,       0,       0,       0,       0,       0,       0,       0,       0,       0,       0,       0,    5613,   15715,   11438,    1715,  -18146,   -7611,    1036,    8078,    9688,    4969,   11174,  -14937,   10575,    -316,   -4962,    5929,  100.0,   34.8,   16.9,    5.8,   30.6,    6.8,   10.1,    5.8,   14.7,    6.6,    5.5,   17.3,   96.0,   97.6,    4.0,    2.4,  100.0,   34.8,   16.9,    5.8,   30.6,    6.8,   10.1,    5.8,   14.7,    6.6,    5.5,   17.3,   96.0,   97.6,    4.0,    2.4,  100.0,    0.0,    0.0,    0.0,    0.0,    0.0,    0.0,    0.0,    0.0,    0.0,    0.0,    0.0,    0.0,    0.0,    0.0,    0.0,    296,     60,     56,     13,     28,     31,     56,     28,     57,     55,     42,     63,    268,    229,    296,     60,     56,     13,     28,     31,     56,     28,     57,     55,     42,     63,    268,    229,      0,      0,      0,      0,      0,      0,      0,      0,      0,      0,      0,      0,      0,      0,    17.6,    19.4,    31.4,    29.8,    10.9,    13.2,    17.6,    20.1,    17.6,    19.4,    31.4,    29.8,    10.9,    13.2,    17.6,    20.1,     0.0,     0.0,     0.0,     0.0,     0.0,     0.0,     0.0,     0.0,"(CONTRACTS OF 1,000 BARRELS)",067651,NYME,067 ,N10,FutOnly
WTI FINANCIAL CRUDE OIL - NEW YORK MERCANTILE EXCHANGE,260811,2026-08-11,06765A,NYME,01,067 ,  193947,   36060,   48475,   61843,   52716,   10393,       0,       0,       0,   45755,   22529,   14597,  168648,  148710,   25299,   45237,  193947,   36060,   48475,   61843,   52716,   10393,       0,       0,       0,   45755,   22529,   14597,  168648,  148710,   25299,   45237,       0,       0,       0,       0,       0,       0,       0,       0,       0,       0,       0,       0,       0,       0,       0,       0,    4334,    2171,    2370,     279,     468,     -46,       0,       0,       0,     704,     511,    1129,    4237,    4432,      97,     -98,  100.0,   18.6,   25.0,   31.9,   27.2,    5.4,    0.0,    0.0,    0.0,   23.6,   11.6,    7.5,   87.0,   76.7,   13.0,   23.3,  100.0,   18.6,   25.0,   31.9,   27.2,    5.4,    0.0,    0.0,    0.0,   23.6,   11.6,    7.5,   87.0,   76.7,   13.0,   23.3,  100.0,    0.0,    0.0,    0.0,    0.0,    0.0,    0.0,    0.0,    0.0,    0.0,    0.0,    0.0,    0.0,    0.0,    0.0,    0.0,     44,     14,     14,     12,      4,     10,      0,      0,      0,      4,      6,      7,     36,     35,     44,     14,     14,     12,      4,     10,      0,      0,      0,      4,      6,      7,     36,     35,      0,      0,      0,      0,      0,      0,      0,      0,      0,      0,      0,      0,      0,      0,    32.5,    35.7,    49.0,    50.1,    28.9,    35.7,    43.5,    49.9,    32.5,    35.7,    49.0,    50.1,    28.9,    35.7,    43.5,    49.9,     0.0,     0.0,     0.0,     0.0,     0.0,     0.0,     0.0,     0.0,"(CONTRACTS OF 1,000 BARRELS)",06765A,NYME,067 ,N10,FutOnly
BRENT LAST DAY - NEW YORK MERCANTILE EXCHANGE,260811,2026-08-11,06765T,NYME,01,067 ,  233972,   15131,   53840,   63095,       0,    5580,    8778,    1694,    3572,   32877,   65815,   94264,  223297,  224765,   10675,    9207,  233972,   15131,   53840,   63095,       0,    5580,    8778,    1694,    3572,   32877,   65815,   94264,  223297,  224765,   10675,    9207,       0,       0,       0,       0,       0,       0,       0,       0,       0,       0,       0,       0,       0,       0,       0,       0,   15078,     867,    6093,    6249,       0,      52,     421,      28,   -1079,     775,    1183,    6652,   13937,   12929,    1141,    2149,  100.0,    6.5,   23.0,   27.0,    0.0,    2.4,    3.8,    0.7,    1.5,   14.1,   28.1,   40.3,   95.4,   96.1,    4.6,    3.9,  100.0,    6.5,   23.0,   27.0,    0.0,    2.4,    3.8,    0.7,    1.5,   14.1,   28.1,   40.3,   95.4,   96.1,    4.6,    3.9,  100.0,    0.0,    0.0,    0.0,    0.0,    0.0,    0.0,    0.0,    0.0,    0.0,    0.0,    0.0,    0.0,    0.0,    0.0,    0.0,     54,     10,     11,     10,      0,      7,.,.,      4,     16,     12,     25,     51,     49,     54,     10,     11,     10,      0,      7,.,.,      4,     16,     12,     25,     51,     49,      0,      0,      0,      0,      0,      0,      0,      0,      0,      0,      0,      0,      0,      0,    33.1,    53.6,    54.4,    71.6,    23.4,    34.4,    37.0,    42.6,    33.1,    53.6,    54.4,    71.6,    23.4,    34.4,    37.0,    42.6,     0.0,     0.0,     0.0,     0.0,     0.0,     0.0,     0.0,     0.0,"(CONTRACTS OF 1,000 BARRELS)",06765T,NYME,067 ,N10,FutOnly
WTI  HOUSTON ARGUS/WTI TR MO - NEW YORK MERCANTILE EXCHANGE,260811,2026-08-11,0676A5,NYME,01,067 ,  442126,  413359,  285897,       0,   51932,    1768,    1125,   25490,   12400,       0,   48478,    6495,  435147,  432460,    6979,    9666,  442126,  413359,  285897,       0,   51932,    1768,    1125,   25490,   12400,       0,   48478,    6495,  435147,  432460,    6979,    9666,       0,       0,       0,       0,       0,       0,       0,       0,       0,       0,       0,       0,       0,       0,       0,       0,   -2429,   -8518,   -7181,       0,    6101,    -419,     425,     425,    2520,       0,   -1816,    4135,   -1857,    3765,    -572,   -6194,  100.0,   93.5,   64.7,    0.0,   11.7,    0.4,    0.3,    5.8,    2.8,    0.0,   11.0,    1.5,   98.4,   97.8,    1.6,    2.2,  100.0,   93.5,   64.7,    0.0,   11.7,    0.4,    0.3,    5.8,    2.8,    0.0,   11.0,    1.5,   98.4,   97.8,    1.6,    2.2,  100.0,    0.0,    0.0,    0.0,    0.0,    0.0,    0.0,    0.0,    0.0,    0.0,    0.0,    0.0,    0.0,    0.0,    0.0,    0.0,     44,     24,     22,      0,      7,.,.,.,.,      0,      4,.,     32,     34,     44,     24,     22,      0,      7,.,.,.,.,      0,      4,.,     32,     34,      0,      0,      0,      0,      0,      0,      0,      0,      0,      0,      0,      0,      0,      0,    53.6,    42.1,    79.3,    67.8,    53.6,    36.7,    67.1,    53.2,    53.6,    42.1,    79.3,    67.8,    53.6,    36.7,    67.1,    53.2,     0.0,     0.0,     0.0,     0.0,     0.0,     0.0,     0.0,     0.0,"(CONTRACTS OF 1,000 BARRELS)",0676A5,NYME,067 ,N10,FutOnly
WTI MIDLAND ARGUS VS WTI TRADE - NEW YORK MERCANTILE EXCHANGE,260811,2026-08-11,067A71,NYME,01,067 ,  315471,  275091,  145366,    3388,  137846,    4809,       0,    5460,       0,   26429,       0,     170,  309887,  293651,    5584,   21820,  315471,  275091,  145366,    3388,  137846,    4809,       0,    5460,       0,   26429,       0,     170,  309887,  293651,    5584,   21820,       0,       0,       0,       0,       0,       0,       0,       0,       0,       0,       0,       0,       0,       0,       0,       0,   11593,   13095,    7875,    -603,    1896,      78,       0,       0,       0,       0,       0,       0,   12570,    9849,    -977,    1744,  100.0,   87.2,   46.1,    1.1,   43.7,    1.5,    0.0,    1.7,    0.0,    8.4,    0.0,    0.1,   98.2,   93.1,    1.8,    6.9,  100.0,   87.2,   46.1,    1.1,   43.7,    1.5,    0.0,    1.7,    0.0,    8.4,    0.0,    0.1,   98.2,   93.1,    1.8,    6.9,  100.0,    0.0,    0.0,    0.0,    0.0,    0.0,    0.0,    0.0,    0.0,    0.0,    0.0,    0.0,    0.0,    0.0,    0.0,    0.0,     33,     14,     10,.,     10,.,      0,.,      0,.,      0,.,     17,     23,     33,     14,     10,.,     10,.,      0,.,      0,.,      0,.,     17,     23,      0,      0,      0,      0,      0,      0,      0,      0,      0,      0,      0,      0,      0,      0,    60.9,    53.1,    86.9,    76.9,    60.9,    53.1,    86.8,    76.9,    60.9,    53.1,    86.9,    76.9,    60.9,    53.1,    86.8,    76.9,     0.0,     0.0,     0.0,     0.0,     0.0,     0.0,     0.0,     0.0,"(CONTRACTS OF 1,000 BARRELS)",067A71,NYME,067 ,N10,FutOnly
COCOA - ICE FUTURES U.S.,260811,2026-08-11,073732,ICUS,01,073 ,  190891,   53235,   73711,   34020,   11210,    9892,   22955,   29622,   27840,   12039,    9845,   20046,  180027,  182166,   10864,    8725,   32433,    7707,    8515,    6620,    6329,      64,    7476,    6057,     626,    7841,    8660,      11,   30345,   30262,    2088,    2171,  158458,   45528,   65196,   27827,    5308,    9401,   20271,   28357,   22422,   11751,    8738,   12482,  149682,  151904,    8776,    6554,  -12507,   -3285,   -3717,    -154,    -467,   -1202,     150,    2147,   -4115,   -1604,   -2036,   -2533,  -12743,  -11923,     236,    -584,  100.0,   27.9,   38.6,   17.8,    5.9,    5.2,   12.0,   15.5,   14.6,    6.3,    5.2,   10.5,   94.3,   95.4,    5.7,    4.6,  100.0,   23.8,   26.3,   20.4,   19.5,    0.2,   23.1,   18.7,    1.9,   24.2,   26.7,    0.0,   93.6,   93.3,    6.4,    6.7,  100.0,   28.7,   41.1,   17.6,    3.3,    5.9,   12.8,   17.9,   14.2,    7.4,    5.5,    7.9,   94.5,   95.9,    5.5,    4.1,    198,     31,     25,     21,      5,     14,     39,     44,     48,     27,     24,     32,    166,    149,    141,     22,     13,     20,      6,.,     21,     26,     10,     17,     20,.,     88,     71,    189,     28,     24,     20,      5,     14,     36,     42,     42,     25,     26,     27,    150,    142,    15.5,    15.1,    26.9,    27.0,    12.7,    13.2,    23.0,    21.9,    22.8,    37.6,    37.0,    55.2,    22.8,    37.6,    36.1,    53.7,    17.6,    17.6,    30.0,    30.8,    14.5,    16.0,    25.3,    25.2,(CONTRACTS OF 10 METRIC TONS),073732,ICUS,073 ,A50,FutOnly
PALLADIUM - NEW YORK MERCANTILE EXCHANGE,260811,2026-08-11,075651,NYME,01,075 ,   18194,    1692,    1875,    6315,    2757,     222,    4464,    9411,     835,    2005,     974,     522,   16055,   16596,    2139,    1598,   18194,    1692,    1875,    6315,    2757,     222,    4464,    9411,     835,    2005,     974,     522,   16055,   16596,    2139,    1598,       0,       0,       0,       0,       0,       0,       0,       0,       0,       0,       0,       0,       0,       0,       0,       0,    -380,     141,     426,     -88,      70,    -472,     -59,    -570,     185,    -169,     -77,     170,    -292,    -268,     -88,    -112,  100.0,    9.3,   10.3,   34.7,   15.2,    1.2,   24.5,   51.7,    4.6,   11.0,    5.4,    2.9,   88.2,   91.2,   11.8,    8.8,  100.0,    9.3,   10.3,   34.7,   15.2,    1.2,   24.5,   51.7,    4.6,   11.0,    5.4,    2.9,   88.2,   91.2,   11.8,    8.8,  100.0,    0.0,    0.0,    0.0,    0.0,    0.0,    0.0,    0.0,    0.0,    0.0,    0.0,    0.0,    0.0,    0.0,    0.0,    0.0,    159,     10,     13,     15,     14,      9,     35,     32,     19,     25,     15,     11,    104,     99,    159,     10,     13,     15,     14,      9,     35,     32,     19,     25,     15,     11,    104,     99,      0,      0,      0,      0,      0,      0,      0,      0,      0,      0,      0,      0,      0,      0,    28.2,    28.0,    42.5,    41.2,    28.1,    27.6,    42.2,    40.8,    28.2,    28.0,    42.5,    41.2,    28.1,    27.6,    42.2,    40.8,     0.0,     0.0,     0.0,     0.0,     0.0,     0.0,     0.0,     0.0,(CONTRACTS OF 100 TROY OUNCES),075651,NYME,075 ,N20,FutOnly
PLATINUM - NEW YORK MERCANTILE EXCHANGE,260811,2026-08-11,076651,NYME,01,076 ,   56771,    1274,   12674,   16623,   23637,    1482,   15103,    7385,    3520,    8189,    2367,    2395,   48586,   53460,    8185,    3311,   56771,    1274,   12674,   16623,   23637,    1482,   15103,    7385,    3520,    8189,    2367,    2395,   48586,   53460,    8185,    3311,       0,       0,       0,       0,       0,       0,       0,       0,       0,       0,       0,       0,       0,       0,       0,       0,     923,      -6,     239,     920,     647,      90,   -1774,    1468,   -1050,    1915,    -106,    -116,     -21,    1172,     944,    -249,  100.0,    2.2,   22.3,   29.3,   41.6,    2.6,   26.6,   13.0,    6.2,   14.4,    4.2,    4.2,   85.6,   94.2,   14.4,    5.8,  100.0,    2.2,   22.3,   29.3,   41.6,    2.6,   26.6,   13.0,    6.2,   14.4,    4.2,    4.2,   85.6,   94.2,   14.4,    5.8,  100.0,    0.0,    0.0,    0.0,    0.0,    0.0,    0.0,    0.0,    0.0,    0.0,    0.0,    0.0,    0.0,    0.0,    0.0,    0.0,    209,     10,     21,     14,     17,      9,     47,     26,     23,     53,     18,     14,    151,    106,    209,     10,     21,     14,     17,      9,     47,     26,     23,     53,     18,     14,    151,    106,      0,      0,      0,      0,      0,      0,      0,      0,      0,      0,      0,      0,      0,      0,    20.0,    38.3,    30.7,    50.9,    19.4,    36.6,    30.1,    47.7,    20.0,    38.3,    30.7,    50.9,    19.4,    36.6,    30.1,    47.7,     0.0,     0.0,     0.0,     0.0,     0.0,     0.0,     0.0,     0.0,(CONTRACTS OF 50 TROY OUNCES),076651,NYME,076 ,N20,FutOnly
SUGAR NO. 11 - ICE FUTURES U.S.,260811,2026-08-11,080732,ICUS,01,080 , 1115157,  222939,  436601,  241945,   84205,   27736,  214826,  171242,  126246,  102554,  118751,   85528, 1021774, 1050309,   93383,   64848, 1115157,  222939,  436601,  241945,   84205,   27736,  214826,  171242,  126246,  102554,  118751,   85528, 1021774, 1050309,   93383,   64848,       0,       0,       0,       0,       0,       0,       0,       0,       0,       0,       0,       0,       0,       0,       0,       0,   59349,   -1003,   82739,   -4952,   26747,    5229,   27461, -103311,   -5348,   11619,   46536,   13760,   46766,   66352,   12583,   -7003,  100.0,   20.0,   39.2,   21.7,    7.6,    2.5,   19.3,   15.4,   11.3,    9.2,   10.6,    7.7,   91.6,   94.2,    8.4,    5.8,  100.0,   20.0,   39.2,   21.7,    7.6,    2.5,   19.3,   15.4,   11.3,    9.2,   10.6,    7.7,   91.6,   94.2,    8.4,    5.8,  100.0,    0.0,    0.0,    0.0,    0.0,    0.0,    0.0,    0.0,    0.0,    0.0,    0.0,    0.0,    0.0,    0.0,    0.0,    0.0,    300,     54,     55,     19,     11,     11,     59,     49,     59,     48,     41,     41,    248,    206,    300,     54,     55,     19,     11,     11,     59,     49,     59,     48,     41,     41,    248,    206,      0,      0,      0,      0,      0,      0,      0,      0,      0,      0,      0,      0,      0,      0,    14.0,    21.8,    23.2,    34.4,    11.8,    17.7,    19.5,    26.2,    14.0,    21.8,    23.2,    34.4,    11.8,    17.7,    19.5,    26.2,     0.0,     0.0,     0.0,     0.0,     0.0,     0.0,     0.0,     0.0,"(CONTRACTS OF 112,000 POUNDS)",080732,ICUS,080 ,A50,FutOnly
COFFEE C - ICE FUTURES U.S.,260811,2026-08-11,083731,ICUS,01,083 ,  173839,   40295,   71525,   24784,   22981,    4473,   42299,    9866,   26988,   10389,   15643,   16072,  165300,  167548,    8539,    6291,   35645,   12012,   14599,    4956,    6222,      77,   11926,    5545,     284,    4391,    6469,       0,   33646,   33196,    1999,    2449,  138194,   28283,   56926,   20114,   17045,    4110,   38003,   11951,   19074,    9598,   12774,   12472,  131654,  134352,    6540,    3842,    5025,    3921,    7178,    -502,   -1345,    1201,    1148,     156,    -509,    -112,   -1444,    -701,    4446,    4536,     579,     489,  100.0,   23.2,   41.1,   14.3,   13.2,    2.6,   24.3,    5.7,   15.5,    6.0,    9.0,    9.2,   95.1,   96.4,    4.9,    3.6,  100.0,   33.7,   41.0,   13.9,   17.5,    0.2,   33.5,   15.6,    0.8,   12.3,   18.1,    0.0,   94.4,   93.1,    5.6,    6.9,  100.0,   20.5,   41.2,   14.6,   12.3,    3.0,   27.5,    8.6,   13.8,    6.9,    9.2,    9.0,   95.3,   97.2,    4.7,    2.8,    335,     81,     88,     17,     22,     21,     72,     29,     56,     45,     41,     47,    277,    254,    249,     33,     62,     19,     16,.,     39,     24,     15,     33,     29,      0,    131,    141,    320,     73,     77,     17,     22,     15,     72,     27,     45,     40,     42,     34,    248,    221,    12.0,    16.8,    21.3,    27.1,     9.3,    12.0,    15.3,    18.3,    37.2,    23.5,    51.3,    40.1,    37.2,    23.5,    51.2,    39.7,    12.4,    18.9,    22.2,    28.7,     9.5,    16.2,    16.6,    23.1,"(CONTRACTS OF 37,500 POUNDS)",083731,ICUS,083 ,A50,FutOnly
SILVER - COMMODITY EXCHANGE INC.,260811,2026-08-11,084691,CMX ,01,084 ,  115127,    5452,   21398,   22533,   50561,    3816,   19956,    8798,    7311,   19319,    6831,    7635,   86022,  106350,   29105,    8777,  115127,    5452,   21398,   22533,   50561,    3816,   19956,    8798,    7311,   19319,    6831,    7635,   86022,  106350,   29105,    8777,       0,       0,       0,       0,       0,       0,       0,       0,       0,       0,       0,       0,       0,       0,       0,       0,    3128,    -699,    2167,     431,    1117,   -1049,    -509,     307,   -3663,    3330,    1148,    2689,     530,    2716,    2598,     412,  100.0,    4.7,   18.6,   19.6,   43.9,    3.3,   17.3,    7.6,    6.4,   16.8,    5.9,    6.6,   74.7,   92.4,   25.3,    7.6,  100.0,    4.7,   18.6,   19.6,   43.9,    3.3,   17.3,    7.6,    6.4,   16.8,    5.9,    6.6,   74.7,   92.4,   25.3,    7.6,  100.0,    0.0,    0.0,    0.0,    0.0,    0.0,    0.0,    0.0,    0.0,    0.0,    0.0,    0.0,    0.0,    0.0,    0.0,    0.0,    167,      8,     14,     15,     16,     15,     34,     12,     20,     52,     17,     19,    136,     87,    167,      8,     14,     15,     16,     15,     34,     12,     20,     52,     17,     19,    136,     87,      0,      0,      0,      0,      0,      0,      0,      0,      0,      0,      0,      0,      0,      0,    12.6,    29.8,    22.9,    45.7,    12.5,    28.3,    21.3,    42.7,    12.6,    29.8,    22.9,    45.7,    12.5,    28.3,    21.3,    42.7,     0.0,     0.0,     0.0,     0.0,     0.0,     0.0,     0.0,     0.0,"(CONTRACTS OF 5,000 TROY OUNCES)",084691,CMX ,084 ,N20,FutOnly
COPPER- #1 - COMMODITY EXCHANGE INC.,260811,2026-08-11,085692,CMX ,01,085 ,  297047,   30850,  128367,   52614,   46343,    9131,   93911,   14884,   35300,   20551,   19190,   33366,  275723,  286581,   21324,   10466,  297047,   30850,  128367,   52614,   46343,    9131,   93911,   14884,   35300,   20551,   19190,   33366,  275723,  286581,   21324,   10466,       0,       0,       0,       0,       0,       0,       0,       0,       0,       0,       0,       0,       0,       0,       0,       0,    7652,    8996,   13669,   -1366,    -962,     294,     738,   -2531,   -4310,    -580,    -576,    2496,    6268,    8080,    1384,    -428,  100.0,   10.4,   43.2,   17.7,   15.6,    3.1,   31.6,    5.0,   11.9,    6.9,    6.5,   11.2,   92.8,   96.5,    7.2,    3.5,  100.0,   10.4,   43.2,   17.7,   15.6,    3.1,   31.6,    5.0,   11.9,    6.9,    6.5,   11.2,   92.8,   96.5,    7.2,    3.5,  100.0,    0.0,    0.0,    0.0,    0.0,    0.0,    0.0,    0.0,    0.0,    0.0,    0.0,    0.0,    0.0,    0.0,    0.0,    0.0,    290,     32,     36,     20,     13,     19,     86,     17,     43,     64,     44,     38,    251,    168,    290,     32,     36,     20,     13,     19,     86,     17,     43,     64,     44,     38,    251,    168,      0,      0,      0,      0,      0,      0,      0,      0,      0,      0,      0,      0,      0,      0,    16.3,    29.4,    27.2,    43.6,    15.2,    25.7,    23.3,    38.3,    16.3,    29.4,    27.2,    43.6,    15.2,    25.7,    23.3,    38.3,     0.0,     0.0,     0.0,     0.0,     0.0,     0.0,     0.0,     0.0,"(CONTRACTS OF 25,000 POUNDS)",085692,CMX ,085 ,N25,FutOnly
GOLD - COMMODITY EXCHANGE INC.,260811,2026-08-11,088691,CMX ,01,088 ,  400309,   15716,   43651,   19092,  243797,   34577,  148634,   10972,   14003,  102302,   22024,   14934,  349258,  383958,   51051,   16351,  400309,   15716,   43651,   19092,  243797,   34577,  148634,   10972,   14003,  102302,   22024,   14934,  349258,  383958,   51051,   16351,       0,       0,       0,       0,       0,       0,       0,       0,       0,       0,       0,       0,       0,       0,       0,       0,   28758,     -22,    9057,   -1661,   15409,    -764,    8825,    1929,   -3499,   15098,    1688,    4261,   22238,   28081,    6520,     677,  100.0,    3.9,   10.9,    4.8,   60.9,    8.6,   37.1,    2.7,    3.5,   25.6,    5.5,    3.7,   87.2,   95.9,   12.8,    4.1,  100.0,    3.9,   10.9,    4.8,   60.9,    8.6,   37.1,    2.7,    3.5,   25.6,    5.5,    3.7,   87.2,   95.9,   12.8,    4.1,  100.0,    0.0,    0.0,    0.0,    0.0,    0.0,    0.0,    0.0,    0.0,    0.0,    0.0,    0.0,    0.0,    0.0,    0.0,    0.0,    297,     15,     16,     13,     29,     27,     88,     18,     38,     84,     39,     37,    250,    156,    297,     15,     16,     13,     29,     27,     88,     18,     38,     84,     39,     37,    250,    156,      0,      0,      0,      0,      0,      0,      0,      0,      0,      0,      0,      0,      0,      0,    20.8,    38.6,    29.6,    57.0,    19.4,    37.7,    26.3,    54.4,    20.8,    38.6,    29.6,    57.0,    19.4,    37.7,    26.3,    54.4,     0.0,     0.0,     0.0,     0.0,     0.0,     0.0,     0.0,     0.0,(CONTRACTS OF 100 TROY OUNCES),088691,CMX ,088 ,N20,FutOnly
MICRO GOLD - COMMODITY EXCHANGE INC.,260811,2026-08-11,088695,CMX ,01,088 ,   61412,     242,       0,    6755,       0,       0,     577,     202,      64,   13601,   28913,    5825,   27064,   35004,   34348,   26408,   61412,     242,       0,    6755,       0,       0,     577,     202,      64,   13601,   28913,    5825,   27064,   35004,   34348,   26408,       0,       0,       0,       0,       0,       0,       0,       0,       0,       0,       0,       0,       0,       0,       0,       0,    5904,       0,       0,     -55,       0,       0,    -554,     202,     -30,    3221,    2808,      70,    2652,    3050,    3252,    2854,  100.0,    0.4,    0.0,   11.0,    0.0,    0.0,    0.9,    0.3,    0.1,   22.1,   47.1,    9.5,   44.1,   57.0,   55.9,   43.0,  100.0,    0.4,    0.0,   11.0,    0.0,    0.0,    0.9,    0.3,    0.1,   22.1,   47.1,    9.5,   44.1,   57.0,   55.9,   43.0,  100.0,    0.0,    0.0,    0.0,    0.0,    0.0,    0.0,    0.0,    0.0,    0.0,    0.0,    0.0,    0.0,    0.0,    0.0,    0.0,     37,.,      0,.,      0,      0,.,.,.,     16,     13,     13,     29,     22,     37,.,      0,.,      0,      0,.,.,.,     16,     13,     13,     29,     22,      0,      0,      0,      0,      0,      0,      0,      0,      0,      0,      0,      0,      0,      0,    22.7,    44.5,    30.9,    52.0,    21.0,    42.6,    26.9,    45.7,    22.7,    44.5,    30.9,    52.0,    21.0,    42.6,    26.9,    45.7,     0.0,     0.0,     0.0,     0.0,     0.0,     0.0,     0.0,     0.0,(CONTRACTS OF 10 TROY OUNCES),088695,CMX ,088 ,N20,FutOnly
GASOLINE CRK-RBOB/BRENT 1st - ICE FUTURES ENERGY DIV,260811,2026-08-11,111415,IFED,01,111 ,   12354,    3653,    6722,     813,    1468,     651,       0,       0,       0,    5820,     995,     305,   11242,   10141,    1112,    2213,   12354,    3653,    6722,     813,    1468,     651,       0,       0,       0,    5820,     995,     305,   11242,   10141,    1112,    2213,       0,       0,       0,       0,       0,       0,       0,       0,       0,       0,       0,       0,       0,       0,       0,       0,    1780,     200,    1741,     270,     320,     -21,       0,       0,       0,    1566,       0,    -260,    1755,    1780,      25,       0,  100.0,   29.6,   54.4,    6.6,   11.9,    5.3,    0.0,    0.0,    0.0,   47.1,    8.1,    2.5,   91.0,   82.1,    9.0,   17.9,  100.0,   29.6,   54.4,    6.6,   11.9,    5.3,    0.0,    0.0,    0.0,   47.1,    8.1,    2.5,   91.0,   82.1,    9.0,   17.9,  100.0,    0.0,    0.0,    0.0,    0.0,    0.0,    0.0,    0.0,    0.0,    0.0,    0.0,    0.0,    0.0,    0.0,    0.0,    0.0,     20,      9,     10,.,.,.,      0,      0,      0,      4,.,      4,     16,     17,     20,      9,     10,.,.,.,      0,      0,      0,      4,.,      4,     16,     17,      0,      0,      0,      0,      0,      0,      0,      0,      0,      0,      0,      0,      0,      0,    59.8,    42.5,    82.7,    64.2,    57.6,    40.4,    72.6,    61.0,    59.8,    42.5,    82.7,    64.2,    57.6,    40.4,    72.6,    61.0,     0.0,     0.0,     0.0,     0.0,     0.0,     0.0,     0.0,     0.0,1000 Barrels,111415,IFED,111 ,N10,FutOnly
GASOLINE RBOB - NEW YORK MERCANTILE EXCHANGE,260811,2026-08-11,111659,NYME,01,111 ,  325194,   71588,  161300,   48297,   25227,   10177,   82232,   12381,   44609,   10695,   26246,   31829,  299427,  311769,   25767,   13425,  325194,   71588,  161300,   48297,   25227,   10177,   82232,   12381,   44609,   10695,   26246,   31829,  299427,  311769,   25767,   13425,       0,       0,       0,       0,       0,       0,       0,       0,       0,       0,       0,       0,       0,       0,       0,       0,   20763,   16489,   11525,     565,    1872,    -281,    -350,    -316,    7636,   -1054,    2919,   -2767,   20238,   20588,     525,     175,  100.0,   22.0,   49.6,   14.9,    7.8,    3.1,   25.3,    3.8,   13.7,    3.3,    8.1,    9.8,   92.1,   95.9,    7.9,    4.1,  100.0,   22.0,   49.6,   14.9,    7.8,    3.1,   25.3,    3.8,   13.7,    3.3,    8.1,    9.8,   92.1,   95.9,    7.9,    4.1,  100.0,    0.0,    0.0,    0.0,    0.0,    0.0,    0.0,    0.0,    0.0,    0.0,    0.0,    0.0,    0.0,    0.0,    0.0,    0.0,    244,     64,     81,     15,     10,     16,     65,     15,     48,     19,     23,     33,    212,    185,    244,     64,     81,     15,     10,     16,     65,     15,     48,     19,     23,     33,    212,    185,      0,      0,      0,      0,      0,      0,      0,      0,      0,      0,      0,      0,      0,      0,    12.5,    15.0,    22.0,    24.5,     8.9,    12.5,    15.8,    20.3,    12.5,    15.0,    22.0,    24.5,     8.9,    12.5,    15.8,    20.3,     0.0,     0.0,     0.0,     0.0,     0.0,     0.0,     0.0,     0.0,"(CONTRACTS OF 42,000 U.S. GALLONS)",111659,NYME,111 ,N10,FutOnly
GULF COAST CBOB GAS A2 PL RBOB - NEW YORK MERCANTILE EXCHANGE,260811,2026-08-11,111A34,NYME,01,111 ,   20104,   17660,   11785,       0,    4219,       0,     815,       0,     450,       0,       0,       0,   18925,   16454,    1179,    3650,   20104,   17660,   11785,       0,    4219,       0,     815,       0,     450,       0,       0,       0,   18925,   16454,    1179,    3650,       0,       0,       0,       0,       0,       0,       0,       0,       0,       0,       0,       0,       0,       0,       0,       0,   -1579,   -1165,   -1420,       0,    -394,       0,    -300,       0,       0,       0,       0,       0,   -1465,   -1814,    -114,     235,  100.0,   87.8,   58.6,    0.0,   21.0,    0.0,    4.1,    0.0,    2.2,    0.0,    0.0,    0.0,   94.1,   81.8,    5.9,   18.2,  100.0,   87.8,   58.6,    0.0,   21.0,    0.0,    4.1,    0.0,    2.2,    0.0,    0.0,    0.0,   94.1,   81.8,    5.9,   18.2,  100.0,    0.0,    0.0,    0.0,    0.0,    0.0,    0.0,    0.0,    0.0,    0.0,    0.0,    0.0,    0.0,    0.0,    0.0,    0.0,     21,     17,     14,      0,.,      0,.,      0,.,      0,      0,      0,     18,     16,     21,     17,     14,      0,.,      0,.,      0,.,      0,      0,      0,     18,     16,      0,      0,      0,      0,      0,      0,      0,      0,      0,      0,      0,      0,      0,      0,    47.4,    49.7,    72.2,    66.6,    41.5,    45.9,    58.5,    54.5,    47.4,    49.7,    72.2,    66.6,    41.5,    45.9,    58.5,    54.5,     0.0,     0.0,     0.0,     0.0,     0.0,     0.0,     0.0,     0.0,"(CONTRACTS OF 42,000 GALLONS)",111A34,NYME,111 ,N10,FutOnly
CANOLA - ICE FUTURES U.S.,260811,2026-08-11,135731,ICUS,01,135 ,  308472,  137379,  169640,    9572,   24216,    3291,  100331,   43685,   25225,   15528,   24693,   14869,  306195,  305619,    2277,    2853,  304187,  134218,  168938,    9572,   21154,    3291,  100320,   43590,   25224,   15422,   25173,   13965,  302012,  301335,    2175,    2852,    4285,    3161,     702,       0,    3062,       0,      12,      96,       0,     961,     375,      49,    4183,    4284,     102,       1,   10216,   12725,   -2213,    -138,       3,    1161,   -5430,    7424,     312,    1667,    3676,     320,   10617,   10683,    -401,    -467,  100.0,   44.5,   55.0,    3.1,    7.9,    1.1,   32.5,   14.2,    8.2,    5.0,    8.0,    4.8,   99.3,   99.1,    0.7,    0.9,  100.0,   44.1,   55.5,    3.1,    7.0,    1.1,   33.0,   14.3,    8.3,    5.1,    8.3,    4.6,   99.3,   99.1,    0.7,    0.9,  100.0,   73.8,   16.4,    0.0,   71.5,    0.0,    0.3,    2.2,    0.0,   22.4,    8.8,    1.1,   97.6,  100.0,    2.4,    0.0,    344,     37,     76,      6,      9,.,     65,     41,     27,     50,     64,     41,    205,    233,    343,     35,     75,      6,      9,.,     64,     42,     27,     49,     68,     39,    201,    232,     32,      8,      8,      0,.,      0,.,.,      0,      7,      4,      4,     18,     18,    29.0,    25.6,    47.3,    41.5,    25.5,    25.2,    40.5,    37.9,    28.9,    24.9,    47.2,    41.1,    25.4,    24.6,    40.6,    37.5,    76.5,    90.0,    93.2,    95.6,    75.6,    90.0,    92.1,    95.5,(20 Metric Tonnes),135731,ICUS,135 ,A30,FutOnly
COBALT - COMMODITY EXCHANGE INC.,260811,2026-08-11,188691,CMX ,01,188 ,   14576,    2133,    4318,    4440,    1699,     318,    2198,    2757,    2237,    2615,    2212,     156,   14097,   13697,     479,     879,   14576,    2133,    4318,    4440,    1699,     318,    2198,    2757,    2237,    2615,    2212,     156,   14097,   13697,     479,     879,       0,       0,       0,       0,       0,       0,       0,       0,       0,       0,       0,       0,       0,       0,       0,       0,    -927,     -28,     192,     -87,     -79,       4,    -176,    -448,    -237,    -337,    -297,     -22,    -883,    -887,     -44,     -40,  100.0,   14.6,   29.6,   30.5,   11.7,    2.2,   15.1,   18.9,   15.3,   17.9,   15.2,    1.1,   96.7,   94.0,    3.3,    6.0,  100.0,   14.6,   29.6,   30.5,   11.7,    2.2,   15.1,   18.9,   15.3,   17.9,   15.2,    1.1,   96.7,   94.0,    3.3,    6.0,  100.0,    0.0,    0.0,    0.0,    0.0,    0.0,    0.0,    0.0,    0.0,    0.0,    0.0,    0.0,    0.0,    0.0,    0.0,    0.0,     39,      6,     13,      5,.,      6,      6,      4,      6,.,      5,.,     28,     32,     39,      6,     13,      5,.,      6,      6,      4,      6,.,      5,.,     28,     32,      0,      0,      0,      0,      0,      0,      0,      0,      0,      0,      0,      0,      0,      0,    46.3,    46.4,    76.4,    68.6,    41.8,    45.1,    64.5,    60.2,    46.3,    46.4,    76.4,    68.6,    41.8,    45.1,    64.5,    60.2,     0.0,     0.0,     0.0,     0.0,     0.0,     0.0,     0.0,     0.0,"2,204.62 pounds (1 Metric Ton)",188691,CMX ,188 ,N25,FutOnly
LITHIUM HYDROXIDE  - COMMODITY EXCHANGE INC.,260811,2026-08-11,189691,CMX ,01,189 ,   17777,     709,    3347,   11632,    2553,     341,    2222,     741,     253,     411,    8242,    1944,   17512,   17421,     265,     356,   17777,     709,    3347,   11632,    2553,     341,    2222,     741,     253,     411,    8242,    1944,   17512,   17421,     265,     356,       0,       0,       0,       0,       0,       0,       0,       0,       0,       0,       0,       0,       0,       0,       0,       0,   -1682,     114,    -118,   -1540,       0,     105,    -162,       6,      44,     -10,    -590,    -253,   -1702,    -806,      20,    -876,  100.0,    4.0,   18.8,   65.4,   14.4,    1.9,   12.5,    4.2,    1.4,    2.3,   46.4,   10.9,   98.5,   98.0,    1.5,    2.0,  100.0,    4.0,   18.8,   65.4,   14.4,    1.9,   12.5,    4.2,    1.4,    2.3,   46.4,   10.9,   98.5,   98.0,    1.5,    2.0,  100.0,    0.0,    0.0,    0.0,    0.0,    0.0,    0.0,    0.0,    0.0,    0.0,    0.0,    0.0,    0.0,    0.0,    0.0,    0.0,     38,      5,      6,      8,.,      4,      4,.,      4,.,     14,      6,     28,     29,     38,      5,      6,      8,.,      4,      4,.,      4,.,     14,      6,     28,     29,      0,      0,      0,      0,      0,      0,      0,      0,      0,      0,      0,      0,      0,      0,    60.2,    53.5,    82.1,    73.0,    59.0,    44.8,    75.2,    64.3,    60.2,    53.5,    82.1,    73.0,    59.0,    44.8,    75.2,    64.3,     0.0,     0.0,     0.0,     0.0,     0.0,     0.0,     0.0,     0.0,(1000) Kilograms,189691,CMX ,189 ,N25,FutOnly
ALUMINUM MWP - COMMODITY EXCHANGE INC.,260811,2026-08-11,191693,CMX ,01,191 ,   28090,    6977,   18840,   16169,    3427,     874,       0,     269,     154,    3062,    3613,     723,   27959,   27900,     131,     190,   28090,    6977,   18840,   16169,    3427,     874,       0,     269,     154,    3062,    3613,     723,   27959,   27900,     131,     190,       0,       0,       0,       0,       0,       0,       0,       0,       0,       0,       0,       0,       0,       0,       0,       0,     408,     225,     243,      10,      82,      59,       0,      21,       0,      50,     -35,      60,     404,     430,       4,     -22,  100.0,   24.8,   67.1,   57.6,   12.2,    3.1,    0.0,    1.0,    0.5,   10.9,   12.9,    2.6,   99.5,   99.3,    0.5,    0.7,  100.0,   24.8,   67.1,   57.6,   12.2,    3.1,    0.0,    1.0,    0.5,   10.9,   12.9,    2.6,   99.5,   99.3,    0.5,    0.7,  100.0,    0.0,    0.0,    0.0,    0.0,    0.0,    0.0,    0.0,    0.0,    0.0,    0.0,    0.0,    0.0,    0.0,    0.0,    0.0,     55,     11,     21,     13,.,      7,      0,.,.,      4,     10,      4,     32,     45,     55,     11,     21,     13,.,      7,      0,.,.,      4,     10,      4,     32,     45,      0,      0,      0,      0,      0,      0,      0,      0,      0,      0,      0,      0,      0,      0,    40.5,    48.1,    65.7,    73.1,    40.4,    47.9,    65.3,    71.7,    40.5,    48.1,    65.7,    73.1,    40.4,    47.9,    65.3,    71.7,     0.0,     0.0,     0.0,     0.0,     0.0,     0.0,     0.0,     0.0,"(55,116 US Pounds-25 MT)",191693,CMX ,191 ,N25,FutOnly
ALUMINIUM EURO PREM DUTY-PAID - COMMODITY EXCHANGE INC.,260811,2026-08-11,191696,CMX ,01,191 ,   12721,    2950,    7098,    6604,    1360,     196,       0,     802,     103,    2366,    2891,       0,   12219,   12450,     502,     271,   12721,    2950,    7098,    6604,    1360,     196,       0,     802,     103,    2366,    2891,       0,   12219,   12450,     502,     271,       0,       0,       0,       0,       0,       0,       0,       0,       0,       0,       0,       0,       0,       0,       0,       0,     811,     211,     236,     625,       0,       0,       0,     575,       0,     -85,       0,       0,     751,     811,      60,       0,  100.0,   23.2,   55.8,   51.9,   10.7,    1.5,    0.0,    6.3,    0.8,   18.6,   22.7,    0.0,   96.1,   97.9,    3.9,    2.1,  100.0,   23.2,   55.8,   51.9,   10.7,    1.5,    0.0,    6.3,    0.8,   18.6,   22.7,    0.0,   96.1,   97.9,    3.9,    2.1,  100.0,    0.0,    0.0,    0.0,    0.0,    0.0,    0.0,    0.0,    0.0,    0.0,    0.0,    0.0,    0.0,    0.0,    0.0,    0.0,     29,      7,      9,      5,.,.,      0,.,.,      5,      4,      0,     18,     18,     29,      7,      9,      5,.,.,      0,.,.,      5,      4,      0,     18,     18,      0,      0,      0,      0,      0,      0,      0,      0,      0,      0,      0,      0,      0,      0,    57.7,    49.4,    81.0,    77.0,    57.7,    46.1,    78.8,    70.2,    57.7,    49.4,    81.0,    77.0,    57.7,    46.1,    78.8,    70.2,     0.0,     0.0,     0.0,     0.0,     0.0,     0.0,     0.0,     0.0,(25 METRIC TONS),191696,CMX ,191 ,N25,FutOnly
STEEL-HRC - COMMODITY EXCHANGE INC.,260811,2026-08-11,192651,CMX ,01,192 ,   41670,   13426,   35997,   13349,     125,     330,    8809,     944,     568,    2780,    1579,    2029,   41291,   41572,     379,      98,   41670,   13426,   35997,   13349,     125,     330,    8809,     944,     568,    2780,    1579,    2029,   41291,   41572,     379,      98,       0,       0,       0,       0,       0,       0,       0,       0,       0,       0,       0,       0,       0,       0,       0,       0,    1508,     263,    1667,     738,     -25,      97,     675,    -176,    -421,      49,     305,      29,    1430,    1476,      78,      32,  100.0,   32.2,   86.4,   32.0,    0.3,    0.8,   21.1,    2.3,    1.4,    6.7,    3.8,    4.9,   99.1,   99.8,    0.9,    0.2,  100.0,   32.2,   86.4,   32.0,    0.3,    0.8,   21.1,    2.3,    1.4,    6.7,    3.8,    4.9,   99.1,   99.8,    0.9,    0.2,  100.0,    0.0,    0.0,    0.0,    0.0,    0.0,    0.0,    0.0,    0.0,    0.0,    0.0,    0.0,    0.0,    0.0,    0.0,    0.0,     72,     22,     16,      7,.,.,     14,.,.,     12,      9,      9,     61,     36,     72,     22,     16,      7,.,.,     14,.,.,     12,      9,      9,     61,     36,      0,      0,      0,      0,      0,      0,      0,      0,      0,      0,      0,      0,      0,      0,    37.6,    81.8,    58.0,    88.3,    36.8,    77.9,    56.1,    82.1,    37.6,    81.8,    58.0,    88.3,    36.8,    77.9,    56.1,    82.1,     0.0,     0.0,     0.0,     0.0,     0.0,     0.0,     0.0,     0.0,(CONTRACTS OF 20 SHORT TONS),192651,CMX ,192 ,N25,FutOnly
NORTH EURO HOT-ROLL COIL STEEL - COMMODITY EXCHANGE INC.,260811,2026-08-11,192691,CMX ,01,192 ,    9545,    4866,    7325,     381,     300,      54,    1594,       0,    1025,    1402,     723,      40,    9362,    9467,     183,      78,    9545,    4866,    7325,     381,     300,      54,    1594,       0,    1025,    1402,     723,      40,    9362,    9467,     183,      78,       0,       0,       0,       0,       0,       0,       0,       0,       0,       0,       0,       0,       0,       0,       0,       0,   -1520,    -169,   -1406,     -64,     -75,       0,   -1095,       0,     -40,    -139,      13,       0,   -1507,   -1508,     -13,     -12,  100.0,   51.0,   76.7,    4.0,    3.1,    0.6,   16.7,    0.0,   10.7,   14.7,    7.6,    0.4,   98.1,   99.2,    1.9,    0.8,  100.0,   51.0,   76.7,    4.0,    3.1,    0.6,   16.7,    0.0,   10.7,   14.7,    7.6,    0.4,   98.1,   99.2,    1.9,    0.8,  100.0,    0.0,    0.0,    0.0,    0.0,    0.0,    0.0,    0.0,    0.0,    0.0,    0.0,    0.0,    0.0,    0.0,    0.0,    0.0,     23,     10,      5,.,.,.,.,      0,.,.,.,.,     20,     11,     23,     10,      5,.,.,.,.,      0,.,.,.,.,     20,     11,      0,      0,      0,      0,      0,      0,      0,      0,      0,      0,      0,      0,      0,      0,    78.8,    87.4,    89.6,    98.3,    64.3,    77.8,    72.3,    78.6,    78.8,    87.4,    89.6,    98.3,    64.3,    77.8,    72.3,    78.6,     0.0,     0.0,     0.0,     0.0,     0.0,     0.0,     0.0,     0.0,(20 Metric Tons),192691,CMX ,192 ,N25,FutOnly
PGP PROPYLENE (PCW) CAL - NEW YORK MERCANTILE EXCHANGE,260811,2026-08-11,406651,NYME,01,406 ,    7012,    1316,     790,    2702,     101,      10,     473,       0,       0,    1368,    5022,     945,    6814,    6868,     198,     144,    7012,    1316,     790,    2702,     101,      10,     473,       0,       0,    1368,    5022,     945,    6814,    6868,     198,     144,       0,       0,       0,       0,       0,       0,       0,       0,       0,       0,       0,       0,       0,       0,       0,       0,    -644,      -2,    -278,    -280,      27,     -27,     -95,       0,       0,    -287,    -418,      52,    -639,    -644,      -5,       0,  100.0,   18.8,   11.3,   38.5,    1.4,    0.1,    6.7,    0.0,    0.0,   19.5,   71.6,   13.5,   97.2,   97.9,    2.8,    2.1,  100.0,   18.8,   11.3,   38.5,    1.4,    0.1,    6.7,    0.0,    0.0,   19.5,   71.6,   13.5,   97.2,   97.9,    2.8,    2.1,  100.0,    0.0,    0.0,    0.0,    0.0,    0.0,    0.0,    0.0,    0.0,    0.0,    0.0,    0.0,    0.0,    0.0,    0.0,    0.0,     20,      5,      5,.,.,.,.,      0,      0,      4,      5,      7,     18,     14,     20,      5,      5,.,.,.,.,      0,      0,      4,      5,      7,     18,     14,      0,      0,      0,      0,      0,      0,      0,      0,      0,      0,      0,      0,      0,      0,    53.6,    83.3,    79.7,    92.2,    52.6,    75.8,    73.7,    80.6,    53.6,    83.3,    79.7,    92.2,    52.6,    75.8,    73.7,    80.6,     0.0,     0.0,     0.0,     0.0,     0.0,     0.0,     0.0,     0.0,"(CONTRACTS OF 100,000 POUNDS)",406651,NYME,406 ,N40,FutOnly
GULF JET NY HEAT OIL SPR - NEW YORK MERCANTILE EXCHANGE,260811,2026-08-11,86465A,NYME,01,864 ,   12106,    7419,   12018,    4309,       0,      88,       0,       0,       0,     100,       0,       0,   11916,   12106,     190,       0,   12106,    7419,   12018,    4309,       0,      88,       0,       0,       0,     100,       0,       0,   11916,   12106,     190,       0,       0,       0,       0,       0,       0,       0,       0,       0,       0,       0,       0,       0,       0,       0,       0,       0,   -3757,   -2216,   -3744,   -1048,       0,      65,       0,       0,       0,     -50,       0,       0,   -3249,   -3679,    -508,     -78,  100.0,   61.3,   99.3,   35.6,    0.0,    0.7,    0.0,    0.0,    0.0,    0.8,    0.0,    0.0,   98.4,  100.0,    1.6,    0.0,  100.0,   61.3,   99.3,   35.6,    0.0,    0.7,    0.0,    0.0,    0.0,    0.8,    0.0,    0.0,   98.4,  100.0,    1.6,    0.0,  100.0,    0.0,    0.0,    0.0,    0.0,    0.0,    0.0,    0.0,    0.0,    0.0,    0.0,    0.0,    0.0,    0.0,    0.0,    0.0,     33,     19,     17,      8,      0,.,      0,      0,      0,.,      0,      0,     28,     20,     33,     19,     17,      8,      0,.,      0,      0,      0,.,      0,      0,     28,     20,      0,      0,      0,      0,      0,      0,      0,      0,      0,      0,      0,      0,      0,      0,    45.1,    77.5,    67.4,    88.7,    35.6,    62.5,    51.1,    67.9,    45.1,    77.5,    67.4,    88.7,    35.6,    62.5,    51.1,    67.9,     0.0,     0.0,     0.0,     0.0,     0.0,     0.0,     0.0,     0.0,"(CONTRACTS OF 42,000 GALLONS)",86465A,NYME,864 ,N10,FutOnly
GULF # 6 FUEL OIL CRACK - NEW YORK MERCANTILE EXCHANGE,260811,2026-08-11,86565A,NYME,01,865 ,   10102,    4952,    6330,    1115,       0,    1075,    1215,     200,     225,     190,     952,    1320,   10092,   10102,      10,       0,   10102,    4952,    6330,    1115,       0,    1075,    1215,     200,     225,     190,     952,    1320,   10092,   10102,      10,       0,       0,       0,       0,       0,       0,       0,       0,       0,       0,       0,       0,       0,       0,       0,       0,       0,   -1155,    -970,    -395,      65,    -135,     -65,     -65,     -25,       0,       0,    -405,    -130,   -1165,   -1155,      10,       0,  100.0,   49.0,   62.7,   11.0,    0.0,   10.6,   12.0,    2.0,    2.2,    1.9,    9.4,   13.1,   99.9,  100.0,    0.1,    0.0,  100.0,   49.0,   62.7,   11.0,    0.0,   10.6,   12.0,    2.0,    2.2,    1.9,    9.4,   13.1,   99.9,  100.0,    0.1,    0.0,  100.0,    0.0,    0.0,    0.0,    0.0,    0.0,    0.0,    0.0,    0.0,    0.0,    0.0,    0.0,    0.0,    0.0,    0.0,    0.0,     30,     15,     11,      4,      0,.,.,.,.,.,      5,.,     25,     20,     30,     15,     11,      4,      0,.,.,.,.,.,      5,.,     25,     20,      0,      0,      0,      0,      0,      0,      0,      0,      0,      0,      0,      0,      0,      0,    53.5,    55.7,    77.3,    79.9,    29.4,    30.3,    41.3,    41.5,    53.5,    55.7,    77.3,    79.9,    29.4,    30.3,    41.3,    41.5,     0.0,     0.0,     0.0,     0.0,     0.0,     0.0,     0.0,     0.0,"(CONTRACTS OF 1,000 BARRELS)",86565A,NYME,865 ,N10,FutOnly
