WHEAT-SRW - CHICAGO BOARD OF TRADE,260721,2026-07-21,001602,CBT ,00,001 ,  455433,   70786,  125612,   82478,   15465,   22437,   74206,   92605,  111106,   35369,   23979,   25797,  422179,  417001,   33254,   38432,  428624,   68702,  114307,   77829,   15190,   21750,   68197,   94396,  103047,   35776,   24491,   21553,  396854,  394734,   31770,   33890,   26809,    2084,   11305,    5215,     841,     121,   12784,    4984,    1284,    2117,    2012,    1720,   25325,   22267,    1484,    4542,   26135,    3133,   12318,    2247,   -3491,    -986,   -1814,  -18302,   27404,   -6491,     667,    4129,   27622,   21739,   -1487,    4396,  100.0,   15.5,   27.6,   18.1,    3.4,    4.9,   16.3,   20.3,   24.4,    7.8,    5.3,    5.7,   92.7,   91.6,    7.3,    8.4,  100.0,   16.0,   26.7,   18.2,    3.5,    5.1,   15.9,   22.0,   24.0,    8.3,    5.7,    5.0,   92.6,   92.1,    7.4,    7.9,  100.0,    7.8,   42.2,   19.5,    3.1,    0.5,   47.7,   18.6,    4.8,    7.9,    7.5,    6.4,   94.5,   83.1,    5.5,   16.9,    383,     66,     95,     24,      8,     14,     67,     53,     71,     65,     46,     47,    294,    271,    381,     62,     92,     24,      8,     13,     66,     54,     67,     64,     48,     43,    283,    264,    147,     15,     62,     12,      5,.,     18,     12,      6,     10,     19,     12,     67,    109,    13.5,    12.8,    21.2,    22.5,     7.5,     7.8,    13.2,    12.5,    14.0,    13.3,    21.7,    23.3,     7.1,     8.9,    12.9,    13.5,    45.5,    19.9,    61.1,    33.9,    43.0,    19.4,    55.4,    31.1,"(CONTRACTS OF 5,000 BUSHELS)",001602,CBT ,001 ,A10,FutOnly
WHEAT-HRW - CHICAGO BOARD OF TRADE,260721,2026-07-21,001612,CBT ,00,001 ,  294133,   28724,  119103,   82579,    4922,    2760,   65425,   38715,   62160,    8008,   20418,   24998,  274654,  273076,   19479,   21057,  278464,   26901,  114840,   80279,    4820,    2481,   63665,   40915,   55960,   10006,   20656,   20424,  259716,  260096,   18748,   18368,   15669,    1823,    4263,    2572,     374,       7,    7289,    3329,     671,     921,    2681,    1655,   14938,   12980,     731,    2689,   26196,    -312,   15690,    1725,   -1582,    -202,    3745,   -9176,   12897,     839,    1229,    7022,   25714,   25878,     482,     318,  100.0,    9.8,   40.5,   28.1,    1.7,    0.9,   22.2,   13.2,   21.1,    2.7,    6.9,    8.5,   93.4,   92.8,    6.6,    7.2,  100.0,    9.7,   41.2,   28.8,    1.7,    0.9,   22.9,   14.7,   20.1,    3.6,    7.4,    7.3,   93.3,   93.4,    6.7,    6.6,  100.0,   11.6,   27.2,   16.4,    2.4,    0.0,   46.5,   21.2,    4.3,    5.9,   17.1,   10.6,   95.3,   82.8,    4.7,   17.2,    266,     53,     87,     20,      4,     11,     52,     32,     47,     19,     33,     29,    188,    207,    264,     52,     86,     19,      5,     11,     50,     33,     47,     25,     30,     26,    185,    204,    117,      9,     53,     10,      4,.,     12,     10,      4,      5,     15,     10,     46,     88,    15.7,    12.3,    24.9,    21.5,    12.5,    11.0,    21.3,    17.9,    16.3,    12.9,    26.0,    22.7,    12.9,    12.0,    22.1,    19.2,    48.0,    31.4,    64.4,    46.5,    45.4,    23.5,    56.2,    37.6,"(CONTRACTS OF 5,000 BUSHELS)",001612,CBT ,001 ,A10,FutOnly
WHEAT-HRSpring - MIAX FUTURES EXCHANGE,260721,2026-07-21,001626,MGE ,00,001 ,   87664,   45841,   51515,    4169,     636,     199,   21419,   18967,    4642,    1366,    1397,    1488,   79124,   78844,    8540,    8820,   87194,   45624,   51125,    4058,     636,     199,   21399,   18967,    4642,    1337,    1439,    1440,   78699,   78448,    8495,    8746,     470,     217,     390,     111,       0,       0,      20,       0,       0,      71,       0,       6,     425,     396,      45,      74,    -622,   -3258,    7423,     965,   -1179,    -202,    1877,   -6307,    -160,    -132,     433,     369,    -541,     377,     -81,    -999,  100.0,   52.3,   58.8,    4.8,    0.7,    0.2,   24.4,   21.6,    5.3,    1.6,    1.6,    1.7,   90.3,   89.9,    9.7,   10.1,  100.0,   52.3,   58.6,    4.7,    0.7,    0.2,   24.5,   21.8,    5.3,    1.5,    1.7,    1.7,   90.3,   90.0,    9.7,   10.0,  100.0,   46.2,   83.0,   23.6,    0.0,    0.0,    4.3,    0.0,    0.0,   15.1,    0.0,    1.3,   90.4,   84.3,    9.6,   15.7,    118,     58,     42,      7,.,      4,     13,     15,     10,      7,      4,      6,     93,     76,    118,     58,     42,      7,.,      4,     13,     15,     10,      6,      6,      6,     93,     76,     23,      4,     14,.,      0,      0,.,      0,      0,.,      0,.,      9,     15,    27.1,    29.9,    41.6,    48.3,    26.5,    29.8,    40.1,    48.2,    27.2,    30.0,    41.9,    48.4,    26.6,    30.0,    40.4,    48.3,    68.5,    54.9,    90.2,    76.0,    68.1,    54.9,    88.9,    76.0,"(CONTRACTS OF 5,000 BUSHELS)",001626,MGE ,001 ,A10,FutOnly
CORN - CHICAGO BOARD OF TRADE,260721,2026-07-21,002602,CBT ,00,002 , 1742139,  335128,  814388,  361052,   21046,   14156,  305756,  249043,  230173,  186540,   56603,  173433, 1606238, 1558842,  135901,  183297,  585877,  138381,  154688,  119426,    9290,    1378,  151387,  244361,   19363,  109061,  116176,    1099,  540095,  546355,   45782,   39522, 1156262,  196747,  659700,  250683,   20813,    3721,  274483,  124796,   90696,  188538,   51486,   61275, 1066143, 1012487,   90119,  143775,   35076,   -6839,   55321,   17597,    -285,   -3771,   11428,  -33924,    8813,   -1355,  -11190,   13970,   39843,   28934,   -4767,    6142,  100.0,   19.2,   46.7,   20.7,    1.2,    0.8,   17.6,   14.3,   13.2,   10.7,    3.2,   10.0,   92.2,   89.5,    7.8,   10.5,  100.0,   23.6,   26.4,   20.4,    1.6,    0.2,   25.8,   41.7,    3.3,   18.6,   19.8,    0.2,   92.2,   93.3,    7.8,    6.7,  100.0,   17.0,   57.1,   21.7,    1.8,    0.3,   23.7,   10.8,    7.8,   16.3,    4.5,    5.3,   92.2,   87.6,    7.8,   12.4,    830,    291,    334,     33,      8,     20,     87,     68,     87,    100,     84,     84,    617,    594,    652,    197,    214,     29,      8,.,     46,     60,     21,     89,     51,      5,    380,    342,    751,    211,    320,     32,      6,     12,     81,     52,     56,     84,     78,     63,    473,    526,    11.7,    10.3,    19.8,    17.8,    10.1,     7.8,    17.3,    13.8,    20.4,    21.8,    30.5,    32.8,    19.2,    21.8,    29.3,    32.8,    13.7,    12.1,    21.8,    20.4,    12.9,    11.9,    20.3,    19.2,"(CONTRACTS OF 5,000 BUSHELS)",002602,CBT ,002 ,A10,FutOnly
SOYBEANS - CHICAGO BOARD OF TRADE,260721,2026-07-21,005602,CBT ,00,005 , 1045077,  316717,  582675,  159392,   46415,   12198,  180163,   49658,  153594,   74985,   29844,   99481,  996530,  973865,   48547,   71212,   71799,   33218,   39259,    3156,    2684,      37,   20264,   12237,     103,   11079,   12609,      16,   67873,   66945,    3926,    4854,  973278,  283499,  543416,  158391,   45886,   10006,  178049,   55571,  135341,   76431,   29760,   86940,  928657,  906920,   44621,   66358,   40331,  -20308,   38089,    8320,    1890,     176,   34233,  -21081,    3243,      92,    5163,   12417,   38173,   39897,    2158,     434,  100.0,   30.3,   55.8,   15.3,    4.4,    1.2,   17.2,    4.8,   14.7,    7.2,    2.9,    9.5,   95.4,   93.2,    4.6,    6.8,  100.0,   46.3,   54.7,    4.4,    3.7,    0.1,   28.2,   17.0,    0.1,   15.4,   17.6,    0.0,   94.5,   93.2,    5.5,    6.8,  100.0,   29.1,   55.8,   16.3,    4.7,    1.0,   18.3,    5.7,   13.9,    7.9,    3.1,    8.9,   95.4,   93.2,    4.6,    6.8,    646,    171,    261,     24,     17,     18,     96,     38,     80,     86,     71,     97,    478,    507,    323,     70,    131,     10,     11,.,     23,     19,.,     28,     47,.,    134,    210,    638,    143,    255,     23,     16,     17,     92,     41,     79,     95,     74,     80,    433,    492,    11.5,    16.2,    19.0,    27.4,    11.4,    14.6,    18.3,    23.9,    32.4,    19.2,    47.7,    31.8,    32.4,    18.5,    47.6,    30.2,    12.0,    16.5,    19.6,    28.1,    12.0,    14.9,    19.3,    25.0,"(CONTRACTS OF 5,000 BUSHELS)",005602,CBT ,005 ,A30,FutOnly
MINI SOYBEANS - CHICAGO BOARD OF TRADE,260721,2026-07-21,005603,CBT ,00,005 ,   27572,       9,   11431,       0,       0,       0,       0,       0,       0,   21747,    1344,     364,   22120,   13139,    5452,   14433,    1254,       2,     105,       0,       0,       0,       0,       0,       0,    1087,      43,       0,    1089,     148,     165,    1106,   26318,       7,   11326,       0,       0,       0,       0,       0,       0,   20709,    1350,     315,   21031,   12991,    5287,   13327,    1310,       1,     539,       0,       0,       0,       0,       0,       0,    1729,     205,     -40,    1690,     704,    -380,     606,  100.0,    0.0,   41.5,    0.0,    0.0,    0.0,    0.0,    0.0,    0.0,   78.9,    4.9,    1.3,   80.2,   47.7,   19.8,   52.3,  100.0,    0.2,    8.4,    0.0,    0.0,    0.0,    0.0,    0.0,    0.0,   86.7,    3.4,    0.0,   86.8,   11.8,   13.2,   88.2,  100.0,    0.0,   43.0,    0.0,    0.0,    0.0,    0.0,    0.0,    0.0,   78.7,    5.1,    1.2,   79.9,   49.4,   20.1,   50.6,     32,.,     19,      0,      0,      0,      0,      0,      0,      8,      5,      6,     11,     29,     21,.,     10,      0,      0,      0,      0,      0,      0,      7,.,      0,      8,     13,     31,.,     19,      0,      0,      0,      0,      0,      0,      7,      5,      5,      8,     29,    73.8,    29.4,    80.1,    34.5,    73.0,    29.2,    78.9,    34.4,    76.3,     7.5,    86.8,    10.6,    76.3,     7.5,    86.8,    10.6,    74.3,    30.7,    79.9,    35.9,    73.4,    30.7,    78.7,    35.9,"(Contracts of 1,000 Bushels)",005603,CBT ,005 ,A30,FutOnly
NJ SRECS - ICE FUTURES ENERGY DIV,260721,2026-07-21,0063CC,IFED,01,006 ,  163804,  122538,   93963,    9760,    3550,       0,       0,     740,       0,   26220,   60265,    5286,  163804,  163804,       0,       0,  163804,  122538,   93963,    9760,    3550,       0,       0,     740,       0,   26220,   60265,    5286,  163804,  163804,       0,       0,       0,       0,       0,       0,       0,       0,       0,       0,       0,       0,       0,       0,       0,       0,       0,       0,    -931,    -931,   -1253,       0,       0,       0,       0,       0,       0,       0,     322,       0,    -931,    -931,       0,       0,  100.0,   74.8,   57.4,    6.0,    2.2,    0.0,    0.0,    0.5,    0.0,   16.0,   36.8,    3.2,  100.0,  100.0,    0.0,    0.0,  100.0,   74.8,   57.4,    6.0,    2.2,    0.0,    0.0,    0.5,    0.0,   16.0,   36.8,    3.2,  100.0,  100.0,    0.0,    0.0,  100.0,    0.0,    0.0,    0.0,    0.0,    0.0,    0.0,    0.0,    0.0,    0.0,    0.0,    0.0,    0.0,    0.0,    0.0,    0.0,     36,     18,      9,.,.,      0,      0,.,      0,      4,      6,      4,     25,     21,     36,     18,      9,.,.,      0,      0,.,      0,      4,      6,      4,     25,     21,      0,      0,      0,      0,      0,      0,      0,      0,      0,      0,      0,      0,      0,      0,    54.6,    81.8,    78.6,    91.3,    54.6,    81.8,    78.6,    88.4,    54.6,    81.8,    78.6,    91.3,    54.6,    81.8,    78.6,    88.4,     0.0,     0.0,     0.0,     0.0,     0.0,     0.0,     0.0,     0.0,(10 SRECs),0063CC,IFED,006 ,N60,FutOnly
PJM TRI-RECs CLASS 1  - ICE FUTURES ENERGY DIV,260721,2026-07-21,0063CH,IFED,01,006 ,  313920,  226546,  200661,   13765,    8091,       0,     488,    2622,    2978,   38561,   67991,   31558,  313896,  313901,      24,      19,  313920,  226546,  200661,   13765,    8091,       0,     488,    2622,    2978,   38561,   67991,   31558,  313896,  313901,      24,      19,       0,       0,       0,       0,       0,       0,       0,       0,       0,       0,       0,       0,       0,       0,       0,       0,    5270,    3670,    2073,       0,       0,       0,       0,       0,       0,    -997,     600,    2597,    5270,    5270,       0,       0,  100.0,   72.2,   63.9,    4.4,    2.6,    0.0,    0.2,    0.8,    0.9,   12.3,   21.7,   10.1,  100.0,  100.0,    0.0,    0.0,  100.0,   72.2,   63.9,    4.4,    2.6,    0.0,    0.2,    0.8,    0.9,   12.3,   21.7,   10.1,  100.0,  100.0,    0.0,    0.0,  100.0,    0.0,    0.0,    0.0,    0.0,    0.0,    0.0,    0.0,    0.0,    0.0,    0.0,    0.0,    0.0,    0.0,    0.0,    0.0,     54,     22,     19,.,.,      0,      4,.,.,     11,      5,     11,     43,     37,     54,     22,     19,.,.,      0,      4,.,.,     11,      5,     11,     43,     37,      0,      0,      0,      0,      0,      0,      0,      0,      0,      0,      0,      0,      0,      0,    42.9,    52.7,    64.2,    72.2,    38.5,    51.5,    57.7,    67.2,    42.9,    52.7,    64.2,    72.2,    38.5,    51.5,    57.7,    67.2,     0.0,     0.0,     0.0,     0.0,     0.0,     0.0,     0.0,     0.0,(100 MWh of renewable energy certificates),0063CH,IFED,006 ,N60,FutOnly
CALIF LOW CARBON FSC-OPIS  - ICE FUTURES ENERGY DIV,260721,2026-07-21,0063CU,IFED,01,006 ,  111783,    8136,   87942,   30705,    2206,       0,   67869,       0,    2364,    2285,   18853,     418,  111777,  111783,       6,       0,  111783,    8136,   87942,   30705,    2206,       0,   67869,       0,    2364,    2285,   18853,     418,  111777,  111783,       6,       0,       0,       0,       0,       0,       0,       0,       0,       0,       0,       0,       0,       0,       0,       0,       0,       0,    1263,      70,     735,       0,      95,       0,    1035,       0,     120,      65,     340,     -22,    1268,    1268,      -5,      -5,  100.0,    7.3,   78.7,   27.5,    2.0,    0.0,   60.7,    0.0,    2.1,    2.0,   16.9,    0.4,  100.0,  100.0,    0.0,    0.0,  100.0,    7.3,   78.7,   27.5,    2.0,    0.0,   60.7,    0.0,    2.1,    2.0,   16.9,    0.4,  100.0,  100.0,    0.0,    0.0,  100.0,    0.0,    0.0,    0.0,    0.0,    0.0,    0.0,    0.0,    0.0,    0.0,    0.0,    0.0,    0.0,    0.0,    0.0,    0.0,     53,      8,      7,.,.,      0,     16,      0,      4,     12,      5,.,     42,     19,     53,      8,      7,.,.,      0,     16,      0,      4,     12,      5,.,     42,     19,      0,      0,      0,      0,      0,      0,      0,      0,      0,      0,      0,      0,      0,      0,    65.3,    81.4,    81.2,    94.7,    65.3,    79.7,    80.8,    92.7,    65.3,    81.4,    81.2,    94.7,    65.3,    79.7,    80.8,    92.7,     0.0,     0.0,     0.0,     0.0,     0.0,     0.0,     0.0,     0.0,(100 LCFS Credits- each of 1 MT),0063CU,IFED,006 ,N60,FutOnly
D6 RINs OPIS CURRENT YEAR - ICE FUTURES ENERGY DIV,260721,2026-07-21,0063CW,IFED,01,006 ,   34841,    8167,    8236,    4786,    4555,     126,    3905,    1445,    2620,    7360,   10032,    7748,   34712,   34762,     129,      79,   34841,    8167,    8236,    4786,    4555,     126,    3905,    1445,    2620,    7360,   10032,    7748,   34712,   34762,     129,      79,       0,       0,       0,       0,       0,       0,       0,       0,       0,       0,       0,       0,       0,       0,       0,       0,    1617,    1625,     482,    2470,    -652,     -36,   -1152,     193,     124,   -2389,     561,     976,    1618,    1648,      -1,     -31,  100.0,   23.4,   23.6,   13.7,   13.1,    0.4,   11.2,    4.1,    7.5,   21.1,   28.8,   22.2,   99.6,   99.8,    0.4,    0.2,  100.0,   23.4,   23.6,   13.7,   13.1,    0.4,   11.2,    4.1,    7.5,   21.1,   28.8,   22.2,   99.6,   99.8,    0.4,    0.2,  100.0,    0.0,    0.0,    0.0,    0.0,    0.0,    0.0,    0.0,    0.0,    0.0,    0.0,    0.0,    0.0,    0.0,    0.0,    0.0,     76,      9,     15,.,.,.,      4,      8,      4,     14,     26,      9,     38,     58,     76,      9,     15,.,.,.,      4,      8,      4,     14,     26,      9,     38,     58,      0,      0,      0,      0,      0,      0,      0,      0,      0,      0,      0,      0,      0,      0,    54.3,    47.0,    77.3,    65.4,    41.8,    31.9,    56.3,    43.8,    54.3,    47.0,    77.3,    65.4,    41.8,    31.9,    56.3,    43.8,     0.0,     0.0,     0.0,     0.0,     0.0,     0.0,     0.0,     0.0,"(50,000 RINs)",0063CW,IFED,006 ,N60,FutOnly
PA SOLAR ALTER ENERGY CREDIT - ICE FUTURES ENERGY DIV,260721,2026-07-21,0063DA,IFED,01,006 ,   31075,   17705,   29075,    1890,       0,       0,       0,       0,       0,   11480,    2000,       0,   31075,   31075,       0,       0,   31075,   17705,   29075,    1890,       0,       0,       0,       0,       0,   11480,    2000,       0,   31075,   31075,       0,       0,       0,       0,       0,       0,       0,       0,       0,       0,       0,       0,       0,       0,       0,       0,       0,       0,    4500,    2520,    4500,       0,       0,       0,       0,       0,       0,    1980,       0,       0,    4500,    4500,       0,       0,  100.0,   57.0,   93.6,    6.1,    0.0,    0.0,    0.0,    0.0,    0.0,   36.9,    6.4,    0.0,  100.0,  100.0,    0.0,    0.0,  100.0,   57.0,   93.6,    6.1,    0.0,    0.0,    0.0,    0.0,    0.0,   36.9,    6.4,    0.0,  100.0,  100.0,    0.0,    0.0,  100.0,    0.0,    0.0,    0.0,    0.0,    0.0,    0.0,    0.0,    0.0,    0.0,    0.0,    0.0,    0.0,    0.0,    0.0,    0.0,     29,     11,      7,.,      0,      0,      0,      0,      0,      6,.,      0,     20,     10,     29,     11,      7,.,      0,      0,      0,      0,      0,      6,.,      0,     20,     10,      0,      0,      0,      0,      0,      0,      0,      0,      0,      0,      0,      0,      0,      0,    45.7,    88.4,    72.0,    96.8,    45.7,    86.2,    72.0,    92.9,    45.7,    88.4,    72.0,    96.8,    45.7,    86.2,    72.0,    92.9,     0.0,     0.0,     0.0,     0.0,     0.0,     0.0,     0.0,     0.0,(10 PA SRECs),0063DA,IFED,006 ,N60,FutOnly
CALIF CARBON CURRENT AUCTION - ICE FUTURES ENERGY DIV,260721,2026-07-21,0063DB,IFED,01,006 ,   56690,   12331,    5010,   27660,   12714,       0,     325,   15081,    3115,   10508,   18041,    2729,   56668,   56690,      22,       0,   56690,   12331,    5010,   27660,   12714,       0,     325,   15081,    3115,   10508,   18041,    2729,   56668,   56690,      22,       0,       0,       0,       0,       0,       0,       0,       0,       0,       0,       0,       0,       0,       0,       0,       0,       0,       0,     150,    -175,    -100,     400,       0,      25,    -200,    -150,    -125,     -75,     200,       0,       0,       0,       0,  100.0,   21.8,    8.8,   48.8,   22.4,    0.0,    0.6,   26.6,    5.5,   18.5,   31.8,    4.8,  100.0,  100.0,    0.0,    0.0,  100.0,   21.8,    8.8,   48.8,   22.4,    0.0,    0.6,   26.6,    5.5,   18.5,   31.8,    4.8,  100.0,  100.0,    0.0,    0.0,  100.0,    0.0,    0.0,    0.0,    0.0,    0.0,    0.0,    0.0,    0.0,    0.0,    0.0,    0.0,    0.0,    0.0,    0.0,    0.0,     47,     10,      6,      5,.,      0,.,      5,      4,     11,      6,      7,     39,     21,     47,     10,      6,      5,.,      0,.,      5,      4,     11,      6,      7,     39,     21,      0,      0,      0,      0,      0,      0,      0,      0,      0,      0,      0,      0,      0,      0,    60.2,    75.5,    75.3,    92.5,    60.2,    70.0,    73.7,    83.8,    60.2,    75.5,    75.3,    92.5,    60.2,    70.0,    73.7,    83.8,     0.0,     0.0,     0.0,     0.0,     0.0,     0.0,     0.0,     0.0,"(1,000 California carbon allowances)",0063DB,IFED,006 ,N60,FutOnly
D4 BIODIESEL RINs OPIS CURR YR - ICE FUTURES ENERGY DIV,260721,2026-07-21,0063DG,IFED,01,006 ,   13021,    3648,    5963,    2039,    2524,       0,    1873,      71,     659,    3446,    2418,    1329,   12994,   12964,      27,      57,   13021,    3648,    5963,    2039,    2524,       0,    1873,      71,     659,    3446,    2418,    1329,   12994,   12964,      27,      57,       0,       0,       0,       0,       0,       0,       0,       0,       0,       0,       0,       0,       0,       0,       0,       0,   -1917,     198,     225,   -1687,    1489,    -552,     248,    -533,    -170,     162,   -2290,     -76,   -1877,   -1907,     -40,     -10,  100.0,   28.0,   45.8,   15.7,   19.4,    0.0,   14.4,    0.5,    5.1,   26.5,   18.6,   10.2,   99.8,   99.6,    0.2,    0.4,  100.0,   28.0,   45.8,   15.7,   19.4,    0.0,   14.4,    0.5,    5.1,   26.5,   18.6,   10.2,   99.8,   99.6,    0.2,    0.4,  100.0,    0.0,    0.0,    0.0,    0.0,    0.0,    0.0,    0.0,    0.0,    0.0,    0.0,    0.0,    0.0,    0.0,    0.0,    0.0,     65,     13,     10,.,.,      0,     10,.,.,     21,     11,      6,     50,     28,     65,     13,     10,.,.,      0,     10,.,.,     21,     11,      6,     50,     28,      0,      0,      0,      0,      0,      0,      0,      0,      0,      0,      0,      0,      0,      0,    33.1,    48.7,    52.6,    67.1,    30.6,    48.3,    47.7,    64.9,    33.1,    48.7,    52.6,    67.1,    30.6,    48.3,    47.7,    64.9,     0.0,     0.0,     0.0,     0.0,     0.0,     0.0,     0.0,     0.0,"(50,000 RINs)",0063DG,IFED,006 ,N60,FutOnly
CT RECs CLASS 1  - ICE FUTURES ENERGY DIV,260721,2026-07-21,0063DK,IFED,01,006 ,    8975,    5925,    6371,     600,     750,       0,       0,     100,       0,    2450,    1754,       0,    8975,    8975,       0,       0,    8975,    5925,    6371,     600,     750,       0,       0,     100,       0,    2450,    1754,       0,    8975,    8975,       0,       0,       0,       0,       0,       0,       0,       0,       0,       0,       0,       0,       0,       0,       0,       0,       0,       0,       0,       0,       0,       0,       0,       0,       0,       0,       0,       0,       0,       0,       0,       0,       0,       0,  100.0,   66.0,   71.0,    6.7,    8.4,    0.0,    0.0,    1.1,    0.0,   27.3,   19.5,    0.0,  100.0,  100.0,    0.0,    0.0,  100.0,   66.0,   71.0,    6.7,    8.4,    0.0,    0.0,    1.1,    0.0,   27.3,   19.5,    0.0,  100.0,  100.0,    0.0,    0.0,  100.0,    0.0,    0.0,    0.0,    0.0,    0.0,    0.0,    0.0,    0.0,    0.0,    0.0,    0.0,    0.0,    0.0,    0.0,    0.0,     20,      7,      8,.,.,      0,      0,.,      0,.,.,      0,      9,     13,     20,      7,      8,.,.,      0,      0,.,      0,.,.,      0,      9,     13,      0,      0,      0,      0,      0,      0,      0,      0,      0,      0,      0,      0,      0,      0,    71.9,    63.5,    97.8,    91.1,    67.5,    63.5,    92.5,    88.6,    71.9,    63.5,    97.8,    91.1,    67.5,    63.5,    92.5,    88.6,     0.0,     0.0,     0.0,     0.0,     0.0,     0.0,     0.0,     0.0,(100 MWh of Class 1 Renewable Energy Certificates),0063DK,IFED,006 ,N60,FutOnly
MASS COMPLIANCE RECs CLASS 1  - ICE FUTURES ENERGY DIV,260721,2026-07-21,0063DL,IFED,01,006 ,   20979,   20679,   10039,       0,       0,       0,       0,       0,       0,       0,   10640,     300,   20979,   20979,       0,       0,   20979,   20679,   10039,       0,       0,       0,       0,       0,       0,       0,   10640,     300,   20979,   20979,       0,       0,       0,       0,       0,       0,       0,       0,       0,       0,       0,       0,       0,       0,       0,       0,       0,       0,       0,       0,       0,       0,       0,       0,       0,       0,       0,       0,       0,       0,       0,       0,       0,       0,  100.0,   98.6,   47.9,    0.0,    0.0,    0.0,    0.0,    0.0,    0.0,    0.0,   50.7,    1.4,  100.0,  100.0,    0.0,    0.0,  100.0,   98.6,   47.9,    0.0,    0.0,    0.0,    0.0,    0.0,    0.0,    0.0,   50.7,    1.4,  100.0,  100.0,    0.0,    0.0,  100.0,    0.0,    0.0,    0.0,    0.0,    0.0,    0.0,    0.0,    0.0,    0.0,    0.0,    0.0,    0.0,    0.0,    0.0,    0.0,     25,     10,     12,      0,      0,      0,      0,      0,      0,      0,      7,.,     11,     19,     25,     10,     12,      0,      0,      0,      0,      0,      0,      0,      7,.,     11,     19,      0,      0,      0,      0,      0,      0,      0,      0,      0,      0,      0,      0,      0,      0,    89.9,    63.2,    98.4,    82.7,    89.9,    63.2,    95.0,    79.5,    89.9,    63.2,    98.4,    82.7,    89.9,    63.2,    95.0,    79.5,     0.0,     0.0,     0.0,     0.0,     0.0,     0.0,     0.0,     0.0,100 MWh of Class 1 Renewable Energy Certificates,0063DL,IFED,006 ,N60,FutOnly
MARYLAND COMPLIANCE REC TIER1 - ICE FUTURES ENERGY DIV,260721,2026-07-21,0063DM,IFED,01,006 ,   11591,    9496,    5138,    1725,    1541,       0,       0,       0,       0,     250,    4792,     120,   11591,   11591,       0,       0,   11591,    9496,    5138,    1725,    1541,       0,       0,       0,       0,     250,    4792,     120,   11591,   11591,       0,       0,       0,       0,       0,       0,       0,       0,       0,       0,       0,       0,       0,       0,       0,       0,       0,       0,       0,       0,       0,       0,       0,       0,       0,       0,       0,       0,       0,       0,       0,       0,       0,       0,  100.0,   81.9,   44.3,   14.9,   13.3,    0.0,    0.0,    0.0,    0.0,    2.2,   41.3,    1.0,  100.0,  100.0,    0.0,    0.0,  100.0,   81.9,   44.3,   14.9,   13.3,    0.0,    0.0,    0.0,    0.0,    2.2,   41.3,    1.0,  100.0,  100.0,    0.0,    0.0,  100.0,    0.0,    0.0,    0.0,    0.0,    0.0,    0.0,    0.0,    0.0,    0.0,    0.0,    0.0,    0.0,    0.0,    0.0,    0.0,     23,     10,      7,.,.,      0,      0,      0,      0,.,      5,.,     14,     13,     23,     10,      7,.,.,      0,      0,      0,      0,.,      5,.,     14,     13,      0,      0,      0,      0,      0,      0,      0,      0,      0,      0,      0,      0,      0,      0,    61.4,    61.7,    86.0,    91.4,    61.4,    61.7,    83.0,    85.8,    61.4,    61.7,    86.0,    91.4,    61.4,    61.7,    83.0,    85.8,     0.0,     0.0,     0.0,     0.0,     0.0,     0.0,     0.0,     0.0,(100 Tier 1 RECs),0063DM,IFED,006 ,N60,FutOnly
MARYLAND SOLAR REC - ICE FUTURES ENERGY DIV,260721,2026-07-21,0063DN,IFED,01,006 ,   55581,   27531,   11450,   17300,   40981,       0,       0,       0,       0,   10750,    3150,       0,   55581,   55581,       0,       0,   55581,   27531,   11450,   17300,   40981,       0,       0,       0,       0,   10750,    3150,       0,   55581,   55581,       0,       0,       0,       0,       0,       0,       0,       0,       0,       0,       0,       0,       0,       0,       0,       0,       0,       0,       0,       0,       0,       0,       0,       0,       0,       0,       0,       0,       0,       0,       0,       0,       0,       0,  100.0,   49.5,   20.6,   31.1,   73.7,    0.0,    0.0,    0.0,    0.0,   19.3,    5.7,    0.0,  100.0,  100.0,    0.0,    0.0,  100.0,   49.5,   20.6,   31.1,   73.7,    0.0,    0.0,    0.0,    0.0,   19.3,    5.7,    0.0,  100.0,  100.0,    0.0,    0.0,  100.0,    0.0,    0.0,    0.0,    0.0,    0.0,    0.0,    0.0,    0.0,    0.0,    0.0,    0.0,    0.0,    0.0,    0.0,    0.0,     22,      8,      5,.,.,      0,      0,      0,      0,.,.,      0,     13,     10,     22,      8,      5,.,.,      0,      0,      0,      0,.,.,      0,     13,     10,      0,      0,      0,      0,      0,      0,      0,      0,      0,      0,      0,      0,      0,      0,    74.9,    89.2,    94.7,    98.8,    74.0,    89.2,    92.9,    98.1,    74.9,    89.2,    94.7,    98.8,    74.0,    89.2,    92.9,    98.1,     0.0,     0.0,     0.0,     0.0,     0.0,     0.0,     0.0,     0.0,(10 SRECs),0063DN,IFED,006 ,N60,FutOnly
NEPOOL DUAL RECs CLASS 1  - ICE FUTURES ENERGY DIV,260721,2026-07-21,0063DQ,IFED,01,006 ,   12760,    9910,    4234,     880,       0,       0,       0,       0,       0,    1065,    7546,     905,   12760,   12685,       0,      75,   12760,    9910,    4234,     880,       0,       0,       0,       0,       0,    1065,    7546,     905,   12760,   12685,       0,      75,       0,       0,       0,       0,       0,       0,       0,       0,       0,       0,       0,       0,       0,       0,       0,       0,       0,       0,       0,       0,       0,       0,       0,       0,       0,       0,       0,       0,       0,       0,       0,       0,  100.0,   77.7,   33.2,    6.9,    0.0,    0.0,    0.0,    0.0,    0.0,    8.3,   59.1,    7.1,  100.0,   99.4,    0.0,    0.6,  100.0,   77.7,   33.2,    6.9,    0.0,    0.0,    0.0,    0.0,    0.0,    8.3,   59.1,    7.1,  100.0,   99.4,    0.0,    0.6,  100.0,    0.0,    0.0,    0.0,    0.0,    0.0,    0.0,    0.0,    0.0,    0.0,    0.0,    0.0,    0.0,    0.0,    0.0,    0.0,     22,     11,      8,.,      0,      0,      0,      0,      0,.,.,.,     14,     12,     22,     11,      8,.,      0,      0,      0,      0,      0,.,.,.,     14,     12,      0,      0,      0,      0,      0,      0,      0,      0,      0,      0,      0,      0,      0,      0,    51.1,    67.0,    79.5,    92.0,    44.0,    67.0,    70.5,    85.0,    51.1,    67.0,    79.5,    92.0,    44.0,    67.0,    70.5,    85.0,     0.0,     0.0,     0.0,     0.0,     0.0,     0.0,     0.0,     0.0,100 MWh of Class 1 Renewable Energy Certificates,0063DQ,IFED,006 ,N60,FutOnly
NJ COMPLIANCE RECs CLASS 1 - ICE FUTURES ENERGY DIV,260721,2026-07-21,0063DR,IFED,01,006 ,   28722,   14253,   23560,      75,       0,       0,       0,     500,       0,   14373,    4662,       0,   28701,   28722,      21,       0,   28722,   14253,   23560,      75,       0,       0,       0,     500,       0,   14373,    4662,       0,   28701,   28722,      21,       0,       0,       0,       0,       0,       0,       0,       0,       0,       0,       0,       0,       0,       0,       0,       0,       0,    -548,       0,    -548,       0,       0,       0,       0,       0,       0,    -548,       0,       0,    -548,    -548,       0,       0,  100.0,   49.6,   82.0,    0.3,    0.0,    0.0,    0.0,    1.7,    0.0,   50.0,   16.2,    0.0,   99.9,  100.0,    0.1,    0.0,  100.0,   49.6,   82.0,    0.3,    0.0,    0.0,    0.0,    1.7,    0.0,   50.0,   16.2,    0.0,   99.9,  100.0,    0.1,    0.0,  100.0,    0.0,    0.0,    0.0,    0.0,    0.0,    0.0,    0.0,    0.0,    0.0,    0.0,    0.0,    0.0,    0.0,    0.0,    0.0,     20,     10,      5,.,      0,      0,      0,.,      0,      4,.,      0,     15,      8,     20,     10,      5,.,      0,      0,      0,.,      0,      4,.,      0,     15,      8,      0,      0,      0,      0,      0,      0,      0,      0,      0,      0,      0,      0,      0,      0,    77.4,    90.2,    95.6,   100.0,    77.4,    90.2,    95.3,    98.6,    77.4,    90.2,    95.6,   100.0,    77.4,    90.2,    95.3,    98.6,     0.0,     0.0,     0.0,     0.0,     0.0,     0.0,     0.0,     0.0,100 MWh of Class 1 Renewable Energy Certificates,0063DR,IFED,006 ,N60,FutOnly
PA COMPLIANCE AECs TIER1 - ICE FUTURES ENERGY DIV,260721,2026-07-21,0063DT,IFED,01,006 ,   67847,   46747,   38782,    1397,    6928,     929,    1100,       0,       0,   16245,   19759,    1429,   67847,   67827,       0,      20,   67847,   46747,   38782,    1397,    6928,     929,    1100,       0,       0,   16245,   19759,    1429,   67847,   67827,       0,      20,       0,       0,       0,       0,       0,       0,       0,       0,       0,       0,       0,       0,       0,       0,       0,       0,    -608,     -60,      17,     -39,     158,      39,       0,       0,       0,    -250,    -544,    -298,    -608,    -628,       0,      20,  100.0,   68.9,   57.2,    2.1,   10.2,    1.4,    1.6,    0.0,    0.0,   23.9,   29.1,    2.1,  100.0,  100.0,    0.0,    0.0,  100.0,   68.9,   57.2,    2.1,   10.2,    1.4,    1.6,    0.0,    0.0,   23.9,   29.1,    2.1,  100.0,  100.0,    0.0,    0.0,  100.0,    0.0,    0.0,    0.0,    0.0,    0.0,    0.0,    0.0,    0.0,    0.0,    0.0,    0.0,    0.0,    0.0,    0.0,    0.0,     40,     19,     10,.,.,.,.,      0,      0,      6,      7,.,     30,     22,     40,     19,     10,.,.,.,.,      0,      0,      6,      7,.,     30,     22,      0,      0,      0,      0,      0,      0,      0,      0,      0,      0,      0,      0,      0,      0,    44.5,    60.0,    62.3,    84.1,    44.5,    58.3,    61.5,    80.3,    44.5,    60.0,    62.3,    84.1,    44.5,    58.3,    61.5,    80.3,     0.0,     0.0,     0.0,     0.0,     0.0,     0.0,     0.0,     0.0,(100 AECs),0063DT,IFED,006 ,N60,FutOnly
WASHINGTON CARBON ALL V2026 - ICE FUTURES ENERGY DIV,260721,2026-07-21,0063EA,IFED,01,006 ,    5058,    1251,    1372,     175,     230,     511,     106,    1153,       4,    2943,    1600,      60,    5050,    4930,       8,     128,    5058,    1251,    1372,     175,     230,     511,     106,    1153,       4,    2943,    1600,      60,    5050,    4930,       8,     128,       0,       0,       0,       0,       0,       0,       0,       0,       0,       0,       0,       0,       0,       0,       0,       0,      32,     -86,     -81,       0,       0,      81,       0,      18,       0,       7,     -18,      30,      32,      30,       0,       2,  100.0,   24.7,   27.1,    3.5,    4.5,   10.1,    2.1,   22.8,    0.1,   58.2,   31.6,    1.2,   99.8,   97.5,    0.2,    2.5,  100.0,   24.7,   27.1,    3.5,    4.5,   10.1,    2.1,   22.8,    0.1,   58.2,   31.6,    1.2,   99.8,   97.5,    0.2,    2.5,  100.0,    0.0,    0.0,    0.0,    0.0,    0.0,    0.0,    0.0,    0.0,    0.0,    0.0,    0.0,    0.0,    0.0,    0.0,    0.0,     34,      5,      8,.,.,.,.,      6,.,      5,      7,.,     15,     24,     34,      5,      8,.,.,.,.,      6,.,      5,      7,.,     15,     24,      0,      0,      0,      0,      0,      0,      0,      0,      0,      0,      0,      0,      0,      0,    81.2,    41.1,    94.3,    65.0,    70.7,    35.5,    80.2,    55.2,    81.2,    41.1,    94.3,    65.0,    70.7,    35.5,    80.2,    55.2,     0.0,     0.0,     0.0,     0.0,     0.0,     0.0,     0.0,     0.0,"1,000 Washington carbon allowances",0063EA,IFED,006 ,N60,FutOnly
CALIF CARBON ALL VINTAGE 2026 - ICE FUTURES ENERGY DIV,260721,2026-07-21,0063EE,IFED,01,006 ,  200698,   29206,   53356,   12386,   83697,    5301,  115891,   12159,    6887,   26531,   35016,    4218,  200420,  200634,     278,      64,  200698,   29206,   53356,   12386,   83697,    5301,  115891,   12159,    6887,   26531,   35016,    4218,  200420,  200634,     278,      64,       0,       0,       0,       0,       0,       0,       0,       0,       0,       0,       0,       0,       0,       0,       0,       0,    6303,    3833,    2694,     159,     289,     530,     702,      30,     721,   -1649,    -127,    2126,    6422,    6263,    -119,      40,  100.0,   14.6,   26.6,    6.2,   41.7,    2.6,   57.7,    6.1,    3.4,   13.2,   17.4,    2.1,   99.9,  100.0,    0.1,    0.0,  100.0,   14.6,   26.6,    6.2,   41.7,    2.6,   57.7,    6.1,    3.4,   13.2,   17.4,    2.1,   99.9,  100.0,    0.1,    0.0,  100.0,    0.0,    0.0,    0.0,    0.0,    0.0,    0.0,    0.0,    0.0,    0.0,    0.0,    0.0,    0.0,    0.0,    0.0,    0.0,    136,     25,     17,      5,     11,.,     40,      8,      7,     26,     13,      8,    102,     62,    136,     25,     17,      5,     11,.,     40,      8,      7,     26,     13,      8,    102,     62,      0,      0,      0,      0,      0,      0,      0,      0,      0,      0,      0,      0,      0,      0,    38.4,    22.7,    52.2,    41.1,    36.8,    22.1,    49.7,    40.5,    38.4,    22.7,    52.2,    41.1,    36.8,    22.1,    49.7,    40.5,     0.0,     0.0,     0.0,     0.0,     0.0,     0.0,     0.0,     0.0,"1,000 California carbon allowances",0063EE,IFED,006 ,N60,FutOnly
CALIF CARBON ALL VINTAGE 2027 - ICE FUTURES ENERGY DIV,260721,2026-07-21,0063EI,IFED,01,006 ,   29103,   15378,    1043,    1220,   22340,      69,    1311,    1712,     405,   10714,    3528,       0,   29097,   29097,       6,       6,   29103,   15378,    1043,    1220,   22340,      69,    1311,    1712,     405,   10714,    3528,       0,   29097,   29097,       6,       6,       0,       0,       0,       0,       0,       0,       0,       0,       0,       0,       0,       0,       0,       0,       0,       0,    -451,   -1454,      35,       0,       0,       0,     528,    -723,       0,     469,     237,       0,    -457,    -451,       6,       0,  100.0,   52.8,    3.6,    4.2,   76.8,    0.2,    4.5,    5.9,    1.4,   36.8,   12.1,    0.0,  100.0,  100.0,    0.0,    0.0,  100.0,   52.8,    3.6,    4.2,   76.8,    0.2,    4.5,    5.9,    1.4,   36.8,   12.1,    0.0,  100.0,  100.0,    0.0,    0.0,  100.0,    0.0,    0.0,    0.0,    0.0,    0.0,    0.0,    0.0,    0.0,    0.0,    0.0,    0.0,    0.0,    0.0,    0.0,    0.0,     36,      7,.,.,      7,.,      5,.,.,      8,      4,      0,     23,     15,     36,      7,.,.,      7,.,      5,.,.,      8,      4,      0,     23,     15,      0,      0,      0,      0,      0,      0,      0,      0,      0,      0,      0,      0,      0,      0,    66.5,    76.4,    84.2,    94.2,    66.5,    75.0,    84.2,    92.8,    66.5,    76.4,    84.2,    94.2,    66.5,    75.0,    84.2,    92.8,     0.0,     0.0,     0.0,     0.0,     0.0,     0.0,     0.0,     0.0,"1,000 California carbon allowances",0063EI,IFED,006 ,N60,FutOnly
CALIF CARBON ALLOWANCE V2026 - NODAL EXCHANGE,260721,2026-07-21,0063EL,NODX,01,006 ,    6008,    2591,     605,     210,     712,       0,     800,    1301,       0,    2348,    3347,       0,    5949,    5965,      59,      43,    6008,    2591,     605,     210,     712,       0,     800,    1301,       0,    2348,    3347,       0,    5949,    5965,      59,      43,       0,       0,       0,       0,       0,       0,       0,       0,       0,       0,       0,       0,       0,       0,       0,       0,     -11,       0,       0,       0,       0,       0,       0,       0,       0,     -46,     -46,       0,     -46,     -46,      35,      35,  100.0,   43.1,   10.1,    3.5,   11.9,    0.0,   13.3,   21.7,    0.0,   39.1,   55.7,    0.0,   99.0,   99.3,    1.0,    0.7,  100.0,   43.1,   10.1,    3.5,   11.9,    0.0,   13.3,   21.7,    0.0,   39.1,   55.7,    0.0,   99.0,   99.3,    1.0,    0.7,  100.0,    0.0,    0.0,    0.0,    0.0,    0.0,    0.0,    0.0,    0.0,    0.0,    0.0,    0.0,    0.0,    0.0,    0.0,    0.0,     27,      7,.,.,      4,      0,.,.,      0,.,      5,      0,     13,     14,     27,      7,.,.,      4,      0,.,.,      0,.,      5,      0,     13,     14,      0,      0,      0,      0,      0,      0,      0,      0,      0,      0,      0,      0,      0,      0,    76.7,    77.6,    93.1,    92.3,    76.7,    77.6,    93.1,    92.3,    76.7,    77.6,    93.1,    92.3,    76.7,    77.6,    93.1,    92.3,     0.0,     0.0,     0.0,     0.0,     0.0,     0.0,     0.0,     0.0,"(1,000 California carbon allowances)",0063EL,NODX,006 ,N60,FutOnly
RGGI V2026 - ICE FUTURES ENERGY DIV,260721,2026-07-21,0063EM,IFED,01,006 ,   58760,   26856,   43258,   15308,    5983,    1639,    8521,    1860,    1159,    3837,    3484,    1370,   58690,   58753,      70,       7,   58760,   26856,   43258,   15308,    5983,    1639,    8521,    1860,    1159,    3837,    3484,    1370,   58690,   58753,      70,       7,       0,       0,       0,       0,       0,       0,       0,       0,       0,       0,       0,       0,       0,       0,       0,       0,    -408,    -703,    -494,    -186,     377,     305,     455,    -484,       0,    -249,     -88,      -3,    -381,    -387,     -27,     -21,  100.0,   45.7,   73.6,   26.1,   10.2,    2.8,   14.5,    3.2,    2.0,    6.5,    5.9,    2.3,   99.9,  100.0,    0.1,    0.0,  100.0,   45.7,   73.6,   26.1,   10.2,    2.8,   14.5,    3.2,    2.0,    6.5,    5.9,    2.3,   99.9,  100.0,    0.1,    0.0,  100.0,    0.0,    0.0,    0.0,    0.0,    0.0,    0.0,    0.0,    0.0,    0.0,    0.0,    0.0,    0.0,    0.0,    0.0,    0.0,     68,     14,      8,.,      6,      5,     14,      6,.,     13,      8,      4,     50,     33,     68,     14,      8,.,      6,      5,     14,      6,.,     13,      8,      4,     50,     33,      0,      0,      0,      0,      0,      0,      0,      0,      0,      0,      0,      0,      0,      0,    54.1,    81.8,    71.8,    89.8,    52.6,    80.6,    67.7,    85.9,    54.1,    81.8,    71.8,    89.8,    52.6,    80.6,    67.7,    85.9,     0.0,     0.0,     0.0,     0.0,     0.0,     0.0,     0.0,     0.0,"1,000 RGGI CO2 Allowances",0063EM,IFED,006 ,N60,FutOnly
RGGI V2027 - ICE FUTURES ENERGY DIV,260721,2026-07-21,0063F6,IFED,01,006 ,   22037,   13493,    2879,    3186,    3350,     445,       0,   11251,    2073,    1903,    1064,     920,   22020,   21982,      17,      55,   22037,   13493,    2879,    3186,    3350,     445,       0,   11251,    2073,    1903,    1064,     920,   22020,   21982,      17,      55,       0,       0,       0,       0,       0,       0,       0,       0,       0,       0,       0,       0,       0,       0,       0,       0,     -35,     251,       8,       0,    -108,       0,       0,     510,    -241,     410,     221,    -447,     -27,     -57,      -8,      22,  100.0,   61.2,   13.1,   14.5,   15.2,    2.0,    0.0,   51.1,    9.4,    8.6,    4.8,    4.2,   99.9,   99.8,    0.1,    0.2,  100.0,   61.2,   13.1,   14.5,   15.2,    2.0,    0.0,   51.1,    9.4,    8.6,    4.8,    4.2,   99.9,   99.8,    0.1,    0.2,  100.0,    0.0,    0.0,    0.0,    0.0,    0.0,    0.0,    0.0,    0.0,    0.0,    0.0,    0.0,    0.0,    0.0,    0.0,    0.0,     32,      6,      7,      4,.,.,      0,      7,.,      4,.,.,     16,     24,     32,      6,      7,      4,.,.,      0,      7,.,      4,.,.,     16,     24,      0,      0,      0,      0,      0,      0,      0,      0,      0,      0,      0,      0,      0,      0,    66.8,    64.8,    91.2,    85.4,    65.9,    56.0,    78.1,    74.5,    66.8,    64.8,    91.2,    85.4,    65.9,    56.0,    78.1,    74.5,     0.0,     0.0,     0.0,     0.0,     0.0,     0.0,     0.0,     0.0,"(1,000 RGGI CO2 Allowances)",0063F6,IFED,006 ,N60,FutOnly
TX REC CRS V26 BACK HALF - NODAL EXCHANGE,260721,2026-07-21,006NHT,NODX,01,006 ,    9057,    8523,    2574,     300,     385,       0,       0,       0,       0,      75,    5927,       0,    8898,    8886,     159,     171,    9057,    8523,    2574,     300,     385,       0,       0,       0,       0,      75,    5927,       0,    8898,    8886,     159,     171,       0,       0,       0,       0,       0,       0,       0,       0,       0,       0,       0,       0,       0,       0,       0,       0,     195,     195,     167,       0,       0,       0,       0,       0,       0,       0,      28,       0,     195,     195,       0,       0,  100.0,   94.1,   28.4,    3.3,    4.3,    0.0,    0.0,    0.0,    0.0,    0.8,   65.4,    0.0,   98.2,   98.1,    1.8,    1.9,  100.0,   94.1,   28.4,    3.3,    4.3,    0.0,    0.0,    0.0,    0.0,    0.8,   65.4,    0.0,   98.2,   98.1,    1.8,    1.9,  100.0,    0.0,    0.0,    0.0,    0.0,    0.0,    0.0,    0.0,    0.0,    0.0,    0.0,    0.0,    0.0,    0.0,    0.0,    0.0,     30,     12,      7,.,.,      0,      0,      0,      0,.,      8,      0,     14,     16,     30,     12,      7,.,.,      0,      0,      0,      0,.,      8,      0,     14,     16,      0,      0,      0,      0,      0,      0,      0,      0,      0,      0,      0,      0,      0,      0,    66.1,    62.6,    88.8,    85.2,    66.1,    62.6,    88.8,    85.2,    66.1,    62.6,    88.8,    85.2,    66.1,    62.6,    88.8,    85.2,     0.0,     0.0,     0.0,     0.0,     0.0,     0.0,     0.0,     0.0,1000 Texas RECs,006NHT,NODX,006 ,N60,FutOnly
TX REC CRS V27 BACK HALF - NODAL EXCHANGE,260721,2026-07-21,006NHU,NODX,01,006 ,    6611,    5789,    1902,       0,     400,       0,       0,       0,       0,     540,    4038,       0,    6329,    6340,     282,     271,    6611,    5789,    1902,       0,     400,       0,       0,       0,       0,     540,    4038,       0,    6329,    6340,     282,     271,       0,       0,       0,       0,       0,       0,       0,       0,       0,       0,       0,       0,       0,       0,       0,       0,       0,       0,       0,       0,       0,       0,       0,       0,       0,       0,       0,       0,       0,       0,       0,       0,  100.0,   87.6,   28.8,    0.0,    6.1,    0.0,    0.0,    0.0,    0.0,    8.2,   61.1,    0.0,   95.7,   95.9,    4.3,    4.1,  100.0,   87.6,   28.8,    0.0,    6.1,    0.0,    0.0,    0.0,    0.0,    8.2,   61.1,    0.0,   95.7,   95.9,    4.3,    4.1,  100.0,    0.0,    0.0,    0.0,    0.0,    0.0,    0.0,    0.0,    0.0,    0.0,    0.0,    0.0,    0.0,    0.0,    0.0,    0.0,     32,     13,      6,      0,.,      0,      0,      0,      0,      5,      6,      0,     18,     14,     32,     13,      6,      0,.,      0,      0,      0,      0,      5,      6,      0,     18,     14,      0,      0,      0,      0,      0,      0,      0,      0,      0,      0,      0,      0,      0,      0,    65.7,    72.9,    84.3,    89.4,    65.7,    72.9,    84.3,    89.4,    65.7,    72.9,    84.3,    89.4,    65.7,    72.9,    84.3,    89.4,     0.0,     0.0,     0.0,     0.0,     0.0,     0.0,     0.0,     0.0,1000 Texas RECs,006NHU,NODX,006 ,N60,FutOnly
TX REC CRS V28 BACK HALF - NODAL EXCHANGE,260721,2026-07-21,006NHV,NODX,01,006 ,    5349,    3617,    1546,      25,     412,       0,     164,       0,       0,     820,    2652,     441,    5067,    5051,     282,     298,    5349,    3617,    1546,      25,     412,       0,     164,       0,       0,     820,    2652,     441,    5067,    5051,     282,     298,       0,       0,       0,       0,       0,       0,       0,       0,       0,       0,       0,       0,       0,       0,       0,       0,       1,       1,       0,       0,       0,       0,       0,       0,       0,       0,       1,       0,       1,       1,       0,       0,  100.0,   67.6,   28.9,    0.5,    7.7,    0.0,    3.1,    0.0,    0.0,   15.3,   49.6,    8.2,   94.7,   94.4,    5.3,    5.6,  100.0,   67.6,   28.9,    0.5,    7.7,    0.0,    3.1,    0.0,    0.0,   15.3,   49.6,    8.2,   94.7,   94.4,    5.3,    5.6,  100.0,    0.0,    0.0,    0.0,    0.0,    0.0,    0.0,    0.0,    0.0,    0.0,    0.0,    0.0,    0.0,    0.0,    0.0,    0.0,     31,     13,      6,.,.,      0,.,      0,      0,      6,.,.,     21,     11,     31,     13,      6,.,.,      0,.,      0,      0,      6,.,.,     21,     11,      0,      0,      0,      0,      0,      0,      0,      0,      0,      0,      0,      0,      0,      0,    44.1,    68.6,    70.0,    88.1,    37.6,    68.1,    61.8,    82.7,    44.1,    68.6,    70.0,    88.1,    37.6,    68.1,    61.8,    82.7,     0.0,     0.0,     0.0,     0.0,     0.0,     0.0,     0.0,     0.0,1000 Texas RECs,006NHV,NODX,006 ,N60,FutOnly
TX REC CRS V29 BACK HALF - NODAL EXCHANGE,260721,2026-07-21,006NHW,NODX,01,006 ,    5021,    4642,    1278,       0,     587,       0,       0,       0,       0,     277,    3054,       0,    4919,    4919,     102,     102,    5021,    4642,    1278,       0,     587,       0,       0,       0,       0,     277,    3054,       0,    4919,    4919,     102,     102,       0,       0,       0,       0,       0,       0,       0,       0,       0,       0,       0,       0,       0,       0,       0,       0,       0,       0,       0,       0,       0,       0,       0,       0,       0,       0,       0,       0,       0,       0,       0,       0,  100.0,   92.5,   25.5,    0.0,   11.7,    0.0,    0.0,    0.0,    0.0,    5.5,   60.8,    0.0,   98.0,   98.0,    2.0,    2.0,  100.0,   92.5,   25.5,    0.0,   11.7,    0.0,    0.0,    0.0,    0.0,    5.5,   60.8,    0.0,   98.0,   98.0,    2.0,    2.0,  100.0,    0.0,    0.0,    0.0,    0.0,    0.0,    0.0,    0.0,    0.0,    0.0,    0.0,    0.0,    0.0,    0.0,    0.0,    0.0,     29,     13,      4,      0,.,      0,      0,      0,      0,      4,      5,      0,     17,     12,     29,     13,      4,      0,.,      0,      0,      0,      0,      4,      5,      0,     17,     12,      0,      0,      0,      0,      0,      0,      0,      0,      0,      0,      0,      0,      0,      0,    71.6,    75.5,    88.1,    93.0,    71.6,    75.5,    88.1,    93.0,    71.6,    75.5,    88.1,    93.0,    71.6,    75.5,    88.1,    93.0,     0.0,     0.0,     0.0,     0.0,     0.0,     0.0,     0.0,     0.0,1000 Texas RECs,006NHW,NODX,006 ,N60,FutOnly
TX REC CRS V30 BACK HALF - NODAL EXCHANGE,260721,2026-07-21,006NHX,NODX,01,006 ,    2923,    2631,     355,       0,     275,       0,       0,       0,       0,     148,    2140,       0,    2779,    2770,     144,     153,    2923,    2631,     355,       0,     275,       0,       0,       0,       0,     148,    2140,       0,    2779,    2770,     144,     153,       0,       0,       0,       0,       0,       0,       0,       0,       0,       0,       0,       0,       0,       0,       0,       0,       0,       0,       0,       0,       0,       0,       0,       0,       0,       0,       0,       0,       0,       0,       0,       0,  100.0,   90.0,   12.1,    0.0,    9.4,    0.0,    0.0,    0.0,    0.0,    5.1,   73.2,    0.0,   95.1,   94.8,    4.9,    5.2,  100.0,   90.0,   12.1,    0.0,    9.4,    0.0,    0.0,    0.0,    0.0,    5.1,   73.2,    0.0,   95.1,   94.8,    4.9,    5.2,  100.0,    0.0,    0.0,    0.0,    0.0,    0.0,    0.0,    0.0,    0.0,    0.0,    0.0,    0.0,    0.0,    0.0,    0.0,    0.0,     26,     11,      6,      0,.,      0,      0,      0,      0,.,      6,      0,     14,     14,     26,     11,      6,      0,.,      0,      0,      0,      0,.,      6,      0,     14,     14,      0,      0,      0,      0,      0,      0,      0,      0,      0,      0,      0,      0,      0,      0,    70.7,    74.0,    86.2,    88.7,    69.8,    74.0,    85.3,    88.5,    70.7,    74.0,    86.2,    88.7,    69.8,    74.0,    85.3,    88.5,     0.0,     0.0,     0.0,     0.0,     0.0,     0.0,     0.0,     0.0,"(1,000 MWh representing 1,000 Texas RECs)",006NHX,NODX,006 ,N60,FutOnly
TX REC CRS V26 FRONT HALF - NODAL EXCHANGE,260721,2026-07-21,006NHY,NODX,01,006 ,    7910,    7251,    2906,       0,    1112,       0,       0,       0,       0,     328,    3562,       0,    7579,    7580,     331,     330,    7910,    7251,    2906,       0,    1112,       0,       0,       0,       0,     328,    3562,       0,    7579,    7580,     331,     330,       0,       0,       0,       0,       0,       0,       0,       0,       0,       0,       0,       0,       0,       0,       0,       0,      80,      80,     100,       0,       0,       0,       0,       0,       0,       0,     -20,       0,      80,      80,       0,       0,  100.0,   91.7,   36.7,    0.0,   14.1,    0.0,    0.0,    0.0,    0.0,    4.1,   45.0,    0.0,   95.8,   95.8,    4.2,    4.2,  100.0,   91.7,   36.7,    0.0,   14.1,    0.0,    0.0,    0.0,    0.0,    4.1,   45.0,    0.0,   95.8,   95.8,    4.2,    4.2,  100.0,    0.0,    0.0,    0.0,    0.0,    0.0,    0.0,    0.0,    0.0,    0.0,    0.0,    0.0,    0.0,    0.0,    0.0,    0.0,     31,     15,      5,      0,.,      0,      0,      0,      0,.,      5,      0,     18,     13,     31,     15,      5,      0,.,      0,      0,      0,      0,.,      5,      0,     18,     13,      0,      0,      0,      0,      0,      0,      0,      0,      0,      0,      0,      0,      0,      0,    65.9,    55.4,    81.4,    81.6,    65.9,    55.4,    81.4,    81.6,    65.9,    55.4,    81.4,    81.6,    65.9,    55.4,    81.4,    81.6,     0.0,     0.0,     0.0,     0.0,     0.0,     0.0,     0.0,     0.0,1000 Texas RECs,006NHY,NODX,006 ,N60,FutOnly
TX REC CRS V27 FRONT HALF - NODAL EXCHANGE,260721,2026-07-21,006NHZ,NODX,01,006 ,    7307,    5888,    3372,       0,     703,       0,       0,       0,       0,    1339,    3129,       0,    7227,    7204,      80,     103,    7307,    5888,    3372,       0,     703,       0,       0,       0,       0,    1339,    3129,       0,    7227,    7204,      80,     103,       0,       0,       0,       0,       0,       0,       0,       0,       0,       0,       0,       0,       0,       0,       0,       0,      -4,       0,      -6,       0,       0,       0,       0,       0,       0,       4,      10,       0,       4,       4,      -8,      -8,  100.0,   80.6,   46.1,    0.0,    9.6,    0.0,    0.0,    0.0,    0.0,   18.3,   42.8,    0.0,   98.9,   98.6,    1.1,    1.4,  100.0,   80.6,   46.1,    0.0,    9.6,    0.0,    0.0,    0.0,    0.0,   18.3,   42.8,    0.0,   98.9,   98.6,    1.1,    1.4,  100.0,    0.0,    0.0,    0.0,    0.0,    0.0,    0.0,    0.0,    0.0,    0.0,    0.0,    0.0,    0.0,    0.0,    0.0,    0.0,     33,     15,      7,      0,.,      0,      0,      0,      0,      7,.,      0,     22,     12,     33,     15,      7,      0,.,      0,      0,      0,      0,      7,.,      0,     22,     12,      0,      0,      0,      0,      0,      0,      0,      0,      0,      0,      0,      0,      0,      0,    60.6,    76.5,    79.6,    94.5,    60.6,    76.2,    79.6,    94.2,    60.6,    76.5,    79.6,    94.5,    60.6,    76.2,    79.6,    94.2,     0.0,     0.0,     0.0,     0.0,     0.0,     0.0,     0.0,     0.0,1000 Texas RECs,006NHZ,NODX,006 ,N60,FutOnly
TX REC CRS V28 FRONT HALF - NODAL EXCHANGE,260721,2026-07-21,006NJ1,NODX,01,006 ,    6195,    5344,    2392,       0,     538,       0,       0,       0,       0,     651,    3057,       0,    5995,    5987,     200,     208,    6195,    5344,    2392,       0,     538,       0,       0,       0,       0,     651,    3057,       0,    5995,    5987,     200,     208,       0,       0,       0,       0,       0,       0,       0,       0,       0,       0,       0,       0,       0,       0,       0,       0,       0,       0,       0,       0,       0,       0,       0,       0,       0,       0,       0,       0,       0,       0,       0,       0,  100.0,   86.3,   38.6,    0.0,    8.7,    0.0,    0.0,    0.0,    0.0,   10.5,   49.3,    0.0,   96.8,   96.6,    3.2,    3.4,  100.0,   86.3,   38.6,    0.0,    8.7,    0.0,    0.0,    0.0,    0.0,   10.5,   49.3,    0.0,   96.8,   96.6,    3.2,    3.4,  100.0,    0.0,    0.0,    0.0,    0.0,    0.0,    0.0,    0.0,    0.0,    0.0,    0.0,    0.0,    0.0,    0.0,    0.0,    0.0,     27,     12,      7,      0,.,      0,      0,      0,      0,.,      5,      0,     15,     13,     27,     12,      7,      0,.,      0,      0,      0,      0,.,      5,      0,     15,     13,      0,      0,      0,      0,      0,      0,      0,      0,      0,      0,      0,      0,      0,      0,    63.6,    73.9,    82.9,    91.2,    62.8,    73.9,    82.1,    91.2,    63.6,    73.9,    82.9,    91.2,    62.8,    73.9,    82.1,    91.2,     0.0,     0.0,     0.0,     0.0,     0.0,     0.0,     0.0,     0.0,1000 Texas RECs,006NJ1,NODX,006 ,N60,FutOnly
TX REC CRS V29 FRONT HALF - NODAL EXCHANGE,260721,2026-07-21,006NJ2,NODX,01,006 ,    6269,    5025,    2661,       0,     713,       0,       0,       0,       0,    1086,    2757,      25,    6136,    6156,     133,     113,    6269,    5025,    2661,       0,     713,       0,       0,       0,       0,    1086,    2757,      25,    6136,    6156,     133,     113,       0,       0,       0,       0,       0,       0,       0,       0,       0,       0,       0,       0,       0,       0,       0,       0,       0,       0,       0,       0,       0,       0,       0,       0,       0,       0,       0,       0,       0,       0,       0,       0,  100.0,   80.2,   42.4,    0.0,   11.4,    0.0,    0.0,    0.0,    0.0,   17.3,   44.0,    0.4,   97.9,   98.2,    2.1,    1.8,  100.0,   80.2,   42.4,    0.0,   11.4,    0.0,    0.0,    0.0,    0.0,   17.3,   44.0,    0.4,   97.9,   98.2,    2.1,    1.8,  100.0,    0.0,    0.0,    0.0,    0.0,    0.0,    0.0,    0.0,    0.0,    0.0,    0.0,    0.0,    0.0,    0.0,    0.0,    0.0,     30,     10,      9,      0,.,      0,      0,      0,      0,      6,.,.,     16,     16,     30,     10,      9,      0,.,      0,      0,      0,      0,      6,.,.,     16,     16,      0,      0,      0,      0,      0,      0,      0,      0,      0,      0,      0,      0,      0,      0,    70.5,    76.6,    89.0,    91.9,    69.9,    76.6,    88.4,    91.9,    70.5,    76.6,    89.0,    91.9,    69.9,    76.6,    88.4,    91.9,     0.0,     0.0,     0.0,     0.0,     0.0,     0.0,     0.0,     0.0,1000 Texas RECs,006NJ2,NODX,006 ,N60,FutOnly
TX REC CRS V30 FRONT HALF - NODAL EXCHANGE,260721,2026-07-21,006NJ3,NODX,01,006 ,    2667,    2174,     363,       0,     400,       0,       0,       0,       0,     336,    1724,       0,    2510,    2487,     157,     180,    2667,    2174,     363,       0,     400,       0,       0,       0,       0,     336,    1724,       0,    2510,    2487,     157,     180,       0,       0,       0,       0,       0,       0,       0,       0,       0,       0,       0,       0,       0,       0,       0,       0,       0,       0,       0,       0,       0,       0,       0,       0,       0,       0,       0,       0,       0,       0,       0,       0,  100.0,   81.5,   13.6,    0.0,   15.0,    0.0,    0.0,    0.0,    0.0,   12.6,   64.6,    0.0,   94.1,   93.3,    5.9,    6.7,  100.0,   81.5,   13.6,    0.0,   15.0,    0.0,    0.0,    0.0,    0.0,   12.6,   64.6,    0.0,   94.1,   93.3,    5.9,    6.7,  100.0,    0.0,    0.0,    0.0,    0.0,    0.0,    0.0,    0.0,    0.0,    0.0,    0.0,    0.0,    0.0,    0.0,    0.0,    0.0,     23,      9,      6,      0,.,      0,      0,      0,      0,.,      6,      0,     11,     14,     23,      9,      6,      0,.,      0,      0,      0,      0,.,      6,      0,     11,     14,      0,      0,      0,      0,      0,      0,      0,      0,      0,      0,      0,      0,      0,      0,    70.5,    68.7,    88.5,    83.8,    68.5,    68.7,    86.5,    83.8,    70.5,    68.7,    88.5,    83.8,    68.5,    68.7,    86.5,    83.8,     0.0,     0.0,     0.0,     0.0,     0.0,     0.0,     0.0,     0.0,1000 Texas RECs,006NJ3,NODX,006 ,N60,FutOnly
TX REC CRS V31 BACK HALF - NODAL EXCHANGE,260721,2026-07-21,006NKH,NODX,01,006 ,    1674,    1181,     409,     212,      50,       0,       0,       0,       0,     181,    1115,       0,    1574,    1574,     100,     100,    1674,    1181,     409,     212,      50,       0,       0,       0,       0,     181,    1115,       0,    1574,    1574,     100,     100,       0,       0,       0,       0,       0,       0,       0,       0,       0,       0,       0,       0,       0,       0,       0,       0,       0,       0,       0,       0,       0,       0,       0,       0,       0,       0,       0,       0,       0,       0,       0,       0,  100.0,   70.5,   24.4,   12.7,    3.0,    0.0,    0.0,    0.0,    0.0,   10.8,   66.6,    0.0,   94.0,   94.0,    6.0,    6.0,  100.0,   70.5,   24.4,   12.7,    3.0,    0.0,    0.0,    0.0,    0.0,   10.8,   66.6,    0.0,   94.0,   94.0,    6.0,    6.0,  100.0,    0.0,    0.0,    0.0,    0.0,    0.0,    0.0,    0.0,    0.0,    0.0,    0.0,    0.0,    0.0,    0.0,    0.0,    0.0,     20,      7,      6,.,.,      0,      0,      0,      0,.,.,      0,     12,     10,     20,      7,      6,.,.,      0,      0,      0,      0,.,.,      0,     12,     10,      0,      0,      0,      0,      0,      0,      0,      0,      0,      0,      0,      0,      0,      0,    62.8,    78.6,    85.1,    91.0,    59.6,    78.6,    82.0,    90.9,    62.8,    78.6,    85.1,    91.0,    59.6,    78.6,    82.0,    90.9,     0.0,     0.0,     0.0,     0.0,     0.0,     0.0,     0.0,     0.0,1000 Texas RECs,006NKH,NODX,006 ,N60,FutOnly
NEW JERSEY RECs CLASS 2 V2026 - NODAL EXCHANGE,260721,2026-07-21,006NLD,NODX,01,006 ,    9960,    5670,     392,     505,    9568,       0,     690,       0,       0,    3080,       0,       0,    9945,    9960,      15,       0,    9960,    5670,     392,     505,    9568,       0,     690,       0,       0,    3080,       0,       0,    9945,    9960,      15,       0,       0,       0,       0,       0,       0,       0,       0,       0,       0,       0,       0,       0,       0,       0,       0,       0,       0,       0,       0,       0,       0,       0,       0,       0,       0,       0,       0,       0,       0,       0,       0,       0,  100.0,   56.9,    3.9,    5.1,   96.1,    0.0,    6.9,    0.0,    0.0,   30.9,    0.0,    0.0,   99.8,  100.0,    0.2,    0.0,  100.0,   56.9,    3.9,    5.1,   96.1,    0.0,    6.9,    0.0,    0.0,   30.9,    0.0,    0.0,   99.8,  100.0,    0.2,    0.0,  100.0,    0.0,    0.0,    0.0,    0.0,    0.0,    0.0,    0.0,    0.0,    0.0,    0.0,    0.0,    0.0,    0.0,    0.0,    0.0,     20,     10,.,.,.,      0,.,      0,      0,      4,      0,      0,     16,      4,     20,     10,.,.,.,      0,.,      0,      0,      4,      0,      0,     16,      4,      0,      0,      0,      0,      0,      0,      0,      0,      0,      0,      0,      0,      0,      0,    51.7,   100.0,    84.3,   100.0,    51.7,   100.0,    84.3,   100.0,    51.7,   100.0,    84.3,   100.0,    51.7,   100.0,    84.3,   100.0,     0.0,     0.0,     0.0,     0.0,     0.0,     0.0,     0.0,     0.0,100 MWh representing 100 NJ Class 2 RECs,006NLD,NODX,006 ,N60,FutOnly
PENNSYLVANIA AEC TIER 2-V2026 - NODAL EXCHANGE,260721,2026-07-21,006NLV,NODX,01,006 ,   28061,   16120,   13494,    1394,    1573,       0,    3951,       0,       0,    6496,   12894,       0,   27961,   27961,     100,     100,   28061,   16120,   13494,    1394,    1573,       0,    3951,       0,       0,    6496,   12894,       0,   27961,   27961,     100,     100,       0,       0,       0,       0,       0,       0,       0,       0,       0,       0,       0,       0,       0,       0,       0,       0,     280,     400,     330,       0,       0,       0,       0,       0,       0,    -120,     -50,       0,     280,     280,       0,       0,  100.0,   57.4,   48.1,    5.0,    5.6,    0.0,   14.1,    0.0,    0.0,   23.1,   45.9,    0.0,   99.6,   99.6,    0.4,    0.4,  100.0,   57.4,   48.1,    5.0,    5.6,    0.0,   14.1,    0.0,    0.0,   23.1,   45.9,    0.0,   99.6,   99.6,    0.4,    0.4,  100.0,    0.0,    0.0,    0.0,    0.0,    0.0,    0.0,    0.0,    0.0,    0.0,    0.0,    0.0,    0.0,    0.0,    0.0,    0.0,     33,     13,      8,.,.,      0,.,      0,      0,      6,.,      0,     23,     12,     33,     13,      8,.,.,      0,.,      0,      0,      6,.,      0,     23,     12,      0,      0,      0,      0,      0,      0,      0,      0,      0,      0,      0,      0,      0,      0,    59.1,    78.8,    82.4,    95.3,    59.1,    78.8,    80.0,    94.8,    59.1,    78.8,    82.4,    95.3,    59.1,    78.8,    80.0,    94.8,     0.0,     0.0,     0.0,     0.0,     0.0,     0.0,     0.0,     0.0,(100 MWh = 100 Tier 2  AECs),006NLV,NODX,006 ,N60,FutOnly
NEW JERSEY RECs CLASS 2 V2027 - NODAL EXCHANGE,260721,2026-07-21,006NMM,NODX,01,006 ,   10756,    5940,    1800,     321,    8606,       0,    1150,       0,       0,    3345,     350,       0,   10756,   10756,       0,       0,   10756,    5940,    1800,     321,    8606,       0,    1150,       0,       0,    3345,     350,       0,   10756,   10756,       0,       0,       0,       0,       0,       0,       0,       0,       0,       0,       0,       0,       0,       0,       0,       0,       0,       0,     100,     100,    -500,       0,     250,       0,       0,       0,       0,       0,     350,       0,     100,     100,       0,       0,  100.0,   55.2,   16.7,    3.0,   80.0,    0.0,   10.7,    0.0,    0.0,   31.1,    3.3,    0.0,  100.0,  100.0,    0.0,    0.0,  100.0,   55.2,   16.7,    3.0,   80.0,    0.0,   10.7,    0.0,    0.0,   31.1,    3.3,    0.0,  100.0,  100.0,    0.0,    0.0,  100.0,    0.0,    0.0,    0.0,    0.0,    0.0,    0.0,    0.0,    0.0,    0.0,    0.0,    0.0,    0.0,    0.0,    0.0,    0.0,     23,     11,.,.,.,      0,.,      0,      0,      5,.,      0,     18,      5,     23,     11,.,.,.,      0,.,      0,      0,      5,.,      0,     18,      5,      0,      0,      0,      0,      0,      0,      0,      0,      0,      0,      0,      0,      0,      0,    55.1,    96.7,    82.0,   100.0,    55.1,    96.7,    82.0,   100.0,    55.1,    96.7,    82.0,   100.0,    55.1,    96.7,    82.0,   100.0,     0.0,     0.0,     0.0,     0.0,     0.0,     0.0,     0.0,     0.0,(100 MWh representing 100 NJ Class 2 RECs),006NMM,NODX,006 ,N60,FutOnly
PENNSYLVANIA AEC TIER 2-V2027 - NODAL EXCHANGE,260721,2026-07-21,006NMT,NODX,01,006 ,   25913,   17625,   14659,    1020,     500,       0,    2500,       0,       0,    4633,   10619,       0,   25778,   25778,     135,     135,   25913,   17625,   14659,    1020,     500,       0,    2500,       0,       0,    4633,   10619,       0,   25778,   25778,     135,     135,       0,       0,       0,       0,       0,       0,       0,       0,       0,       0,       0,       0,       0,       0,       0,       0,       0,       0,     350,       0,       0,       0,       0,       0,       0,       0,    -350,       0,       0,       0,       0,       0,  100.0,   68.0,   56.6,    3.9,    1.9,    0.0,    9.6,    0.0,    0.0,   17.9,   41.0,    0.0,   99.5,   99.5,    0.5,    0.5,  100.0,   68.0,   56.6,    3.9,    1.9,    0.0,    9.6,    0.0,    0.0,   17.9,   41.0,    0.0,   99.5,   99.5,    0.5,    0.5,  100.0,    0.0,    0.0,    0.0,    0.0,    0.0,    0.0,    0.0,    0.0,    0.0,    0.0,    0.0,    0.0,    0.0,    0.0,    0.0,     32,     14,      6,.,.,      0,.,      0,      0,      5,      4,      0,     22,     11,     32,     14,      6,.,.,      0,.,      0,      0,      5,      4,      0,     22,     11,      0,      0,      0,      0,      0,      0,      0,      0,      0,      0,      0,      0,      0,      0,    49.7,    80.6,    70.9,    97.5,    49.7,    80.6,    70.9,    97.3,    49.7,    80.6,    70.9,    97.5,    49.7,    80.6,    70.9,    97.3,     0.0,     0.0,     0.0,     0.0,     0.0,     0.0,     0.0,     0.0,(100 MWh = 100 Tier 2  AECs),006NMT,NODX,006 ,N60,FutOnly
PENNSYLVANIA AEC TIER 2-V2028 - NODAL EXCHANGE,260721,2026-07-21,006NMX,NODX,01,006 ,   20780,   16715,   12740,     550,       0,       0,     550,       0,       0,    2965,    8040,       0,   20780,   20780,       0,       0,   20780,   16715,   12740,     550,       0,       0,     550,       0,       0,    2965,    8040,       0,   20780,   20780,       0,       0,       0,       0,       0,       0,       0,       0,       0,       0,       0,       0,       0,       0,       0,       0,       0,       0,     150,     200,       0,       0,       0,       0,       0,       0,       0,     -50,     150,       0,     150,     150,       0,       0,  100.0,   80.4,   61.3,    2.6,    0.0,    0.0,    2.6,    0.0,    0.0,   14.3,   38.7,    0.0,  100.0,  100.0,    0.0,    0.0,  100.0,   80.4,   61.3,    2.6,    0.0,    0.0,    2.6,    0.0,    0.0,   14.3,   38.7,    0.0,  100.0,  100.0,    0.0,    0.0,  100.0,    0.0,    0.0,    0.0,    0.0,    0.0,    0.0,    0.0,    0.0,    0.0,    0.0,    0.0,    0.0,    0.0,    0.0,    0.0,     27,     11,      5,.,      0,      0,.,      0,      0,      6,.,      0,     20,      7,     27,     11,      5,.,      0,      0,.,      0,      0,      6,.,      0,     20,      7,      0,      0,      0,      0,      0,      0,      0,      0,      0,      0,      0,      0,      0,      0,    56.5,    97.4,    80.1,   100.0,    56.5,    97.4,    80.1,   100.0,    56.5,    97.4,    80.1,   100.0,    56.5,    97.4,    80.1,   100.0,     0.0,     0.0,     0.0,     0.0,     0.0,     0.0,     0.0,     0.0,(100 MWh = 100 Tier 2  AECs),006NMX,NODX,006 ,N60,FutOnly
SOYBEAN OIL - CHICAGO BOARD OF TRADE,260721,2026-07-21,007601,CBT ,00,007 ,  661652,  195093,  404824,   92823,    7967,   21840,  143159,   22913,   90712,   27248,   33352,   53327,  624202,  634935,   37450,   26717,  156723,   96108,   97924,    8307,    6848,     552,   28277,   14386,    2996,   11524,   24440,    1372,  149136,  148518,    7587,    8205,  504929,   98985,  306900,   88232,    4835,   17572,  130620,   24265,   71978,   28527,   21715,   39152,  475066,  486417,   29863,   18512,   23550,     390,   14545,    7043,    -596,    -428,    9838,   -2463,    6523,     620,    6022,    -995,   22991,   22608,     559,     942,  100.0,   29.5,   61.2,   14.0,    1.2,    3.3,   21.6,    3.5,   13.7,    4.1,    5.0,    8.1,   94.3,   96.0,    5.7,    4.0,  100.0,   61.3,   62.5,    5.3,    4.4,    0.4,   18.0,    9.2,    1.9,    7.4,   15.6,    0.9,   95.2,   94.8,    4.8,    5.2,  100.0,   19.6,   60.8,   17.5,    1.0,    3.5,   25.9,    4.8,   14.3,    5.6,    4.3,    7.8,   94.1,   96.3,    5.9,    3.7,    333,     79,     89,     21,      9,     14,     88,     23,     56,     43,     36,     49,    286,    230,    214,     63,     61,     10,     11,      4,     27,     22,     11,     22,     27,     10,    137,    131,    316,     61,     79,     22,      7,     11,     83,     23,     48,     39,     36,     40,    251,    205,    10.2,    22.5,    17.2,    34.4,     7.7,    21.2,    12.6,    27.0,    29.5,    27.9,    43.3,    38.1,    27.5,    27.9,    40.8,    35.9,    10.9,    23.7,    18.8,    36.8,    10.0,    21.3,    16.1,    33.8,"(CONTRACTS OF 60,000 POUNDS)",007601,CBT ,007 ,A30,FutOnly
USGC HSFO (PLATTS) - ICE FUTURES ENERGY DIV,260721,2026-07-21,02141B,IFED,01,021 ,   26110,   12432,   23865,    1648,     442,     181,       0,       0,       0,   10377,      76,    1397,   26035,   25961,      75,     149,   26110,   12432,   23865,    1648,     442,     181,       0,       0,       0,   10377,      76,    1397,   26035,   25961,      75,     149,       0,       0,       0,       0,       0,       0,       0,       0,       0,       0,       0,       0,       0,       0,       0,       0,    2524,    1253,    1507,      13,      10,      20,       0,       0,       0,     185,     -51,    1024,    2495,    2510,      29,      14,  100.0,   47.6,   91.4,    6.3,    1.7,    0.7,    0.0,    0.0,    0.0,   39.7,    0.3,    5.4,   99.7,   99.4,    0.3,    0.6,  100.0,   47.6,   91.4,    6.3,    1.7,    0.7,    0.0,    0.0,    0.0,   39.7,    0.3,    5.4,   99.7,   99.4,    0.3,    0.6,  100.0,    0.0,    0.0,    0.0,    0.0,    0.0,    0.0,    0.0,    0.0,    0.0,    0.0,    0.0,    0.0,    0.0,    0.0,    0.0,     56,     24,     38,.,      4,      5,      0,      0,      0,      8,.,      4,     40,     48,     56,     24,     38,.,      4,      5,      0,      0,      0,      8,.,      4,     40,     48,      0,      0,      0,      0,      0,      0,      0,      0,      0,      0,      0,      0,      0,      0,    45.8,    32.6,    65.6,    49.8,    37.5,    20.6,    47.9,    33.0,    45.8,    32.6,    65.6,    49.8,    37.5,    20.6,    47.9,    33.0,     0.0,     0.0,     0.0,     0.0,     0.0,     0.0,     0.0,     0.0,(1000 barrels),02141B,IFED,021 ,N10,FutOnly
FUEL OIL-3% USGC/3.5% FOB RDAM - ICE FUTURES ENERGY DIV,260721,2026-07-21,02141C,IFED,01,021 ,   15573,    8768,    6809,    4664,     751,       5,       0,    2760,       0,    1323,    4430,     788,   15548,   15543,      25,      30,   15573,    8768,    6809,    4664,     751,       5,       0,    2760,       0,    1323,    4430,     788,   15548,   15543,      25,      30,       0,       0,       0,       0,       0,       0,       0,       0,       0,       0,       0,       0,       0,       0,       0,       0,     529,     409,     392,       0,     -75,       5,       0,       0,       0,       0,      82,     125,     539,     529,     -10,       0,  100.0,   56.3,   43.7,   29.9,    4.8,    0.0,    0.0,   17.7,    0.0,    8.5,   28.4,    5.1,   99.8,   99.8,    0.2,    0.2,  100.0,   56.3,   43.7,   29.9,    4.8,    0.0,    0.0,   17.7,    0.0,    8.5,   28.4,    5.1,   99.8,   99.8,    0.2,    0.2,  100.0,    0.0,    0.0,    0.0,    0.0,    0.0,    0.0,    0.0,    0.0,    0.0,    0.0,    0.0,    0.0,    0.0,    0.0,    0.0,     42,     19,     17,      5,.,.,      0,.,      0,.,      6,      5,     30,     28,     42,     19,     17,      5,.,.,      0,.,      0,.,      6,      5,     30,     28,      0,      0,      0,      0,      0,      0,      0,      0,      0,      0,      0,      0,      0,      0,    45.6,    57.3,    68.3,    76.3,    41.9,    50.9,    56.3,    64.5,    45.6,    57.3,    68.3,    76.3,    41.9,    50.9,    56.3,    64.5,     0.0,     0.0,     0.0,     0.0,     0.0,     0.0,     0.0,     0.0,(1000 barrels),02141C,IFED,021 ,N10,FutOnly
USGC HSFO-PLATTS/BRENT 1ST LN  - ICE FUTURES ENERGY DIV,260721,2026-07-21,02141R,IFED,01,021 ,   12460,   10602,    6631,      57,     765,       0,       0,      40,      60,     168,    3430,    1423,   12310,   12349,     150,     111,   12460,   10602,    6631,      57,     765,       0,       0,      40,      60,     168,    3430,    1423,   12310,   12349,     150,     111,       0,       0,       0,       0,       0,       0,       0,       0,       0,       0,       0,       0,       0,       0,       0,       0,     536,     591,     299,       0,      60,       0,       0,       0,       0,      -3,     233,     -32,     556,     560,     -20,     -24,  100.0,   85.1,   53.2,    0.5,    6.1,    0.0,    0.0,    0.3,    0.5,    1.3,   27.5,   11.4,   98.8,   99.1,    1.2,    0.9,  100.0,   85.1,   53.2,    0.5,    6.1,    0.0,    0.0,    0.3,    0.5,    1.3,   27.5,   11.4,   98.8,   99.1,    1.2,    0.9,  100.0,    0.0,    0.0,    0.0,    0.0,    0.0,    0.0,    0.0,    0.0,    0.0,    0.0,    0.0,    0.0,    0.0,    0.0,    0.0,     45,     24,     18,.,.,      0,      0,.,.,.,      7,      5,     32,     30,     45,     24,     18,.,.,      0,      0,.,.,.,      7,      5,     32,     30,      0,      0,      0,      0,      0,      0,      0,      0,      0,      0,      0,      0,      0,      0,    50.7,    47.7,    66.6,    74.0,    46.6,    46.8,    59.0,    62.2,    50.7,    47.7,    66.6,    74.0,    46.6,    46.8,    59.0,    62.2,     0.0,     0.0,     0.0,     0.0,     0.0,     0.0,     0.0,     0.0,(1000 Barrels),02141R,IFED,021 ,N10,FutOnly
NY HARBOR ULSD - NEW YORK MERCANTILE EXCHANGE,260721,2026-07-21,022651,NYME,01,022 ,  259203,   47969,  124547,   51813,    9131,   11994,   36734,   23353,   20242,   11533,   15200,   28645,  208930,  233112,   50273,   26091,  259203,   47969,  124547,   51813,    9131,   11994,   36734,   23353,   20242,   11533,   15200,   28645,  208930,  233112,   50273,   26091,       0,       0,       0,       0,       0,       0,       0,       0,       0,       0,       0,       0,       0,       0,       0,       0,   -3639,   -5034,   -3280,    1338,    1085,    1076,     362,   -2314,    3186,   -1314,     124,   -2671,   -3057,   -2794,    -582,    -845,  100.0,   18.5,   48.0,   20.0,    3.5,    4.6,   14.2,    9.0,    7.8,    4.4,    5.9,   11.1,   80.6,   89.9,   19.4,   10.1,  100.0,   18.5,   48.0,   20.0,    3.5,    4.6,   14.2,    9.0,    7.8,    4.4,    5.9,   11.1,   80.6,   89.9,   19.4,   10.1,  100.0,    0.0,    0.0,    0.0,    0.0,    0.0,    0.0,    0.0,    0.0,    0.0,    0.0,    0.0,    0.0,    0.0,    0.0,    0.0,    165,     46,     58,     18,      8,     17,     34,     12,     29,     16,     14,     26,    149,    133,    165,     46,     58,     18,      8,     17,     34,     12,     29,     16,     14,     26,    149,    133,      0,      0,      0,      0,      0,      0,      0,      0,      0,      0,      0,      0,      0,      0,    12.5,    16.0,    20.2,    28.2,    10.1,    13.5,    16.0,    22.2,    12.5,    16.0,    20.2,    28.2,    10.1,    13.5,    16.0,    22.2,     0.0,     0.0,     0.0,     0.0,     0.0,     0.0,     0.0,     0.0,"(CONTRACTS OF 42,000 U.S. GALLONS)",022651,NYME,022 ,N10,FutOnly
UP DOWN GC ULSD VS HO SPR - NEW YORK MERCANTILE EXCHANGE,260721,2026-07-21,022A13,NYME,01,022 ,   32974,   19072,   16468,       0,    8408,       0,       0,    1230,     220,      83,       0,    1136,   20511,   27462,   12463,    5512,   32974,   19072,   16468,       0,    8408,       0,       0,    1230,     220,      83,       0,    1136,   20511,   27462,   12463,    5512,       0,       0,       0,       0,       0,       0,       0,       0,       0,       0,       0,       0,       0,       0,       0,       0,.,.,.,.,.,.,.,.,.,.,.,.,.,.,.,.,  100.0,   57.8,   49.9,    0.0,   25.5,    0.0,    0.0,    3.7,    0.7,    0.3,    0.0,    3.4,   62.2,   83.3,   37.8,   16.7,  100.0,   57.8,   49.9,    0.0,   25.5,    0.0,    0.0,    3.7,    0.7,    0.3,    0.0,    3.4,   62.2,   83.3,   37.8,   16.7,  100.0,    0.0,    0.0,    0.0,    0.0,    0.0,    0.0,    0.0,    0.0,    0.0,    0.0,    0.0,    0.0,    0.0,    0.0,    0.0,     20,     13,     10,      0,.,      0,      0,.,.,.,      0,.,     15,     13,     20,     13,     10,      0,.,      0,      0,.,.,.,      0,.,     15,     13,      0,      0,      0,      0,      0,      0,      0,      0,      0,      0,      0,      0,      0,      0,    41.7,    62.5,    53.6,    77.0,    36.7,    61.1,    45.3,    70.1,    41.7,    62.5,    53.6,    77.0,    36.7,    61.1,    45.3,    70.1,     0.0,     0.0,     0.0,     0.0,     0.0,     0.0,     0.0,     0.0,"(CONTRACTS OF 42,000 GALLONS)",022A13,NYME,022 ,N10,FutOnly
NAT GAS ICE LD1 - ICE FUTURES ENERGY DIV,260721,2026-07-21,023391,IFED,01,023 , 7948088, 4571528, 2378335,  813723, 3104060,  360434,  634794,  436925,  864330,  148761,  279247,  507848, 7901418, 7931179,   46670,   16909, 7948088, 4571528, 2378335,  813723, 3104060,  360434,  634794,  436925,  864330,  148761,  279247,  507848, 7901418, 7931179,   46670,   16909,       0,       0,       0,       0,       0,       0,       0,       0,       0,       0,       0,       0,       0,       0,       0,       0,   30077,   29618,   -4997,   -5314,   -3398,    6552,   23210,   54235,  -21757,    4053,    6264,   -3820,   32542,   33079,   -2465,   -3002,  100.0,   57.5,   29.9,   10.2,   39.1,    4.5,    8.0,    5.5,   10.9,    1.9,    3.5,    6.4,   99.4,   99.8,    0.6,    0.2,  100.0,   57.5,   29.9,   10.2,   39.1,    4.5,    8.0,    5.5,   10.9,    1.9,    3.5,    6.4,   99.4,   99.8,    0.6,    0.2,  100.0,    0.0,    0.0,    0.0,    0.0,    0.0,    0.0,    0.0,    0.0,    0.0,    0.0,    0.0,    0.0,    0.0,    0.0,    0.0,    270,    145,    116,     21,     19,     24,     16,      9,     23,     21,     29,     44,    254,    214,    270,    145,    116,     21,     19,     24,     16,      9,     23,     21,     29,     44,    254,    214,      0,      0,      0,      0,      0,      0,      0,      0,      0,      0,      0,      0,      0,      0,    22.0,    33.9,    35.1,    50.6,    17.4,    30.1,    29.2,    44.6,    22.0,    33.9,    35.1,    50.6,    17.4,    30.1,    29.2,    44.6,     0.0,     0.0,     0.0,     0.0,     0.0,     0.0,     0.0,     0.0,2500 MMBtus,023391,IFED,023 ,N13,FutOnly
NAT GAS ICE PEN - ICE FUTURES ENERGY DIV,260721,2026-07-21,023392,IFED,01,023 ,  690703,  145469,   91221,  195554,   85632,  105457,   12280,  176701,   84515,   75635,   75213,   71209,  690119,  689948,     584,     755,  690703,  145469,   91221,  195554,   85632,  105457,   12280,  176701,   84515,   75635,   75213,   71209,  690119,  689948,     584,     755,       0,       0,       0,       0,       0,       0,       0,       0,       0,       0,       0,       0,       0,       0,       0,       0,   19632,    9441,   -1714,    3347,    6442,    9338,   -6250,   -5991,    8758,   -8790,   -1002,    3754,   19598,   19585,      34,      47,  100.0,   21.1,   13.2,   28.3,   12.4,   15.3,    1.8,   25.6,   12.2,   11.0,   10.9,   10.3,   99.9,   99.9,    0.1,    0.1,  100.0,   21.1,   13.2,   28.3,   12.4,   15.3,    1.8,   25.6,   12.2,   11.0,   10.9,   10.3,   99.9,   99.9,    0.1,    0.1,  100.0,    0.0,    0.0,    0.0,    0.0,    0.0,    0.0,    0.0,    0.0,    0.0,    0.0,    0.0,    0.0,    0.0,    0.0,    0.0,     75,     14,     16,     12,      6,     15,      7,      8,     10,     15,      8,     20,     65,     66,     75,     14,     16,     12,      6,     15,      7,      8,     10,     15,      8,     20,     65,     66,      0,      0,      0,      0,      0,      0,      0,      0,      0,      0,      0,      0,      0,      0,    37.6,    44.0,    56.6,    67.5,    24.1,    31.2,    37.4,    43.2,    37.6,    44.0,    56.6,    67.5,    24.1,    31.2,    37.4,    43.2,     0.0,     0.0,     0.0,     0.0,     0.0,     0.0,     0.0,     0.0,2500 mmbtu,023392,IFED,023 ,N13,FutOnly
SOCAL BORDER FIN BASIS - ICE FUTURES ENERGY DIV,260721,2026-07-21,023393,IFED,01,023 ,  294407,  149517,  227388,   57648,   21307,   15072,   48893,   10740,    4375,     548,     303,    4715,  280768,  283900,   13639,   10507,  294407,  149517,  227388,   57648,   21307,   15072,   48893,   10740,    4375,     548,     303,    4715,  280768,  283900,   13639,   10507,       0,       0,       0,       0,       0,       0,       0,       0,       0,       0,       0,       0,       0,       0,       0,       0,    3577,    8980,    2736,   -2452,   -1168,    1523,   -4441,    -184,     101,    -719,     119,    1339,    4331,    4466,    -754,    -889,  100.0,   50.8,   77.2,   19.6,    7.2,    5.1,   16.6,    3.6,    1.5,    0.2,    0.1,    1.6,   95.4,   96.4,    4.6,    3.6,  100.0,   50.8,   77.2,   19.6,    7.2,    5.1,   16.6,    3.6,    1.5,    0.2,    0.1,    1.6,   95.4,   96.4,    4.6,    3.6,  100.0,    0.0,    0.0,    0.0,    0.0,    0.0,    0.0,    0.0,    0.0,    0.0,    0.0,    0.0,    0.0,    0.0,    0.0,    0.0,     54,     25,     28,.,      5,      6,      4,      4,.,.,.,      5,     42,     46,     54,     25,     28,.,      5,      6,      4,      4,.,.,.,      5,     42,     46,      0,      0,      0,      0,      0,      0,      0,      0,      0,      0,      0,      0,      0,      0,    45.2,    53.4,    64.9,    66.3,    43.9,    49.3,    62.6,    60.6,    45.2,    53.4,    64.9,    66.3,    43.9,    49.3,    62.6,    60.6,     0.0,     0.0,     0.0,     0.0,     0.0,     0.0,     0.0,     0.0,"(Contracts of 2,500  MMBTU'S)",023393,IFED,023 ,N13,FutOnly
PG&E CITYGATE FIN BASIS - ICE FUTURES ENERGY DIV,260721,2026-07-21,023394,IFED,01,023 ,  188211,  143827,  134089,   16271,   28793,    3263,    7906,    7081,    7214,    1448,    1716,     926,  180855,  183082,    7356,    5129,  188211,  143827,  134089,   16271,   28793,    3263,    7906,    7081,    7214,    1448,    1716,     926,  180855,  183082,    7356,    5129,       0,       0,       0,       0,       0,       0,       0,       0,       0,       0,       0,       0,       0,       0,       0,       0,   -3147,    3904,   -4400,   -3862,      35,     927,   -7078,   -2208,    2738,    -345,    -548,     404,   -3312,   -3052,     165,     -95,  100.0,   76.4,   71.2,    8.6,   15.3,    1.7,    4.2,    3.8,    3.8,    0.8,    0.9,    0.5,   96.1,   97.3,    3.9,    2.7,  100.0,   76.4,   71.2,    8.6,   15.3,    1.7,    4.2,    3.8,    3.8,    0.8,    0.9,    0.5,   96.1,   97.3,    3.9,    2.7,  100.0,    0.0,    0.0,    0.0,    0.0,    0.0,    0.0,    0.0,    0.0,    0.0,    0.0,    0.0,    0.0,    0.0,    0.0,    0.0,     50,     30,     25,      6,.,      7,.,      5,      5,.,.,.,     45,     43,     50,     30,     25,      6,.,      7,.,      5,      5,.,.,.,     45,     43,      0,      0,      0,      0,      0,      0,      0,      0,      0,      0,      0,      0,      0,      0,    45.3,    57.7,    58.6,    73.0,    45.2,    52.7,    56.1,    66.4,    45.3,    57.7,    58.6,    73.0,    45.2,    52.7,    56.1,    66.4,     0.0,     0.0,     0.0,     0.0,     0.0,     0.0,     0.0,     0.0,"(Contracts of 2,500  MMBTU'S)",023394,IFED,023 ,N13,FutOnly
NWP ROCKIES FIN BASIS - ICE FUTURES ENERGY DIV,260721,2026-07-21,023395,IFED,01,023 ,  392890,  249519,  227573,   74912,  121095,   15127,   29995,    5486,   10738,       0,    3177,    1044,  381335,  384240,   11555,    8650,  392890,  249519,  227573,   74912,  121095,   15127,   29995,    5486,   10738,       0,    3177,    1044,  381335,  384240,   11555,    8650,       0,       0,       0,       0,       0,       0,       0,       0,       0,       0,       0,       0,       0,       0,       0,       0,    7140,      45,    7865,    1652,    -520,      74,    4505,   -3496,    1683,    -217,     405,       4,    7746,    6015,    -606,    1125,  100.0,   63.5,   57.9,   19.1,   30.8,    3.9,    7.6,    1.4,    2.7,    0.0,    0.8,    0.3,   97.1,   97.8,    2.9,    2.2,  100.0,   63.5,   57.9,   19.1,   30.8,    3.9,    7.6,    1.4,    2.7,    0.0,    0.8,    0.3,   97.1,   97.8,    2.9,    2.2,  100.0,    0.0,    0.0,    0.0,    0.0,    0.0,    0.0,    0.0,    0.0,    0.0,    0.0,    0.0,    0.0,    0.0,    0.0,    0.0,     70,     31,     31,      9,      8,     10,      8,.,      6,      0,.,.,     57,     54,     70,     31,     31,      9,      8,     10,      8,.,      6,      0,.,.,     57,     54,      0,      0,      0,      0,      0,      0,      0,      0,      0,      0,      0,      0,      0,      0,    44.6,    44.1,    60.3,    61.7,    33.0,    39.1,    47.0,    51.7,    44.6,    44.1,    60.3,    61.7,    33.0,    39.1,    47.0,    51.7,     0.0,     0.0,     0.0,     0.0,     0.0,     0.0,     0.0,     0.0,"(Contracts of 2,500  MMBTU'S)",023395,IFED,023 ,N13,FutOnly
AECO FIN BASIS - ICE FUTURES ENERGY DIV,260721,2026-07-21,023396,IFED,01,023 , 1014538,  868120,  226282,   57488,  736520,   28715,   17669,    6493,    6049,   15026,    3387,    1735,  994802, 1009181,   19736,    5357, 1014538,  868120,  226282,   57488,  736520,   28715,   17669,    6493,    6049,   15026,    3387,    1735,  994802, 1009181,   19736,    5357,       0,       0,       0,       0,       0,       0,       0,       0,       0,       0,       0,       0,       0,       0,       0,       0,    -541,     846,     203,     698,    -116,   -1522,    -550,      -8,    -205,       0,     397,    -110,    -843,   -1361,     302,     820,  100.0,   85.6,   22.3,    5.7,   72.6,    2.8,    1.7,    0.6,    0.6,    1.5,    0.3,    0.2,   98.1,   99.5,    1.9,    0.5,  100.0,   85.6,   22.3,    5.7,   72.6,    2.8,    1.7,    0.6,    0.6,    1.5,    0.3,    0.2,   98.1,   99.5,    1.9,    0.5,  100.0,    0.0,    0.0,    0.0,    0.0,    0.0,    0.0,    0.0,    0.0,    0.0,    0.0,    0.0,    0.0,    0.0,    0.0,    0.0,     59,     35,     22,      5,      8,      7,      5,.,      6,.,.,.,     53,     42,     59,     35,     22,      5,      8,      7,      5,.,      6,.,.,.,     53,     42,      0,      0,      0,      0,      0,      0,      0,      0,      0,      0,      0,      0,      0,      0,    44.4,    52.2,    60.3,    78.1,    39.3,    52.1,    54.5,    74.0,    44.4,    52.2,    60.3,    78.1,    39.3,    52.1,    54.5,    74.0,     0.0,     0.0,     0.0,     0.0,     0.0,     0.0,     0.0,     0.0,"(Contracts of 2,500  MMBTU'S)",023396,IFED,023 ,N13,FutOnly
CHICAGO FIN BASIS - ICE FUTURES ENERGY DIV,260721,2026-07-21,023397,IFED,01,023 ,  366125,  282477,  313665,   52652,   30428,    5224,    3077,    4325,    3870,    5098,       0,     504,  352902,  358016,   13223,    8109,  366125,  282477,  313665,   52652,   30428,    5224,    3077,    4325,    3870,    5098,       0,     504,  352902,  358016,   13223,    8109,       0,       0,       0,       0,       0,       0,       0,       0,       0,       0,       0,       0,       0,       0,       0,       0,    9593,    5471,    8468,     330,    -474,      84,    1526,    2014,    -381,    3033,       0,    -165,    9898,    9546,    -305,      47,  100.0,   77.2,   85.7,   14.4,    8.3,    1.4,    0.8,    1.2,    1.1,    1.4,    0.0,    0.1,   96.4,   97.8,    3.6,    2.2,  100.0,   77.2,   85.7,   14.4,    8.3,    1.4,    0.8,    1.2,    1.1,    1.4,    0.0,    0.1,   96.4,   97.8,    3.6,    2.2,  100.0,    0.0,    0.0,    0.0,    0.0,    0.0,    0.0,    0.0,    0.0,    0.0,    0.0,    0.0,    0.0,    0.0,    0.0,    0.0,     54,     27,     27,      8,.,      5,.,.,.,.,      0,.,     44,     39,     54,     27,     27,      8,.,      5,.,.,.,.,      0,.,     44,     39,      0,      0,      0,      0,      0,      0,      0,      0,      0,      0,      0,      0,      0,      0,    44.5,    43.4,    61.1,    65.9,    33.1,    33.9,    43.5,    47.5,    44.5,    43.4,    61.1,    65.9,    33.1,    33.9,    43.5,    47.5,     0.0,     0.0,     0.0,     0.0,     0.0,     0.0,     0.0,     0.0,"(Contracts of 2,500  MMBTU'S)",023397,IFED,023 ,N13,FutOnly
HSC FIN BASIS - ICE FUTURES ENERGY DIV,260721,2026-07-21,023398,IFED,01,023 ,  894161,  564826,  560268,  243801,  137153,   42820,    1944,  101826,   18960,    7776,   20849,    5300,  885427,  887176,    8734,    6985,  894161,  564826,  560268,  243801,  137153,   42820,    1944,  101826,   18960,    7776,   20849,    5300,  885427,  887176,    8734,    6985,       0,       0,       0,       0,       0,       0,       0,       0,       0,       0,       0,       0,       0,       0,       0,       0,    3807,    -650,    2854,    1159,    -216,    -288,     884,   -5856,     951,     397,    5740,     560,    3013,    3745,     794,      62,  100.0,   63.2,   62.7,   27.3,   15.3,    4.8,    0.2,   11.4,    2.1,    0.9,    2.3,    0.6,   99.0,   99.2,    1.0,    0.8,  100.0,   63.2,   62.7,   27.3,   15.3,    4.8,    0.2,   11.4,    2.1,    0.9,    2.3,    0.6,   99.0,   99.2,    1.0,    0.8,  100.0,    0.0,    0.0,    0.0,    0.0,    0.0,    0.0,    0.0,    0.0,    0.0,    0.0,    0.0,    0.0,    0.0,    0.0,    0.0,     97,     47,     43,      8,     12,     11,.,     12,      7,.,      4,.,     72,     80,     97,     47,     43,      8,     12,     11,.,     12,      7,.,      4,.,     72,     80,      0,      0,      0,      0,      0,      0,      0,      0,      0,      0,      0,      0,      0,      0,    31.9,    28.9,    53.1,    42.8,    30.4,    28.6,    50.0,    42.1,    31.9,    28.9,    53.1,    42.8,    30.4,    28.6,    50.0,    42.1,     0.0,     0.0,     0.0,     0.0,     0.0,     0.0,     0.0,     0.0,"(Contracts of 2,500  MMBTU'S)",023398,IFED,023 ,N13,FutOnly
WAHA FIN BASIS - ICE FUTURES ENERGY DIV,260721,2026-07-21,023399,IFED,01,023 ,  687992,  582283,  246283,   26343,  343650,   18312,   16594,   12164,   27366,      78,   21600,   12823,  683799,  682198,    4193,    5794,  687992,  582283,  246283,   26343,  343650,   18312,   16594,   12164,   27366,      78,   21600,   12823,  683799,  682198,    4193,    5794,       0,       0,       0,       0,       0,       0,       0,       0,       0,       0,       0,       0,       0,       0,       0,       0,   14607,   15603,     801,    -207,    6427,    1350,   -3347,    -917,    3890,      78,    2242,     290,   17657,   14083,   -3050,     524,  100.0,   84.6,   35.8,    3.8,   49.9,    2.7,    2.4,    1.8,    4.0,    0.0,    3.1,    1.9,   99.4,   99.2,    0.6,    0.8,  100.0,   84.6,   35.8,    3.8,   49.9,    2.7,    2.4,    1.8,    4.0,    0.0,    3.1,    1.9,   99.4,   99.2,    0.6,    0.8,  100.0,    0.0,    0.0,    0.0,    0.0,    0.0,    0.0,    0.0,    0.0,    0.0,    0.0,    0.0,    0.0,    0.0,    0.0,    0.0,     79,     42,     30,      4,     17,     12,.,      6,      6,.,      5,.,     65,     64,     79,     42,     30,      4,     17,     12,.,      6,      6,.,      5,.,     65,     64,      0,      0,      0,      0,      0,      0,      0,      0,      0,      0,      0,      0,      0,      0,    25.8,    40.0,    45.7,    55.3,    21.3,    34.5,    37.6,    45.3,    25.8,    40.0,    45.7,    55.3,    21.3,    34.5,    37.6,    45.3,     0.0,     0.0,     0.0,     0.0,     0.0,     0.0,     0.0,     0.0,"(Contracts of 2,500  MMBTU'S)",023399,IFED,023 ,N13,FutOnly
ALGONQUIN CITYGATES BASIS - ICE FUTURES ENERGY DIV,260721,2026-07-21,02339E,IFED,01,023 ,  110980,   87867,   94333,   16664,       0,      62,     413,    2788,     514,    1576,    4677,     624,  107720,  102998,    3260,    7982,  110980,   87867,   94333,   16664,       0,      62,     413,    2788,     514,    1576,    4677,     624,  107720,  102998,    3260,    7982,       0,       0,       0,       0,       0,       0,       0,       0,       0,       0,       0,       0,       0,       0,       0,       0,     728,     449,   -1373,     179,       0,       0,      33,     -31,      60,     182,     293,    -235,     668,   -1286,      60,    2014,  100.0,   79.2,   85.0,   15.0,    0.0,    0.1,    0.4,    2.5,    0.5,    1.4,    4.2,    0.6,   97.1,   92.8,    2.9,    7.2,  100.0,   79.2,   85.0,   15.0,    0.0,    0.1,    0.4,    2.5,    0.5,    1.4,    4.2,    0.6,   97.1,   92.8,    2.9,    7.2,  100.0,    0.0,    0.0,    0.0,    0.0,    0.0,    0.0,    0.0,    0.0,    0.0,    0.0,    0.0,    0.0,    0.0,    0.0,    0.0,     33,     14,     13,      4,      0,.,.,.,.,.,.,.,     22,     21,     33,     14,     13,      4,      0,.,.,.,.,.,.,.,     22,     21,      0,      0,      0,      0,      0,      0,      0,      0,      0,      0,      0,      0,      0,      0,    69.5,    61.6,    85.7,    81.4,    68.8,    61.1,    82.6,    78.3,    69.5,    61.6,    85.7,    81.4,    68.8,    61.1,    82.6,    78.3,     0.0,     0.0,     0.0,     0.0,     0.0,     0.0,     0.0,     0.0,2500 mmbtu,02339E,IFED,023 ,N13,FutOnly
CG-MAINLINE FINANCIAL INDEX - ICE FUTURES ENERGY DIV,260721,2026-07-21,02339P,IFED,01,023 ,   40108,   34177,   28313,    5128,     558,      93,       0,    9089,       0,       0,       0,       0,   39398,   38053,     710,    2055,   40108,   34177,   28313,    5128,     558,      93,       0,    9089,       0,       0,       0,       0,   39398,   38053,     710,    2055,       0,       0,       0,       0,       0,       0,       0,       0,       0,       0,       0,       0,       0,       0,       0,       0,     322,     136,     539,       0,       0,       0,       0,    -341,       0,       0,       0,       0,     136,     198,     186,     124,  100.0,   85.2,   70.6,   12.8,    1.4,    0.2,    0.0,   22.7,    0.0,    0.0,    0.0,    0.0,   98.2,   94.9,    1.8,    5.1,  100.0,   85.2,   70.6,   12.8,    1.4,    0.2,    0.0,   22.7,    0.0,    0.0,    0.0,    0.0,   98.2,   94.9,    1.8,    5.1,  100.0,    0.0,    0.0,    0.0,    0.0,    0.0,    0.0,    0.0,    0.0,    0.0,    0.0,    0.0,    0.0,    0.0,    0.0,    0.0,     27,     10,     11,.,.,.,      0,.,      0,      0,      0,      0,     13,     16,     27,     10,     11,.,.,.,      0,.,      0,      0,      0,      0,     13,     16,      0,      0,      0,      0,      0,      0,      0,      0,      0,      0,      0,      0,      0,      0,    66.8,    54.3,    88.9,    78.9,    66.5,    54.3,    87.4,    78.5,    66.8,    54.3,    88.9,    78.9,    66.5,    54.3,    87.4,    78.5,     0.0,     0.0,     0.0,     0.0,     0.0,     0.0,     0.0,     0.0,"Any multiple of 2,500 MMBtus",02339P,IFED,023 ,N13,FutOnly
CHICAGO CITYGATE (INDEX) - ICE FUTURES ENERGY DIV,260721,2026-07-21,02339Q,IFED,01,023 ,   89056,   53333,   78237,   29806,    3016,    1812,     775,    4245,      62,     806,       0,       0,   86594,   87372,    2462,    1684,   89056,   53333,   78237,   29806,    3016,    1812,     775,    4245,      62,     806,       0,       0,   86594,   87372,    2462,    1684,       0,       0,       0,       0,       0,       0,       0,       0,       0,       0,       0,       0,       0,       0,       0,       0,    2970,    2201,    2846,     552,       0,       0,     186,      62,       0,       0,       0,       0,    2939,    2908,      31,      62,  100.0,   59.9,   87.9,   33.5,    3.4,    2.0,    0.9,    4.8,    0.1,    0.9,    0.0,    0.0,   97.2,   98.1,    2.8,    1.9,  100.0,   59.9,   87.9,   33.5,    3.4,    2.0,    0.9,    4.8,    0.1,    0.9,    0.0,    0.0,   97.2,   98.1,    2.8,    1.9,  100.0,    0.0,    0.0,    0.0,    0.0,    0.0,    0.0,    0.0,    0.0,    0.0,    0.0,    0.0,    0.0,    0.0,    0.0,    0.0,     37,     19,     13,      6,.,.,.,.,.,.,      0,      0,     29,     17,     37,     19,     13,      6,.,.,.,.,.,.,      0,      0,     29,     17,      0,      0,      0,      0,      0,      0,      0,      0,      0,      0,      0,      0,      0,      0,    52.3,    68.9,    71.9,    87.2,    51.3,    60.4,    67.1,    73.8,    52.3,    68.9,    71.9,    87.2,    51.3,    60.4,    67.1,    73.8,     0.0,     0.0,     0.0,     0.0,     0.0,     0.0,     0.0,     0.0,2500 mmbtu,02339Q,IFED,023 ,N13,FutOnly
CIG ROCKIES FINANCIAL INDEX - ICE FUTURES ENERGY DIV,260721,2026-07-21,02339S,IFED,01,023 ,   30074,   28012,   10386,       0,    1205,       0,       0,   17367,       0,       0,       0,       0,   28012,   28958,    2062,    1116,   30074,   28012,   10386,       0,    1205,       0,       0,   17367,       0,       0,       0,       0,   28012,   28958,    2062,    1116,       0,       0,       0,       0,       0,       0,       0,       0,       0,       0,       0,       0,       0,       0,       0,       0,    2170,    2383,    1984,       0,     -93,       0,       0,       0,       0,       0,       0,       0,    2383,    1891,    -213,     279,  100.0,   93.1,   34.5,    0.0,    4.0,    0.0,    0.0,   57.7,    0.0,    0.0,    0.0,    0.0,   93.1,   96.3,    6.9,    3.7,  100.0,   93.1,   34.5,    0.0,    4.0,    0.0,    0.0,   57.7,    0.0,    0.0,    0.0,    0.0,   93.1,   96.3,    6.9,    3.7,  100.0,    0.0,    0.0,    0.0,    0.0,    0.0,    0.0,    0.0,    0.0,    0.0,    0.0,    0.0,    0.0,    0.0,    0.0,    0.0,     31,     20,     11,      0,.,      0,      0,      4,      0,      0,      0,      0,     20,     17,     31,     20,     11,      0,.,      0,      0,      4,      0,      0,      0,      0,     20,     17,      0,      0,      0,      0,      0,      0,      0,      0,      0,      0,      0,      0,      0,      0,    52.9,    70.3,    69.9,    84.5,    52.7,    65.0,    68.2,    77.8,    52.9,    70.3,    69.9,    84.5,    52.7,    65.0,    68.2,    77.8,     0.0,     0.0,     0.0,     0.0,     0.0,     0.0,     0.0,     0.0,"2,500 MMBtu",02339S,IFED,023 ,N13,FutOnly
CIG ROCKIES BASIS - ICE FUTURES ENERGY DIV,260721,2026-07-21,02339U,IFED,01,023 ,  448824,  409769,  129565,    2277,  198369,   12053,    4527,   86775,    9923,    2290,    3500,     939,  441778,  441124,    7046,    7700,  448824,  409769,  129565,    2277,  198369,   12053,    4527,   86775,    9923,    2290,    3500,     939,  441778,  441124,    7046,    7700,       0,       0,       0,       0,       0,       0,       0,       0,       0,       0,       0,       0,       0,       0,       0,       0,   -8178,  -13241,   -6399,    -214,    -665,      86,    1175,   -3742,    2648,    1404,    -704,     742,   -7400,   -8034,    -778,    -144,  100.0,   91.3,   28.9,    0.5,   44.2,    2.7,    1.0,   19.3,    2.2,    0.5,    0.8,    0.2,   98.4,   98.3,    1.6,    1.7,  100.0,   91.3,   28.9,    0.5,   44.2,    2.7,    1.0,   19.3,    2.2,    0.5,    0.8,    0.2,   98.4,   98.3,    1.6,    1.7,  100.0,    0.0,    0.0,    0.0,    0.0,    0.0,    0.0,    0.0,    0.0,    0.0,    0.0,    0.0,    0.0,    0.0,    0.0,    0.0,     61,     33,     19,.,     12,      6,.,      7,      5,.,.,.,     47,     44,     61,     33,     19,.,     12,      6,.,      7,      5,.,.,.,     47,     44,      0,      0,      0,      0,      0,      0,      0,      0,      0,      0,      0,      0,      0,      0,    46.5,    60.7,    64.3,    73.7,    42.8,    54.3,    57.4,    65.2,    46.5,    60.7,    64.3,    73.7,    42.8,    54.3,    57.4,    65.2,     0.0,     0.0,     0.0,     0.0,     0.0,     0.0,     0.0,     0.0,2500 mmbtu,02339U,IFED,023 ,N13,FutOnly
TCO Basis  - ICE FUTURES ENERGY DIV,260721,2026-07-21,02339W,IFED,01,023 ,  222871,  188955,   30891,   17884,  174581,    6755,     425,    1749,     669,       0,       0,       0,  214688,  214645,    8183,    8226,  222871,  188955,   30891,   17884,  174581,    6755,     425,    1749,     669,       0,       0,       0,  214688,  214645,    8183,    8226,       0,       0,       0,       0,       0,       0,       0,       0,       0,       0,       0,       0,       0,       0,       0,       0,    1613,    1207,     236,    -109,    1023,     171,    -730,       0,     214,       0,       0,       0,     753,    1644,     860,     -31,  100.0,   84.8,   13.9,    8.0,   78.3,    3.0,    0.2,    0.8,    0.3,    0.0,    0.0,    0.0,   96.3,   96.3,    3.7,    3.7,  100.0,   84.8,   13.9,    8.0,   78.3,    3.0,    0.2,    0.8,    0.3,    0.0,    0.0,    0.0,   96.3,   96.3,    3.7,    3.7,  100.0,    0.0,    0.0,    0.0,    0.0,    0.0,    0.0,    0.0,    0.0,    0.0,    0.0,    0.0,    0.0,    0.0,    0.0,    0.0,     38,     19,      8,.,     12,.,.,.,.,      0,      0,      0,     23,     24,     38,     19,      8,.,     12,.,.,.,.,      0,      0,      0,     23,     24,      0,      0,      0,      0,      0,      0,      0,      0,      0,      0,      0,      0,      0,      0,    50.4,    53.9,    72.3,    78.3,    50.4,    53.4,    70.7,    77.5,    50.4,    53.9,    72.3,    78.3,    50.4,    53.4,    70.7,    77.5,     0.0,     0.0,     0.0,     0.0,     0.0,     0.0,     0.0,     0.0,2500 mm btu,02339W,IFED,023 ,N13,FutOnly
CG Mainline Basis - ICE FUTURES ENERGY DIV,260721,2026-07-21,02339Y,IFED,01,023 ,  344829,  319943,  233291,     933,   78475,    7569,    5800,   17369,    2956,    1208,      28,     212,  338621,  339900,    6208,    4929,  344829,  319943,  233291,     933,   78475,    7569,    5800,   17369,    2956,    1208,      28,     212,  338621,  339900,    6208,    4929,       0,       0,       0,       0,       0,       0,       0,       0,       0,       0,       0,       0,       0,       0,       0,       0,    -801,    -778,    1160,    -333,     869,    -683,     511,   -2615,     181,     151,      28,     212,    -739,    -848,     -62,      47,  100.0,   92.8,   67.7,    0.3,   22.8,    2.2,    1.7,    5.0,    0.9,    0.4,    0.0,    0.1,   98.2,   98.6,    1.8,    1.4,  100.0,   92.8,   67.7,    0.3,   22.8,    2.2,    1.7,    5.0,    0.9,    0.4,    0.0,    0.1,   98.2,   98.6,    1.8,    1.4,  100.0,    0.0,    0.0,    0.0,    0.0,    0.0,    0.0,    0.0,    0.0,    0.0,    0.0,    0.0,    0.0,    0.0,    0.0,    0.0,     46,     19,     15,.,     10,      5,      4,      4,.,.,.,.,     31,     32,     46,     19,     15,.,     10,      5,      4,      4,.,.,.,.,     31,     32,      0,      0,      0,      0,      0,      0,      0,      0,      0,      0,      0,      0,      0,      0,    73.3,    68.4,    85.6,    79.1,    73.0,    68.1,    85.1,    78.5,    73.3,    68.4,    85.6,    79.1,    73.0,    68.1,    85.1,    78.5,     0.0,     0.0,     0.0,     0.0,     0.0,     0.0,     0.0,     0.0,2500 mmbtu,02339Y,IFED,023 ,N13,FutOnly
DOMINION - SOUTH POINT - ICE FUTURES ENERGY DIV,260721,2026-07-21,0233A2,IFED,01,023 ,   53703,   27225,   38445,   13201,    9484,      62,    5489,     679,    2707,    1970,       0,       0,   50654,   51377,    3049,    2326,   53703,   27225,   38445,   13201,    9484,      62,    5489,     679,    2707,    1970,       0,       0,   50654,   51377,    3049,    2326,       0,       0,       0,       0,       0,       0,       0,       0,       0,       0,       0,       0,       0,       0,       0,       0,    4526,    2821,    3038,    1519,    1023,      62,    -348,       0,     348,       0,       0,       0,    4402,    4471,     124,      55,  100.0,   50.7,   71.6,   24.6,   17.7,    0.1,   10.2,    1.3,    5.0,    3.7,    0.0,    0.0,   94.3,   95.7,    5.7,    4.3,  100.0,   50.7,   71.6,   24.6,   17.7,    0.1,   10.2,    1.3,    5.0,    3.7,    0.0,    0.0,   94.3,   95.7,    5.7,    4.3,  100.0,    0.0,    0.0,    0.0,    0.0,    0.0,    0.0,    0.0,    0.0,    0.0,    0.0,    0.0,    0.0,    0.0,    0.0,    0.0,     36,     18,     16,.,.,.,.,.,.,.,      0,      0,     25,     21,     36,     18,     16,.,.,.,.,.,.,.,      0,      0,     25,     21,      0,      0,      0,      0,      0,      0,      0,      0,      0,      0,      0,      0,      0,      0,    47.1,    54.8,    68.1,    79.7,    46.6,    50.4,    62.9,    73.4,    47.1,    54.8,    68.1,    79.7,    46.6,    50.4,    62.9,    73.4,     0.0,     0.0,     0.0,     0.0,     0.0,     0.0,     0.0,     0.0,2500 mmbtu,0233A2,IFED,023 ,N13,FutOnly
DOMINION - SOUTH POINT (BASIS) - ICE FUTURES ENERGY DIV,260721,2026-07-21,0233A3,IFED,01,023 ,  784503,  646859,  216313,   16979,  435674,   40574,   29015,   56503,   14033,   12840,    8326,    6332,  766632,  777755,   17871,    6748,  784503,  646859,  216313,   16979,  435674,   40574,   29015,   56503,   14033,   12840,    8326,    6332,  766632,  777755,   17871,    6748,       0,       0,       0,       0,       0,       0,       0,       0,       0,       0,       0,       0,       0,       0,       0,       0,    4201,    2914,    7865,      26,   10780,   -2950,    -696,  -10058,    3322,    1664,   -3427,   -1198,    3082,    4334,    1119,    -133,  100.0,   82.5,   27.6,    2.2,   55.5,    5.2,    3.7,    7.2,    1.8,    1.6,    1.1,    0.8,   97.7,   99.1,    2.3,    0.9,  100.0,   82.5,   27.6,    2.2,   55.5,    5.2,    3.7,    7.2,    1.8,    1.6,    1.1,    0.8,   97.7,   99.1,    2.3,    0.9,  100.0,    0.0,    0.0,    0.0,    0.0,    0.0,    0.0,    0.0,    0.0,    0.0,    0.0,    0.0,    0.0,    0.0,    0.0,    0.0,     90,     45,     33,.,     17,     11,      4,     10,      8,      5,.,      5,     74,     68,     90,     45,     33,.,     17,     11,      4,     10,      8,      5,.,      5,     74,     68,      0,      0,      0,      0,      0,      0,      0,      0,      0,      0,      0,      0,      0,      0,    32.7,    38.2,    46.5,    55.2,    32.1,    35.4,    44.1,    51.9,    32.7,    38.2,    46.5,    55.2,    32.1,    35.4,    44.1,    51.9,     0.0,     0.0,     0.0,     0.0,     0.0,     0.0,     0.0,     0.0,2500 mmbtu,0233A3,IFED,023 ,N13,FutOnly
EP SAN JUAN BASIS - ICE FUTURES ENERGY DIV,260721,2026-07-21,0233A8,IFED,01,023 ,  260326,  148643,  179208,   66257,   48003,   18215,   13199,     767,      54,    2010,    7306,    1824,  250202,  255377,   10124,    4949,  260326,  148643,  179208,   66257,   48003,   18215,   13199,     767,      54,    2010,    7306,    1824,  250202,  255377,   10124,    4949,       0,       0,       0,       0,       0,       0,       0,       0,       0,       0,       0,       0,       0,       0,       0,       0,   -2106,    3700,   -2511,   -2718,    -110,     145,   -3602,      31,       6,    -307,       0,     302,   -2474,   -2137,     368,      31,  100.0,   57.1,   68.8,   25.5,   18.4,    7.0,    5.1,    0.3,    0.0,    0.8,    2.8,    0.7,   96.1,   98.1,    3.9,    1.9,  100.0,   57.1,   68.8,   25.5,   18.4,    7.0,    5.1,    0.3,    0.0,    0.8,    2.8,    0.7,   96.1,   98.1,    3.9,    1.9,  100.0,    0.0,    0.0,    0.0,    0.0,    0.0,    0.0,    0.0,    0.0,    0.0,    0.0,    0.0,    0.0,    0.0,    0.0,    0.0,     34,     16,      9,      6,      5,      7,.,.,.,.,.,.,     29,     23,     34,     16,      9,      6,      5,      7,.,.,.,.,.,.,     29,     23,      0,      0,      0,      0,      0,      0,      0,      0,      0,      0,      0,      0,      0,      0,    49.3,    80.0,    72.9,    89.7,    37.5,    60.2,    58.2,    68.7,    49.3,    80.0,    72.9,    89.7,    37.5,    60.2,    58.2,    68.7,     0.0,     0.0,     0.0,     0.0,     0.0,     0.0,     0.0,     0.0,2500 mmbtu,0233A8,IFED,023 ,N13,FutOnly
FLORIDA GAS-ZONE 3 BASIS - ICE FUTURES ENERGY DIV,260721,2026-07-21,0233A9,IFED,01,023 ,   25255,   13929,   14582,    4987,    6218,    1107,     921,       0,       0,     183,     863,      78,   21205,   22848,    4050,    2407,   25255,   13929,   14582,    4987,    6218,    1107,     921,       0,       0,     183,     863,      78,   21205,   22848,    4050,    2407,       0,       0,       0,       0,       0,       0,       0,       0,       0,       0,       0,       0,       0,       0,       0,       0,     -42,      12,     217,      62,     -93,     -62,       0,       0,       0,     -24,       0,       8,      -4,      70,     -38,    -112,  100.0,   55.2,   57.7,   19.7,   24.6,    4.4,    3.6,    0.0,    0.0,    0.7,    3.4,    0.3,   84.0,   90.5,   16.0,    9.5,  100.0,   55.2,   57.7,   19.7,   24.6,    4.4,    3.6,    0.0,    0.0,    0.7,    3.4,    0.3,   84.0,   90.5,   16.0,    9.5,  100.0,    0.0,    0.0,    0.0,    0.0,    0.0,    0.0,    0.0,    0.0,    0.0,    0.0,    0.0,    0.0,    0.0,    0.0,    0.0,     21,      9,     10,.,.,.,.,      0,      0,.,.,.,     16,     15,     21,      9,     10,.,.,.,.,      0,      0,.,.,.,     16,     15,      0,      0,      0,      0,      0,      0,      0,      0,      0,      0,      0,      0,      0,      0,    53.6,    52.9,    77.4,    76.3,    45.6,    52.0,    60.1,    66.1,    53.6,    52.9,    77.4,    76.3,    45.6,    52.0,    60.1,    66.1,     0.0,     0.0,     0.0,     0.0,     0.0,     0.0,     0.0,     0.0,2500 mmbtu,0233A9,IFED,023 ,N13,FutOnly
HENRY HUB BASIS - ICE FUTURES ENERGY DIV,260721,2026-07-21,0233AG,IFED,01,023 ,  116628,   37115,   76999,   53045,    1797,    1959,   20691,   28502,       0,       0,    4490,     930,  113740,  114677,    2888,    1951,  116628,   37115,   76999,   53045,    1797,    1959,   20691,   28502,       0,       0,    4490,     930,  113740,  114677,    2888,    1951,       0,       0,       0,       0,       0,       0,       0,       0,       0,       0,       0,       0,       0,       0,       0,       0,   10848,    8587,    9266,    1671,       0,     -92,    -930,   -1612,       0,       0,    4490,     930,   10166,   12982,     682,   -2134,  100.0,   31.8,   66.0,   45.5,    1.5,    1.7,   17.7,   24.4,    0.0,    0.0,    3.8,    0.8,   97.5,   98.3,    2.5,    1.7,  100.0,   31.8,   66.0,   45.5,    1.5,    1.7,   17.7,   24.4,    0.0,    0.0,    3.8,    0.8,   97.5,   98.3,    2.5,    1.7,  100.0,    0.0,    0.0,    0.0,    0.0,    0.0,    0.0,    0.0,    0.0,    0.0,    0.0,    0.0,    0.0,    0.0,    0.0,    0.0,     42,     16,     16,      9,.,.,.,.,      0,      0,      4,.,     28,     26,     42,     16,     16,      9,.,.,.,.,      0,      0,      4,.,     28,     26,      0,      0,      0,      0,      0,      0,      0,      0,      0,      0,      0,      0,      0,      0,    43.3,    63.1,    68.7,    83.0,    43.3,    61.4,    68.7,    80.5,    43.3,    63.1,    68.7,    83.0,    43.3,    61.4,    68.7,    80.5,     0.0,     0.0,     0.0,     0.0,     0.0,     0.0,     0.0,     0.0,2500 mmbtu,0233AG,IFED,023 ,N13,FutOnly
HENRY HUB INDEX - ICE FUTURES ENERGY DIV,260721,2026-07-21,0233AH,IFED,01,023 ,  193545,   67799,  130293,   75440,       0,     676,   38571,   50992,    1767,    5182,    4650,    2134,  191569,  190512,    1976,    3033,  193545,   67799,  130293,   75440,       0,     676,   38571,   50992,    1767,    5182,    4650,    2134,  191569,  190512,    1976,    3033,       0,       0,       0,       0,       0,       0,       0,       0,       0,       0,       0,       0,       0,       0,       0,       0,   10664,    8711,    9238,    1643,       0,       0,   -1736,   -2604,     868,    1178,    3097,     -28,   10636,   10571,      28,      93,  100.0,   35.0,   67.3,   39.0,    0.0,    0.3,   19.9,   26.3,    0.9,    2.7,    2.4,    1.1,   99.0,   98.4,    1.0,    1.6,  100.0,   35.0,   67.3,   39.0,    0.0,    0.3,   19.9,   26.3,    0.9,    2.7,    2.4,    1.1,   99.0,   98.4,    1.0,    1.6,  100.0,    0.0,    0.0,    0.0,    0.0,    0.0,    0.0,    0.0,    0.0,    0.0,    0.0,    0.0,    0.0,    0.0,    0.0,    0.0,     71,     27,     32,      9,      0,.,      4,      7,.,.,      5,.,     46,     48,     71,     27,     32,      9,      0,.,      4,      7,.,.,      5,.,     46,     48,      0,      0,      0,      0,      0,      0,      0,      0,      0,      0,      0,      0,      0,      0,    46.3,    44.9,    69.7,    63.3,    46.3,    43.6,    69.5,    58.9,    46.3,    44.9,    69.7,    63.3,    46.3,    43.6,    69.5,    58.9,     0.0,     0.0,     0.0,     0.0,     0.0,     0.0,     0.0,     0.0,2500 mmbtu,0233AH,IFED,023 ,N13,FutOnly
HOUSTON SHIP CHANNEL (INDEX) - ICE FUTURES ENERGY DIV,260721,2026-07-21,0233AM,IFED,01,023 ,  507378,  211724,  302246,  280538,   17484,    7456,     310,  130786,    3193,       0,   42755,      62,  503283,  503982,    4095,    3396,  507378,  211724,  302246,  280538,   17484,    7456,     310,  130786,    3193,       0,   42755,      62,  503283,  503982,    4095,    3396,       0,       0,       0,       0,       0,       0,       0,       0,       0,       0,       0,       0,       0,       0,       0,       0,    7043,    5255,   -4646,     -43,       0,     775,       0,   -1134,     961,       0,   11056,       0,    6948,    7012,      95,      31,  100.0,   41.7,   59.6,   55.3,    3.4,    1.5,    0.1,   25.8,    0.6,    0.0,    8.4,    0.0,   99.2,   99.3,    0.8,    0.7,  100.0,   41.7,   59.6,   55.3,    3.4,    1.5,    0.1,   25.8,    0.6,    0.0,    8.4,    0.0,   99.2,   99.3,    0.8,    0.7,  100.0,    0.0,    0.0,    0.0,    0.0,    0.0,    0.0,    0.0,    0.0,    0.0,    0.0,    0.0,    0.0,    0.0,    0.0,    0.0,     72,     25,     36,     11,.,      5,.,      7,.,      0,      5,.,     39,     55,     72,     25,     36,     11,.,      5,.,      7,.,      0,      5,.,     39,     55,      0,      0,      0,      0,      0,      0,      0,      0,      0,      0,      0,      0,      0,      0,    60.5,    41.7,    83.1,    55.8,    60.2,    41.4,    82.4,    55.0,    60.5,    41.7,    83.1,    55.8,    60.2,    41.4,    82.4,    55.0,     0.0,     0.0,     0.0,     0.0,     0.0,     0.0,     0.0,     0.0,2500 mmbtu,0233AM,IFED,023 ,N13,FutOnly
MICHCON FINANCIAL INDEX - ICE FUTURES ENERGY DIV,260721,2026-07-21,0233AN,IFED,01,023 ,   22401,   18388,   19650,    2811,     217,       0,       0,    1240,       0,       0,       0,       0,   21199,   21107,    1202,    1294,   22401,   18388,   19650,    2811,     217,       0,       0,    1240,       0,       0,       0,       0,   21199,   21107,    1202,    1294,       0,       0,       0,       0,       0,       0,       0,       0,       0,       0,       0,       0,       0,       0,       0,       0,.,.,.,.,.,.,.,.,.,.,.,.,.,.,.,.,  100.0,   82.1,   87.7,   12.5,    1.0,    0.0,    0.0,    5.5,    0.0,    0.0,    0.0,    0.0,   94.6,   94.2,    5.4,    5.8,  100.0,   82.1,   87.7,   12.5,    1.0,    0.0,    0.0,    5.5,    0.0,    0.0,    0.0,    0.0,   94.6,   94.2,    5.4,    5.8,  100.0,    0.0,    0.0,    0.0,    0.0,    0.0,    0.0,    0.0,    0.0,    0.0,    0.0,    0.0,    0.0,    0.0,    0.0,    0.0,     23,     10,     14,      4,.,      0,      0,.,      0,      0,      0,      0,     14,     16,     23,     10,     14,      4,.,      0,      0,.,      0,      0,      0,      0,     14,     16,      0,      0,      0,      0,      0,      0,      0,      0,      0,      0,      0,      0,      0,      0,    59.8,    47.9,    80.7,    75.7,    50.0,    46.4,    65.4,    63.5,    59.8,    47.9,    80.7,    75.7,    50.0,    46.4,    65.4,    63.5,     0.0,     0.0,     0.0,     0.0,     0.0,     0.0,     0.0,     0.0,MMBTU,0233AN,IFED,023 ,N13,FutOnly
MICHCON BASIS - ICE FUTURES ENERGY DIV,260721,2026-07-21,0233AQ,IFED,01,023 ,  200883,  168872,  118281,       0,   48069,    5286,    2613,   16366,    3459,    1689,       0,     945,  182864,  192406,   18019,    8477,  200883,  168872,  118281,       0,   48069,    5286,    2613,   16366,    3459,    1689,       0,     945,  182864,  192406,   18019,    8477,       0,       0,       0,       0,       0,       0,       0,       0,       0,       0,       0,       0,       0,       0,       0,       0,   19592,   15649,   11310,       0,    7898,   -1325,       0,    4000,     515,    1689,    -328,    -100,   16428,   21970,    3164,   -2378,  100.0,   84.1,   58.9,    0.0,   23.9,    2.6,    1.3,    8.1,    1.7,    0.8,    0.0,    0.5,   91.0,   95.8,    9.0,    4.2,  100.0,   84.1,   58.9,    0.0,   23.9,    2.6,    1.3,    8.1,    1.7,    0.8,    0.0,    0.5,   91.0,   95.8,    9.0,    4.2,  100.0,    0.0,    0.0,    0.0,    0.0,    0.0,    0.0,    0.0,    0.0,    0.0,    0.0,    0.0,    0.0,    0.0,    0.0,    0.0,     52,     27,     31,      0,      8,.,.,      7,.,.,      0,.,     37,     48,     52,     27,     31,      0,      8,.,.,      7,.,.,      0,.,     37,     48,      0,      0,      0,      0,      0,      0,      0,      0,      0,      0,      0,      0,      0,      0,    46.3,    32.8,    63.4,    51.4,    45.5,    30.4,    62.1,    46.3,    46.3,    32.8,    63.4,    51.4,    45.5,    30.4,    62.1,    46.3,     0.0,     0.0,     0.0,     0.0,     0.0,     0.0,     0.0,     0.0,2500 mmbtu,0233AQ,IFED,023 ,N13,FutOnly
NAT GAS LD1 for GDD -TEXOK - ICE FUTURES ENERGY DIV,260721,2026-07-21,0233AT,IFED,01,023 ,  139247,  128290,  123943,    5425,      11,    3010,    1102,    9652,     186,       0,       0,       0,  138013,  136802,    1234,    2445,  139247,  128290,  123943,    5425,      11,    3010,    1102,    9652,     186,       0,       0,       0,  138013,  136802,    1234,    2445,       0,       0,       0,       0,       0,       0,       0,       0,       0,       0,       0,       0,       0,       0,       0,       0,    5079,    3374,    7156,    1612,    -434,     434,    -620,   -2201,     186,       0,       0,       0,    4986,    5141,      93,     -62,  100.0,   92.1,   89.0,    3.9,    0.0,    2.2,    0.8,    6.9,    0.1,    0.0,    0.0,    0.0,   99.1,   98.2,    0.9,    1.8,  100.0,   92.1,   89.0,    3.9,    0.0,    2.2,    0.8,    6.9,    0.1,    0.0,    0.0,    0.0,   99.1,   98.2,    0.9,    1.8,  100.0,    0.0,    0.0,    0.0,    0.0,    0.0,    0.0,    0.0,    0.0,    0.0,    0.0,    0.0,    0.0,    0.0,    0.0,    0.0,     44,     20,     23,      4,.,.,.,.,.,      0,      0,      0,     27,     26,     44,     20,     23,      4,.,.,.,.,.,      0,      0,      0,     27,     26,      0,      0,      0,      0,      0,      0,      0,      0,      0,      0,      0,      0,      0,      0,    75.5,    44.2,    86.2,    70.2,    75.5,    41.4,    82.0,    67.0,    75.5,    44.2,    86.2,    70.2,    75.5,    41.4,    82.0,    67.0,     0.0,     0.0,     0.0,     0.0,     0.0,     0.0,     0.0,     0.0,2500 mmbtu,0233AT,IFED,023 ,N13,FutOnly
NGPL MIDCONT BASIS - ICE FUTURES ENERGY DIV,260721,2026-07-21,0233AY,IFED,01,023 ,  103760,   93204,   70068,       0,   13486,    3084,       0,    2664,       0,       0,       0,       0,   96288,   89302,    7472,   14458,  103760,   93204,   70068,       0,   13486,    3084,       0,    2664,       0,       0,       0,       0,   96288,   89302,    7472,   14458,       0,       0,       0,       0,       0,       0,       0,       0,       0,       0,       0,       0,       0,       0,       0,       0,     329,    -191,    -180,       0,   -1019,     552,       0,     -65,       0,       0,       0,       0,     361,    -712,     -32,    1041,  100.0,   89.8,   67.5,    0.0,   13.0,    3.0,    0.0,    2.6,    0.0,    0.0,    0.0,    0.0,   92.8,   86.1,    7.2,   13.9,  100.0,   89.8,   67.5,    0.0,   13.0,    3.0,    0.0,    2.6,    0.0,    0.0,    0.0,    0.0,   92.8,   86.1,    7.2,   13.9,  100.0,    0.0,    0.0,    0.0,    0.0,    0.0,    0.0,    0.0,    0.0,    0.0,    0.0,    0.0,    0.0,    0.0,    0.0,    0.0,     23,     14,     13,      0,      4,.,      0,.,      0,      0,      0,      0,     17,     18,     23,     14,     13,      0,      4,.,      0,.,      0,      0,      0,      0,     17,     18,      0,      0,      0,      0,      0,      0,      0,      0,      0,      0,      0,      0,      0,      0,    67.6,    50.4,    86.6,    72.2,    65.9,    48.0,    78.9,    66.5,    67.6,    50.4,    86.6,    72.2,    65.9,    48.0,    78.9,    66.5,     0.0,     0.0,     0.0,     0.0,     0.0,     0.0,     0.0,     0.0,2500 mmbtu,0233AY,IFED,023 ,N13,FutOnly
NGPL TXOK BASIS - ICE FUTURES ENERGY DIV,260721,2026-07-21,0233B1,IFED,01,023 ,  663812,  605384,  397619,   19014,  172308,   13576,   12783,   56348,    4505,      67,    2170,    2956,  658285,  649482,    5527,   14330,  663812,  605384,  397619,   19014,  172308,   13576,   12783,   56348,    4505,      67,    2170,    2956,  658285,  649482,    5527,   14330,       0,       0,       0,       0,       0,       0,       0,       0,       0,       0,       0,       0,       0,       0,       0,       0,    1110,   -3420,    3223,    1732,   -5943,    -269,     523,      55,    1826,      67,   -1401,     271,     730,   -2238,     380,    3348,  100.0,   91.2,   59.9,    2.9,   26.0,    2.0,    1.9,    8.5,    0.7,    0.0,    0.3,    0.4,   99.2,   97.8,    0.8,    2.2,  100.0,   91.2,   59.9,    2.9,   26.0,    2.0,    1.9,    8.5,    0.7,    0.0,    0.3,    0.4,   99.2,   97.8,    0.8,    2.2,  100.0,    0.0,    0.0,    0.0,    0.0,    0.0,    0.0,    0.0,    0.0,    0.0,    0.0,    0.0,    0.0,    0.0,    0.0,    0.0,     73,     40,     32,      4,     10,      7,.,      7,.,.,.,.,     53,     55,     73,     40,     32,      4,     10,      7,.,      7,.,.,.,.,     53,     55,      0,      0,      0,      0,      0,      0,      0,      0,      0,      0,      0,      0,      0,      0,    44.0,    56.3,    60.9,    68.2,    43.3,    54.7,    59.8,    65.0,    44.0,    56.3,    60.9,    68.2,    43.3,    54.7,    59.8,    65.0,     0.0,     0.0,     0.0,     0.0,     0.0,     0.0,     0.0,     0.0,2500 mmbtu,0233B1,IFED,023 ,N13,FutOnly
NNG VENTURA BASIS - ICE FUTURES ENERGY DIV,260721,2026-07-21,0233BB,IFED,01,023 ,  143253,   83000,  133128,   42864,    1327,     948,       0,    5735,       0,       0,       0,       0,  126812,  141138,   16441,    2115,  143253,   83000,  133128,   42864,    1327,     948,       0,    5735,       0,       0,       0,       0,  126812,  141138,   16441,    2115,       0,       0,       0,       0,       0,       0,       0,       0,       0,       0,       0,       0,       0,       0,       0,       0,     995,     605,     849,     452,       0,       0,       0,       0,       0,       0,       0,       0,    1057,     849,     -62,     146,  100.0,   57.9,   92.9,   29.9,    0.9,    0.7,    0.0,    4.0,    0.0,    0.0,    0.0,    0.0,   88.5,   98.5,   11.5,    1.5,  100.0,   57.9,   92.9,   29.9,    0.9,    0.7,    0.0,    4.0,    0.0,    0.0,    0.0,    0.0,   88.5,   98.5,   11.5,    1.5,  100.0,    0.0,    0.0,    0.0,    0.0,    0.0,    0.0,    0.0,    0.0,    0.0,    0.0,    0.0,    0.0,    0.0,    0.0,    0.0,     31,     19,     17,      6,.,.,      0,.,      0,      0,      0,      0,     26,     20,     31,     19,     17,      6,.,.,      0,.,      0,      0,      0,      0,     26,     20,      0,      0,      0,      0,      0,      0,      0,      0,      0,      0,      0,      0,      0,      0,    38.7,    66.9,    60.5,    80.6,    36.9,    65.2,    53.3,    77.3,    38.7,    66.9,    60.5,    80.6,    36.9,    65.2,    53.3,    77.3,     0.0,     0.0,     0.0,     0.0,     0.0,     0.0,     0.0,     0.0,2500 mmbtu,0233BB,IFED,023 ,N13,FutOnly
NWP SUMAS BASIS - ICE FUTURES ENERGY DIV,260721,2026-07-21,0233BC,IFED,01,023 ,   69185,   28023,   47546,   31661,    2123,    2277,     551,     644,       0,       0,       0,       0,   62512,   52590,    6673,   16595,   69185,   28023,   47546,   31661,    2123,    2277,     551,     644,       0,       0,       0,       0,   62512,   52590,    6673,   16595,       0,       0,       0,       0,       0,       0,       0,       0,       0,       0,       0,       0,       0,       0,       0,       0,    1558,     827,    1376,     732,      31,       0,       0,       0,       0,       0,       0,       0,    1559,    1407,      -1,     151,  100.0,   40.5,   68.7,   45.8,    3.1,    3.3,    0.8,    0.9,    0.0,    0.0,    0.0,    0.0,   90.4,   76.0,    9.6,   24.0,  100.0,   40.5,   68.7,   45.8,    3.1,    3.3,    0.8,    0.9,    0.0,    0.0,    0.0,    0.0,   90.4,   76.0,    9.6,   24.0,  100.0,    0.0,    0.0,    0.0,    0.0,    0.0,    0.0,    0.0,    0.0,    0.0,    0.0,    0.0,    0.0,    0.0,    0.0,    0.0,     20,      8,     10,      5,.,.,.,.,      0,      0,      0,      0,     15,     14,     20,      8,     10,      5,.,.,.,.,      0,      0,      0,      0,     15,     14,      0,      0,      0,      0,      0,      0,      0,      0,      0,      0,      0,      0,      0,      0,    62.1,    54.8,    78.3,    69.1,    62.1,    50.2,    72.6,    58.3,    62.1,    54.8,    78.3,    69.1,    62.1,    50.2,    72.6,    58.3,     0.0,     0.0,     0.0,     0.0,     0.0,     0.0,     0.0,     0.0,2500 mmbtu,0233BC,IFED,023 ,N13,FutOnly
NWP Rockies Index - ICE FUTURES ENERGY DIV,260721,2026-07-21,0233BD,IFED,01,023 ,   31764,   22292,   23308,    2290,    4405,       0,    5174,     511,     778,       0,     798,       0,   30534,   29800,    1230,    1964,   31764,   22292,   23308,    2290,    4405,       0,    5174,     511,     778,       0,     798,       0,   30534,   29800,    1230,    1964,       0,       0,       0,       0,       0,       0,       0,       0,       0,       0,       0,       0,       0,       0,       0,       0,    5837,    4986,    4663,    1302,       0,       0,    -217,     217,      20,       0,     302,       0,    6091,    5202,    -254,     635,  100.0,   70.2,   73.4,    7.2,   13.9,    0.0,   16.3,    1.6,    2.4,    0.0,    2.5,    0.0,   96.1,   93.8,    3.9,    6.2,  100.0,   70.2,   73.4,    7.2,   13.9,    0.0,   16.3,    1.6,    2.4,    0.0,    2.5,    0.0,   96.1,   93.8,    3.9,    6.2,  100.0,    0.0,    0.0,    0.0,    0.0,    0.0,    0.0,    0.0,    0.0,    0.0,    0.0,    0.0,    0.0,    0.0,    0.0,    0.0,     36,     20,     13,.,.,      0,      5,.,.,      0,.,      0,     27,     17,     36,     20,     13,.,.,      0,      5,.,.,      0,.,      0,     27,     17,      0,      0,      0,      0,      0,      0,      0,      0,      0,      0,      0,      0,      0,      0,    32.1,    53.9,    54.8,    74.6,    32.1,    53.9,    53.8,    72.0,    32.1,    53.9,    54.8,    74.6,    32.1,    53.9,    53.8,    72.0,     0.0,     0.0,     0.0,     0.0,     0.0,     0.0,     0.0,     0.0,2500 mmbtu,0233BD,IFED,023 ,N13,FutOnly
ONEOK GAS TRANSPORTATION BASIS - ICE FUTURES ENERGY DIV,260721,2026-07-21,0233BF,IFED,01,023 ,   67417,   56912,    9411,    5173,   52228,    1520,       0,       0,       0,       0,       0,       0,   63605,   63159,    3812,    4258,   67417,   56912,    9411,    5173,   52228,    1520,       0,       0,       0,       0,       0,       0,   63605,   63159,    3812,    4258,       0,       0,       0,       0,       0,       0,       0,       0,       0,       0,       0,       0,       0,       0,       0,       0,.,.,.,.,.,.,.,.,.,.,.,.,.,.,.,.,  100.0,   84.4,   14.0,    7.7,   77.5,    2.3,    0.0,    0.0,    0.0,    0.0,    0.0,    0.0,   94.3,   93.7,    5.7,    6.3,  100.0,   84.4,   14.0,    7.7,   77.5,    2.3,    0.0,    0.0,    0.0,    0.0,    0.0,    0.0,   94.3,   93.7,    5.7,    6.3,  100.0,    0.0,    0.0,    0.0,    0.0,    0.0,    0.0,    0.0,    0.0,    0.0,    0.0,    0.0,    0.0,    0.0,    0.0,    0.0,     20,      8,      9,      4,      6,.,      0,      0,      0,      0,      0,      0,     12,     18,     20,      8,      9,      4,      6,.,      0,      0,      0,      0,      0,      0,     12,     18,      0,      0,      0,      0,      0,      0,      0,      0,      0,      0,      0,      0,      0,      0,    75.6,    69.3,    89.7,    87.3,    73.6,    69.3,    86.5,    86.0,    75.6,    69.3,    89.7,    87.3,    73.6,    69.3,    86.5,    86.0,     0.0,     0.0,     0.0,     0.0,     0.0,     0.0,     0.0,     0.0,2500 mmbtu,0233BF,IFED,023 ,N13,FutOnly
MALIN (BASIS) - ICE FUTURES ENERGY DIV,260721,2026-07-21,0233BH,IFED,01,023 ,  123970,   87660,   92012,   17310,   14474,    4598,    1005,   10513,     378,     625,       0,      44,  111620,  122019,   12350,    1951,  123970,   87660,   92012,   17310,   14474,    4598,    1005,   10513,     378,     625,       0,      44,  111620,  122019,   12350,    1951,       0,       0,       0,       0,       0,       0,       0,       0,       0,       0,       0,       0,       0,       0,       0,       0,    7947,    8852,   -1178,     380,      31,      89,    -155,    8864,     161,    -204,       0,      44,    9167,    8011,   -1220,     -64,  100.0,   70.7,   74.2,   14.0,   11.7,    3.7,    0.8,    8.5,    0.3,    0.5,    0.0,    0.0,   90.0,   98.4,   10.0,    1.6,  100.0,   70.7,   74.2,   14.0,   11.7,    3.7,    0.8,    8.5,    0.3,    0.5,    0.0,    0.0,   90.0,   98.4,   10.0,    1.6,  100.0,    0.0,    0.0,    0.0,    0.0,    0.0,    0.0,    0.0,    0.0,    0.0,    0.0,    0.0,    0.0,    0.0,    0.0,    0.0,     29,     11,     15,      5,.,      5,.,.,.,.,      0,.,     20,     25,     29,     11,     15,      5,.,      5,.,.,.,.,      0,.,     20,     25,      0,      0,      0,      0,      0,      0,      0,      0,      0,      0,      0,      0,      0,      0,    66.1,    60.6,    79.8,    81.0,    55.5,    56.2,    63.4,    71.3,    66.1,    60.6,    79.8,    81.0,    55.5,    56.2,    63.4,    71.3,     0.0,     0.0,     0.0,     0.0,     0.0,     0.0,     0.0,     0.0,2500 mmbtu,0233BH,IFED,023 ,N13,FutOnly
PANHANDLE BASIS - ICE FUTURES ENERGY DIV,260721,2026-07-21,0233BL,IFED,01,023 ,  208422,  143910,   70254,   12636,  110655,   10709,   23539,       0,    1744,    1833,     599,     208,  194579,  194169,   13843,   14253,  208422,  143910,   70254,   12636,  110655,   10709,   23539,       0,    1744,    1833,     599,     208,  194579,  194169,   13843,   14253,       0,       0,       0,       0,       0,       0,       0,       0,       0,       0,       0,       0,       0,       0,       0,       0,    3743,    5030,    3005,    -575,     384,     289,    -654,       0,    -246,       0,    -174,   -1354,    2490,    1904,    1253,    1839,  100.0,   69.0,   33.7,    6.1,   53.1,    5.1,   11.3,    0.0,    0.8,    0.9,    0.3,    0.1,   93.4,   93.2,    6.6,    6.8,  100.0,   69.0,   33.7,    6.1,   53.1,    5.1,   11.3,    0.0,    0.8,    0.9,    0.3,    0.1,   93.4,   93.2,    6.6,    6.8,  100.0,    0.0,    0.0,    0.0,    0.0,    0.0,    0.0,    0.0,    0.0,    0.0,    0.0,    0.0,    0.0,    0.0,    0.0,    0.0,     43,     22,     20,.,      9,     10,.,      0,.,.,.,.,     37,     36,     43,     22,     20,.,      9,     10,.,      0,.,.,.,.,     37,     36,      0,      0,      0,      0,      0,      0,      0,      0,      0,      0,      0,      0,      0,      0,    37.4,    43.5,    54.3,    64.8,    29.3,    41.1,    42.5,    55.9,    37.4,    43.5,    54.3,    64.8,    29.3,    41.1,    42.5,    55.9,     0.0,     0.0,     0.0,     0.0,     0.0,     0.0,     0.0,     0.0,2500 mmbtu,0233BL,IFED,023 ,N13,FutOnly
PG&E - CITYGATE (INDEX) - ICE FUTURES ENERGY DIV,260721,2026-07-21,0233BQ,IFED,01,023 ,   35138,   24028,   29371,    3611,       0,       0,    2585,    2658,     608,       0,    1083,       0,   30832,   33720,    4306,    1418,   35138,   24028,   29371,    3611,       0,       0,    2585,    2658,     608,       0,    1083,       0,   30832,   33720,    4306,    1418,       0,       0,       0,       0,       0,       0,       0,       0,       0,       0,       0,       0,       0,       0,       0,       0,     -31,     186,    -802,    -868,       0,       0,     434,    -496,       0,       0,     589,       0,    -248,    -709,     217,     678,  100.0,   68.4,   83.6,   10.3,    0.0,    0.0,    7.4,    7.6,    1.7,    0.0,    3.1,    0.0,   87.7,   96.0,   12.3,    4.0,  100.0,   68.4,   83.6,   10.3,    0.0,    0.0,    7.4,    7.6,    1.7,    0.0,    3.1,    0.0,   87.7,   96.0,   12.3,    4.0,  100.0,    0.0,    0.0,    0.0,    0.0,    0.0,    0.0,    0.0,    0.0,    0.0,    0.0,    0.0,    0.0,    0.0,    0.0,    0.0,     29,     14,     11,.,      0,      0,.,.,.,      0,.,      0,     18,     17,     29,     14,     11,.,      0,      0,.,.,.,      0,.,      0,     18,     17,      0,      0,      0,      0,      0,      0,      0,      0,      0,      0,      0,      0,      0,      0,    57.2,    61.6,    72.8,    82.9,    57.2,    61.6,    72.5,    79.1,    57.2,    61.6,    72.8,    82.9,    57.2,    61.6,    72.5,    79.1,     0.0,     0.0,     0.0,     0.0,     0.0,     0.0,     0.0,     0.0,2500 mmbtu,0233BQ,IFED,023 ,N13,FutOnly
SOCAL (INDEX) - ICE FUTURES ENERGY DIV,260721,2026-07-21,0233BW,IFED,01,023 ,   34948,   14251,   28401,    5490,       0,     806,   12859,    3890,     527,       0,     248,       0,   33933,   33872,    1015,    1076,   34948,   14251,   28401,    5490,       0,     806,   12859,    3890,     527,       0,     248,       0,   33933,   33872,    1015,    1076,       0,       0,       0,       0,       0,       0,       0,       0,       0,       0,       0,       0,       0,       0,       0,       0,    1240,     620,     837,    -124,       0,     124,     496,     403,       0,       0,       0,       0,    1116,    1364,     124,    -124,  100.0,   40.8,   81.3,   15.7,    0.0,    2.3,   36.8,   11.1,    1.5,    0.0,    0.7,    0.0,   97.1,   96.9,    2.9,    3.1,  100.0,   40.8,   81.3,   15.7,    0.0,    2.3,   36.8,   11.1,    1.5,    0.0,    0.7,    0.0,   97.1,   96.9,    2.9,    3.1,  100.0,    0.0,    0.0,    0.0,    0.0,    0.0,    0.0,    0.0,    0.0,    0.0,    0.0,    0.0,    0.0,    0.0,    0.0,    0.0,     29,     13,     11,.,      0,.,.,.,.,      0,.,      0,     19,     17,     29,     13,     11,.,      0,.,.,.,.,      0,.,      0,     19,     17,      0,      0,      0,      0,      0,      0,      0,      0,      0,      0,      0,      0,      0,      0,    47.8,    77.1,    68.2,    87.9,    46.2,    75.2,    66.0,    85.2,    47.8,    77.1,    68.2,    87.9,    46.2,    75.2,    66.0,    85.2,     0.0,     0.0,     0.0,     0.0,     0.0,     0.0,     0.0,     0.0,2500 mmbtu,0233BW,IFED,023 ,N13,FutOnly
SOCAL CITYGATE FINANCIAL BASIS - ICE FUTURES ENERGY DIV,260721,2026-07-21,0233BY,IFED,01,023 ,   36643,   19245,   27930,    9899,    3942,     291,     854,     488,       0,     637,       0,     833,   31759,   33484,    4884,    3159,   36643,   19245,   27930,    9899,    3942,     291,     854,     488,       0,     637,       0,     833,   31759,   33484,    4884,    3159,       0,       0,       0,       0,       0,       0,       0,       0,       0,       0,       0,       0,       0,       0,       0,       0,     307,    1064,    -417,       0,     560,      45,       0,       0,       0,    -335,       0,     150,     924,     338,    -617,     -31,  100.0,   52.5,   76.2,   27.0,   10.8,    0.8,    2.3,    1.3,    0.0,    1.7,    0.0,    2.3,   86.7,   91.4,   13.3,    8.6,  100.0,   52.5,   76.2,   27.0,   10.8,    0.8,    2.3,    1.3,    0.0,    1.7,    0.0,    2.3,   86.7,   91.4,   13.3,    8.6,  100.0,    0.0,    0.0,    0.0,    0.0,    0.0,    0.0,    0.0,    0.0,    0.0,    0.0,    0.0,    0.0,    0.0,    0.0,    0.0,     25,     12,     12,.,.,.,.,.,      0,.,      0,.,     19,     17,     25,     12,     12,.,.,.,.,.,      0,.,      0,.,     19,     17,      0,      0,      0,      0,      0,      0,      0,      0,      0,      0,      0,      0,      0,      0,    54.5,    53.8,    73.2,    77.0,    50.7,    45.7,    61.7,    63.2,    54.5,    53.8,    73.2,    77.0,    50.7,    45.7,    61.7,    63.2,     0.0,     0.0,     0.0,     0.0,     0.0,     0.0,     0.0,     0.0,MMBtu,0233BY,IFED,023 ,N13,FutOnly
SONAT - TIER 1 POOL (ZONE 0) - ICE FUTURES ENERGY DIV,260721,2026-07-21,0233C1,IFED,01,023 ,   79504,   57001,   62391,    3914,    6845,    4308,    4361,       0,     459,    1877,       0,     242,   72162,   74245,    7342,    5259,   79504,   57001,   62391,    3914,    6845,    4308,    4361,       0,     459,    1877,       0,     242,   72162,   74245,    7342,    5259,       0,       0,       0,       0,       0,       0,       0,       0,       0,       0,       0,       0,       0,       0,       0,       0,   -1257,   -1377,   -1381,       0,    -120,     120,       0,       0,       0,    -124,       0,      62,   -1319,   -1319,      62,      62,  100.0,   71.7,   78.5,    4.9,    8.6,    5.4,    5.5,    0.0,    0.6,    2.4,    0.0,    0.3,   90.8,   93.4,    9.2,    6.6,  100.0,   71.7,   78.5,    4.9,    8.6,    5.4,    5.5,    0.0,    0.6,    2.4,    0.0,    0.3,   90.8,   93.4,    9.2,    6.6,  100.0,    0.0,    0.0,    0.0,    0.0,    0.0,    0.0,    0.0,    0.0,    0.0,    0.0,    0.0,    0.0,    0.0,    0.0,    0.0,     30,     13,     18,.,.,      4,.,      0,.,.,      0,.,     20,     25,     30,     13,     18,.,.,      4,.,      0,.,.,      0,.,     20,     25,      0,      0,      0,      0,      0,      0,      0,      0,      0,      0,      0,      0,      0,      0,    59.0,    56.5,    77.0,    70.6,    56.9,    54.4,    71.8,    68.2,    59.0,    56.5,    77.0,    70.6,    56.9,    54.4,    71.8,    68.2,     0.0,     0.0,     0.0,     0.0,     0.0,     0.0,     0.0,     0.0,2500 mmbtu,0233C1,IFED,023 ,N13,FutOnly
TENNESSEE 500L BASIS - ICE FUTURES ENERGY DIV,260721,2026-07-21,0233C9,IFED,01,023 ,   32274,   18216,   26500,    4314,    1634,     819,    4625,       0,      61,     957,       0,     211,   29203,   29225,    3071,    3049,   32274,   18216,   26500,    4314,    1634,     819,    4625,       0,      61,     957,       0,     211,   29203,   29225,    3071,    3049,       0,       0,       0,       0,       0,       0,       0,       0,       0,       0,       0,       0,       0,       0,       0,       0,.,.,.,.,.,.,.,.,.,.,.,.,.,.,.,.,  100.0,   56.4,   82.1,   13.4,    5.1,    2.5,   14.3,    0.0,    0.2,    3.0,    0.0,    0.7,   90.5,   90.6,    9.5,    9.4,  100.0,   56.4,   82.1,   13.4,    5.1,    2.5,   14.3,    0.0,    0.2,    3.0,    0.0,    0.7,   90.5,   90.6,    9.5,    9.4,  100.0,    0.0,    0.0,    0.0,    0.0,    0.0,    0.0,    0.0,    0.0,    0.0,    0.0,    0.0,    0.0,    0.0,    0.0,    0.0,     20,      7,     11,.,.,.,.,      0,.,.,      0,.,     13,     15,     20,      7,     11,.,.,.,.,      0,.,.,      0,.,     13,     15,      0,      0,      0,      0,      0,      0,      0,      0,      0,      0,      0,      0,      0,      0,    60.7,    63.0,    84.9,    80.7,    55.1,    62.3,    76.6,    75.9,    60.7,    63.0,    84.9,    80.7,    55.1,    62.3,    76.6,    75.9,     0.0,     0.0,     0.0,     0.0,     0.0,     0.0,     0.0,     0.0,2500 mm btu,0233C9,IFED,023 ,N13,FutOnly
TETCO WLA BASIS - ICE FUTURES ENERGY DIV,260721,2026-07-21,0233CC,IFED,01,023 ,  134162,  104530,   85953,   21276,    7796,    3655,       0,   34505,      31,       0,       0,       0,  129492,  131940,    4670,    2222,  134162,  104530,   85953,   21276,    7796,    3655,       0,   34505,      31,       0,       0,       0,  129492,  131940,    4670,    2222,       0,       0,       0,       0,       0,       0,       0,       0,       0,       0,       0,       0,       0,       0,       0,       0,    7316,    6506,     494,    2643,       0,   -1531,       0,    9390,       0,       0,       0,       0,    7618,    8353,    -302,   -1037,  100.0,   77.9,   64.1,   15.9,    5.8,    2.7,    0.0,   25.7,    0.0,    0.0,    0.0,    0.0,   96.5,   98.3,    3.5,    1.7,  100.0,   77.9,   64.1,   15.9,    5.8,    2.7,    0.0,   25.7,    0.0,    0.0,    0.0,    0.0,   96.5,   98.3,    3.5,    1.7,  100.0,    0.0,    0.0,    0.0,    0.0,    0.0,    0.0,    0.0,    0.0,    0.0,    0.0,    0.0,    0.0,    0.0,    0.0,    0.0,     38,     19,     14,      5,.,      4,      0,      4,.,      0,      0,      0,     26,     23,     38,     19,     14,      5,.,      4,      0,      4,.,      0,      0,      0,     26,     23,      0,      0,      0,      0,      0,      0,      0,      0,      0,      0,      0,      0,      0,      0,    53.8,    65.8,    74.0,    81.4,    53.8,    62.4,    72.2,    77.4,    53.8,    65.8,    74.0,    81.4,    53.8,    62.4,    72.2,    77.4,     0.0,     0.0,     0.0,     0.0,     0.0,     0.0,     0.0,     0.0,mmbtu,0233CC,IFED,023 ,N13,FutOnly
TETCO M3 INDEX - ICE FUTURES ENERGY DIV,260721,2026-07-21,0233CG,IFED,01,023 ,   69343,   32730,   61166,   27291,       0,    5492,    1829,     403,     279,       0,       0,       0,   67621,   67340,    1722,    2003,   69343,   32730,   61166,   27291,       0,    5492,    1829,     403,     279,       0,       0,       0,   67621,   67340,    1722,    2003,       0,       0,       0,       0,       0,       0,       0,       0,       0,       0,       0,       0,       0,       0,       0,       0,    1643,     589,    1643,     155,       0,       0,     806,       0,       0,       0,       0,       0,    1550,    1643,      93,       0,  100.0,   47.2,   88.2,   39.4,    0.0,    7.9,    2.6,    0.6,    0.4,    0.0,    0.0,    0.0,   97.5,   97.1,    2.5,    2.9,  100.0,   47.2,   88.2,   39.4,    0.0,    7.9,    2.6,    0.6,    0.4,    0.0,    0.0,    0.0,   97.5,   97.1,    2.5,    2.9,  100.0,    0.0,    0.0,    0.0,    0.0,    0.0,    0.0,    0.0,    0.0,    0.0,    0.0,    0.0,    0.0,    0.0,    0.0,    0.0,     26,      8,     16,.,      0,.,.,.,.,      0,      0,      0,     14,     19,     26,      8,     16,.,      0,.,.,.,.,      0,      0,      0,     14,     19,      0,      0,      0,      0,      0,      0,      0,      0,      0,      0,      0,      0,      0,      0,    80.1,    57.0,    93.4,    77.4,    75.9,    56.1,    85.5,    76.4,    80.1,    57.0,    93.4,    77.4,    75.9,    56.1,    85.5,    76.4,     0.0,     0.0,     0.0,     0.0,     0.0,     0.0,     0.0,     0.0,2500 mmbtu,0233CG,IFED,023 ,N13,FutOnly
TETCO M3 BASIS - ICE FUTURES ENERGY DIV,260721,2026-07-21,0233CH,IFED,01,023 ,  168476,  101150,  118471,   36837,   22325,    8044,    2975,    3959,    5027,    2754,    2100,     606,  157393,  160532,   11083,    7944,  168476,  101150,  118471,   36837,   22325,    8044,    2975,    3959,    5027,    2754,    2100,     606,  157393,  160532,   11083,    7944,       0,       0,       0,       0,       0,       0,       0,       0,       0,       0,       0,       0,       0,       0,       0,       0,    4888,    3575,    2192,     311,     825,    -121,    -442,    2634,    -424,    1862,      91,     430,    5191,    5627,    -303,    -739,  100.0,   60.0,   70.3,   21.9,   13.3,    4.8,    1.8,    2.3,    3.0,    1.6,    1.2,    0.4,   93.4,   95.3,    6.6,    4.7,  100.0,   60.0,   70.3,   21.9,   13.3,    4.8,    1.8,    2.3,    3.0,    1.6,    1.2,    0.4,   93.4,   95.3,    6.6,    4.7,  100.0,    0.0,    0.0,    0.0,    0.0,    0.0,    0.0,    0.0,    0.0,    0.0,    0.0,    0.0,    0.0,    0.0,    0.0,    0.0,     49,     15,     21,      6,      6,      6,.,.,.,.,.,.,     31,     38,     49,     15,     21,      6,      6,      6,.,.,.,.,.,.,     31,     38,      0,      0,      0,      0,      0,      0,      0,      0,      0,      0,      0,      0,      0,      0,    45.2,    32.1,    66.1,    48.5,    41.5,    31.8,    60.8,    46.8,    45.2,    32.1,    66.1,    48.5,    41.5,    31.8,    60.8,    46.8,     0.0,     0.0,     0.0,     0.0,     0.0,     0.0,     0.0,     0.0,2500 mm btu,0233CH,IFED,023 ,N13,FutOnly
TGT ZONE 1 BASIS - ICE FUTURES ENERGY DIV,260721,2026-07-21,0233CM,IFED,01,023 ,  230361,  206212,  130280,       0,   73619,   14858,    4160,       0,     184,       0,       0,       0,  225414,  218941,    4947,   11420,  230361,  206212,  130280,       0,   73619,   14858,    4160,       0,     184,       0,       0,       0,  225414,  218941,    4947,   11420,       0,       0,       0,       0,       0,       0,       0,       0,       0,       0,       0,       0,       0,       0,       0,       0,   -2729,     343,    3687,   -5363,    1628,    1660,     878,   -6848,    -184,       0,       0,       0,   -2666,     -57,     -63,   -2672,  100.0,   89.5,   56.6,    0.0,   32.0,    6.4,    1.8,    0.0,    0.1,    0.0,    0.0,    0.0,   97.9,   95.0,    2.1,    5.0,  100.0,   89.5,   56.6,    0.0,   32.0,    6.4,    1.8,    0.0,    0.1,    0.0,    0.0,    0.0,   97.9,   95.0,    2.1,    5.0,  100.0,    0.0,    0.0,    0.0,    0.0,    0.0,    0.0,    0.0,    0.0,    0.0,    0.0,    0.0,    0.0,    0.0,    0.0,    0.0,     38,     26,     17,      0,      7,      4,.,      0,.,      0,      0,      0,     31,     25,     38,     26,     17,      0,      7,      4,.,      0,.,      0,      0,      0,     31,     25,      0,      0,      0,      0,      0,      0,      0,      0,      0,      0,      0,      0,      0,      0,    48.7,    59.1,    74.1,    79.7,    48.5,    57.2,    70.9,    73.9,    48.7,    59.1,    74.1,    79.7,    48.5,    57.2,    70.9,    73.9,     0.0,     0.0,     0.0,     0.0,     0.0,     0.0,     0.0,     0.0,2500 MMBtus,0233CM,IFED,023 ,N13,FutOnly
TRANSCO STN 85 MONTHLY INDEX - ICE FUTURES ENERGY DIV,260721,2026-07-21,0233CS,IFED,01,023 ,   63307,   51396,   46618,    4183,    5293,     620,    5167,    3755,     492,       0,    4526,       0,   61858,   61304,    1449,    2003,   63307,   51396,   46618,    4183,    5293,     620,    5167,    3755,     492,       0,    4526,       0,   61858,   61304,    1449,    2003,       0,       0,       0,       0,       0,       0,       0,       0,       0,       0,       0,       0,       0,       0,       0,       0,    7021,    3704,    3673,    -310,     806,     620,    2821,    1922,     124,       0,     248,       0,    6959,    7393,      62,    -372,  100.0,   81.2,   73.6,    6.6,    8.4,    1.0,    8.2,    5.9,    0.8,    0.0,    7.1,    0.0,   97.7,   96.8,    2.3,    3.2,  100.0,   81.2,   73.6,    6.6,    8.4,    1.0,    8.2,    5.9,    0.8,    0.0,    7.1,    0.0,   97.7,   96.8,    2.3,    3.2,  100.0,    0.0,    0.0,    0.0,    0.0,    0.0,    0.0,    0.0,    0.0,    0.0,    0.0,    0.0,    0.0,    0.0,    0.0,    0.0,     35,     13,     15,.,.,.,.,.,.,      0,.,      0,     20,     24,     35,     13,     15,.,.,.,.,.,.,      0,.,      0,     20,     24,      0,      0,      0,      0,      0,      0,      0,      0,      0,      0,      0,      0,      0,      0,    56.0,    52.8,    80.3,    73.7,    54.4,    52.1,    78.6,    72.9,    56.0,    52.8,    80.3,    73.7,    54.4,    52.1,    78.6,    72.9,     0.0,     0.0,     0.0,     0.0,     0.0,     0.0,     0.0,     0.0,mmbtu,0233CS,IFED,023 ,N13,FutOnly
TRANSCO ZONE 6 BASIS - ICE FUTURES ENERGY DIV,260721,2026-07-21,0233CU,IFED,01,023 ,  266834,  155448,  180093,   83688,   49156,   12451,    2554,   11181,    3993,       0,    4246,    1385,  259519,  262505,    7315,    4329,  266834,  155448,  180093,   83688,   49156,   12451,    2554,   11181,    3993,       0,    4246,    1385,  259519,  262505,    7315,    4329,       0,       0,       0,       0,       0,       0,       0,       0,       0,       0,       0,       0,       0,       0,       0,       0,    4798,    2939,     867,     487,      26,     547,    -183,    2386,     425,       0,     -36,     -89,    4126,    4126,     672,     672,  100.0,   58.3,   67.5,   31.4,   18.4,    4.7,    1.0,    4.2,    1.5,    0.0,    1.6,    0.5,   97.3,   98.4,    2.7,    1.6,  100.0,   58.3,   67.5,   31.4,   18.4,    4.7,    1.0,    4.2,    1.5,    0.0,    1.6,    0.5,   97.3,   98.4,    2.7,    1.6,  100.0,    0.0,    0.0,    0.0,    0.0,    0.0,    0.0,    0.0,    0.0,    0.0,    0.0,    0.0,    0.0,    0.0,    0.0,    0.0,     53,     27,     23,      5,      6,      7,.,      4,.,      0,.,.,     43,     40,     53,     27,     23,      5,      6,      7,.,      4,.,      0,.,.,     43,     40,      0,      0,      0,      0,      0,      0,      0,      0,      0,      0,      0,      0,      0,      0,    41.4,    51.9,    63.9,    66.5,    38.7,    51.4,    59.3,    63.9,    41.4,    51.9,    63.9,    66.5,    38.7,    51.4,    59.3,    63.9,     0.0,     0.0,     0.0,     0.0,     0.0,     0.0,     0.0,     0.0,mmbtu,0233CU,IFED,023 ,N13,FutOnly
TRANSCO ZONE 6 MONTHLY INDEX - ICE FUTURES ENERGY DIV,260721,2026-07-21,0233CV,IFED,01,023 ,  105430,   38075,   96933,   65120,    1395,       0,       0,    1054,       0,       0,       0,       0,  103195,   99382,    2235,    6048,  105430,   38075,   96933,   65120,    1395,       0,       0,    1054,       0,       0,       0,       0,  103195,   99382,    2235,    6048,       0,       0,       0,       0,       0,       0,       0,       0,       0,       0,       0,       0,       0,       0,       0,       0,    5651,     413,    3337,    5544,       0,       0,       0,       0,       0,       0,       0,       0,    5957,    3337,    -306,    2314,  100.0,   36.1,   91.9,   61.8,    1.3,    0.0,    0.0,    1.0,    0.0,    0.0,    0.0,    0.0,   97.9,   94.3,    2.1,    5.7,  100.0,   36.1,   91.9,   61.8,    1.3,    0.0,    0.0,    1.0,    0.0,    0.0,    0.0,    0.0,   97.9,   94.3,    2.1,    5.7,  100.0,    0.0,    0.0,    0.0,    0.0,    0.0,    0.0,    0.0,    0.0,    0.0,    0.0,    0.0,    0.0,    0.0,    0.0,    0.0,     24,      7,     13,      5,.,      0,      0,.,      0,      0,      0,      0,     12,     15,     24,      7,     13,      5,.,      0,      0,.,      0,      0,      0,      0,     12,     15,      0,      0,      0,      0,      0,      0,      0,      0,      0,      0,      0,      0,      0,      0,    68.8,    68.4,    94.3,    88.4,    68.8,    68.4,    93.8,    87.0,    68.8,    68.4,    94.3,    88.4,    68.8,    68.4,    93.8,    87.0,     0.0,     0.0,     0.0,     0.0,     0.0,     0.0,     0.0,     0.0,mmbtu,0233CV,IFED,023 ,N13,FutOnly
TRANSCO STATION 85-ZONE 4 BASI - ICE FUTURES ENERGY DIV,260721,2026-07-21,0233CW,IFED,01,023 ,  295608,  180123,  209112,   23691,   38354,   11577,   42853,    1131,   23115,       0,    6215,    2811,  284170,  292315,   11438,    3293,  295608,  180123,  209112,   23691,   38354,   11577,   42853,    1131,   23115,       0,    6215,    2811,  284170,  292315,   11438,    3293,       0,       0,       0,       0,       0,       0,       0,       0,       0,       0,       0,       0,       0,       0,       0,       0,    2003,    3771,    1991,     487,   -2429,     -49,   -3148,     909,     580,     -13,    1048,    -371,    1257,    1679,     746,     324,  100.0,   60.9,   70.7,    8.0,   13.0,    3.9,   14.5,    0.4,    7.8,    0.0,    2.1,    1.0,   96.1,   98.9,    3.9,    1.1,  100.0,   60.9,   70.7,    8.0,   13.0,    3.9,   14.5,    0.4,    7.8,    0.0,    2.1,    1.0,   96.1,   98.9,    3.9,    1.1,  100.0,    0.0,    0.0,    0.0,    0.0,    0.0,    0.0,    0.0,    0.0,    0.0,    0.0,    0.0,    0.0,    0.0,    0.0,    0.0,     66,     28,     39,      5,.,      5,      9,.,      7,      0,.,.,     49,     54,     66,     28,     39,      5,.,      5,      9,.,      7,      0,.,.,     49,     54,      0,      0,      0,      0,      0,      0,      0,      0,      0,      0,      0,      0,      0,      0,    37.9,    32.5,    54.6,    52.1,    25.8,    31.6,    38.4,    47.5,    37.9,    32.5,    54.6,    52.1,    25.8,    31.6,    38.4,    47.5,     0.0,     0.0,     0.0,     0.0,     0.0,     0.0,     0.0,     0.0,2500 mm btu,0233CW,IFED,023 ,N13,FutOnly
WAHA INDEX  - ICE FUTURES ENERGY DIV,260721,2026-07-21,0233D4,IFED,01,023 ,   89794,   83224,   69884,    2548,   13592,       0,    1550,    1395,     279,       0,       0,       0,   87601,   85150,    2193,    4644,   89794,   83224,   69884,    2548,   13592,       0,    1550,    1395,     279,       0,       0,       0,   87601,   85150,    2193,    4644,       0,       0,       0,       0,       0,       0,       0,       0,       0,       0,       0,       0,       0,       0,       0,       0,    5600,    5538,    5259,       0,     310,       0,       0,       0,       0,       0,       0,       0,    5538,    5569,      62,      31,  100.0,   92.7,   77.8,    2.8,   15.1,    0.0,    1.7,    1.6,    0.3,    0.0,    0.0,    0.0,   97.6,   94.8,    2.4,    5.2,  100.0,   92.7,   77.8,    2.8,   15.1,    0.0,    1.7,    1.6,    0.3,    0.0,    0.0,    0.0,   97.6,   94.8,    2.4,    5.2,  100.0,    0.0,    0.0,    0.0,    0.0,    0.0,    0.0,    0.0,    0.0,    0.0,    0.0,    0.0,    0.0,    0.0,    0.0,    0.0,     36,     20,     16,.,      6,      0,.,.,.,      0,      0,      0,     23,     24,     36,     20,     16,.,      6,      0,.,.,.,      0,      0,      0,     23,     24,      0,      0,      0,      0,      0,      0,      0,      0,      0,      0,      0,      0,      0,      0,    54.0,    56.9,    73.3,    78.6,    52.3,    52.6,    67.3,    67.1,    54.0,    56.9,    73.3,    78.6,    52.3,    52.6,    67.3,    67.1,     0.0,     0.0,     0.0,     0.0,     0.0,     0.0,     0.0,     0.0,2500 mm btu,0233D4,IFED,023 ,N13,FutOnly
TETCO M2 Basis (Receipts) - ICE FUTURES ENERGY DIV,260721,2026-07-21,0233DR,IFED,01,023 ,  540198,  466676,   10653,   10013,  497561,   18412,   28293,    2882,    2654,    4430,    2505,    1990,  532468,  536657,    7730,    3541,  540198,  466676,   10653,   10013,  497561,   18412,   28293,    2882,    2654,    4430,    2505,    1990,  532468,  536657,    7730,    3541,       0,       0,       0,       0,       0,       0,       0,       0,       0,       0,       0,       0,       0,       0,       0,       0,    4540,    6096,     190,    2596,    4899,   -1329,     206,       0,     496,   -3127,     682,    -429,    4509,    4509,      31,      31,  100.0,   86.4,    2.0,    1.9,   92.1,    3.4,    5.2,    0.5,    0.5,    0.8,    0.5,    0.4,   98.6,   99.3,    1.4,    0.7,  100.0,   86.4,    2.0,    1.9,   92.1,    3.4,    5.2,    0.5,    0.5,    0.8,    0.5,    0.4,   98.6,   99.3,    1.4,    0.7,  100.0,    0.0,    0.0,    0.0,    0.0,    0.0,    0.0,    0.0,    0.0,    0.0,    0.0,    0.0,    0.0,    0.0,    0.0,    0.0,     57,     34,      9,.,     16,      6,.,.,.,.,.,.,     44,     32,     57,     34,      9,.,     16,      6,.,.,.,.,.,.,     44,     32,      0,      0,      0,      0,      0,      0,      0,      0,      0,      0,      0,      0,      0,      0,    46.6,    51.5,    64.0,    73.3,    46.5,    50.8,    62.8,    72.7,    46.6,    51.5,    64.0,    73.3,    46.5,    50.8,    62.8,    72.7,     0.0,     0.0,     0.0,     0.0,     0.0,     0.0,     0.0,     0.0,2500 MM Btus,0233DR,IFED,023 ,N13,FutOnly
TRANSCO LEIDY BASIS - ICE FUTURES ENERGY DIV,260721,2026-07-21,0233DT,IFED,01,023 ,  123746,   68446,   52088,   19885,   51138,   14927,    7540,       0,       0,    6384,     784,     186,  117368,  119123,    6378,    4623,  123746,   68446,   52088,   19885,   51138,   14927,    7540,       0,       0,    6384,     784,     186,  117368,  119123,    6378,    4623,       0,       0,       0,       0,       0,       0,       0,       0,       0,       0,       0,       0,       0,       0,       0,       0,    3602,    -124,    1008,       0,    1740,     640,    2934,       0,       0,       0,       0,       0,    3450,    3388,     152,     214,  100.0,   55.3,   42.1,   16.1,   41.3,   12.1,    6.1,    0.0,    0.0,    5.2,    0.6,    0.2,   94.8,   96.3,    5.2,    3.7,  100.0,   55.3,   42.1,   16.1,   41.3,   12.1,    6.1,    0.0,    0.0,    5.2,    0.6,    0.2,   94.8,   96.3,    5.2,    3.7,  100.0,    0.0,    0.0,    0.0,    0.0,    0.0,    0.0,    0.0,    0.0,    0.0,    0.0,    0.0,    0.0,    0.0,    0.0,    0.0,     33,     15,      9,      4,      8,      8,.,      0,      0,.,.,.,     28,     21,     33,     15,      9,      4,      8,      8,.,      0,      0,.,.,.,     28,     21,      0,      0,      0,      0,      0,      0,      0,      0,      0,      0,      0,      0,      0,      0,    45.1,    40.6,    63.5,    66.3,    44.7,    40.1,    62.5,    62.1,    45.1,    40.6,    63.5,    66.3,    44.7,    40.1,    62.5,    62.1,     0.0,     0.0,     0.0,     0.0,     0.0,     0.0,     0.0,     0.0,2500 mm btu,0233DT,IFED,023 ,N13,FutOnly
TETCO M2 Index (Receipts) - ICE FUTURES ENERGY DIV,260721,2026-07-21,0233DW,IFED,01,023 ,   33497,   32089,   29758,       0,    1643,       0,       0,     620,       0,       0,       0,       0,   32089,   32021,    1408,    1476,   33497,   32089,   29758,       0,    1643,       0,       0,     620,       0,       0,       0,       0,   32089,   32021,    1408,    1476,       0,       0,       0,       0,       0,       0,       0,       0,       0,       0,       0,       0,       0,       0,       0,       0,     434,     403,       0,       0,       0,       0,       0,     620,       0,       0,       0,       0,     403,     620,      31,    -186,  100.0,   95.8,   88.8,    0.0,    4.9,    0.0,    0.0,    1.9,    0.0,    0.0,    0.0,    0.0,   95.8,   95.6,    4.2,    4.4,  100.0,   95.8,   88.8,    0.0,    4.9,    0.0,    0.0,    1.9,    0.0,    0.0,    0.0,    0.0,   95.8,   95.6,    4.2,    4.4,  100.0,    0.0,    0.0,    0.0,    0.0,    0.0,    0.0,    0.0,    0.0,    0.0,    0.0,    0.0,    0.0,    0.0,    0.0,    0.0,     25,     10,     12,      0,.,      0,      0,.,      0,      0,      0,      0,     10,     15,     25,     10,     12,      0,.,      0,      0,.,      0,      0,      0,      0,     10,     15,      0,      0,      0,      0,      0,      0,      0,      0,      0,      0,      0,      0,      0,      0,    75.4,    56.4,    92.7,    77.0,    75.4,    56.4,    92.7,    77.0,    75.4,    56.4,    92.7,    77.0,    75.4,    56.4,    92.7,    77.0,     0.0,     0.0,     0.0,     0.0,     0.0,     0.0,     0.0,     0.0,2500 MM Btus,0233DW,IFED,023 ,N13,FutOnly
REX ZONE 3 BASIS - ICE FUTURES ENERGY DIV,260721,2026-07-21,0233EB,IFED,01,023 ,  261610,  217531,  128032,   14726,   98105,    8376,    4680,    7457,    7546,     619,    3581,    3290,  256768,  256387,    4842,    5223,  261610,  217531,  128032,   14726,   98105,    8376,    4680,    7457,    7546,     619,    3581,    3290,  256768,  256387,    4842,    5223,       0,       0,       0,       0,       0,       0,       0,       0,       0,       0,       0,       0,       0,       0,       0,       0,   -5081,  -14925,    2798,     488,     835,    1144,    1750,  -12186,    4685,     306,     181,    1630,   -4922,    -913,    -159,   -4168,  100.0,   83.2,   48.9,    5.6,   37.5,    3.2,    1.8,    2.9,    2.9,    0.2,    1.4,    1.3,   98.1,   98.0,    1.9,    2.0,  100.0,   83.2,   48.9,    5.6,   37.5,    3.2,    1.8,    2.9,    2.9,    0.2,    1.4,    1.3,   98.1,   98.0,    1.9,    2.0,  100.0,    0.0,    0.0,    0.0,    0.0,    0.0,    0.0,    0.0,    0.0,    0.0,    0.0,    0.0,    0.0,    0.0,    0.0,    0.0,     61,     30,     28,.,     11,.,.,      4,      5,.,.,.,     43,     50,     61,     30,     28,.,     11,.,.,      4,      5,.,.,.,     43,     50,      0,      0,      0,      0,      0,      0,      0,      0,      0,      0,      0,      0,      0,      0,    39.8,    34.9,    60.8,    53.8,    38.0,    33.9,    57.9,    51.9,    39.8,    34.9,    60.8,    53.8,    38.0,    33.9,    57.9,    51.9,     0.0,     0.0,     0.0,     0.0,     0.0,     0.0,     0.0,     0.0,2500 MMBtus,0233EB,IFED,023 ,N13,FutOnly
REX ZONE 3 INDEX - ICE FUTURES ENERGY DIV,260721,2026-07-21,0233ED,IFED,01,023 ,   33349,   20334,   26816,   10310,    3198,     185,     310,    1395,     186,       0,       0,       0,   31325,   31780,    2024,    1569,   33349,   20334,   26816,   10310,    3198,     185,     310,    1395,     186,       0,       0,       0,   31325,   31780,    2024,    1569,       0,       0,       0,       0,       0,       0,       0,       0,       0,       0,       0,       0,       0,       0,       0,       0,    3596,    2790,    3100,     -61,       0,     185,     310,     527,       0,       0,       0,       0,    3224,    3812,     372,    -216,  100.0,   61.0,   80.4,   30.9,    9.6,    0.6,    0.9,    4.2,    0.6,    0.0,    0.0,    0.0,   93.9,   95.3,    6.1,    4.7,  100.0,   61.0,   80.4,   30.9,    9.6,    0.6,    0.9,    4.2,    0.6,    0.0,    0.0,    0.0,   93.9,   95.3,    6.1,    4.7,  100.0,    0.0,    0.0,    0.0,    0.0,    0.0,    0.0,    0.0,    0.0,    0.0,    0.0,    0.0,    0.0,    0.0,    0.0,    0.0,     27,     11,     18,.,.,.,.,.,.,      0,      0,      0,     15,     22,     27,     11,     18,.,.,.,.,.,.,      0,      0,      0,     15,     22,      0,      0,      0,      0,      0,      0,      0,      0,      0,      0,      0,      0,      0,      0,    71.8,    38.2,    84.5,    63.1,    58.4,    35.3,    65.1,    55.2,    71.8,    38.2,    84.5,    63.1,    58.4,    35.3,    65.1,    55.2,     0.0,     0.0,     0.0,     0.0,     0.0,     0.0,     0.0,     0.0,2500 MMBtus,0233ED,IFED,023 ,N13,FutOnly
Transco Zone 5 South Basis - ICE FUTURES ENERGY DIV,260721,2026-07-21,0233FJ,IFED,01,023 ,  154238,   81275,  129024,   25902,    6732,    8707,   27866,    2114,     306,     603,    1384,      61,  144720,  148328,    9518,    5910,  154238,   81275,  129024,   25902,    6732,    8707,   27866,    2114,     306,     603,    1384,      61,  144720,  148328,    9518,    5910,       0,       0,       0,       0,       0,       0,       0,       0,       0,       0,       0,       0,       0,       0,       0,       0,    1330,    -681,     793,       0,     -31,      31,    1444,       0,       0,      93,      34,      -9,     878,     818,     452,     512,  100.0,   52.7,   83.7,   16.8,    4.4,    5.6,   18.1,    1.4,    0.2,    0.4,    0.9,    0.0,   93.8,   96.2,    6.2,    3.8,  100.0,   52.7,   83.7,   16.8,    4.4,    5.6,   18.1,    1.4,    0.2,    0.4,    0.9,    0.0,   93.8,   96.2,    6.2,    3.8,  100.0,    0.0,    0.0,    0.0,    0.0,    0.0,    0.0,    0.0,    0.0,    0.0,    0.0,    0.0,    0.0,    0.0,    0.0,    0.0,     45,     20,     28,      4,.,.,.,.,.,.,.,.,     30,     35,     45,     20,     28,      4,.,.,.,.,.,.,.,.,     30,     35,      0,      0,      0,      0,      0,      0,      0,      0,      0,      0,      0,      0,      0,      0,    46.5,    48.2,    70.8,    66.1,    45.7,    46.6,    65.4,    59.3,    46.5,    48.2,    70.8,    66.1,    45.7,    46.6,    65.4,    59.3,     0.0,     0.0,     0.0,     0.0,     0.0,     0.0,     0.0,     0.0,2500 MMBtus,0233FJ,IFED,023 ,N13,FutOnly
NAT GAS NYME - NEW YORK MERCANTILE EXCHANGE,260721,2026-07-21,023651,NYME,01,023 , 1679435,  222111,  255218,  210606,   18397,  113108,  233978,  336734,  562597,   61228,  129610,  218135, 1621763, 1633799,   57672,   45636, 1679435,  222111,  255218,  210606,   18397,  113108,  233978,  336734,  562597,   61228,  129610,  218135, 1621763, 1633799,   57672,   45636,       0,       0,       0,       0,       0,       0,       0,       0,       0,       0,       0,       0,       0,       0,       0,       0,   16099,    8764,   13739,   -1131,     320,    1880,    6809,    3856,   -1743,    1142,   -3379,    -869,   14852,   13804,    1247,    2295,  100.0,   13.2,   15.2,   12.5,    1.1,    6.7,   13.9,   20.1,   33.5,    3.6,    7.7,   13.0,   96.6,   97.3,    3.4,    2.7,  100.0,   13.2,   15.2,   12.5,    1.1,    6.7,   13.9,   20.1,   33.5,    3.6,    7.7,   13.0,   96.6,   97.3,    3.4,    2.7,  100.0,    0.0,    0.0,    0.0,    0.0,    0.0,    0.0,    0.0,    0.0,    0.0,    0.0,    0.0,    0.0,    0.0,    0.0,    0.0,    327,     50,     46,     26,     10,     26,     66,     64,     78,     57,     43,     72,    293,    253,    327,     50,     46,     26,     10,     26,     66,     64,     78,     57,     43,     72,    293,    253,      0,      0,      0,      0,      0,      0,      0,      0,      0,      0,      0,      0,      0,      0,    17.9,    25.3,    27.6,    36.8,     9.2,    11.2,    14.1,    15.9,    17.9,    25.3,    27.6,    36.8,     9.2,    11.2,    14.1,    15.9,     0.0,     0.0,     0.0,     0.0,     0.0,     0.0,     0.0,     0.0,"(Contracts of 10,000 MMBTU'S)",023651,NYME,023 ,N13,FutOnly
HENRY HUB LAST DAY FIN - NEW YORK MERCANTILE EXCHANGE,260721,2026-07-21,023A55,NYME,01,023 ,  418965,  143695,   41731,   30780,  161444,   23612,   40120,   14880,   21533,   74004,   86222,   60408,  394152,  409830,   24813,    9135,  418965,  143695,   41731,   30780,  161444,   23612,   40120,   14880,   21533,   74004,   86222,   60408,  394152,  409830,   24813,    9135,       0,       0,       0,       0,       0,       0,       0,       0,       0,       0,       0,       0,       0,       0,       0,       0,    6617,    3932,    -450,    2571,    -878,     804,   -3431,     171,    4803,   -1526,    3208,    -560,    6593,    7098,      24,    -481,  100.0,   34.3,   10.0,    7.3,   38.5,    5.6,    9.6,    3.6,    5.1,   17.7,   20.6,   14.4,   94.1,   97.8,    5.9,    2.2,  100.0,   34.3,   10.0,    7.3,   38.5,    5.6,    9.6,    3.6,    5.1,   17.7,   20.6,   14.4,   94.1,   97.8,    5.9,    2.2,  100.0,    0.0,    0.0,    0.0,    0.0,    0.0,    0.0,    0.0,    0.0,    0.0,    0.0,    0.0,    0.0,    0.0,    0.0,    0.0,     95,     29,     24,     15,      9,     18,      6,      5,      9,     17,     10,     22,     90,     75,     95,     29,     24,     15,      9,     18,      6,      5,      9,     17,     10,     22,     90,     75,      0,      0,      0,      0,      0,      0,      0,      0,      0,      0,      0,      0,      0,      0,    18.0,    39.8,    31.4,    54.9,    14.8,    38.2,    25.4,    49.1,    18.0,    39.8,    31.4,    54.9,    14.8,    38.2,    25.4,    49.1,     0.0,     0.0,     0.0,     0.0,     0.0,     0.0,     0.0,     0.0,"(Contracts of 10,000 MMBTU'S)",023A55,NYME,023 ,N13,FutOnly
HENRY HUB PENULTIMATE FIN - NEW YORK MERCANTILE EXCHANGE,260721,2026-07-21,023A56,NYME,01,023 ,  238545,   27546,   54454,   80600,   54986,   33429,   32122,   12655,   18160,   15711,   31107,   26266,  233834,  231057,    4711,    7488,  238545,   27546,   54454,   80600,   54986,   33429,   32122,   12655,   18160,   15711,   31107,   26266,  233834,  231057,    4711,    7488,       0,       0,       0,       0,       0,       0,       0,       0,       0,       0,       0,       0,       0,       0,       0,       0,    9609,    4685,    5103,    1741,    3281,     318,   -2919,     422,     790,    2841,   -3104,    2561,   10017,    9371,    -408,     238,  100.0,   11.5,   22.8,   33.8,   23.1,   14.0,   13.5,    5.3,    7.6,    6.6,   13.0,   11.0,   98.0,   96.9,    2.0,    3.1,  100.0,   11.5,   22.8,   33.8,   23.1,   14.0,   13.5,    5.3,    7.6,    6.6,   13.0,   11.0,   98.0,   96.9,    2.0,    3.1,  100.0,    0.0,    0.0,    0.0,    0.0,    0.0,    0.0,    0.0,    0.0,    0.0,    0.0,    0.0,    0.0,    0.0,    0.0,    0.0,     73,     12,     15,     11,      7,     14,      9,      7,     14,      7,     17,     21,     68,     66,     73,     12,     15,     11,      7,     14,      9,      7,     14,      7,     17,     21,     68,     66,      0,      0,      0,      0,      0,      0,      0,      0,      0,      0,      0,      0,      0,      0,    27.6,    34.1,    45.9,    48.7,    27.2,    24.3,    39.6,    33.7,    27.6,    34.1,    45.9,    48.7,    27.2,    24.3,    39.6,    33.7,     0.0,     0.0,     0.0,     0.0,     0.0,     0.0,     0.0,     0.0,"(Contracts of 10,000 MMBTU'S)",023A56,NYME,023 ,N13,FutOnly
ETHANOL T2 FOB INCL DUTY - NEW YORK MERCANTILE EXCHANGE,260721,2026-07-21,025608,NYME,01,025 ,    3593,    3272,    3304,       0,      33,       9,       0,       0,       0,       0,     155,       0,    3281,    3501,     312,      92,    3593,    3272,    3304,       0,      33,       9,       0,       0,       0,       0,     155,       0,    3281,    3501,     312,      92,       0,       0,       0,       0,       0,       0,       0,       0,       0,       0,       0,       0,       0,       0,       0,       0,      70,      94,      96,       0,       0,       0,       0,       0,       0,       0,       0,       0,      94,      96,     -24,     -26,  100.0,   91.1,   92.0,    0.0,    0.9,    0.3,    0.0,    0.0,    0.0,    0.0,    4.3,    0.0,   91.3,   97.4,    8.7,    2.6,  100.0,   91.1,   92.0,    0.0,    0.9,    0.3,    0.0,    0.0,    0.0,    0.0,    4.3,    0.0,   91.3,   97.4,    8.7,    2.6,  100.0,    0.0,    0.0,    0.0,    0.0,    0.0,    0.0,    0.0,    0.0,    0.0,    0.0,    0.0,    0.0,    0.0,    0.0,    0.0,     25,     19,     19,      0,.,.,      0,      0,      0,      0,.,      0,     20,     22,     25,     19,     19,      0,.,.,      0,      0,      0,      0,.,      0,     20,     22,      0,      0,      0,      0,      0,      0,      0,      0,      0,      0,      0,      0,      0,      0,    49.7,    53.8,    70.8,    73.1,    33.1,    32.1,    42.9,    46.1,    49.7,    53.8,    70.8,    73.1,    33.1,    32.1,    42.9,    46.1,     0.0,     0.0,     0.0,     0.0,     0.0,     0.0,     0.0,     0.0,(100 CUBIC METERS),025608,NYME,025 ,N10,FutOnly
ETHANOL - NEW YORK MERCANTILE EXCHANGE,260721,2026-07-21,025651,NYME,01,025 ,   45462,   35020,   39036,     966,    2783,     307,    5574,     151,     125,    1197,     491,    1769,   44958,   44662,     504,     800,   45462,   35020,   39036,     966,    2783,     307,    5574,     151,     125,    1197,     491,    1769,   44958,   44662,     504,     800,       0,       0,       0,       0,       0,       0,       0,       0,       0,       0,       0,       0,       0,       0,       0,       0,    1786,    1796,     999,     -11,    1230,    -618,     540,      11,       0,      -4,      34,      95,    1798,    1751,     -12,      35,  100.0,   77.0,   85.9,    2.1,    6.1,    0.7,   12.3,    0.3,    0.3,    2.6,    1.1,    3.9,   98.9,   98.2,    1.1,    1.8,  100.0,   77.0,   85.9,    2.1,    6.1,    0.7,   12.3,    0.3,    0.3,    2.6,    1.1,    3.9,   98.9,   98.2,    1.1,    1.8,  100.0,    0.0,    0.0,    0.0,    0.0,    0.0,    0.0,    0.0,    0.0,    0.0,    0.0,    0.0,    0.0,    0.0,    0.0,    0.0,    120,     47,     64,.,      4,      4,     19,.,.,      9,      7,      9,     85,     86,    120,     47,     64,.,      4,      4,     19,.,.,      9,      7,      9,     85,     86,      0,      0,      0,      0,      0,      0,      0,      0,      0,      0,      0,      0,      0,      0,    31.8,    29.8,    48.0,    44.3,    13.2,    11.5,    19.8,    19.3,    31.8,    29.8,    48.0,    44.3,    13.2,    11.5,    19.8,    19.3,     0.0,     0.0,     0.0,     0.0,     0.0,     0.0,     0.0,     0.0,"(CONTRACTS OF 42,000 U.S. GALLONS)",025651,NYME,025 ,N10,FutOnly
SOYBEAN MEAL - CHICAGO BOARD OF TRADE,260721,2026-07-21,026603,CBT ,00,026 ,  618289,  124343,  373936,  122728,    8138,    9681,  130152,   56676,   71666,   52771,   12387,   57414,  568755,  589898,   49534,   28391,  143002,   44780,   99580,   10128,    3058,     789,   47173,   18933,    3746,   20401,    5271,    2641,  129658,  134018,   13344,    8984,  475287,   79563,  274356,  117354,    9834,    4138,  102766,   57530,   48133,   44855,   19601,   42288,  439097,  455880,   36190,   19407,   18936,   -8467,   20325,    5020,     -21,     -45,   10805,  -16095,    3601,    1609,    1686,    8303,   20826,   17754,   -1890,    1182,  100.0,   20.1,   60.5,   19.8,    1.3,    1.6,   21.1,    9.2,   11.6,    8.5,    2.0,    9.3,   92.0,   95.4,    8.0,    4.6,  100.0,   31.3,   69.6,    7.1,    2.1,    0.6,   33.0,   13.2,    2.6,   14.3,    3.7,    1.8,   90.7,   93.7,    9.3,    6.3,  100.0,   16.7,   57.7,   24.7,    2.1,    0.9,   21.6,   12.1,   10.1,    9.4,    4.1,    8.9,   92.4,   95.9,    7.6,    4.1,    325,    101,     94,     25,      5,     16,     67,     32,     57,     51,     14,     34,    286,    219,    229,     75,     77,     15,      8,      9,     40,      9,     15,     31,     13,     11,    177,    128,    304,     82,     76,     24,      6,     12,     52,     41,     48,     42,     22,     25,    246,    190,     9.8,    32.5,    18.0,    40.8,     9.0,    29.4,    17.0,    35.3,    15.6,    30.7,    25.9,    44.7,    15.6,    30.3,    24.8,    42.9,    10.9,    33.9,    20.6,    44.3,    10.8,    30.6,    20.0,    38.7,(CONTRACTS OF 100 TONS),026603,CBT ,026 ,A30,FutOnly
COTTON NO. 2 - ICE FUTURES U.S.,260721,2026-07-21,033661,ICUS,01,033 ,  317825,   43001,  175302,   55955,   26332,   14081,   70768,   23709,   31162,   64585,   16532,   22840,  302392,  309958,   15433,    7867,  295414,   32512,  163165,   57206,   21436,   11792,   66294,   24182,   30503,   62839,   16879,   19761,  280907,  287718,   14507,    7696,   22411,   10489,   12137,    1038,    7185,       0,    5133,     186,       0,    4772,    2679,      53,   21485,   22240,     926,     171,   -4482,   -1349,   -2951,     886,    -112,     229,    4083,     950,   -2128,   -3067,     401,    -713,   -2059,   -4324,   -2423,    -158,  100.0,   13.5,   55.2,   17.6,    8.3,    4.4,   22.3,    7.5,    9.8,   20.3,    5.2,    7.2,   95.1,   97.5,    4.9,    2.5,  100.0,   11.0,   55.2,   19.4,    7.3,    4.0,   22.4,    8.2,   10.3,   21.3,    5.7,    6.7,   95.1,   97.4,    4.9,    2.6,  100.0,   46.8,   54.2,    4.6,   32.1,    0.0,   22.9,    0.8,    0.0,   21.3,   12.0,    0.2,   95.9,   99.2,    4.1,    0.8,    332,     44,     48,     25,     14,     14,     80,     30,     55,     97,     23,     37,    278,    191,    330,     36,     48,     26,     12,     13,     79,     32,     54,     93,     28,     36,    269,    188,     86,     18,     18,      4,     14,      0,     11,.,      0,     16,      9,      4,     52,     44,     8.6,    32.6,    15.1,    42.8,     6.8,    27.8,    12.6,    38.1,     8.5,    33.6,    15.1,    43.0,     7.6,    30.7,    13.8,    40.1,    52.1,    42.6,    68.8,    62.5,    52.0,    42.5,    68.7,    62.4,"(CONTRACTS OF 50,000 POUNDS)",033661,ICUS,033 ,A40,FutOnly
HENRY HUB - NEW YORK MERCANTILE EXCHANGE,260721,2026-07-21,03565B,NYME,01,023 ,  399000,   32024,   14096,   21584,  293836,   48579,       0,    6740,       0,  281117,   18726,    1965,  385269,  383942,   13731,   15058,  399000,   32024,   14096,   21584,  293836,   48579,       0,    6740,       0,  281117,   18726,    1965,  385269,  383942,   13731,   15058,       0,       0,       0,       0,       0,       0,       0,       0,       0,       0,       0,       0,       0,       0,       0,       0,    6844,       0,       0,    3264,    5574,    1331,       0,       0,       0,    3609,       0,     -61,    8143,    6844,   -1299,       0,  100.0,    8.0,    3.5,    5.4,   73.6,   12.2,    0.0,    1.7,    0.0,   70.5,    4.7,    0.5,   96.6,   96.2,    3.4,    3.8,  100.0,    8.0,    3.5,    5.4,   73.6,   12.2,    0.0,    1.7,    0.0,   70.5,    4.7,    0.5,   96.6,   96.2,    3.4,    3.8,  100.0,    0.0,    0.0,    0.0,    0.0,    0.0,    0.0,    0.0,    0.0,    0.0,    0.0,    0.0,    0.0,    0.0,    0.0,    0.0,     34,      5,      5,.,     12,     12,      0,.,      0,      6,.,.,     25,     25,     34,      5,      5,.,     12,     12,      0,.,      0,      6,.,.,     25,     25,      0,      0,      0,      0,      0,      0,      0,      0,      0,      0,      0,      0,      0,      0,    69.5,    59.8,    82.7,    83.0,    69.0,    56.8,    79.6,    76.1,    69.5,    59.8,    82.7,    83.0,    69.0,    56.8,    79.6,    76.1,     0.0,     0.0,     0.0,     0.0,     0.0,     0.0,     0.0,     0.0,"(Contracts of 2,500  MMBTU'S)",03565B,NYME,023 ,N13,FutOnly
HENRY HUB PENULTIMATE NAT GAS - NEW YORK MERCANTILE EXCHANGE,260721,2026-07-21,03565C,NYME,01,023 ,  114434,   13991,   15093,   21584,   18290,   34936,    6844,   10058,    5001,    6470,   11018,   13420,  102246,  107816,   12188,    6618,  114434,   13991,   15093,   21584,   18290,   34936,    6844,   10058,    5001,    6470,   11018,   13420,  102246,  107816,   12188,    6618,       0,       0,       0,       0,       0,       0,       0,       0,       0,       0,       0,       0,       0,       0,       0,       0,    1448,       0,       0,       0,   -1894,     503,     888,    2768,       0,     440,     351,    -268,    1563,    1460,    -115,     -12,  100.0,   12.2,   13.2,   18.9,   16.0,   30.5,    6.0,    8.8,    4.4,    5.7,    9.6,   11.7,   89.3,   94.2,   10.7,    5.8,  100.0,   12.2,   13.2,   18.9,   16.0,   30.5,    6.0,    8.8,    4.4,    5.7,    9.6,   11.7,   89.3,   94.2,   10.7,    5.8,  100.0,    0.0,    0.0,    0.0,    0.0,    0.0,    0.0,    0.0,    0.0,    0.0,    0.0,    0.0,    0.0,    0.0,    0.0,    0.0,     43,      6,      6,      5,      7,     11,      4,      4,      5,      6,      9,     10,     39,     34,     43,      6,      6,      5,      7,     11,      4,      4,      5,      6,      9,     10,     39,     34,      0,      0,      0,      0,      0,      0,      0,      0,      0,      0,      0,      0,      0,      0,    34.4,    35.3,    50.1,    60.9,    20.4,    22.6,    28.5,    32.0,    34.4,    35.3,    50.1,    60.9,    20.4,    22.6,    28.5,    32.0,     0.0,     0.0,     0.0,     0.0,     0.0,     0.0,     0.0,     0.0,"(Contracts of 2,500  MMBTU'S)",03565C,NYME,023 ,N13,FutOnly
USD Malaysian Crude Palm Oil C - CHICAGO MERCANTILE EXCHANGE,260721,2026-07-21,037021,CME ,00,037 ,   49708,   44156,   36848,     960,    4955,    2572,     120,    4295,       0,    1160,     338,     690,   49658,   49698,      50,      10,   49708,   44156,   36848,     960,    4955,    2572,     120,    4295,       0,    1160,     338,     690,   49658,   49698,      50,      10,       0,       0,       0,       0,       0,       0,       0,       0,       0,       0,       0,       0,       0,       0,       0,       0,    2339,    2260,    2991,       0,   -1191,     259,       0,     560,       0,      80,       0,    -280,    2319,    2339,      20,       0,  100.0,   88.8,   74.1,    1.9,   10.0,    5.2,    0.2,    8.6,    0.0,    2.3,    0.7,    1.4,   99.9,  100.0,    0.1,    0.0,  100.0,   88.8,   74.1,    1.9,   10.0,    5.2,    0.2,    8.6,    0.0,    2.3,    0.7,    1.4,   99.9,  100.0,    0.1,    0.0,  100.0,    0.0,    0.0,    0.0,    0.0,    0.0,    0.0,    0.0,    0.0,    0.0,    0.0,    0.0,    0.0,    0.0,    0.0,    0.0,     28,      9,     10,.,      5,      5,.,.,      0,.,.,.,     21,     21,     28,      9,     10,.,      5,      5,.,.,      0,.,.,.,     21,     21,      0,      0,      0,      0,      0,      0,      0,      0,      0,      0,      0,      0,      0,      0,    81.0,    63.4,    91.6,    87.7,    42.9,    39.7,    47.2,    46.4,    81.0,    63.4,    91.6,    87.7,    42.9,    39.7,    47.2,    46.4,     0.0,     0.0,     0.0,     0.0,     0.0,     0.0,     0.0,     0.0,(CONTRACTS OF 25 METRIC TONS),037021,CME ,037 ,A30,FutOnly
ROUGH RICE - CHICAGO BOARD OF TRADE,260721,2026-07-21,039601,CBT ,00,039 ,   13198,    4377,    7539,     416,       0,       0,    2904,    2282,      98,    1706,    1389,     769,   10270,   12077,    2928,    1121,   13198,    4377,    7539,     416,       0,       0,    2904,    2282,      98,    1706,    1389,     769,   10270,   12077,    2928,    1121,       0,       0,       0,       0,       0,       0,       0,       0,       0,       0,       0,       0,       0,       0,       0,       0,     122,     -76,     330,      -2,       0,       0,      92,    -357,       7,     -21,    -110,     210,     210,      80,     -88,      42,  100.0,   33.2,   57.1,    3.2,    0.0,    0.0,   22.0,   17.3,    0.7,   12.9,   10.5,    5.8,   77.8,   91.5,   22.2,    8.5,  100.0,   33.2,   57.1,    3.2,    0.0,    0.0,   22.0,   17.3,    0.7,   12.9,   10.5,    5.8,   77.8,   91.5,   22.2,    8.5,  100.0,    0.0,    0.0,    0.0,    0.0,    0.0,    0.0,    0.0,    0.0,    0.0,    0.0,    0.0,    0.0,    0.0,    0.0,    0.0,     76,     16,     19,.,      0,      0,     14,      9,      4,     14,      6,      5,     50,     39,     76,     16,     19,.,      0,      0,     14,      9,      4,     14,      6,      5,     50,     39,      0,      0,      0,      0,      0,      0,      0,      0,      0,      0,      0,      0,      0,      0,    25.1,    37.0,    37.0,    55.7,    24.7,    37.0,    35.3,    53.7,    25.1,    37.0,    37.0,    55.7,    24.7,    37.0,    35.3,    53.7,     0.0,     0.0,     0.0,     0.0,     0.0,     0.0,     0.0,     0.0,"(CONTRACTS OF 200,000 POUNDS)",039601,CBT ,039 ,A10,FutOnly
FRZN CONCENTRATED ORANGE JUICE - ICE FUTURES U.S.,260721,2026-07-21,040701,ICUS,01,040 ,    9680,    1782,    2841,     797,     148,     110,    2117,    3432,     249,    2189,     508,     452,    7696,    7740,    1984,    1940,    8901,    1230,    2286,     797,     218,      40,    2143,    3432,     223,    2183,     508,     384,    7000,    7091,    1901,    1810,     779,     552,     555,      70,       0,       0,       0,      26,       0,      74,      68,       0,     696,     649,      83,     130,     416,     144,    -192,      -7,     -50,       0,    -239,     569,      92,     274,      30,     108,     372,     557,      44,    -141,  100.0,   18.4,   29.3,    8.2,    1.5,    1.1,   21.9,   35.5,    2.6,   22.6,    5.2,    4.7,   79.5,   80.0,   20.5,   20.0,  100.0,   13.8,   25.7,    9.0,    2.4,    0.4,   24.1,   38.6,    2.5,   24.5,    5.7,    4.3,   78.6,   79.7,   21.4,   20.3,  100.0,   70.9,   71.2,    9.0,    0.0,    0.0,    0.0,    3.3,    0.0,    9.5,    8.7,    0.0,   89.3,   83.3,   10.7,   16.7,     53,      9,      5,.,.,.,      8,     13,      5,     13,      4,      4,     37,     29,     53,      9,      5,.,.,.,      8,     13,      4,     13,      4,.,     37,     27,     14,      6,.,.,      0,      0,      0,.,      0,.,.,      0,      9,      6,    23.1,    36.4,    39.5,    50.8,    23.1,    36.3,    38.1,    50.6,    24.8,    33.7,    41.0,    49.4,    24.8,    33.6,    39.4,    49.2,    67.9,    80.0,    89.0,    83.3,    65.0,    77.9,    84.9,    79.2,"(CONTRACTS OF 15,000 POUNDS)",040701,ICUS,040 ,A50,FutOnly
BUTTER (CASH SETTLED) - CHICAGO MERCANTILE EXCHANGE,260721,2026-07-21,050642,CME ,00,050 ,   17566,    9920,    9225,    4516,    1000,    1726,       0,     315,      89,     216,    4500,     430,   16897,   17285,     669,     281,   17566,    9920,    9225,    4516,    1000,    1726,       0,     315,      89,     216,    4500,     430,   16897,   17285,     669,     281,       0,       0,       0,       0,       0,       0,       0,       0,       0,       0,       0,       0,       0,       0,       0,       0,     731,     440,     366,     316,       0,       4,       0,      -9,     -46,     -18,     355,      23,     719,     693,      12,      38,  100.0,   56.5,   52.5,   25.7,    5.7,    9.8,    0.0,    1.8,    0.5,    1.2,   25.6,    2.4,   96.2,   98.4,    3.8,    1.6,  100.0,   56.5,   52.5,   25.7,    5.7,    9.8,    0.0,    1.8,    0.5,    1.2,   25.6,    2.4,   96.2,   98.4,    3.8,    1.6,  100.0,    0.0,    0.0,    0.0,    0.0,    0.0,    0.0,    0.0,    0.0,    0.0,    0.0,    0.0,    0.0,    0.0,    0.0,    0.0,     61,     34,     23,      6,.,      5,      0,.,.,      4,      6,      6,     50,     39,     61,     34,     23,      6,.,      5,      0,.,.,      4,      6,      6,     50,     39,      0,      0,      0,      0,      0,      0,      0,      0,      0,      0,      0,      0,      0,      0,    39.6,    36.5,    55.3,    60.0,    34.9,    35.2,    47.9,    53.2,    39.6,    36.5,    55.3,    60.0,    34.9,    35.2,    47.9,    53.2,     0.0,     0.0,     0.0,     0.0,     0.0,     0.0,     0.0,     0.0,"(CONTRACTS OF 20,000 POUNDS)",050642,CME ,050 ,A25,FutOnly
"MILK, Class III - CHICAGO MERCANTILE EXCHANGE",260721,2026-07-21,052641,CME ,00,052 ,   31606,   12404,   11867,   11167,    2269,     724,     122,    4502,     310,    3282,    6576,    1123,   29132,   27371,    2474,    4235,   31606,   12404,   11867,   11167,    2269,     724,     122,    4502,     310,    3282,    6576,    1123,   29132,   27371,    2474,    4235,       0,       0,       0,       0,       0,       0,       0,       0,       0,       0,       0,       0,       0,       0,       0,       0,    -224,     179,     841,    -320,    -123,     135,    -207,   -1437,      22,     -20,     429,    -115,    -326,    -248,     102,      24,  100.0,   39.2,   37.5,   35.3,    7.2,    2.3,    0.4,   14.2,    1.0,   10.4,   20.8,    3.6,   92.2,   86.6,    7.8,   13.4,  100.0,   39.2,   37.5,   35.3,    7.2,    2.3,    0.4,   14.2,    1.0,   10.4,   20.8,    3.6,   92.2,   86.6,    7.8,   13.4,  100.0,    0.0,    0.0,    0.0,    0.0,    0.0,    0.0,    0.0,    0.0,    0.0,    0.0,    0.0,    0.0,    0.0,    0.0,    0.0,     78,     22,     20,      5,.,.,.,     13,.,      6,     18,     11,     45,     57,     78,     22,     20,      5,.,.,.,     13,.,      6,     18,     11,     45,     57,      0,      0,      0,      0,      0,      0,      0,      0,      0,      0,      0,      0,      0,      0,    48.6,    25.6,    63.9,    44.0,    48.6,    24.0,    63.8,    38.8,    48.6,    25.6,    63.9,    44.0,    48.6,    24.0,    63.8,    38.8,     0.0,     0.0,     0.0,     0.0,     0.0,     0.0,     0.0,     0.0,"(CONTRACTS OF 200,000 POUNDS)",052641,CME ,052 ,A25,FutOnly
NON FAT DRY MILK - CHICAGO MERCANTILE EXCHANGE,260721,2026-07-21,052642,CME ,00,052 ,   12065,    8299,    5022,    2049,     864,     340,       0,     368,     301,     195,    4881,      80,   11264,   11856,     801,     209,   12065,    8299,    5022,    2049,     864,     340,       0,     368,     301,     195,    4881,      80,   11264,   11856,     801,     209,       0,       0,       0,       0,       0,       0,       0,       0,       0,       0,       0,       0,       0,       0,       0,       0,     140,      88,    -205,      76,       0,      22,       0,     128,     -29,      -6,     248,       5,     156,     169,     -16,     -29,  100.0,   68.8,   41.6,   17.0,    7.2,    2.8,    0.0,    3.1,    2.5,    1.6,   40.5,    0.7,   93.4,   98.3,    6.6,    1.7,  100.0,   68.8,   41.6,   17.0,    7.2,    2.8,    0.0,    3.1,    2.5,    1.6,   40.5,    0.7,   93.4,   98.3,    6.6,    1.7,  100.0,    0.0,    0.0,    0.0,    0.0,    0.0,    0.0,    0.0,    0.0,    0.0,    0.0,    0.0,    0.0,    0.0,    0.0,    0.0,     52,     33,     18,      5,.,      5,      0,.,.,.,      7,.,     45,     32,     52,     33,     18,      5,.,      5,      0,.,.,.,      7,.,     45,     32,      0,      0,      0,      0,      0,      0,      0,      0,      0,      0,      0,      0,      0,      0,    30.1,    37.7,    49.1,    60.1,    30.1,    37.5,    47.1,    57.1,    30.1,    37.7,    49.1,    60.1,    30.1,    37.5,    47.1,    57.1,     0.0,     0.0,     0.0,     0.0,     0.0,     0.0,     0.0,     0.0,"(CONTRACTS OF 44,000 LBS.)",052642,CME ,052 ,A25,FutOnly
CME MILK IV - CHICAGO MERCANTILE EXCHANGE,260721,2026-07-21,052644,CME ,00,052 ,   10368,    3796,    6725,    2320,     903,       7,       0,     105,      52,    3751,    1561,     384,   10310,    9737,      58,     631,   10368,    3796,    6725,    2320,     903,       7,       0,     105,      52,    3751,    1561,     384,   10310,    9737,      58,     631,       0,       0,       0,       0,       0,       0,       0,       0,       0,       0,       0,       0,       0,       0,       0,       0,     103,      16,     -36,       0,      79,      -8,       0,      13,      -2,      91,      80,       0,      97,     126,       6,     -23,  100.0,   36.6,   64.9,   22.4,    8.7,    0.1,    0.0,    1.0,    0.5,   36.2,   15.1,    3.7,   99.4,   93.9,    0.6,    6.1,  100.0,   36.6,   64.9,   22.4,    8.7,    0.1,    0.0,    1.0,    0.5,   36.2,   15.1,    3.7,   99.4,   93.9,    0.6,    6.1,  100.0,    0.0,    0.0,    0.0,    0.0,    0.0,    0.0,    0.0,    0.0,    0.0,    0.0,    0.0,    0.0,    0.0,    0.0,    0.0,     42,      7,     23,.,.,.,      0,.,.,      4,      5,      4,     18,     33,     42,      7,     23,.,.,.,      0,.,.,      4,      5,      4,     18,     33,      0,      0,      0,      0,      0,      0,      0,      0,      0,      0,      0,      0,      0,      0,    81.7,    51.5,    94.3,    68.9,    81.7,    50.2,    91.1,    67.2,    81.7,    51.5,    94.3,    68.9,    81.7,    50.2,    91.1,    67.2,     0.0,     0.0,     0.0,     0.0,     0.0,     0.0,     0.0,     0.0,"(CONTRACTS OF 200,000 POUNDS)",052644,CME ,052 ,A25,FutOnly
DRY WHEY - CHICAGO MERCANTILE EXCHANGE,260721,2026-07-21,052645,CME ,00,063 ,    4016,    2574,     707,     841,    1071,       0,       0,     152,       9,       0,    1677,      16,    3440,    3632,     576,     384,    4016,    2574,     707,     841,    1071,       0,       0,     152,       9,       0,    1677,      16,    3440,    3632,     576,     384,       0,       0,       0,       0,       0,       0,       0,       0,       0,       0,       0,       0,       0,       0,       0,       0,      10,       7,      31,       0,       0,       0,       0,       1,       2,       0,     -17,       0,       9,      17,       1,      -7,  100.0,   64.1,   17.6,   20.9,   26.7,    0.0,    0.0,    3.8,    0.2,    0.0,   41.8,    0.4,   85.7,   90.4,   14.3,    9.6,  100.0,   64.1,   17.6,   20.9,   26.7,    0.0,    0.0,    3.8,    0.2,    0.0,   41.8,    0.4,   85.7,   90.4,   14.3,    9.6,  100.0,    0.0,    0.0,    0.0,    0.0,    0.0,    0.0,    0.0,    0.0,    0.0,    0.0,    0.0,    0.0,    0.0,    0.0,    0.0,     20,     10,      5,.,.,      0,      0,.,.,      0,      5,.,     14,     12,     20,     10,      5,.,.,      0,      0,.,.,      0,      5,.,     14,     12,      0,      0,      0,      0,      0,      0,      0,      0,      0,      0,      0,      0,      0,      0,    58.9,    62.5,    78.9,    80.7,    58.9,    62.5,    74.7,    80.0,    58.9,    62.5,    78.9,    80.7,    58.9,    62.5,    74.7,    80.0,     0.0,     0.0,     0.0,     0.0,     0.0,     0.0,     0.0,     0.0,"(CONTRACTS OF 44,000 LBS.)",052645,CME ,063 ,A25,FutOnly
LEAN HOGS - CHICAGO MERCANTILE EXCHANGE,260721,2026-07-21,054642,CME ,00,054 ,  267566,   36637,   57318,   73246,    4073,    2221,   48007,   75798,   48528,   16449,   37460,   22044,  247132,  247442,   20434,   20124,  157293,   20088,   26161,   40328,    2593,     579,   45339,   77196,   12067,   17023,   17058,    9515,  144939,  145169,   12354,   12124,  110273,   16549,   31157,   33667,    2229,     893,   31528,   27462,    7601,    7165,   28141,    4790,  102193,  102273,    8080,    8000,  -17163,   -9148,    1800,   -3456,     257,     251,     245,  -15145,   -1886,    1856,     820,   -3211,  -15349,  -17114,   -1814,     -49,  100.0,   13.7,   21.4,   27.4,    1.5,    0.8,   17.9,   28.3,   18.1,    6.1,   14.0,    8.2,   92.4,   92.5,    7.6,    7.5,  100.0,   12.8,   16.6,   25.6,    1.6,    0.4,   28.8,   49.1,    7.7,   10.8,   10.8,    6.0,   92.1,   92.3,    7.9,    7.7,  100.0,   15.0,   28.3,   30.5,    2.0,    0.8,   28.6,   24.9,    6.9,    6.5,   25.5,    4.3,   92.7,   92.7,    7.3,    7.3,    326,     61,     65,     17,      6,     11,     61,     60,     63,     40,     32,     48,    249,    233,    308,     43,     52,     16,      8,      4,     58,     63,     41,     39,     39,     33,    203,    197,    217,     34,     55,     16,      6,      8,     42,     26,     32,     28,     24,     28,    148,    157,    16.7,    14.6,    25.7,    24.2,    16.2,    13.6,    25.1,    22.7,    17.7,    15.5,    27.5,    28.4,    17.2,    15.5,    26.9,    27.8,    17.5,    21.9,    32.2,    33.8,    17.4,    21.8,    31.1,    33.7,"(CONTRACTS OF 40,000 POUNDS)",054642,CME ,054 ,A20,FutOnly
LIVE CATTLE - CHICAGO MERCANTILE EXCHANGE,260721,2026-07-21,057642,CME ,00,057 ,  303089,   37121,  149142,   69861,    6765,    3416,   90219,   14538,   46414,   12936,   33603,   14770,  274737,  268648,   28352,   34441,  303089,   37121,  149142,   69861,    6765,    3416,   90219,   14538,   46414,   12936,   33603,   14770,  274737,  268648,   28352,   34441,       0,       0,       0,       0,       0,       0,       0,       0,       0,       0,       0,       0,       0,       0,       0,       0,   -8677,    1041,   -8199,    3650,     491,    1362,  -18883,    3571,    1608,    -314,   -8077,    2412,   -9124,   -6832,     447,   -1845,  100.0,   12.2,   49.2,   23.0,    2.2,    1.1,   29.8,    4.8,   15.3,    4.3,   11.1,    4.9,   90.6,   88.6,    9.4,   11.4,  100.0,   12.2,   49.2,   23.0,    2.2,    1.1,   29.8,    4.8,   15.3,    4.3,   11.1,    4.9,   90.6,   88.6,    9.4,   11.4,  100.0,    0.0,    0.0,    0.0,    0.0,    0.0,    0.0,    0.0,    0.0,    0.0,    0.0,    0.0,    0.0,    0.0,    0.0,    0.0,    372,     91,    139,     17,      5,      8,     75,     29,     58,     37,     32,     51,    280,    284,    372,     91,    139,     17,      5,      8,     75,     29,     58,     37,     32,     51,    280,    284,      0,      0,      0,      0,      0,      0,      0,      0,      0,      0,      0,      0,      0,      0,    14.4,    14.1,    22.7,    23.7,    13.3,    13.0,    20.2,    22.1,    14.4,    14.1,    22.7,    23.7,    13.3,    13.0,    20.2,    22.1,     0.0,     0.0,     0.0,     0.0,     0.0,     0.0,     0.0,     0.0,"(CONTRACTS OF 40,000 POUNDS)",057642,CME ,057 ,A20,FutOnly
LUMBER - CHICAGO MERCANTILE EXCHANGE,260721,2026-07-21,058644,CME ,00,058 ,    6938,    1803,    3401,     589,     971,       0,    1746,     991,       5,    1747,     948,       0,    5890,    6316,    1048,     622,    6938,    1803,    3401,     589,     971,       0,    1746,     991,       5,    1747,     948,       0,    5890,    6316,    1048,     622,       0,       0,       0,       0,       0,       0,       0,       0,       0,       0,       0,       0,       0,       0,       0,       0,     842,     301,     660,       0,      -3,       0,     283,    -120,       5,      41,     125,       0,     630,     667,     212,     175,  100.0,   26.0,   49.0,    8.5,   14.0,    0.0,   25.2,   14.3,    0.1,   25.2,   13.7,    0.0,   84.9,   91.0,   15.1,    9.0,  100.0,   26.0,   49.0,    8.5,   14.0,    0.0,   25.2,   14.3,    0.1,   25.2,   13.7,    0.0,   84.9,   91.0,   15.1,    9.0,  100.0,    0.0,    0.0,    0.0,    0.0,    0.0,    0.0,    0.0,    0.0,    0.0,    0.0,    0.0,    0.0,    0.0,    0.0,    0.0,     65,     11,     13,.,.,      0,     13,      8,.,     10,      9,      0,     37,     32,     65,     11,     13,.,.,      0,     13,      8,.,     10,      9,      0,     37,     32,      0,      0,      0,      0,      0,      0,      0,      0,      0,      0,      0,      0,      0,      0,    30.3,    47.1,    49.5,    65.5,    30.3,    43.9,    49.5,    62.3,    30.3,    47.1,    49.5,    65.5,    30.3,    43.9,    49.5,    62.3,     0.0,     0.0,     0.0,     0.0,     0.0,     0.0,     0.0,     0.0,"(CONTRACTS OF 27,500 BOARD FEET)",058644,CME ,058 ,N30,FutOnly
FEEDER CATTLE - CHICAGO MERCANTILE EXCHANGE,260721,2026-07-21,061641,CME ,00,061 ,   65505,    7539,   10695,    8082,    1002,    1714,   18042,    8697,   10782,    2016,   13364,    8070,   56245,   54324,    9260,   11181,   65505,    7539,   10695,    8082,    1002,    1714,   18042,    8697,   10782,    2016,   13364,    8070,   56245,   54324,    9260,   11181,       0,       0,       0,       0,       0,       0,       0,       0,       0,       0,       0,       0,       0,       0,       0,       0,    -176,    -842,   -1468,     419,       8,     110,    -847,    1094,    -353,     240,    -675,    1328,      55,      44,    -231,    -220,  100.0,   11.5,   16.3,   12.3,    1.5,    2.6,   27.5,   13.3,   16.5,    3.1,   20.4,   12.3,   85.9,   82.9,   14.1,   17.1,  100.0,   11.5,   16.3,   12.3,    1.5,    2.6,   27.5,   13.3,   16.5,    3.1,   20.4,   12.3,   85.9,   82.9,   14.1,   17.1,  100.0,    0.0,    0.0,    0.0,    0.0,    0.0,    0.0,    0.0,    0.0,    0.0,    0.0,    0.0,    0.0,    0.0,    0.0,    0.0,    261,     48,     69,     13,      6,     11,     47,     22,     30,     31,     37,     45,    184,    190,    261,     48,     69,     13,      6,     11,     47,     22,     30,     31,     37,     45,    184,    190,      0,      0,      0,      0,      0,      0,      0,      0,      0,      0,      0,      0,      0,      0,    11.9,    16.9,    22.1,    25.5,    10.2,    14.4,    18.8,    21.6,    11.9,    16.9,    22.1,    25.5,    10.2,    14.4,    18.8,    21.6,     0.0,     0.0,     0.0,     0.0,     0.0,     0.0,     0.0,     0.0,"(CONTRACTS OF 50,000 POUNDS)",061641,CME ,061 ,A20,FutOnly
CHEESE (CASH-SETTLED) - CHICAGO MERCANTILE EXCHANGE,260721,2026-07-21,063642,CME ,00,063 ,   29753,   16351,   13763,    9180,    3215,     973,     424,    2477,    1018,      37,    7142,     709,   28692,   29297,    1061,     456,   29753,   16351,   13763,    9180,    3215,     973,     424,    2477,    1018,      37,    7142,     709,   28692,   29297,    1061,     456,       0,       0,       0,       0,       0,       0,       0,       0,       0,       0,       0,       0,       0,       0,       0,       0,    1188,     559,    1085,      21,     -66,     315,     121,    -456,     167,       0,     287,     -73,    1110,    1259,      78,     -71,  100.0,   55.0,   46.3,   30.9,   10.8,    3.3,    1.4,    8.3,    3.4,    0.1,   24.0,    2.4,   96.4,   98.5,    3.6,    1.5,  100.0,   55.0,   46.3,   30.9,   10.8,    3.3,    1.4,    8.3,    3.4,    0.1,   24.0,    2.4,   96.4,   98.5,    3.6,    1.5,  100.0,    0.0,    0.0,    0.0,    0.0,    0.0,    0.0,    0.0,    0.0,    0.0,    0.0,    0.0,    0.0,    0.0,    0.0,    0.0,     75,     29,     25,.,.,.,      4,     12,.,.,     12,      7,     44,     55,     75,     29,     25,.,.,.,      4,     12,.,.,     12,      7,     44,     55,      0,      0,      0,      0,      0,      0,      0,      0,      0,      0,      0,      0,      0,      0,    49.4,    33.7,    68.2,    53.2,    48.7,    31.1,    66.7,    50.1,    49.4,    33.7,    68.2,    53.2,    48.7,    31.1,    66.7,    50.1,     0.0,     0.0,     0.0,     0.0,     0.0,     0.0,     0.0,     0.0,"(CONTRACTS OF 20,000 POUNDS)",063642,CME ,063 ,A25,FutOnly
MID-C DAY-AHEAD PEAK - ICE FUTURES ENERGY DIV,260721,2026-07-21,064391,IFED,01,064 ,   47287,   27353,   32729,    7427,     175,    2572,    3629,    6737,    1358,    2189,    1198,    2084,   46612,   46853,     675,     434,   47287,   27353,   32729,    7427,     175,    2572,    3629,    6737,    1358,    2189,    1198,    2084,   46612,   46853,     675,     434,       0,       0,       0,       0,       0,       0,       0,       0,       0,       0,       0,       0,       0,       0,       0,       0,    2263,     421,    2296,     913,    -227,     137,    -150,     -94,     118,     598,    -374,     187,    2224,    2043,      39,     220,  100.0,   57.8,   69.2,   15.7,    0.4,    5.4,    7.7,   14.2,    2.9,    4.6,    2.5,    4.4,   98.6,   99.1,    1.4,    0.9,  100.0,   57.8,   69.2,   15.7,    0.4,    5.4,    7.7,   14.2,    2.9,    4.6,    2.5,    4.4,   98.6,   99.1,    1.4,    0.9,  100.0,    0.0,    0.0,    0.0,    0.0,    0.0,    0.0,    0.0,    0.0,    0.0,    0.0,    0.0,    0.0,    0.0,    0.0,    0.0,     57,     24,     25,      5,.,.,      5,      9,      4,      5,.,      6,     43,     45,     57,     24,     25,      5,.,.,      5,      9,      4,      5,.,      6,     43,     45,      0,      0,      0,      0,      0,      0,      0,      0,      0,      0,      0,      0,      0,      0,    38.8,    44.4,    59.7,    67.3,    34.9,    43.6,    48.6,    62.1,    38.8,    44.4,    59.7,    67.3,    34.9,    43.6,    48.6,    62.1,     0.0,     0.0,     0.0,     0.0,     0.0,     0.0,     0.0,     0.0,(Contracts of about 400 MWh),064391,IFED,064 ,N16,FutOnly
MID-C DAY-AHEAD OFF-PEAK - ICE FUTURES ENERGY DIV,260721,2026-07-21,064392,IFED,01,064 ,   31414,   18063,   19488,    4141,     155,    2599,     995,    5382,     310,    3214,    1930,    1275,   30597,   31139,     817,     275,   31414,   18063,   19488,    4141,     155,    2599,     995,    5382,     310,    3214,    1930,    1275,   30597,   31139,     817,     275,       0,       0,       0,       0,       0,       0,       0,       0,       0,       0,       0,       0,       0,       0,       0,       0,    2923,      70,    2948,    1728,      10,      -9,      54,     -30,     150,     380,    -236,      45,    2418,    2878,     505,      45,  100.0,   57.5,   62.0,   13.2,    0.5,    8.3,    3.2,   17.1,    1.0,   10.2,    6.1,    4.1,   97.4,   99.1,    2.6,    0.9,  100.0,   57.5,   62.0,   13.2,    0.5,    8.3,    3.2,   17.1,    1.0,   10.2,    6.1,    4.1,   97.4,   99.1,    2.6,    0.9,  100.0,    0.0,    0.0,    0.0,    0.0,    0.0,    0.0,    0.0,    0.0,    0.0,    0.0,    0.0,    0.0,    0.0,    0.0,    0.0,     40,     21,     21,      4,.,.,.,      4,.,      4,.,.,     33,     34,     40,     21,     21,      4,.,.,.,      4,.,      4,.,.,     33,     34,      0,      0,      0,      0,      0,      0,      0,      0,      0,      0,      0,      0,      0,      0,    45.4,    44.1,    61.7,    70.2,    34.6,    40.1,    46.7,    55.7,    45.4,    44.1,    61.7,    70.2,    34.6,    40.1,    46.7,    55.7,     0.0,     0.0,     0.0,     0.0,     0.0,     0.0,     0.0,     0.0,(Contracts of about 352 MWh),064392,IFED,064 ,N16,FutOnly
PJM WESTERN HUB RT OFF - ICE FUTURES ENERGY DIV,260721,2026-07-21,064394,IFED,01,064 ,  267947,  113437,  159546,    4432,   48275,   12269,   97810,    5109,   14343,    6863,   10193,   17563,  266717,  267298,    1230,     649,  267947,  113437,  159546,    4432,   48275,   12269,   97810,    5109,   14343,    6863,   10193,   17563,  266717,  267298,    1230,     649,       0,       0,       0,       0,       0,       0,       0,       0,       0,       0,       0,       0,       0,       0,       0,       0,    1028,    -276,    1542,     355,     617,    -336,     351,      26,     276,     196,   -1288,      97,     663,     934,     365,      94,  100.0,   42.3,   59.5,    1.7,   18.0,    4.6,   36.5,    1.9,    5.4,    2.6,    3.8,    6.6,   99.5,   99.8,    0.5,    0.2,  100.0,   42.3,   59.5,    1.7,   18.0,    4.6,   36.5,    1.9,    5.4,    2.6,    3.8,    6.6,   99.5,   99.8,    0.5,    0.2,  100.0,    0.0,    0.0,    0.0,    0.0,    0.0,    0.0,    0.0,    0.0,    0.0,    0.0,    0.0,    0.0,    0.0,    0.0,    0.0,     86,     34,     30,.,      6,      6,     22,.,     10,     10,      8,     12,     79,     63,     86,     34,     30,.,      6,      6,     22,.,     10,     10,      8,     12,     79,     63,      0,      0,      0,      0,      0,      0,      0,      0,      0,      0,      0,      0,      0,      0,    40.8,    39.8,    54.7,    59.1,    36.9,    31.2,    45.3,    44.8,    40.8,    39.8,    54.7,    59.1,    36.9,    31.2,    45.3,    44.8,     0.0,     0.0,     0.0,     0.0,     0.0,     0.0,     0.0,     0.0,(Contracts of about 352 MWh),064394,IFED,064 ,N16,FutOnly
SP15 FIN DA PEAK FIXED - ICE FUTURES ENERGY DIV,260721,2026-07-21,064395,IFED,01,064 ,  109493,   76862,   53379,   10039,   17123,    2681,       0,   21247,    7655,    9115,    4154,    2891,  109243,  109130,     250,     363,  109493,   76862,   53379,   10039,   17123,    2681,       0,   21247,    7655,    9115,    4154,    2891,  109243,  109130,     250,     363,       0,       0,       0,       0,       0,       0,       0,       0,       0,       0,       0,       0,       0,       0,       0,       0,    2389,    1922,     349,      60,     175,     -53,       0,    1161,     469,     354,     683,    -369,    2383,    2415,       6,     -26,  100.0,   70.2,   48.8,    9.2,   15.6,    2.4,    0.0,   19.4,    7.0,    8.3,    3.8,    2.6,   99.8,   99.7,    0.2,    0.3,  100.0,   70.2,   48.8,    9.2,   15.6,    2.4,    0.0,   19.4,    7.0,    8.3,    3.8,    2.6,   99.8,   99.7,    0.2,    0.3,  100.0,    0.0,    0.0,    0.0,    0.0,    0.0,    0.0,    0.0,    0.0,    0.0,    0.0,    0.0,    0.0,    0.0,    0.0,    0.0,     72,     29,     27,      4,.,      6,      0,     15,.,      7,      7,      8,     50,     58,     72,     29,     27,      4,.,      6,      0,     15,.,      7,      7,      8,     50,     58,      0,      0,      0,      0,      0,      0,      0,      0,      0,      0,      0,      0,      0,      0,    45.1,    41.8,    73.1,    61.7,    44.1,    35.3,    65.3,    52.8,    45.1,    41.8,    73.1,    61.7,    44.1,    35.3,    65.3,    52.8,     0.0,     0.0,     0.0,     0.0,     0.0,     0.0,     0.0,     0.0,(Contracts of about 400 MWh),064395,IFED,064 ,N16,FutOnly
CAISO SP-15 DA OFF-PK FIXED - ICE FUTURES ENERGY DIV,260721,2026-07-21,064396,IFED,01,064 ,   85772,   56736,   36432,    3544,    8638,    7526,    6985,    8467,    5950,     595,   14434,    4135,   85471,   85582,     301,     190,   85772,   56736,   36432,    3544,    8638,    7526,    6985,    8467,    5950,     595,   14434,    4135,   85471,   85582,     301,     190,       0,       0,       0,       0,       0,       0,       0,       0,       0,       0,       0,       0,       0,       0,       0,       0,     401,     -84,     330,      28,   -1502,     310,     119,     770,     -95,      45,     510,      78,     401,     401,       0,       0,  100.0,   66.1,   42.5,    4.1,   10.1,    8.8,    8.1,    9.9,    6.9,    0.7,   16.8,    4.8,   99.6,   99.8,    0.4,    0.2,  100.0,   66.1,   42.5,    4.1,   10.1,    8.8,    8.1,    9.9,    6.9,    0.7,   16.8,    4.8,   99.6,   99.8,    0.4,    0.2,  100.0,    0.0,    0.0,    0.0,    0.0,    0.0,    0.0,    0.0,    0.0,    0.0,    0.0,    0.0,    0.0,    0.0,    0.0,    0.0,     45,     23,     18,      5,.,      6,.,.,.,.,      5,      6,     40,     34,     45,     23,     18,      5,.,      6,.,.,.,.,      5,      6,     40,     34,      0,      0,      0,      0,      0,      0,      0,      0,      0,      0,      0,      0,      0,      0,    46.5,    52.1,    70.2,    74.8,    40.7,    44.5,    56.7,    60.9,    46.5,    52.1,    70.2,    74.8,    40.7,    44.5,    56.7,    60.9,     0.0,     0.0,     0.0,     0.0,     0.0,     0.0,     0.0,     0.0,(Contracts of about 352 MWh),064396,IFED,064 ,N16,FutOnly
PJM AEP DAYTON RT OFF-PK FIXED - ICE FUTURES ENERGY DIV,260721,2026-07-21,06439A,IFED,01,064 ,   54731,   27638,   27199,     676,   11536,    2812,     502,    8584,    1648,   20635,    1696,     318,   54229,   53793,     502,     938,   54731,   27638,   27199,     676,   11536,    2812,     502,    8584,    1648,   20635,    1696,     318,   54229,   53793,     502,     938,       0,       0,       0,       0,       0,       0,       0,       0,       0,       0,       0,       0,       0,       0,       0,       0,     720,     884,    -222,     -22,     810,    -196,     346,     302,      42,    -298,     -20,      -5,     751,     711,     -31,       9,  100.0,   50.5,   49.7,    1.2,   21.1,    5.1,    0.9,   15.7,    3.0,   37.7,    3.1,    0.6,   99.1,   98.3,    0.9,    1.7,  100.0,   50.5,   49.7,    1.2,   21.1,    5.1,    0.9,   15.7,    3.0,   37.7,    3.1,    0.6,   99.1,   98.3,    0.9,    1.7,  100.0,    0.0,    0.0,    0.0,    0.0,    0.0,    0.0,    0.0,    0.0,    0.0,    0.0,    0.0,    0.0,    0.0,    0.0,    0.0,     42,     22,     20,.,      6,      7,.,      4,.,.,.,.,     37,     37,     42,     22,     20,.,      6,      7,.,      4,.,.,.,.,     37,     37,      0,      0,      0,      0,      0,      0,      0,      0,      0,      0,      0,      0,      0,      0,    58.2,    42.7,    70.3,    59.8,    53.5,    38.3,    57.7,    50.7,    58.2,    42.7,    70.3,    59.8,    53.5,    38.3,    57.7,    50.7,     0.0,     0.0,     0.0,     0.0,     0.0,     0.0,     0.0,     0.0,(Contracts of about 352 MWh),06439A,IFED,064 ,N16,FutOnly
PJM AEP DAYTON RT PEAK FIXED - ICE FUTURES ENERGY DIV,260721,2026-07-21,06439B,IFED,01,064 ,   67989,   32294,   37064,    2512,    9780,    3496,    6058,    9832,    2796,   18455,    3175,    1234,   66845,   67377,    1144,     612,   67989,   32294,   37064,    2512,    9780,    3496,    6058,    9832,    2796,   18455,    3175,    1234,   66845,   67377,    1144,     612,       0,       0,       0,       0,       0,       0,       0,       0,       0,       0,       0,       0,       0,       0,       0,       0,    1027,     409,     279,     137,     -44,      93,      90,     -20,     300,    -606,     -61,     400,     823,     947,     204,      80,  100.0,   47.5,   54.5,    3.7,   14.4,    5.1,    8.9,   14.5,    4.1,   27.1,    4.7,    1.8,   98.3,   99.1,    1.7,    0.9,  100.0,   47.5,   54.5,    3.7,   14.4,    5.1,    8.9,   14.5,    4.1,   27.1,    4.7,    1.8,   98.3,   99.1,    1.7,    0.9,  100.0,    0.0,    0.0,    0.0,    0.0,    0.0,    0.0,    0.0,    0.0,    0.0,    0.0,    0.0,    0.0,    0.0,    0.0,    0.0,     63,     27,     23,      4,.,      7,     11,      5,      5,      5,      6,      7,     56,     47,     63,     27,     23,      4,.,      7,     11,      5,      5,      5,      6,      7,     56,     47,      0,      0,      0,      0,      0,      0,      0,      0,      0,      0,      0,      0,      0,      0,    42.8,    43.4,    58.8,    59.9,    39.4,    40.2,    49.7,    51.4,    42.8,    43.4,    58.8,    59.9,    39.4,    40.2,    49.7,    51.4,     0.0,     0.0,     0.0,     0.0,     0.0,     0.0,     0.0,     0.0,(Contracts of 800 MWh),06439B,IFED,064 ,N16,FutOnly
PJM AEP DAYTON HUB DA OFF-PK  - ICE FUTURES ENERGY DIV,260721,2026-07-21,06439C,IFED,01,064 ,   55067,   27798,    9161,    2702,   27883,    1480,       0,    2904,     319,   20523,   11966,     832,   53654,   54545,    1413,     522,   55067,   27798,    9161,    2702,   27883,    1480,       0,    2904,     319,   20523,   11966,     832,   53654,   54545,    1413,     522,       0,       0,       0,       0,       0,       0,       0,       0,       0,       0,       0,       0,       0,       0,       0,       0,     609,     206,     113,     151,      21,     111,       0,     309,      51,      98,       0,     -38,     579,     567,      30,      42,  100.0,   50.5,   16.6,    4.9,   50.6,    2.7,    0.0,    5.3,    0.6,   37.3,   21.7,    1.5,   97.4,   99.1,    2.6,    0.9,  100.0,   50.5,   16.6,    4.9,   50.6,    2.7,    0.0,    5.3,    0.6,   37.3,   21.7,    1.5,   97.4,   99.1,    2.6,    0.9,  100.0,    0.0,    0.0,    0.0,    0.0,    0.0,    0.0,    0.0,    0.0,    0.0,    0.0,    0.0,    0.0,    0.0,    0.0,    0.0,     48,     23,     19,      4,      5,      7,      0,.,.,      6,      4,.,     38,     36,     48,     23,     19,      4,      5,      7,      0,.,.,      6,      4,.,     38,     36,      0,      0,      0,      0,      0,      0,      0,      0,      0,      0,      0,      0,      0,      0,    48.8,    69.0,    65.8,    81.0,    48.6,    68.3,    63.4,    78.1,    48.8,    69.0,    65.8,    81.0,    48.6,    68.3,    63.4,    78.1,     0.0,     0.0,     0.0,     0.0,     0.0,     0.0,     0.0,     0.0,(Contracts of about 352 MWh),06439C,IFED,064 ,N16,FutOnly
AEP DAYTON HUB DA PEAK DAILY - ICE FUTURES ENERGY DIV,260721,2026-07-21,06439E,IFED,01,064 ,    4250,    2750,    1300,     150,       0,      50,     500,     550,       0,     650,    2250,     100,    4200,    4250,      50,       0,    4250,    2750,    1300,     150,       0,      50,     500,     550,       0,     650,    2250,     100,    4200,    4250,      50,       0,       0,       0,       0,       0,       0,       0,       0,       0,       0,       0,       0,       0,       0,       0,       0,       0,   -2000,      50,   -3450,    -250,       0,      50,    -550,     250,     -50,   -1350,    1100,     100,   -2000,   -2000,       0,       0,  100.0,   64.7,   30.6,    3.5,    0.0,    1.2,   11.8,   12.9,    0.0,   15.3,   52.9,    2.4,   98.8,  100.0,    1.2,    0.0,  100.0,   64.7,   30.6,    3.5,    0.0,    1.2,   11.8,   12.9,    0.0,   15.3,   52.9,    2.4,   98.8,  100.0,    1.2,    0.0,  100.0,    0.0,    0.0,    0.0,    0.0,    0.0,    0.0,    0.0,    0.0,    0.0,    0.0,    0.0,    0.0,    0.0,    0.0,    0.0,     28,      9,     10,.,      0,.,.,.,      0,.,      4,.,     14,     18,     28,      9,     10,.,      0,.,.,.,      0,.,      4,.,     14,     18,      0,      0,      0,      0,      0,      0,      0,      0,      0,      0,      0,      0,      0,      0,    52.9,    64.7,    84.7,    83.5,    50.6,    62.4,    81.2,    81.2,    52.9,    64.7,    84.7,    83.5,    50.6,    62.4,    81.2,    81.2,     0.0,     0.0,     0.0,     0.0,     0.0,     0.0,     0.0,     0.0,(Contracts of about 16 MWh),06439E,IFED,064 ,N16,FutOnly
PJM AEP DAYTON DA PEAK - ICE FUTURES ENERGY DIV,260721,2026-07-21,06439F,IFED,01,064 ,   64074,   35739,   16240,    2974,   28102,    1400,      50,    3550,     268,   21906,   13100,     943,   63280,   63603,     794,     471,   64074,   35739,   16240,    2974,   28102,    1400,      50,    3550,     268,   21906,   13100,     943,   63280,   63603,     794,     471,       0,       0,       0,       0,       0,       0,       0,       0,       0,       0,       0,       0,       0,       0,       0,       0,     371,     -67,     217,     -36,     131,     -14,       0,     -75,      68,     429,     100,     -38,     342,     389,      29,     -18,  100.0,   55.8,   25.3,    4.6,   43.9,    2.2,    0.1,    5.5,    0.4,   34.2,   20.4,    1.5,   98.8,   99.3,    1.2,    0.7,  100.0,   55.8,   25.3,    4.6,   43.9,    2.2,    0.1,    5.5,    0.4,   34.2,   20.4,    1.5,   98.8,   99.3,    1.2,    0.7,  100.0,    0.0,    0.0,    0.0,    0.0,    0.0,    0.0,    0.0,    0.0,    0.0,    0.0,    0.0,    0.0,    0.0,    0.0,    0.0,     61,     27,     20,      4,      5,      4,.,.,.,      9,      7,      5,     44,     42,     61,     27,     20,      4,      5,      4,.,.,.,      9,      7,      5,     44,     42,      0,      0,      0,      0,      0,      0,      0,      0,      0,      0,      0,      0,      0,      0,    42.2,    63.8,    60.0,    76.0,    41.8,    63.7,    57.9,    74.1,    42.2,    63.8,    60.0,    76.0,    41.8,    63.7,    57.9,    74.1,     0.0,     0.0,     0.0,     0.0,     0.0,     0.0,     0.0,     0.0,(Contracts of about 352 MWh),06439F,IFED,064 ,N16,FutOnly
MISO INDIANA  OFF-PEAK - ICE FUTURES ENERGY DIV,260721,2026-07-21,06439K,IFED,01,064 ,   43338,   37625,   23801,     155,    4226,    4875,       0,     105,     120,     112,   10110,       0,   42887,   43237,     451,     101,   43338,   37625,   23801,     155,    4226,    4875,       0,     105,     120,     112,   10110,       0,   42887,   43237,     451,     101,       0,       0,       0,       0,       0,       0,       0,       0,       0,       0,       0,       0,       0,       0,       0,       0,    1090,    1150,    1080,       0,      60,     -60,       0,      10,       0,       0,       0,       0,    1090,    1090,       0,       0,  100.0,   86.8,   54.9,    0.4,    9.8,   11.2,    0.0,    0.2,    0.3,    0.3,   23.3,    0.0,   99.0,   99.8,    1.0,    0.2,  100.0,   86.8,   54.9,    0.4,    9.8,   11.2,    0.0,    0.2,    0.3,    0.3,   23.3,    0.0,   99.0,   99.8,    1.0,    0.2,  100.0,    0.0,    0.0,    0.0,    0.0,    0.0,    0.0,    0.0,    0.0,    0.0,    0.0,    0.0,    0.0,    0.0,    0.0,    0.0,     30,     18,     14,.,      4,.,      0,.,.,.,.,      0,     24,     22,     30,     18,     14,.,      4,.,      0,.,.,.,.,      0,     24,     22,      0,      0,      0,      0,      0,      0,      0,      0,      0,      0,      0,      0,      0,      0,    83.1,    53.5,    93.0,    82.7,    64.7,    39.9,    68.0,    61.5,    83.1,    53.5,    93.0,    82.7,    64.7,    39.9,    68.0,    61.5,     0.0,     0.0,     0.0,     0.0,     0.0,     0.0,     0.0,     0.0,(Contracts of about 352 MWh),06439K,IFED,064 ,N16,FutOnly
MISO IN. REAL-TIME OFF-PEAK - ICE FUTURES ENERGY DIV,260721,2026-07-21,06439L,IFED,01,064 ,   31418,   22314,   17386,    1416,    3765,    2065,    4390,    2868,       0,       0,    4123,     870,   31055,   31077,     363,     341,   31418,   22314,   17386,    1416,    3765,    2065,    4390,    2868,       0,       0,    4123,     870,   31055,   31077,     363,     341,       0,       0,       0,       0,       0,       0,       0,       0,       0,       0,       0,       0,       0,       0,       0,       0,     248,      46,    -113,       0,     344,       6,       0,      11,       0,       0,    -200,     200,     252,     248,      -4,       0,  100.0,   71.0,   55.3,    4.5,   12.0,    6.6,   14.0,    9.1,    0.0,    0.0,   13.1,    2.8,   98.8,   98.9,    1.2,    1.1,  100.0,   71.0,   55.3,    4.5,   12.0,    6.6,   14.0,    9.1,    0.0,    0.0,   13.1,    2.8,   98.8,   98.9,    1.2,    1.1,  100.0,    0.0,    0.0,    0.0,    0.0,    0.0,    0.0,    0.0,    0.0,    0.0,    0.0,    0.0,    0.0,    0.0,    0.0,    0.0,     27,     18,     13,.,.,      4,.,.,      0,      0,.,.,     24,     21,     27,     18,     13,.,.,      4,.,.,      0,      0,.,.,     24,     21,      0,      0,      0,      0,      0,      0,      0,      0,      0,      0,      0,      0,      0,      0,    52.3,    66.9,    71.6,    86.9,    41.0,    45.5,    51.2,    58.1,    52.3,    66.9,    71.6,    86.9,    41.0,    45.5,    51.2,    58.1,     0.0,     0.0,     0.0,     0.0,     0.0,     0.0,     0.0,     0.0,(Contracts of about 352 MWh),06439L,IFED,064 ,N16,FutOnly
ERCOT HOUSTON 345KV RT PK FIX - ICE FUTURES ENERGY DIV,260721,2026-07-21,06439N,IFED,01,064 ,   43282,   23274,   34079,    4030,    4103,    2695,    5250,     300,     300,    5960,     630,     810,   42319,   42917,     963,     365,   43282,   23274,   34079,    4030,    4103,    2695,    5250,     300,     300,    5960,     630,     810,   42319,   42917,     963,     365,       0,       0,       0,       0,       0,       0,       0,       0,       0,       0,       0,       0,       0,       0,       0,       0,       0,      75,    -120,     -75,     120,       0,       0,       0,       0,       0,       0,       0,       0,       0,       0,       0,  100.0,   53.8,   78.7,    9.3,    9.5,    6.2,   12.1,    0.7,    0.7,   13.8,    1.5,    1.9,   97.8,   99.2,    2.2,    0.8,  100.0,   53.8,   78.7,    9.3,    9.5,    6.2,   12.1,    0.7,    0.7,   13.8,    1.5,    1.9,   97.8,   99.2,    2.2,    0.8,  100.0,    0.0,    0.0,    0.0,    0.0,    0.0,    0.0,    0.0,    0.0,    0.0,    0.0,    0.0,    0.0,    0.0,    0.0,    0.0,     32,     15,     12,.,.,      4,.,.,.,      4,.,.,     25,     23,     32,     15,     12,.,.,      4,.,.,.,      4,.,.,     25,     23,      0,      0,      0,      0,      0,      0,      0,      0,      0,      0,      0,      0,      0,      0,    37.3,    69.6,    59.4,    85.8,    35.5,    69.5,    55.0,    76.3,    37.3,    69.6,    59.4,    85.8,    35.5,    69.5,    55.0,    76.3,     0.0,     0.0,     0.0,     0.0,     0.0,     0.0,     0.0,     0.0,(Contracts of about 352 MWh),06439N,IFED,064 ,N16,FutOnly
ERCOT Houston 345KV RT OFF FIX - ICE FUTURES ENERGY DIV,260721,2026-07-21,06439Q,IFED,01,064 ,   40887,   21624,   32439,    3380,    4203,    2715,    5250,     300,     300,    6210,       0,     810,   40289,   40767,     598,     120,   40887,   21624,   32439,    3380,    4203,    2715,    5250,     300,     300,    6210,       0,     810,   40289,   40767,     598,     120,       0,       0,       0,       0,       0,       0,       0,       0,       0,       0,       0,       0,       0,       0,       0,       0,       0,      75,    -120,     -75,     120,       0,       0,       0,       0,       0,       0,       0,       0,       0,       0,       0,  100.0,   52.9,   79.3,    8.3,   10.3,    6.6,   12.8,    0.7,    0.7,   15.2,    0.0,    2.0,   98.5,   99.7,    1.5,    0.3,  100.0,   52.9,   79.3,    8.3,   10.3,    6.6,   12.8,    0.7,    0.7,   15.2,    0.0,    2.0,   98.5,   99.7,    1.5,    0.3,  100.0,    0.0,    0.0,    0.0,    0.0,    0.0,    0.0,    0.0,    0.0,    0.0,    0.0,    0.0,    0.0,    0.0,    0.0,    0.0,     33,     15,     11,.,.,      4,.,.,.,      5,      0,.,     26,     21,     33,     15,     11,.,.,      4,.,.,.,      5,      0,.,     26,     21,      0,      0,      0,      0,      0,      0,      0,      0,      0,      0,      0,      0,      0,      0,    34.0,    71.1,    57.1,    88.3,    32.4,    70.7,    52.9,    77.0,    34.0,    71.1,    57.1,    88.3,    32.4,    70.7,    52.9,    77.0,     0.0,     0.0,     0.0,     0.0,     0.0,     0.0,     0.0,     0.0,(Contracts of about 352 MWh),06439Q,IFED,064 ,N16,FutOnly
ERCOT NORTH 345KV RT PK FIX - ICE FUTURES ENERGY DIV,260721,2026-07-21,06439R,IFED,01,064 ,  259074,   98462,  164323,   12362,   26166,   15223,   74715,    5947,   22571,   24872,   14475,    9905,  258110,  258610,     964,     464,  259074,   98462,  164323,   12362,   26166,   15223,   74715,    5947,   22571,   24872,   14475,    9905,  258110,  258610,     964,     464,       0,       0,       0,       0,       0,       0,       0,       0,       0,       0,       0,       0,       0,       0,       0,       0,    3621,    2461,    3760,     443,    -166,     -65,   -1258,     381,    1175,     771,   -1548,      92,    3619,    3629,       2,      -8,  100.0,   38.0,   63.4,    4.8,   10.1,    5.9,   28.8,    2.3,    8.7,    9.6,    5.6,    3.8,   99.6,   99.8,    0.4,    0.2,  100.0,   38.0,   63.4,    4.8,   10.1,    5.9,   28.8,    2.3,    8.7,    9.6,    5.6,    3.8,   99.6,   99.8,    0.4,    0.2,  100.0,    0.0,    0.0,    0.0,    0.0,    0.0,    0.0,    0.0,    0.0,    0.0,    0.0,    0.0,    0.0,    0.0,    0.0,    0.0,    113,     42,     39,.,      7,      7,     15,     15,     14,     11,     14,     18,     93,     94,    113,     42,     39,.,      7,      7,     15,     15,     14,     11,     14,     18,     93,     94,      0,      0,      0,      0,      0,      0,      0,      0,      0,      0,      0,      0,      0,      0,    33.6,    31.7,    52.3,    49.7,    29.1,    24.4,    42.3,    36.2,    33.6,    31.7,    52.3,    49.7,    29.1,    24.4,    42.3,    36.2,     0.0,     0.0,     0.0,     0.0,     0.0,     0.0,     0.0,     0.0,(1 Mw per Peak Hour),06439R,IFED,064 ,N16,FutOnly
ERCOT SOUTH 345 KV RT PEAK FIX - ICE FUTURES ENERGY DIV,260721,2026-07-21,06439S,IFED,01,064 ,   31871,   24217,   18124,    4395,    8463,     835,     300,    3450,       0,    1400,      80,     425,   31572,   31377,     299,     494,   31871,   24217,   18124,    4395,    8463,     835,     300,    3450,       0,    1400,      80,     425,   31572,   31377,     299,     494,       0,       0,       0,       0,       0,       0,       0,       0,       0,       0,       0,       0,       0,       0,       0,       0,      20,      20,      20,       0,       0,       0,       0,       0,       0,       0,       0,       0,      20,      20,       0,       0,  100.0,   76.0,   56.9,   13.8,   26.6,    2.6,    0.9,   10.8,    0.0,    4.4,    0.3,    1.3,   99.1,   98.5,    0.9,    1.5,  100.0,   76.0,   56.9,   13.8,   26.6,    2.6,    0.9,   10.8,    0.0,    4.4,    0.3,    1.3,   99.1,   98.5,    0.9,    1.5,  100.0,    0.0,    0.0,    0.0,    0.0,    0.0,    0.0,    0.0,    0.0,    0.0,    0.0,    0.0,    0.0,    0.0,    0.0,    0.0,     25,     13,      8,.,.,.,.,.,      0,.,.,.,     19,     14,     25,     13,      8,.,.,.,.,.,      0,.,.,.,     19,     14,      0,      0,      0,      0,      0,      0,      0,      0,      0,      0,      0,      0,      0,      0,    49.7,    49.1,    74.4,    83.8,    49.7,    49.1,    72.1,    81.6,    49.7,    49.1,    74.4,    83.8,    49.7,    49.1,    72.1,    81.6,     0.0,     0.0,     0.0,     0.0,     0.0,     0.0,     0.0,     0.0,(1 Mw per Peak Hour),06439S,IFED,064 ,N16,FutOnly
ERCOT-SOUTH MONTHLY OFFPEAK - ICE FUTURES ENERGY DIV,260721,2026-07-21,06439U,IFED,01,064 ,   30198,   22989,   17348,    4395,    7431,    1135,       0,    3450,       0,    1020,       0,     360,   29899,   29724,     299,     474,   30198,   22989,   17348,    4395,    7431,    1135,       0,    3450,       0,    1020,       0,     360,   29899,   29724,     299,     474,       0,       0,       0,       0,       0,       0,       0,       0,       0,       0,       0,       0,       0,       0,       0,       0,      20,      20,      20,       0,       0,       0,       0,       0,       0,       0,       0,       0,      20,      20,       0,       0,  100.0,   76.1,   57.4,   14.6,   24.6,    3.8,    0.0,   11.4,    0.0,    3.4,    0.0,    1.2,   99.0,   98.4,    1.0,    1.6,  100.0,   76.1,   57.4,   14.6,   24.6,    3.8,    0.0,   11.4,    0.0,    3.4,    0.0,    1.2,   99.0,   98.4,    1.0,    1.6,  100.0,    0.0,    0.0,    0.0,    0.0,    0.0,    0.0,    0.0,    0.0,    0.0,    0.0,    0.0,    0.0,    0.0,    0.0,    0.0,     24,     13,      8,.,.,.,      0,.,      0,.,      0,.,     18,     14,     24,     13,      8,.,.,.,      0,.,      0,.,      0,.,     18,     14,      0,      0,      0,      0,      0,      0,      0,      0,      0,      0,      0,      0,      0,      0,    52.3,    50.7,    74.1,    84.8,    52.3,    50.7,    71.2,    81.4,    52.3,    50.7,    74.1,    84.8,    52.3,    50.7,    71.2,    81.4,     0.0,     0.0,     0.0,     0.0,     0.0,     0.0,     0.0,     0.0,(1 MW per off-peak hour),06439U,IFED,064 ,N16,FutOnly
ERCOT WEST 345KV RT PEAK - ICE FUTURES ENERGY DIV,260721,2026-07-21,06439V,IFED,01,064 ,   33077,   17365,   26330,   12323,       0,    1495,       0,    3001,     300,     875,    1024,     597,   32955,   32747,     122,     330,   33077,   17365,   26330,   12323,       0,    1495,       0,    3001,     300,     875,    1024,     597,   32955,   32747,     122,     330,       0,       0,       0,       0,       0,       0,       0,       0,       0,       0,       0,       0,       0,       0,       0,       0,       0,       0,       0,       0,       0,       0,       0,       0,       0,       0,       0,       0,       0,       0,       0,       0,  100.0,   52.5,   79.6,   37.3,    0.0,    4.5,    0.0,    9.1,    0.9,    2.6,    3.1,    1.8,   99.6,   99.0,    0.4,    1.0,  100.0,   52.5,   79.6,   37.3,    0.0,    4.5,    0.0,    9.1,    0.9,    2.6,    3.1,    1.8,   99.6,   99.0,    0.4,    1.0,  100.0,    0.0,    0.0,    0.0,    0.0,    0.0,    0.0,    0.0,    0.0,    0.0,    0.0,    0.0,    0.0,    0.0,    0.0,    0.0,     28,     14,     10,      5,      0,      4,      0,.,.,.,.,      4,     25,     19,     28,     14,     10,      5,      0,      4,      0,.,.,.,.,      4,     25,     19,      0,      0,      0,      0,      0,      0,      0,      0,      0,      0,      0,      0,      0,      0,    54.1,    64.4,    74.1,    87.3,    52.8,    59.1,    67.0,    78.3,    54.1,    64.4,    74.1,    87.3,    52.8,    59.1,    67.0,    78.3,     0.0,     0.0,     0.0,     0.0,     0.0,     0.0,     0.0,     0.0,(1 MW per peak hour),06439V,IFED,064 ,N16,FutOnly
ERCOT WEST 345K RT OFF-PEAK - ICE FUTURES ENERGY DIV,260721,2026-07-21,06439W,IFED,01,064 ,   32999,   17293,   26312,   12377,       0,    1435,       0,    3001,     300,     875,    1024,     597,   32877,   32669,     122,     330,   32999,   17293,   26312,   12377,       0,    1435,       0,    3001,     300,     875,    1024,     597,   32877,   32669,     122,     330,       0,       0,       0,       0,       0,       0,       0,       0,       0,       0,       0,       0,       0,       0,       0,       0,       0,       0,       0,       0,       0,       0,       0,       0,       0,       0,       0,       0,       0,       0,       0,       0,  100.0,   52.4,   79.7,   37.5,    0.0,    4.3,    0.0,    9.1,    0.9,    2.7,    3.1,    1.8,   99.6,   99.0,    0.4,    1.0,  100.0,   52.4,   79.7,   37.5,    0.0,    4.3,    0.0,    9.1,    0.9,    2.7,    3.1,    1.8,   99.6,   99.0,    0.4,    1.0,  100.0,    0.0,    0.0,    0.0,    0.0,    0.0,    0.0,    0.0,    0.0,    0.0,    0.0,    0.0,    0.0,    0.0,    0.0,    0.0,     28,     14,     10,      5,      0,      4,      0,.,.,.,.,      4,     25,     19,     28,     14,     10,      5,      0,      4,      0,.,.,.,.,      4,     25,     19,      0,      0,      0,      0,      0,      0,      0,      0,      0,      0,      0,      0,      0,      0,    54.0,    64.6,    74.0,    87.6,    52.9,    59.3,    67.1,    78.6,    54.0,    64.6,    74.0,    87.6,    52.9,    59.3,    67.1,    78.6,     0.0,     0.0,     0.0,     0.0,     0.0,     0.0,     0.0,     0.0,(1 MW per Off-Peak Hour),06439W,IFED,064 ,N16,FutOnly
ERCOT NORTH 345KV DA PK DLY FI - ICE FUTURES ENERGY DIV,260721,2026-07-21,0643A5,IFED,01,064 ,   21340,   15390,   11140,    3750,       0,       0,     300,    4325,     600,     850,    4825,     450,   21340,   21340,       0,       0,   21340,   15390,   11140,    3750,       0,       0,     300,    4325,     600,     850,    4825,     450,   21340,   21340,       0,       0,       0,       0,       0,       0,       0,       0,       0,       0,       0,       0,       0,       0,       0,       0,       0,       0,.,.,.,.,.,.,.,.,.,.,.,.,.,.,.,.,  100.0,   72.1,   52.2,   17.6,    0.0,    0.0,    1.4,   20.3,    2.8,    4.0,   22.6,    2.1,  100.0,  100.0,    0.0,    0.0,  100.0,   72.1,   52.2,   17.6,    0.0,    0.0,    1.4,   20.3,    2.8,    4.0,   22.6,    2.1,  100.0,  100.0,    0.0,    0.0,  100.0,    0.0,    0.0,    0.0,    0.0,    0.0,    0.0,    0.0,    0.0,    0.0,    0.0,    0.0,    0.0,    0.0,    0.0,    0.0,     28,     12,      8,.,      0,      0,.,.,.,.,      6,.,     20,     16,     28,     12,      8,.,      0,      0,.,.,.,.,      6,.,     20,     16,      0,      0,      0,      0,      0,      0,      0,      0,      0,      0,      0,      0,      0,      0,    68.7,    58.3,    88.1,    88.8,    60.4,    54.4,    71.0,    71.2,    68.7,    58.3,    88.1,    88.8,    60.4,    54.4,    71.0,    71.2,     0.0,     0.0,     0.0,     0.0,     0.0,     0.0,     0.0,     0.0,Megawatt Hours (MWh),0643A5,IFED,064 ,N16,FutOnly
ERCOT NORTH 345K RT OFFPK DLY  - ICE FUTURES ENERGY DIV,260721,2026-07-21,0643A7,IFED,01,064 ,    7336,    3576,    4808,       0,       0,       0,    2104,     352,     304,     176,    1152,      32,    6192,    6648,    1144,     688,    7336,    3576,    4808,       0,       0,       0,    2104,     352,     304,     176,    1152,      32,    6192,    6648,    1144,     688,       0,       0,       0,       0,       0,       0,       0,       0,       0,       0,       0,       0,       0,       0,       0,       0,.,.,.,.,.,.,.,.,.,.,.,.,.,.,.,.,  100.0,   48.7,   65.5,    0.0,    0.0,    0.0,   28.7,    4.8,    4.1,    2.4,   15.7,    0.4,   84.4,   90.6,   15.6,    9.4,  100.0,   48.7,   65.5,    0.0,    0.0,    0.0,   28.7,    4.8,    4.1,    2.4,   15.7,    0.4,   84.4,   90.6,   15.6,    9.4,  100.0,    0.0,    0.0,    0.0,    0.0,    0.0,    0.0,    0.0,    0.0,    0.0,    0.0,    0.0,    0.0,    0.0,    0.0,    0.0,     24,      9,     12,      0,      0,      0,.,.,.,.,      4,.,     15,     18,     24,      9,     12,      0,      0,      0,.,.,.,.,      4,.,     15,     18,      0,      0,      0,      0,      0,      0,      0,      0,      0,      0,      0,      0,      0,      0,    60.0,    42.7,    76.7,    65.0,    55.7,    41.1,    70.7,    62.2,    60.0,    42.7,    76.7,    65.0,    55.7,    41.1,    70.7,    62.2,     0.0,     0.0,     0.0,     0.0,     0.0,     0.0,     0.0,     0.0,50MWh,0643A7,IFED,064 ,N16,FutOnly
ERCOT - NORTH MONTHLY OFF-PEAK - ICE FUTURES ENERGY DIV,260721,2026-07-21,0643A8,IFED,01,064 ,  113241,   78512,   79116,   11803,    7352,    8491,    9645,    4465,    2250,     144,    8872,    1866,  112711,  112412,     530,     829,  113241,   78512,   79116,   11803,    7352,    8491,    9645,    4465,    2250,     144,    8872,    1866,  112711,  112412,     530,     829,       0,       0,       0,       0,       0,       0,       0,       0,       0,       0,       0,       0,       0,       0,       0,       0,    1100,     980,    1615,       0,    -195,     120,       0,     100,       0,       0,    -540,       0,    1100,    1100,       0,       0,  100.0,   69.3,   69.9,   10.4,    6.5,    7.5,    8.5,    3.9,    2.0,    0.1,    7.8,    1.6,   99.5,   99.3,    0.5,    0.7,  100.0,   69.3,   69.9,   10.4,    6.5,    7.5,    8.5,    3.9,    2.0,    0.1,    7.8,    1.6,   99.5,   99.3,    0.5,    0.7,  100.0,    0.0,    0.0,    0.0,    0.0,    0.0,    0.0,    0.0,    0.0,    0.0,    0.0,    0.0,    0.0,    0.0,    0.0,    0.0,     47,     22,     22,.,.,      5,      4,.,.,.,      8,      6,     37,     40,     47,     22,     22,.,.,      5,      4,.,.,.,      8,      6,     37,     40,      0,      0,      0,      0,      0,      0,      0,      0,      0,      0,      0,      0,      0,      0,    48.5,    47.1,    73.7,    63.1,    46.2,    43.0,    65.0,    56.4,    48.5,    47.1,    73.7,    63.1,    46.2,    43.0,    65.0,    56.4,     0.0,     0.0,     0.0,     0.0,     0.0,     0.0,     0.0,     0.0,1 Mw per Off-Peak Hour,0643A8,IFED,064 ,N16,FutOnly
MISO IN. DAY-AHEAD PEAK - ICE FUTURES ENERGY DIV,260721,2026-07-21,0643AZ,IFED,01,064 ,   20344,   16661,    8427,     470,    4949,    2263,     165,    1065,     160,     250,    3373,      25,   19994,   20262,     350,      82,   20344,   16661,    8427,     470,    4949,    2263,     165,    1065,     160,     250,    3373,      25,   19994,   20262,     350,      82,       0,       0,       0,       0,       0,       0,       0,       0,       0,       0,       0,       0,       0,       0,       0,       0,      99,     158,     104,       0,      60,     -60,       0,      25,       0,       0,     -70,      25,     123,      84,     -24,      15,  100.0,   81.9,   41.4,    2.3,   24.3,   11.1,    0.8,    5.2,    0.8,    1.2,   16.6,    0.1,   98.3,   99.6,    1.7,    0.4,  100.0,   81.9,   41.4,    2.3,   24.3,   11.1,    0.8,    5.2,    0.8,    1.2,   16.6,    0.1,   98.3,   99.6,    1.7,    0.4,  100.0,    0.0,    0.0,    0.0,    0.0,    0.0,    0.0,    0.0,    0.0,    0.0,    0.0,    0.0,    0.0,    0.0,    0.0,    0.0,     37,     23,     15,.,.,.,.,.,.,.,.,.,     32,     23,     37,     23,     15,.,.,.,.,.,.,.,.,.,     32,     23,      0,      0,      0,      0,      0,      0,      0,      0,      0,      0,      0,      0,      0,      0,    53.2,    74.3,    71.0,    89.1,    41.6,    60.2,    53.8,    67.4,    53.2,    74.3,    71.0,    89.1,    41.6,    60.2,    53.8,    67.4,     0.0,     0.0,     0.0,     0.0,     0.0,     0.0,     0.0,     0.0,(1 MW per peak hour),0643AZ,IFED,064 ,N16,FutOnly
MISO INDIANA HUB RT PEAK - ICE FUTURES ENERGY DIV,260721,2026-07-21,0643B3,IFED,01,064 ,   41147,   22695,   23564,    2759,     549,    3571,    7741,    5506,      50,       0,    3708,    3674,   40490,   40622,     657,     525,   41147,   22695,   23564,    2759,     549,    3571,    7741,    5506,      50,       0,    3708,    3674,   40490,   40622,     657,     525,       0,       0,       0,       0,       0,       0,       0,       0,       0,       0,       0,       0,       0,       0,       0,       0,     326,    -151,     367,      51,       0,     -12,      98,      -5,       0,     -25,    -346,     346,     307,     350,      19,     -24,  100.0,   55.2,   57.3,    6.7,    1.3,    8.7,   18.8,   13.4,    0.1,    0.0,    9.0,    8.9,   98.4,   98.7,    1.6,    1.3,  100.0,   55.2,   57.3,    6.7,    1.3,    8.7,   18.8,   13.4,    0.1,    0.0,    9.0,    8.9,   98.4,   98.7,    1.6,    1.3,  100.0,    0.0,    0.0,    0.0,    0.0,    0.0,    0.0,    0.0,    0.0,    0.0,    0.0,    0.0,    0.0,    0.0,    0.0,    0.0,     30,     15,     17,      4,.,      4,.,.,.,      0,.,.,     24,     26,     30,     15,     17,      4,.,      4,.,.,.,      0,.,.,     24,     26,      0,      0,      0,      0,      0,      0,      0,      0,      0,      0,      0,      0,      0,      0,    50.2,    51.6,    74.9,    77.9,    42.0,    37.4,    51.4,    52.5,    50.2,    51.6,    74.9,    77.9,    42.0,    37.4,    51.4,    52.5,     0.0,     0.0,     0.0,     0.0,     0.0,     0.0,     0.0,     0.0,(Contracts of 800 MWh),0643B3,IFED,064 ,N16,FutOnly
PJM N. IL HUB DA OFF-PK  - ICE FUTURES ENERGY DIV,260721,2026-07-21,0643BC,IFED,01,064 ,   24039,   15940,   16469,    2840,    4604,     631,     600,    1480,     160,    3342,     105,       0,   23513,   23449,     526,     590,   24039,   15940,   16469,    2840,    4604,     631,     600,    1480,     160,    3342,     105,       0,   23513,   23449,     526,     590,       0,       0,       0,       0,       0,       0,       0,       0,       0,       0,       0,       0,       0,       0,       0,       0,     115,     102,     129,       0,       0,       0,       0,       0,       0,       0,       0,       0,     102,     129,      13,     -14,  100.0,   66.3,   68.5,   11.8,   19.2,    2.6,    2.5,    6.2,    0.7,   13.9,    0.4,    0.0,   97.8,   97.5,    2.2,    2.5,  100.0,   66.3,   68.5,   11.8,   19.2,    2.6,    2.5,    6.2,    0.7,   13.9,    0.4,    0.0,   97.8,   97.5,    2.2,    2.5,  100.0,    0.0,    0.0,    0.0,    0.0,    0.0,    0.0,    0.0,    0.0,    0.0,    0.0,    0.0,    0.0,    0.0,    0.0,    0.0,     37,     19,     12,.,      7,.,.,.,.,.,.,      0,     27,     22,     37,     19,     12,.,      7,.,.,.,.,.,.,      0,     27,     22,      0,      0,      0,      0,      0,      0,      0,      0,      0,      0,      0,      0,      0,      0,    49.3,    74.8,    67.8,    87.7,    49.1,    72.2,    65.9,    83.6,    49.3,    74.8,    67.8,    87.7,    49.1,    72.2,    65.9,    83.6,     0.0,     0.0,     0.0,     0.0,     0.0,     0.0,     0.0,     0.0,(1 MW per off-peak hour),0643BC,IFED,064 ,N16,FutOnly
PJM N. IL HUB DA PEAK - ICE FUTURES ENERGY DIV,260721,2026-07-21,0643BE,IFED,01,064 ,   24445,   16286,   17912,    2528,    3601,     784,     600,     820,      50,    3692,     541,      35,   23975,   23743,     470,     702,   24445,   16286,   17912,    2528,    3601,     784,     600,     820,      50,    3692,     541,      35,   23975,   23743,     470,     702,       0,       0,       0,       0,       0,       0,       0,       0,       0,       0,       0,       0,       0,       0,       0,       0,      72,      32,      79,       0,     -10,       0,       0,       0,       0,      37,       0,       0,      69,      69,       3,       3,  100.0,   66.6,   73.3,   10.3,   14.7,    3.2,    2.5,    3.4,    0.2,   15.1,    2.2,    0.1,   98.1,   97.1,    1.9,    2.9,  100.0,   66.6,   73.3,   10.3,   14.7,    3.2,    2.5,    3.4,    0.2,   15.1,    2.2,    0.1,   98.1,   97.1,    1.9,    2.9,  100.0,    0.0,    0.0,    0.0,    0.0,    0.0,    0.0,    0.0,    0.0,    0.0,    0.0,    0.0,    0.0,    0.0,    0.0,    0.0,     34,     17,     10,.,      6,.,.,.,.,.,.,.,     26,     21,     34,     17,     10,.,      6,.,.,.,.,.,.,.,     26,     21,      0,      0,      0,      0,      0,      0,      0,      0,      0,      0,      0,      0,      0,      0,    47.6,    70.9,    67.6,    85.1,    47.4,    69.0,    66.5,    81.3,    47.6,    70.9,    67.6,    85.1,    47.4,    69.0,    66.5,    81.3,     0.0,     0.0,     0.0,     0.0,     0.0,     0.0,     0.0,     0.0,(1 MW per peak hour),0643BE,IFED,064 ,N16,FutOnly
ISO NE MASS HUB DA OFF-PK FIXD - ICE FUTURES ENERGY DIV,260721,2026-07-21,0643BF,IFED,01,064 ,   64339,   47812,   46787,    7573,    6243,    1543,     366,    6081,     724,    4367,    1262,    1557,   63942,   64197,     397,     142,   64339,   47812,   46787,    7573,    6243,    1543,     366,    6081,     724,    4367,    1262,    1557,   63942,   64197,     397,     142,       0,       0,       0,       0,       0,       0,       0,       0,       0,       0,       0,       0,       0,       0,       0,       0,     379,     840,    -120,     -85,     141,      25,    -146,     310,       1,    -224,     -15,     -11,     400,     331,     -21,      48,  100.0,   74.3,   72.7,   11.8,    9.7,    2.4,    0.6,    9.5,    1.1,    6.8,    2.0,    2.4,   99.4,   99.8,    0.6,    0.2,  100.0,   74.3,   72.7,   11.8,    9.7,    2.4,    0.6,    9.5,    1.1,    6.8,    2.0,    2.4,   99.4,   99.8,    0.6,    0.2,  100.0,    0.0,    0.0,    0.0,    0.0,    0.0,    0.0,    0.0,    0.0,    0.0,    0.0,    0.0,    0.0,    0.0,    0.0,    0.0,     49,     20,     16,      6,.,      5,.,      4,      4,.,      6,      4,     38,     35,     49,     20,     16,      6,.,      5,.,      4,      4,.,      6,      4,     38,     35,      0,      0,      0,      0,      0,      0,      0,      0,      0,      0,      0,      0,      0,      0,    43.2,    65.5,    64.7,    77.3,    41.7,    64.6,    61.4,    74.8,    43.2,    65.5,    64.7,    77.3,    41.7,    64.6,    61.4,    74.8,     0.0,     0.0,     0.0,     0.0,     0.0,     0.0,     0.0,     0.0,(1 MW per Hour for about 368 Hours),0643BF,IFED,064 ,N16,FutOnly
ISO NE MASS HUB DA PEAK - ICE FUTURES ENERGY DIV,260721,2026-07-21,0643BG,IFED,01,064 ,   91800,   70293,   63953,    8078,    5407,    1446,    1346,   13982,    2231,    5391,    2299,    2256,   91041,   91574,     759,     226,   91800,   70293,   63953,    8078,    5407,    1446,    1346,   13982,    2231,    5391,    2299,    2256,   91041,   91574,     759,     226,       0,       0,       0,       0,       0,       0,       0,       0,       0,       0,       0,       0,       0,       0,       0,       0,    1799,    1861,      54,      32,      -5,      54,       0,    1229,    -236,    -489,     135,     570,    1792,    1801,       7,      -2,  100.0,   76.6,   69.7,    8.8,    5.9,    1.6,    1.5,   15.2,    2.4,    5.9,    2.5,    2.5,   99.2,   99.8,    0.8,    0.2,  100.0,   76.6,   69.7,    8.8,    5.9,    1.6,    1.5,   15.2,    2.4,    5.9,    2.5,    2.5,   99.2,   99.8,    0.8,    0.2,  100.0,    0.0,    0.0,    0.0,    0.0,    0.0,    0.0,    0.0,    0.0,    0.0,    0.0,    0.0,    0.0,    0.0,    0.0,    0.0,     68,     19,     19,      5,      4,      5,      5,     10,      8,      7,     10,     12,     52,     52,     68,     19,     19,      5,      4,      5,      5,     10,      8,      7,     10,     12,     52,     52,      0,      0,      0,      0,      0,      0,      0,      0,      0,      0,      0,      0,      0,      0,    48.4,    60.0,    65.6,    75.1,    47.6,    57.8,    62.2,    71.5,    48.4,    60.0,    65.6,    75.1,    47.6,    57.8,    62.2,    71.5,     0.0,     0.0,     0.0,     0.0,     0.0,     0.0,     0.0,     0.0,(Contracts of 800MWh),0643BG,IFED,064 ,N16,FutOnly
CAISO NP-15 PEAK - ICE FUTURES ENERGY DIV,260721,2026-07-21,0643BM,IFED,01,064 ,   48815,   27941,   31052,   13404,     115,    1919,    1263,    4536,    1965,     431,    7558,    1547,   48470,   48692,     345,     123,   48815,   27941,   31052,   13404,     115,    1919,    1263,    4536,    1965,     431,    7558,    1547,   48470,   48692,     345,     123,       0,       0,       0,       0,       0,       0,       0,       0,       0,       0,       0,       0,       0,       0,       0,       0,    -661,    -382,     462,     -15,    -626,      15,      84,     -89,     -78,     114,      59,    -414,    -676,    -671,      15,      10,  100.0,   57.2,   63.6,   27.5,    0.2,    3.9,    2.6,    9.3,    4.0,    0.9,   15.5,    3.2,   99.3,   99.7,    0.7,    0.3,  100.0,   57.2,   63.6,   27.5,    0.2,    3.9,    2.6,    9.3,    4.0,    0.9,   15.5,    3.2,   99.3,   99.7,    0.7,    0.3,  100.0,    0.0,    0.0,    0.0,    0.0,    0.0,    0.0,    0.0,    0.0,    0.0,    0.0,    0.0,    0.0,    0.0,    0.0,    0.0,     41,     21,     15,      5,.,.,.,.,.,.,      4,      5,     37,     27,     41,     21,     15,      5,.,.,.,.,.,.,      4,      5,     37,     27,      0,      0,      0,      0,      0,      0,      0,      0,      0,      0,      0,      0,      0,      0,    50.0,    69.3,    71.8,    87.1,    49.8,    66.4,    66.6,    78.8,    50.0,    69.3,    71.8,    87.1,    49.8,    66.4,    66.6,    78.8,     0.0,     0.0,     0.0,     0.0,     0.0,     0.0,     0.0,     0.0,(Contracts of 400MWh),0643BM,IFED,064 ,N16,FutOnly
CAISO NP-15 DA OFF-PK FIXED - ICE FUTURES ENERGY DIV,260721,2026-07-21,0643BR,IFED,01,064 ,   51258,   24526,   34574,   19325,     775,     130,     897,    8475,     645,    4608,    5739,     799,   50930,   51137,     328,     121,   51258,   24526,   34574,   19325,     775,     130,     897,    8475,     645,    4608,    5739,     799,   50930,   51137,     328,     121,       0,       0,       0,       0,       0,       0,       0,       0,       0,       0,       0,       0,       0,       0,       0,       0,     -60,     -50,     100,     -25,       0,       0,       0,    -175,      15,       0,       0,       0,     -60,     -60,       0,       0,  100.0,   47.8,   67.5,   37.7,    1.5,    0.3,    1.7,   16.5,    1.3,    9.0,   11.2,    1.6,   99.4,   99.8,    0.6,    0.2,  100.0,   47.8,   67.5,   37.7,    1.5,    0.3,    1.7,   16.5,    1.3,    9.0,   11.2,    1.6,   99.4,   99.8,    0.6,    0.2,  100.0,    0.0,    0.0,    0.0,    0.0,    0.0,    0.0,    0.0,    0.0,    0.0,    0.0,    0.0,    0.0,    0.0,    0.0,    0.0,     34,     15,     14,      5,.,.,.,.,.,      4,.,.,     27,     22,     34,     15,     14,      5,.,.,.,.,.,      4,.,.,     27,     22,      0,      0,      0,      0,      0,      0,      0,      0,      0,      0,      0,      0,      0,      0,    58.3,    80.3,    77.1,    92.3,    57.8,    78.8,    73.9,    89.2,    58.3,    80.3,    77.1,    92.3,    57.8,    78.8,    73.9,    89.2,     0.0,     0.0,     0.0,     0.0,     0.0,     0.0,     0.0,     0.0,(1 MW per Hour for about 386 Hours),0643BR,IFED,064 ,N16,FutOnly
PJM NI HUB RT OFF-PK FIXED - ICE FUTURES ENERGY DIV,260721,2026-07-21,0643BS,IFED,01,064 ,   80413,   21707,   63836,    2013,   11401,    1763,   51217,       0,    2212,     170,       5,     300,   79382,   79517,    1031,     896,   80413,   21707,   63836,    2013,   11401,    1763,   51217,       0,    2212,     170,       5,     300,   79382,   79517,    1031,     896,       0,       0,       0,       0,       0,       0,       0,       0,       0,       0,       0,       0,       0,       0,       0,       0,     314,     188,     337,      75,    -310,     120,    -225,       0,     155,       0,       5,       0,     313,     307,       1,       7,  100.0,   27.0,   79.4,    2.5,   14.2,    2.2,   63.7,    0.0,    2.8,    0.2,    0.0,    0.4,   98.7,   98.9,    1.3,    1.1,  100.0,   27.0,   79.4,    2.5,   14.2,    2.2,   63.7,    0.0,    2.8,    0.2,    0.0,    0.4,   98.7,   98.9,    1.3,    1.1,  100.0,    0.0,    0.0,    0.0,    0.0,    0.0,    0.0,    0.0,    0.0,    0.0,    0.0,    0.0,    0.0,    0.0,    0.0,    0.0,     33,     17,     16,.,.,      5,      4,      0,.,.,.,.,     28,     24,     33,     17,     16,.,.,      5,      4,      0,.,.,.,.,     28,     24,      0,      0,      0,      0,      0,      0,      0,      0,      0,      0,      0,      0,      0,      0,    72.1,    75.1,    84.9,    85.4,    69.4,    74.3,    80.0,    80.0,    72.1,    75.1,    84.9,    85.4,    69.4,    74.3,    80.0,    80.0,     0.0,     0.0,     0.0,     0.0,     0.0,     0.0,     0.0,     0.0,(1 MW per Hour for about 386 Hours),0643BS,IFED,064 ,N16,FutOnly
PJM N. IL HUB RT PEAK - ICE FUTURES ENERGY DIV,260721,2026-07-21,0643BT,IFED,01,064 ,   67812,   37790,   53677,    3294,   11084,    1602,   22405,       0,    1042,     882,       4,     107,   67122,   67516,     690,     296,   67812,   37790,   53677,    3294,   11084,    1602,   22405,       0,    1042,     882,       4,     107,   67122,   67516,     690,     296,       0,       0,       0,       0,       0,       0,       0,       0,       0,       0,       0,       0,       0,       0,       0,       0,     122,     -65,     160,     323,     -78,     -90,    -152,       0,     150,       4,       4,     -34,     136,     112,     -14,      10,  100.0,   55.7,   79.2,    4.9,   16.3,    2.4,   33.0,    0.0,    1.5,    1.3,    0.0,    0.2,   99.0,   99.6,    1.0,    0.4,  100.0,   55.7,   79.2,    4.9,   16.3,    2.4,   33.0,    0.0,    1.5,    1.3,    0.0,    0.2,   99.0,   99.6,    1.0,    0.4,  100.0,    0.0,    0.0,    0.0,    0.0,    0.0,    0.0,    0.0,    0.0,    0.0,    0.0,    0.0,    0.0,    0.0,    0.0,    0.0,     35,     20,     18,      4,.,      6,.,      0,.,.,.,.,     31,     29,     35,     20,     18,      4,.,      6,.,      0,.,.,.,.,     31,     29,      0,      0,      0,      0,      0,      0,      0,      0,      0,      0,      0,      0,      0,      0,    60.6,    68.4,    78.6,    83.9,    54.8,    66.9,    69.1,    75.2,    60.6,    68.4,    78.6,    83.9,    54.8,    66.9,    69.1,    75.2,     0.0,     0.0,     0.0,     0.0,     0.0,     0.0,     0.0,     0.0,(Contracts of 800 MWh),0643BT,IFED,064 ,N16,FutOnly
NYISO ZONE J DA PEAK - ICE FUTURES ENERGY DIV,260721,2026-07-21,0643BW,IFED,01,064 ,    9919,    5126,    6665,    1419,     771,     601,       0,    1456,     112,    2518,      36,      40,    9816,    9681,     103,     238,    9919,    5126,    6665,    1419,     771,     601,       0,    1456,     112,    2518,      36,      40,    9816,    9681,     103,     238,       0,       0,       0,       0,       0,       0,       0,       0,       0,       0,       0,       0,       0,       0,       0,       0,    1356,     900,     660,      -9,     271,      29,       0,     300,      95,     340,       1,       0,    1355,    1356,       1,       0,  100.0,   51.7,   67.2,   14.3,    7.8,    6.1,    0.0,   14.7,    1.1,   25.4,    0.4,    0.4,   99.0,   97.6,    1.0,    2.4,  100.0,   51.7,   67.2,   14.3,    7.8,    6.1,    0.0,   14.7,    1.1,   25.4,    0.4,    0.4,   99.0,   97.6,    1.0,    2.4,  100.0,    0.0,    0.0,    0.0,    0.0,    0.0,    0.0,    0.0,    0.0,    0.0,    0.0,    0.0,    0.0,    0.0,    0.0,    0.0,     27,      9,      9,.,.,      4,      0,.,.,      4,.,.,     20,     18,     27,      9,      9,.,.,      4,      0,.,.,      4,.,.,     20,     18,      0,      0,      0,      0,      0,      0,      0,      0,      0,      0,      0,      0,      0,      0,    55.2,    57.0,    78.0,    77.9,    55.2,    56.8,    72.3,    75.6,    55.2,    57.0,    78.0,    77.9,    55.2,    56.8,    72.3,    75.6,     0.0,     0.0,     0.0,     0.0,     0.0,     0.0,     0.0,     0.0,(Contracts of 800MWh),0643BW,IFED,064 ,N16,FutOnly
NYISO ZONE J DA OFF-PK FIXED - ICE FUTURES ENERGY DIV,260721,2026-07-21,0643BX,IFED,01,064 ,    7991,    3737,    5800,    1313,     581,     385,      15,     775,     140,    2309,       0,      30,    7929,    7711,      62,     280,    7991,    3737,    5800,    1313,     581,     385,      15,     775,     140,    2309,       0,      30,    7929,    7711,      62,     280,       0,       0,       0,       0,       0,       0,       0,       0,       0,       0,       0,       0,       0,       0,       0,       0,     740,     240,     660,      20,       0,       0,      15,     -45,     125,     340,       0,       0,     740,     740,       0,       0,  100.0,   46.8,   72.6,   16.4,    7.3,    4.8,    0.2,    9.7,    1.8,   28.9,    0.0,    0.4,   99.2,   96.5,    0.8,    3.5,  100.0,   46.8,   72.6,   16.4,    7.3,    4.8,    0.2,    9.7,    1.8,   28.9,    0.0,    0.4,   99.2,   96.5,    0.8,    3.5,  100.0,    0.0,    0.0,    0.0,    0.0,    0.0,    0.0,    0.0,    0.0,    0.0,    0.0,    0.0,    0.0,    0.0,    0.0,    0.0,     22,      6,      8,.,.,.,.,.,.,.,      0,.,     16,     14,     22,      6,      8,.,.,.,.,.,.,.,      0,.,     16,     14,      0,      0,      0,      0,      0,      0,      0,      0,      0,      0,      0,      0,      0,      0,    63.7,    57.4,    86.3,    82.7,    63.7,    57.3,    80.6,    77.9,    63.7,    57.4,    86.3,    82.7,    63.7,    57.3,    80.6,    77.9,     0.0,     0.0,     0.0,     0.0,     0.0,     0.0,     0.0,     0.0,(1 MW for about 368 Hours),0643BX,IFED,064 ,N16,FutOnly
NYISO ZONE A DA PEAK - ICE FUTURES ENERGY DIV,260721,2026-07-21,0643BY,IFED,01,064 ,   32998,   28917,   23737,     609,    3000,    1656,     557,    1516,     301,     155,    2294,       9,   32204,   32513,     794,     485,   32998,   28917,   23737,     609,    3000,    1656,     557,    1516,     301,     155,    2294,       9,   32204,   32513,     794,     485,       0,       0,       0,       0,       0,       0,       0,       0,       0,       0,       0,       0,       0,       0,       0,       0,     961,    1005,     623,    -131,     163,      80,     -11,      17,       6,      10,      87,       0,     959,     976,       2,     -15,  100.0,   87.6,   71.9,    1.8,    9.1,    5.0,    1.7,    4.6,    0.9,    0.5,    7.0,    0.0,   97.6,   98.5,    2.4,    1.5,  100.0,   87.6,   71.9,    1.8,    9.1,    5.0,    1.7,    4.6,    0.9,    0.5,    7.0,    0.0,   97.6,   98.5,    2.4,    1.5,  100.0,    0.0,    0.0,    0.0,    0.0,    0.0,    0.0,    0.0,    0.0,    0.0,    0.0,    0.0,    0.0,    0.0,    0.0,    0.0,     39,     17,     16,      4,      4,      6,.,.,.,.,.,.,     31,     29,     39,     17,     16,      4,      4,      6,.,.,.,.,.,.,     31,     29,      0,      0,      0,      0,      0,      0,      0,      0,      0,      0,      0,      0,      0,      0,    66.9,    63.3,    80.7,    81.9,    66.4,    58.0,    76.3,    72.8,    66.9,    63.3,    80.7,    81.9,    66.4,    58.0,    76.3,    72.8,     0.0,     0.0,     0.0,     0.0,     0.0,     0.0,     0.0,     0.0,(Contracts of 800MWh),0643BY,IFED,064 ,N16,FutOnly
NYISO ZONE A DA OFF-PK FIX PR - ICE FUTURES ENERGY DIV,260721,2026-07-21,0643BZ,IFED,01,064 ,   33612,   28920,   24478,     891,    4485,    1007,    1432,    1286,     231,      75,    1606,     128,   32684,   33221,     928,     391,   33612,   28920,   24478,     891,    4485,    1007,    1432,    1286,     231,      75,    1606,     128,   32684,   33221,     928,     391,       0,       0,       0,       0,       0,       0,       0,       0,       0,       0,       0,       0,       0,       0,       0,       0,     779,     975,     712,      32,      53,     -50,      -3,      50,       0,       0,      25,     -11,     943,     779,    -164,       0,  100.0,   86.0,   72.8,    2.7,   13.3,    3.0,    4.3,    3.8,    0.7,    0.2,    4.8,    0.4,   97.2,   98.8,    2.8,    1.2,  100.0,   86.0,   72.8,    2.7,   13.3,    3.0,    4.3,    3.8,    0.7,    0.2,    4.8,    0.4,   97.2,   98.8,    2.8,    1.2,  100.0,    0.0,    0.0,    0.0,    0.0,    0.0,    0.0,    0.0,    0.0,    0.0,    0.0,    0.0,    0.0,    0.0,    0.0,    0.0,     36,     17,     15,      4,.,.,.,.,.,.,.,.,     29,     23,     36,     17,     15,      4,.,.,.,.,.,.,.,.,     29,     23,      0,      0,      0,      0,      0,      0,      0,      0,      0,      0,      0,      0,      0,      0,    64.5,    65.4,    78.5,    84.0,    59.1,    62.2,    69.4,    74.1,    64.5,    65.4,    78.5,    84.0,    59.1,    62.2,    69.4,    74.1,     0.0,     0.0,     0.0,     0.0,     0.0,     0.0,     0.0,     0.0,(1MW for about 368 Hours),0643BZ,IFED,064 ,N16,FutOnly
NYISO ZONE G DA PEAK - ICE FUTURES ENERGY DIV,260721,2026-07-21,0643C3,IFED,01,064 ,   26236,   19753,   12391,     416,    4212,    1988,    1422,    4795,     630,     495,    1078,    1068,   25772,   26162,     464,      74,   26236,   19753,   12391,     416,    4212,    1988,    1422,    4795,     630,     495,    1078,    1068,   25772,   26162,     464,      74,       0,       0,       0,       0,       0,       0,       0,       0,       0,       0,       0,       0,       0,       0,       0,       0,     687,     560,    -402,      41,     732,    -138,      45,     145,      35,      65,     260,      69,     677,     701,      10,     -14,  100.0,   75.3,   47.2,    1.6,   16.1,    7.6,    5.4,   18.3,    2.4,    1.9,    4.1,    4.1,   98.2,   99.7,    1.8,    0.3,  100.0,   75.3,   47.2,    1.6,   16.1,    7.6,    5.4,   18.3,    2.4,    1.9,    4.1,    4.1,   98.2,   99.7,    1.8,    0.3,  100.0,    0.0,    0.0,    0.0,    0.0,    0.0,    0.0,    0.0,    0.0,    0.0,    0.0,    0.0,    0.0,    0.0,    0.0,    0.0,     46,     20,     18,.,      6,      6,      7,.,      4,.,      4,      4,     38,     38,     46,     20,     18,.,      6,      6,      7,.,      4,.,      4,      4,     38,     38,      0,      0,      0,      0,      0,      0,      0,      0,      0,      0,      0,      0,      0,      0,    47.3,    53.1,    64.8,    69.8,    45.6,    48.8,    57.9,    58.4,    47.3,    53.1,    64.8,    69.8,    45.6,    48.8,    57.9,    58.4,     0.0,     0.0,     0.0,     0.0,     0.0,     0.0,     0.0,     0.0,(Contracts of 800MWh),0643C3,IFED,064 ,N16,FutOnly
NYISO ZONE G DA OFF-PK - ICE FUTURES ENERGY DIV,260721,2026-07-21,0643C4,IFED,01,064 ,   21475,   16019,   10769,      70,    2883,    2275,     444,    3340,     480,     519,     400,    1068,   20875,   21215,     600,     260,   21475,   16019,   10769,      70,    2883,    2275,     444,    3340,     480,     519,     400,    1068,   20875,   21215,     600,     260,       0,       0,       0,       0,       0,       0,       0,       0,       0,       0,       0,       0,       0,       0,       0,       0,     200,     163,    -715,       0,     520,     -40,     -60,      90,      35,      40,     250,      60,     198,     200,       2,       0,  100.0,   74.6,   50.1,    0.3,   13.4,   10.6,    2.1,   15.6,    2.2,    2.4,    1.9,    5.0,   97.2,   98.8,    2.8,    1.2,  100.0,   74.6,   50.1,    0.3,   13.4,   10.6,    2.1,   15.6,    2.2,    2.4,    1.9,    5.0,   97.2,   98.8,    2.8,    1.2,  100.0,    0.0,    0.0,    0.0,    0.0,    0.0,    0.0,    0.0,    0.0,    0.0,    0.0,    0.0,    0.0,    0.0,    0.0,    0.0,     38,     16,     14,.,      6,      6,.,.,      4,.,.,.,     30,     31,     38,     16,     14,.,      6,      6,.,.,      4,.,.,.,     30,     31,      0,      0,      0,      0,      0,      0,      0,      0,      0,      0,      0,      0,      0,      0,    47.8,    55.9,    67.2,    71.7,    46.3,    50.1,    59.7,    61.1,    47.8,    55.9,    67.2,    71.7,    46.3,    50.1,    59.7,    61.1,     0.0,     0.0,     0.0,     0.0,     0.0,     0.0,     0.0,     0.0,(1MW for about 368 Hours),0643C4,IFED,064 ,N16,FutOnly
PALO VERDE DA PEAK - ICE FUTURES ENERGY DIV,260721,2026-07-21,0643CB,IFED,01,064 ,   25811,   12149,   14618,    7920,    4752,    3544,       0,     977,    1000,     804,     602,     230,   25647,   25723,     164,      88,   25811,   12149,   14618,    7920,    4752,    3544,       0,     977,    1000,     804,     602,     230,   25647,   25723,     164,      88,       0,       0,       0,       0,       0,       0,       0,       0,       0,       0,       0,       0,       0,       0,       0,       0,       2,     -43,      -5,      10,     -50,      50,       0,       2,       0,       5,       0,      -5,      17,      -8,     -15,      10,  100.0,   47.1,   56.6,   30.7,   18.4,   13.7,    0.0,    3.8,    3.9,    3.1,    2.3,    0.9,   99.4,   99.7,    0.6,    0.3,  100.0,   47.1,   56.6,   30.7,   18.4,   13.7,    0.0,    3.8,    3.9,    3.1,    2.3,    0.9,   99.4,   99.7,    0.6,    0.3,  100.0,    0.0,    0.0,    0.0,    0.0,    0.0,    0.0,    0.0,    0.0,    0.0,    0.0,    0.0,    0.0,    0.0,    0.0,    0.0,     40,     19,     16,      4,.,.,      0,.,.,      5,.,.,     32,     25,     40,     19,     16,      4,.,.,      0,.,.,      5,.,.,     32,     25,      0,      0,      0,      0,      0,      0,      0,      0,      0,      0,      0,      0,      0,      0,    48.5,    62.5,    69.2,    79.8,    38.4,    42.2,    54.7,    57.6,    48.5,    62.5,    69.2,    79.8,    38.4,    42.2,    54.7,    57.6,     0.0,     0.0,     0.0,     0.0,     0.0,     0.0,     0.0,     0.0,(Contracts of 400MWh),0643CB,IFED,064 ,N16,FutOnly
PALO VERDE DA OFF-PK FiXED PR - ICE FUTURES ENERGY DIV,260721,2026-07-21,0643CC,IFED,01,064 ,   19473,    5978,   12029,    7721,    3517,     625,    4115,     861,     625,      52,    1369,     307,   19423,   19333,      50,     140,   19473,    5978,   12029,    7721,    3517,     625,    4115,     861,     625,      52,    1369,     307,   19423,   19333,      50,     140,       0,       0,       0,       0,       0,       0,       0,       0,       0,       0,       0,       0,       0,       0,       0,       0,     -85,      20,    -175,    -195,       0,      90,       0,       0,       0,       0,       0,       0,     -85,     -85,       0,       0,  100.0,   30.7,   61.8,   39.6,   18.1,    3.2,   21.1,    4.4,    3.2,    0.3,    7.0,    1.6,   99.7,   99.3,    0.3,    0.7,  100.0,   30.7,   61.8,   39.6,   18.1,    3.2,   21.1,    4.4,    3.2,    0.3,    7.0,    1.6,   99.7,   99.3,    0.3,    0.7,  100.0,    0.0,    0.0,    0.0,    0.0,    0.0,    0.0,    0.0,    0.0,    0.0,    0.0,    0.0,    0.0,    0.0,    0.0,    0.0,     38,     15,     17,      4,.,      4,.,.,.,.,      4,      4,     27,     29,     38,     15,     17,      4,.,      4,.,.,.,.,      4,      4,     27,     29,      0,      0,      0,      0,      0,      0,      0,      0,      0,      0,      0,      0,      0,      0,    66.4,    49.9,    84.0,    67.2,    61.0,    47.0,    74.9,    61.7,    66.4,    49.9,    84.0,    67.2,    61.0,    47.0,    74.9,    61.7,     0.0,     0.0,     0.0,     0.0,     0.0,     0.0,     0.0,     0.0,(1 MW for about 368 Hours),0643CC,IFED,064 ,N16,FutOnly
PJM WESTERN HUB DA OFF-PK - ICE FUTURES ENERGY DIV,260721,2026-07-21,0643DB,IFED,01,064 ,  119712,   87327,   97602,    3902,    5099,    3646,    3702,    1993,    1217,   18006,    8034,    1608,  119408,  119199,     304,     513,  119712,   87327,   97602,    3902,    5099,    3646,    3702,    1993,    1217,   18006,    8034,    1608,  119408,  119199,     304,     513,       0,       0,       0,       0,       0,       0,       0,       0,       0,       0,       0,       0,       0,       0,       0,       0,   -1646,   -1978,   -1931,    -258,      62,      63,     288,       0,     116,      89,      -2,      23,   -1657,   -1669,      11,      23,  100.0,   72.9,   81.5,    3.3,    4.3,    3.0,    3.1,    1.7,    1.0,   15.0,    6.7,    1.3,   99.7,   99.6,    0.3,    0.4,  100.0,   72.9,   81.5,    3.3,    4.3,    3.0,    3.1,    1.7,    1.0,   15.0,    6.7,    1.3,   99.7,   99.6,    0.3,    0.4,  100.0,    0.0,    0.0,    0.0,    0.0,    0.0,    0.0,    0.0,    0.0,    0.0,    0.0,    0.0,    0.0,    0.0,    0.0,    0.0,     68,     32,     25,      6,      5,      7,      5,.,.,      5,      7,.,     56,     45,     68,     32,     25,      6,      5,      7,      5,.,.,      5,      7,.,     56,     45,      0,      0,      0,      0,      0,      0,      0,      0,      0,      0,      0,      0,      0,      0,    40.6,    64.5,    58.2,    79.8,    34.9,    63.0,    52.0,    72.2,    40.6,    64.5,    58.2,    79.8,    34.9,    63.0,    52.0,    72.2,     0.0,     0.0,     0.0,     0.0,     0.0,     0.0,     0.0,     0.0,(1 MW per off-peak hour),0643DB,IFED,064 ,N16,FutOnly
PJM WESTERN HUB DA PEAK - ICE FUTURES ENERGY DIV,260721,2026-07-21,0643DC,IFED,01,064 ,  129677,   89177,  107616,    6110,    4609,    4343,    2211,    1636,    1585,   24159,    7775,    1688,  129273,  129252,     404,     425,  129677,   89177,  107616,    6110,    4609,    4343,    2211,    1636,    1585,   24159,    7775,    1688,  129273,  129252,     404,     425,       0,       0,       0,       0,       0,       0,       0,       0,       0,       0,       0,       0,       0,       0,       0,       0,    1558,     996,     824,     -74,      95,      69,     101,     192,      25,     463,     340,      40,    1620,    1585,     -62,     -27,  100.0,   68.8,   83.0,    4.7,    3.6,    3.3,    1.7,    1.3,    1.2,   18.6,    6.0,    1.3,   99.7,   99.7,    0.3,    0.3,  100.0,   68.8,   83.0,    4.7,    3.6,    3.3,    1.7,    1.3,    1.2,   18.6,    6.0,    1.3,   99.7,   99.7,    0.3,    0.3,  100.0,    0.0,    0.0,    0.0,    0.0,    0.0,    0.0,    0.0,    0.0,    0.0,    0.0,    0.0,    0.0,    0.0,    0.0,    0.0,     77,     33,     27,      7,      5,      8,      4,      4,.,     13,      6,      5,     63,     51,     77,     33,     27,      7,      5,      8,      4,      4,.,     13,      6,      5,     63,     51,      0,      0,      0,      0,      0,      0,      0,      0,      0,      0,      0,      0,      0,      0,    39.0,    63.9,    56.5,    77.5,    35.8,    62.3,    52.4,    73.3,    39.0,    63.9,    56.5,    77.5,    35.8,    62.3,    52.4,    73.3,     0.0,     0.0,     0.0,     0.0,     0.0,     0.0,     0.0,     0.0,(Contracts of about 352 MWh),0643DC,IFED,064 ,N16,FutOnly
PJM WESTERN HUB RT PEAK MINI - ICE FUTURES ENERGY DIV,260721,2026-07-21,0643DF,IFED,01,064 ,  397778,  210691,  150001,   14973,   44557,   26367,   52357,   10492,   54455,   16362,   89516,   21170,  396375,  396558,    1403,    1220,  397778,  210691,  150001,   14973,   44557,   26367,   52357,   10492,   54455,   16362,   89516,   21170,  396375,  396558,    1403,    1220,       0,       0,       0,       0,       0,       0,       0,       0,       0,       0,       0,       0,       0,       0,       0,       0,    1501,    3017,    4114,   -1220,     930,   -2162,    3818,     235,   -1310,    -770,    -717,     201,    1574,    1291,     -73,     210,  100.0,   53.0,   37.7,    3.8,   11.2,    6.6,   13.2,    2.6,   13.7,    4.1,   22.5,    5.3,   99.6,   99.7,    0.4,    0.3,  100.0,   53.0,   37.7,    3.8,   11.2,    6.6,   13.2,    2.6,   13.7,    4.1,   22.5,    5.3,   99.6,   99.7,    0.4,    0.3,  100.0,    0.0,    0.0,    0.0,    0.0,    0.0,    0.0,    0.0,    0.0,    0.0,    0.0,    0.0,    0.0,    0.0,    0.0,    0.0,    126,     41,     36,.,      8,      9,     34,      7,     23,     15,     17,     24,    117,     99,    126,     41,     36,.,      8,      9,     34,      7,     23,     15,     17,     24,    117,     99,      0,      0,      0,      0,      0,      0,      0,      0,      0,      0,      0,      0,      0,      0,    23.0,    32.1,    38.5,    49.2,    20.1,    28.2,    31.2,    39.9,    23.0,    32.1,    38.5,    49.2,    20.1,    28.2,    31.2,    39.9,     0.0,     0.0,     0.0,     0.0,     0.0,     0.0,     0.0,     0.0,(1 MW per peak hour),0643DF,IFED,064 ,N16,FutOnly
PJM WEST HUB REAL TIME PK MINI - ICE FUTURES ENERGY DIV,260721,2026-07-21,0643IA,IFED,01,064 ,    6355,    3390,    1920,       0,     230,      75,     642,    1550,     425,     845,    1435,     495,    5872,    6130,     483,     225,    6355,    3390,    1920,       0,     230,      75,     642,    1550,     425,     845,    1435,     495,    5872,    6130,     483,     225,       0,       0,       0,       0,       0,       0,       0,       0,       0,       0,       0,       0,       0,       0,       0,       0,   -1125,    1290,    -835,    -415,      55,      25,    -458,     555,     -25,   -1135,     -95,    -230,    -948,    -550,    -177,    -575,  100.0,   53.3,   30.2,    0.0,    3.6,    1.2,   10.1,   24.4,    6.7,   13.3,   22.6,    7.8,   92.4,   96.5,    7.6,    3.5,  100.0,   53.3,   30.2,    0.0,    3.6,    1.2,   10.1,   24.4,    6.7,   13.3,   22.6,    7.8,   92.4,   96.5,    7.6,    3.5,  100.0,    0.0,    0.0,    0.0,    0.0,    0.0,    0.0,    0.0,    0.0,    0.0,    0.0,    0.0,    0.0,    0.0,    0.0,    0.0,     38,     11,     14,      0,.,.,.,      5,      4,.,      7,      4,     21,     33,     38,     11,     14,      0,.,.,.,      5,      4,.,      7,      4,     21,     33,      0,      0,      0,      0,      0,      0,      0,      0,      0,      0,      0,      0,      0,      0,    48.6,    38.6,    68.6,    56.6,    43.1,    37.5,    59.3,    49.7,    48.6,    38.6,    68.6,    56.6,    43.1,    37.5,    59.3,    49.7,     0.0,     0.0,     0.0,     0.0,     0.0,     0.0,     0.0,     0.0,16 MWh,0643IA,IFED,064 ,N16,FutOnly
ERCOT N 345KV REAL T PK DALY M - ICE FUTURES ENERGY DIV,260721,2026-07-21,0643IB,IFED,01,064 ,   23372,   10565,    9475,    1365,     785,     310,    6505,    2050,     672,    1790,    7845,    1325,   22532,   22462,     840,     910,   23372,   10565,    9475,    1365,     785,     310,    6505,    2050,     672,    1790,    7845,    1325,   22532,   22462,     840,     910,       0,       0,       0,       0,       0,       0,       0,       0,       0,       0,       0,       0,       0,       0,       0,       0,    4377,    3730,    1440,    -235,    -910,     310,    1090,    1970,    -838,     715,    2115,      75,    4847,    4162,    -470,     215,  100.0,   45.2,   40.5,    5.8,    3.4,    1.3,   27.8,    8.8,    2.9,    7.7,   33.6,    5.7,   96.4,   96.1,    3.6,    3.9,  100.0,   45.2,   40.5,    5.8,    3.4,    1.3,   27.8,    8.8,    2.9,    7.7,   33.6,    5.7,   96.4,   96.1,    3.6,    3.9,  100.0,    0.0,    0.0,    0.0,    0.0,    0.0,    0.0,    0.0,    0.0,    0.0,    0.0,    0.0,    0.0,    0.0,    0.0,    0.0,     63,     24,     26,      4,.,      4,      5,.,      6,      5,     13,     13,     53,     52,     63,     24,     26,      4,.,      4,      5,.,      6,      5,     13,     13,     53,     52,      0,      0,      0,      0,      0,      0,      0,      0,      0,      0,      0,      0,      0,      0,    39.3,    27.3,    59.8,    45.2,    36.1,    26.8,    52.9,    42.3,    39.3,    27.3,    59.8,    45.2,    36.1,    26.8,    52.9,    42.3,     0.0,     0.0,     0.0,     0.0,     0.0,     0.0,     0.0,     0.0,(240 MW = 15 Hours X 16 MWh),0643IB,IFED,064 ,N16,FutOnly
ERCOT N 345KV REAL T PK 2x16 - ICE FUTURES ENERGY DIV,260721,2026-07-21,0643ID,IFED,01,064 ,  127428,   86772,   90742,   10428,   13627,    7149,    8069,    2318,    1072,   11537,   10121,    2038,  127065,  127067,     363,     361,  127428,   86772,   90742,   10428,   13627,    7149,    8069,    2318,    1072,   11537,   10121,    2038,  127065,  127067,     363,     361,       0,       0,       0,       0,       0,       0,       0,       0,       0,       0,       0,       0,       0,       0,       0,       0,    3230,    2931,    2824,      23,      12,      77,    -186,     170,      16,     690,     473,    -325,    3226,    3247,       4,     -17,  100.0,   68.1,   71.2,    8.2,   10.7,    5.6,    6.3,    1.8,    0.8,    9.1,    7.9,    1.6,   99.7,   99.7,    0.3,    0.3,  100.0,   68.1,   71.2,    8.2,   10.7,    5.6,    6.3,    1.8,    0.8,    9.1,    7.9,    1.6,   99.7,   99.7,    0.3,    0.3,  100.0,    0.0,    0.0,    0.0,    0.0,    0.0,    0.0,    0.0,    0.0,    0.0,    0.0,    0.0,    0.0,    0.0,    0.0,    0.0,     60,     29,     26,.,.,      4,      4,.,.,      5,      9,      9,     49,     48,     60,     29,     26,.,.,      4,      4,.,.,      5,      9,      9,     49,     48,      0,      0,      0,      0,      0,      0,      0,      0,      0,      0,      0,      0,      0,      0,    43.0,    36.2,    63.3,    62.2,    42.3,    28.8,    59.0,    51.2,    43.0,    36.2,    63.3,    62.2,    42.3,    28.8,    59.0,    51.2,     0.0,     0.0,     0.0,     0.0,     0.0,     0.0,     0.0,     0.0,(1MW for about 352 Hours),0643ID,IFED,064 ,N16,FutOnly
ERCOT North 345KV Hub RT 7x8 - ICE FUTURES ENERGY DIV,260721,2026-07-21,0643IK,IFED,01,064 ,  239197,   93191,  171508,    3478,   36449,    8483,  104367,     723,   10833,   12899,    5495,    5267,  238518,  238758,     679,     439,  239197,   93191,  171508,    3478,   36449,    8483,  104367,     723,   10833,   12899,    5495,    5267,  238518,  238758,     679,     439,       0,       0,       0,       0,       0,       0,       0,       0,       0,       0,       0,       0,       0,       0,       0,       0,    8815,    6084,    5267,      63,    1264,     478,    1221,      -1,     964,     -65,     623,      40,    8785,    8635,      30,     180,  100.0,   39.0,   71.7,    1.5,   15.2,    3.5,   43.6,    0.3,    4.5,    5.4,    2.3,    2.2,   99.7,   99.8,    0.3,    0.2,  100.0,   39.0,   71.7,    1.5,   15.2,    3.5,   43.6,    0.3,    4.5,    5.4,    2.3,    2.2,   99.7,   99.8,    0.3,    0.2,  100.0,    0.0,    0.0,    0.0,    0.0,    0.0,    0.0,    0.0,    0.0,    0.0,    0.0,    0.0,    0.0,    0.0,    0.0,    0.0,     65,     24,     28,.,      4,      5,      9,.,      6,      8,      7,     11,     52,     53,     65,     24,     28,.,      4,      5,      9,.,      6,      8,      7,     11,     52,     53,      0,      0,      0,      0,      0,      0,      0,      0,      0,      0,      0,      0,      0,      0,    56.1,    46.8,    70.7,    66.7,    50.9,    43.7,    61.8,    58.7,    56.1,    46.8,    70.7,    66.7,    50.9,    43.7,    61.8,    58.7,     0.0,     0.0,     0.0,     0.0,     0.0,     0.0,     0.0,     0.0,(1MW for about 352 Hours),0643IK,IFED,064 ,N16,FutOnly
ISONE.H.INTERNAL_HUB_mo_on_dap - NODAL EXCHANGE,260721,2026-07-21,064AAA,NODX,01,064 ,   84903,   60446,   61151,      32,   10291,    1169,    1265,    1790,     120,   11775,     175,     375,   75182,   75071,    9721,    9832,   84903,   60446,   61151,      32,   10291,    1169,    1265,    1790,     120,   11775,     175,     375,   75182,   75071,    9721,    9832,       0,       0,       0,       0,       0,       0,       0,       0,       0,       0,       0,       0,       0,       0,       0,       0,     702,    -210,   -1140,       0,    -150,       8,       0,     120,       0,    -900,       0,       0,   -1102,   -1162,    1804,    1864,  100.0,   71.2,   72.0,    0.0,   12.1,    1.4,    1.5,    2.1,    0.1,   13.9,    0.2,    0.4,   88.6,   88.4,   11.4,   11.6,  100.0,   71.2,   72.0,    0.0,   12.1,    1.4,    1.5,    2.1,    0.1,   13.9,    0.2,    0.4,   88.6,   88.4,   11.4,   11.6,  100.0,    0.0,    0.0,    0.0,    0.0,    0.0,    0.0,    0.0,    0.0,    0.0,    0.0,    0.0,    0.0,    0.0,    0.0,    0.0,     33,     15,     17,.,      6,      6,.,.,.,.,.,.,     26,     27,     33,     15,     17,.,      6,      6,.,.,.,.,.,.,     26,     27,      0,      0,      0,      0,      0,      0,      0,      0,      0,      0,      0,      0,      0,      0,    68.4,    48.3,    80.3,    64.7,    65.8,    42.5,    73.1,    56.9,    68.4,    48.3,    80.3,    64.7,    65.8,    42.5,    73.1,    56.9,     0.0,     0.0,     0.0,     0.0,     0.0,     0.0,     0.0,     0.0,(Contracts of 400 MWh),064AAA,NODX,064 ,N16,FutOnly
ISONE.H.INTERNAL_HB_mo_off_dap - NODAL EXCHANGE,260721,2026-07-21,064AAB,NODX,01,064 ,   78224,   55152,   54687,       0,   10843,    1810,    1055,    1160,     220,   11243,     433,     240,   69720,   69393,    8504,    8831,   78224,   55152,   54687,       0,   10843,    1810,    1055,    1160,     220,   11243,     433,     240,   69720,   69393,    8504,    8831,       0,       0,       0,       0,       0,       0,       0,       0,       0,       0,       0,       0,       0,       0,       0,       0,     319,    -260,   -1040,       0,    -300,      14,       0,     120,       0,    -900,       0,       0,   -1146,   -1206,    1465,    1525,  100.0,   70.5,   69.9,    0.0,   13.9,    2.3,    1.3,    1.5,    0.3,   14.4,    0.6,    0.3,   89.1,   88.7,   10.9,   11.3,  100.0,   70.5,   69.9,    0.0,   13.9,    2.3,    1.3,    1.5,    0.3,   14.4,    0.6,    0.3,   89.1,   88.7,   10.9,   11.3,  100.0,    0.0,    0.0,    0.0,    0.0,    0.0,    0.0,    0.0,    0.0,    0.0,    0.0,    0.0,    0.0,    0.0,    0.0,    0.0,     32,     16,     17,      0,      6,      4,.,.,.,.,.,.,     25,     26,     32,     16,     17,      0,      6,      4,.,.,.,.,.,.,     25,     26,      0,      0,      0,      0,      0,      0,      0,      0,      0,      0,      0,      0,      0,      0,    67.7,    46.1,    79.8,    64.9,    64.4,    41.4,    72.2,    56.2,    67.7,    46.1,    79.8,    64.9,    64.4,    41.4,    72.2,    56.2,     0.0,     0.0,     0.0,     0.0,     0.0,     0.0,     0.0,     0.0,(Contracts of 400 MWh),064AAB,NODX,064 ,N16,FutOnly
MISO.INDIANA.HUB_month_on_dap - NODAL EXCHANGE,260721,2026-07-21,064BFI,NODX,01,064 ,   19341,   12306,   13084,    3440,     150,     310,     150,     725,     180,       0,    1355,       0,   16386,   15804,    2955,    3537,   19341,   12306,   13084,    3440,     150,     310,     150,     725,     180,       0,    1355,       0,   16386,   15804,    2955,    3537,       0,       0,       0,       0,       0,       0,       0,       0,       0,       0,       0,       0,       0,       0,       0,       0,      20,    -160,     -30,     130,       0,      50,       0,       0,       0,       0,       0,       0,      20,      20,       0,       0,  100.0,   63.6,   67.6,   17.8,    0.8,    1.6,    0.8,    3.7,    0.9,    0.0,    7.0,    0.0,   84.7,   81.7,   15.3,   18.3,  100.0,   63.6,   67.6,   17.8,    0.8,    1.6,    0.8,    3.7,    0.9,    0.0,    7.0,    0.0,   84.7,   81.7,   15.3,   18.3,  100.0,    0.0,    0.0,    0.0,    0.0,    0.0,    0.0,    0.0,    0.0,    0.0,    0.0,    0.0,    0.0,    0.0,    0.0,    0.0,     24,     13,     15,.,.,.,.,.,.,      0,.,      0,     17,     20,     24,     13,     15,.,.,.,.,.,.,      0,.,      0,     17,     20,      0,      0,      0,      0,      0,      0,      0,      0,      0,      0,      0,      0,      0,      0,    53.6,    54.3,    73.2,    72.0,    51.3,    49.5,    61.7,    60.4,    53.6,    54.3,    73.2,    72.0,    51.3,    49.5,    61.7,    60.4,     0.0,     0.0,     0.0,     0.0,     0.0,     0.0,     0.0,     0.0,Megawatt Hours (MWh),064BFI,NODX,064 ,N16,FutOnly
MISO.INDIANA.HUB_month_off_dap - NODAL EXCHANGE,260721,2026-07-21,064BFJ,NODX,01,064 ,   19806,   13151,   13159,    2510,     150,     495,     150,     750,     180,       0,    1710,       0,   16486,   16444,    3320,    3362,   19806,   13151,   13159,    2510,     150,     495,     150,     750,     180,       0,    1710,       0,   16486,   16444,    3320,    3362,       0,       0,       0,       0,       0,       0,       0,       0,       0,       0,       0,       0,       0,       0,       0,       0,     500,      80,     510,     130,       0,      50,       0,       0,       0,       0,       0,       0,     260,     560,     240,     -60,  100.0,   66.4,   66.4,   12.7,    0.8,    2.5,    0.8,    3.8,    0.9,    0.0,    8.6,    0.0,   83.2,   83.0,   16.8,   17.0,  100.0,   66.4,   66.4,   12.7,    0.8,    2.5,    0.8,    3.8,    0.9,    0.0,    8.6,    0.0,   83.2,   83.0,   16.8,   17.0,  100.0,    0.0,    0.0,    0.0,    0.0,    0.0,    0.0,    0.0,    0.0,    0.0,    0.0,    0.0,    0.0,    0.0,    0.0,    0.0,     24,     12,     12,.,.,.,.,.,.,      0,.,      0,     17,     17,     24,     12,     12,.,.,.,.,.,.,      0,.,      0,     17,     17,      0,      0,      0,      0,      0,      0,      0,      0,      0,      0,      0,      0,      0,      0,    53.9,    54.0,    70.7,    74.0,    50.7,    50.8,    61.5,    62.5,    53.9,    54.0,    70.7,    74.0,    50.7,    50.8,    61.5,    62.5,     0.0,     0.0,     0.0,     0.0,     0.0,     0.0,     0.0,     0.0,Megawatt Hours (MWh),064BFJ,NODX,064 ,N16,FutOnly
NYISO.CENTRL_month_on_dap - NODAL EXCHANGE,260721,2026-07-21,064CTQ,NODX,01,064 ,   37888,   16164,   35333,    7354,    1420,     540,     150,       0,       0,   12033,       0,       0,   36241,   37293,    1647,     595,   37888,   16164,   35333,    7354,    1420,     540,     150,       0,       0,   12033,       0,       0,   36241,   37293,    1647,     595,       0,       0,       0,       0,       0,       0,       0,       0,       0,       0,       0,       0,       0,       0,       0,       0,     125,      25,       0,      30,     175,     -50,       0,       0,       0,     120,       0,       0,     125,     125,       0,       0,  100.0,   42.7,   93.3,   19.4,    3.7,    1.4,    0.4,    0.0,    0.0,   31.8,    0.0,    0.0,   95.7,   98.4,    4.3,    1.6,  100.0,   42.7,   93.3,   19.4,    3.7,    1.4,    0.4,    0.0,    0.0,   31.8,    0.0,    0.0,   95.7,   98.4,    4.3,    1.6,  100.0,    0.0,    0.0,    0.0,    0.0,    0.0,    0.0,    0.0,    0.0,    0.0,    0.0,    0.0,    0.0,    0.0,    0.0,    0.0,     22,     11,.,      4,.,.,.,      0,      0,.,      0,      0,     18,      5,     22,     11,.,      4,.,.,.,      0,      0,.,      0,      0,     18,      5,      0,      0,      0,      0,      0,      0,      0,      0,      0,      0,      0,      0,      0,      0,    71.5,    97.3,    84.6,    98.4,    71.5,    96.5,    84.6,    97.0,    71.5,    97.3,    84.6,    98.4,    71.5,    96.5,    84.6,    97.0,     0.0,     0.0,     0.0,     0.0,     0.0,     0.0,     0.0,     0.0,Megawatt Hours (MWh),064CTQ,NODX,064 ,N16,FutOnly
NYISO.CENTRL_month_off_dap - NODAL EXCHANGE,260721,2026-07-21,064CTR,NODX,01,064 ,   35578,   14599,   34458,    8564,     495,      60,     150,       0,       0,   10660,       0,       0,   34033,   35013,    1545,     565,   35578,   14599,   34458,    8564,     495,      60,     150,       0,       0,   10660,       0,       0,   34033,   35013,    1545,     565,       0,       0,       0,       0,       0,       0,       0,       0,       0,       0,       0,       0,       0,       0,       0,       0,       0,      25,       0,    -145,       0,       0,       0,       0,       0,     120,       0,       0,       0,       0,       0,       0,  100.0,   41.0,   96.9,   24.1,    1.4,    0.2,    0.4,    0.0,    0.0,   30.0,    0.0,    0.0,   95.7,   98.4,    4.3,    1.6,  100.0,   41.0,   96.9,   24.1,    1.4,    0.2,    0.4,    0.0,    0.0,   30.0,    0.0,    0.0,   95.7,   98.4,    4.3,    1.6,  100.0,    0.0,    0.0,    0.0,    0.0,    0.0,    0.0,    0.0,    0.0,    0.0,    0.0,    0.0,    0.0,    0.0,    0.0,    0.0,     22,     12,      4,      5,.,.,.,      0,      0,.,      0,      0,     20,      5,     22,     12,      4,      5,.,.,.,      0,      0,.,      0,      0,     20,      5,      0,      0,      0,      0,      0,      0,      0,      0,      0,      0,      0,      0,      0,      0,    72.0,    98.0,    85.6,    98.4,    72.0,    96.8,    85.6,    96.8,    72.0,    98.0,    85.6,    98.4,    72.0,    96.8,    85.6,    96.8,     0.0,     0.0,     0.0,     0.0,     0.0,     0.0,     0.0,     0.0,Megawatt Hours (MWh),064CTR,NODX,064 ,N16,FutOnly
NYISO.HUD VL_month_on_dap - NODAL EXCHANGE,260721,2026-07-21,064CXO,NODX,01,064 ,   40166,   30329,   11839,    1985,   12193,    1210,     210,    1320,     360,     450,    7586,     360,   34904,   34868,    5262,    5298,   40166,   30329,   11839,    1985,   12193,    1210,     210,    1320,     360,     450,    7586,     360,   34904,   34868,    5262,    5298,       0,       0,       0,       0,       0,       0,       0,       0,       0,       0,       0,       0,       0,       0,       0,       0,     785,     -35,     155,     660,     175,     120,       0,       0,       0,       0,     295,       0,     745,     745,      40,      40,  100.0,   75.5,   29.5,    4.9,   30.4,    3.0,    0.5,    3.3,    0.9,    1.1,   18.9,    0.9,   86.9,   86.8,   13.1,   13.2,  100.0,   75.5,   29.5,    4.9,   30.4,    3.0,    0.5,    3.3,    0.9,    1.1,   18.9,    0.9,   86.9,   86.8,   13.1,   13.2,  100.0,    0.0,    0.0,    0.0,    0.0,    0.0,    0.0,    0.0,    0.0,    0.0,    0.0,    0.0,    0.0,    0.0,    0.0,    0.0,     34,     19,     14,.,      4,      6,.,.,.,.,.,.,     30,     26,     34,     19,     14,.,      4,      6,.,.,.,.,.,.,     30,     26,      0,      0,      0,      0,      0,      0,      0,      0,      0,      0,      0,      0,      0,      0,    40.1,    49.1,    60.4,    66.9,    37.5,    46.6,    54.6,    59.2,    40.1,    49.1,    60.4,    66.9,    37.5,    46.6,    54.6,    59.2,     0.0,     0.0,     0.0,     0.0,     0.0,     0.0,     0.0,     0.0,Megawatt Hours (MWh),064CXO,NODX,064 ,N16,FutOnly
NYISO.HUD VL_month_off_dap - NODAL EXCHANGE,260721,2026-07-21,064CXP,NODX,01,064 ,   39452,   30563,   12002,    1615,   12183,    1027,     840,    1035,       0,     300,    7962,     444,   34789,   34653,    4663,    4799,   39452,   30563,   12002,    1615,   12183,    1027,     840,    1035,       0,     300,    7962,     444,   34789,   34653,    4663,    4799,       0,       0,       0,       0,       0,       0,       0,       0,       0,       0,       0,       0,       0,       0,       0,       0,     711,       5,     145,     610,     175,     115,       0,       0,       0,       0,     295,       0,     730,     730,     -19,     -19,  100.0,   77.5,   30.4,    4.1,   30.9,    2.6,    2.1,    2.6,    0.0,    0.8,   20.2,    1.1,   88.2,   87.8,   11.8,   12.2,  100.0,   77.5,   30.4,    4.1,   30.9,    2.6,    2.1,    2.6,    0.0,    0.8,   20.2,    1.1,   88.2,   87.8,   11.8,   12.2,  100.0,    0.0,    0.0,    0.0,    0.0,    0.0,    0.0,    0.0,    0.0,    0.0,    0.0,    0.0,    0.0,    0.0,    0.0,    0.0,     33,     18,     14,.,      4,      5,.,.,      0,.,.,.,     28,     24,     33,     18,     14,.,      4,      5,.,.,      0,.,.,.,     28,     24,      0,      0,      0,      0,      0,      0,      0,      0,      0,      0,      0,      0,      0,      0,    42.1,    50.6,    62.1,    70.7,    38.9,    48.1,    56.6,    63.3,    42.1,    50.6,    62.1,    70.7,    38.9,    48.1,    56.6,    63.3,     0.0,     0.0,     0.0,     0.0,     0.0,     0.0,     0.0,     0.0,Megawatt Hours (MWh),064CXP,NODX,064 ,N16,FutOnly
NYISO.N.Y.C._month_on_dap - NODAL EXCHANGE,260721,2026-07-21,064CZS,NODX,01,064 ,   29603,   16707,   23758,    5485,     100,    1485,       0,     300,       0,    1901,     450,       0,   25578,   26093,    4025,    3510,   29603,   16707,   23758,    5485,     100,    1485,       0,     300,       0,    1901,     450,       0,   25578,   26093,    4025,    3510,       0,       0,       0,       0,       0,       0,       0,       0,       0,       0,       0,       0,       0,       0,       0,       0,    1390,     640,    2420,     400,   -1080,     170,       0,       0,       0,     420,       0,    -240,    1390,    1270,       0,     120,  100.0,   56.4,   80.3,   18.5,    0.3,    5.0,    0.0,    1.0,    0.0,    6.4,    1.5,    0.0,   86.4,   88.1,   13.6,   11.9,  100.0,   56.4,   80.3,   18.5,    0.3,    5.0,    0.0,    1.0,    0.0,    6.4,    1.5,    0.0,   86.4,   88.1,   13.6,   11.9,  100.0,    0.0,    0.0,    0.0,    0.0,    0.0,    0.0,    0.0,    0.0,    0.0,    0.0,    0.0,    0.0,    0.0,    0.0,    0.0,     27,     11,     13,.,.,      4,      0,.,      0,.,.,      0,     18,     19,     27,     11,     13,.,.,      4,      0,.,      0,.,.,      0,     18,     19,      0,      0,      0,      0,      0,      0,      0,      0,      0,      0,      0,      0,      0,      0,    55.8,    54.4,    72.7,    79.1,    55.8,    53.8,    71.1,    77.6,    55.8,    54.4,    72.7,    79.1,    55.8,    53.8,    71.1,    77.6,     0.0,     0.0,     0.0,     0.0,     0.0,     0.0,     0.0,     0.0,Megawatt Hours (MWh),064CZS,NODX,064 ,N16,FutOnly
NYISO.N.Y.C._month_off_dap - NODAL EXCHANGE,260721,2026-07-21,064CZT,NODX,01,064 ,   28823,   15674,   23418,    5890,       0,    1445,       0,     300,       0,    1781,     300,       0,   24790,   25463,    4033,    3360,   28823,   15674,   23418,    5890,       0,    1445,       0,     300,       0,    1781,     300,       0,   24790,   25463,    4033,    3360,       0,       0,       0,       0,       0,       0,       0,       0,       0,       0,       0,       0,       0,       0,       0,       0,    1625,     580,    2360,     535,    -945,     150,       0,       0,       0,     420,       0,     -60,    1625,    1505,       0,     120,  100.0,   54.4,   81.2,   20.4,    0.0,    5.0,    0.0,    1.0,    0.0,    6.2,    1.0,    0.0,   86.0,   88.3,   14.0,   11.7,  100.0,   54.4,   81.2,   20.4,    0.0,    5.0,    0.0,    1.0,    0.0,    6.2,    1.0,    0.0,   86.0,   88.3,   14.0,   11.7,  100.0,    0.0,    0.0,    0.0,    0.0,    0.0,    0.0,    0.0,    0.0,    0.0,    0.0,    0.0,    0.0,    0.0,    0.0,    0.0,     26,     10,     12,      5,      0,.,      0,.,      0,.,.,      0,     17,     17,     26,     10,     12,      5,      0,.,      0,.,      0,.,.,      0,     17,     17,      0,      0,      0,      0,      0,      0,      0,      0,      0,      0,      0,      0,      0,      0,    55.3,    54.0,    72.7,    79.9,    55.3,    53.3,    71.5,    78.6,    55.3,    54.0,    72.7,    79.9,    55.3,    53.3,    71.5,    78.6,     0.0,     0.0,     0.0,     0.0,     0.0,     0.0,     0.0,     0.0,Megawatt Hours (MWh),064CZT,NODX,064 ,N16,FutOnly
NYISO.WEST_month_on_dap - NODAL EXCHANGE,260721,2026-07-21,064DEU,NODX,01,064 ,   34550,   28302,   20216,    2322,    6649,    1408,       0,       0,       0,     150,    3886,     524,   32706,   32683,    1844,    1867,   34550,   28302,   20216,    2322,    6649,    1408,       0,       0,       0,     150,    3886,     524,   32706,   32683,    1844,    1867,       0,       0,       0,       0,       0,       0,       0,       0,       0,       0,       0,       0,       0,       0,       0,       0,     -15,     -15,      10,       0,     -25,       0,       0,       0,       0,       0,       0,       0,     -15,     -15,       0,       0,  100.0,   81.9,   58.5,    6.7,   19.2,    4.1,    0.0,    0.0,    0.0,    0.4,   11.2,    1.5,   94.7,   94.6,    5.3,    5.4,  100.0,   81.9,   58.5,    6.7,   19.2,    4.1,    0.0,    0.0,    0.0,    0.4,   11.2,    1.5,   94.7,   94.6,    5.3,    5.4,  100.0,    0.0,    0.0,    0.0,    0.0,    0.0,    0.0,    0.0,    0.0,    0.0,    0.0,    0.0,    0.0,    0.0,    0.0,    0.0,     28,     12,     15,      4,.,      4,      0,      0,      0,.,.,.,     19,     21,     28,     12,     15,      4,.,      4,      0,      0,      0,.,.,.,     19,     21,      0,      0,      0,      0,      0,      0,      0,      0,      0,      0,      0,      0,      0,      0,    70.1,    51.4,    82.9,    77.1,    56.6,    49.5,    66.2,    68.4,    70.1,    51.4,    82.9,    77.1,    56.6,    49.5,    66.2,    68.4,     0.0,     0.0,     0.0,     0.0,     0.0,     0.0,     0.0,     0.0,Megawatt Hours (MWh),064DEU,NODX,064 ,N16,FutOnly
NYISO.WEST_month_off_dap - NODAL EXCHANGE,260721,2026-07-21,064DEV,NODX,01,064 ,   34536,   27510,   20744,    3879,    7224,     271,       0,     335,       0,     150,    3062,     678,   32488,   32314,    2048,    2222,   34536,   27510,   20744,    3879,    7224,     271,       0,     335,       0,     150,    3062,     678,   32488,   32314,    2048,    2222,       0,       0,       0,       0,       0,       0,       0,       0,       0,       0,       0,       0,       0,       0,       0,       0,      60,     -15,      85,      75,     -25,       0,       0,       0,       0,       0,       0,       0,      60,      60,       0,       0,  100.0,   79.7,   60.1,   11.2,   20.9,    0.8,    0.0,    1.0,    0.0,    0.4,    8.9,    2.0,   94.1,   93.6,    5.9,    6.4,  100.0,   79.7,   60.1,   11.2,   20.9,    0.8,    0.0,    1.0,    0.0,    0.4,    8.9,    2.0,   94.1,   93.6,    5.9,    6.4,  100.0,    0.0,    0.0,    0.0,    0.0,    0.0,    0.0,    0.0,    0.0,    0.0,    0.0,    0.0,    0.0,    0.0,    0.0,    0.0,     25,      9,     14,.,.,.,      0,.,      0,.,.,.,     14,     21,     25,      9,     14,.,.,.,      0,.,      0,.,.,.,     14,     21,      0,      0,      0,      0,      0,      0,      0,      0,      0,      0,      0,      0,      0,      0,    75.0,    55.2,    90.0,    78.0,    63.6,    53.2,    76.4,    69.6,    75.0,    55.2,    90.0,    78.0,    63.6,    53.2,    76.4,    69.6,     0.0,     0.0,     0.0,     0.0,     0.0,     0.0,     0.0,     0.0,Megawatt Hours (MWh),064DEV,NODX,064 ,N16,FutOnly
PJM.AEP_month_on_dap - NODAL EXCHANGE,260721,2026-07-21,064DLQ,NODX,01,064 ,   31155,   19615,   23481,    7483,     460,     370,    1655,       0,       0,     501,    5549,     380,   30004,   30240,    1151,     915,   31155,   19615,   23481,    7483,     460,     370,    1655,       0,       0,     501,    5549,     380,   30004,   30240,    1151,     915,       0,       0,       0,       0,       0,       0,       0,       0,       0,       0,       0,       0,       0,       0,       0,       0,       0,       0,       0,       0,       0,       0,       0,       0,       0,       0,       0,       0,       0,       0,       0,       0,  100.0,   63.0,   75.4,   24.0,    1.5,    1.2,    5.3,    0.0,    0.0,    1.6,   17.8,    1.2,   96.3,   97.1,    3.7,    2.9,  100.0,   63.0,   75.4,   24.0,    1.5,    1.2,    5.3,    0.0,    0.0,    1.6,   17.8,    1.2,   96.3,   97.1,    3.7,    2.9,  100.0,    0.0,    0.0,    0.0,    0.0,    0.0,    0.0,    0.0,    0.0,    0.0,    0.0,    0.0,    0.0,    0.0,    0.0,    0.0,     22,     11,.,      4,.,.,.,      0,      0,.,.,.,     19,      6,     22,     11,.,      4,.,.,.,      0,      0,.,.,.,     19,      6,      0,      0,      0,      0,      0,      0,      0,      0,      0,      0,      0,      0,      0,      0,    64.3,    94.2,    80.3,    97.1,    64.3,    92.9,    80.3,    94.6,    64.3,    94.2,    80.3,    97.1,    64.3,    92.9,    80.3,    94.6,     0.0,     0.0,     0.0,     0.0,     0.0,     0.0,     0.0,     0.0,Megawatt Hours (MWh),064DLQ,NODX,064 ,N16,FutOnly
PJM.AEP_month_off_dap - NODAL EXCHANGE,260721,2026-07-21,064DLR,NODX,01,064 ,   31120,   19640,   23446,    7453,     460,     370,    1655,       0,       0,     501,    5549,     380,   29999,   30205,    1121,     915,   31120,   19640,   23446,    7453,     460,     370,    1655,       0,       0,     501,    5549,     380,   29999,   30205,    1121,     915,       0,       0,       0,       0,       0,       0,       0,       0,       0,       0,       0,       0,       0,       0,       0,       0,       0,       0,       0,       0,       0,       0,       0,       0,       0,       0,       0,       0,       0,       0,       0,       0,  100.0,   63.1,   75.3,   23.9,    1.5,    1.2,    5.3,    0.0,    0.0,    1.6,   17.8,    1.2,   96.4,   97.1,    3.6,    2.9,  100.0,   63.1,   75.3,   23.9,    1.5,    1.2,    5.3,    0.0,    0.0,    1.6,   17.8,    1.2,   96.4,   97.1,    3.6,    2.9,  100.0,    0.0,    0.0,    0.0,    0.0,    0.0,    0.0,    0.0,    0.0,    0.0,    0.0,    0.0,    0.0,    0.0,    0.0,    0.0,     22,     11,.,      4,.,.,.,      0,      0,.,.,.,     19,      6,     22,     11,.,      4,.,.,.,      0,      0,.,.,.,     19,      6,      0,      0,      0,      0,      0,      0,      0,      0,      0,      0,      0,      0,      0,      0,    64.4,    94.2,    80.3,    97.1,    64.4,    92.9,    80.3,    94.5,    64.4,    94.2,    80.3,    97.1,    64.4,    92.9,    80.3,    94.5,     0.0,     0.0,     0.0,     0.0,     0.0,     0.0,     0.0,     0.0,Megawatt Hours (MWh),064DLR,NODX,064 ,N16,FutOnly
PJM.AEP-DAYTON HUB_mo_on_dap - NODAL EXCHANGE,260721,2026-07-21,064DLW,NODX,01,064 ,  107430,   46805,   44633,    6337,   26257,    1728,    3276,    5877,     320,   23672,    2903,     890,   83028,   82608,   24402,   24822,  107430,   46805,   44633,    6337,   26257,    1728,    3276,    5877,     320,   23672,    2903,     890,   83028,   82608,   24402,   24822,       0,       0,       0,       0,       0,       0,       0,       0,       0,       0,       0,       0,       0,       0,       0,       0,    -471,    -456,   -1785,    -480,     472,       0,    -125,     -13,     100,    -265,       0,       0,   -1226,   -1226,     755,     755,  100.0,   43.6,   41.5,    5.9,   24.4,    1.6,    3.0,    5.5,    0.3,   22.0,    2.7,    0.8,   77.3,   76.9,   22.7,   23.1,  100.0,   43.6,   41.5,    5.9,   24.4,    1.6,    3.0,    5.5,    0.3,   22.0,    2.7,    0.8,   77.3,   76.9,   22.7,   23.1,  100.0,    0.0,    0.0,    0.0,    0.0,    0.0,    0.0,    0.0,    0.0,    0.0,    0.0,    0.0,    0.0,    0.0,    0.0,    0.0,     44,     17,     22,.,      5,      5,.,.,.,      6,.,.,     32,     36,     44,     17,     22,.,      5,      5,.,.,.,      6,.,.,     32,     36,      0,      0,      0,      0,      0,      0,      0,      0,      0,      0,      0,      0,      0,      0,    47.2,    36.5,    63.8,    55.0,    45.0,    33.5,    56.2,    48.0,    47.2,    36.5,    63.8,    55.0,    45.0,    33.5,    56.2,    48.0,     0.0,     0.0,     0.0,     0.0,     0.0,     0.0,     0.0,     0.0,Megawatt Hours (MWh),064DLW,NODX,064 ,N16,FutOnly
PJM.AEP-DAYTON HUB_mo_off_dap - NODAL EXCHANGE,260721,2026-07-21,064DLX,NODX,01,064 ,  103433,   43137,   48197,    6223,   22408,    1847,    3166,    3060,     565,   24472,    2883,     890,   80300,   79850,   23133,   23583,  103433,   43137,   48197,    6223,   22408,    1847,    3166,    3060,     565,   24472,    2883,     890,   80300,   79850,   23133,   23583,       0,       0,       0,       0,       0,       0,       0,       0,       0,       0,       0,       0,       0,       0,       0,       0,    -558,    -493,   -1180,    -382,     150,    -118,    -125,     -25,     125,     -55,       0,       0,   -1048,   -1048,     490,     490,  100.0,   41.7,   46.6,    6.0,   21.7,    1.8,    3.1,    3.0,    0.5,   23.7,    2.8,    0.9,   77.6,   77.2,   22.4,   22.8,  100.0,   41.7,   46.6,    6.0,   21.7,    1.8,    3.1,    3.0,    0.5,   23.7,    2.8,    0.9,   77.6,   77.2,   22.4,   22.8,  100.0,    0.0,    0.0,    0.0,    0.0,    0.0,    0.0,    0.0,    0.0,    0.0,    0.0,    0.0,    0.0,    0.0,    0.0,    0.0,     41,     15,     21,.,      5,      5,.,.,.,      6,.,.,     30,     34,     41,     15,     21,.,      5,      5,.,.,.,      6,.,.,     30,     34,      0,      0,      0,      0,      0,      0,      0,      0,      0,      0,      0,      0,      0,      0,    47.0,    36.9,    64.8,    54.1,    41.7,    34.5,    52.7,    47.1,    47.0,    36.9,    64.8,    54.1,    41.7,    34.5,    52.7,    47.1,     0.0,     0.0,     0.0,     0.0,     0.0,     0.0,     0.0,     0.0,Megawatt Hours (MWh),064DLX,NODX,064 ,N16,FutOnly
PJM.APS_month_on_dap - NODAL EXCHANGE,260721,2026-07-21,064DMY,NODX,01,064 ,   13611,    7441,   11650,    1115,     901,      90,    2145,       0,       0,    1050,     235,       0,   11841,   12876,    1770,     735,   13611,    7441,   11650,    1115,     901,      90,    2145,       0,       0,    1050,     235,       0,   11841,   12876,    1770,     735,       0,       0,       0,       0,       0,       0,       0,       0,       0,       0,       0,       0,       0,       0,       0,       0,       0,       0,       0,       0,       0,       0,       0,       0,       0,       0,       0,       0,       0,       0,       0,       0,  100.0,   54.7,   85.6,    8.2,    6.6,    0.7,   15.8,    0.0,    0.0,    7.7,    1.7,    0.0,   87.0,   94.6,   13.0,    5.4,  100.0,   54.7,   85.6,    8.2,    6.6,    0.7,   15.8,    0.0,    0.0,    7.7,    1.7,    0.0,   87.0,   94.6,   13.0,    5.4,  100.0,    0.0,    0.0,    0.0,    0.0,    0.0,    0.0,    0.0,    0.0,    0.0,    0.0,    0.0,    0.0,    0.0,    0.0,    0.0,     20,     11,      6,.,.,.,.,      0,      0,.,.,      0,     16,      8,     20,     11,      6,.,.,.,.,      0,      0,.,.,      0,     16,      8,      0,      0,      0,      0,      0,      0,      0,      0,      0,      0,      0,      0,      0,      0,    41.0,    86.0,    69.1,    94.6,    41.0,    85.4,    67.0,    89.0,    41.0,    86.0,    69.1,    94.6,    41.0,    85.4,    67.0,    89.0,     0.0,     0.0,     0.0,     0.0,     0.0,     0.0,     0.0,     0.0,Megawatt Hours (MWh),064DMY,NODX,064 ,N16,FutOnly
PJM.APS_month_off_dap - NODAL EXCHANGE,260721,2026-07-21,064DMZ,NODX,01,064 ,   12867,    6969,   10906,    1115,     901,      90,    2145,       0,       0,     778,     235,       0,   11097,   12132,    1770,     735,   12867,    6969,   10906,    1115,     901,      90,    2145,       0,       0,     778,     235,       0,   11097,   12132,    1770,     735,       0,       0,       0,       0,       0,       0,       0,       0,       0,       0,       0,       0,       0,       0,       0,       0,       0,       0,       0,       0,       0,       0,       0,       0,       0,       0,       0,       0,       0,       0,       0,       0,  100.0,   54.2,   84.8,    8.7,    7.0,    0.7,   16.7,    0.0,    0.0,    6.0,    1.8,    0.0,   86.2,   94.3,   13.8,    5.7,  100.0,   54.2,   84.8,    8.7,    7.0,    0.7,   16.7,    0.0,    0.0,    6.0,    1.8,    0.0,   86.2,   94.3,   13.8,    5.7,  100.0,    0.0,    0.0,    0.0,    0.0,    0.0,    0.0,    0.0,    0.0,    0.0,    0.0,    0.0,    0.0,    0.0,    0.0,    0.0,     20,     11,      6,.,.,.,.,      0,      0,.,.,      0,     16,      8,     20,     11,      6,.,.,.,.,      0,      0,.,.,      0,     16,      8,      0,      0,      0,      0,      0,      0,      0,      0,      0,      0,      0,      0,      0,      0,    42.2,    86.0,    67.6,    94.3,    42.2,    85.3,    67.6,    89.1,    42.2,    86.0,    67.6,    94.3,    42.2,    85.3,    67.6,    89.1,     0.0,     0.0,     0.0,     0.0,     0.0,     0.0,     0.0,     0.0,Megawatt Hours (MWh),064DMZ,NODX,064 ,N16,FutOnly
PJM.BGE_month_on_dap - NODAL EXCHANGE,260721,2026-07-21,064DPQ,NODX,01,064 ,   27355,   18245,   22495,    2960,     840,     280,    2590,       0,       0,    1625,    1910,     485,   26185,   26010,    1170,    1345,   27355,   18245,   22495,    2960,     840,     280,    2590,       0,       0,    1625,    1910,     485,   26185,   26010,    1170,    1345,       0,       0,       0,       0,       0,       0,       0,       0,       0,       0,       0,       0,       0,       0,       0,       0,     250,     255,     250,       0,       0,       0,       0,       0,       0,     -15,       0,       0,     240,     250,      10,       0,  100.0,   66.7,   82.2,   10.8,    3.1,    1.0,    9.5,    0.0,    0.0,    5.9,    7.0,    1.8,   95.7,   95.1,    4.3,    4.9,  100.0,   66.7,   82.2,   10.8,    3.1,    1.0,    9.5,    0.0,    0.0,    5.9,    7.0,    1.8,   95.7,   95.1,    4.3,    4.9,  100.0,    0.0,    0.0,    0.0,    0.0,    0.0,    0.0,    0.0,    0.0,    0.0,    0.0,    0.0,    0.0,    0.0,    0.0,    0.0,     29,     15,      5,.,.,.,.,      0,      0,.,.,.,     25,     13,     29,     15,      5,.,.,.,.,      0,      0,.,.,.,     25,     13,      0,      0,      0,      0,      0,      0,      0,      0,      0,      0,      0,      0,      0,      0,    54.1,    89.1,    74.4,    93.7,    53.4,    87.7,    73.3,    90.4,    54.1,    89.1,    74.4,    93.7,    53.4,    87.7,    73.3,    90.4,     0.0,     0.0,     0.0,     0.0,     0.0,     0.0,     0.0,     0.0,Megawatt Hours (MWh),064DPQ,NODX,064 ,N16,FutOnly
PJM.BGE_month_off_dap - NODAL EXCHANGE,260721,2026-07-21,064DPR,NODX,01,064 ,   27250,   18005,   22235,    2735,     640,     320,    2590,       0,       0,    1625,    1935,     485,   25760,   25615,    1490,    1635,   27250,   18005,   22235,    2735,     640,     320,    2590,       0,       0,    1625,    1935,     485,   25760,   25615,    1490,    1635,       0,       0,       0,       0,       0,       0,       0,       0,       0,       0,       0,       0,       0,       0,       0,       0,     250,     255,     250,       0,       0,       0,       0,       0,       0,     -15,       0,       0,     240,     250,      10,       0,  100.0,   66.1,   81.6,   10.0,    2.3,    1.2,    9.5,    0.0,    0.0,    6.0,    7.1,    1.8,   94.5,   94.0,    5.5,    6.0,  100.0,   66.1,   81.6,   10.0,    2.3,    1.2,    9.5,    0.0,    0.0,    6.0,    7.1,    1.8,   94.5,   94.0,    5.5,    6.0,  100.0,    0.0,    0.0,    0.0,    0.0,    0.0,    0.0,    0.0,    0.0,    0.0,    0.0,    0.0,    0.0,    0.0,    0.0,    0.0,     29,     15,      5,      4,.,.,.,      0,      0,.,.,.,     25,     13,     29,     15,      5,      4,.,.,.,      0,      0,.,.,.,     25,     13,      0,      0,      0,      0,      0,      0,      0,      0,      0,      0,      0,      0,      0,      0,    53.4,    88.6,    72.7,    92.6,    52.7,    87.2,    71.6,    89.2,    53.4,    88.6,    72.7,    92.6,    52.7,    87.2,    71.6,    89.2,     0.0,     0.0,     0.0,     0.0,     0.0,     0.0,     0.0,     0.0,Megawatt Hours (MWh),064DPR,NODX,064 ,N16,FutOnly
PJM.DOM_month_off_dap - NODAL EXCHANGE,260721,2026-07-21,064DZT,NODX,01,064 ,   12179,    8000,    5430,    1860,    3171,     294,     750,     750,       0,     800,    1900,       0,   11704,   11545,     475,     634,   12179,    8000,    5430,    1860,    3171,     294,     750,     750,       0,     800,    1900,       0,   11704,   11545,     475,     634,       0,       0,       0,       0,       0,       0,       0,       0,       0,       0,       0,       0,       0,       0,       0,       0,       0,       0,      55,       0,       0,       0,       0,       0,       0,       0,     -55,       0,       0,       0,       0,       0,  100.0,   65.7,   44.6,   15.3,   26.0,    2.4,    6.2,    6.2,    0.0,    6.6,   15.6,    0.0,   96.1,   94.8,    3.9,    5.2,  100.0,   65.7,   44.6,   15.3,   26.0,    2.4,    6.2,    6.2,    0.0,    6.6,   15.6,    0.0,   96.1,   94.8,    3.9,    5.2,  100.0,    0.0,    0.0,    0.0,    0.0,    0.0,    0.0,    0.0,    0.0,    0.0,    0.0,    0.0,    0.0,    0.0,    0.0,    0.0,     21,     10,      4,.,      4,.,.,.,      0,.,.,      0,     16,     10,     21,     10,      4,.,      4,.,.,.,      0,.,.,      0,     16,     10,      0,      0,      0,      0,      0,      0,      0,      0,      0,      0,      0,      0,      0,      0,    59.4,    74.5,    83.0,    93.5,    59.4,    70.3,    83.0,    86.7,    59.4,    74.5,    83.0,    93.5,    59.4,    70.3,    83.0,    86.7,     0.0,     0.0,     0.0,     0.0,     0.0,     0.0,     0.0,     0.0,Megawatt Hours (MWh),064DZT,NODX,064 ,N16,FutOnly
ERCOT North 345KV Hub RT 10x17 - ICE FUTURES ENERGY DIV,260721,2026-07-21,064ED7,IFED,01,064 ,    7275,    5828,    3388,     510,     455,     210,       0,       0,       0,     465,    2570,       0,    7013,    6623,     262,     652,    7275,    5828,    3388,     510,     455,     210,       0,       0,       0,     465,    2570,       0,    7013,    6623,     262,     652,       0,       0,       0,       0,       0,       0,       0,       0,       0,       0,       0,       0,       0,       0,       0,       0,       0,      -5,       0,       0,       0,       0,       0,       0,       0,       5,       0,       0,       0,       0,       0,       0,  100.0,   80.1,   46.6,    7.0,    6.3,    2.9,    0.0,    0.0,    0.0,    6.4,   35.3,    0.0,   96.4,   91.0,    3.6,    9.0,  100.0,   80.1,   46.6,    7.0,    6.3,    2.9,    0.0,    0.0,    0.0,    6.4,   35.3,    0.0,   96.4,   91.0,    3.6,    9.0,  100.0,    0.0,    0.0,    0.0,    0.0,    0.0,    0.0,    0.0,    0.0,    0.0,    0.0,    0.0,    0.0,    0.0,    0.0,    0.0,     20,     10,      5,.,.,.,      0,      0,      0,.,.,      0,     14,     10,     20,     10,      5,.,.,.,      0,      0,      0,.,.,      0,     14,     10,      0,      0,      0,      0,      0,      0,      0,      0,      0,      0,      0,      0,      0,      0,    70.2,    79.0,    89.6,    90.1,    67.3,    78.2,    86.5,    86.8,    70.2,    79.0,    89.6,    90.1,    67.3,    78.2,    86.5,    86.8,     0.0,     0.0,     0.0,     0.0,     0.0,     0.0,     0.0,     0.0,(1MW for about 352 Hours),064ED7,IFED,064 ,N16,FutOnly
PJM.JCPL_month_on_dap - NODAL EXCHANGE,260721,2026-07-21,064EJI,NODX,01,064 ,   51537,   35012,   38040,    2645,    2562,     930,    3270,    5090,       0,    4045,     220,     930,   46832,   47772,    4705,    3765,   51537,   35012,   38040,    2645,    2562,     930,    3270,    5090,       0,    4045,     220,     930,   46832,   47772,    4705,    3765,       0,       0,       0,       0,       0,       0,       0,       0,       0,       0,       0,       0,       0,       0,       0,       0,       0,       0,       0,       0,       0,       0,       0,       0,       0,       0,       0,       0,       0,       0,       0,       0,  100.0,   67.9,   73.8,    5.1,    5.0,    1.8,    6.3,    9.9,    0.0,    7.8,    0.4,    1.8,   90.9,   92.7,    9.1,    7.3,  100.0,   67.9,   73.8,    5.1,    5.0,    1.8,    6.3,    9.9,    0.0,    7.8,    0.4,    1.8,   90.9,   92.7,    9.1,    7.3,  100.0,    0.0,    0.0,    0.0,    0.0,    0.0,    0.0,    0.0,    0.0,    0.0,    0.0,    0.0,    0.0,    0.0,    0.0,    0.0,     29,     14,      8,.,.,      4,.,.,      0,.,.,.,     23,     16,     29,     14,      8,.,.,      4,.,.,      0,.,.,.,     23,     16,      0,      0,      0,      0,      0,      0,      0,      0,      0,      0,      0,      0,      0,      0,    52.9,    78.3,    69.8,    88.4,    48.9,    78.3,    65.8,    83.9,    52.9,    78.3,    69.8,    88.4,    48.9,    78.3,    65.8,    83.9,     0.0,     0.0,     0.0,     0.0,     0.0,     0.0,     0.0,     0.0,Megawatt Hours (MWh),064EJI,NODX,064 ,N16,FutOnly
PJM.JCPL_month_off_dap - NODAL EXCHANGE,260721,2026-07-21,064EJJ,NODX,01,064 ,   48902,   32282,   35935,    1755,    2537,    1315,    3270,    4490,       0,    4255,       0,     455,   43332,   44732,    5570,    4170,   48902,   32282,   35935,    1755,    2537,    1315,    3270,    4490,       0,    4255,       0,     455,   43332,   44732,    5570,    4170,       0,       0,       0,       0,       0,       0,       0,       0,       0,       0,       0,       0,       0,       0,       0,       0,       0,       0,       0,       0,       0,       0,       0,       0,       0,       0,       0,       0,       0,       0,       0,       0,  100.0,   66.0,   73.5,    3.6,    5.2,    2.7,    6.7,    9.2,    0.0,    8.7,    0.0,    0.9,   88.6,   91.5,   11.4,    8.5,  100.0,   66.0,   73.5,    3.6,    5.2,    2.7,    6.7,    9.2,    0.0,    8.7,    0.0,    0.9,   88.6,   91.5,   11.4,    8.5,  100.0,    0.0,    0.0,    0.0,    0.0,    0.0,    0.0,    0.0,    0.0,    0.0,    0.0,    0.0,    0.0,    0.0,    0.0,    0.0,     28,     13,      8,.,.,      5,.,.,      0,.,      0,.,     23,     16,     28,     13,      8,.,.,      5,.,.,      0,.,      0,.,     23,     16,      0,      0,      0,      0,      0,      0,      0,      0,      0,      0,      0,      0,      0,      0,    51.1,    78.7,    69.0,    87.2,    48.3,    78.7,    66.2,    84.5,    51.1,    78.7,    69.0,    87.2,    48.3,    78.7,    66.2,    84.5,     0.0,     0.0,     0.0,     0.0,     0.0,     0.0,     0.0,     0.0,Megawatt Hours (MWh),064EJJ,NODX,064 ,N16,FutOnly
PJM.METED_month_on_dap - NODAL EXCHANGE,260721,2026-07-21,064EOW,NODX,01,064 ,   13818,   10995,    9640,     175,    2283,     425,     275,     330,      70,       0,     205,     120,   12060,   13073,    1758,     745,   13818,   10995,    9640,     175,    2283,     425,     275,     330,      70,       0,     205,     120,   12060,   13073,    1758,     745,       0,       0,       0,       0,       0,       0,       0,       0,       0,       0,       0,       0,       0,       0,       0,       0,       0,       0,       0,       0,       0,       0,       0,       0,       0,       0,       0,       0,       0,       0,       0,       0,  100.0,   79.6,   69.8,    1.3,   16.5,    3.1,    2.0,    2.4,    0.5,    0.0,    1.5,    0.9,   87.3,   94.6,   12.7,    5.4,  100.0,   79.6,   69.8,    1.3,   16.5,    3.1,    2.0,    2.4,    0.5,    0.0,    1.5,    0.9,   87.3,   94.6,   12.7,    5.4,  100.0,    0.0,    0.0,    0.0,    0.0,    0.0,    0.0,    0.0,    0.0,    0.0,    0.0,    0.0,    0.0,    0.0,    0.0,    0.0,     21,     10,      4,.,.,      4,.,.,.,      0,.,.,     17,     11,     21,     10,      4,.,.,      4,.,.,.,      0,.,.,     17,     11,      0,      0,      0,      0,      0,      0,      0,      0,      0,      0,      0,      0,      0,      0,    56.8,    77.5,    76.2,    91.2,    56.8,    77.2,    75.3,    86.3,    56.8,    77.5,    76.2,    91.2,    56.8,    77.2,    75.3,    86.3,     0.0,     0.0,     0.0,     0.0,     0.0,     0.0,     0.0,     0.0,Megawatt Hours (MWh),064EOW,NODX,064 ,N16,FutOnly
PJM.METED_month_off_dap - NODAL EXCHANGE,260721,2026-07-21,064EOX,NODX,01,064 ,   14008,   11280,    9820,     175,    2283,     440,     275,     330,      70,       0,     205,     120,   12360,   13268,    1648,     740,   14008,   11280,    9820,     175,    2283,     440,     275,     330,      70,       0,     205,     120,   12360,   13268,    1648,     740,       0,       0,       0,       0,       0,       0,       0,       0,       0,       0,       0,       0,       0,       0,       0,       0,       0,       0,       0,       0,       0,       0,       0,       0,       0,       0,       0,       0,       0,       0,       0,       0,  100.0,   80.5,   70.1,    1.2,   16.3,    3.1,    2.0,    2.4,    0.5,    0.0,    1.5,    0.9,   88.2,   94.7,   11.8,    5.3,  100.0,   80.5,   70.1,    1.2,   16.3,    3.1,    2.0,    2.4,    0.5,    0.0,    1.5,    0.9,   88.2,   94.7,   11.8,    5.3,  100.0,    0.0,    0.0,    0.0,    0.0,    0.0,    0.0,    0.0,    0.0,    0.0,    0.0,    0.0,    0.0,    0.0,    0.0,    0.0,     22,     12,      5,.,.,      4,.,.,.,      0,.,.,     19,     12,     22,     12,      5,.,.,      4,.,.,.,      0,.,.,     19,     12,      0,      0,      0,      0,      0,      0,      0,      0,      0,      0,      0,      0,      0,      0,    54.3,    76.8,    74.7,    90.3,    53.3,    75.5,    71.6,    84.2,    54.3,    76.8,    74.7,    90.3,    53.3,    75.5,    71.6,    84.2,     0.0,     0.0,     0.0,     0.0,     0.0,     0.0,     0.0,     0.0,Megawatt Hours (MWh),064EOX,NODX,064 ,N16,FutOnly
PJM.N ILLINOIS HUB_mo_on_dap - NODAL EXCHANGE,260721,2026-07-21,064ERM,NODX,01,064 ,   87822,   59570,   74144,   14728,    2375,    2974,       0,     350,       0,    2615,       0,       0,   79887,   79843,    7935,    7979,   87822,   59570,   74144,   14728,    2375,    2974,       0,     350,       0,    2615,       0,       0,   79887,   79843,    7935,    7979,       0,       0,       0,       0,       0,       0,       0,       0,       0,       0,       0,       0,       0,       0,       0,       0,     460,     175,     460,     250,     -60,      35,       0,      50,       0,      25,       0,       0,     485,     485,     -25,     -25,  100.0,   67.8,   84.4,   16.8,    2.7,    3.4,    0.0,    0.4,    0.0,    3.0,    0.0,    0.0,   91.0,   90.9,    9.0,    9.1,  100.0,   67.8,   84.4,   16.8,    2.7,    3.4,    0.0,    0.4,    0.0,    3.0,    0.0,    0.0,   91.0,   90.9,    9.0,    9.1,  100.0,    0.0,    0.0,    0.0,    0.0,    0.0,    0.0,    0.0,    0.0,    0.0,    0.0,    0.0,    0.0,    0.0,    0.0,    0.0,     30,     14,     14,      5,.,      5,      0,.,      0,.,      0,      0,     22,     21,     30,     14,     14,      5,.,      5,      0,.,      0,.,      0,      0,     22,     21,      0,      0,      0,      0,      0,      0,      0,      0,      0,      0,      0,      0,      0,      0,    56.2,    74.5,    80.2,    82.1,    53.3,    74.2,    74.0,    80.2,    56.2,    74.5,    80.2,    82.1,    53.3,    74.2,    74.0,    80.2,     0.0,     0.0,     0.0,     0.0,     0.0,     0.0,     0.0,     0.0,Megawatt Hours (MWh),064ERM,NODX,064 ,N16,FutOnly
PJM.N ILLINOIS HUB_mo_off_dap - NODAL EXCHANGE,260721,2026-07-21,064ERN,NODX,01,064 ,   85594,   56408,   72181,   15992,    2225,    2879,       0,     350,       0,    2400,       0,       0,   77679,   77635,    7915,    7959,   85594,   56408,   72181,   15992,    2225,    2879,       0,     350,       0,    2400,       0,       0,   77679,   77635,    7915,    7959,       0,       0,       0,       0,       0,       0,       0,       0,       0,       0,       0,       0,       0,       0,       0,       0,     460,     175,     435,     250,     -60,      35,       0,      50,       0,       0,       0,       0,     460,     460,       0,       0,  100.0,   65.9,   84.3,   18.7,    2.6,    3.4,    0.0,    0.4,    0.0,    2.8,    0.0,    0.0,   90.8,   90.7,    9.2,    9.3,  100.0,   65.9,   84.3,   18.7,    2.6,    3.4,    0.0,    0.4,    0.0,    2.8,    0.0,    0.0,   90.8,   90.7,    9.2,    9.3,  100.0,    0.0,    0.0,    0.0,    0.0,    0.0,    0.0,    0.0,    0.0,    0.0,    0.0,    0.0,    0.0,    0.0,    0.0,    0.0,     28,     14,     13,      5,.,      5,      0,.,      0,.,      0,      0,     21,     20,     28,     14,     13,      5,.,      5,      0,.,      0,.,      0,      0,     21,     20,      0,      0,      0,      0,      0,      0,      0,      0,      0,      0,      0,      0,      0,      0,    57.5,    75.1,    80.2,    82.2,    54.3,    74.8,    74.4,    80.8,    57.5,    75.1,    80.2,    82.2,    54.3,    74.8,    74.4,    80.8,     0.0,     0.0,     0.0,     0.0,     0.0,     0.0,     0.0,     0.0,Megawatt Hours (MWh),064ERN,NODX,064 ,N16,FutOnly
PJM.PECO_month_on_dap - NODAL EXCHANGE,260721,2026-07-21,064EUY,NODX,01,064 ,  114039,   75562,   90139,    3803,   14663,    2120,    2095,    1125,       0,   24255,     241,     214,  108049,  108502,    5990,    5537,  114039,   75562,   90139,    3803,   14663,    2120,    2095,    1125,       0,   24255,     241,     214,  108049,  108502,    5990,    5537,       0,       0,       0,       0,       0,       0,       0,       0,       0,       0,       0,       0,       0,       0,       0,       0,   -1521,     654,    -912,       9,    -250,     105,       0,       0,       0,   -1865,     -40,       5,   -1092,   -1092,    -429,    -429,  100.0,   66.3,   79.0,    3.3,   12.9,    1.9,    1.8,    1.0,    0.0,   21.3,    0.2,    0.2,   94.7,   95.1,    5.3,    4.9,  100.0,   66.3,   79.0,    3.3,   12.9,    1.9,    1.8,    1.0,    0.0,   21.3,    0.2,    0.2,   94.7,   95.1,    5.3,    4.9,  100.0,    0.0,    0.0,    0.0,    0.0,    0.0,    0.0,    0.0,    0.0,    0.0,    0.0,    0.0,    0.0,    0.0,    0.0,    0.0,     37,     21,     12,.,.,.,.,.,      0,      4,.,.,     30,     23,     37,     21,     12,.,.,.,.,.,      0,      4,.,.,     30,     23,      0,      0,      0,      0,      0,      0,      0,      0,      0,      0,      0,      0,      0,      0,    54.3,    78.4,    74.4,    91.4,    48.1,    75.7,    63.7,    78.4,    54.3,    78.4,    74.4,    91.4,    48.1,    75.7,    63.7,    78.4,     0.0,     0.0,     0.0,     0.0,     0.0,     0.0,     0.0,     0.0,Megawatt Hours (MWh),064EUY,NODX,064 ,N16,FutOnly
PJM.PECO_month_off_dap - NODAL EXCHANGE,260721,2026-07-21,064EUZ,NODX,01,064 ,  112629,   73060,   89477,    3873,   13173,    2120,    2095,     695,     175,   24225,     251,     204,  105752,  106095,    6877,    6534,  112629,   73060,   89477,    3873,   13173,    2120,    2095,     695,     175,   24225,     251,     204,  105752,  106095,    6877,    6534,       0,       0,       0,       0,       0,       0,       0,       0,       0,       0,       0,       0,       0,       0,       0,       0,   -1341,     759,    -807,       9,    -250,     105,       0,       0,       0,   -1865,     -40,       5,    -987,    -987,    -354,    -354,  100.0,   64.9,   79.4,    3.4,   11.7,    1.9,    1.9,    0.6,    0.2,   21.5,    0.2,    0.2,   93.9,   94.2,    6.1,    5.8,  100.0,   64.9,   79.4,    3.4,   11.7,    1.9,    1.9,    0.6,    0.2,   21.5,    0.2,    0.2,   93.9,   94.2,    6.1,    5.8,  100.0,    0.0,    0.0,    0.0,    0.0,    0.0,    0.0,    0.0,    0.0,    0.0,    0.0,    0.0,    0.0,    0.0,    0.0,    0.0,     37,     21,     11,.,.,.,.,.,.,      4,.,.,     31,     22,     37,     21,     11,.,.,.,.,.,.,      4,.,.,     31,     22,      0,      0,      0,      0,      0,      0,      0,      0,      0,      0,      0,      0,      0,      0,    53.8,    78.0,    74.2,    90.7,    47.9,    75.0,    63.6,    77.5,    53.8,    78.0,    74.2,    90.7,    47.9,    75.0,    63.6,    77.5,     0.0,     0.0,     0.0,     0.0,     0.0,     0.0,     0.0,     0.0,Megawatt Hours (MWh),064EUZ,NODX,064 ,N16,FutOnly
PJM.PEPCO_month_on_dap - NODAL EXCHANGE,260721,2026-07-21,064EVG,NODX,01,064 ,   23009,   17797,    9243,     687,    1000,    1799,     790,    2070,       0,       0,    7525,       0,   21073,   21637,    1936,    1372,   23009,   17797,    9243,     687,    1000,    1799,     790,    2070,       0,       0,    7525,       0,   21073,   21637,    1936,    1372,       0,       0,       0,       0,       0,       0,       0,       0,       0,       0,       0,       0,       0,       0,       0,       0,      15,     -42,      58,      41,     -34,      94,       0,       0,       0,       0,     -25,       0,      93,      93,     -78,     -78,  100.0,   77.3,   40.2,    3.0,    4.3,    7.8,    3.4,    9.0,    0.0,    0.0,   32.7,    0.0,   91.6,   94.0,    8.4,    6.0,  100.0,   77.3,   40.2,    3.0,    4.3,    7.8,    3.4,    9.0,    0.0,    0.0,   32.7,    0.0,   91.6,   94.0,    8.4,    6.0,  100.0,    0.0,    0.0,    0.0,    0.0,    0.0,    0.0,    0.0,    0.0,    0.0,    0.0,    0.0,    0.0,    0.0,    0.0,    0.0,     28,     17,      8,.,.,      5,.,.,      0,      0,.,      0,     23,     17,     28,     17,      8,.,.,      5,.,.,      0,      0,.,      0,     23,     17,      0,      0,      0,      0,      0,      0,      0,      0,      0,      0,      0,      0,      0,      0,    48.2,    73.6,    70.0,    85.2,    47.6,    69.9,    67.0,    77.6,    48.2,    73.6,    70.0,    85.2,    47.6,    69.9,    67.0,    77.6,     0.0,     0.0,     0.0,     0.0,     0.0,     0.0,     0.0,     0.0,Megawatt Hours (MWh),064EVG,NODX,064 ,N16,FutOnly
PJM.PEPCO_month_off_dap - NODAL EXCHANGE,260721,2026-07-21,064EVH,NODX,01,064 ,   22999,   17787,    9243,     687,    1000,    1799,     790,    2070,       0,       0,    7515,       0,   21063,   21627,    1936,    1372,   22999,   17787,    9243,     687,    1000,    1799,     790,    2070,       0,       0,    7515,       0,   21063,   21627,    1936,    1372,       0,       0,       0,       0,       0,       0,       0,       0,       0,       0,       0,       0,       0,       0,       0,       0,      15,     -42,      58,      41,     -34,      94,       0,       0,       0,       0,     -25,       0,      93,      93,     -78,     -78,  100.0,   77.3,   40.2,    3.0,    4.3,    7.8,    3.4,    9.0,    0.0,    0.0,   32.7,    0.0,   91.6,   94.0,    8.4,    6.0,  100.0,   77.3,   40.2,    3.0,    4.3,    7.8,    3.4,    9.0,    0.0,    0.0,   32.7,    0.0,   91.6,   94.0,    8.4,    6.0,  100.0,    0.0,    0.0,    0.0,    0.0,    0.0,    0.0,    0.0,    0.0,    0.0,    0.0,    0.0,    0.0,    0.0,    0.0,    0.0,     28,     17,      8,.,.,      5,.,.,      0,      0,.,      0,     23,     17,     28,     17,      8,.,.,      5,.,.,      0,      0,.,      0,     23,     17,      0,      0,      0,      0,      0,      0,      0,      0,      0,      0,      0,      0,      0,      0,    48.2,    73.6,    70.0,    85.2,    47.6,    69.9,    67.1,    77.7,    48.2,    73.6,    70.0,    85.2,    47.6,    69.9,    67.1,    77.7,     0.0,     0.0,     0.0,     0.0,     0.0,     0.0,     0.0,     0.0,Megawatt Hours (MWh),064EVH,NODX,064 ,N16,FutOnly
PJM.PPL_month_on_dap - NODAL EXCHANGE,260721,2026-07-21,064EWU,NODX,01,064 ,   60695,   49643,   42283,    5975,   12772,    1350,    1005,       0,       0,     120,    2065,     205,   58298,   58675,    2397,    2020,   60695,   49643,   42283,    5975,   12772,    1350,    1005,       0,       0,     120,    2065,     205,   58298,   58675,    2397,    2020,       0,       0,       0,       0,       0,       0,       0,       0,       0,       0,       0,       0,       0,       0,       0,       0,     240,     480,     300,    -240,       0,       0,       0,       0,       0,       0,     -60,       0,     240,     240,       0,       0,  100.0,   81.8,   69.7,    9.8,   21.0,    2.2,    1.7,    0.0,    0.0,    0.2,    3.4,    0.3,   96.1,   96.7,    3.9,    3.3,  100.0,   81.8,   69.7,    9.8,   21.0,    2.2,    1.7,    0.0,    0.0,    0.2,    3.4,    0.3,   96.1,   96.7,    3.9,    3.3,  100.0,    0.0,    0.0,    0.0,    0.0,    0.0,    0.0,    0.0,    0.0,    0.0,    0.0,    0.0,    0.0,    0.0,    0.0,    0.0,     36,     21,     14,.,      5,      4,.,      0,      0,.,.,.,     30,     24,     36,     21,     14,.,      5,      4,.,      0,      0,.,.,.,     30,     24,      0,      0,      0,      0,      0,      0,      0,      0,      0,      0,      0,      0,      0,      0,    64.5,    55.0,    78.1,    76.3,    63.8,    53.2,    75.0,    72.4,    64.5,    55.0,    78.1,    76.3,    63.8,    53.2,    75.0,    72.4,     0.0,     0.0,     0.0,     0.0,     0.0,     0.0,     0.0,     0.0,Megawatt Hours (MWh),064EWU,NODX,064 ,N16,FutOnly
PJM.PPL_month_off_dap - NODAL EXCHANGE,260721,2026-07-21,064EWV,NODX,01,064 ,   60315,   49423,   42571,    5985,   12634,    1270,    1005,       0,       0,     175,    1730,     210,   58068,   58415,    2247,    1900,   60315,   49423,   42571,    5985,   12634,    1270,    1005,       0,       0,     175,    1730,     210,   58068,   58415,    2247,    1900,       0,       0,       0,       0,       0,       0,       0,       0,       0,       0,       0,       0,       0,       0,       0,       0,     240,     480,     300,    -240,       0,       0,       0,       0,       0,       0,     -60,       0,     240,     240,       0,       0,  100.0,   81.9,   70.6,    9.9,   20.9,    2.1,    1.7,    0.0,    0.0,    0.3,    2.9,    0.3,   96.3,   96.8,    3.7,    3.2,  100.0,   81.9,   70.6,    9.9,   20.9,    2.1,    1.7,    0.0,    0.0,    0.3,    2.9,    0.3,   96.3,   96.8,    3.7,    3.2,  100.0,    0.0,    0.0,    0.0,    0.0,    0.0,    0.0,    0.0,    0.0,    0.0,    0.0,    0.0,    0.0,    0.0,    0.0,    0.0,     36,     20,     14,.,      6,      4,.,      0,      0,.,.,.,     30,     23,     36,     20,     14,.,      6,      4,.,      0,      0,.,.,.,     30,     23,      0,      0,      0,      0,      0,      0,      0,      0,      0,      0,      0,      0,      0,      0,    66.1,    56.7,    79.6,    77.6,    65.3,    55.7,    76.2,    74.5,    66.1,    56.7,    79.6,    77.6,    65.3,    55.7,    76.2,    74.5,     0.0,     0.0,     0.0,     0.0,     0.0,     0.0,     0.0,     0.0,Megawatt Hours (MWh),064EWV,NODX,064 ,N16,FutOnly
PJM PSEG DAP - NODAL EXCHANGE,260721,2026-07-21,064EXE,NODX,01,064 ,   87317,   55986,   49772,   11332,   14035,    1560,    3385,       0,     300,    4860,   11770,    1375,   78798,   78812,    8519,    8505,   87317,   55986,   49772,   11332,   14035,    1560,    3385,       0,     300,    4860,   11770,    1375,   78798,   78812,    8519,    8505,       0,       0,       0,       0,       0,       0,       0,       0,       0,       0,       0,       0,       0,       0,       0,       0,    -194,    -774,     -99,     -80,    -365,    -105,    -225,       0,     300,     -40,    -655,     -65,    -989,    -989,     795,     795,  100.0,   64.1,   57.0,   13.0,   16.1,    1.8,    3.9,    0.0,    0.3,    5.6,   13.5,    1.6,   90.2,   90.3,    9.8,    9.7,  100.0,   64.1,   57.0,   13.0,   16.1,    1.8,    3.9,    0.0,    0.3,    5.6,   13.5,    1.6,   90.2,   90.3,    9.8,    9.7,  100.0,    0.0,    0.0,    0.0,    0.0,    0.0,    0.0,    0.0,    0.0,    0.0,    0.0,    0.0,    0.0,    0.0,    0.0,    0.0,     41,     25,     15,.,      5,      5,.,      0,.,.,      4,.,     36,     27,     41,     25,     15,.,      5,      5,.,      0,.,.,      4,.,     36,     27,      0,      0,      0,      0,      0,      0,      0,      0,      0,      0,      0,      0,      0,      0,    35.3,    53.6,    54.3,    72.4,    32.8,    43.7,    45.7,    56.9,    35.3,    53.6,    54.3,    72.4,    32.8,    43.7,    45.7,    56.9,     0.0,     0.0,     0.0,     0.0,     0.0,     0.0,     0.0,     0.0,Megawatt Hours (MWh),064EXE,NODX,064 ,N16,FutOnly
PJM.PSEG_month_off_dap - NODAL EXCHANGE,260721,2026-07-21,064EXF,NODX,01,064 ,   84810,   53760,   47391,   11427,   13905,    1430,    3160,       0,     300,    4365,   11595,    1650,   76092,   76271,    8718,    8539,   84810,   53760,   47391,   11427,   13905,    1430,    3160,       0,     300,    4365,   11595,    1650,   76092,   76271,    8718,    8539,       0,       0,       0,       0,       0,       0,       0,       0,       0,       0,       0,       0,       0,       0,       0,       0,    -335,    -990,    -575,     -95,    -405,     -25,    -250,       0,     300,     -40,    -395,     -65,   -1165,   -1165,     830,     830,  100.0,   63.4,   55.9,   13.5,   16.4,    1.7,    3.7,    0.0,    0.4,    5.1,   13.7,    1.9,   89.7,   89.9,   10.3,   10.1,  100.0,   63.4,   55.9,   13.5,   16.4,    1.7,    3.7,    0.0,    0.4,    5.1,   13.7,    1.9,   89.7,   89.9,   10.3,   10.1,  100.0,    0.0,    0.0,    0.0,    0.0,    0.0,    0.0,    0.0,    0.0,    0.0,    0.0,    0.0,    0.0,    0.0,    0.0,    0.0,     41,     25,     15,.,      4,      5,.,      0,.,.,      4,.,     37,     27,     41,     25,     15,.,      4,      5,.,      0,.,.,      4,.,     37,     27,      0,      0,      0,      0,      0,      0,      0,      0,      0,      0,      0,      0,      0,      0,    34.4,    55.9,    53.3,    72.0,    33.0,    43.5,    46.3,    57.5,    34.4,    55.9,    53.3,    72.0,    33.0,    43.5,    46.3,    57.5,     0.0,     0.0,     0.0,     0.0,     0.0,     0.0,     0.0,     0.0,Megawatt Hours (MWh),064EXF,NODX,064 ,N16,FutOnly
PJM.WESTERN HUB DAP - NODAL EXCHANGE,260721,2026-07-21,064FHK,NODX,01,064 ,  262207,  176633,  134390,    7203,   31010,    2468,    8955,     630,    2080,    2225,   28937,    3185,  202749,  202700,   59458,   59507,  262207,  176633,  134390,    7203,   31010,    2468,    8955,     630,    2080,    2225,   28937,    3185,  202749,  202700,   59458,   59507,       0,       0,       0,       0,       0,       0,       0,       0,       0,       0,       0,       0,       0,       0,       0,       0,   -1022,    -635,   -1999,    -394,    2610,    -438,     450,      75,     -80,     -55,   -1320,     -70,   -1222,   -1222,     200,     200,  100.0,   67.4,   51.3,    2.7,   11.8,    0.9,    3.4,    0.2,    0.8,    0.8,   11.0,    1.2,   77.3,   77.3,   22.7,   22.7,  100.0,   67.4,   51.3,    2.7,   11.8,    0.9,    3.4,    0.2,    0.8,    0.8,   11.0,    1.2,   77.3,   77.3,   22.7,   22.7,  100.0,    0.0,    0.0,    0.0,    0.0,    0.0,    0.0,    0.0,    0.0,    0.0,    0.0,    0.0,    0.0,    0.0,    0.0,    0.0,     52,     26,     27,      4,      5,      8,.,.,.,.,      5,      4,     43,     45,     52,     26,     27,      4,      5,      8,.,.,.,.,      5,      4,     43,     45,      0,      0,      0,      0,      0,      0,      0,      0,      0,      0,      0,      0,      0,      0,    44.9,    33.0,    55.9,    50.0,    37.7,    27.5,    46.1,    40.6,    44.9,    33.0,    55.9,    50.0,    37.7,    27.5,    46.1,    40.6,     0.0,     0.0,     0.0,     0.0,     0.0,     0.0,     0.0,     0.0,Megawatt Hours (MWh),064FHK,NODX,064 ,N16,FutOnly
PJM.WESTERN HUB_month_off_dap - NODAL EXCHANGE,260721,2026-07-21,064FHL,NODX,01,064 ,  255180,  172073,  122517,    7925,   31314,    2581,    3462,    1725,    3965,    2000,   29665,    3330,  195336,  195097,   59844,   60083,  255180,  172073,  122517,    7925,   31314,    2581,    3462,    1725,    3965,    2000,   29665,    3330,  195336,  195097,   59844,   60083,       0,       0,       0,       0,       0,       0,       0,       0,       0,       0,       0,       0,       0,       0,       0,       0,   -1059,    -384,   -2193,    -775,    2149,     -92,     275,    -125,      25,     -55,    -770,     -70,   -1076,   -1076,      17,      17,  100.0,   67.4,   48.0,    3.1,   12.3,    1.0,    1.4,    0.7,    1.6,    0.8,   11.6,    1.3,   76.5,   76.5,   23.5,   23.5,  100.0,   67.4,   48.0,    3.1,   12.3,    1.0,    1.4,    0.7,    1.6,    0.8,   11.6,    1.3,   76.5,   76.5,   23.5,   23.5,  100.0,    0.0,    0.0,    0.0,    0.0,    0.0,    0.0,    0.0,    0.0,    0.0,    0.0,    0.0,    0.0,    0.0,    0.0,    0.0,     51,     25,     27,      5,      4,      8,.,.,.,.,      5,      5,     42,     46,     51,     25,     27,      5,      4,      8,.,.,.,.,      5,      5,     42,     46,      0,      0,      0,      0,      0,      0,      0,      0,      0,      0,      0,      0,      0,      0,    45.6,    30.8,    55.3,    47.8,    39.5,    25.7,    46.1,    38.8,    45.6,    30.8,    55.3,    47.8,    39.5,    25.7,    46.1,    38.8,     0.0,     0.0,     0.0,     0.0,     0.0,     0.0,     0.0,     0.0,Megawatt Hours (MWh),064FHL,NODX,064 ,N16,FutOnly
MISO.INDIANA.HUB_month_on_rtp - NODAL EXCHANGE,260721,2026-07-21,064FJY,NODX,01,064 ,   26475,   19070,    8185,     430,    8250,    2670,     750,       0,       0,       0,    4245,       0,   22920,   23350,    3555,    3125,   26475,   19070,    8185,     430,    8250,    2670,     750,       0,       0,       0,    4245,       0,   22920,   23350,    3555,    3125,       0,       0,       0,       0,       0,       0,       0,       0,       0,       0,       0,       0,       0,       0,       0,       0,     170,    -240,     250,      10,    -290,     170,       0,       0,       0,       0,    -200,       0,     -60,     -70,     230,     240,  100.0,   72.0,   30.9,    1.6,   31.2,   10.1,    2.8,    0.0,    0.0,    0.0,   16.0,    0.0,   86.6,   88.2,   13.4,   11.8,  100.0,   72.0,   30.9,    1.6,   31.2,   10.1,    2.8,    0.0,    0.0,    0.0,   16.0,    0.0,   86.6,   88.2,   13.4,   11.8,  100.0,    0.0,    0.0,    0.0,    0.0,    0.0,    0.0,    0.0,    0.0,    0.0,    0.0,    0.0,    0.0,    0.0,    0.0,    0.0,     20,     11,     10,.,.,      4,.,      0,      0,      0,.,      0,     17,     15,     20,     11,     10,.,.,      4,.,      0,      0,      0,.,      0,     17,     15,      0,      0,      0,      0,      0,      0,      0,      0,      0,      0,      0,      0,      0,      0,    56.9,    66.7,    75.4,    81.5,    43.9,    49.0,    53.1,    54.5,    56.9,    66.7,    75.4,    81.5,    43.9,    49.0,    53.1,    54.5,     0.0,     0.0,     0.0,     0.0,     0.0,     0.0,     0.0,     0.0,Megawatt Hours (MWh),064FJY,NODX,064 ,N16,FutOnly
MISO.INDIANA.HUB_month_off_rtp - NODAL EXCHANGE,260721,2026-07-21,064FJZ,NODX,01,064 ,   24765,   18855,    8400,     570,    8090,    2330,     900,       0,       0,       0,    4090,       0,   22655,   22910,    2110,    1855,   24765,   18855,    8400,     570,    8090,    2330,     900,       0,       0,       0,    4090,       0,   22655,   22910,    2110,    1855,       0,       0,       0,       0,       0,       0,       0,       0,       0,       0,       0,       0,       0,       0,       0,       0,      30,    -170,       0,       0,       0,       0,       0,       0,       0,       0,    -160,       0,    -170,    -160,     200,     190,  100.0,   76.1,   33.9,    2.3,   32.7,    9.4,    3.6,    0.0,    0.0,    0.0,   16.5,    0.0,   91.5,   92.5,    8.5,    7.5,  100.0,   76.1,   33.9,    2.3,   32.7,    9.4,    3.6,    0.0,    0.0,    0.0,   16.5,    0.0,   91.5,   92.5,    8.5,    7.5,  100.0,    0.0,    0.0,    0.0,    0.0,    0.0,    0.0,    0.0,    0.0,    0.0,    0.0,    0.0,    0.0,    0.0,    0.0,    0.0,     22,     11,     12,.,      4,      4,.,      0,      0,      0,.,      0,     17,     18,     22,     11,     12,.,      4,      4,.,      0,      0,      0,.,      0,     17,     18,      0,      0,      0,      0,      0,      0,      0,      0,      0,      0,      0,      0,      0,      0,    58.7,    69.1,    79.0,    84.4,    44.9,    53.7,    56.2,    57.9,    58.7,    69.1,    79.0,    84.4,    44.9,    53.7,    56.2,    57.9,     0.0,     0.0,     0.0,     0.0,     0.0,     0.0,     0.0,     0.0,Megawatt Hours (MWh),064FJZ,NODX,064 ,N16,FutOnly
PJM.AEP-DAYTON HUB_mo_on_rtp - NODAL EXCHANGE,260721,2026-07-21,064FKA,NODX,01,064 ,   77523,   42893,   56568,    6174,     397,    3697,    1792,    2895,    1625,    9606,     690,     595,   66382,   66467,   11141,   11056,   77523,   42893,   56568,    6174,     397,    3697,    1792,    2895,    1625,    9606,     690,     595,   66382,   66467,   11141,   11056,       0,       0,       0,       0,       0,       0,       0,       0,       0,       0,       0,       0,       0,       0,       0,       0,   -1200,   -1237,    -580,     480,       0,     -60,      12,       0,       0,     165,       0,    -490,   -1130,   -1130,     -70,     -70,  100.0,   55.3,   73.0,    8.0,    0.5,    4.8,    2.3,    3.7,    2.1,   12.4,    0.9,    0.8,   85.6,   85.7,   14.4,   14.3,  100.0,   55.3,   73.0,    8.0,    0.5,    4.8,    2.3,    3.7,    2.1,   12.4,    0.9,    0.8,   85.6,   85.7,   14.4,   14.3,  100.0,    0.0,    0.0,    0.0,    0.0,    0.0,    0.0,    0.0,    0.0,    0.0,    0.0,    0.0,    0.0,    0.0,    0.0,    0.0,     41,     21,     21,      5,.,      7,.,.,.,      6,.,.,     37,     36,     41,     21,     21,      5,.,      7,.,.,.,      6,.,.,     37,     36,      0,      0,      0,      0,      0,      0,      0,      0,      0,      0,      0,      0,      0,      0,    37.7,    50.3,    55.4,    65.7,    27.0,    35.4,    37.1,    46.4,    37.7,    50.3,    55.4,    65.7,    27.0,    35.4,    37.1,    46.4,     0.0,     0.0,     0.0,     0.0,     0.0,     0.0,     0.0,     0.0,Megawatt Hours (MWh),064FKA,NODX,064 ,N16,FutOnly
PJM.AEP-DAYTON HUB_mo_off_rtp - NODAL EXCHANGE,260721,2026-07-21,064FKB,NODX,01,064 ,   73595,   46449,   51787,    3775,     604,    3878,       0,    4515,     895,    6952,     600,    1365,   63314,   63644,   10281,    9951,   73595,   46449,   51787,    3775,     604,    3878,       0,    4515,     895,    6952,     600,    1365,   63314,   63644,   10281,    9951,       0,       0,       0,       0,       0,       0,       0,       0,       0,       0,       0,       0,       0,       0,       0,       0,   -1080,    -790,   -1315,    -250,       0,      40,       0,       0,       0,    -375,       0,     -10,   -1385,   -1285,     305,     205,  100.0,   63.1,   70.4,    5.1,    0.8,    5.3,    0.0,    6.1,    1.2,    9.4,    0.8,    1.9,   86.0,   86.5,   14.0,   13.5,  100.0,   63.1,   70.4,    5.1,    0.8,    5.3,    0.0,    6.1,    1.2,    9.4,    0.8,    1.9,   86.0,   86.5,   14.0,   13.5,  100.0,    0.0,    0.0,    0.0,    0.0,    0.0,    0.0,    0.0,    0.0,    0.0,    0.0,    0.0,    0.0,    0.0,    0.0,    0.0,     39,     18,     20,      5,.,      7,      0,      4,.,      6,.,.,     33,     34,     39,     18,     20,      5,.,      7,      0,      4,.,      6,.,.,     33,     34,      0,      0,      0,      0,      0,      0,      0,      0,      0,      0,      0,      0,      0,      0,    41.1,    49.5,    59.9,    64.4,    31.1,    36.0,    41.6,    47.4,    41.1,    49.5,    59.9,    64.4,    31.1,    36.0,    41.6,    47.4,     0.0,     0.0,     0.0,     0.0,     0.0,     0.0,     0.0,     0.0,Megawatt Hours (MWh),064FKB,NODX,064 ,N16,FutOnly
PJM.N ILLINOIS HUB_mo_on_rtp - NODAL EXCHANGE,260721,2026-07-21,064FKC,NODX,01,064 ,   68519,   51070,   53322,    6870,    6266,    2505,     845,       0,     455,     870,       0,      70,   62685,   62618,    5834,    5901,   68519,   51070,   53322,    6870,    6266,    2505,     845,       0,     455,     870,       0,      70,   62685,   62618,    5834,    5901,       0,       0,       0,       0,       0,       0,       0,       0,       0,       0,       0,       0,       0,       0,       0,       0,     550,     105,    -110,     120,     300,     350,       0,       0,       0,     -45,     -10,      10,     540,     540,      10,      10,  100.0,   74.5,   77.8,   10.0,    9.1,    3.7,    1.2,    0.0,    0.7,    1.3,    0.0,    0.1,   91.5,   91.4,    8.5,    8.6,  100.0,   74.5,   77.8,   10.0,    9.1,    3.7,    1.2,    0.0,    0.7,    1.3,    0.0,    0.1,   91.5,   91.4,    8.5,    8.6,  100.0,    0.0,    0.0,    0.0,    0.0,    0.0,    0.0,    0.0,    0.0,    0.0,    0.0,    0.0,    0.0,    0.0,    0.0,    0.0,     29,     14,     13,.,      6,      4,.,      0,.,.,      0,.,     22,     22,     29,     14,     13,.,      6,      4,.,      0,.,.,      0,.,     22,     22,      0,      0,      0,      0,      0,      0,      0,      0,      0,      0,      0,      0,      0,      0,    53.8,    58.7,    75.1,    76.9,    40.5,    46.3,    55.4,    58.2,    53.8,    58.7,    75.1,    76.9,    40.5,    46.3,    55.4,    58.2,     0.0,     0.0,     0.0,     0.0,     0.0,     0.0,     0.0,     0.0,Megawatt Hours (MWh),064FKC,NODX,064 ,N16,FutOnly
PJM.N ILLINOIS HUB_mo_off_rtp - NODAL EXCHANGE,260721,2026-07-21,064FKD,NODX,01,064 ,   66666,   45498,   51624,    7285,    5576,    1850,    3539,       0,     465,     905,      40,      30,   59572,   59585,    7094,    7081,   66666,   45498,   51624,    7285,    5576,    1850,    3539,       0,     465,     905,      40,      30,   59572,   59585,    7094,    7081,       0,       0,       0,       0,       0,       0,       0,       0,       0,       0,       0,       0,       0,       0,       0,       0,     605,     925,    -155,     120,     900,    -250,    -150,       0,      15,       0,      40,      30,     690,     580,     -85,      25,  100.0,   68.2,   77.4,   10.9,    8.4,    2.8,    5.3,    0.0,    0.7,    1.4,    0.1,    0.0,   89.4,   89.4,   10.6,   10.6,  100.0,   68.2,   77.4,   10.9,    8.4,    2.8,    5.3,    0.0,    0.7,    1.4,    0.1,    0.0,   89.4,   89.4,   10.6,   10.6,  100.0,    0.0,    0.0,    0.0,    0.0,    0.0,    0.0,    0.0,    0.0,    0.0,    0.0,    0.0,    0.0,    0.0,    0.0,    0.0,     27,     13,     14,.,      5,      4,.,      0,.,.,.,.,     21,     24,     27,     13,     14,.,      5,      4,.,      0,.,.,.,.,     21,     24,      0,      0,      0,      0,      0,      0,      0,      0,      0,      0,      0,      0,      0,      0,    53.4,    57.7,    71.1,    74.4,    32.9,    39.1,    44.1,    48.1,    53.4,    57.7,    71.1,    74.4,    32.9,    39.1,    44.1,    48.1,     0.0,     0.0,     0.0,     0.0,     0.0,     0.0,     0.0,     0.0,Megawatt Hours (MWh),064FKD,NODX,064 ,N16,FutOnly
PJM.WESTERN HUB_month_on_rtp - NODAL EXCHANGE,260721,2026-07-21,064FKE,NODX,01,064 ,  247814,  133582,  184850,   59636,    3886,    9150,    7355,    5515,    2200,    4752,   10845,    2210,  218885,  218656,   28929,   29158,  247814,  133582,  184850,   59636,    3886,    9150,    7355,    5515,    2200,    4752,   10845,    2210,  218885,  218656,   28929,   29158,       0,       0,       0,       0,       0,       0,       0,       0,       0,       0,       0,       0,       0,       0,       0,       0,    2425,      -6,     559,    1095,      30,     993,     720,       0,     -75,      35,    1255,    -765,    1997,    1997,     428,     428,  100.0,   53.9,   74.6,   24.1,    1.6,    3.7,    3.0,    2.2,    0.9,    1.9,    4.4,    0.9,   88.3,   88.2,   11.7,   11.8,  100.0,   53.9,   74.6,   24.1,    1.6,    3.7,    3.0,    2.2,    0.9,    1.9,    4.4,    0.9,   88.3,   88.2,   11.7,   11.8,  100.0,    0.0,    0.0,    0.0,    0.0,    0.0,    0.0,    0.0,    0.0,    0.0,    0.0,    0.0,    0.0,    0.0,    0.0,    0.0,     51,     24,     28,      6,.,      6,.,.,.,      7,.,      4,     43,     43,     51,     24,     28,      6,.,      6,.,.,.,      7,.,      4,     43,     43,      0,      0,      0,      0,      0,      0,      0,      0,      0,      0,      0,      0,      0,      0,    40.2,    48.3,    58.9,    63.5,    37.3,    42.6,    51.7,    53.4,    40.2,    48.3,    58.9,    63.5,    37.3,    42.6,    51.7,    53.4,     0.0,     0.0,     0.0,     0.0,     0.0,     0.0,     0.0,     0.0,Megawatt Hours (MWh),064FKE,NODX,064 ,N16,FutOnly
PJM.WESTERN HUB_month_off_rtp - NODAL EXCHANGE,260721,2026-07-21,064FKF,NODX,01,064 ,  204384,  107739,  138792,   37277,    7061,    8812,    7663,    3760,    2815,    4013,    7325,    3684,  172003,  172249,   32381,   32135,  204384,  107739,  138792,   37277,    7061,    8812,    7663,    3760,    2815,    4013,    7325,    3684,  172003,  172249,   32381,   32135,       0,       0,       0,       0,       0,       0,       0,       0,       0,       0,       0,       0,       0,       0,       0,       0,     585,   -2166,     334,    2085,     300,   -1245,     720,       0,     -75,      50,      65,      20,    -611,    -601,    1196,    1186,  100.0,   52.7,   67.9,   18.2,    3.5,    4.3,    3.7,    1.8,    1.4,    2.0,    3.6,    1.8,   84.2,   84.3,   15.8,   15.7,  100.0,   52.7,   67.9,   18.2,    3.5,    4.3,    3.7,    1.8,    1.4,    2.0,    3.6,    1.8,   84.2,   84.3,   15.8,   15.7,  100.0,    0.0,    0.0,    0.0,    0.0,    0.0,    0.0,    0.0,    0.0,    0.0,    0.0,    0.0,    0.0,    0.0,    0.0,    0.0,     49,     25,     26,      5,.,      5,.,.,.,      5,      4,      5,     42,     42,     49,     25,     26,      5,.,      5,.,.,.,      5,      4,      5,     42,     42,      0,      0,      0,      0,      0,      0,      0,      0,      0,      0,      0,      0,      0,      0,    39.2,    44.9,    55.0,    58.2,    34.4,    40.0,    46.6,    48.2,    39.2,    44.9,    55.0,    58.2,    34.4,    40.0,    46.6,    48.2,     0.0,     0.0,     0.0,     0.0,     0.0,     0.0,     0.0,     0.0,Megawatt Hours (MWh),064FKF,NODX,064 ,N16,FutOnly
ERCOT.HB_NORTH_month_on_rtp - NODAL EXCHANGE,260721,2026-07-21,064FOK,NODX,01,064 ,   81832,   65861,   50837,    4081,   18940,    1080,       0,     900,       0,    1850,    1135,      50,   72922,   72942,    8910,    8890,   81832,   65861,   50837,    4081,   18940,    1080,       0,     900,       0,    1850,    1135,      50,   72922,   72942,    8910,    8890,       0,       0,       0,       0,       0,       0,       0,       0,       0,       0,       0,       0,       0,       0,       0,       0,     480,     480,     480,       0,       0,       0,       0,       0,       0,       0,       0,       0,     480,     480,       0,       0,  100.0,   80.5,   62.1,    5.0,   23.1,    1.3,    0.0,    1.1,    0.0,    2.3,    1.4,    0.1,   89.1,   89.1,   10.9,   10.9,  100.0,   80.5,   62.1,    5.0,   23.1,    1.3,    0.0,    1.1,    0.0,    2.3,    1.4,    0.1,   89.1,   89.1,   10.9,   10.9,  100.0,    0.0,    0.0,    0.0,    0.0,    0.0,    0.0,    0.0,    0.0,    0.0,    0.0,    0.0,    0.0,    0.0,    0.0,    0.0,     27,     14,     16,.,      4,.,      0,.,      0,.,.,.,     19,     24,     27,     14,     16,.,      4,.,      0,.,      0,.,.,.,     19,     24,      0,      0,      0,      0,      0,      0,      0,      0,      0,      0,      0,      0,      0,      0,    68.5,    48.8,    80.2,    68.8,    64.5,    45.1,    70.7,    61.0,    68.5,    48.8,    80.2,    68.8,    64.5,    45.1,    70.7,    61.0,     0.0,     0.0,     0.0,     0.0,     0.0,     0.0,     0.0,     0.0,Megawatt Hours (MWh),064FOK,NODX,064 ,N16,FutOnly
ERCOT.HB_NORTH_month_off_rtp - NODAL EXCHANGE,260721,2026-07-21,064FOL,NODX,01,064 ,   79367,   66851,   52727,    3581,   16480,    1380,       0,       0,       0,       0,    1135,       0,   71812,   71722,    7555,    7645,   79367,   66851,   52727,    3581,   16480,    1380,       0,       0,       0,       0,    1135,       0,   71812,   71722,    7555,    7645,       0,       0,       0,       0,       0,       0,       0,       0,       0,       0,       0,       0,       0,       0,       0,       0,     600,     600,     600,       0,       0,       0,       0,       0,       0,       0,       0,       0,     600,     600,       0,       0,  100.0,   84.2,   66.4,    4.5,   20.8,    1.7,    0.0,    0.0,    0.0,    0.0,    1.4,    0.0,   90.5,   90.4,    9.5,    9.6,  100.0,   84.2,   66.4,    4.5,   20.8,    1.7,    0.0,    0.0,    0.0,    0.0,    1.4,    0.0,   90.5,   90.4,    9.5,    9.6,  100.0,    0.0,    0.0,    0.0,    0.0,    0.0,    0.0,    0.0,    0.0,    0.0,    0.0,    0.0,    0.0,    0.0,    0.0,    0.0,     24,     12,     15,.,      4,      4,      0,      0,      0,      0,.,      0,     17,     21,     24,     12,     15,.,      4,      4,      0,      0,      0,      0,.,      0,     17,     21,      0,      0,      0,      0,      0,      0,      0,      0,      0,      0,      0,      0,      0,      0,    71.4,    49.9,    85.6,    71.6,    67.3,    46.8,    73.3,    65.4,    71.4,    49.9,    85.6,    71.6,    67.3,    46.8,    73.3,    65.4,     0.0,     0.0,     0.0,     0.0,     0.0,     0.0,     0.0,     0.0,Megawatt Hours (MWh),064FOL,NODX,064 ,N16,FutOnly
PJM.ATSI_month_on_dap - NODAL EXCHANGE,260721,2026-07-21,064FZA,NODX,01,064 ,   29274,   19234,   16740,    1328,    7488,    1422,       0,     150,       0,    4825,    1135,     315,   27124,   27250,    2150,    2024,   29274,   19234,   16740,    1328,    7488,    1422,       0,     150,       0,    4825,    1135,     315,   27124,   27250,    2150,    2024,       0,       0,       0,       0,       0,       0,       0,       0,       0,       0,       0,       0,       0,       0,       0,       0,     435,    -415,     600,     250,       0,       0,       0,       0,       0,     600,    -165,       0,     435,     435,       0,       0,  100.0,   65.7,   57.2,    4.5,   25.6,    4.9,    0.0,    0.5,    0.0,   16.5,    3.9,    1.1,   92.7,   93.1,    7.3,    6.9,  100.0,   65.7,   57.2,    4.5,   25.6,    4.9,    0.0,    0.5,    0.0,   16.5,    3.9,    1.1,   92.7,   93.1,    7.3,    6.9,  100.0,    0.0,    0.0,    0.0,    0.0,    0.0,    0.0,    0.0,    0.0,    0.0,    0.0,    0.0,    0.0,    0.0,    0.0,    0.0,     21,      9,      5,.,.,.,      0,.,      0,.,.,.,     15,     12,     21,      9,      5,.,.,.,      0,.,      0,.,.,.,     15,     12,      0,      0,      0,      0,      0,      0,      0,      0,      0,      0,      0,      0,      0,      0,    66.9,    75.9,    86.1,    89.9,    62.4,    75.9,    78.0,    82.9,    66.9,    75.9,    86.1,    89.9,    62.4,    75.9,    78.0,    82.9,     0.0,     0.0,     0.0,     0.0,     0.0,     0.0,     0.0,     0.0,Megawatt Hours (MWh),064FZA,NODX,064 ,N16,FutOnly
PJM.ATSI_month_off_dap - NODAL EXCHANGE,260721,2026-07-21,064FZB,NODX,01,064 ,   29204,   19164,   16690,    1328,    7488,    1422,       0,     150,       0,    4825,    1135,     315,   27054,   27200,    2150,    2004,   29204,   19164,   16690,    1328,    7488,    1422,       0,     150,       0,    4825,    1135,     315,   27054,   27200,    2150,    2004,       0,       0,       0,       0,       0,       0,       0,       0,       0,       0,       0,       0,       0,       0,       0,       0,     435,    -415,     600,     250,       0,       0,       0,       0,       0,     600,    -165,       0,     435,     435,       0,       0,  100.0,   65.6,   57.1,    4.5,   25.6,    4.9,    0.0,    0.5,    0.0,   16.5,    3.9,    1.1,   92.6,   93.1,    7.4,    6.9,  100.0,   65.6,   57.1,    4.5,   25.6,    4.9,    0.0,    0.5,    0.0,   16.5,    3.9,    1.1,   92.6,   93.1,    7.4,    6.9,  100.0,    0.0,    0.0,    0.0,    0.0,    0.0,    0.0,    0.0,    0.0,    0.0,    0.0,    0.0,    0.0,    0.0,    0.0,    0.0,     21,      9,      5,.,.,.,      0,.,      0,.,.,.,     15,     12,     21,      9,      5,.,.,.,      0,.,      0,.,.,.,     15,     12,      0,      0,      0,      0,      0,      0,      0,      0,      0,      0,      0,      0,      0,      0,    66.8,    76.0,    86.1,    90.1,    62.3,    76.0,    78.0,    82.9,    66.8,    76.0,    86.1,    90.1,    62.3,    76.0,    78.0,    82.9,     0.0,     0.0,     0.0,     0.0,     0.0,     0.0,     0.0,     0.0,Megawatt Hours (MWh),064FZB,NODX,064 ,N16,FutOnly
ERCOT.HB_NORTH_month_7x8_rtp - NODAL EXCHANGE,260721,2026-07-21,064GBD,NODX,01,064 ,   38595,   22765,   29495,    2950,    1950,    1050,       0,    1650,    2350,    7200,       0,       0,   36315,   36495,    2280,    2100,   38595,   22765,   29495,    2950,    1950,    1050,       0,    1650,    2350,    7200,       0,       0,   36315,   36495,    2280,    2100,       0,       0,       0,       0,       0,       0,       0,       0,       0,       0,       0,       0,       0,       0,       0,       0,    1980,    2070,    2070,       0,       0,       0,       0,       0,       0,       0,       0,       0,    2070,    2070,     -90,     -90,  100.0,   59.0,   76.4,    7.6,    5.1,    2.7,    0.0,    4.3,    6.1,   18.7,    0.0,    0.0,   94.1,   94.6,    5.9,    5.4,  100.0,   59.0,   76.4,    7.6,    5.1,    2.7,    0.0,    4.3,    6.1,   18.7,    0.0,    0.0,   94.1,   94.6,    5.9,    5.4,  100.0,    0.0,    0.0,    0.0,    0.0,    0.0,    0.0,    0.0,    0.0,    0.0,    0.0,    0.0,    0.0,    0.0,    0.0,    0.0,     21,     14,     11,.,.,.,      0,.,.,.,      0,      0,     19,     15,     21,     14,     11,.,.,.,      0,.,.,.,      0,      0,     19,     15,      0,      0,      0,      0,      0,      0,      0,      0,      0,      0,      0,      0,      0,      0,    54.7,    61.0,    74.2,    83.7,    46.3,    46.0,    55.2,    58.6,    54.7,    61.0,    74.2,    83.7,    46.3,    46.0,    55.2,    58.6,     0.0,     0.0,     0.0,     0.0,     0.0,     0.0,     0.0,     0.0,Megawatt Hours (MWh),064GBD,NODX,064 ,N16,FutOnly
ERCOT North 345KV Hub RT 7x16 - ICE FUTURES ENERGY DIV,260721,2026-07-21,064IBM,IFED,01,064 ,   17237,   12902,   11006,    1729,    1285,    1521,       0,    2080,       0,     325,     725,     500,   16977,   17117,     260,     120,   17237,   12902,   11006,    1729,    1285,    1521,       0,    2080,       0,     325,     725,     500,   16977,   17117,     260,     120,       0,       0,       0,       0,       0,       0,       0,       0,       0,       0,       0,       0,       0,       0,       0,       0,       0,       0,       0,       0,       0,       0,       0,       0,       0,       0,       0,       0,       0,       0,       0,       0,  100.0,   74.9,   63.9,   10.0,    7.5,    8.8,    0.0,   12.1,    0.0,    1.9,    4.2,    2.9,   98.5,   99.3,    1.5,    0.7,  100.0,   74.9,   63.9,   10.0,    7.5,    8.8,    0.0,   12.1,    0.0,    1.9,    4.2,    2.9,   98.5,   99.3,    1.5,    0.7,  100.0,    0.0,    0.0,    0.0,    0.0,    0.0,    0.0,    0.0,    0.0,    0.0,    0.0,    0.0,    0.0,    0.0,    0.0,    0.0,     29,     15,     13,.,.,      4,      0,.,      0,.,.,      4,     24,     24,     29,     15,     13,.,.,      4,      0,.,      0,.,.,      4,     24,     24,      0,      0,      0,      0,      0,      0,      0,      0,      0,      0,      0,      0,      0,      0,    42.4,    50.3,    67.7,    71.7,    26.6,    31.9,    36.1,    41.5,    42.4,    50.3,    67.7,    71.7,    26.6,    31.9,    36.1,    41.5,     0.0,     0.0,     0.0,     0.0,     0.0,     0.0,     0.0,     0.0,(1MW for about 352 Hours),064IBM,IFED,064 ,N16,FutOnly
PROPANE ARGUS CIF ARA MINI - ICE FUTURES ENERGY DIV,260721,2026-07-21,066391,IFED,01,066 ,    6366,    3645,    1384,    1101,      16,     574,       0,       0,       0,     301,    3567,     142,    5763,    5683,     603,     683,    6366,    3645,    1384,    1101,      16,     574,       0,       0,       0,     301,    3567,     142,    5763,    5683,     603,     683,       0,       0,       0,       0,       0,       0,       0,       0,       0,       0,       0,       0,       0,       0,       0,       0,     154,      95,      31,     -41,      16,      51,       0,       0,       0,      86,      77,     -43,     148,     132,       6,      22,  100.0,   57.3,   21.7,   17.3,    0.3,    9.0,    0.0,    0.0,    0.0,    4.7,   56.0,    2.2,   90.5,   89.3,    9.5,   10.7,  100.0,   57.3,   21.7,   17.3,    0.3,    9.0,    0.0,    0.0,    0.0,    4.7,   56.0,    2.2,   90.5,   89.3,    9.5,   10.7,  100.0,    0.0,    0.0,    0.0,    0.0,    0.0,    0.0,    0.0,    0.0,    0.0,    0.0,    0.0,    0.0,    0.0,    0.0,    0.0,     31,     15,     13,      4,.,.,      0,      0,      0,.,      4,.,     24,     20,     31,     15,     13,      4,.,.,      0,      0,      0,.,      4,.,     24,     20,      0,      0,      0,      0,      0,      0,      0,      0,      0,      0,      0,      0,      0,      0,    36.1,    67.9,    59.7,    83.7,    36.0,    67.9,    58.0,    73.7,    36.1,    67.9,    59.7,    83.7,    36.0,    67.9,    58.0,    73.7,     0.0,     0.0,     0.0,     0.0,     0.0,     0.0,     0.0,     0.0,100 metric tonnes,066391,IFED,066 ,N13,FutOnly
PROPANE ARGUS FAR EAST MINI - ICE FUTURES ENERGY DIV,260721,2026-07-21,066393,IFED,01,066 ,    7788,    4239,    1881,     410,    1595,     165,       0,       0,       0,    1162,    2704,     498,    6474,    6843,    1314,     945,    7788,    4239,    1881,     410,    1595,     165,       0,       0,       0,    1162,    2704,     498,    6474,    6843,    1314,     945,       0,       0,       0,       0,       0,       0,       0,       0,       0,       0,       0,       0,       0,       0,       0,       0,     551,     296,      91,      15,     160,      15,       0,       0,       0,     121,     236,      44,     491,     546,      60,       5,  100.0,   54.4,   24.2,    5.3,   20.5,    2.1,    0.0,    0.0,    0.0,   14.9,   34.7,    6.4,   83.1,   87.9,   16.9,   12.1,  100.0,   54.4,   24.2,    5.3,   20.5,    2.1,    0.0,    0.0,    0.0,   14.9,   34.7,    6.4,   83.1,   87.9,   16.9,   12.1,  100.0,    0.0,    0.0,    0.0,    0.0,    0.0,    0.0,    0.0,    0.0,    0.0,    0.0,    0.0,    0.0,    0.0,    0.0,    0.0,     68,     33,     22,.,      4,      4,      0,      0,      0,     11,     13,     15,     57,     47,     68,     33,     22,.,      4,      4,      0,      0,      0,     11,     13,     15,     57,     47,      0,      0,      0,      0,      0,      0,      0,      0,      0,      0,      0,      0,      0,      0,    21.7,    50.0,    35.5,    61.9,    21.2,    49.2,    32.9,    57.5,    21.7,    50.0,    35.5,    61.9,    21.2,    49.2,    32.9,    57.5,     0.0,     0.0,     0.0,     0.0,     0.0,     0.0,     0.0,     0.0,100  metric tonnes,066393,IFED,066 ,N13,FutOnly
"PROPANE,OPIS MT BELV TET BALMO - ICE FUTURES ENERGY DIV",260721,2026-07-21,06639Z,IFED,01,066 ,    3310,    1023,    2394,     115,      25,       0,       0,       0,       0,    1315,      74,     817,    3270,    3310,      40,       0,    3310,    1023,    2394,     115,      25,       0,       0,       0,       0,    1315,      74,     817,    3270,    3310,      40,       0,       0,       0,       0,       0,       0,       0,       0,       0,       0,       0,       0,       0,       0,       0,       0,       0,.,.,.,.,.,.,.,.,.,.,.,.,.,.,.,.,  100.0,   30.9,   72.3,    3.5,    0.8,    0.0,    0.0,    0.0,    0.0,   39.7,    2.2,   24.7,   98.8,  100.0,    1.2,    0.0,  100.0,   30.9,   72.3,    3.5,    0.8,    0.0,    0.0,    0.0,    0.0,   39.7,    2.2,   24.7,   98.8,  100.0,    1.2,    0.0,  100.0,    0.0,    0.0,    0.0,    0.0,    0.0,    0.0,    0.0,    0.0,    0.0,    0.0,    0.0,    0.0,    0.0,    0.0,    0.0,     20,      8,      6,.,.,      0,      0,      0,      0,.,.,.,     13,     11,     20,      8,      6,.,.,      0,      0,      0,      0,.,.,.,     13,     11,      0,      0,      0,      0,      0,      0,      0,      0,      0,      0,      0,      0,      0,      0,    75.2,    88.3,    88.3,    97.4,    52.2,    70.2,    65.3,    75.0,    75.2,    88.3,    88.3,    97.4,    52.2,    70.2,    65.3,    75.0,     0.0,     0.0,     0.0,     0.0,     0.0,     0.0,     0.0,     0.0,42000 gallons(1000 barrels),06639Z,IFED,066 ,N13,FutOnly
ARGUS CIF ARA Lg Finl Propane - ICE FUTURES ENERGY DIV,260721,2026-07-21,066411,IFED,01,066 ,    3912,    1344,    2014,     285,     120,     425,       0,       0,       0,     561,       9,     611,    3226,    3179,     686,     733,    3912,    1344,    2014,     285,     120,     425,       0,       0,       0,     561,       9,     611,    3226,    3179,     686,     733,       0,       0,       0,       0,       0,       0,       0,       0,       0,       0,       0,       0,       0,       0,       0,       0,     203,      50,      71,       5,       0,      40,       0,       0,       0,      50,       0,      30,     175,     141,      28,      62,  100.0,   34.4,   51.5,    7.3,    3.1,   10.9,    0.0,    0.0,    0.0,   14.3,    0.2,   15.6,   82.5,   81.3,   17.5,   18.7,  100.0,   34.4,   51.5,    7.3,    3.1,   10.9,    0.0,    0.0,    0.0,   14.3,    0.2,   15.6,   82.5,   81.3,   17.5,   18.7,  100.0,    0.0,    0.0,    0.0,    0.0,    0.0,    0.0,    0.0,    0.0,    0.0,    0.0,    0.0,    0.0,    0.0,    0.0,    0.0,     20,      9,     12,.,.,.,      0,      0,      0,      4,.,      5,     17,     20,     20,      9,     12,.,.,.,      0,      0,      0,      4,.,      5,     17,     20,      0,      0,      0,      0,      0,      0,      0,      0,      0,      0,      0,      0,      0,      0,    40.6,    41.7,    65.8,    60.0,    25.3,    27.4,    32.7,    32.4,    40.6,    41.7,    65.8,    60.0,    25.3,    27.4,    32.7,    32.4,     0.0,     0.0,     0.0,     0.0,     0.0,     0.0,     0.0,     0.0,1000 metric tonnes,066411,IFED,066 ,N13,FutOnly
ARGUS FAR EAST PROPANE - ICE FUTURES ENERGY DIV,260721,2026-07-21,066413,IFED,01,066 ,   14862,    9084,    9960,     570,     986,     499,     111,       0,       0,    1492,    1061,    1532,   13288,   14038,    1574,     824,   14862,    9084,    9960,     570,     986,     499,     111,       0,       0,    1492,    1061,    1532,   13288,   14038,    1574,     824,       0,       0,       0,       0,       0,       0,       0,       0,       0,       0,       0,       0,       0,       0,       0,       0,     652,     317,     401,     132,      77,      17,       0,       0,       0,      66,     104,      22,     554,     621,      98,      31,  100.0,   61.1,   67.0,    3.8,    6.6,    3.4,    0.7,    0.0,    0.0,   10.0,    7.1,   10.3,   89.4,   94.5,   10.6,    5.5,  100.0,   61.1,   67.0,    3.8,    6.6,    3.4,    0.7,    0.0,    0.0,   10.0,    7.1,   10.3,   89.4,   94.5,   10.6,    5.5,  100.0,    0.0,    0.0,    0.0,    0.0,    0.0,    0.0,    0.0,    0.0,    0.0,    0.0,    0.0,    0.0,    0.0,    0.0,    0.0,     66,     38,     39,.,.,      4,.,      0,      0,      6,      8,     14,     59,     58,     66,     38,     39,.,.,      4,.,      0,      0,      6,      8,     14,     59,     58,      0,      0,      0,      0,      0,      0,      0,      0,      0,      0,      0,      0,      0,      0,    36.3,    31.3,    49.8,    46.2,    34.4,    30.0,    45.6,    43.8,    36.3,    31.3,    49.8,    46.2,    34.4,    30.0,    45.6,    43.8,     0.0,     0.0,     0.0,     0.0,     0.0,     0.0,     0.0,     0.0,1000  metric tonnes,066413,IFED,066 ,N13,FutOnly
"ETHANE, MT. BELV-ENTERPRISE - ICE FUTURES ENERGY DIV",260721,2026-07-21,066416,IFED,01,066 ,   84275,   53994,   54035,    3162,    8234,    6972,    2392,      40,     234,    7565,    5032,    9480,   83799,   84027,     476,     248,   84275,   53994,   54035,    3162,    8234,    6972,    2392,      40,     234,    7565,    5032,    9480,   83799,   84027,     476,     248,       0,       0,       0,       0,       0,       0,       0,       0,       0,       0,       0,       0,       0,       0,       0,       0,     635,    -303,     231,    -485,     257,     -12,     -20,       0,       0,    1250,     -95,     205,     635,     586,       0,      49,  100.0,   64.1,   64.1,    3.8,    9.8,    8.3,    2.8,    0.0,    0.3,    9.0,    6.0,   11.2,   99.4,   99.7,    0.6,    0.3,  100.0,   64.1,   64.1,    3.8,    9.8,    8.3,    2.8,    0.0,    0.3,    9.0,    6.0,   11.2,   99.4,   99.7,    0.6,    0.3,  100.0,    0.0,    0.0,    0.0,    0.0,    0.0,    0.0,    0.0,    0.0,    0.0,    0.0,    0.0,    0.0,    0.0,    0.0,    0.0,     54,     29,     30,      4,.,      6,.,.,.,      7,      4,      7,     48,     47,     54,     29,     30,      4,.,      6,.,.,.,      7,      4,      7,     48,     47,      0,      0,      0,      0,      0,      0,      0,      0,      0,      0,      0,      0,      0,      0,    38.1,    35.7,    55.4,    54.0,    25.0,    23.5,    37.0,    35.6,    38.1,    35.7,    55.4,    54.0,    25.0,    23.5,    37.0,    35.6,     0.0,     0.0,     0.0,     0.0,     0.0,     0.0,     0.0,     0.0,42000 gallons(1000 barrels),066416,IFED,066 ,N13,FutOnly
ISOBUTANE OPIS MT BELV NONTET - ICE FUTURES ENERGY DIV,260721,2026-07-21,066418,IFED,01,066 ,    9803,    4797,    2334,    2982,    4680,     942,       0,       0,       0,     364,    1248,      55,    9140,    9259,     663,     544,    9803,    4797,    2334,    2982,    4680,     942,       0,       0,       0,     364,    1248,      55,    9140,    9259,     663,     544,       0,       0,       0,       0,       0,       0,       0,       0,       0,       0,       0,       0,       0,       0,       0,       0,     498,     528,     225,    -464,      60,     213,       0,       0,       0,     221,       0,       0,     498,     498,       0,       0,  100.0,   48.9,   23.8,   30.4,   47.7,    9.6,    0.0,    0.0,    0.0,    3.7,   12.7,    0.6,   93.2,   94.5,    6.8,    5.5,  100.0,   48.9,   23.8,   30.4,   47.7,    9.6,    0.0,    0.0,    0.0,    3.7,   12.7,    0.6,   93.2,   94.5,    6.8,    5.5,  100.0,    0.0,    0.0,    0.0,    0.0,    0.0,    0.0,    0.0,    0.0,    0.0,    0.0,    0.0,    0.0,    0.0,    0.0,    0.0,     30,     15,      9,.,      5,.,      0,      0,      0,.,.,.,     19,     18,     30,     15,      9,.,      5,.,      0,      0,      0,.,.,.,     19,     18,      0,      0,      0,      0,      0,      0,      0,      0,      0,      0,      0,      0,      0,      0,    48.0,    54.5,    70.2,    79.0,    39.7,    54.5,    57.7,    73.9,    48.0,    54.5,    70.2,    79.0,    39.7,    54.5,    57.7,    73.9,     0.0,     0.0,     0.0,     0.0,     0.0,     0.0,     0.0,     0.0,42000 gallons(1000 barrels),066418,IFED,066 ,N13,FutOnly
NAT GASLNE OPIS MT B NONTET FP - ICE FUTURES ENERGY DIV,260721,2026-07-21,06641A,IFED,01,066 ,   17536,   15891,    9594,     491,    2283,     343,       0,       0,       0,       0,    3795,     629,   17354,   16644,     182,     892,   17536,   15891,    9594,     491,    2283,     343,       0,       0,       0,       0,    3795,     629,   17354,   16644,     182,     892,       0,       0,       0,       0,       0,       0,       0,       0,       0,       0,       0,       0,       0,       0,       0,       0,     336,     337,      77,     -30,     175,      34,       0,       0,       0,       0,     125,     -15,     326,     396,      10,     -60,  100.0,   90.6,   54.7,    2.8,   13.0,    2.0,    0.0,    0.0,    0.0,    0.0,   21.6,    3.6,   99.0,   94.9,    1.0,    5.1,  100.0,   90.6,   54.7,    2.8,   13.0,    2.0,    0.0,    0.0,    0.0,    0.0,   21.6,    3.6,   99.0,   94.9,    1.0,    5.1,  100.0,    0.0,    0.0,    0.0,    0.0,    0.0,    0.0,    0.0,    0.0,    0.0,    0.0,    0.0,    0.0,    0.0,    0.0,    0.0,     33,     19,     17,.,      5,      4,      0,      0,      0,      0,      5,      4,     27,     28,     33,     19,     17,.,      5,      4,      0,      0,      0,      0,      5,      4,     27,     28,      0,      0,      0,      0,      0,      0,      0,      0,      0,      0,      0,      0,      0,      0,    64.8,    56.2,    85.3,    72.3,    56.4,    47.0,    69.7,    58.2,    64.8,    56.2,    85.3,    72.3,    56.4,    47.0,    69.7,    58.2,     0.0,     0.0,     0.0,     0.0,     0.0,     0.0,     0.0,     0.0,42000 gallons(1000 barrels),06641A,IFED,066 ,N13,FutOnly
BUTANE OPIS MT BELV NONTET FP  - ICE FUTURES ENERGY DIV,260721,2026-07-21,06641D,IFED,01,066 ,   60027,   37083,   33970,    3915,   11194,    4000,    2118,      25,     375,    5889,    3603,    6209,   59589,   59376,     438,     651,   60027,   37083,   33970,    3915,   11194,    4000,    2118,      25,     375,    5889,    3603,    6209,   59589,   59376,     438,     651,       0,       0,       0,       0,       0,       0,       0,       0,       0,       0,       0,       0,       0,       0,       0,       0,    3228,    2159,    2059,    -271,    -182,     152,     225,     -25,     375,    -152,     294,     743,    3231,    3416,      -3,    -188,  100.0,   61.8,   56.6,    6.5,   18.6,    6.7,    3.5,    0.0,    0.6,    9.8,    6.0,   10.3,   99.3,   98.9,    0.7,    1.1,  100.0,   61.8,   56.6,    6.5,   18.6,    6.7,    3.5,    0.0,    0.6,    9.8,    6.0,   10.3,   99.3,   98.9,    0.7,    1.1,  100.0,    0.0,    0.0,    0.0,    0.0,    0.0,    0.0,    0.0,    0.0,    0.0,    0.0,    0.0,    0.0,    0.0,    0.0,    0.0,     88,     51,     47,.,      9,      9,.,.,.,      7,      8,     13,     76,     75,     88,     51,     47,.,      9,      9,.,.,.,      7,      8,     13,     76,     75,      0,      0,      0,      0,      0,      0,      0,      0,      0,      0,      0,      0,      0,      0,    31.1,    28.9,    48.0,    44.6,    20.2,    18.3,    34.9,    31.1,    31.1,    28.9,    48.0,    44.6,    20.2,    18.3,    34.9,    31.1,     0.0,     0.0,     0.0,     0.0,     0.0,     0.0,     0.0,     0.0,42000 gallons(1000 barrels),06641D,IFED,066 ,N13,FutOnly
PROPANE OPIS CONWAY INWELL FP - ICE FUTURES ENERGY DIV,260721,2026-07-21,06641E,IFED,01,066 ,   12646,    7613,    7972,    1087,    1078,     763,       0,       0,       0,    1019,     389,    1973,   12455,   12175,     191,     471,   12646,    7613,    7972,    1087,    1078,     763,       0,       0,       0,    1019,     389,    1973,   12455,   12175,     191,     471,       0,       0,       0,       0,       0,       0,       0,       0,       0,       0,       0,       0,       0,       0,       0,       0,      78,     -19,     111,      79,    -176,     114,       0,       0,       0,    -112,     -12,       6,      68,      43,      10,      35,  100.0,   60.2,   63.0,    8.6,    8.5,    6.0,    0.0,    0.0,    0.0,    8.1,    3.1,   15.6,   98.5,   96.3,    1.5,    3.7,  100.0,   60.2,   63.0,    8.6,    8.5,    6.0,    0.0,    0.0,    0.0,    8.1,    3.1,   15.6,   98.5,   96.3,    1.5,    3.7,  100.0,    0.0,    0.0,    0.0,    0.0,    0.0,    0.0,    0.0,    0.0,    0.0,    0.0,    0.0,    0.0,    0.0,    0.0,    0.0,     36,     17,     15,      5,      5,      7,      0,      0,      0,.,      5,      7,     34,     30,     36,     17,     15,      5,      5,      7,      0,      0,      0,.,      5,      7,     34,     30,      0,      0,      0,      0,      0,      0,      0,      0,      0,      0,      0,      0,      0,      0,    52.2,    45.1,    69.5,    72.8,    39.5,    37.0,    48.5,    48.3,    52.2,    45.1,    69.5,    72.8,    39.5,    37.0,    48.5,    48.3,     0.0,     0.0,     0.0,     0.0,     0.0,     0.0,     0.0,     0.0,42000 gallons(1000 barrels),06641E,IFED,066 ,N13,FutOnly
PROPANE OPIS MT BELV NONTET FP - ICE FUTURES ENERGY DIV,260721,2026-07-21,06641F,IFED,01,066 ,  106124,   65382,   62006,   11405,   31165,    1105,       0,       0,       0,   22958,    6018,    4982,  105832,  105276,     292,     848,  106124,   65382,   62006,   11405,   31165,    1105,       0,       0,       0,   22958,    6018,    4982,  105832,  105276,     292,     848,       0,       0,       0,       0,       0,       0,       0,       0,       0,       0,       0,       0,       0,       0,       0,       0,    2216,    1813,     804,      25,    -168,      33,       0,       0,       0,     310,    1525,     -78,    2103,    2116,     113,     100,  100.0,   61.6,   58.4,   10.7,   29.4,    1.0,    0.0,    0.0,    0.0,   21.6,    5.7,    4.7,   99.7,   99.2,    0.3,    0.8,  100.0,   61.6,   58.4,   10.7,   29.4,    1.0,    0.0,    0.0,    0.0,   21.6,    5.7,    4.7,   99.7,   99.2,    0.3,    0.8,  100.0,    0.0,    0.0,    0.0,    0.0,    0.0,    0.0,    0.0,    0.0,    0.0,    0.0,    0.0,    0.0,    0.0,    0.0,    0.0,     79,     34,     36,.,     11,      6,      0,      0,      0,      6,      6,      7,     50,     60,     79,     34,     36,.,     11,      6,      0,      0,      0,      6,      6,      7,     50,     60,      0,      0,      0,      0,      0,      0,      0,      0,      0,      0,      0,      0,      0,      0,    57.1,    32.8,    75.3,    58.5,    55.1,    31.5,    71.8,    55.4,    57.1,    32.8,    75.3,    58.5,    55.1,    31.5,    71.8,    55.4,     0.0,     0.0,     0.0,     0.0,     0.0,     0.0,     0.0,     0.0,42000 gallons(1000 barrels),06641F,IFED,066 ,N13,FutOnly
PROPANE OPIS MT BELVIEU TET FP - ICE FUTURES ENERGY DIV,260721,2026-07-21,06641G,IFED,01,066 ,  167663,   90013,   92542,   18191,   13514,   12249,     335,    5451,     189,   31680,   28807,   14225,  166882,  166977,     781,     686,  167663,   90013,   92542,   18191,   13514,   12249,     335,    5451,     189,   31680,   28807,   14225,  166882,  166977,     781,     686,       0,       0,       0,       0,       0,       0,       0,       0,       0,       0,       0,       0,       0,       0,       0,       0,    3897,    1326,    2722,     929,     570,    -172,     335,    -237,       0,    2119,    1739,    -689,    3848,    3933,      49,     -36,  100.0,   53.7,   55.2,   10.8,    8.1,    7.3,    0.2,    3.3,    0.1,   18.9,   17.2,    8.5,   99.5,   99.6,    0.5,    0.4,  100.0,   53.7,   55.2,   10.8,    8.1,    7.3,    0.2,    3.3,    0.1,   18.9,   17.2,    8.5,   99.5,   99.6,    0.5,    0.4,  100.0,    0.0,    0.0,    0.0,    0.0,    0.0,    0.0,    0.0,    0.0,    0.0,    0.0,    0.0,    0.0,    0.0,    0.0,    0.0,    132,     61,     68,      8,     10,     16,.,      5,.,     19,     11,     21,    106,    117,    132,     61,     68,      8,     10,     16,.,      5,.,     19,     11,     21,    106,    117,      0,      0,      0,      0,      0,      0,      0,      0,      0,      0,      0,      0,      0,      0,    28.7,    35.0,    44.3,    46.4,    28.5,    28.5,    42.8,    38.5,    28.7,    35.0,    44.3,    46.4,    28.5,    28.5,    42.8,    38.5,     0.0,     0.0,     0.0,     0.0,     0.0,     0.0,     0.0,     0.0,42000 gallons(1000 barrels),06641G,IFED,066 ,N13,FutOnly
PROPANE ARGUS SAUDI CP FP - ICE FUTURES ENERGY DIV,260721,2026-07-21,06641H,IFED,01,066 ,    3719,    1314,    2337,     173,      35,      60,       0,       0,       0,     556,     257,     271,    2374,    2960,    1345,     759,    3719,    1314,    2337,     173,      35,      60,       0,       0,       0,     556,     257,     271,    2374,    2960,    1345,     759,       0,       0,       0,       0,       0,       0,       0,       0,       0,       0,       0,       0,       0,       0,       0,       0,     -26,      47,      14,     101,      27,      -4,       0,       0,       0,     -19,      -6,      -5,     120,      26,    -146,     -52,  100.0,   35.3,   62.8,    4.7,    0.9,    1.6,    0.0,    0.0,    0.0,   15.0,    6.9,    7.3,   63.8,   79.6,   36.2,   20.4,  100.0,   35.3,   62.8,    4.7,    0.9,    1.6,    0.0,    0.0,    0.0,   15.0,    6.9,    7.3,   63.8,   79.6,   36.2,   20.4,  100.0,    0.0,    0.0,    0.0,    0.0,    0.0,    0.0,    0.0,    0.0,    0.0,    0.0,    0.0,    0.0,    0.0,    0.0,    0.0,     27,     11,     12,.,.,.,      0,      0,      0,      4,.,      4,     21,     18,     27,     11,     12,.,.,.,      0,      0,      0,      4,.,      4,     21,     18,      0,      0,      0,      0,      0,      0,      0,      0,      0,      0,      0,      0,      0,      0,    29.0,    41.9,    42.8,    62.3,    26.0,    38.0,    35.6,    53.2,    29.0,    41.9,    42.8,    62.3,    26.0,    38.0,    35.6,    53.2,     0.0,     0.0,     0.0,     0.0,     0.0,     0.0,     0.0,     0.0,1000 Metric  Tonnes,06641H,IFED,066 ,N13,FutOnly
ARGUS PROPANE FAR EAST INDEX - NEW YORK MERCANTILE EXCHANGE,260721,2026-07-21,06665B,NYME,01,066 ,    4625,    2225,    3533,     423,      79,     195,      28,       0,       0,     740,      59,     234,    3845,    4100,     780,     525,    4625,    2225,    3533,     423,      79,     195,      28,       0,       0,     740,      59,     234,    3845,    4100,     780,     525,       0,       0,       0,       0,       0,       0,       0,       0,       0,       0,       0,       0,       0,       0,       0,       0,      66,     106,      81,      -2,      20,     -15,      -3,       0,       0,       9,       0,      -1,      94,      85,     -28,     -19,  100.0,   48.1,   76.4,    9.1,    1.7,    4.2,    0.6,    0.0,    0.0,   16.0,    1.3,    5.1,   83.1,   88.6,   16.9,   11.4,  100.0,   48.1,   76.4,    9.1,    1.7,    4.2,    0.6,    0.0,    0.0,   16.0,    1.3,    5.1,   83.1,   88.6,   16.9,   11.4,  100.0,    0.0,    0.0,    0.0,    0.0,    0.0,    0.0,    0.0,    0.0,    0.0,    0.0,    0.0,    0.0,    0.0,    0.0,    0.0,     26,     15,     13,.,.,.,.,      0,      0,      4,.,.,     23,     20,     26,     15,     13,.,.,.,.,      0,      0,      4,.,.,     23,     20,      0,      0,      0,      0,      0,      0,      0,      0,      0,      0,      0,      0,      0,      0,    46.1,    65.5,    59.6,    77.4,    42.3,    62.3,    53.3,    66.7,    46.1,    65.5,    59.6,    77.4,    42.3,    62.3,    53.3,    66.7,     0.0,     0.0,     0.0,     0.0,     0.0,     0.0,     0.0,     0.0,"(CONTRACTS OF 1,000 METRIC TONS)",06665B,NYME,066 ,N13,FutOnly
PROPANE NON-LDH MT BEL - NEW YORK MERCANTILE EXCHANGE,260721,2026-07-21,06665G,NYME,01,066 ,   26483,   19528,   14948,    1657,    7912,     950,       0,       0,       0,    2282,     359,    1769,   26186,   25938,     297,     545,   26483,   19528,   14948,    1657,    7912,     950,       0,       0,       0,    2282,     359,    1769,   26186,   25938,     297,     545,       0,       0,       0,       0,       0,       0,       0,       0,       0,       0,       0,       0,       0,       0,       0,       0,     612,     129,      71,     327,       0,       5,       0,       0,       0,    -156,     229,     307,     612,     612,       0,       0,  100.0,   73.7,   56.4,    6.3,   29.9,    3.6,    0.0,    0.0,    0.0,    8.6,    1.4,    6.7,   98.9,   97.9,    1.1,    2.1,  100.0,   73.7,   56.4,    6.3,   29.9,    3.6,    0.0,    0.0,    0.0,    8.6,    1.4,    6.7,   98.9,   97.9,    1.1,    2.1,  100.0,    0.0,    0.0,    0.0,    0.0,    0.0,    0.0,    0.0,    0.0,    0.0,    0.0,    0.0,    0.0,    0.0,    0.0,    0.0,     61,     28,     29,      4,      6,      4,      0,      0,      0,      5,.,      4,     43,     40,     61,     28,     29,      4,      6,      4,      0,      0,      0,      5,.,      4,     43,     40,      0,      0,      0,      0,      0,      0,      0,      0,      0,      0,      0,      0,      0,      0,    31.3,    39.7,    55.1,    57.3,    27.9,    39.7,    46.6,    55.4,    31.3,    39.7,    55.1,    57.3,    27.9,    39.7,    46.6,    55.4,     0.0,     0.0,     0.0,     0.0,     0.0,     0.0,     0.0,     0.0,"(CONTRACTS OF 42,000 GALLONS)",06665G,NYME,066 ,N13,FutOnly
PROPANE - NEW YORK MERCANTILE EXCHANGE,260721,2026-07-21,06665O,NYME,01,066 ,  106542,   75653,   65226,    6982,    8622,    8649,    2316,    1200,     611,    1432,   11366,   10164,  105807,  105838,     735,     704,  106542,   75653,   65226,    6982,    8622,    8649,    2316,    1200,     611,    1432,   11366,   10164,  105807,  105838,     735,     704,       0,       0,       0,       0,       0,       0,       0,       0,       0,       0,       0,       0,       0,       0,       0,       0,    4892,    1943,    3003,     -58,     -44,    1249,     309,      85,       2,     117,    -634,    1214,    4776,    4875,     116,      17,  100.0,   71.0,   61.2,    6.6,    8.1,    8.1,    2.2,    1.1,    0.6,    1.3,   10.7,    9.5,   99.3,   99.3,    0.7,    0.7,  100.0,   71.0,   61.2,    6.6,    8.1,    8.1,    2.2,    1.1,    0.6,    1.3,   10.7,    9.5,   99.3,   99.3,    0.7,    0.7,  100.0,    0.0,    0.0,    0.0,    0.0,    0.0,    0.0,    0.0,    0.0,    0.0,    0.0,    0.0,    0.0,    0.0,    0.0,    0.0,    131,     65,     60,     10,      8,     14,      8,      7,      4,      6,     16,     15,    111,    103,    131,     65,     60,     10,      8,     14,      8,      7,      4,      6,     16,     15,    111,    103,      0,      0,      0,      0,      0,      0,      0,      0,      0,      0,      0,      0,      0,      0,    38.4,    23.6,    53.0,    40.5,    34.0,    22.7,    41.4,    33.2,    38.4,    23.6,    53.0,    40.5,    34.0,    22.7,    41.4,    33.2,     0.0,     0.0,     0.0,     0.0,     0.0,     0.0,     0.0,     0.0,"(CONTRACTS OF 42,000 GALLONS)",06665O,NYME,066 ,N13,FutOnly
MT BELVIEU ETHANE OPIS - NEW YORK MERCANTILE EXCHANGE,260721,2026-07-21,06665P,NYME,01,066 ,   37898,   31596,   20753,    1373,   11564,    2014,    1784,     915,     195,     183,     575,     577,   37722,   36593,     176,    1305,   37898,   31596,   20753,    1373,   11564,    2014,    1784,     915,     195,     183,     575,     577,   37722,   36593,     176,    1305,       0,       0,       0,       0,       0,       0,       0,       0,       0,       0,       0,       0,       0,       0,       0,       0,     617,     982,     267,    -390,     118,     -15,       0,     130,       0,       0,      45,      40,     617,     585,       0,      32,  100.0,   83.4,   54.8,    3.6,   30.5,    5.3,    4.7,    2.4,    0.5,    0.5,    1.5,    1.5,   99.5,   96.6,    0.5,    3.4,  100.0,   83.4,   54.8,    3.6,   30.5,    5.3,    4.7,    2.4,    0.5,    0.5,    1.5,    1.5,   99.5,   96.6,    0.5,    3.4,  100.0,    0.0,    0.0,    0.0,    0.0,    0.0,    0.0,    0.0,    0.0,    0.0,    0.0,    0.0,    0.0,    0.0,    0.0,    0.0,     50,     20,     23,.,      4,      4,      5,      5,.,.,      4,      5,     34,     42,     50,     20,     23,.,      4,      4,      5,      5,.,.,      4,      5,     34,     42,      0,      0,      0,      0,      0,      0,      0,      0,      0,      0,      0,      0,      0,      0,    61.4,    43.2,    78.3,    62.3,    48.2,    34.1,    57.5,    47.8,    61.4,    43.2,    78.3,    62.3,    48.2,    34.1,    57.5,    47.8,     0.0,     0.0,     0.0,     0.0,     0.0,     0.0,     0.0,     0.0,"(CONTRACTS OF 42,000 GALLONS)",06665P,NYME,066 ,N13,FutOnly
MT BELV NORM BUTANE OPIS - NEW YORK MERCANTILE EXCHANGE,260721,2026-07-21,06665Q,NYME,01,066 ,   45126,   33603,   28538,    2374,    6635,    2930,    1358,     180,       0,    2383,    3818,    1711,   44359,   43812,     767,    1314,   45126,   33603,   28538,    2374,    6635,    2930,    1358,     180,       0,    2383,    3818,    1711,   44359,   43812,     767,    1314,       0,       0,       0,       0,       0,       0,       0,       0,       0,       0,       0,       0,       0,       0,       0,       0,    1669,     967,    1710,    -255,    -424,     203,     386,     -55,     -15,     113,     138,     103,    1502,    1660,     167,       9,  100.0,   74.5,   63.2,    5.3,   14.7,    6.5,    3.0,    0.4,    0.0,    5.3,    8.5,    3.8,   98.3,   97.1,    1.7,    2.9,  100.0,   74.5,   63.2,    5.3,   14.7,    6.5,    3.0,    0.4,    0.0,    5.3,    8.5,    3.8,   98.3,   97.1,    1.7,    2.9,  100.0,    0.0,    0.0,    0.0,    0.0,    0.0,    0.0,    0.0,    0.0,    0.0,    0.0,    0.0,    0.0,    0.0,    0.0,    0.0,     98,     54,     50,      4,      7,      8,      9,.,      0,     10,      5,     11,     85,     74,     98,     54,     50,      4,      7,      8,      9,.,      0,     10,      5,     11,     85,     74,      0,      0,      0,      0,      0,      0,      0,      0,      0,      0,      0,      0,      0,      0,    31.0,    24.5,    44.1,    40.3,    19.1,    18.3,    30.1,    30.9,    31.0,    24.5,    44.1,    40.3,    19.1,    18.3,    30.1,    30.9,     0.0,     0.0,     0.0,     0.0,     0.0,     0.0,     0.0,     0.0,"(CONTRACTS OF 42,000 GALLONS)",06665Q,NYME,066 ,N13,FutOnly
MT BELV NAT GASOLINE OPIS - NEW YORK MERCANTILE EXCHANGE,260721,2026-07-21,06665R,NYME,01,066 ,   47360,   45364,   29577,       0,   15119,       0,      30,       0,       0,    1765,    1286,      70,   47229,   46052,     131,    1308,   47360,   45364,   29577,       0,   15119,       0,      30,       0,       0,    1765,    1286,      70,   47229,   46052,     131,    1308,       0,       0,       0,       0,       0,       0,       0,       0,       0,       0,       0,       0,       0,       0,       0,       0,    2095,    1992,    1587,       0,     423,       0,      30,       0,       0,      90,      95,     -10,    2102,    2095,      -7,       0,  100.0,   95.8,   62.5,    0.0,   31.9,    0.0,    0.1,    0.0,    0.0,    3.7,    2.7,    0.1,   99.7,   97.2,    0.3,    2.8,  100.0,   95.8,   62.5,    0.0,   31.9,    0.0,    0.1,    0.0,    0.0,    3.7,    2.7,    0.1,   99.7,   97.2,    0.3,    2.8,  100.0,    0.0,    0.0,    0.0,    0.0,    0.0,    0.0,    0.0,    0.0,    0.0,    0.0,    0.0,    0.0,    0.0,    0.0,    0.0,     50,     26,     27,      0,      7,      0,.,      0,      0,      5,.,.,     34,     37,     50,     26,     27,      0,      7,      0,.,      0,      0,      5,.,.,     34,     37,      0,      0,      0,      0,      0,      0,      0,      0,      0,      0,      0,      0,      0,      0,    82.6,    39.9,    91.6,    63.3,    78.7,    38.9,    85.4,    59.4,    82.6,    39.9,    91.6,    63.3,    78.7,    38.9,    85.4,    59.4,     0.0,     0.0,     0.0,     0.0,     0.0,     0.0,     0.0,     0.0,"(CONTRACTS OF 42,000 GALLONS)",06665R,NYME,066 ,N13,FutOnly
CONWAY PROPANE (OPIS) - NEW YORK MERCANTILE EXCHANGE,260721,2026-07-21,06665T,NYME,01,066 ,   20209,   14532,   11968,    1725,    4516,     887,       0,     275,       0,     316,     314,    1748,   19208,   19708,    1001,     501,   20209,   14532,   11968,    1725,    4516,     887,       0,     275,       0,     316,     314,    1748,   19208,   19708,    1001,     501,       0,       0,       0,       0,       0,       0,       0,       0,       0,       0,       0,       0,       0,       0,       0,       0,    1884,    1910,    1606,      30,     176,      50,       0,       0,       0,    -115,     104,      -9,    1866,    1927,      18,     -43,  100.0,   71.9,   59.2,    8.5,   22.3,    4.4,    0.0,    1.4,    0.0,    1.6,    1.6,    8.6,   95.0,   97.5,    5.0,    2.5,  100.0,   71.9,   59.2,    8.5,   22.3,    4.4,    0.0,    1.4,    0.0,    1.6,    1.6,    8.6,   95.0,   97.5,    5.0,    2.5,  100.0,    0.0,    0.0,    0.0,    0.0,    0.0,    0.0,    0.0,    0.0,    0.0,    0.0,    0.0,    0.0,    0.0,    0.0,    0.0,     52,     23,     26,.,      7,      7,      0,.,      0,      4,.,      6,     38,     44,     52,     23,     26,.,      7,      7,      0,.,      0,      4,.,      6,     38,     44,      0,      0,      0,      0,      0,      0,      0,      0,      0,      0,      0,      0,      0,      0,    53.5,    39.4,    66.6,    61.1,    46.9,    30.9,    56.7,    49.4,    53.5,    39.4,    66.6,    61.1,    46.9,    30.9,    56.7,    49.4,     0.0,     0.0,     0.0,     0.0,     0.0,     0.0,     0.0,     0.0,"(CONTRACTS OF 42,000 GALLONS)",06665T,NYME,066 ,N13,FutOnly
CRUDE DIFF-WCS HOUSTON/WTI 1ST - ICE FUTURES ENERGY DIV,260721,2026-07-21,06739C,IFED,01,067 ,   46989,   30815,   44679,    4670,     225,      25,   10469,     830,     910,       0,     200,     100,   46989,   46969,       0,      20,   46989,   30815,   44679,    4670,     225,      25,   10469,     830,     910,       0,     200,     100,   46989,   46969,       0,      20,       0,       0,       0,       0,       0,       0,       0,       0,       0,       0,       0,       0,       0,       0,       0,       0,    -220,   -2865,    -455,      70,       0,      25,    2770,     430,     -30,       0,       0,       0,     -30,     -30,    -190,    -190,  100.0,   65.6,   95.1,    9.9,    0.5,    0.1,   22.3,    1.8,    1.9,    0.0,    0.4,    0.2,  100.0,  100.0,    0.0,    0.0,  100.0,   65.6,   95.1,    9.9,    0.5,    0.1,   22.3,    1.8,    1.9,    0.0,    0.4,    0.2,  100.0,  100.0,    0.0,    0.0,  100.0,    0.0,    0.0,    0.0,    0.0,    0.0,    0.0,    0.0,    0.0,    0.0,    0.0,    0.0,    0.0,    0.0,    0.0,    0.0,     41,     23,     22,.,.,.,.,.,.,      0,.,.,     30,     29,     41,     23,     22,.,.,.,.,.,.,      0,.,.,     30,     29,      0,      0,      0,      0,      0,      0,      0,      0,      0,      0,      0,      0,      0,      0,    46.1,    57.4,    64.7,    78.5,    43.2,    49.4,    59.2,    66.7,    46.1,    57.4,    64.7,    78.5,    43.2,    49.4,    59.2,    66.7,     0.0,     0.0,     0.0,     0.0,     0.0,     0.0,     0.0,     0.0,(1000 Barrels),06739C,IFED,067 ,N10,FutOnly
"CRUDE OIL, LIGHT SWEET-WTI - ICE FUTURES EUROPE",260721,2026-07-21,067411,ICEU,01,067 ,  770415,  403188,  344300,    7566,   82310,   53159,    9126,   26334,   28649,   81775,   52053,  170171,  753634,  756976,   16781,   13439,  770415,  403188,  344300,    7566,   82310,   53159,    9126,   26334,   28649,   81775,   52053,  170171,  753634,  756976,   16781,   13439,       0,       0,       0,       0,       0,       0,       0,       0,       0,       0,       0,       0,       0,       0,       0,       0,  -21265,  -15083,  -13964,   -1256,   -5221,   -1648,    4318,   -2694,   -5590,   -5588,    5764,    3389,  -21458,  -19964,     193,   -1301,  100.0,   52.3,   44.7,    1.0,   10.7,    6.9,    1.2,    3.4,    3.7,   10.6,    6.8,   22.1,   97.8,   98.3,    2.2,    1.7,  100.0,   52.3,   44.7,    1.0,   10.7,    6.9,    1.2,    3.4,    3.7,   10.6,    6.8,   22.1,   97.8,   98.3,    2.2,    1.7,  100.0,    0.0,    0.0,    0.0,    0.0,    0.0,    0.0,    0.0,    0.0,    0.0,    0.0,    0.0,    0.0,    0.0,    0.0,    0.0,    115,     40,     36,.,     11,     12,      5,     14,     14,     13,     22,     34,    101,    106,    115,     40,     36,.,     11,     12,      5,     14,     14,     13,     22,     34,    101,    106,      0,      0,      0,      0,      0,      0,      0,      0,      0,      0,      0,      0,      0,      0,    36.7,    33.6,    55.6,    45.8,    29.8,    22.6,    41.7,    31.0,    36.7,    33.6,    55.6,    45.8,    29.8,    22.6,    41.7,    31.0,     0.0,     0.0,     0.0,     0.0,     0.0,     0.0,     0.0,     0.0,"(CONTRACTS OF 1,000 BARRELS)",067411,ICEU,067 ,N10,FutOnly
WTI CRUDE OIL 1ST LINE - ICE FUTURES ENERGY DIV,260721,2026-07-21,06741Q,IFED,01,067 ,   27830,   17804,    3073,    2208,   12196,    1707,       0,       0,       0,    4875,    9345,     174,   26768,   26495,    1062,    1335,   27830,   17804,    3073,    2208,   12196,    1707,       0,       0,       0,    4875,    9345,     174,   26768,   26495,    1062,    1335,       0,       0,       0,       0,       0,       0,       0,       0,       0,       0,       0,       0,       0,       0,       0,       0,     853,     782,     126,     -77,     569,       0,       0,       0,       0,     194,     214,       6,     905,     915,     -52,     -62,  100.0,   64.0,   11.0,    7.9,   43.8,    6.1,    0.0,    0.0,    0.0,   17.5,   33.6,    0.6,   96.2,   95.2,    3.8,    4.8,  100.0,   64.0,   11.0,    7.9,   43.8,    6.1,    0.0,    0.0,    0.0,   17.5,   33.6,    0.6,   96.2,   95.2,    3.8,    4.8,  100.0,    0.0,    0.0,    0.0,    0.0,    0.0,    0.0,    0.0,    0.0,    0.0,    0.0,    0.0,    0.0,    0.0,    0.0,    0.0,     21,      6,      4,.,      6,.,      0,      0,      0,.,.,.,     15,     15,     21,      6,      4,.,      6,.,      0,      0,      0,.,.,.,     15,     15,      0,      0,      0,      0,      0,      0,      0,      0,      0,      0,      0,      0,      0,      0,    71.2,    67.8,    89.0,    87.1,    66.1,    63.4,    82.3,    80.2,    71.2,    67.8,    89.0,    87.1,    66.1,    63.4,    82.3,    80.2,     0.0,     0.0,     0.0,     0.0,     0.0,     0.0,     0.0,     0.0,1000 US barrels per lot,06741Q,IFED,067 ,N10,FutOnly
CRUDE DIFF-TMX WCS 1A INDEX - ICE FUTURES ENERGY DIV,260721,2026-07-21,06742G,IFED,01,067 ,   55209,   55014,   19867,       0,   21023,     135,       0,   14056,      30,      30,      80,       0,   55209,   55191,       0,      18,   55209,   55014,   19867,       0,   21023,     135,       0,   14056,      30,      30,      80,       0,   55209,   55191,       0,      18,       0,       0,       0,       0,       0,       0,       0,       0,       0,       0,       0,       0,       0,       0,       0,       0,   -8785,   -8720,   -5120,       0,   -3551,     -45,       0,     -11,       0,      30,       0,       0,   -8735,   -8727,     -50,     -58,  100.0,   99.6,   36.0,    0.0,   38.1,    0.2,    0.0,   25.5,    0.1,    0.1,    0.1,    0.0,  100.0,  100.0,    0.0,    0.0,  100.0,   99.6,   36.0,    0.0,   38.1,    0.2,    0.0,   25.5,    0.1,    0.1,    0.1,    0.0,  100.0,  100.0,    0.0,    0.0,  100.0,    0.0,    0.0,    0.0,    0.0,    0.0,    0.0,    0.0,    0.0,    0.0,    0.0,    0.0,    0.0,    0.0,    0.0,    0.0,     44,     23,     18,      0,     10,.,      0,.,.,.,.,      0,     27,     32,     44,     23,     18,      0,     10,.,      0,.,.,.,.,      0,     27,     32,      0,      0,      0,      0,      0,      0,      0,      0,      0,      0,      0,      0,      0,      0,    58.9,    47.7,    86.1,    71.1,    53.5,    47.6,    76.6,    70.0,    58.9,    47.7,    86.1,    71.1,    53.5,    47.6,    76.6,    70.0,     0.0,     0.0,     0.0,     0.0,     0.0,     0.0,     0.0,     0.0,1000 BARRELS,06742G,IFED,067 ,N10,FutOnly
CRUDE DIFF-TMX SW 1A INDEX - ICE FUTURES ENERGY DIV,260721,2026-07-21,06742T,IFED,01,067 ,   12669,   12504,    4228,       0,    7171,       0,     165,    1180,       0,       0,      90,       0,   12669,   12669,       0,       0,   12669,   12504,    4228,       0,    7171,       0,     165,    1180,       0,       0,      90,       0,   12669,   12669,       0,       0,       0,       0,       0,       0,       0,       0,       0,       0,       0,       0,       0,       0,       0,       0,       0,       0,   -1769,   -1769,    -760,       0,   -1079,       0,     165,      40,       0,       0,      30,       0,   -1604,   -1769,    -165,       0,  100.0,   98.7,   33.4,    0.0,   56.6,    0.0,    1.3,    9.3,    0.0,    0.0,    0.7,    0.0,  100.0,  100.0,    0.0,    0.0,  100.0,   98.7,   33.4,    0.0,   56.6,    0.0,    1.3,    9.3,    0.0,    0.0,    0.7,    0.0,  100.0,  100.0,    0.0,    0.0,  100.0,    0.0,    0.0,    0.0,    0.0,    0.0,    0.0,    0.0,    0.0,    0.0,    0.0,    0.0,    0.0,    0.0,    0.0,    0.0,     30,     15,     10,      0,      6,      0,.,.,      0,      0,.,      0,     16,     19,     30,     15,     10,      0,      6,      0,.,.,      0,      0,.,      0,     16,     19,      0,      0,      0,      0,      0,      0,      0,      0,      0,      0,      0,      0,      0,      0,    76.6,    62.3,    91.4,    81.8,    62.0,    57.9,    75.2,    68.6,    76.6,    62.3,    91.4,    81.8,    62.0,    57.9,    75.2,    68.6,     0.0,     0.0,     0.0,     0.0,     0.0,     0.0,     0.0,     0.0,1000 BARRELS,06742T,IFED,067 ,N10,FutOnly
CONDENSATE DIF-TMX C5 1A INDEX - ICE FUTURES ENERGY DIV,260721,2026-07-21,06743A,IFED,01,067 ,   12645,   11205,   12330,    1440,     120,       0,       0,       0,       0,       0,      90,       0,   12645,   12540,       0,     105,   12645,   11205,   12330,    1440,     120,       0,       0,       0,       0,       0,      90,       0,   12645,   12540,       0,     105,       0,       0,       0,       0,       0,       0,       0,       0,       0,       0,       0,       0,       0,       0,       0,       0,   -2025,   -1695,   -2085,    -330,     -30,       0,       0,       0,       0,       0,      90,       0,   -2025,   -2025,       0,       0,  100.0,   88.6,   97.5,   11.4,    0.9,    0.0,    0.0,    0.0,    0.0,    0.0,    0.7,    0.0,  100.0,   99.2,    0.0,    0.8,  100.0,   88.6,   97.5,   11.4,    0.9,    0.0,    0.0,    0.0,    0.0,    0.0,    0.7,    0.0,  100.0,   99.2,    0.0,    0.8,  100.0,    0.0,    0.0,    0.0,    0.0,    0.0,    0.0,    0.0,    0.0,    0.0,    0.0,    0.0,    0.0,    0.0,    0.0,    0.0,     27,     18,     15,.,.,      0,      0,      0,      0,      0,.,      0,     20,     17,     27,     18,     15,.,.,      0,      0,      0,      0,      0,.,      0,     20,     17,      0,      0,      0,      0,      0,      0,      0,      0,      0,      0,      0,      0,      0,      0,    60.0,    73.2,    84.2,    87.4,    50.5,    61.9,    62.6,    66.4,    60.0,    73.2,    84.2,    87.4,    50.5,    61.9,    62.6,    66.4,     0.0,     0.0,     0.0,     0.0,     0.0,     0.0,     0.0,     0.0,1000 BARRELS,06743A,IFED,067 ,N10,FutOnly
WTI-PHYSICAL - NEW YORK MERCANTILE EXCHANGE,260721,2026-07-21,067651,NYME,01,067 , 1864487,  673702,  290352,   94804,  586755,  127788,  187469,  123490,  273264,  122713,  105003,  307670, 1787410, 1814322,   77077,   50165, 1864487,  673702,  290352,   94804,  586755,  127788,  187469,  123490,  273264,  122713,  105003,  307670, 1787410, 1814322,   77077,   50165,       0,       0,       0,       0,       0,       0,       0,       0,       0,       0,       0,       0,       0,       0,       0,       0,  -11009,  -26405,  -10457,    2390,    9955,   -3055,    6308,    4303,     626,    1445,  -15556,    3311,  -15380,  -10873,    4371,    -136,  100.0,   36.1,   15.6,    5.1,   31.5,    6.9,   10.1,    6.6,   14.7,    6.6,    5.6,   16.5,   95.9,   97.3,    4.1,    2.7,  100.0,   36.1,   15.6,    5.1,   31.5,    6.9,   10.1,    6.6,   14.7,    6.6,    5.6,   16.5,   95.9,   97.3,    4.1,    2.7,  100.0,    0.0,    0.0,    0.0,    0.0,    0.0,    0.0,    0.0,    0.0,    0.0,    0.0,    0.0,    0.0,    0.0,    0.0,    0.0,    284,     57,     55,     12,     29,     30,     54,     31,     54,     55,     34,     53,    251,    218,    284,     57,     55,     12,     29,     30,     54,     31,     54,     55,     34,     53,    251,    218,      0,      0,      0,      0,      0,      0,      0,      0,      0,      0,      0,      0,      0,      0,    16.7,    19.2,    30.8,    29.0,    10.5,    13.3,    17.9,    20.7,    16.7,    19.2,    30.8,    29.0,    10.5,    13.3,    17.9,    20.7,     0.0,     0.0,     0.0,     0.0,     0.0,     0.0,     0.0,     0.0,"(CONTRACTS OF 1,000 BARRELS)",067651,NYME,067 ,N10,FutOnly
WTI FINANCIAL CRUDE OIL - NEW YORK MERCANTILE EXCHANGE,260721,2026-07-21,06765A,NYME,01,067 ,  202975,   39411,   47307,   63952,   55755,   10969,       0,       0,       0,   47830,   27791,   13795,  175957,  155617,   27018,   47358,  202975,   39411,   47307,   63952,   55755,   10969,       0,       0,       0,   47830,   27791,   13795,  175957,  155617,   27018,   47358,       0,       0,       0,       0,       0,       0,       0,       0,       0,       0,       0,       0,       0,       0,       0,       0,    6083,    1730,    1920,    1126,     120,    1082,       0,       0,       0,     448,     192,     575,    4961,    3889,    1122,    2194,  100.0,   19.4,   23.3,   31.5,   27.5,    5.4,    0.0,    0.0,    0.0,   23.6,   13.7,    6.8,   86.7,   76.7,   13.3,   23.3,  100.0,   19.4,   23.3,   31.5,   27.5,    5.4,    0.0,    0.0,    0.0,   23.6,   13.7,    6.8,   86.7,   76.7,   13.3,   23.3,  100.0,    0.0,    0.0,    0.0,    0.0,    0.0,    0.0,    0.0,    0.0,    0.0,    0.0,    0.0,    0.0,    0.0,    0.0,    0.0,     47,     15,     15,     11,      5,      9,      0,      0,      0,      4,      7,      8,     38,     36,     47,     15,     15,     11,      5,      9,      0,      0,      0,      4,      7,      8,     38,     36,      0,      0,      0,      0,      0,      0,      0,      0,      0,      0,      0,      0,      0,      0,    32.0,    34.3,    48.5,    49.2,    30.9,    34.3,    45.0,    48.9,    32.0,    34.3,    48.5,    49.2,    30.9,    34.3,    45.0,    48.9,     0.0,     0.0,     0.0,     0.0,     0.0,     0.0,     0.0,     0.0,"(CONTRACTS OF 1,000 BARRELS)",06765A,NYME,067 ,N10,FutOnly
BRENT LAST DAY - NEW YORK MERCANTILE EXCHANGE,260721,2026-07-21,06765T,NYME,01,067 ,  247812,   18330,   55450,   60162,       0,   10501,   15665,    1410,    7175,   38380,   79365,   88001,  238214,  241902,    9598,    5910,  247812,   18330,   55450,   60162,       0,   10501,   15665,    1410,    7175,   38380,   79365,   88001,  238214,  241902,    9598,    5910,       0,       0,       0,       0,       0,       0,       0,       0,       0,       0,       0,       0,       0,       0,       0,       0,     683,    -925,   -3031,    2431,       0,     624,    2524,     806,    -924,    -941,    6083,   -2963,    -174,     595,     857,      88,  100.0,    7.4,   22.4,   24.3,    0.0,    4.2,    6.3,    0.6,    2.9,   15.5,   32.0,   35.5,   96.1,   97.6,    3.9,    2.4,  100.0,    7.4,   22.4,   24.3,    0.0,    4.2,    6.3,    0.6,    2.9,   15.5,   32.0,   35.5,   96.1,   97.6,    3.9,    2.4,  100.0,    0.0,    0.0,    0.0,    0.0,    0.0,    0.0,    0.0,    0.0,    0.0,    0.0,    0.0,    0.0,    0.0,    0.0,    0.0,     54,     10,      9,     10,      0,      7,.,.,      4,     14,     15,     26,     51,     48,     54,     10,      9,     10,      0,      7,.,.,      4,     14,     15,     26,     51,     48,      0,      0,      0,      0,      0,      0,      0,      0,      0,      0,      0,      0,      0,      0,    30.9,    51.8,    54.7,    69.3,    25.3,    39.3,    37.8,    47.0,    30.9,    51.8,    54.7,    69.3,    25.3,    39.3,    37.8,    47.0,     0.0,     0.0,     0.0,     0.0,     0.0,     0.0,     0.0,     0.0,"(CONTRACTS OF 1,000 BARRELS)",06765T,NYME,067 ,N10,FutOnly
WTI  HOUSTON ARGUS/WTI TR MO - NEW YORK MERCANTILE EXCHANGE,260721,2026-07-21,0676A5,NYME,01,067 ,  481037,  455480,  318635,       0,   52278,    2580,    6160,   36025,    5895,     314,   49032,    5568,  475997,  470013,    5040,   11024,  481037,  455480,  318635,       0,   52278,    2580,    6160,   36025,    5895,     314,   49032,    5568,  475997,  470013,    5040,   11024,       0,       0,       0,       0,       0,       0,       0,       0,       0,       0,       0,       0,       0,       0,       0,       0,    3187,    2066,     997,       0,    2590,    1267,   -2160,   -1825,       0,     291,   -1935,    1223,    2687,    2317,     500,     870,  100.0,   94.7,   66.2,    0.0,   10.9,    0.5,    1.3,    7.5,    1.2,    0.1,   10.2,    1.2,   99.0,   97.7,    1.0,    2.3,  100.0,   94.7,   66.2,    0.0,   10.9,    0.5,    1.3,    7.5,    1.2,    0.1,   10.2,    1.2,   99.0,   97.7,    1.0,    2.3,  100.0,    0.0,    0.0,    0.0,    0.0,    0.0,    0.0,    0.0,    0.0,    0.0,    0.0,    0.0,    0.0,    0.0,    0.0,    0.0,     44,     23,     27,      0,      7,.,.,.,.,.,.,.,     30,     39,     44,     23,     27,      0,      7,.,.,.,.,.,.,.,     30,     39,      0,      0,      0,      0,      0,      0,      0,      0,      0,      0,      0,      0,      0,      0,    55.6,    41.7,    82.9,    64.9,    52.5,    38.9,    66.7,    52.8,    55.6,    41.7,    82.9,    64.9,    52.5,    38.9,    66.7,    52.8,     0.0,     0.0,     0.0,     0.0,     0.0,     0.0,     0.0,     0.0,"(CONTRACTS OF 1,000 BARRELS)",0676A5,NYME,067 ,N10,FutOnly
WTI MIDLAND ARGUS VS WTI TRADE - NEW YORK MERCANTILE EXCHANGE,260721,2026-07-21,067A71,NYME,01,067 ,  308411,  268643,  137567,    2875,  143290,    3858,       0,    5460,       0,   26385,       0,       0,  301761,  290175,    6650,   18236,  308411,  268643,  137567,    2875,  143290,    3858,       0,    5460,       0,   26385,       0,       0,  301761,  290175,    6650,   18236,       0,       0,       0,       0,       0,       0,       0,       0,       0,       0,       0,       0,       0,       0,       0,       0,    5803,    6802,   10443,    1346,    1260,    -630,       0,       0,       0,       0,       0,       0,    7518,   11073,   -1715,   -5270,  100.0,   87.1,   44.6,    0.9,   46.5,    1.3,    0.0,    1.8,    0.0,    8.6,    0.0,    0.0,   97.8,   94.1,    2.2,    5.9,  100.0,   87.1,   44.6,    0.9,   46.5,    1.3,    0.0,    1.8,    0.0,    8.6,    0.0,    0.0,   97.8,   94.1,    2.2,    5.9,  100.0,    0.0,    0.0,    0.0,    0.0,    0.0,    0.0,    0.0,    0.0,    0.0,    0.0,    0.0,    0.0,    0.0,    0.0,    0.0,     34,     14,     12,.,     10,.,      0,.,      0,.,      0,      0,     16,     24,     34,     14,     12,.,     10,.,      0,.,      0,.,      0,      0,     16,     24,      0,      0,      0,      0,      0,      0,      0,      0,      0,      0,      0,      0,      0,      0,    62.9,    51.3,    85.0,    75.9,    62.9,    51.3,    84.8,    75.9,    62.9,    51.3,    85.0,    75.9,    62.9,    51.3,    84.8,    75.9,     0.0,     0.0,     0.0,     0.0,     0.0,     0.0,     0.0,     0.0,"(CONTRACTS OF 1,000 BARRELS)",067A71,NYME,067 ,N10,FutOnly
COCOA - ICE FUTURES U.S.,260721,2026-07-21,073732,ICUS,01,073 ,  201552,   54776,   75951,   34764,   11432,   10299,   20638,   27614,   32440,   14673,   11604,   23837,  191427,  193177,   10125,    8375,   69341,   11905,    8374,   16334,    6934,       6,   16076,   32557,    1937,   18251,   14271,     232,   64741,   64311,    4600,    5030,  132211,   42871,   67577,   20107,    6175,    8616,   23838,   14333,   11227,   11216,   12127,    8811,  126686,  128866,    5525,    3345,   -2196,   -1712,   -2024,   -4799,    2526,    4033,    1329,    1191,     667,      10,   -6529,   -1715,   -2187,   -1851,      -9,    -345,  100.0,   27.2,   37.7,   17.2,    5.7,    5.1,   10.2,   13.7,   16.1,    7.3,    5.8,   11.8,   95.0,   95.8,    5.0,    4.2,  100.0,   17.2,   12.1,   23.6,   10.0,    0.0,   23.2,   47.0,    2.8,   26.3,   20.6,    0.3,   93.4,   92.7,    6.6,    7.3,  100.0,   32.4,   51.1,   15.2,    4.7,    6.5,   18.0,   10.8,    8.5,    8.5,    9.2,    6.7,   95.8,   97.5,    4.2,    2.5,    203,     29,     28,     19,      6,     13,     37,     42,     45,     28,     28,     38,    167,    155,    183,     20,     19,     17,      8,.,     26,     45,     14,     28,     26,.,    104,    104,    164,     25,     25,     17,      7,      9,     38,     19,     26,     20,     26,     27,    131,    112,    15.0,    14.4,    25.9,    26.5,    12.6,    13.2,    21.6,    21.4,    22.1,    25.0,    33.7,    40.6,    22.1,    25.0,    33.6,    39.9,    19.3,    21.5,    30.8,    37.5,    14.8,    20.6,    25.1,    32.3,(CONTRACTS OF 10 METRIC TONS),073732,ICUS,073 ,A50,FutOnly
PALLADIUM - NEW YORK MERCANTILE EXCHANGE,260721,2026-07-21,075651,NYME,01,075 ,   18440,    1824,    1049,    6776,    2850,     161,    3966,   10583,     534,    2677,    1063,     363,   16301,   16603,    2139,    1837,   18440,    1824,    1049,    6776,    2850,     161,    3966,   10583,     534,    2677,    1063,     363,   16301,   16603,    2139,    1837,       0,       0,       0,       0,       0,       0,       0,       0,       0,       0,       0,       0,       0,       0,       0,       0,    -138,      80,     -98,       2,    -105,     -20,    -181,     209,    -148,     126,    -150,      70,     -71,    -242,     -67,     104,  100.0,    9.9,    5.7,   36.7,   15.5,    0.9,   21.5,   57.4,    2.9,   14.5,    5.8,    2.0,   88.4,   90.0,   11.6,   10.0,  100.0,    9.9,    5.7,   36.7,   15.5,    0.9,   21.5,   57.4,    2.9,   14.5,    5.8,    2.0,   88.4,   90.0,   11.6,   10.0,  100.0,    0.0,    0.0,    0.0,    0.0,    0.0,    0.0,    0.0,    0.0,    0.0,    0.0,    0.0,    0.0,    0.0,    0.0,    0.0,    150,     10,      8,     17,     12,      6,     22,     38,     14,     28,     12,      7,     91,     87,    150,     10,      8,     17,     12,      6,     22,     38,     14,     28,     12,      7,     91,     87,      0,      0,      0,      0,      0,      0,      0,      0,      0,      0,      0,      0,      0,      0,    27.2,    28.4,    40.8,    41.1,    26.9,    28.1,    40.0,    40.4,    27.2,    28.4,    40.8,    41.1,    26.9,    28.1,    40.0,    40.4,     0.0,     0.0,     0.0,     0.0,     0.0,     0.0,     0.0,     0.0,(CONTRACTS OF 100 TROY OUNCES),075651,NYME,075 ,N20,FutOnly
PLATINUM - NEW YORK MERCANTILE EXCHANGE,260721,2026-07-21,076651,NYME,01,076 ,   53721,    1915,   11229,   15527,   22992,     450,   14063,    7840,    3762,    7744,    1483,    2666,   46127,   50422,    7594,    3299,   53721,    1915,   11229,   15527,   22992,     450,   14063,    7840,    3762,    7744,    1483,    2666,   46127,   50422,    7594,    3299,       0,       0,       0,       0,       0,       0,       0,       0,       0,       0,       0,       0,       0,       0,       0,       0,    -116,    -281,    -137,     179,    -772,      53,    -803,    1240,     426,     149,    -630,     302,      25,     482,    -141,    -598,  100.0,    3.6,   20.9,   28.9,   42.8,    0.8,   26.2,   14.6,    7.0,   14.4,    2.8,    5.0,   85.9,   93.9,   14.1,    6.1,  100.0,    3.6,   20.9,   28.9,   42.8,    0.8,   26.2,   14.6,    7.0,   14.4,    2.8,    5.0,   85.9,   93.9,   14.1,    6.1,  100.0,    0.0,    0.0,    0.0,    0.0,    0.0,    0.0,    0.0,    0.0,    0.0,    0.0,    0.0,    0.0,    0.0,    0.0,    0.0,    184,     13,     17,     16,     16,     10,     44,     21,     25,     41,     13,     13,    137,     96,    184,     13,     17,     16,     16,     10,     44,     21,     25,     41,     13,     13,    137,     96,      0,      0,      0,      0,      0,      0,      0,      0,      0,      0,      0,      0,      0,      0,    20.2,    38.9,    29.5,    51.6,    19.8,    38.8,    29.0,    49.5,    20.2,    38.9,    29.5,    51.6,    19.8,    38.8,    29.0,    49.5,     0.0,     0.0,     0.0,     0.0,     0.0,     0.0,     0.0,     0.0,(CONTRACTS OF 50 TROY OUNCES),076651,NYME,076 ,N20,FutOnly
SUGAR NO. 11 - ICE FUTURES U.S.,260721,2026-07-21,080732,ICUS,01,080 , 1015444,  221887,  348435,  240005,   52842,   16504,  176904,  279586,  119959,   91853,   53661,   71075,  938187,  942062,   77257,   73382, 1015444,  221887,  348435,  240005,   52842,   16504,  176904,  279586,  119959,   91853,   53661,   71075,  938187,  942062,   77257,   73382,       0,       0,       0,       0,       0,       0,       0,       0,       0,       0,       0,       0,       0,       0,       0,       0,   14956,    3795,    -835,   -3456,   -1178,     908,   -2520,   -2655,    7942,    1259,    3739,    4231,   12159,   12152,    2797,    2804,  100.0,   21.9,   34.3,   23.6,    5.2,    1.6,   17.4,   27.5,   11.8,    9.0,    5.3,    7.0,   92.4,   92.8,    7.6,    7.2,  100.0,   21.9,   34.3,   23.6,    5.2,    1.6,   17.4,   27.5,   11.8,    9.0,    5.3,    7.0,   92.4,   92.8,    7.6,    7.2,  100.0,    0.0,    0.0,    0.0,    0.0,    0.0,    0.0,    0.0,    0.0,    0.0,    0.0,    0.0,    0.0,    0.0,    0.0,    0.0,    285,     51,     47,     18,     11,     10,     51,     60,     58,     43,     34,     37,    228,    198,    285,     51,     47,     18,     11,     10,     51,     60,     58,     43,     34,     37,    228,    198,      0,      0,      0,      0,      0,      0,      0,      0,      0,      0,      0,      0,      0,      0,    15.4,    22.2,    25.1,    33.8,    13.2,    17.7,    21.2,    26.6,    15.4,    22.2,    25.1,    33.8,    13.2,    17.7,    21.2,    26.6,     0.0,     0.0,     0.0,     0.0,     0.0,     0.0,     0.0,     0.0,"(CONTRACTS OF 112,000 POUNDS)",080732,ICUS,080 ,A50,FutOnly
COFFEE C - ICE FUTURES U.S.,260721,2026-07-21,083731,ICUS,01,083 ,  163057,   32444,   62854,   26208,   24887,    2898,   42841,    9622,   25730,    9554,   15518,   16020,  155695,  157529,    7362,    5528,   62303,    6980,   23706,   12288,   10974,       2,   32008,   12017,    1812,    5730,   10566,       2,   58822,   59079,    3481,    3224,  100754,   25464,   39148,   14147,   14140,    2669,   24266,   11038,   10485,    8401,    9529,   11441,   96873,   98450,    3881,    2304,   -3786,   -1649,   -1963,    -731,    -778,     113,    -367,    -752,      24,   -1151,    -194,    -231,   -3992,   -3781,     206,      -5,  100.0,   19.9,   38.5,   16.1,   15.3,    1.8,   26.3,    5.9,   15.8,    5.9,    9.5,    9.8,   95.5,   96.6,    4.5,    3.4,  100.0,   11.2,   38.0,   19.7,   17.6,    0.0,   51.4,   19.3,    2.9,    9.2,   17.0,    0.0,   94.4,   94.8,    5.6,    5.2,  100.0,   25.3,   38.9,   14.0,   14.0,    2.6,   24.1,   11.0,   10.4,    8.3,    9.5,   11.4,   96.1,   97.7,    3.9,    2.3,    340,     81,     89,     18,     22,     21,     76,     32,     54,     33,     48,     43,    265,    266,    317,     25,     72,     17,     19,.,     65,     42,     18,     29,     53,.,    144,    198,    282,     78,     73,     16,     22,     15,     51,     26,     33,     33,     36,     29,    210,    205,    11.6,    15.2,    20.1,    24.6,     9.1,    12.2,    15.9,    19.6,    19.1,    18.1,    33.3,    31.6,    18.6,    17.6,    32.7,    30.4,    15.6,    18.2,    25.0,    29.9,    11.4,    16.1,    19.4,    24.9,"(CONTRACTS OF 37,500 POUNDS)",083731,ICUS,083 ,A50,FutOnly
SILVER - COMMODITY EXCHANGE INC.,260721,2026-07-21,084691,CMX ,01,084 ,  106410,    5623,   18667,   21353,   48762,    5074,   18204,    6922,    7634,   18537,    6354,    2524,   78949,   95937,   27461,   10473,  106410,    5623,   18667,   21353,   48762,    5074,   18204,    6922,    7634,   18537,    6354,    2524,   78949,   95937,   27461,   10473,       0,       0,       0,       0,       0,       0,       0,       0,       0,       0,       0,       0,       0,       0,       0,       0,    1387,      75,     411,    1325,   -1155,   -2269,     650,     869,     659,    -155,    1235,     343,     628,      93,     759,    1294,  100.0,    5.3,   17.5,   20.1,   45.8,    4.8,   17.1,    6.5,    7.2,   17.4,    6.0,    2.4,   74.2,   90.2,   25.8,    9.8,  100.0,    5.3,   17.5,   20.1,   45.8,    4.8,   17.1,    6.5,    7.2,   17.4,    6.0,    2.4,   74.2,   90.2,   25.8,    9.8,  100.0,    0.0,    0.0,    0.0,    0.0,    0.0,    0.0,    0.0,    0.0,    0.0,    0.0,    0.0,    0.0,    0.0,    0.0,    0.0,    158,      9,     12,     15,     18,     16,     33,     12,     18,     48,     14,     16,    126,     85,    158,      9,     12,     15,     18,     16,     33,     12,     18,     48,     14,     16,    126,     85,      0,      0,      0,      0,      0,      0,      0,      0,      0,      0,      0,      0,      0,      0,    13.5,    31.9,    22.1,    48.4,    12.5,    30.0,    19.8,    43.9,    13.5,    31.9,    22.1,    48.4,    12.5,    30.0,    19.8,    43.9,     0.0,     0.0,     0.0,     0.0,     0.0,     0.0,     0.0,     0.0,"(CONTRACTS OF 5,000 TROY OUNCES)",084691,CMX ,084 ,N20,FutOnly
COPPER- #1 - COMMODITY EXCHANGE INC.,260721,2026-07-21,085692,CMX ,01,085 ,  270048,   23527,  114735,   51514,   42418,    9081,   88235,   16720,   32398,   19799,   17337,   26158,  250712,  258847,   19336,   11201,  270048,   23527,  114735,   51514,   42418,    9081,   88235,   16720,   32398,   19799,   17337,   26158,  250712,  258847,   19336,   11201,       0,       0,       0,       0,       0,       0,       0,       0,       0,       0,       0,       0,       0,       0,       0,       0,   10175,   -2189,    2635,   -1527,    2145,     293,   10897,    -433,    2994,   -2099,    -361,    1600,    9969,    8873,     206,    1302,  100.0,    8.7,   42.5,   19.1,   15.7,    3.4,   32.7,    6.2,   12.0,    7.3,    6.4,    9.7,   92.8,   95.9,    7.2,    4.1,  100.0,    8.7,   42.5,   19.1,   15.7,    3.4,   32.7,    6.2,   12.0,    7.3,    6.4,    9.7,   92.8,   95.9,    7.2,    4.1,  100.0,    0.0,    0.0,    0.0,    0.0,    0.0,    0.0,    0.0,    0.0,    0.0,    0.0,    0.0,    0.0,    0.0,    0.0,    0.0,    287,     29,     30,     20,     13,     19,     92,     17,     46,     63,     42,     37,    249,    164,    287,     29,     30,     20,     13,     19,     92,     17,     46,     63,     42,     37,    249,    164,      0,      0,      0,      0,      0,      0,      0,      0,      0,      0,      0,      0,      0,      0,    16.5,    29.1,    27.6,    42.9,    16.4,    28.4,    25.8,    40.9,    16.5,    29.1,    27.6,    42.9,    16.4,    28.4,    25.8,    40.9,     0.0,     0.0,     0.0,     0.0,     0.0,     0.0,     0.0,     0.0,"(CONTRACTS OF 25,000 POUNDS)",085692,CMX ,085 ,N25,FutOnly
GOLD - COMMODITY EXCHANGE INC.,260721,2026-07-21,088691,CMX ,01,088 ,  383368,   15561,   34882,   24959,  218837,   39937,  141487,   16656,   17872,   83298,   24219,   14111,  337225,  366514,   46143,   16854,  383368,   15561,   34882,   24959,  218837,   39937,  141487,   16656,   17872,   83298,   24219,   14111,  337225,  366514,   46143,   16854,       0,       0,       0,       0,       0,       0,       0,       0,       0,       0,       0,       0,       0,       0,       0,       0,    -321,    -279,    -107,    -218,   -1979,    1315,    4582,     530,    -603,   -7107,    -283,     265,   -2045,    -862,    1724,     541,  100.0,    4.1,    9.1,    6.5,   57.1,   10.4,   36.9,    4.3,    4.7,   21.7,    6.3,    3.7,   88.0,   95.6,   12.0,    4.4,  100.0,    4.1,    9.1,    6.5,   57.1,   10.4,   36.9,    4.3,    4.7,   21.7,    6.3,    3.7,   88.0,   95.6,   12.0,    4.4,  100.0,    0.0,    0.0,    0.0,    0.0,    0.0,    0.0,    0.0,    0.0,    0.0,    0.0,    0.0,    0.0,    0.0,    0.0,    0.0,    264,     16,     14,     14,     26,     29,     71,     20,     44,     73,     35,     29,    222,    152,    264,     16,     14,     14,     26,     29,     71,     20,     44,     73,     35,     29,    222,    152,      0,      0,      0,      0,      0,      0,      0,      0,      0,      0,      0,      0,      0,      0,    22.4,    36.2,    32.8,    54.4,    21.0,    34.6,    28.9,    50.1,    22.4,    36.2,    32.8,    54.4,    21.0,    34.6,    28.9,    50.1,     0.0,     0.0,     0.0,     0.0,     0.0,     0.0,     0.0,     0.0,(CONTRACTS OF 100 TROY OUNCES),088691,CMX ,088 ,N20,FutOnly
MICRO GOLD - COMMODITY EXCHANGE INC.,260721,2026-07-21,088695,CMX ,01,088 ,   77769,     242,       0,    6889,       0,       0,    2010,      67,     244,   30479,   46236,    2871,   42735,   49418,   35034,   28351,   77769,     242,       0,    6889,       0,       0,    2010,      67,     244,   30479,   46236,    2871,   42735,   49418,   35034,   28351,       0,       0,       0,       0,       0,       0,       0,       0,       0,       0,       0,       0,       0,       0,       0,       0,    3405,       0,       0,     -20,       0,       0,     804,      67,    -115,    1958,     953,     471,    3098,    1376,     307,    2029,  100.0,    0.3,    0.0,    8.9,    0.0,    0.0,    2.6,    0.1,    0.3,   39.2,   59.5,    3.7,   55.0,   63.5,   45.0,   36.5,  100.0,    0.3,    0.0,    8.9,    0.0,    0.0,    2.6,    0.1,    0.3,   39.2,   59.5,    3.7,   55.0,   63.5,   45.0,   36.5,  100.0,    0.0,    0.0,    0.0,    0.0,    0.0,    0.0,    0.0,    0.0,    0.0,    0.0,    0.0,    0.0,    0.0,    0.0,    0.0,     36,.,      0,.,      0,      0,.,.,.,     13,     16,     11,     28,     21,     36,.,      0,.,      0,      0,.,.,.,     13,     16,     11,     28,     21,      0,      0,      0,      0,      0,      0,      0,      0,      0,      0,      0,      0,      0,      0,    40.2,    50.7,    45.8,    58.4,    40.2,    49.9,    45.6,    55.7,    40.2,    50.7,    45.8,    58.4,    40.2,    49.9,    45.6,    55.7,     0.0,     0.0,     0.0,     0.0,     0.0,     0.0,     0.0,     0.0,(CONTRACTS OF 10 TROY OUNCES),088695,CMX ,088 ,N20,FutOnly
GASOLINE RBOB - NEW YORK MERCANTILE EXCHANGE,260721,2026-07-21,111659,NYME,01,111 ,  330490,   77506,  171665,   46958,   25604,   10100,   88601,   14894,   36975,   14469,   27182,   31382,  305991,  317802,   24499,   12688,  330490,   77506,  171665,   46958,   25604,   10100,   88601,   14894,   36975,   14469,   27182,   31382,  305991,  317802,   24499,   12688,       0,       0,       0,       0,       0,       0,       0,       0,       0,       0,       0,       0,       0,       0,       0,       0,    5838,   -6926,   -5867,     630,    3723,     -73,    6226,    1244,    5100,    -616,    1357,    2055,    6396,    7539,    -558,   -1701,  100.0,   23.5,   51.9,   14.2,    7.7,    3.1,   26.8,    4.5,   11.2,    4.4,    8.2,    9.5,   92.6,   96.2,    7.4,    3.8,  100.0,   23.5,   51.9,   14.2,    7.7,    3.1,   26.8,    4.5,   11.2,    4.4,    8.2,    9.5,   92.6,   96.2,    7.4,    3.8,  100.0,    0.0,    0.0,    0.0,    0.0,    0.0,    0.0,    0.0,    0.0,    0.0,    0.0,    0.0,    0.0,    0.0,    0.0,    0.0,    240,     66,     82,     16,     10,     19,     68,     13,     43,     21,     19,     30,    213,    181,    240,     66,     82,     16,     10,     19,     68,     13,     43,     21,     19,     30,    213,    181,      0,      0,      0,      0,      0,      0,      0,      0,      0,      0,      0,      0,      0,      0,    13.1,    13.6,    22.8,    23.5,     9.7,    11.7,    16.1,    19.7,    13.1,    13.6,    22.8,    23.5,     9.7,    11.7,    16.1,    19.7,     0.0,     0.0,     0.0,     0.0,     0.0,     0.0,     0.0,     0.0,"(CONTRACTS OF 42,000 U.S. GALLONS)",111659,NYME,111 ,N10,FutOnly
GULF COAST CBOB GAS A2 PL RBOB - NEW YORK MERCANTILE EXCHANGE,260721,2026-07-21,111A34,NYME,01,111 ,   17843,   14405,   10135,       0,    4268,       0,    1695,       0,     250,       0,       0,       0,   16350,   14653,    1493,    3190,   17843,   14405,   10135,       0,    4268,       0,    1695,       0,     250,       0,       0,       0,   16350,   14653,    1493,    3190,       0,       0,       0,       0,       0,       0,       0,       0,       0,       0,       0,       0,       0,       0,       0,       0,     345,     220,     275,       0,       0,       0,     250,       0,     -50,       0,       0,       0,     420,     225,     -75,     120,  100.0,   80.7,   56.8,    0.0,   23.9,    0.0,    9.5,    0.0,    1.4,    0.0,    0.0,    0.0,   91.6,   82.1,    8.4,   17.9,  100.0,   80.7,   56.8,    0.0,   23.9,    0.0,    9.5,    0.0,    1.4,    0.0,    0.0,    0.0,   91.6,   82.1,    8.4,   17.9,  100.0,    0.0,    0.0,    0.0,    0.0,    0.0,    0.0,    0.0,    0.0,    0.0,    0.0,    0.0,    0.0,    0.0,    0.0,    0.0,     21,     18,     14,      0,.,      0,.,      0,.,      0,      0,      0,     19,     16,     21,     18,     14,      0,.,      0,.,      0,.,      0,      0,      0,     19,     16,      0,      0,      0,      0,      0,      0,      0,      0,      0,      0,      0,      0,      0,      0,    48.5,    56.6,    68.9,    73.6,    45.7,    49.5,    60.3,    56.1,    48.5,    56.6,    68.9,    73.6,    45.7,    49.5,    60.3,    56.1,     0.0,     0.0,     0.0,     0.0,     0.0,     0.0,     0.0,     0.0,"(CONTRACTS OF 42,000 GALLONS)",111A34,NYME,111 ,N10,FutOnly
CANOLA - ICE FUTURES U.S.,260721,2026-07-21,135731,ICUS,01,135 ,  294773,  125712,  152379,    8359,   22706,    1811,  106192,   51758,   26590,   12867,   25831,   10002,  291533,  291077,    3240,    3696,  291746,  123993,  151662,    8359,   20887,    1811,  106183,   51687,   26587,   12867,   26692,    8739,  288539,  288065,    3207,    3681,    3027,    1719,     717,       0,    1819,       0,       9,      71,       3,    1184,     323,      79,    2994,    3012,      33,      15,   12702,   -5059,   19256,    1637,    1714,     371,    8465,   -7359,    1974,    6316,   -1911,   -1748,   11956,   12297,     746,     405,  100.0,   42.6,   51.7,    2.8,    7.7,    0.6,   36.0,   17.6,    9.0,    4.4,    8.8,    3.4,   98.9,   98.7,    1.1,    1.3,  100.0,   42.5,   52.0,    2.9,    7.2,    0.6,   36.4,   17.7,    9.1,    4.4,    9.1,    3.0,   98.9,   98.7,    1.1,    1.3,  100.0,   56.8,   23.7,    0.0,   60.1,    0.0,    0.3,    2.3,    0.1,   39.1,   10.7,    2.6,   98.9,   99.5,    1.1,    0.5,    372,     32,     85,      5,     10,.,     68,     33,     24,     54,     96,     32,    200,    252,    370,     30,     84,      5,     10,.,     68,     33,     24,     54,     98,     29,    195,    251,     31,      7,      9,      0,.,      0,.,.,.,      6,      4,.,     16,     19,    32.9,    24.7,    50.3,    37.9,    31.8,    24.7,    47.9,    36.9,    33.2,    24.4,    50.8,    37.7,    32.1,    24.4,    48.4,    36.7,    89.0,    85.0,    95.1,    92.5,    87.4,    85.0,    93.4,    92.1,(20 Metric Tonnes),135731,ICUS,135 ,A30,FutOnly
COBALT - COMMODITY EXCHANGE INC.,260721,2026-07-21,188691,CMX ,01,188 ,   14959,    1922,    3654,    4320,    1858,     287,    2195,    2940,    2590,    2952,    2439,     185,   14451,   13953,     508,    1006,   14959,    1922,    3654,    4320,    1858,     287,    2195,    2940,    2590,    2952,    2439,     185,   14451,   13953,     508,    1006,       0,       0,       0,       0,       0,       0,       0,       0,       0,       0,       0,       0,       0,       0,       0,       0,     527,      -7,     -10,     300,      50,      -9,     274,      20,     -24,       0,     114,       0,     534,     141,      -7,     386,  100.0,   12.8,   24.4,   28.9,   12.4,    1.9,   14.7,   19.7,   17.3,   19.7,   16.3,    1.2,   96.6,   93.3,    3.4,    6.7,  100.0,   12.8,   24.4,   28.9,   12.4,    1.9,   14.7,   19.7,   17.3,   19.7,   16.3,    1.2,   96.6,   93.3,    3.4,    6.7,  100.0,    0.0,    0.0,    0.0,    0.0,    0.0,    0.0,    0.0,    0.0,    0.0,    0.0,    0.0,    0.0,    0.0,    0.0,    0.0,     33,      5,     10,      5,.,      5,      5,.,      6,.,      4,.,     25,     27,     33,      5,     10,      5,.,      5,      5,.,      6,.,      4,.,     25,     27,      0,      0,      0,      0,      0,      0,      0,      0,      0,      0,      0,      0,      0,      0,    49.8,    47.0,    78.7,    69.7,    43.2,    44.7,    66.1,    59.2,    49.8,    47.0,    78.7,    69.7,    43.2,    44.7,    66.1,    59.2,     0.0,     0.0,     0.0,     0.0,     0.0,     0.0,     0.0,     0.0,"2,204.62 pounds (1 Metric Ton)",188691,CMX ,188 ,N25,FutOnly
LITHIUM HYDROXIDE  - COMMODITY EXCHANGE INC.,260721,2026-07-21,189691,CMX ,01,189 ,   16200,     331,    4097,   10997,    1179,     237,    2042,     735,     209,     367,    7576,    1791,   15974,   15824,     226,     376,   16200,     331,    4097,   10997,    1179,     237,    2042,     735,     209,     367,    7576,    1791,   15974,   15824,     226,     376,       0,       0,       0,       0,       0,       0,       0,       0,       0,       0,       0,       0,       0,       0,       0,       0,     979,      16,      57,     777,     342,     -33,    -218,     223,     114,       0,    -145,     310,     966,     868,      13,     111,  100.0,    2.0,   25.3,   67.9,    7.3,    1.5,   12.6,    4.5,    1.3,    2.3,   46.8,   11.1,   98.6,   97.7,    1.4,    2.3,  100.0,    2.0,   25.3,   67.9,    7.3,    1.5,   12.6,    4.5,    1.3,    2.3,   46.8,   11.1,   98.6,   97.7,    1.4,    2.3,  100.0,    0.0,    0.0,    0.0,    0.0,    0.0,    0.0,    0.0,    0.0,    0.0,    0.0,    0.0,    0.0,    0.0,    0.0,    0.0,     35,      5,      6,      8,.,      4,      4,.,.,.,     11,      6,     28,     25,     35,      5,      6,      8,.,      4,      4,.,.,.,     11,      6,     28,     25,      0,      0,      0,      0,      0,      0,      0,      0,      0,      0,      0,      0,      0,      0,    58.7,    56.3,    82.3,    75.8,    58.1,    49.7,    77.1,    68.0,    58.7,    56.3,    82.3,    75.8,    58.1,    49.7,    77.1,    68.0,     0.0,     0.0,     0.0,     0.0,     0.0,     0.0,     0.0,     0.0,(1000) Kilograms,189691,CMX ,189 ,N25,FutOnly
ALUMINUM MWP - COMMODITY EXCHANGE INC.,260721,2026-07-21,191693,CMX ,01,191 ,   29789,    7683,   19498,   16695,    4086,    1069,       0,     289,     199,    3143,    3476,     841,   29630,   29458,     159,     331,   29789,    7683,   19498,   16695,    4086,    1069,       0,     289,     199,    3143,    3476,     841,   29630,   29458,     159,     331,       0,       0,       0,       0,       0,       0,       0,       0,       0,       0,       0,       0,       0,       0,       0,       0,     433,     133,     406,     223,      65,       1,       0,    -150,       0,      45,      75,       0,     402,     397,      31,      36,  100.0,   25.8,   65.5,   56.0,   13.7,    3.6,    0.0,    1.0,    0.7,   10.6,   11.7,    2.8,   99.5,   98.9,    0.5,    1.1,  100.0,   25.8,   65.5,   56.0,   13.7,    3.6,    0.0,    1.0,    0.7,   10.6,   11.7,    2.8,   99.5,   98.9,    0.5,    1.1,  100.0,    0.0,    0.0,    0.0,    0.0,    0.0,    0.0,    0.0,    0.0,    0.0,    0.0,    0.0,    0.0,    0.0,    0.0,    0.0,     53,     11,     20,     12,      5,      7,      0,.,.,.,      9,      4,     32,     43,     53,     11,     20,     12,      5,      7,      0,.,.,.,      9,      4,     32,     43,      0,      0,      0,      0,      0,      0,      0,      0,      0,      0,      0,      0,      0,      0,    41.3,    48.7,    66.6,    72.3,    41.1,    48.4,    66.1,    70.9,    41.3,    48.7,    66.6,    72.3,    41.1,    48.4,    66.1,    70.9,     0.0,     0.0,     0.0,     0.0,     0.0,     0.0,     0.0,     0.0,"(55,116 US Pounds-25 MT)",191693,CMX ,191 ,N25,FutOnly
ALUMINIUM EURO PREM DUTY-PAID - COMMODITY EXCHANGE INC.,260721,2026-07-21,191696,CMX ,01,191 ,   13333,    3715,    7382,    5297,    1285,     485,     296,       0,      51,    3000,    3811,      13,   12857,   13027,     476,     306,   13333,    3715,    7382,    5297,    1285,     485,     296,       0,      51,    3000,    3811,      13,   12857,   13027,     476,     306,       0,       0,       0,       0,       0,       0,       0,       0,       0,       0,       0,       0,       0,       0,       0,       0,     267,      30,     102,     180,     198,     -73,      90,       0,     -90,     150,     150,     -50,     237,     237,      30,      30,  100.0,   27.9,   55.4,   39.7,    9.6,    3.6,    2.2,    0.0,    0.4,   22.5,   28.6,    0.1,   96.4,   97.7,    3.6,    2.3,  100.0,   27.9,   55.4,   39.7,    9.6,    3.6,    2.2,    0.0,    0.4,   22.5,   28.6,    0.1,   96.4,   97.7,    3.6,    2.3,  100.0,    0.0,    0.0,    0.0,    0.0,    0.0,    0.0,    0.0,    0.0,    0.0,    0.0,    0.0,    0.0,    0.0,    0.0,    0.0,     29,      8,      9,      4,      4,.,.,      0,.,      6,.,.,     20,     19,     29,      8,      9,      4,      4,.,.,      0,.,      6,.,.,     20,     19,      0,      0,      0,      0,      0,      0,      0,      0,      0,      0,      0,      0,      0,      0,    53.6,    56.2,    77.6,    80.2,    53.6,    53.8,    71.3,    71.1,    53.6,    56.2,    77.6,    80.2,    53.6,    53.8,    71.3,    71.1,     0.0,     0.0,     0.0,     0.0,     0.0,     0.0,     0.0,     0.0,(25 METRIC TONS),191696,CMX ,191 ,N25,FutOnly
STEEL-HRC - COMMODITY EXCHANGE INC.,260721,2026-07-21,192651,CMX ,01,192 ,   41544,   13931,   35378,   12395,     200,     278,    9031,    1096,     531,    2986,    1868,    2140,   41292,   41491,     252,      53,   41544,   13931,   35378,   12395,     200,     278,    9031,    1096,     531,    2986,    1868,    2140,   41292,   41491,     252,      53,       0,       0,       0,       0,       0,       0,       0,       0,       0,       0,       0,       0,       0,       0,       0,       0,    1235,     208,    1289,     391,       0,       1,     477,     -82,      -2,     184,      79,     -15,    1244,    1270,      -9,     -35,  100.0,   33.5,   85.2,   29.8,    0.5,    0.7,   21.7,    2.6,    1.3,    7.2,    4.5,    5.2,   99.4,   99.9,    0.6,    0.1,  100.0,   33.5,   85.2,   29.8,    0.5,    0.7,   21.7,    2.6,    1.3,    7.2,    4.5,    5.2,   99.4,   99.9,    0.6,    0.1,  100.0,    0.0,    0.0,    0.0,    0.0,    0.0,    0.0,    0.0,    0.0,    0.0,    0.0,    0.0,    0.0,    0.0,    0.0,    0.0,     70,     22,     17,      7,.,.,     14,.,.,      9,     10,      8,     56,     39,     70,     22,     17,      7,.,.,     14,.,.,      9,     10,      8,     56,     39,      0,      0,      0,      0,      0,      0,      0,      0,      0,      0,      0,      0,      0,      0,    36.7,    79.4,    57.2,    87.7,    36.1,    75.4,    56.4,    82.3,    36.7,    79.4,    57.2,    87.7,    36.1,    75.4,    56.4,    82.3,     0.0,     0.0,     0.0,     0.0,     0.0,     0.0,     0.0,     0.0,(CONTRACTS OF 20 SHORT TONS),192651,CMX ,192 ,N25,FutOnly
NORTH EURO HOT-ROLL COIL STEEL - COMMODITY EXCHANGE INC.,260721,2026-07-21,192691,CMX ,01,192 ,   10965,    4792,    8642,     345,     375,     104,    2740,       0,    1032,    1658,     664,      40,   10711,   10857,     254,     108,   10965,    4792,    8642,     345,     375,     104,    2740,       0,    1032,    1658,     664,      40,   10711,   10857,     254,     108,       0,       0,       0,       0,       0,       0,       0,       0,       0,       0,       0,       0,       0,       0,       0,       0,     339,      57,     244,       7,       0,       0,     291,       0,      91,     -79,       0,       0,     367,     335,     -28,       4,  100.0,   43.7,   78.8,    3.1,    3.4,    0.9,   25.0,    0.0,    9.4,   15.1,    6.1,    0.4,   97.7,   99.0,    2.3,    1.0,  100.0,   43.7,   78.8,    3.1,    3.4,    0.9,   25.0,    0.0,    9.4,   15.1,    6.1,    0.4,   97.7,   99.0,    2.3,    1.0,  100.0,    0.0,    0.0,    0.0,    0.0,    0.0,    0.0,    0.0,    0.0,    0.0,    0.0,    0.0,    0.0,    0.0,    0.0,    0.0,     20,      7,      4,.,.,.,.,      0,.,.,.,.,     17,     10,     20,      7,      4,.,.,.,.,      0,.,.,.,.,     17,     10,      0,      0,      0,      0,      0,      0,      0,      0,      0,      0,      0,      0,      0,      0,    81.3,    88.2,    90.8,    98.3,    68.9,    80.4,    75.5,    80.4,    81.3,    88.2,    90.8,    98.3,    68.9,    80.4,    75.5,    80.4,     0.0,     0.0,     0.0,     0.0,     0.0,     0.0,     0.0,     0.0,(20 Metric Tons),192691,CMX ,192 ,N25,FutOnly
PGP PROPYLENE (PCW) CAL - NEW YORK MERCANTILE EXCHANGE,260721,2026-07-21,406651,NYME,01,406 ,    6969,    1155,    1140,    2802,      69,      37,     568,       0,       0,    1643,    5020,     703,    6908,    6969,      61,       0,    6969,    1155,    1140,    2802,      69,      37,     568,       0,       0,    1643,    5020,     703,    6908,    6969,      61,       0,       0,       0,       0,       0,       0,       0,       0,       0,       0,       0,       0,       0,       0,       0,       0,       0,       0,      40,     -30,     -20,      53,      -9,     -20,       0,       0,     -60,     -83,      69,       0,       0,       0,       0,  100.0,   16.6,   16.4,   40.2,    1.0,    0.5,    8.2,    0.0,    0.0,   23.6,   72.0,   10.1,   99.1,  100.0,    0.9,    0.0,  100.0,   16.6,   16.4,   40.2,    1.0,    0.5,    8.2,    0.0,    0.0,   23.6,   72.0,   10.1,   99.1,  100.0,    0.9,    0.0,  100.0,    0.0,    0.0,    0.0,    0.0,    0.0,    0.0,    0.0,    0.0,    0.0,    0.0,    0.0,    0.0,    0.0,    0.0,    0.0,     23,      6,      5,.,.,.,.,      0,      0,      6,      5,      6,     21,     13,     23,      6,      5,.,.,.,.,      0,      0,      6,      5,      6,     21,     13,      0,      0,      0,      0,      0,      0,      0,      0,      0,      0,      0,      0,      0,      0,    54.6,    81.6,    78.7,    93.2,    54.6,    75.7,    76.9,    83.6,    54.6,    81.6,    78.7,    93.2,    54.6,    75.7,    76.9,    83.6,     0.0,     0.0,     0.0,     0.0,     0.0,     0.0,     0.0,     0.0,"(CONTRACTS OF 100,000 POUNDS)",406651,NYME,406 ,N40,FutOnly
GULF JET NY HEAT OIL SPR - NEW YORK MERCANTILE EXCHANGE,260721,2026-07-21,86465A,NYME,01,864 ,   13614,    9157,   13596,    4079,       0,      18,       0,       0,       0,     150,       0,       0,   13404,   13614,     210,       0,   13614,    9157,   13596,    4079,       0,      18,       0,       0,       0,     150,       0,       0,   13404,   13614,     210,       0,       0,       0,       0,       0,       0,       0,       0,       0,       0,       0,       0,       0,       0,       0,       0,       0,    1332,    1260,    1351,      72,       0,       0,       0,       0,       0,       0,       0,       0,    1332,    1351,       0,     -19,  100.0,   67.3,   99.9,   30.0,    0.0,    0.1,    0.0,    0.0,    0.0,    1.1,    0.0,    0.0,   98.5,  100.0,    1.5,    0.0,  100.0,   67.3,   99.9,   30.0,    0.0,    0.1,    0.0,    0.0,    0.0,    1.1,    0.0,    0.0,   98.5,  100.0,    1.5,    0.0,  100.0,    0.0,    0.0,    0.0,    0.0,    0.0,    0.0,    0.0,    0.0,    0.0,    0.0,    0.0,    0.0,    0.0,    0.0,    0.0,     34,     19,     17,      8,      0,.,      0,      0,      0,.,      0,      0,     28,     18,     34,     19,     17,      8,      0,.,      0,      0,      0,.,      0,      0,     28,     18,      0,      0,      0,      0,      0,      0,      0,      0,      0,      0,      0,      0,      0,      0,    38.4,    76.6,    60.0,    90.3,    34.8,    68.9,    54.3,    75.0,    38.4,    76.6,    60.0,    90.3,    34.8,    68.9,    54.3,    75.0,     0.0,     0.0,     0.0,     0.0,     0.0,     0.0,     0.0,     0.0,"(CONTRACTS OF 42,000 GALLONS)",86465A,NYME,864 ,N10,FutOnly
GULF # 6 FUEL OIL CRACK - NEW YORK MERCANTILE EXCHANGE,260721,2026-07-21,86565A,NYME,01,865 ,    9607,    4762,    5890,    1050,     255,     720,    1130,      75,     525,     340,    1062,    1080,    9607,    9607,       0,       0,    9607,    4762,    5890,    1050,     255,     720,    1130,      75,     525,     340,    1062,    1080,    9607,    9607,       0,       0,       0,       0,       0,       0,       0,       0,       0,       0,       0,       0,       0,       0,       0,       0,       0,       0,     970,     690,    1005,       0,      75,     -75,    -150,       0,     150,       0,    -540,     355,     970,     970,       0,       0,  100.0,   49.6,   61.3,   10.9,    2.7,    7.5,   11.8,    0.8,    5.5,    3.5,   11.1,   11.2,  100.0,  100.0,    0.0,    0.0,  100.0,   49.6,   61.3,   10.9,    2.7,    7.5,   11.8,    0.8,    5.5,    3.5,   11.1,   11.2,  100.0,  100.0,    0.0,    0.0,  100.0,    0.0,    0.0,    0.0,    0.0,    0.0,    0.0,    0.0,    0.0,    0.0,    0.0,    0.0,    0.0,    0.0,    0.0,    0.0,     29,     13,     12,.,.,.,.,.,.,.,      5,      4,     26,     21,     29,     13,     12,.,.,.,.,.,.,.,      5,      4,     26,     21,      0,      0,      0,      0,      0,      0,      0,      0,      0,      0,      0,      0,      0,      0,    46.7,    50.8,    72.4,    73.0,    35.2,    35.9,    48.6,    47.8,    46.7,    50.8,    72.4,    73.0,    35.2,    35.9,    48.6,    47.8,     0.0,     0.0,     0.0,     0.0,     0.0,     0.0,     0.0,     0.0,"(CONTRACTS OF 1,000 BARRELS)",86565A,NYME,865 ,N10,FutOnly
