WHEAT-SRW - CHICAGO BOARD OF TRADE,260804,2026-08-04,001602,CBT ,00,001 ,  466323,   67896,  120834,   84051,   14726,   15001,   80037,  104907,  116074,   37075,   26964,   31827,  431961,  430333,   34362,   35990,  433614,   65666,  105820,   80107,   14232,   14408,   75323,  109146,  104200,   36815,   29968,   24913,  401432,  402687,   32182,   30927,   32709,    2230,   15014,    4455,    1005,      82,   14893,    5940,    1695,    5076,    1812,    2098,   30529,   27646,    2180,    5063,    2821,    2199,   -7424,    1536,    -769,  -10753,   -5131,   11576,    5528,    3197,    -743,    5777,    2353,    3192,     468,    -371,  100.0,   14.6,   25.9,   18.0,    3.2,    3.2,   17.2,   22.5,   24.9,    8.0,    5.8,    6.8,   92.6,   92.3,    7.4,    7.7,  100.0,   15.1,   24.4,   18.5,    3.3,    3.3,   17.4,   25.2,   24.0,    8.5,    6.9,    5.7,   92.6,   92.9,    7.4,    7.1,  100.0,    6.8,   45.9,   13.6,    3.1,    0.3,   45.5,   18.2,    5.2,   15.5,    5.5,    6.4,   93.3,   84.5,    6.7,   15.5,    396,     66,     98,     25,      9,     16,     65,     58,     65,     70,     45,     50,    296,    280,    394,     63,     95,     25,      9,     15,     61,     62,     65,     65,     50,     47,    289,    275,    160,     17,     69,     13,      8,.,     21,     11,      9,     14,     16,     10,     73,    118,    11.8,    12.0,    19.1,    21.3,     7.5,     8.4,    13.3,    13.6,    12.4,    12.6,    19.5,    22.3,     7.1,     9.5,    12.9,    15.3,    40.4,    25.1,    56.2,    40.8,    35.9,    24.2,    49.4,    35.9,"(CONTRACTS OF 5,000 BUSHELS)",001602,CBT ,001 ,A10,FutOnly
WHEAT-HRW - CHICAGO BOARD OF TRADE,260804,2026-08-04,001612,CBT ,00,001 ,  313006,   24872,  121906,   80592,    1697,    6742,   66956,   35460,   75619,    6836,   20675,   30787,  292404,  292886,   20602,   20120,  293255,   22063,  115283,   77523,    1924,    5987,   66756,   39704,   66279,    8686,   20566,   26620,  273914,  276363,   19341,   16892,   19751,    2809,    6623,    3811,     515,      13,    8940,    4496,     600,     936,    2895,    1381,   18490,   16523,    1261,    3228,    9322,   -1589,     136,   -2062,   -2384,    2724,    1881,    1796,    6253,    -511,   -2125,    2448,    9144,    8848,     178,     474,  100.0,    7.9,   38.9,   25.7,    0.5,    2.2,   21.4,   11.3,   24.2,    2.2,    6.6,    9.8,   93.4,   93.6,    6.6,    6.4,  100.0,    7.5,   39.3,   26.4,    0.7,    2.0,   22.8,   13.5,   22.6,    3.0,    7.0,    9.1,   93.4,   94.2,    6.6,    5.8,  100.0,   14.2,   33.5,   19.3,    2.6,    0.1,   45.3,   22.8,    3.0,    4.7,   14.7,    7.0,   93.6,   83.7,    6.4,   16.3,    267,     53,     81,     22,.,     10,     56,     33,     54,     24,     30,     31,    199,    206,    265,     49,     79,     21,      4,     10,     55,     34,     53,     27,     30,     30,    193,    203,    122,     12,     51,     12,      4,.,     17,     11,      6,      5,     16,      9,     56,     88,    14.9,    13.1,    24.9,    23.4,    11.0,    11.1,    19.0,    18.4,    15.6,    13.9,    25.8,    24.5,    11.2,    12.1,    19.7,    19.9,    39.6,    30.2,    54.9,    45.9,    39.0,    26.1,    54.3,    39.6,"(CONTRACTS OF 5,000 BUSHELS)",001612,CBT ,001 ,A10,FutOnly
WHEAT-HRSpring - MIAX FUTURES EXCHANGE,260804,2026-08-04,001626,MGE ,00,001 ,   85626,   42509,   59876,    7490,       0,      73,   17975,    9122,    4911,    1514,    1640,    1970,   76442,   77592,    9184,    8034,   85028,   42229,   59383,    7380,       0,      73,   17955,    9122,    4911,    1500,    1738,    1869,   75917,   77096,    9111,    7932,     598,     280,     493,     110,       0,       0,      20,       0,       0,     115,       3,       0,     525,     496,      73,     102,    1108,   -1420,    2615,    2825,       0,      10,   -1423,   -2482,     432,    -108,    -502,     684,    1000,     757,     108,     351,  100.0,   49.6,   69.9,    8.7,    0.0,    0.1,   21.0,   10.7,    5.7,    1.8,    1.9,    2.3,   89.3,   90.6,   10.7,    9.4,  100.0,   49.7,   69.8,    8.7,    0.0,    0.1,   21.1,   10.7,    5.8,    1.8,    2.0,    2.2,   89.3,   90.7,   10.7,    9.3,  100.0,   46.8,   82.4,   18.4,    0.0,    0.0,    3.3,    0.0,    0.0,   19.2,    0.5,    0.0,   87.8,   82.9,   12.2,   17.1,    121,     57,     41,      9,      0,      5,     14,     11,      9,      9,      6,      7,     98,     73,    121,     56,     41,      9,      0,      5,     14,     11,      9,      8,      8,      7,     97,     73,     28,      5,     17,.,      0,      0,.,      0,      0,.,.,      0,     11,     18,    24.7,    33.2,    37.2,    54.2,    24.7,    32.9,    36.7,    52.2,    24.9,    33.3,    37.5,    54.4,    24.9,    33.2,    37.0,    52.5,    66.6,    51.0,    84.9,    72.6,    66.6,    51.0,    84.3,    72.6,"(CONTRACTS OF 5,000 BUSHELS)",001626,MGE ,001 ,A10,FutOnly
CORN - CHICAGO BOARD OF TRADE,260804,2026-08-04,002602,CBT ,00,002 , 1762573,  327115,  863314,  349629,   21775,   16130,  309717,  164896,  256377,  171140,   60893,  196142, 1626250, 1579527,  136323,  183046,  510780,  119226,  121414,  106093,    9513,    1378,  143643,  192796,   15035,   81241,  139699,    1334,  467950,  481169,   42830,   29611, 1251793,  207889,  741900,  254834,   23560,    3454,  277451,   83477,  129965,  222480,   53775,   62227, 1158300, 1098358,   93493,  153435,   25746,    6869,   -2337,  -16332,   -2712,    4127,   -4737,  -22782,   31490,   -7754,    9543,   12551,   26214,   29880,    -468,   -4134,  100.0,   18.6,   49.0,   19.8,    1.2,    0.9,   17.6,    9.4,   14.5,    9.7,    3.5,   11.1,   92.3,   89.6,    7.7,   10.4,  100.0,   23.3,   23.8,   20.8,    1.9,    0.3,   28.1,   37.7,    2.9,   15.9,   27.4,    0.3,   91.6,   94.2,    8.4,    5.8,  100.0,   16.6,   59.3,   20.4,    1.9,    0.3,   22.2,    6.7,   10.4,   17.8,    4.3,    5.0,   92.5,   87.7,    7.5,   12.3,    829,    296,    359,     31,      9,     18,     84,     58,     86,     94,     86,     97,    618,    627,    632,    199,    207,     28,      7,.,     45,     56,     14,     78,     58,      7,    364,    337,    774,    210,    342,     29,      8,     11,     83,     47,     64,     90,     89,     70,    479,    568,    11.4,    11.0,    19.1,    18.4,     9.7,     9.3,    16.3,    14.9,    22.0,    22.6,    31.5,    34.2,    21.1,    22.6,    30.6,    34.2,    12.7,    12.3,    20.1,    20.3,    12.0,    12.3,    19.0,    19.5,"(CONTRACTS OF 5,000 BUSHELS)",002602,CBT ,002 ,A10,FutOnly
SOYBEANS - CHICAGO BOARD OF TRADE,260804,2026-08-04,005602,CBT ,00,005 ,  990408,  283233,  553296,  150419,   37108,   12764,  179499,   46975,  153438,   73121,   30103,   88460,  940934,  922144,   49474,   68264,  961723,  272219,  537114,  150428,   36132,   11045,  175637,   48274,  148392,   72788,   29936,   84704,  915213,  895597,   46510,   66126,   28685,   11014,   16182,    1559,    2544,     151,    7760,    2599,    1148,    1043,     877,    3046,   25721,   26547,    2964,    2138,  -29700,    -708,  -28792,    1766,   -5605,    -606,  -20138,    7817,    3177,   -7108,    1152,   -5815,  -29432,  -28672,    -268,   -1028,  100.0,   28.6,   55.9,   15.2,    3.7,    1.3,   18.1,    4.7,   15.5,    7.4,    3.0,    8.9,   95.0,   93.1,    5.0,    6.9,  100.0,   28.3,   55.8,   15.6,    3.8,    1.1,   18.3,    5.0,   15.4,    7.6,    3.1,    8.8,   95.2,   93.1,    4.8,    6.9,  100.0,   38.4,   56.4,    5.4,    8.9,    0.5,   27.1,    9.1,    4.0,    3.6,    3.1,   10.6,   89.7,   92.5,   10.3,    7.5,    621,    153,    248,     25,     15,     19,     92,     38,     67,     91,     63,     75,    433,    470,    621,    152,    247,     25,     15,     19,     93,     40,     66,     91,     64,     74,    431,    468,    217,     21,    127,      8,      8,.,     15,     10,.,      7,     24,     11,     61,    177,     9.2,    17.6,    16.7,    28.6,     8.9,    15.7,    15.1,    24.2,     9.5,    17.6,    17.0,    28.4,     9.2,    15.5,    15.6,    23.9,    40.1,    34.4,    52.4,    50.8,    40.1,    33.6,    51.8,    47.8,"(CONTRACTS OF 5,000 BUSHELS)",005602,CBT ,005 ,A30,FutOnly
MINI SOYBEANS - CHICAGO BOARD OF TRADE,260804,2026-08-04,005603,CBT ,00,005 ,   26545,       7,   11257,       0,       0,       0,       0,       0,       0,   21923,    1619,     324,   22254,   13200,    4291,   13345,   25361,       7,   10469,       0,       0,       0,       0,       0,       0,   21561,    1614,     324,   21892,   12407,    3469,   12954,    1184,       0,     788,       0,       0,       0,       0,       0,       0,     362,       5,       0,     362,     793,     822,     391,   -1288,       0,    -842,       0,       0,       0,       0,       0,       0,    -399,    -143,      40,    -359,    -945,    -929,    -343,  100.0,    0.0,   42.4,    0.0,    0.0,    0.0,    0.0,    0.0,    0.0,   82.6,    6.1,    1.2,   83.8,   49.7,   16.2,   50.3,  100.0,    0.0,   41.3,    0.0,    0.0,    0.0,    0.0,    0.0,    0.0,   85.0,    6.4,    1.3,   86.3,   48.9,   13.7,   51.1,  100.0,    0.0,   66.6,    0.0,    0.0,    0.0,    0.0,    0.0,    0.0,   30.6,    0.4,    0.0,   30.6,   67.0,   69.4,   33.0,     30,.,     17,      0,      0,      0,      0,      0,      0,      7,      6,      6,      9,     28,     30,.,     17,      0,      0,      0,      0,      0,      0,      7,      6,      6,      9,     28,     17,      0,     14,      0,      0,      0,      0,      0,      0,.,.,      0,.,     15,    76.9,    30.9,    83.8,    36.4,    76.0,    30.8,    82.6,    36.4,    80.2,    29.4,    86.3,    35.1,    79.2,    29.4,    85.0,    35.1,    30.6,    63.9,    30.6,    65.4,    30.6,    63.9,    30.6,    65.4,"(Contracts of 1,000 Bushels)",005603,CBT ,005 ,A30,FutOnly
NJ SRECS - ICE FUTURES ENERGY DIV,260804,2026-08-04,0063CC,IFED,01,006 ,  125469,   90315,   72198,    7000,    3070,       0,       0,     740,       0,   26334,   47641,    1820,  125469,  125469,       0,       0,  125469,   90315,   72198,    7000,    3070,       0,       0,     740,       0,   26334,   47641,    1820,  125469,  125469,       0,       0,       0,       0,       0,       0,       0,       0,       0,       0,       0,       0,       0,       0,       0,       0,       0,       0,  -38485,  -32373,  -21865,   -2760,    -480,       0,       0,       0,       0,     114,  -12674,   -3466,  -38485,  -38485,       0,       0,  100.0,   72.0,   57.5,    5.6,    2.4,    0.0,    0.0,    0.6,    0.0,   21.0,   38.0,    1.5,  100.0,  100.0,    0.0,    0.0,  100.0,   72.0,   57.5,    5.6,    2.4,    0.0,    0.0,    0.6,    0.0,   21.0,   38.0,    1.5,  100.0,  100.0,    0.0,    0.0,  100.0,    0.0,    0.0,    0.0,    0.0,    0.0,    0.0,    0.0,    0.0,    0.0,    0.0,    0.0,    0.0,    0.0,    0.0,    0.0,     34,     17,      7,.,.,      0,      0,.,      0,      4,      5,.,     23,     17,     34,     17,      7,.,.,      0,      0,.,      0,      4,      5,.,     23,     17,      0,      0,      0,      0,      0,      0,      0,      0,      0,      0,      0,      0,      0,      0,    54.6,    88.5,    77.7,    95.3,    54.6,    88.5,    77.7,    94.0,    54.6,    88.5,    77.7,    95.3,    54.6,    88.5,    77.7,    94.0,     0.0,     0.0,     0.0,     0.0,     0.0,     0.0,     0.0,     0.0,(10 SRECs),0063CC,IFED,006 ,N60,FutOnly
PJM TRI-RECs CLASS 1  - ICE FUTURES ENERGY DIV,260804,2026-08-04,0063CH,IFED,01,006 ,  244936,  178880,  161527,    7965,     245,       0,     488,    5456,     144,   37856,   57961,   19603,  244936,  244936,       0,       0,  244936,  178880,  161527,    7965,     245,       0,     488,    5456,     144,   37856,   57961,   19603,  244936,  244936,       0,       0,       0,       0,       0,       0,       0,       0,       0,       0,       0,       0,       0,       0,       0,       0,       0,       0,  -67597,  -47164,  -39095,   -5800,   -7993,       0,       0,    2834,   -2834,     992,   -7723,  -12767,  -67573,  -67578,     -24,     -19,  100.0,   73.0,   65.9,    3.3,    0.1,    0.0,    0.2,    2.2,    0.1,   15.5,   23.7,    8.0,  100.0,  100.0,    0.0,    0.0,  100.0,   73.0,   65.9,    3.3,    0.1,    0.0,    0.2,    2.2,    0.1,   15.5,   23.7,    8.0,  100.0,  100.0,    0.0,    0.0,  100.0,    0.0,    0.0,    0.0,    0.0,    0.0,    0.0,    0.0,    0.0,    0.0,    0.0,    0.0,    0.0,    0.0,    0.0,    0.0,     49,     20,     16,.,.,      0,      4,.,.,      7,      8,     10,     39,     31,     49,     20,     16,.,.,      0,      4,.,.,      7,      8,     10,     39,     31,      0,      0,      0,      0,      0,      0,      0,      0,      0,      0,      0,      0,      0,      0,    48.2,    56.3,    70.8,    74.1,    43.9,    56.2,    65.7,    71.8,    48.2,    56.3,    70.8,    74.1,    43.9,    56.2,    65.7,    71.8,     0.0,     0.0,     0.0,     0.0,     0.0,     0.0,     0.0,     0.0,(100 MWh of renewable energy certificates),0063CH,IFED,006 ,N60,FutOnly
CALIF LOW CARBON FSC-OPIS  - ICE FUTURES ENERGY DIV,260804,2026-08-04,0063CU,IFED,01,006 ,  117974,    6811,   88801,   38402,    2263,       0,   67846,       0,    2189,    2477,   24478,     243,  117968,  117974,       6,       0,  117974,    6811,   88801,   38402,    2263,       0,   67846,       0,    2189,    2477,   24478,     243,  117968,  117974,       6,       0,       0,       0,       0,       0,       0,       0,       0,       0,       0,       0,       0,       0,       0,       0,       0,       0,    4039,   -1755,    1815,    7952,     -58,       0,   -1161,       0,    -588,     -80,    3095,    -225,    4143,    4039,    -104,       0,  100.0,    5.8,   75.3,   32.6,    1.9,    0.0,   57.5,    0.0,    1.9,    2.1,   20.7,    0.2,  100.0,  100.0,    0.0,    0.0,  100.0,    5.8,   75.3,   32.6,    1.9,    0.0,   57.5,    0.0,    1.9,    2.1,   20.7,    0.2,  100.0,  100.0,    0.0,    0.0,  100.0,    0.0,    0.0,    0.0,    0.0,    0.0,    0.0,    0.0,    0.0,    0.0,    0.0,    0.0,    0.0,    0.0,    0.0,    0.0,     54,      9,      9,.,.,      0,     16,      0,.,      9,      7,.,     40,     22,     54,      9,      9,.,.,      0,     16,      0,.,      9,      7,.,     40,     22,      0,      0,      0,      0,      0,      0,      0,      0,      0,      0,      0,      0,      0,      0,    65.4,    80.4,    82.1,    94.5,    65.4,    79.8,    82.1,    94.0,    65.4,    80.4,    82.1,    94.5,    65.4,    79.8,    82.1,    94.0,     0.0,     0.0,     0.0,     0.0,     0.0,     0.0,     0.0,     0.0,(100 LCFS Credits- each of 1 MT),0063CU,IFED,006 ,N60,FutOnly
D6 RINs OPIS CURRENT YEAR - ICE FUTURES ENERGY DIV,260804,2026-08-04,0063CW,IFED,01,006 ,   35845,    8697,    7532,    3436,    4394,     346,    4253,    1187,    2967,    7162,   10444,    8873,   35734,   35743,     111,     102,   35845,    8697,    7532,    3436,    4394,     346,    4253,    1187,    2967,    7162,   10444,    8873,   35734,   35743,     111,     102,       0,       0,       0,       0,       0,       0,       0,       0,       0,       0,       0,       0,       0,       0,       0,       0,     125,    -106,    -424,    -808,      25,      80,     225,    -269,     464,    -435,    -418,     693,     113,     151,      12,     -26,  100.0,   24.3,   21.0,    9.6,   12.3,    1.0,   11.9,    3.3,    8.3,   20.0,   29.1,   24.8,   99.7,   99.7,    0.3,    0.3,  100.0,   24.3,   21.0,    9.6,   12.3,    1.0,   11.9,    3.3,    8.3,   20.0,   29.1,   24.8,   99.7,   99.7,    0.3,    0.3,  100.0,    0.0,    0.0,    0.0,    0.0,    0.0,    0.0,    0.0,    0.0,    0.0,    0.0,    0.0,    0.0,    0.0,    0.0,    0.0,     81,      8,     17,.,.,.,      5,      6,      4,     17,     27,     10,     40,     61,     81,      8,     17,.,.,.,      5,      6,      4,     17,     27,     10,     40,     61,      0,      0,      0,      0,      0,      0,      0,      0,      0,      0,      0,      0,      0,      0,    56.8,    45.5,    80.9,    65.9,    42.3,    30.4,    55.0,    43.7,    56.8,    45.5,    80.9,    65.9,    42.3,    30.4,    55.0,    43.7,     0.0,     0.0,     0.0,     0.0,     0.0,     0.0,     0.0,     0.0,"(50,000 RINs)",0063CW,IFED,006 ,N60,FutOnly
PA SOLAR ALTER ENERGY CREDIT - ICE FUTURES ENERGY DIV,260804,2026-08-04,0063DA,IFED,01,006 ,   17210,    9495,   16410,     215,       0,       0,       0,       0,       0,    7500,     800,       0,   17210,   17210,       0,       0,   17210,    9495,   16410,     215,       0,       0,       0,       0,       0,    7500,     800,       0,   17210,   17210,       0,       0,       0,       0,       0,       0,       0,       0,       0,       0,       0,       0,       0,       0,       0,       0,       0,       0,  -13865,   -8210,  -12665,   -1675,       0,       0,       0,       0,       0,   -3980,   -1200,       0,  -13865,  -13865,       0,       0,  100.0,   55.2,   95.4,    1.2,    0.0,    0.0,    0.0,    0.0,    0.0,   43.6,    4.6,    0.0,  100.0,  100.0,    0.0,    0.0,  100.0,   55.2,   95.4,    1.2,    0.0,    0.0,    0.0,    0.0,    0.0,   43.6,    4.6,    0.0,  100.0,  100.0,    0.0,    0.0,  100.0,    0.0,    0.0,    0.0,    0.0,    0.0,    0.0,    0.0,    0.0,    0.0,    0.0,    0.0,    0.0,    0.0,    0.0,    0.0,     20,      9,      4,.,      0,      0,      0,      0,      0,      5,.,      0,     15,      6,     20,      9,      4,.,      0,      0,      0,      0,      0,      5,.,      0,     15,      6,      0,      0,      0,      0,      0,      0,      0,      0,      0,      0,      0,      0,      0,      0,    56.4,    96.5,    82.2,   100.0,    56.1,    92.4,    79.3,    94.2,    56.4,    96.5,    82.2,   100.0,    56.1,    92.4,    79.3,    94.2,     0.0,     0.0,     0.0,     0.0,     0.0,     0.0,     0.0,     0.0,(10 PA SRECs),0063DA,IFED,006 ,N60,FutOnly
CALIF CARBON CURRENT AUCTION - ICE FUTURES ENERGY DIV,260804,2026-08-04,0063DB,IFED,01,006 ,   58501,   14076,    6170,   23710,   15188,     275,    1275,   11308,    3065,   11065,   17484,    5011,   58477,   58501,      24,       0,   58501,   14076,    6170,   23710,   15188,     275,    1275,   11308,    3065,   11065,   17484,    5011,   58477,   58501,      24,       0,       0,       0,       0,       0,       0,       0,       0,       0,       0,       0,       0,       0,       0,       0,       0,       0,    1751,     375,     400,   -1675,    1349,     275,     900,    -523,    -300,     107,   -1517,    2067,    1749,    1751,       2,       0,  100.0,   24.1,   10.5,   40.5,   26.0,    0.5,    2.2,   19.3,    5.2,   18.9,   29.9,    8.6,  100.0,  100.0,    0.0,    0.0,  100.0,   24.1,   10.5,   40.5,   26.0,    0.5,    2.2,   19.3,    5.2,   18.9,   29.9,    8.6,  100.0,  100.0,    0.0,    0.0,  100.0,    0.0,    0.0,    0.0,    0.0,    0.0,    0.0,    0.0,    0.0,    0.0,    0.0,    0.0,    0.0,    0.0,    0.0,    0.0,     51,     13,      8,      5,.,.,      6,.,      4,     11,      7,      9,     44,     26,     51,     13,      8,      5,.,.,      6,.,      4,     11,      7,      9,     44,     26,      0,      0,      0,      0,      0,      0,      0,      0,      0,      0,      0,      0,      0,      0,    51.9,    74.0,    67.6,    86.8,    51.9,    67.5,    63.9,    77.3,    51.9,    74.0,    67.6,    86.8,    51.9,    67.5,    63.9,    77.3,     0.0,     0.0,     0.0,     0.0,     0.0,     0.0,     0.0,     0.0,"(1,000 California carbon allowances)",0063DB,IFED,006 ,N60,FutOnly
D4 BIODIESEL RINs OPIS CURR YR - ICE FUTURES ENERGY DIV,260804,2026-08-04,0063DG,IFED,01,006 ,   15344,    2641,    6208,    2019,    3106,       0,    2019,     324,     974,    4834,    1922,    2727,   15214,   15261,     130,      83,   15344,    2641,    6208,    2019,    3106,       0,    2019,     324,     974,    4834,    1922,    2727,   15214,   15261,     130,      83,       0,       0,       0,       0,       0,       0,       0,       0,       0,       0,       0,       0,       0,       0,       0,       0,     903,   -1071,    -136,      75,     500,       0,      42,     194,     218,    1298,    -176,     301,     863,     901,      40,       2,  100.0,   17.2,   40.5,   13.2,   20.2,    0.0,   13.2,    2.1,    6.3,   31.5,   12.5,   17.8,   99.2,   99.5,    0.8,    0.5,  100.0,   17.2,   40.5,   13.2,   20.2,    0.0,   13.2,    2.1,    6.3,   31.5,   12.5,   17.8,   99.2,   99.5,    0.8,    0.5,  100.0,    0.0,    0.0,    0.0,    0.0,    0.0,    0.0,    0.0,    0.0,    0.0,    0.0,    0.0,    0.0,    0.0,    0.0,    0.0,     63,     13,     10,.,.,      0,     10,.,.,     19,     11,      5,     46,     29,     63,     13,     10,.,.,      0,     10,.,.,     19,     11,      5,     46,     29,      0,      0,      0,      0,      0,      0,      0,      0,      0,      0,      0,      0,      0,      0,    43.2,    50.8,    60.9,    70.4,    31.5,    47.5,    45.8,    61.3,    43.2,    50.8,    60.9,    70.4,    31.5,    47.5,    45.8,    61.3,     0.0,     0.0,     0.0,     0.0,     0.0,     0.0,     0.0,     0.0,"(50,000 RINs)",0063DG,IFED,006 ,N60,FutOnly
CT RECs CLASS 1  - ICE FUTURES ENERGY DIV,260804,2026-08-04,0063DK,IFED,01,006 ,    8975,    5925,    6371,     600,     750,       0,       0,     100,       0,    2450,    1754,       0,    8975,    8975,       0,       0,    8975,    5925,    6371,     600,     750,       0,       0,     100,       0,    2450,    1754,       0,    8975,    8975,       0,       0,       0,       0,       0,       0,       0,       0,       0,       0,       0,       0,       0,       0,       0,       0,       0,       0,       0,       0,       0,       0,       0,       0,       0,       0,       0,       0,       0,       0,       0,       0,       0,       0,  100.0,   66.0,   71.0,    6.7,    8.4,    0.0,    0.0,    1.1,    0.0,   27.3,   19.5,    0.0,  100.0,  100.0,    0.0,    0.0,  100.0,   66.0,   71.0,    6.7,    8.4,    0.0,    0.0,    1.1,    0.0,   27.3,   19.5,    0.0,  100.0,  100.0,    0.0,    0.0,  100.0,    0.0,    0.0,    0.0,    0.0,    0.0,    0.0,    0.0,    0.0,    0.0,    0.0,    0.0,    0.0,    0.0,    0.0,    0.0,     20,      7,      8,.,.,      0,      0,.,      0,.,.,      0,      9,     13,     20,      7,      8,.,.,      0,      0,.,      0,.,.,      0,      9,     13,      0,      0,      0,      0,      0,      0,      0,      0,      0,      0,      0,      0,      0,      0,    71.9,    63.5,    97.8,    91.1,    67.5,    63.5,    92.5,    88.6,    71.9,    63.5,    97.8,    91.1,    67.5,    63.5,    92.5,    88.6,     0.0,     0.0,     0.0,     0.0,     0.0,     0.0,     0.0,     0.0,(100 MWh of Class 1 Renewable Energy Certificates),0063DK,IFED,006 ,N60,FutOnly
MASS COMPLIANCE RECs CLASS 1  - ICE FUTURES ENERGY DIV,260804,2026-08-04,0063DL,IFED,01,006 ,   20979,   20679,   10039,       0,       0,       0,       0,       0,       0,       0,   10640,     300,   20979,   20979,       0,       0,   20979,   20679,   10039,       0,       0,       0,       0,       0,       0,       0,   10640,     300,   20979,   20979,       0,       0,       0,       0,       0,       0,       0,       0,       0,       0,       0,       0,       0,       0,       0,       0,       0,       0,       0,       0,       0,       0,       0,       0,       0,       0,       0,       0,       0,       0,       0,       0,       0,       0,  100.0,   98.6,   47.9,    0.0,    0.0,    0.0,    0.0,    0.0,    0.0,    0.0,   50.7,    1.4,  100.0,  100.0,    0.0,    0.0,  100.0,   98.6,   47.9,    0.0,    0.0,    0.0,    0.0,    0.0,    0.0,    0.0,   50.7,    1.4,  100.0,  100.0,    0.0,    0.0,  100.0,    0.0,    0.0,    0.0,    0.0,    0.0,    0.0,    0.0,    0.0,    0.0,    0.0,    0.0,    0.0,    0.0,    0.0,    0.0,     25,     10,     12,      0,      0,      0,      0,      0,      0,      0,      7,.,     11,     19,     25,     10,     12,      0,      0,      0,      0,      0,      0,      0,      7,.,     11,     19,      0,      0,      0,      0,      0,      0,      0,      0,      0,      0,      0,      0,      0,      0,    89.9,    63.2,    98.4,    82.7,    89.9,    63.2,    95.0,    79.5,    89.9,    63.2,    98.4,    82.7,    89.9,    63.2,    95.0,    79.5,     0.0,     0.0,     0.0,     0.0,     0.0,     0.0,     0.0,     0.0,100 MWh of Class 1 Renewable Energy Certificates,0063DL,IFED,006 ,N60,FutOnly
MARYLAND COMPLIANCE REC TIER1 - ICE FUTURES ENERGY DIV,260804,2026-08-04,0063DM,IFED,01,006 ,   11591,    9496,    5138,    1725,    1541,       0,       0,       0,       0,     250,    4792,     120,   11591,   11591,       0,       0,   11591,    9496,    5138,    1725,    1541,       0,       0,       0,       0,     250,    4792,     120,   11591,   11591,       0,       0,       0,       0,       0,       0,       0,       0,       0,       0,       0,       0,       0,       0,       0,       0,       0,       0,       0,       0,       0,       0,       0,       0,       0,       0,       0,       0,       0,       0,       0,       0,       0,       0,  100.0,   81.9,   44.3,   14.9,   13.3,    0.0,    0.0,    0.0,    0.0,    2.2,   41.3,    1.0,  100.0,  100.0,    0.0,    0.0,  100.0,   81.9,   44.3,   14.9,   13.3,    0.0,    0.0,    0.0,    0.0,    2.2,   41.3,    1.0,  100.0,  100.0,    0.0,    0.0,  100.0,    0.0,    0.0,    0.0,    0.0,    0.0,    0.0,    0.0,    0.0,    0.0,    0.0,    0.0,    0.0,    0.0,    0.0,    0.0,     23,     10,      7,.,.,      0,      0,      0,      0,.,      5,.,     14,     13,     23,     10,      7,.,.,      0,      0,      0,      0,.,      5,.,     14,     13,      0,      0,      0,      0,      0,      0,      0,      0,      0,      0,      0,      0,      0,      0,    61.4,    61.7,    86.0,    91.4,    61.4,    61.7,    83.0,    85.8,    61.4,    61.7,    86.0,    91.4,    61.4,    61.7,    83.0,    85.8,     0.0,     0.0,     0.0,     0.0,     0.0,     0.0,     0.0,     0.0,(100 Tier 1 RECs),0063DM,IFED,006 ,N60,FutOnly
MARYLAND SOLAR REC - ICE FUTURES ENERGY DIV,260804,2026-08-04,0063DN,IFED,01,006 ,   55581,   27531,   11450,   17300,   40981,       0,       0,       0,       0,   10750,    3150,       0,   55581,   55581,       0,       0,   55581,   27531,   11450,   17300,   40981,       0,       0,       0,       0,   10750,    3150,       0,   55581,   55581,       0,       0,       0,       0,       0,       0,       0,       0,       0,       0,       0,       0,       0,       0,       0,       0,       0,       0,       0,       0,       0,       0,       0,       0,       0,       0,       0,       0,       0,       0,       0,       0,       0,       0,  100.0,   49.5,   20.6,   31.1,   73.7,    0.0,    0.0,    0.0,    0.0,   19.3,    5.7,    0.0,  100.0,  100.0,    0.0,    0.0,  100.0,   49.5,   20.6,   31.1,   73.7,    0.0,    0.0,    0.0,    0.0,   19.3,    5.7,    0.0,  100.0,  100.0,    0.0,    0.0,  100.0,    0.0,    0.0,    0.0,    0.0,    0.0,    0.0,    0.0,    0.0,    0.0,    0.0,    0.0,    0.0,    0.0,    0.0,    0.0,     22,      8,      5,.,.,      0,      0,      0,      0,.,.,      0,     13,     10,     22,      8,      5,.,.,      0,      0,      0,      0,.,.,      0,     13,     10,      0,      0,      0,      0,      0,      0,      0,      0,      0,      0,      0,      0,      0,      0,    74.9,    89.2,    94.7,    98.8,    74.0,    89.2,    92.9,    98.1,    74.9,    89.2,    94.7,    98.8,    74.0,    89.2,    92.9,    98.1,     0.0,     0.0,     0.0,     0.0,     0.0,     0.0,     0.0,     0.0,(10 SRECs),0063DN,IFED,006 ,N60,FutOnly
NEPOOL DUAL RECs CLASS 1  - ICE FUTURES ENERGY DIV,260804,2026-08-04,0063DQ,IFED,01,006 ,   12760,    9910,    4234,     880,       0,       0,       0,       0,       0,    1065,    7546,     905,   12760,   12685,       0,      75,   12760,    9910,    4234,     880,       0,       0,       0,       0,       0,    1065,    7546,     905,   12760,   12685,       0,      75,       0,       0,       0,       0,       0,       0,       0,       0,       0,       0,       0,       0,       0,       0,       0,       0,       0,       0,       0,       0,       0,       0,       0,       0,       0,       0,       0,       0,       0,       0,       0,       0,  100.0,   77.7,   33.2,    6.9,    0.0,    0.0,    0.0,    0.0,    0.0,    8.3,   59.1,    7.1,  100.0,   99.4,    0.0,    0.6,  100.0,   77.7,   33.2,    6.9,    0.0,    0.0,    0.0,    0.0,    0.0,    8.3,   59.1,    7.1,  100.0,   99.4,    0.0,    0.6,  100.0,    0.0,    0.0,    0.0,    0.0,    0.0,    0.0,    0.0,    0.0,    0.0,    0.0,    0.0,    0.0,    0.0,    0.0,    0.0,     22,     11,      8,.,      0,      0,      0,      0,      0,.,.,.,     14,     12,     22,     11,      8,.,      0,      0,      0,      0,      0,.,.,.,     14,     12,      0,      0,      0,      0,      0,      0,      0,      0,      0,      0,      0,      0,      0,      0,    51.1,    67.0,    79.5,    92.0,    44.0,    67.0,    70.5,    85.0,    51.1,    67.0,    79.5,    92.0,    44.0,    67.0,    70.5,    85.0,     0.0,     0.0,     0.0,     0.0,     0.0,     0.0,     0.0,     0.0,100 MWh of Class 1 Renewable Energy Certificates,0063DQ,IFED,006 ,N60,FutOnly
NJ COMPLIANCE RECs CLASS 1 - ICE FUTURES ENERGY DIV,260804,2026-08-04,0063DR,IFED,01,006 ,   25488,   13352,   18466,      50,       0,       0,       0,     250,       0,   12085,    6772,       0,   25487,   25488,       1,       0,   25488,   13352,   18466,      50,       0,       0,       0,     250,       0,   12085,    6772,       0,   25487,   25488,       1,       0,       0,       0,       0,       0,       0,       0,       0,       0,       0,       0,       0,       0,       0,       0,       0,       0,   -3234,    -901,   -5094,     -25,       0,       0,       0,    -250,       0,   -2288,    2110,       0,   -3214,   -3234,     -20,       0,  100.0,   52.4,   72.4,    0.2,    0.0,    0.0,    0.0,    1.0,    0.0,   47.4,   26.6,    0.0,  100.0,  100.0,    0.0,    0.0,  100.0,   52.4,   72.4,    0.2,    0.0,    0.0,    0.0,    1.0,    0.0,   47.4,   26.6,    0.0,  100.0,  100.0,    0.0,    0.0,  100.0,    0.0,    0.0,    0.0,    0.0,    0.0,    0.0,    0.0,    0.0,    0.0,    0.0,    0.0,    0.0,    0.0,    0.0,    0.0,     22,     10,.,.,      0,      0,      0,.,      0,      5,.,      0,     16,      7,     22,     10,.,.,      0,      0,      0,.,      0,      5,.,      0,     16,      7,      0,      0,      0,      0,      0,      0,      0,      0,      0,      0,      0,      0,      0,      0,    76.4,    94.9,    92.3,   100.0,    76.4,    94.9,    92.3,    99.8,    76.4,    94.9,    92.3,   100.0,    76.4,    94.9,    92.3,    99.8,     0.0,     0.0,     0.0,     0.0,     0.0,     0.0,     0.0,     0.0,100 MWh of Class 1 Renewable Energy Certificates,0063DR,IFED,006 ,N60,FutOnly
PA COMPLIANCE AECs TIER1 - ICE FUTURES ENERGY DIV,260804,2026-08-04,0063DT,IFED,01,006 ,   47368,   35169,   26113,    1000,    3920,       0,    1100,       0,       0,    8720,   15936,    1379,   47368,   47348,       0,      20,   47368,   35169,   26113,    1000,    3920,       0,    1100,       0,       0,    8720,   15936,    1379,   47368,   47348,       0,      20,       0,       0,       0,       0,       0,       0,       0,       0,       0,       0,       0,       0,       0,       0,       0,       0,  -20594,  -11678,  -13569,    -210,   -3008,   -1116,       0,       0,       0,   -7425,   -2736,    -165,  -20594,  -20594,       0,       0,  100.0,   74.2,   55.1,    2.1,    8.3,    0.0,    2.3,    0.0,    0.0,   18.4,   33.6,    2.9,  100.0,  100.0,    0.0,    0.0,  100.0,   74.2,   55.1,    2.1,    8.3,    0.0,    2.3,    0.0,    0.0,   18.4,   33.6,    2.9,  100.0,  100.0,    0.0,    0.0,  100.0,    0.0,    0.0,    0.0,    0.0,    0.0,    0.0,    0.0,    0.0,    0.0,    0.0,    0.0,    0.0,    0.0,    0.0,    0.0,     35,     19,      5,.,.,      0,.,      0,      0,      5,      6,.,     27,     13,     35,     19,      5,.,.,      0,.,      0,      0,      5,      6,.,     27,     13,      0,      0,      0,      0,      0,      0,      0,      0,      0,      0,      0,      0,      0,      0,    42.9,    70.8,    60.2,    95.8,    42.9,    68.3,    60.2,    89.9,    42.9,    70.8,    60.2,    95.8,    42.9,    68.3,    60.2,    89.9,     0.0,     0.0,     0.0,     0.0,     0.0,     0.0,     0.0,     0.0,(100 AECs),0063DT,IFED,006 ,N60,FutOnly
WASHINGTON CARBON ALL V2026 - ICE FUTURES ENERGY DIV,260804,2026-08-04,0063EA,IFED,01,006 ,    4609,    1283,    1180,     165,     606,       0,     246,    1073,       4,    2902,    1636,       0,    4600,    4499,       9,     110,    4609,    1283,    1180,     165,     606,       0,     246,    1073,       4,    2902,    1636,       0,    4600,    4499,       9,     110,       0,       0,       0,       0,       0,       0,       0,       0,       0,       0,       0,       0,       0,       0,       0,       0,    -472,       7,    -223,     -10,     401,    -501,     140,    -100,       0,     -39,      39,     -70,    -473,    -454,       1,     -18,  100.0,   27.8,   25.6,    3.6,   13.1,    0.0,    5.3,   23.3,    0.1,   63.0,   35.5,    0.0,   99.8,   97.6,    0.2,    2.4,  100.0,   27.8,   25.6,    3.6,   13.1,    0.0,    5.3,   23.3,    0.1,   63.0,   35.5,    0.0,   99.8,   97.6,    0.2,    2.4,  100.0,    0.0,    0.0,    0.0,    0.0,    0.0,    0.0,    0.0,    0.0,    0.0,    0.0,    0.0,    0.0,    0.0,    0.0,    0.0,     34,      5,      7,.,.,      0,.,      6,.,      4,      8,      0,     13,     23,     34,      5,      7,.,.,      0,.,      6,.,      4,      8,      0,     13,     23,      0,      0,      0,      0,      0,      0,      0,      0,      0,      0,      0,      0,      0,      0,    82.0,    44.6,    95.4,    71.4,    82.0,    41.8,    94.1,    68.1,    82.0,    44.6,    95.4,    71.4,    82.0,    41.8,    94.1,    68.1,     0.0,     0.0,     0.0,     0.0,     0.0,     0.0,     0.0,     0.0,"1,000 Washington carbon allowances",0063EA,IFED,006 ,N60,FutOnly
CALIF CARBON ALL VINTAGE 2026 - ICE FUTURES ENERGY DIV,260804,2026-08-04,0063EE,IFED,01,006 ,  195721,   24944,   52683,   16947,   86862,    1840,  113168,   12170,    6178,   27605,   31184,    4773,  195455,  195690,     266,      31,  195721,   24944,   52683,   16947,   86862,    1840,  113168,   12170,    6178,   27605,   31184,    4773,  195455,  195690,     266,      31,       0,       0,       0,       0,       0,       0,       0,       0,       0,       0,       0,       0,       0,       0,       0,       0,  -13743,   -7583,   -2517,    3772,    3212,   -7728,   -1345,    -430,   -1030,     643,   -4711,    -481,  -13752,  -13685,       9,     -58,  100.0,   12.7,   26.9,    8.7,   44.4,    0.9,   57.8,    6.2,    3.2,   14.1,   15.9,    2.4,   99.9,  100.0,    0.1,    0.0,  100.0,   12.7,   26.9,    8.7,   44.4,    0.9,   57.8,    6.2,    3.2,   14.1,   15.9,    2.4,   99.9,  100.0,    0.1,    0.0,  100.0,    0.0,    0.0,    0.0,    0.0,    0.0,    0.0,    0.0,    0.0,    0.0,    0.0,    0.0,    0.0,    0.0,    0.0,    0.0,    137,     23,     17,      6,     11,.,     40,      7,      6,     30,     11,      8,    106,     57,    137,     23,     17,      6,     11,.,     40,      7,      6,     30,     11,      8,    106,     57,      0,      0,      0,      0,      0,      0,      0,      0,      0,      0,      0,      0,      0,      0,    40.7,    23.0,    54.5,    42.1,    39.8,    22.9,    52.5,    41.8,    40.7,    23.0,    54.5,    42.1,    39.8,    22.9,    52.5,    41.8,     0.0,     0.0,     0.0,     0.0,     0.0,     0.0,     0.0,     0.0,"1,000 California carbon allowances",0063EE,IFED,006 ,N60,FutOnly
CALIF CARBON ALL VINTAGE 2027 - ICE FUTURES ENERGY DIV,260804,2026-08-04,0063EI,IFED,01,006 ,   29943,   15368,    1843,    1220,   22340,      69,    1842,    1512,     405,   10943,    3769,       0,   29847,   29938,      96,       5,   29943,   15368,    1843,    1220,   22340,      69,    1842,    1512,     405,   10943,    3769,       0,   29847,   29938,      96,       5,       0,       0,       0,       0,       0,       0,       0,       0,       0,       0,       0,       0,       0,       0,       0,       0,     440,     180,     250,       0,       0,       0,     510,       0,       0,    -340,     190,       0,     350,     440,      90,       0,  100.0,   51.3,    6.2,    4.1,   74.6,    0.2,    6.2,    5.0,    1.4,   36.5,   12.6,    0.0,   99.7,  100.0,    0.3,    0.0,  100.0,   51.3,    6.2,    4.1,   74.6,    0.2,    6.2,    5.0,    1.4,   36.5,   12.6,    0.0,   99.7,  100.0,    0.3,    0.0,  100.0,    0.0,    0.0,    0.0,    0.0,    0.0,    0.0,    0.0,    0.0,    0.0,    0.0,    0.0,    0.0,    0.0,    0.0,    0.0,     37,      8,.,.,      7,.,      5,.,.,      9,.,      0,     25,     14,     37,      8,.,.,      7,.,      5,.,.,      9,.,      0,     25,     14,      0,      0,      0,      0,      0,      0,      0,      0,      0,      0,      0,      0,      0,      0,    64.6,    74.3,    81.0,    94.5,    64.6,    74.0,    81.0,    93.1,    64.6,    74.3,    81.0,    94.5,    64.6,    74.0,    81.0,    93.1,     0.0,     0.0,     0.0,     0.0,     0.0,     0.0,     0.0,     0.0,"1,000 California carbon allowances",0063EI,IFED,006 ,N60,FutOnly
CALIF CARBON ALLOWANCE V2026 - NODAL EXCHANGE,260804,2026-08-04,0063EL,NODX,01,006 ,    6069,    2615,     605,     210,     712,       0,     800,    1303,       0,    2398,    3417,       0,    6023,    6037,      46,      32,    6069,    2615,     605,     210,     712,       0,     800,    1303,       0,    2398,    3417,       0,    6023,    6037,      46,      32,       0,       0,       0,       0,       0,       0,       0,       0,       0,       0,       0,       0,       0,       0,       0,       0,    -275,      13,       0,       0,       0,       0,       0,       0,       0,      34,      45,    -300,    -253,    -255,     -22,     -20,  100.0,   43.1,   10.0,    3.5,   11.7,    0.0,   13.2,   21.5,    0.0,   39.5,   56.3,    0.0,   99.2,   99.5,    0.8,    0.5,  100.0,   43.1,   10.0,    3.5,   11.7,    0.0,   13.2,   21.5,    0.0,   39.5,   56.3,    0.0,   99.2,   99.5,    0.8,    0.5,  100.0,    0.0,    0.0,    0.0,    0.0,    0.0,    0.0,    0.0,    0.0,    0.0,    0.0,    0.0,    0.0,    0.0,    0.0,    0.0,     27,      7,.,.,      4,      0,.,.,      0,.,      5,      0,     13,     14,     27,      7,.,.,      4,      0,.,.,      0,.,      5,      0,     13,     14,      0,      0,      0,      0,      0,      0,      0,      0,      0,      0,      0,      0,      0,      0,    76.7,    76.8,    93.4,    91.4,    76.7,    76.8,    93.4,    91.4,    76.7,    76.8,    93.4,    91.4,    76.7,    76.8,    93.4,    91.4,     0.0,     0.0,     0.0,     0.0,     0.0,     0.0,     0.0,     0.0,"(1,000 California carbon allowances)",0063EL,NODX,006 ,N60,FutOnly
RGGI V2026 - ICE FUTURES ENERGY DIV,260804,2026-08-04,0063EM,IFED,01,006 ,   57223,   24825,   43668,   16006,    5511,     741,    9493,    1423,    1534,    3613,    3406,     906,   57118,   57189,     105,      34,   57223,   24825,   43668,   16006,    5511,     741,    9493,    1423,    1534,    3613,    3406,     906,   57118,   57189,     105,      34,       0,       0,       0,       0,       0,       0,       0,       0,       0,       0,       0,       0,       0,       0,       0,       0,   -2432,   -2535,     145,     672,    -697,    -763,     320,     -59,     157,     841,     -85,   -1150,   -2458,   -2452,      26,      20,  100.0,   43.4,   76.3,   28.0,    9.6,    1.3,   16.6,    2.5,    2.7,    6.3,    6.0,    1.6,   99.8,   99.9,    0.2,    0.1,  100.0,   43.4,   76.3,   28.0,    9.6,    1.3,   16.6,    2.5,    2.7,    6.3,    6.0,    1.6,   99.8,   99.9,    0.2,    0.1,  100.0,    0.0,    0.0,    0.0,    0.0,    0.0,    0.0,    0.0,    0.0,    0.0,    0.0,    0.0,    0.0,    0.0,    0.0,    0.0,     64,     13,      7,.,      5,      6,     14,      5,      5,     10,      9,      5,     48,     34,     64,     13,      7,.,      5,      6,     14,      5,      5,     10,      9,      5,     48,     34,      0,      0,      0,      0,      0,      0,      0,      0,      0,      0,      0,      0,      0,      0,    52.9,    83.3,    71.2,    91.7,    52.9,    82.4,    68.4,    88.3,    52.9,    83.3,    71.2,    91.7,    52.9,    82.4,    68.4,    88.3,     0.0,     0.0,     0.0,     0.0,     0.0,     0.0,     0.0,     0.0,"1,000 RGGI CO2 Allowances",0063EM,IFED,006 ,N60,FutOnly
RGGI V2027 - ICE FUTURES ENERGY DIV,260804,2026-08-04,0063F6,IFED,01,006 ,   22107,   13137,    2968,    3486,    3004,     250,       0,   12804,    1961,    2913,     713,     335,   22082,   22035,      25,      72,   22107,   13137,    2968,    3486,    3004,     250,       0,   12804,    1961,    2913,     713,     335,   22082,   22035,      25,      72,       0,       0,       0,       0,       0,       0,       0,       0,       0,       0,       0,       0,       0,       0,       0,       0,     358,     192,      41,      90,    -290,       0,       0,     680,       0,     175,      -6,     -77,     380,     348,     -22,      10,  100.0,   59.4,   13.4,   15.8,   13.6,    1.1,    0.0,   57.9,    8.9,   13.2,    3.2,    1.5,   99.9,   99.7,    0.1,    0.3,  100.0,   59.4,   13.4,   15.8,   13.6,    1.1,    0.0,   57.9,    8.9,   13.2,    3.2,    1.5,   99.9,   99.7,    0.1,    0.3,  100.0,    0.0,    0.0,    0.0,    0.0,    0.0,    0.0,    0.0,    0.0,    0.0,    0.0,    0.0,    0.0,    0.0,    0.0,    0.0,     32,      5,      8,      5,.,.,      0,      7,.,      4,      4,.,     15,     23,     32,      5,      8,      5,.,.,      0,      7,.,      4,      4,.,     15,     23,      0,      0,      0,      0,      0,      0,      0,      0,      0,      0,      0,      0,      0,      0,    66.9,    67.4,    91.0,    87.5,    64.8,    58.5,    81.1,    78.6,    66.9,    67.4,    91.0,    87.5,    64.8,    58.5,    81.1,    78.6,     0.0,     0.0,     0.0,     0.0,     0.0,     0.0,     0.0,     0.0,"(1,000 RGGI CO2 Allowances)",0063F6,IFED,006 ,N60,FutOnly
TX REC CRS V26 BACK HALF - NODAL EXCHANGE,260804,2026-08-04,006NHT,NODX,01,006 ,    9107,    8573,    2624,     300,     385,       0,       0,       0,       0,      75,    5927,       0,    8948,    8936,     159,     171,    9107,    8573,    2624,     300,     385,       0,       0,       0,       0,      75,    5927,       0,    8948,    8936,     159,     171,       0,       0,       0,       0,       0,       0,       0,       0,       0,       0,       0,       0,       0,       0,       0,       0,      50,      50,      50,       0,       0,       0,       0,       0,       0,       0,       0,       0,      50,      50,       0,       0,  100.0,   94.1,   28.8,    3.3,    4.2,    0.0,    0.0,    0.0,    0.0,    0.8,   65.1,    0.0,   98.3,   98.1,    1.7,    1.9,  100.0,   94.1,   28.8,    3.3,    4.2,    0.0,    0.0,    0.0,    0.0,    0.8,   65.1,    0.0,   98.3,   98.1,    1.7,    1.9,  100.0,    0.0,    0.0,    0.0,    0.0,    0.0,    0.0,    0.0,    0.0,    0.0,    0.0,    0.0,    0.0,    0.0,    0.0,    0.0,     29,     12,      7,.,.,      0,      0,      0,      0,.,      7,      0,     14,     15,     29,     12,      7,.,.,      0,      0,      0,      0,.,      7,      0,     14,     15,      0,      0,      0,      0,      0,      0,      0,      0,      0,      0,      0,      0,      0,      0,    65.8,    62.3,    88.8,    85.3,    65.8,    62.3,    88.8,    85.3,    65.8,    62.3,    88.8,    85.3,    65.8,    62.3,    88.8,    85.3,     0.0,     0.0,     0.0,     0.0,     0.0,     0.0,     0.0,     0.0,1000 Texas RECs,006NHT,NODX,006 ,N60,FutOnly
TX REC CRS V27 BACK HALF - NODAL EXCHANGE,260804,2026-08-04,006NHU,NODX,01,006 ,    6851,    6029,    1902,       0,     400,       0,       0,       0,       0,     540,    4278,       0,    6569,    6580,     282,     271,    6851,    6029,    1902,       0,     400,       0,       0,       0,       0,     540,    4278,       0,    6569,    6580,     282,     271,       0,       0,       0,       0,       0,       0,       0,       0,       0,       0,       0,       0,       0,       0,       0,       0,       0,       0,       0,       0,       0,       0,       0,       0,       0,       0,       0,       0,       0,       0,       0,       0,  100.0,   88.0,   27.8,    0.0,    5.8,    0.0,    0.0,    0.0,    0.0,    7.9,   62.4,    0.0,   95.9,   96.0,    4.1,    4.0,  100.0,   88.0,   27.8,    0.0,    5.8,    0.0,    0.0,    0.0,    0.0,    7.9,   62.4,    0.0,   95.9,   96.0,    4.1,    4.0,  100.0,    0.0,    0.0,    0.0,    0.0,    0.0,    0.0,    0.0,    0.0,    0.0,    0.0,    0.0,    0.0,    0.0,    0.0,    0.0,     32,     13,      6,      0,.,      0,      0,      0,      0,      5,      6,      0,     18,     14,     32,     13,      6,      0,.,      0,      0,      0,      0,      5,      6,      0,     18,     14,      0,      0,      0,      0,      0,      0,      0,      0,      0,      0,      0,      0,      0,      0,    66.7,    70.3,    84.9,    89.8,    66.7,    70.3,    84.9,    89.8,    66.7,    70.3,    84.9,    89.8,    66.7,    70.3,    84.9,    89.8,     0.0,     0.0,     0.0,     0.0,     0.0,     0.0,     0.0,     0.0,1000 Texas RECs,006NHU,NODX,006 ,N60,FutOnly
TX REC CRS V28 BACK HALF - NODAL EXCHANGE,260804,2026-08-04,006NHV,NODX,01,006 ,    5328,    3667,    1546,      25,     412,       0,     164,       0,       0,     724,    2607,     441,    5021,    5006,     307,     322,    5328,    3667,    1546,      25,     412,       0,     164,       0,       0,     724,    2607,     441,    5021,    5006,     307,     322,       0,       0,       0,       0,       0,       0,       0,       0,       0,       0,       0,       0,       0,       0,       0,       0,     -25,      50,       0,       0,       0,       0,       0,       0,       0,    -100,     -49,       0,     -50,     -49,      25,      24,  100.0,   68.8,   29.0,    0.5,    7.7,    0.0,    3.1,    0.0,    0.0,   13.6,   48.9,    8.3,   94.2,   94.0,    5.8,    6.0,  100.0,   68.8,   29.0,    0.5,    7.7,    0.0,    3.1,    0.0,    0.0,   13.6,   48.9,    8.3,   94.2,   94.0,    5.8,    6.0,  100.0,    0.0,    0.0,    0.0,    0.0,    0.0,    0.0,    0.0,    0.0,    0.0,    0.0,    0.0,    0.0,    0.0,    0.0,    0.0,     30,     12,      6,.,.,      0,.,      0,      0,      6,.,.,     20,     11,     30,     12,      6,.,.,      0,.,      0,      0,      6,.,.,     20,     11,      0,      0,      0,      0,      0,      0,      0,      0,      0,      0,      0,      0,      0,      0,    50.1,    68.9,    73.7,    87.7,    43.6,    68.4,    65.4,    82.2,    50.1,    68.9,    73.7,    87.7,    43.6,    68.4,    65.4,    82.2,     0.0,     0.0,     0.0,     0.0,     0.0,     0.0,     0.0,     0.0,1000 Texas RECs,006NHV,NODX,006 ,N60,FutOnly
TX REC CRS V29 BACK HALF - NODAL EXCHANGE,260804,2026-08-04,006NHW,NODX,01,006 ,    4827,    4168,    1278,       0,     587,       0,       0,       0,       0,     557,    2860,       0,    4725,    4725,     102,     102,    4827,    4168,    1278,       0,     587,       0,       0,       0,       0,     557,    2860,       0,    4725,    4725,     102,     102,       0,       0,       0,       0,       0,       0,       0,       0,       0,       0,       0,       0,       0,       0,       0,       0,    -194,    -474,       0,       0,       0,       0,       0,       0,       0,     280,    -194,       0,    -194,    -194,       0,       0,  100.0,   86.3,   26.5,    0.0,   12.2,    0.0,    0.0,    0.0,    0.0,   11.5,   59.3,    0.0,   97.9,   97.9,    2.1,    2.1,  100.0,   86.3,   26.5,    0.0,   12.2,    0.0,    0.0,    0.0,    0.0,   11.5,   59.3,    0.0,   97.9,   97.9,    2.1,    2.1,  100.0,    0.0,    0.0,    0.0,    0.0,    0.0,    0.0,    0.0,    0.0,    0.0,    0.0,    0.0,    0.0,    0.0,    0.0,    0.0,     29,     13,      4,      0,.,      0,      0,      0,      0,      5,      4,      0,     18,     11,     29,     13,      4,      0,.,      0,      0,      0,      0,      5,      4,      0,     18,     11,      0,      0,      0,      0,      0,      0,      0,      0,      0,      0,      0,      0,      0,      0,    61.4,    78.5,    85.9,    94.8,    61.4,    78.5,    85.9,    94.8,    61.4,    78.5,    85.9,    94.8,    61.4,    78.5,    85.9,    94.8,     0.0,     0.0,     0.0,     0.0,     0.0,     0.0,     0.0,     0.0,1000 Texas RECs,006NHW,NODX,006 ,N60,FutOnly
TX REC CRS V30 BACK HALF - NODAL EXCHANGE,260804,2026-08-04,006NHX,NODX,01,006 ,    3466,    3174,     723,       0,     275,       0,       0,       0,       0,     148,    2315,       0,    3322,    3313,     144,     153,    3466,    3174,     723,       0,     275,       0,       0,       0,       0,     148,    2315,       0,    3322,    3313,     144,     153,       0,       0,       0,       0,       0,       0,       0,       0,       0,       0,       0,       0,       0,       0,       0,       0,     543,     543,     368,       0,       0,       0,       0,       0,       0,       0,     175,       0,     543,     543,       0,       0,  100.0,   91.6,   20.9,    0.0,    7.9,    0.0,    0.0,    0.0,    0.0,    4.3,   66.8,    0.0,   95.8,   95.6,    4.2,    4.4,  100.0,   91.6,   20.9,    0.0,    7.9,    0.0,    0.0,    0.0,    0.0,    4.3,   66.8,    0.0,   95.8,   95.6,    4.2,    4.4,  100.0,    0.0,    0.0,    0.0,    0.0,    0.0,    0.0,    0.0,    0.0,    0.0,    0.0,    0.0,    0.0,    0.0,    0.0,    0.0,     26,     10,      7,      0,.,      0,      0,      0,      0,.,      6,      0,     13,     15,     26,     10,      7,      0,.,      0,      0,      0,      0,.,      6,      0,     13,     15,      0,      0,      0,      0,      0,      0,      0,      0,      0,      0,      0,      0,      0,      0,    78.9,    71.6,    90.2,    89.0,    78.2,    71.6,    89.4,    89.0,    78.9,    71.6,    90.2,    89.0,    78.2,    71.6,    89.4,    89.0,     0.0,     0.0,     0.0,     0.0,     0.0,     0.0,     0.0,     0.0,"(1,000 MWh representing 1,000 Texas RECs)",006NHX,NODX,006 ,N60,FutOnly
TX REC CRS V26 FRONT HALF - NODAL EXCHANGE,260804,2026-08-04,006NHY,NODX,01,006 ,    8035,    7376,    3331,       0,     912,       0,       0,       0,       0,     328,    3462,       0,    7704,    7705,     331,     330,    8035,    7376,    3331,       0,     912,       0,       0,       0,       0,     328,    3462,       0,    7704,    7705,     331,     330,       0,       0,       0,       0,       0,       0,       0,       0,       0,       0,       0,       0,       0,       0,       0,       0,       0,       0,     300,       0,    -200,       0,       0,       0,       0,       0,    -100,       0,       0,       0,       0,       0,  100.0,   91.8,   41.5,    0.0,   11.4,    0.0,    0.0,    0.0,    0.0,    4.1,   43.1,    0.0,   95.9,   95.9,    4.1,    4.1,  100.0,   91.8,   41.5,    0.0,   11.4,    0.0,    0.0,    0.0,    0.0,    4.1,   43.1,    0.0,   95.9,   95.9,    4.1,    4.1,  100.0,    0.0,    0.0,    0.0,    0.0,    0.0,    0.0,    0.0,    0.0,    0.0,    0.0,    0.0,    0.0,    0.0,    0.0,    0.0,     31,     15,      5,      0,.,      0,      0,      0,      0,.,      5,      0,     18,     13,     31,     15,      5,      0,.,      0,      0,      0,      0,.,      5,      0,     18,     13,      0,      0,      0,      0,      0,      0,      0,      0,      0,      0,      0,      0,      0,      0,    64.9,    57.0,    81.7,    84.0,    64.9,    57.0,    81.7,    84.0,    64.9,    57.0,    81.7,    84.0,    64.9,    57.0,    81.7,    84.0,     0.0,     0.0,     0.0,     0.0,     0.0,     0.0,     0.0,     0.0,1000 Texas RECs,006NHY,NODX,006 ,N60,FutOnly
TX REC CRS V27 FRONT HALF - NODAL EXCHANGE,260804,2026-08-04,006NHZ,NODX,01,006 ,    7307,    5888,    3372,       0,     703,       0,       0,       0,       0,    1339,    3131,       0,    7227,    7206,      80,     101,    7307,    5888,    3372,       0,     703,       0,       0,       0,       0,    1339,    3131,       0,    7227,    7206,      80,     101,       0,       0,       0,       0,       0,       0,       0,       0,       0,       0,       0,       0,       0,       0,       0,       0,       0,       0,       0,       0,       0,       0,       0,       0,       0,       0,       2,       0,       0,       2,       0,      -2,  100.0,   80.6,   46.1,    0.0,    9.6,    0.0,    0.0,    0.0,    0.0,   18.3,   42.8,    0.0,   98.9,   98.6,    1.1,    1.4,  100.0,   80.6,   46.1,    0.0,    9.6,    0.0,    0.0,    0.0,    0.0,   18.3,   42.8,    0.0,   98.9,   98.6,    1.1,    1.4,  100.0,    0.0,    0.0,    0.0,    0.0,    0.0,    0.0,    0.0,    0.0,    0.0,    0.0,    0.0,    0.0,    0.0,    0.0,    0.0,     33,     15,      7,      0,.,      0,      0,      0,      0,      7,.,      0,     22,     12,     33,     15,      7,      0,.,      0,      0,      0,      0,      7,.,      0,     22,     12,      0,      0,      0,      0,      0,      0,      0,      0,      0,      0,      0,      0,      0,      0,    60.6,    76.6,    79.6,    94.5,    60.6,    76.2,    79.6,    94.2,    60.6,    76.6,    79.6,    94.5,    60.6,    76.2,    79.6,    94.2,     0.0,     0.0,     0.0,     0.0,     0.0,     0.0,     0.0,     0.0,1000 Texas RECs,006NHZ,NODX,006 ,N60,FutOnly
TX REC CRS V28 FRONT HALF - NODAL EXCHANGE,260804,2026-08-04,006NJ1,NODX,01,006 ,    5916,    4990,    2067,       0,     538,       0,       0,       0,       0,     651,    3007,       0,    5641,    5612,     275,     304,    5916,    4990,    2067,       0,     538,       0,       0,       0,       0,     651,    3007,       0,    5641,    5612,     275,     304,       0,       0,       0,       0,       0,       0,       0,       0,       0,       0,       0,       0,       0,       0,       0,       0,    -279,    -354,    -325,       0,       0,       0,       0,       0,       0,       0,     -50,       0,    -354,    -375,      75,      96,  100.0,   84.3,   34.9,    0.0,    9.1,    0.0,    0.0,    0.0,    0.0,   11.0,   50.8,    0.0,   95.4,   94.9,    4.6,    5.1,  100.0,   84.3,   34.9,    0.0,    9.1,    0.0,    0.0,    0.0,    0.0,   11.0,   50.8,    0.0,   95.4,   94.9,    4.6,    5.1,  100.0,    0.0,    0.0,    0.0,    0.0,    0.0,    0.0,    0.0,    0.0,    0.0,    0.0,    0.0,    0.0,    0.0,    0.0,    0.0,     26,     10,      8,      0,.,      0,      0,      0,      0,.,      5,      0,     13,     14,     26,     10,      8,      0,.,      0,      0,      0,      0,.,      5,      0,     13,     14,      0,      0,      0,      0,      0,      0,      0,      0,      0,      0,      0,      0,      0,      0,    68.3,    71.4,    85.5,    88.8,    67.4,    71.4,    84.6,    88.8,    68.3,    71.4,    85.5,    88.8,    67.4,    71.4,    84.6,    88.8,     0.0,     0.0,     0.0,     0.0,     0.0,     0.0,     0.0,     0.0,1000 Texas RECs,006NJ1,NODX,006 ,N60,FutOnly
TX REC CRS V29 FRONT HALF - NODAL EXCHANGE,260804,2026-08-04,006NJ2,NODX,01,006 ,    6033,    4723,    2381,       0,     713,       0,       0,       0,       0,    1192,    2840,       0,    5915,    5934,     118,      99,    6033,    4723,    2381,       0,     713,       0,       0,       0,       0,    1192,    2840,       0,    5915,    5934,     118,      99,       0,       0,       0,       0,       0,       0,       0,       0,       0,       0,       0,       0,       0,       0,       0,       0,    -236,    -304,    -280,       0,       0,       0,       0,       0,       0,     108,      83,     -25,    -221,    -222,     -15,     -14,  100.0,   78.3,   39.5,    0.0,   11.8,    0.0,    0.0,    0.0,    0.0,   19.8,   47.1,    0.0,   98.0,   98.4,    2.0,    1.6,  100.0,   78.3,   39.5,    0.0,   11.8,    0.0,    0.0,    0.0,    0.0,   19.8,   47.1,    0.0,   98.0,   98.4,    2.0,    1.6,  100.0,    0.0,    0.0,    0.0,    0.0,    0.0,    0.0,    0.0,    0.0,    0.0,    0.0,    0.0,    0.0,    0.0,    0.0,    0.0,     29,      9,      8,      0,.,      0,      0,      0,      0,      5,      4,      0,     14,     15,     29,      9,      8,      0,.,      0,      0,      0,      0,      5,      4,      0,     14,     15,      0,      0,      0,      0,      0,      0,      0,      0,      0,      0,      0,      0,      0,      0,    71.2,    75.6,    91.2,    91.4,    71.2,    75.6,    91.2,    91.4,    71.2,    75.6,    91.2,    91.4,    71.2,    75.6,    91.2,    91.4,     0.0,     0.0,     0.0,     0.0,     0.0,     0.0,     0.0,     0.0,1000 Texas RECs,006NJ2,NODX,006 ,N60,FutOnly
TX REC CRS V30 FRONT HALF - NODAL EXCHANGE,260804,2026-08-04,006NJ3,NODX,01,006 ,    2991,    2498,     512,       0,     400,       0,       0,       0,       0,     336,    1899,       0,    2834,    2811,     157,     180,    2991,    2498,     512,       0,     400,       0,       0,       0,       0,     336,    1899,       0,    2834,    2811,     157,     180,       0,       0,       0,       0,       0,       0,       0,       0,       0,       0,       0,       0,       0,       0,       0,       0,     324,     324,     149,       0,       0,       0,       0,       0,       0,       0,     175,       0,     324,     324,       0,       0,  100.0,   83.5,   17.1,    0.0,   13.4,    0.0,    0.0,    0.0,    0.0,   11.2,   63.5,    0.0,   94.8,   94.0,    5.2,    6.0,  100.0,   83.5,   17.1,    0.0,   13.4,    0.0,    0.0,    0.0,    0.0,   11.2,   63.5,    0.0,   94.8,   94.0,    5.2,    6.0,  100.0,    0.0,    0.0,    0.0,    0.0,    0.0,    0.0,    0.0,    0.0,    0.0,    0.0,    0.0,    0.0,    0.0,    0.0,    0.0,     23,      9,      7,      0,.,      0,      0,      0,      0,.,      6,      0,     11,     15,     23,      9,      7,      0,.,      0,      0,      0,      0,.,      6,      0,     11,     15,      0,      0,      0,      0,      0,      0,      0,      0,      0,      0,      0,      0,      0,      0,    72.4,    68.0,    89.7,    85.0,    69.7,    68.0,    87.1,    85.0,    72.4,    68.0,    89.7,    85.0,    69.7,    68.0,    87.1,    85.0,     0.0,     0.0,     0.0,     0.0,     0.0,     0.0,     0.0,     0.0,1000 Texas RECs,006NJ3,NODX,006 ,N60,FutOnly
TX REC CRS V31 BACK HALF - NODAL EXCHANGE,260804,2026-08-04,006NKH,NODX,01,006 ,    2122,    1636,     803,     212,      50,       0,       0,       0,       0,     174,    1169,       0,    2022,    2022,     100,     100,    2122,    1636,     803,     212,      50,       0,       0,       0,       0,     174,    1169,       0,    2022,    2022,     100,     100,       0,       0,       0,       0,       0,       0,       0,       0,       0,       0,       0,       0,       0,       0,       0,       0,     448,     455,     394,       0,       0,       0,       0,       0,       0,      -7,      54,       0,     448,     448,       0,       0,  100.0,   77.1,   37.8,   10.0,    2.4,    0.0,    0.0,    0.0,    0.0,    8.2,   55.1,    0.0,   95.3,   95.3,    4.7,    4.7,  100.0,   77.1,   37.8,   10.0,    2.4,    0.0,    0.0,    0.0,    0.0,    8.2,   55.1,    0.0,   95.3,   95.3,    4.7,    4.7,  100.0,    0.0,    0.0,    0.0,    0.0,    0.0,    0.0,    0.0,    0.0,    0.0,    0.0,    0.0,    0.0,    0.0,    0.0,    0.0,     20,      7,      6,.,.,      0,      0,      0,      0,.,      4,      0,     11,     11,     20,      7,      6,.,.,      0,      0,      0,      0,.,      4,      0,     11,     11,      0,      0,      0,      0,      0,      0,      0,      0,      0,      0,      0,      0,      0,      0,    71.0,    76.6,    88.6,    91.6,    68.5,    76.6,    86.1,    91.6,    71.0,    76.6,    88.6,    91.6,    68.5,    76.6,    86.1,    91.6,     0.0,     0.0,     0.0,     0.0,     0.0,     0.0,     0.0,     0.0,1000 Texas RECs,006NKH,NODX,006 ,N60,FutOnly
NEW JERSEY RECs CLASS 2 V2027 - NODAL EXCHANGE,260804,2026-08-04,006NMM,NODX,01,006 ,   10756,    5940,    1800,     321,    8606,       0,    1150,       0,       0,    3345,     350,       0,   10756,   10756,       0,       0,   10756,    5940,    1800,     321,    8606,       0,    1150,       0,       0,    3345,     350,       0,   10756,   10756,       0,       0,       0,       0,       0,       0,       0,       0,       0,       0,       0,       0,       0,       0,       0,       0,       0,       0,       0,       0,       0,       0,       0,       0,       0,       0,       0,       0,       0,       0,       0,       0,       0,       0,  100.0,   55.2,   16.7,    3.0,   80.0,    0.0,   10.7,    0.0,    0.0,   31.1,    3.3,    0.0,  100.0,  100.0,    0.0,    0.0,  100.0,   55.2,   16.7,    3.0,   80.0,    0.0,   10.7,    0.0,    0.0,   31.1,    3.3,    0.0,  100.0,  100.0,    0.0,    0.0,  100.0,    0.0,    0.0,    0.0,    0.0,    0.0,    0.0,    0.0,    0.0,    0.0,    0.0,    0.0,    0.0,    0.0,    0.0,    0.0,     23,     11,.,.,.,      0,.,      0,      0,      5,.,      0,     18,      5,     23,     11,.,.,.,      0,.,      0,      0,      5,.,      0,     18,      5,      0,      0,      0,      0,      0,      0,      0,      0,      0,      0,      0,      0,      0,      0,    55.1,    96.7,    82.0,   100.0,    55.1,    96.7,    82.0,   100.0,    55.1,    96.7,    82.0,   100.0,    55.1,    96.7,    82.0,   100.0,     0.0,     0.0,     0.0,     0.0,     0.0,     0.0,     0.0,     0.0,(100 MWh representing 100 NJ Class 2 RECs),006NMM,NODX,006 ,N60,FutOnly
PENNSYLVANIA AEC TIER 2-V2027 - NODAL EXCHANGE,260804,2026-08-04,006NMT,NODX,01,006 ,   26228,   18075,   14959,    1020,     500,       0,    2500,       0,       0,    4633,   10769,       0,   26228,   26228,       0,       0,   26228,   18075,   14959,    1020,     500,       0,    2500,       0,       0,    4633,   10769,       0,   26228,   26228,       0,       0,       0,       0,       0,       0,       0,       0,       0,       0,       0,       0,       0,       0,       0,       0,       0,       0,     165,     300,       0,       0,       0,       0,       0,       0,       0,       0,     300,       0,     300,     300,    -135,    -135,  100.0,   68.9,   57.0,    3.9,    1.9,    0.0,    9.5,    0.0,    0.0,   17.7,   41.1,    0.0,  100.0,  100.0,    0.0,    0.0,  100.0,   68.9,   57.0,    3.9,    1.9,    0.0,    9.5,    0.0,    0.0,   17.7,   41.1,    0.0,  100.0,  100.0,    0.0,    0.0,  100.0,    0.0,    0.0,    0.0,    0.0,    0.0,    0.0,    0.0,    0.0,    0.0,    0.0,    0.0,    0.0,    0.0,    0.0,    0.0,     31,     14,      6,.,.,      0,.,      0,      0,      4,      4,      0,     21,     11,     31,     14,      6,.,.,      0,.,      0,      0,      4,      4,      0,     21,     11,      0,      0,      0,      0,      0,      0,      0,      0,      0,      0,      0,      0,      0,      0,    49.4,    80.2,    74.3,    96.5,    49.4,    80.2,    74.3,    96.3,    49.4,    80.2,    74.3,    96.5,    49.4,    80.2,    74.3,    96.3,     0.0,     0.0,     0.0,     0.0,     0.0,     0.0,     0.0,     0.0,(100 MWh = 100 Tier 2  AECs),006NMT,NODX,006 ,N60,FutOnly
PENNSYLVANIA AEC TIER 2-V2028 - NODAL EXCHANGE,260804,2026-08-04,006NMX,NODX,01,006 ,   20730,   16565,   12956,     550,       0,       0,     550,       0,       0,    3065,    7774,       0,   20730,   20730,       0,       0,   20730,   16565,   12956,     550,       0,       0,     550,       0,       0,    3065,    7774,       0,   20730,   20730,       0,       0,       0,       0,       0,       0,       0,       0,       0,       0,       0,       0,       0,       0,       0,       0,       0,       0,    -100,     100,    -100,       0,       0,       0,       0,       0,       0,    -200,       0,       0,    -100,    -100,       0,       0,  100.0,   79.9,   62.5,    2.7,    0.0,    0.0,    2.7,    0.0,    0.0,   14.8,   37.5,    0.0,  100.0,  100.0,    0.0,    0.0,  100.0,   79.9,   62.5,    2.7,    0.0,    0.0,    2.7,    0.0,    0.0,   14.8,   37.5,    0.0,  100.0,  100.0,    0.0,    0.0,  100.0,    0.0,    0.0,    0.0,    0.0,    0.0,    0.0,    0.0,    0.0,    0.0,    0.0,    0.0,    0.0,    0.0,    0.0,    0.0,     27,     13,      4,.,      0,      0,.,      0,      0,      5,.,      0,     21,      6,     27,     13,      4,.,      0,      0,.,      0,      0,      5,.,      0,     21,      6,      0,      0,      0,      0,      0,      0,      0,      0,      0,      0,      0,      0,      0,      0,    55.3,    97.7,    76.7,   100.0,    55.3,    97.7,    76.7,   100.0,    55.3,    97.7,    76.7,   100.0,    55.3,    97.7,    76.7,   100.0,     0.0,     0.0,     0.0,     0.0,     0.0,     0.0,     0.0,     0.0,(100 MWh = 100 Tier 2  AECs),006NMX,NODX,006 ,N60,FutOnly
SOYBEAN OIL - CHICAGO BOARD OF TRADE,260804,2026-08-04,007601,CBT ,00,007 ,  623230,  193936,  368044,   93297,    9848,   19788,  106110,   27077,   94022,   25178,   23819,   57029,  589360,  599627,   33870,   23603,  118099,   74496,   71522,    5242,    5025,     159,   16454,   18885,       8,   15868,   17518,     239,  112466,  113356,    5633,    4743,  505131,  119440,  296522,   91534,    8302,   16150,  107353,   25889,   76317,   26061,   23052,   40039,  476894,  486271,   28237,   18860,  -26811,    1924,  -24797,   -3770,    1188,    -466,  -24823,    4042,    3560,    4720,   -3625,   -5375,  -24230,  -25473,   -2581,   -1338,  100.0,   31.1,   59.1,   15.0,    1.6,    3.2,   17.0,    4.3,   15.1,    4.0,    3.8,    9.2,   94.6,   96.2,    5.4,    3.8,  100.0,   63.1,   60.6,    4.4,    4.3,    0.1,   13.9,   16.0,    0.0,   13.4,   14.8,    0.2,   95.2,   96.0,    4.8,    4.0,  100.0,   23.6,   58.7,   18.1,    1.6,    3.2,   21.3,    5.1,   15.1,    5.2,    4.6,    7.9,   94.4,   96.3,    5.6,    3.7,    321,     79,     83,     19,     11,     14,     79,     28,     54,     38,     34,     43,    269,    222,    196,     49,     49,     10,     10,.,     19,     24,.,     21,     27,.,    103,    111,    313,     68,     78,     22,      8,     11,     79,     26,     52,     38,     32,     38,    252,    206,    12.7,    23.8,    19.9,    34.9,     8.5,    19.2,    12.8,    25.3,    35.3,    32.0,    50.7,    45.7,    34.2,    31.5,    49.5,    44.4,    12.0,    25.5,    20.2,    37.8,    10.3,    21.9,    15.5,    32.4,"(CONTRACTS OF 60,000 POUNDS)",007601,CBT ,007 ,A30,FutOnly
USGC HSFO (PLATTS) - ICE FUTURES ENERGY DIV,260804,2026-08-04,02141B,IFED,01,021 ,   24174,   11822,   21533,    1884,     476,      70,      25,       0,      81,    8468,      95,    1785,   24135,   24040,      39,     134,   24174,   11822,   21533,    1884,     476,      70,      25,       0,      81,    8468,      95,    1785,   24135,   24040,      39,     134,       0,       0,       0,       0,       0,       0,       0,       0,       0,       0,       0,       0,       0,       0,       0,       0,   -4096,   -2168,   -4403,    -136,      14,     -61,      25,       0,      81,   -2075,      -1,     308,   -4026,   -4062,     -70,     -34,  100.0,   48.9,   89.1,    7.8,    2.0,    0.3,    0.1,    0.0,    0.3,   35.0,    0.4,    7.4,   99.8,   99.4,    0.2,    0.6,  100.0,   48.9,   89.1,    7.8,    2.0,    0.3,    0.1,    0.0,    0.3,   35.0,    0.4,    7.4,   99.8,   99.4,    0.2,    0.6,  100.0,    0.0,    0.0,    0.0,    0.0,    0.0,    0.0,    0.0,    0.0,    0.0,    0.0,    0.0,    0.0,    0.0,    0.0,    0.0,     59,     24,     37,      4,      4,.,.,      0,.,      9,.,      7,     42,     49,     59,     24,     37,      4,      4,.,.,      0,.,      9,.,      7,     42,     49,      0,      0,      0,      0,      0,      0,      0,      0,      0,      0,      0,      0,      0,      0,    46.5,    29.9,    67.1,    49.9,    37.3,    19.7,    44.0,    32.1,    46.5,    29.9,    67.1,    49.9,    37.3,    19.7,    44.0,    32.1,     0.0,     0.0,     0.0,     0.0,     0.0,     0.0,     0.0,     0.0,(1000 barrels),02141B,IFED,021 ,N10,FutOnly
FUEL OIL-3% USGC/3.5% FOB RDAM - ICE FUTURES ENERGY DIV,260804,2026-08-04,02141C,IFED,01,021 ,   15596,    9018,    5910,    4326,     619,      60,       0,    2760,       0,    1328,    5345,     864,   15596,   15558,       0,      38,   15596,    9018,    5910,    4326,     619,      60,       0,    2760,       0,    1328,    5345,     864,   15596,   15558,       0,      38,       0,       0,       0,       0,       0,       0,       0,       0,       0,       0,       0,       0,       0,       0,       0,       0,   -1763,   -1475,   -2105,    -288,     -42,      -5,       0,       0,       0,       5,     356,      25,   -1738,   -1771,     -25,       8,  100.0,   57.8,   37.9,   27.7,    4.0,    0.4,    0.0,   17.7,    0.0,    8.5,   34.3,    5.5,  100.0,   99.8,    0.0,    0.2,  100.0,   57.8,   37.9,   27.7,    4.0,    0.4,    0.0,   17.7,    0.0,    8.5,   34.3,    5.5,  100.0,   99.8,    0.0,    0.2,  100.0,    0.0,    0.0,    0.0,    0.0,    0.0,    0.0,    0.0,    0.0,    0.0,    0.0,    0.0,    0.0,    0.0,    0.0,    0.0,     37,     19,     14,      4,.,.,      0,.,      0,.,      6,      4,     28,     25,     37,     19,     14,      4,.,.,      0,.,      0,.,      6,      4,     28,     25,      0,      0,      0,      0,      0,      0,      0,      0,      0,      0,      0,      0,      0,      0,    42.9,    64.3,    68.9,    82.9,    39.8,    54.9,    57.3,    66.5,    42.9,    64.3,    68.9,    82.9,    39.8,    54.9,    57.3,    66.5,     0.0,     0.0,     0.0,     0.0,     0.0,     0.0,     0.0,     0.0,(1000 barrels),02141C,IFED,021 ,N10,FutOnly
USGC HSFO-PLATTS/BRENT 1ST LN  - ICE FUTURES ENERGY DIV,260804,2026-08-04,02141R,IFED,01,021 ,   10901,    8400,    6177,     233,    1080,       2,       0,       0,       0,    1397,    2677,     839,   10871,   10775,      30,     126,   10901,    8400,    6177,     233,    1080,       2,       0,       0,       0,    1397,    2677,     839,   10871,   10775,      30,     126,       0,       0,       0,       0,       0,       0,       0,       0,       0,       0,       0,       0,       0,       0,       0,       0,   -3528,   -3429,   -1667,     178,     -92,       0,       0,    -100,       0,     308,   -1209,    -460,   -3403,   -3528,    -125,       0,  100.0,   77.1,   56.7,    2.1,    9.9,    0.0,    0.0,    0.0,    0.0,   12.8,   24.6,    7.7,   99.7,   98.8,    0.3,    1.2,  100.0,   77.1,   56.7,    2.1,    9.9,    0.0,    0.0,    0.0,    0.0,   12.8,   24.6,    7.7,   99.7,   98.8,    0.3,    1.2,  100.0,    0.0,    0.0,    0.0,    0.0,    0.0,    0.0,    0.0,    0.0,    0.0,    0.0,    0.0,    0.0,    0.0,    0.0,    0.0,     43,     21,     19,.,.,.,      0,      0,      0,      4,      6,      5,     30,     30,     43,     21,     19,.,.,.,      0,      0,      0,      4,      6,      5,     30,     30,      0,      0,      0,      0,      0,      0,      0,      0,      0,      0,      0,      0,      0,      0,    63.8,    51.2,    77.5,    75.7,    59.1,    48.8,    72.8,    67.1,    63.8,    51.2,    77.5,    75.7,    59.1,    48.8,    72.8,    67.1,     0.0,     0.0,     0.0,     0.0,     0.0,     0.0,     0.0,     0.0,(1000 Barrels),02141R,IFED,021 ,N10,FutOnly
NY HARBOR ULSD - NEW YORK MERCANTILE EXCHANGE,260804,2026-08-04,022651,NYME,01,022 ,  253378,   40334,  118731,   52053,    7808,   11670,   35595,   24498,   20872,    9748,    9950,   32715,  202987,  226244,   50391,   27134,  253378,   40334,  118731,   52053,    7808,   11670,   35595,   24498,   20872,    9748,    9950,   32715,  202987,  226244,   50391,   27134,       0,       0,       0,       0,       0,       0,       0,       0,       0,       0,       0,       0,       0,       0,       0,       0,    3784,    1647,    1447,    -869,     -21,    -757,   -1437,   -1288,    1065,   -1583,   -2107,    4822,    2888,    3161,     896,     623,  100.0,   15.9,   46.9,   20.5,    3.1,    4.6,   14.0,    9.7,    8.2,    3.8,    3.9,   12.9,   80.1,   89.3,   19.9,   10.7,  100.0,   15.9,   46.9,   20.5,    3.1,    4.6,   14.0,    9.7,    8.2,    3.8,    3.9,   12.9,   80.1,   89.3,   19.9,   10.7,  100.0,    0.0,    0.0,    0.0,    0.0,    0.0,    0.0,    0.0,    0.0,    0.0,    0.0,    0.0,    0.0,    0.0,    0.0,    0.0,    165,     44,     60,     18,      6,     15,     35,     12,     31,     16,     11,     24,    146,    131,    165,     44,     60,     18,      6,     15,     35,     12,     31,     16,     11,     24,    146,    131,      0,      0,      0,      0,      0,      0,      0,      0,      0,      0,      0,      0,      0,      0,    14.0,    16.5,    21.7,    29.5,    10.3,    14.4,    16.3,    22.6,    14.0,    16.5,    21.7,    29.5,    10.3,    14.4,    16.3,    22.6,     0.0,     0.0,     0.0,     0.0,     0.0,     0.0,     0.0,     0.0,"(CONTRACTS OF 42,000 U.S. GALLONS)",022651,NYME,022 ,N10,FutOnly
UP DOWN GC ULSD VS HO SPR - NEW YORK MERCANTILE EXCHANGE,260804,2026-08-04,022A13,NYME,01,022 ,   36219,   21563,   18822,       0,    8557,     719,       0,     826,     504,      29,       0,    1146,   23961,   30574,   12258,    5645,   36219,   21563,   18822,       0,    8557,     719,       0,     826,     504,      29,       0,    1146,   23961,   30574,   12258,    5645,       0,       0,       0,       0,       0,       0,       0,       0,       0,       0,       0,       0,       0,       0,       0,       0,     652,     987,     131,       0,      17,     719,       0,    -259,     -61,     -39,       0,     -50,    1556,     497,    -904,     155,  100.0,   59.5,   52.0,    0.0,   23.6,    2.0,    0.0,    2.3,    1.4,    0.1,    0.0,    3.2,   66.2,   84.4,   33.8,   15.6,  100.0,   59.5,   52.0,    0.0,   23.6,    2.0,    0.0,    2.3,    1.4,    0.1,    0.0,    3.2,   66.2,   84.4,   33.8,   15.6,  100.0,    0.0,    0.0,    0.0,    0.0,    0.0,    0.0,    0.0,    0.0,    0.0,    0.0,    0.0,    0.0,    0.0,    0.0,    0.0,     26,     18,     12,      0,.,.,      0,.,.,.,      0,.,     21,     16,     26,     18,     12,      0,.,.,      0,.,.,.,      0,.,     21,     16,      0,      0,      0,      0,      0,      0,      0,      0,      0,      0,      0,      0,      0,      0,    35.5,    60.5,    47.8,    73.9,    31.5,    59.8,    40.5,    66.1,    35.5,    60.5,    47.8,    73.9,    31.5,    59.8,    40.5,    66.1,     0.0,     0.0,     0.0,     0.0,     0.0,     0.0,     0.0,     0.0,"(CONTRACTS OF 42,000 GALLONS)",022A13,NYME,022 ,N10,FutOnly
NAT GAS ICE LD1 - ICE FUTURES ENERGY DIV,260804,2026-08-04,023391,IFED,01,023 , 7798054, 4425549, 2338898,  799093, 2948478,  348291,  619805,  461700,  884952,  145174,  267049,  531898, 7754762, 7781266,   43292,   16788, 7798054, 4425549, 2338898,  799093, 2948478,  348291,  619805,  461700,  884952,  145174,  267049,  531898, 7754762, 7781266,   43292,   16788,       0,       0,       0,       0,       0,       0,       0,       0,       0,       0,       0,       0,       0,       0,       0,       0, -230359, -203361,  -71741,   -8226, -156070,   -9853,  -10402,   19523,    2073,   -7722,  -20392,    9693, -227798, -226767,   -2561,   -3592,  100.0,   56.8,   30.0,   10.2,   37.8,    4.5,    7.9,    5.9,   11.3,    1.9,    3.4,    6.8,   99.4,   99.8,    0.6,    0.2,  100.0,   56.8,   30.0,   10.2,   37.8,    4.5,    7.9,    5.9,   11.3,    1.9,    3.4,    6.8,   99.4,   99.8,    0.6,    0.2,  100.0,    0.0,    0.0,    0.0,    0.0,    0.0,    0.0,    0.0,    0.0,    0.0,    0.0,    0.0,    0.0,    0.0,    0.0,    0.0,    272,    145,    115,     21,     19,     24,     13,     12,     22,     26,     27,     43,    252,    216,    272,    145,    115,     21,     19,     24,     13,     12,     22,     26,     27,     43,    252,    216,      0,      0,      0,      0,      0,      0,      0,      0,      0,      0,      0,      0,      0,      0,    22.0,    34.3,    34.9,    49.7,    17.3,    30.0,    28.8,    43.3,    22.0,    34.3,    34.9,    49.7,    17.3,    30.0,    28.8,    43.3,     0.0,     0.0,     0.0,     0.0,     0.0,     0.0,     0.0,     0.0,2500 MMBtus,023391,IFED,023 ,N13,FutOnly
NAT GAS ICE PEN - ICE FUTURES ENERGY DIV,260804,2026-08-04,023392,IFED,01,023 ,  676348,  107067,   94241,  184224,   91676,  123585,   11304,  133262,  104155,   86224,   69374,   59273,  675832,  675566,     516,     782,  676348,  107067,   94241,  184224,   91676,  123585,   11304,  133262,  104155,   86224,   69374,   59273,  675832,  675566,     516,     782,       0,       0,       0,       0,       0,       0,       0,       0,       0,       0,       0,       0,       0,       0,       0,       0,  -84956,  -23236,  -16492,    8165,  -12397,   -6291,   -4641,   57583,  -57237,   11995,  -35048,  -11285,  -82530,  -81167,   -2426,   -3789,  100.0,   15.8,   13.9,   27.2,   13.6,   18.3,    1.7,   19.7,   15.4,   12.7,   10.3,    8.8,   99.9,   99.9,    0.1,    0.1,  100.0,   15.8,   13.9,   27.2,   13.6,   18.3,    1.7,   19.7,   15.4,   12.7,   10.3,    8.8,   99.9,   99.9,    0.1,    0.1,  100.0,    0.0,    0.0,    0.0,    0.0,    0.0,    0.0,    0.0,    0.0,    0.0,    0.0,    0.0,    0.0,    0.0,    0.0,    0.0,     74,     15,     16,     11,      7,     17,      8,      6,      9,     16,      6,     19,     66,     64,     74,     15,     16,     11,      7,     17,      8,      6,      9,     16,      6,     19,     66,     64,      0,      0,      0,      0,      0,      0,      0,      0,      0,      0,      0,      0,      0,      0,    36.4,    46.1,    58.2,    70.6,    22.9,    30.3,    31.8,    41.2,    36.4,    46.1,    58.2,    70.6,    22.9,    30.3,    31.8,    41.2,     0.0,     0.0,     0.0,     0.0,     0.0,     0.0,     0.0,     0.0,2500 mmbtu,023392,IFED,023 ,N13,FutOnly
SOCAL BORDER FIN BASIS - ICE FUTURES ENERGY DIV,260804,2026-08-04,023393,IFED,01,023 ,  298306,  153427,  232764,   58856,   18080,   16300,   40906,    9926,    5602,    3194,     274,    4009,  282294,  286955,   16012,   11351,  298306,  153427,  232764,   58856,   18080,   16300,   40906,    9926,    5602,    3194,     274,    4009,  282294,  286955,   16012,   11351,       0,       0,       0,       0,       0,       0,       0,       0,       0,       0,       0,       0,       0,       0,       0,       0,     145,    5069,    -822,     486,   -2038,    1296,   -9264,    -188,    1367,    -224,       0,      -6,   -1276,    -391,    1421,     536,  100.0,   51.4,   78.0,   19.7,    6.1,    5.5,   13.7,    3.3,    1.9,    1.1,    0.1,    1.3,   94.6,   96.2,    5.4,    3.8,  100.0,   51.4,   78.0,   19.7,    6.1,    5.5,   13.7,    3.3,    1.9,    1.1,    0.1,    1.3,   94.6,   96.2,    5.4,    3.8,  100.0,    0.0,    0.0,    0.0,    0.0,    0.0,    0.0,    0.0,    0.0,    0.0,    0.0,    0.0,    0.0,    0.0,    0.0,    0.0,     53,     26,     26,.,      5,      5,      4,      4,      4,.,.,      5,     44,     44,     53,     26,     26,.,      5,      5,      4,      4,      4,.,.,      5,     44,     44,      0,      0,      0,      0,      0,      0,      0,      0,      0,      0,      0,      0,      0,      0,    42.4,    54.1,    62.1,    66.6,    40.7,    50.7,    59.6,    60.7,    42.4,    54.1,    62.1,    66.6,    40.7,    50.7,    59.6,    60.7,     0.0,     0.0,     0.0,     0.0,     0.0,     0.0,     0.0,     0.0,"(Contracts of 2,500  MMBTU'S)",023393,IFED,023 ,N13,FutOnly
PG&E CITYGATE FIN BASIS - ICE FUTURES ENERGY DIV,260804,2026-08-04,023394,IFED,01,023 ,  190086,  146134,  134853,   13965,   28067,    3255,    4741,    5864,    7289,    3037,    1913,    1311,  179732,  182552,   10354,    7534,  190086,  146134,  134853,   13965,   28067,    3255,    4741,    5864,    7289,    3037,    1913,    1311,  179732,  182552,   10354,    7534,       0,       0,       0,       0,       0,       0,       0,       0,       0,       0,       0,       0,       0,       0,       0,       0,    -603,    -993,   -1135,    -385,   -1492,     107,   -3565,   -1138,     644,     930,    -268,     -19,   -3281,   -3301,    2678,    2698,  100.0,   76.9,   70.9,    7.3,   14.8,    1.7,    2.5,    3.1,    3.8,    1.6,    1.0,    0.7,   94.6,   96.0,    5.4,    4.0,  100.0,   76.9,   70.9,    7.3,   14.8,    1.7,    2.5,    3.1,    3.8,    1.6,    1.0,    0.7,   94.6,   96.0,    5.4,    4.0,  100.0,    0.0,    0.0,    0.0,    0.0,    0.0,    0.0,    0.0,    0.0,    0.0,    0.0,    0.0,    0.0,    0.0,    0.0,    0.0,     48,     30,     25,      5,.,      6,.,      4,      5,.,.,.,     44,     43,     48,     30,     25,      5,.,      6,.,      4,      5,.,.,.,     44,     43,      0,      0,      0,      0,      0,      0,      0,      0,      0,      0,      0,      0,      0,      0,    46.7,    55.8,    59.7,    71.1,    46.2,    49.5,    57.2,    63.1,    46.7,    55.8,    59.7,    71.1,    46.2,    49.5,    57.2,    63.1,     0.0,     0.0,     0.0,     0.0,     0.0,     0.0,     0.0,     0.0,"(Contracts of 2,500  MMBTU'S)",023394,IFED,023 ,N13,FutOnly
NWP ROCKIES FIN BASIS - ICE FUTURES ENERGY DIV,260804,2026-08-04,023395,IFED,01,023 ,  393638,  253808,  237023,   79670,  117492,   12812,   24371,    4700,    6101,       0,    5654,    1495,  378257,  385277,   15381,    8361,  393638,  253808,  237023,   79670,  117492,   12812,   24371,    4700,    6101,       0,    5654,    1495,  378257,  385277,   15381,    8361,       0,       0,       0,       0,       0,       0,       0,       0,       0,       0,       0,       0,       0,       0,       0,       0,   -6015,    2741,   -3468,    1686,   -2030,   -1485,  -11005,    1014,     554,       0,    -732,     104,   -7405,   -6043,    1390,      28,  100.0,   64.5,   60.2,   20.2,   29.8,    3.3,    6.2,    1.2,    1.5,    0.0,    1.4,    0.4,   96.1,   97.9,    3.9,    2.1,  100.0,   64.5,   60.2,   20.2,   29.8,    3.3,    6.2,    1.2,    1.5,    0.0,    1.4,    0.4,   96.1,   97.9,    3.9,    2.1,  100.0,    0.0,    0.0,    0.0,    0.0,    0.0,    0.0,    0.0,    0.0,    0.0,    0.0,    0.0,    0.0,    0.0,    0.0,    0.0,     69,     31,     32,      9,      8,     10,      7,.,      5,      0,      4,.,     56,     54,     69,     31,     32,      9,      8,     10,      7,.,      5,      0,      4,.,     56,     54,      0,      0,      0,      0,      0,      0,      0,      0,      0,      0,      0,      0,      0,      0,    46.8,    42.4,    63.8,    60.8,    35.4,    37.5,    50.1,    50.8,    46.8,    42.4,    63.8,    60.8,    35.4,    37.5,    50.1,    50.8,     0.0,     0.0,     0.0,     0.0,     0.0,     0.0,     0.0,     0.0,"(Contracts of 2,500  MMBTU'S)",023395,IFED,023 ,N13,FutOnly
AECO FIN BASIS - ICE FUTURES ENERGY DIV,260804,2026-08-04,023396,IFED,01,023 , 1029544,  881298,  236982,   58940,  734325,   27901,   17694,    6493,    6958,   15026,    5686,     605, 1008422, 1018950,   21122,   10594, 1029544,  881298,  236982,   58940,  734325,   27901,   17694,    6493,    6958,   15026,    5686,     605, 1008422, 1018950,   21122,   10594,       0,       0,       0,       0,       0,       0,       0,       0,       0,       0,       0,       0,       0,       0,       0,       0,    5474,    3261,    3533,    1211,   -4307,     235,   -1496,       0,     967,       0,     166,    -380,    3798,     214,    1676,    5260,  100.0,   85.6,   23.0,    5.7,   71.3,    2.7,    1.7,    0.6,    0.7,    1.5,    0.6,    0.1,   97.9,   99.0,    2.1,    1.0,  100.0,   85.6,   23.0,    5.7,   71.3,    2.7,    1.7,    0.6,    0.7,    1.5,    0.6,    0.1,   97.9,   99.0,    2.1,    1.0,  100.0,    0.0,    0.0,    0.0,    0.0,    0.0,    0.0,    0.0,    0.0,    0.0,    0.0,    0.0,    0.0,    0.0,    0.0,    0.0,     60,     34,     23,      5,      8,      7,      6,.,      7,.,.,.,     53,     43,     60,     34,     23,      5,      8,      7,      6,.,      7,.,.,.,     53,     43,      0,      0,      0,      0,      0,      0,      0,      0,      0,      0,      0,      0,      0,      0,    44.5,    51.2,    60.3,    77.5,    39.5,    51.2,    54.5,    73.3,    44.5,    51.2,    60.3,    77.5,    39.5,    51.2,    54.5,    73.3,     0.0,     0.0,     0.0,     0.0,     0.0,     0.0,     0.0,     0.0,"(Contracts of 2,500  MMBTU'S)",023396,IFED,023 ,N13,FutOnly
CHICAGO FIN BASIS - ICE FUTURES ENERGY DIV,260804,2026-08-04,023397,IFED,01,023 ,  378571,  284169,  326077,   59239,   31008,    4290,    3476,    3263,    4565,    2582,       0,     310,  358631,  369513,   19940,    9058,  378571,  284169,  326077,   59239,   31008,    4290,    3476,    3263,    4565,    2582,       0,     310,  358631,  369513,   19940,    9058,       0,       0,       0,       0,       0,       0,       0,       0,       0,       0,       0,       0,       0,       0,       0,       0,    1244,   -6980,     372,     877,    -124,    -354,      33,     248,     755,     377,       0,      29,   -5263,     926,    6507,     318,  100.0,   75.1,   86.1,   15.6,    8.2,    1.1,    0.9,    0.9,    1.2,    0.7,    0.0,    0.1,   94.7,   97.6,    5.3,    2.4,  100.0,   75.1,   86.1,   15.6,    8.2,    1.1,    0.9,    0.9,    1.2,    0.7,    0.0,    0.1,   94.7,   97.6,    5.3,    2.4,  100.0,    0.0,    0.0,    0.0,    0.0,    0.0,    0.0,    0.0,    0.0,    0.0,    0.0,    0.0,    0.0,    0.0,    0.0,    0.0,     57,     30,     29,      8,.,      5,      4,      4,.,.,      0,.,     47,     40,     57,     30,     29,      8,.,      5,      4,      4,.,.,      0,.,     47,     40,      0,      0,      0,      0,      0,      0,      0,      0,      0,      0,      0,      0,      0,      0,    42.8,    41.4,    59.8,    64.3,    31.0,    33.0,    40.8,    45.2,    42.8,    41.4,    59.8,    64.3,    31.0,    33.0,    40.8,    45.2,     0.0,     0.0,     0.0,     0.0,     0.0,     0.0,     0.0,     0.0,"(Contracts of 2,500  MMBTU'S)",023397,IFED,023 ,N13,FutOnly
HSC FIN BASIS - ICE FUTURES ENERGY DIV,260804,2026-08-04,023398,IFED,01,023 ,  912983,  558035,  565202,  240080,  140430,   45111,    1723,  107424,   20907,   11606,   22542,    3233,  880695,  904849,   32288,    8134,  912983,  558035,  565202,  240080,  140430,   45111,    1723,  107424,   20907,   11606,   22542,    3233,  880695,  904849,   32288,    8134,       0,       0,       0,       0,       0,       0,       0,       0,       0,       0,       0,       0,       0,       0,       0,       0,   10023,  -10191,    1150,   -6760,    -761,     696,      31,    7400,    1234,    3561,     542,   -1296,  -12725,    8965,   22748,    1058,  100.0,   61.1,   61.9,   26.3,   15.4,    4.9,    0.2,   11.8,    2.3,    1.3,    2.5,    0.4,   96.5,   99.1,    3.5,    0.9,  100.0,   61.1,   61.9,   26.3,   15.4,    4.9,    0.2,   11.8,    2.3,    1.3,    2.5,    0.4,   96.5,   99.1,    3.5,    0.9,  100.0,    0.0,    0.0,    0.0,    0.0,    0.0,    0.0,    0.0,    0.0,    0.0,    0.0,    0.0,    0.0,    0.0,    0.0,    0.0,    101,     49,     44,      8,     12,     11,.,     13,      7,      4,      4,.,     73,     84,    101,     49,     44,      8,     12,     11,.,     13,      7,      4,      4,.,     73,     84,      0,      0,      0,      0,      0,      0,      0,      0,      0,      0,      0,      0,      0,      0,    30.2,    28.0,    50.9,    42.2,    29.0,    27.7,    47.8,    41.5,    30.2,    28.0,    50.9,    42.2,    29.0,    27.7,    47.8,    41.5,     0.0,     0.0,     0.0,     0.0,     0.0,     0.0,     0.0,     0.0,"(Contracts of 2,500  MMBTU'S)",023398,IFED,023 ,N13,FutOnly
WAHA FIN BASIS - ICE FUTURES ENERGY DIV,260804,2026-08-04,023399,IFED,01,023 ,  733206,  616018,  267524,   26123,  357873,   19464,   23902,   12213,   28459,       0,   26279,   12613,  726579,  724425,    6627,    8781,  733206,  616018,  267524,   26123,  357873,   19464,   23902,   12213,   28459,       0,   26279,   12613,  726579,  724425,    6627,    8781,       0,       0,       0,       0,       0,       0,       0,       0,       0,       0,       0,       0,       0,       0,       0,       0,   25653,   16156,   14419,    -546,    3889,    1998,    6046,     -45,    -110,       0,    3677,     -15,   23529,   23813,    2124,    1840,  100.0,   84.0,   36.5,    3.6,   48.8,    2.7,    3.3,    1.7,    3.9,    0.0,    3.6,    1.7,   99.1,   98.8,    0.9,    1.2,  100.0,   84.0,   36.5,    3.6,   48.8,    2.7,    3.3,    1.7,    3.9,    0.0,    3.6,    1.7,   99.1,   98.8,    0.9,    1.2,  100.0,    0.0,    0.0,    0.0,    0.0,    0.0,    0.0,    0.0,    0.0,    0.0,    0.0,    0.0,    0.0,    0.0,    0.0,    0.0,     82,     44,     30,      5,     16,     12,.,      6,      7,      0,      6,.,     68,     65,     82,     44,     30,      5,     16,     12,.,      6,      7,      0,      6,.,     68,     65,      0,      0,      0,      0,      0,      0,      0,      0,      0,      0,      0,      0,      0,      0,    26.1,    39.7,    45.2,    56.4,    21.0,    34.4,    36.8,    48.2,    26.1,    39.7,    45.2,    56.4,    21.0,    34.4,    36.8,    48.2,     0.0,     0.0,     0.0,     0.0,     0.0,     0.0,     0.0,     0.0,"(Contracts of 2,500  MMBTU'S)",023399,IFED,023 ,N13,FutOnly
ALGONQUIN CITYGATES BASIS - ICE FUTURES ENERGY DIV,260804,2026-08-04,02339E,IFED,01,023 ,  114963,   88219,   95148,   16546,       0,     124,     876,    2726,     545,    1613,    5401,     468,  108391,  104412,    6572,   10551,  114963,   88219,   95148,   16546,       0,     124,     876,    2726,     545,    1613,    5401,     468,  108391,  104412,    6572,   10551,       0,       0,       0,       0,       0,       0,       0,       0,       0,       0,       0,       0,       0,       0,       0,       0,    2773,     196,     127,     -90,       0,       0,     -31,       0,       0,     -65,     119,     -59,     -49,     187,    2822,    2586,  100.0,   76.7,   82.8,   14.4,    0.0,    0.1,    0.8,    2.4,    0.5,    1.4,    4.7,    0.4,   94.3,   90.8,    5.7,    9.2,  100.0,   76.7,   82.8,   14.4,    0.0,    0.1,    0.8,    2.4,    0.5,    1.4,    4.7,    0.4,   94.3,   90.8,    5.7,    9.2,  100.0,    0.0,    0.0,    0.0,    0.0,    0.0,    0.0,    0.0,    0.0,    0.0,    0.0,    0.0,    0.0,    0.0,    0.0,    0.0,     32,     12,     14,      4,      0,.,.,.,.,.,.,.,     20,     22,     32,     12,     14,      4,      0,.,.,.,.,.,.,.,     20,     22,      0,      0,      0,      0,      0,      0,      0,      0,      0,      0,      0,      0,      0,      0,    67.4,    59.6,    83.4,    79.3,    65.7,    58.8,    79.9,    76.0,    67.4,    59.6,    83.4,    79.3,    65.7,    58.8,    79.9,    76.0,     0.0,     0.0,     0.0,     0.0,     0.0,     0.0,     0.0,     0.0,2500 mmbtu,02339E,IFED,023 ,N13,FutOnly
CG-MAINLINE FINANCIAL INDEX - ICE FUTURES ENERGY DIV,260804,2026-08-04,02339P,IFED,01,023 ,   43616,   36414,   30421,    5128,    1054,      93,       0,   10117,       0,       0,       0,       0,   41635,   41685,    1981,    1931,   43616,   36414,   30421,    5128,    1054,      93,       0,   10117,       0,       0,       0,       0,   41635,   41685,    1981,    1931,       0,       0,       0,       0,       0,       0,       0,       0,       0,       0,       0,       0,       0,       0,       0,       0,     780,    -646,       0,       0,       0,       0,       0,     780,       0,       0,       0,       0,    -646,     780,    1426,       0,  100.0,   83.5,   69.7,   11.8,    2.4,    0.2,    0.0,   23.2,    0.0,    0.0,    0.0,    0.0,   95.5,   95.6,    4.5,    4.4,  100.0,   83.5,   69.7,   11.8,    2.4,    0.2,    0.0,   23.2,    0.0,    0.0,    0.0,    0.0,   95.5,   95.6,    4.5,    4.4,  100.0,    0.0,    0.0,    0.0,    0.0,    0.0,    0.0,    0.0,    0.0,    0.0,    0.0,    0.0,    0.0,    0.0,    0.0,    0.0,     30,     11,     12,.,.,.,      0,.,      0,      0,      0,      0,     14,     18,     30,     11,     12,.,.,.,      0,.,      0,      0,      0,      0,     14,     18,      0,      0,      0,      0,      0,      0,      0,      0,      0,      0,      0,      0,      0,      0,    65.8,    51.8,    86.1,    77.8,    65.7,    51.8,    84.2,    77.4,    65.8,    51.8,    86.1,    77.8,    65.7,    51.8,    84.2,    77.4,     0.0,     0.0,     0.0,     0.0,     0.0,     0.0,     0.0,     0.0,"Any multiple of 2,500 MMBtus",02339P,IFED,023 ,N13,FutOnly
CHICAGO CITYGATE (INDEX) - ICE FUTURES ENERGY DIV,260804,2026-08-04,02339Q,IFED,01,023 ,  100163,   59146,   87329,   32957,    3016,    1812,     713,    4245,       0,     806,       0,       0,   95434,   96402,    4729,    3761,  100163,   59146,   87329,   32957,    3016,    1812,     713,    4245,       0,     806,       0,       0,   95434,   96402,    4729,    3761,       0,       0,       0,       0,       0,       0,       0,       0,       0,       0,       0,       0,       0,       0,       0,       0,    3722,     870,    1800,       0,       0,       0,      31,       0,       0,       0,       0,       0,     901,    1800,    2821,    1922,  100.0,   59.0,   87.2,   32.9,    3.0,    1.8,    0.7,    4.2,    0.0,    0.8,    0.0,    0.0,   95.3,   96.2,    4.7,    3.8,  100.0,   59.0,   87.2,   32.9,    3.0,    1.8,    0.7,    4.2,    0.0,    0.8,    0.0,    0.0,   95.3,   96.2,    4.7,    3.8,  100.0,    0.0,    0.0,    0.0,    0.0,    0.0,    0.0,    0.0,    0.0,    0.0,    0.0,    0.0,    0.0,    0.0,    0.0,    0.0,     40,     23,     15,      6,.,.,.,.,      0,.,      0,      0,     32,     18,     40,     23,     15,      6,.,.,.,.,      0,.,      0,      0,     32,     18,      0,      0,      0,      0,      0,      0,      0,      0,      0,      0,      0,      0,      0,      0,    52.0,    67.8,    67.9,    85.4,    52.0,    61.2,    65.8,    74.3,    52.0,    67.8,    67.9,    85.4,    52.0,    61.2,    65.8,    74.3,     0.0,     0.0,     0.0,     0.0,     0.0,     0.0,     0.0,     0.0,2500 mmbtu,02339Q,IFED,023 ,N13,FutOnly
CIG ROCKIES FINANCIAL INDEX - ICE FUTURES ENERGY DIV,260804,2026-08-04,02339S,IFED,01,023 ,   33683,   29212,   11864,       0,     492,     434,       0,   18475,     248,     341,     589,       0,   30235,   32102,    3448,    1581,   33683,   29212,   11864,       0,     492,     434,       0,   18475,     248,     341,     589,       0,   30235,   32102,    3448,    1581,       0,       0,       0,       0,       0,       0,       0,       0,       0,       0,       0,       0,       0,       0,       0,       0,    1092,    -604,     697,       0,       0,       0,       0,     395,       0,       0,       0,       0,    -604,    1092,    1696,       0,  100.0,   86.7,   35.2,    0.0,    1.5,    1.3,    0.0,   54.8,    0.7,    1.0,    1.7,    0.0,   89.8,   95.3,   10.2,    4.7,  100.0,   86.7,   35.2,    0.0,    1.5,    1.3,    0.0,   54.8,    0.7,    1.0,    1.7,    0.0,   89.8,   95.3,   10.2,    4.7,  100.0,    0.0,    0.0,    0.0,    0.0,    0.0,    0.0,    0.0,    0.0,    0.0,    0.0,    0.0,    0.0,    0.0,    0.0,    0.0,     34,     21,     11,      0,.,.,      0,      5,.,.,.,      0,     24,     19,     34,     21,     11,      0,.,.,      0,      5,.,.,.,      0,     24,     19,      0,      0,      0,      0,      0,      0,      0,      0,      0,      0,      0,      0,      0,      0,    46.2,    65.4,    63.2,    79.8,    42.9,    57.2,    56.5,    66.0,    46.2,    65.4,    63.2,    79.8,    42.9,    57.2,    56.5,    66.0,     0.0,     0.0,     0.0,     0.0,     0.0,     0.0,     0.0,     0.0,"2,500 MMBtu",02339S,IFED,023 ,N13,FutOnly
CIG ROCKIES BASIS - ICE FUTURES ENERGY DIV,260804,2026-08-04,02339U,IFED,01,023 ,  436911,  397133,  136661,    2184,  208901,    9941,    7340,   64165,    4604,    4139,    3994,    1066,  426407,  429332,   10504,    7579,  436911,  397133,  136661,    2184,  208901,    9941,    7340,   64165,    4604,    4139,    3994,    1066,  426407,  429332,   10504,    7579,       0,       0,       0,       0,       0,       0,       0,       0,       0,       0,       0,       0,       0,       0,       0,       0,   -9383,  -10447,    7308,     -93,    9773,   -2355,     640,  -22417,   -1401,    1559,     144,    -245,  -12342,   -9193,    2959,    -190,  100.0,   90.9,   31.3,    0.5,   47.8,    2.3,    1.7,   14.7,    1.1,    0.9,    0.9,    0.2,   97.6,   98.3,    2.4,    1.7,  100.0,   90.9,   31.3,    0.5,   47.8,    2.3,    1.7,   14.7,    1.1,    0.9,    0.9,    0.2,   97.6,   98.3,    2.4,    1.7,  100.0,    0.0,    0.0,    0.0,    0.0,    0.0,    0.0,    0.0,    0.0,    0.0,    0.0,    0.0,    0.0,    0.0,    0.0,    0.0,     63,     33,     19,.,     12,      6,.,      7,      4,.,      4,.,     48,     45,     63,     33,     19,.,     12,      6,.,      7,      4,.,      4,.,     48,     45,      0,      0,      0,      0,      0,      0,      0,      0,      0,      0,      0,      0,      0,      0,    45.6,    54.9,    62.3,    69.0,    39.7,    48.5,    54.1,    60.2,    45.6,    54.9,    62.3,    69.0,    39.7,    48.5,    54.1,    60.2,     0.0,     0.0,     0.0,     0.0,     0.0,     0.0,     0.0,     0.0,2500 mmbtu,02339U,IFED,023 ,N13,FutOnly
TCO Basis  - ICE FUTURES ENERGY DIV,260804,2026-08-04,02339W,IFED,01,023 ,  228265,  190655,   34616,   16795,  175527,    7444,    1662,    1997,     516,       0,     248,       0,  217072,  220348,   11193,    7917,  228265,  190655,   34616,   16795,  175527,    7444,    1662,    1997,     516,       0,     248,       0,  217072,  220348,   11193,    7917,       0,       0,       0,       0,       0,       0,       0,       0,       0,       0,       0,       0,       0,       0,       0,       0,     598,   -2721,     146,   -1610,    -156,     496,    1208,       0,       0,       0,       0,       0,   -2627,     486,    3225,     112,  100.0,   83.5,   15.2,    7.4,   76.9,    3.3,    0.7,    0.9,    0.2,    0.0,    0.1,    0.0,   95.1,   96.5,    4.9,    3.5,  100.0,   83.5,   15.2,    7.4,   76.9,    3.3,    0.7,    0.9,    0.2,    0.0,    0.1,    0.0,   95.1,   96.5,    4.9,    3.5,  100.0,    0.0,    0.0,    0.0,    0.0,    0.0,    0.0,    0.0,    0.0,    0.0,    0.0,    0.0,    0.0,    0.0,    0.0,    0.0,     43,     22,     11,.,     12,.,.,.,.,      0,.,      0,     27,     29,     43,     22,     11,.,     12,.,.,.,.,      0,.,      0,     27,     29,      0,      0,      0,      0,      0,      0,      0,      0,      0,      0,      0,      0,      0,      0,    49.3,    52.8,    71.3,    77.8,    49.3,    52.3,    69.9,    77.1,    49.3,    52.8,    71.3,    77.8,    49.3,    52.3,    69.9,    77.1,     0.0,     0.0,     0.0,     0.0,     0.0,     0.0,     0.0,     0.0,2500 mm btu,02339W,IFED,023 ,N13,FutOnly
CG Mainline Basis - ICE FUTURES ENERGY DIV,260804,2026-08-04,02339Y,IFED,01,023 ,  349067,  322362,  232151,    1144,   81301,    5843,    5560,   20397,    3502,    1359,      31,     212,  339982,  343437,    9085,    5630,  349067,  322362,  232151,    1144,   81301,    5843,    5560,   20397,    3502,    1359,      31,     212,  339982,  343437,    9085,    5630,       0,       0,       0,       0,       0,       0,       0,       0,       0,       0,       0,       0,       0,       0,       0,       0,    2643,      77,    -523,      60,   -1346,     232,    -299,    3128,     514,     151,       3,       0,     735,    2008,    1908,     635,  100.0,   92.3,   66.5,    0.3,   23.3,    1.7,    1.6,    5.8,    1.0,    0.4,    0.0,    0.1,   97.4,   98.4,    2.6,    1.6,  100.0,   92.3,   66.5,    0.3,   23.3,    1.7,    1.6,    5.8,    1.0,    0.4,    0.0,    0.1,   97.4,   98.4,    2.6,    1.6,  100.0,    0.0,    0.0,    0.0,    0.0,    0.0,    0.0,    0.0,    0.0,    0.0,    0.0,    0.0,    0.0,    0.0,    0.0,    0.0,     47,     20,     16,.,     10,      5,      4,      4,.,.,.,.,     32,     33,     47,     20,     16,.,     10,      5,      4,      4,.,.,.,.,     32,     33,      0,      0,      0,      0,      0,      0,      0,      0,      0,      0,      0,      0,      0,      0,    73.5,    68.0,    85.8,    79.0,    73.3,    68.0,    85.3,    78.8,    73.5,    68.0,    85.8,    79.0,    73.3,    68.0,    85.3,    78.8,     0.0,     0.0,     0.0,     0.0,     0.0,     0.0,     0.0,     0.0,2500 mmbtu,02339Y,IFED,023 ,N13,FutOnly
DOMINION - SOUTH POINT - ICE FUTURES ENERGY DIV,260804,2026-08-04,0233A2,IFED,01,023 ,   64385,   29006,   45355,   13232,   12861,       0,   10528,     307,    2854,    3178,       0,       0,   58798,   61377,    5587,    3008,   64385,   29006,   45355,   13232,   12861,       0,   10528,     307,    2854,    3178,       0,       0,   58798,   61377,    5587,    3008,       0,       0,       0,       0,       0,       0,       0,       0,       0,       0,       0,       0,       0,       0,       0,       0,    5815,    -668,    1764,       0,    3222,       0,    3109,    -124,     186,    1208,       0,       0,    3835,    5048,    1980,     767,  100.0,   45.1,   70.4,   20.6,   20.0,    0.0,   16.4,    0.5,    4.4,    4.9,    0.0,    0.0,   91.3,   95.3,    8.7,    4.7,  100.0,   45.1,   70.4,   20.6,   20.0,    0.0,   16.4,    0.5,    4.4,    4.9,    0.0,    0.0,   91.3,   95.3,    8.7,    4.7,  100.0,    0.0,    0.0,    0.0,    0.0,    0.0,    0.0,    0.0,    0.0,    0.0,    0.0,    0.0,    0.0,    0.0,    0.0,    0.0,     39,     18,     18,.,.,      0,      4,.,.,.,      0,      0,     26,     23,     39,     18,     18,.,.,      0,      4,.,.,.,      0,      0,     26,     23,      0,      0,      0,      0,      0,      0,      0,      0,      0,      0,      0,      0,      0,      0,    45.2,    53.1,    64.6,    76.0,    45.2,    49.0,    61.1,    68.2,    45.2,    53.1,    64.6,    76.0,    45.2,    49.0,    61.1,    68.2,     0.0,     0.0,     0.0,     0.0,     0.0,     0.0,     0.0,     0.0,2500 mmbtu,0233A2,IFED,023 ,N13,FutOnly
DOMINION - SOUTH POINT (BASIS) - ICE FUTURES ENERGY DIV,260804,2026-08-04,0233A3,IFED,01,023 ,  808277,  662517,  221020,   16269,  461696,   32654,   31864,   54623,   14906,   16542,    5522,    9504,  784256,  799925,   24021,    8352,  808277,  662517,  221020,   16269,  461696,   32654,   31864,   54623,   14906,   16542,    5522,    9504,  784256,  799925,   24021,    8352,       0,       0,       0,       0,       0,       0,       0,       0,       0,       0,       0,       0,       0,       0,       0,       0,    8700,    6018,    4597,   -1102,   11661,   -5083,   -1486,   -1731,     509,    3650,   -3132,     831,    3337,    7652,    5363,    1048,  100.0,   82.0,   27.3,    2.0,   57.1,    4.0,    3.9,    6.8,    1.8,    2.0,    0.7,    1.2,   97.0,   99.0,    3.0,    1.0,  100.0,   82.0,   27.3,    2.0,   57.1,    4.0,    3.9,    6.8,    1.8,    2.0,    0.7,    1.2,   97.0,   99.0,    3.0,    1.0,  100.0,    0.0,    0.0,    0.0,    0.0,    0.0,    0.0,    0.0,    0.0,    0.0,    0.0,    0.0,    0.0,    0.0,    0.0,    0.0,     91,     45,     33,.,     17,     11,.,     11,      8,      6,.,      5,     73,     70,     91,     45,     33,.,     17,     11,.,     11,      8,      6,.,      5,     73,     70,      0,      0,      0,      0,      0,      0,      0,      0,      0,      0,      0,      0,      0,      0,    31.8,    38.2,    46.7,    54.7,    31.2,    35.0,    44.2,    51.1,    31.8,    38.2,    46.7,    54.7,    31.2,    35.0,    44.2,    51.1,     0.0,     0.0,     0.0,     0.0,     0.0,     0.0,     0.0,     0.0,2500 mmbtu,0233A3,IFED,023 ,N13,FutOnly
EP SAN JUAN BASIS - ICE FUTURES ENERGY DIV,260804,2026-08-04,0233A8,IFED,01,023 ,  262680,  148096,  182968,   70521,   48003,   16605,   12712,     457,      85,    1749,    7534,    2017,  251785,  257669,   10895,    5011,  262680,  148096,  182968,   70521,   48003,   16605,   12712,     457,      85,    1749,    7534,    2017,  251785,  257669,   10895,    5011,       0,       0,       0,       0,       0,       0,       0,       0,       0,       0,       0,       0,       0,       0,       0,       0,    1896,    -917,    2873,    3756,     214,   -1375,     -31,       0,       0,      77,     228,    -137,    1373,    1803,     523,      93,  100.0,   56.4,   69.7,   26.8,   18.3,    6.3,    4.8,    0.2,    0.0,    0.7,    2.9,    0.8,   95.9,   98.1,    4.1,    1.9,  100.0,   56.4,   69.7,   26.8,   18.3,    6.3,    4.8,    0.2,    0.0,    0.7,    2.9,    0.8,   95.9,   98.1,    4.1,    1.9,  100.0,    0.0,    0.0,    0.0,    0.0,    0.0,    0.0,    0.0,    0.0,    0.0,    0.0,    0.0,    0.0,    0.0,    0.0,    0.0,     35,     16,     10,      6,      5,      7,.,.,.,.,.,.,     31,     24,     35,     16,     10,      6,      5,      7,.,.,.,.,.,.,     31,     24,      0,      0,      0,      0,      0,      0,      0,      0,      0,      0,      0,      0,      0,      0,    49.2,    80.2,    73.5,    90.0,    39.0,    61.2,    59.1,    69.9,    49.2,    80.2,    73.5,    90.0,    39.0,    61.2,    59.1,    69.9,     0.0,     0.0,     0.0,     0.0,     0.0,     0.0,     0.0,     0.0,2500 mmbtu,0233A8,IFED,023 ,N13,FutOnly
FLORIDA GAS-ZONE 3 BASIS - ICE FUTURES ENERGY DIV,260804,2026-08-04,0233A9,IFED,01,023 ,   26301,   14661,   14703,    5265,    6218,    1167,     921,       0,       0,      90,     863,     117,   22221,   23068,    4080,    3233,   26301,   14661,   14703,    5265,    6218,    1167,     921,       0,       0,      90,     863,     117,   22221,   23068,    4080,    3233,       0,       0,       0,       0,       0,       0,       0,       0,       0,       0,       0,       0,       0,       0,       0,       0,     304,     304,      30,       0,       0,       0,       0,       0,       0,       0,       0,       0,     304,      30,       0,     274,  100.0,   55.7,   55.9,   20.0,   23.6,    4.4,    3.5,    0.0,    0.0,    0.3,    3.3,    0.4,   84.5,   87.7,   15.5,   12.3,  100.0,   55.7,   55.9,   20.0,   23.6,    4.4,    3.5,    0.0,    0.0,    0.3,    3.3,    0.4,   84.5,   87.7,   15.5,   12.3,  100.0,    0.0,    0.0,    0.0,    0.0,    0.0,    0.0,    0.0,    0.0,    0.0,    0.0,    0.0,    0.0,    0.0,    0.0,    0.0,     21,      9,     11,.,.,.,.,      0,      0,.,.,.,     16,     16,     21,      9,     11,.,.,.,.,      0,      0,.,.,.,     16,     16,      0,      0,      0,      0,      0,      0,      0,      0,      0,      0,      0,      0,      0,      0,    54.5,    50.7,    78.0,    73.2,    47.6,    49.8,    62.0,    63.1,    54.5,    50.7,    78.0,    73.2,    47.6,    49.8,    62.0,    63.1,     0.0,     0.0,     0.0,     0.0,     0.0,     0.0,     0.0,     0.0,2500 mmbtu,0233A9,IFED,023 ,N13,FutOnly
HENRY HUB BASIS - ICE FUTURES ENERGY DIV,260804,2026-08-04,0233AG,IFED,01,023 ,  158827,   46717,  104089,   51975,    1797,    4625,   41643,   35911,     248,    6198,    5580,    1948,  153354,  154198,    5473,    4629,  158827,   46717,  104089,   51975,    1797,    4625,   41643,   35911,     248,    6198,    5580,    1948,  153354,  154198,    5473,    4629,       0,       0,       0,       0,       0,       0,       0,       0,       0,       0,       0,       0,       0,       0,       0,       0,    8650,    -694,    6251,     -93,       0,    -155,    6886,     279,       0,    -813,     427,    -241,    4890,    6561,    3760,    2089,  100.0,   29.4,   65.5,   32.7,    1.1,    2.9,   26.2,   22.6,    0.2,    3.9,    3.5,    1.2,   96.6,   97.1,    3.4,    2.9,  100.0,   29.4,   65.5,   32.7,    1.1,    2.9,   26.2,   22.6,    0.2,    3.9,    3.5,    1.2,   96.6,   97.1,    3.4,    2.9,  100.0,    0.0,    0.0,    0.0,    0.0,    0.0,    0.0,    0.0,    0.0,    0.0,    0.0,    0.0,    0.0,    0.0,    0.0,    0.0,     70,     24,     29,     10,.,      5,      6,.,.,      6,.,.,     47,     42,     70,     24,     29,     10,.,      5,      6,.,.,      6,.,.,     47,     42,      0,      0,      0,      0,      0,      0,      0,      0,      0,      0,      0,      0,      0,      0,    39.2,    47.1,    58.3,    68.4,    39.1,    46.8,    57.2,    67.1,    39.2,    47.1,    58.3,    68.4,    39.1,    46.8,    57.2,    67.1,     0.0,     0.0,     0.0,     0.0,     0.0,     0.0,     0.0,     0.0,2500 mmbtu,0233AG,IFED,023 ,N13,FutOnly
HENRY HUB INDEX - ICE FUTURES ENERGY DIV,260804,2026-08-04,0233AH,IFED,01,023 ,  236364,   78401,  155597,   77578,     293,    3142,   50055,   50961,    9114,   12591,    6634,    2351,  233232,  228092,    3132,    8272,  236364,   78401,  155597,   77578,     293,    3142,   50055,   50961,    9114,   12591,    6634,    2351,  233232,  228092,    3132,    8272,       0,       0,       0,       0,       0,       0,       0,       0,       0,       0,       0,       0,       0,       0,       0,       0,    5115,    2139,    -992,    -203,     293,      48,    4424,     279,    -341,   -1271,     338,     -90,    4706,    -465,     409,    5580,  100.0,   33.2,   65.8,   32.8,    0.1,    1.3,   21.2,   21.6,    3.9,    5.3,    2.8,    1.0,   98.7,   96.5,    1.3,    3.5,  100.0,   33.2,   65.8,   32.8,    0.1,    1.3,   21.2,   21.6,    3.9,    5.3,    2.8,    1.0,   98.7,   96.5,    1.3,    3.5,  100.0,    0.0,    0.0,    0.0,    0.0,    0.0,    0.0,    0.0,    0.0,    0.0,    0.0,    0.0,    0.0,    0.0,    0.0,    0.0,     82,     32,     40,      9,.,.,      4,      8,      5,      4,      5,.,     56,     57,     82,     32,     40,      9,.,.,      4,      8,      5,      4,      5,.,     56,     57,      0,      0,      0,      0,      0,      0,      0,      0,      0,      0,      0,      0,      0,      0,    43.1,    38.5,    64.2,    56.0,    41.8,    38.2,    62.2,    54.5,    43.1,    38.5,    64.2,    56.0,    41.8,    38.2,    62.2,    54.5,     0.0,     0.0,     0.0,     0.0,     0.0,     0.0,     0.0,     0.0,2500 mmbtu,0233AH,IFED,023 ,N13,FutOnly
HOUSTON SHIP CHANNEL (INDEX) - ICE FUTURES ENERGY DIV,260804,2026-08-04,0233AM,IFED,01,023 ,  520392,  212673,  299202,  282780,   17484,    8510,     310,  140257,    1271,       0,   48876,     306,  505850,  515906,   14542,    4486,  520392,  212673,  299202,  282780,   17484,    8510,     310,  140257,    1271,       0,   48876,     306,  505850,  515906,   14542,    4486,       0,       0,       0,       0,       0,       0,       0,       0,       0,       0,       0,       0,       0,       0,       0,       0,   10829,   -2851,   -1005,    3203,       0,      93,       0,    5731,       0,       0,    4491,     244,     689,    9554,   10140,    1275,  100.0,   40.9,   57.5,   54.3,    3.4,    1.6,    0.1,   27.0,    0.2,    0.0,    9.4,    0.1,   97.2,   99.1,    2.8,    0.9,  100.0,   40.9,   57.5,   54.3,    3.4,    1.6,    0.1,   27.0,    0.2,    0.0,    9.4,    0.1,   97.2,   99.1,    2.8,    0.9,  100.0,    0.0,    0.0,    0.0,    0.0,    0.0,    0.0,    0.0,    0.0,    0.0,    0.0,    0.0,    0.0,    0.0,    0.0,    0.0,     76,     27,     38,     11,.,      5,.,      8,.,      0,      6,.,     43,     59,     76,     27,     38,     11,.,      5,.,      8,.,      0,      6,.,     43,     59,      0,      0,      0,      0,      0,      0,      0,      0,      0,      0,      0,      0,      0,      0,    58.2,    41.1,    79.9,    54.8,    57.9,    40.8,    79.2,    54.0,    58.2,    41.1,    79.9,    54.8,    57.9,    40.8,    79.2,    54.0,     0.0,     0.0,     0.0,     0.0,     0.0,     0.0,     0.0,     0.0,2500 mmbtu,0233AM,IFED,023 ,N13,FutOnly
MICHCON FINANCIAL INDEX - ICE FUTURES ENERGY DIV,260804,2026-08-04,0233AN,IFED,01,023 ,   23331,   18822,   19615,    2935,     217,       0,       0,    1240,       0,       0,       0,       0,   21757,   21072,    1574,    2259,   23331,   18822,   19615,    2935,     217,       0,       0,    1240,       0,       0,       0,       0,   21757,   21072,    1574,    2259,       0,       0,       0,       0,       0,       0,       0,       0,       0,       0,       0,       0,       0,       0,       0,       0,       0,    -434,   -1364,       0,       0,       0,       0,       0,       0,       0,       0,       0,    -434,   -1364,     434,    1364,  100.0,   80.7,   84.1,   12.6,    0.9,    0.0,    0.0,    5.3,    0.0,    0.0,    0.0,    0.0,   93.3,   90.3,    6.7,    9.7,  100.0,   80.7,   84.1,   12.6,    0.9,    0.0,    0.0,    5.3,    0.0,    0.0,    0.0,    0.0,   93.3,   90.3,    6.7,    9.7,  100.0,    0.0,    0.0,    0.0,    0.0,    0.0,    0.0,    0.0,    0.0,    0.0,    0.0,    0.0,    0.0,    0.0,    0.0,    0.0,     26,     12,     17,      4,.,      0,      0,.,      0,      0,      0,      0,     16,     19,     26,     12,     17,      4,.,      0,      0,.,      0,      0,      0,      0,     16,     19,      0,      0,      0,      0,      0,      0,      0,      0,      0,      0,      0,      0,      0,      0,    61.8,    43.2,    78.7,    68.0,    52.9,    40.7,    67.2,    59.4,    61.8,    43.2,    78.7,    68.0,    52.9,    40.7,    67.2,    59.4,     0.0,     0.0,     0.0,     0.0,     0.0,     0.0,     0.0,     0.0,MMBTU,0233AN,IFED,023 ,N13,FutOnly
MICHCON BASIS - ICE FUTURES ENERGY DIV,260804,2026-08-04,0233AQ,IFED,01,023 ,  212800,  180846,  123743,       0,   49143,    5108,    2613,   19172,    3198,    2538,       0,     979,  195282,  201343,   17518,   11457,  212800,  180846,  123743,       0,   49143,    5108,    2613,   19172,    3198,    2538,       0,     979,  195282,  201343,   17518,   11457,       0,       0,       0,       0,       0,       0,       0,       0,       0,       0,       0,       0,       0,       0,       0,       0,    4061,    1241,    1751,       0,    -548,    -116,       0,    1298,    -446,     377,       0,    -126,     930,    1813,    3131,    2248,  100.0,   85.0,   58.1,    0.0,   23.1,    2.4,    1.2,    9.0,    1.5,    1.2,    0.0,    0.5,   91.8,   94.6,    8.2,    5.4,  100.0,   85.0,   58.1,    0.0,   23.1,    2.4,    1.2,    9.0,    1.5,    1.2,    0.0,    0.5,   91.8,   94.6,    8.2,    5.4,  100.0,    0.0,    0.0,    0.0,    0.0,    0.0,    0.0,    0.0,    0.0,    0.0,    0.0,    0.0,    0.0,    0.0,    0.0,    0.0,     52,     27,     30,      0,      8,.,.,      7,.,.,      0,.,     37,     47,     52,     27,     30,      0,      8,.,.,      7,.,.,      0,.,     37,     47,      0,      0,      0,      0,      0,      0,      0,      0,      0,      0,      0,      0,      0,      0,    46.1,    30.6,    62.2,    50.2,    44.6,    28.5,    59.1,    43.5,    46.1,    30.6,    62.2,    50.2,    44.6,    28.5,    59.1,    43.5,     0.0,     0.0,     0.0,     0.0,     0.0,     0.0,     0.0,     0.0,2500 mmbtu,0233AQ,IFED,023 ,N13,FutOnly
NAT GAS LD1 for GDD -TEXOK - ICE FUTURES ENERGY DIV,260804,2026-08-04,0233AT,IFED,01,023 ,  150601,  125663,  135483,    8328,       0,    3021,    3024,    9652,       0,     465,       0,       0,  140501,  148156,   10100,    2445,  150601,  125663,  135483,    8328,       0,    3021,    3024,    9652,       0,     465,       0,       0,  140501,  148156,   10100,    2445,       0,       0,       0,       0,       0,       0,       0,       0,       0,       0,       0,       0,       0,       0,       0,       0,    7324,   -1728,    7448,       0,       0,       0,     -62,       0,       0,       0,       0,       0,   -1790,    7448,    9114,    -124,  100.0,   83.4,   90.0,    5.5,    0.0,    2.0,    2.0,    6.4,    0.0,    0.3,    0.0,    0.0,   93.3,   98.4,    6.7,    1.6,  100.0,   83.4,   90.0,    5.5,    0.0,    2.0,    2.0,    6.4,    0.0,    0.3,    0.0,    0.0,   93.3,   98.4,    6.7,    1.6,  100.0,    0.0,    0.0,    0.0,    0.0,    0.0,    0.0,    0.0,    0.0,    0.0,    0.0,    0.0,    0.0,    0.0,    0.0,    0.0,     50,     23,     25,      5,      0,.,      4,.,      0,.,      0,      0,     33,     28,     50,     23,     25,      5,      0,.,      4,.,      0,.,      0,      0,     33,     28,      0,      0,      0,      0,      0,      0,      0,      0,      0,      0,      0,      0,      0,      0,    69.5,    42.9,    79.9,    67.4,    68.3,    39.9,    74.4,    64.4,    69.5,    42.9,    79.9,    67.4,    68.3,    39.9,    74.4,    64.4,     0.0,     0.0,     0.0,     0.0,     0.0,     0.0,     0.0,     0.0,2500 mmbtu,0233AT,IFED,023 ,N13,FutOnly
NGPL MIDCONT BASIS - ICE FUTURES ENERGY DIV,260804,2026-08-04,0233AY,IFED,01,023 ,  104074,   92464,   70754,     471,   13349,    2737,       0,    2389,     428,       0,       0,       0,   96100,   89657,    7974,   14417,  104074,   92464,   70754,     471,   13349,    2737,       0,    2389,     428,       0,       0,       0,   96100,   89657,    7974,   14417,       0,       0,       0,       0,       0,       0,       0,       0,       0,       0,       0,       0,       0,       0,       0,       0,     187,    -834,    -104,     395,       0,    -333,       0,    -367,     428,       0,       0,       0,    -344,    -376,     531,     563,  100.0,   88.8,   68.0,    0.5,   12.8,    2.6,    0.0,    2.3,    0.4,    0.0,    0.0,    0.0,   92.3,   86.1,    7.7,   13.9,  100.0,   88.8,   68.0,    0.5,   12.8,    2.6,    0.0,    2.3,    0.4,    0.0,    0.0,    0.0,   92.3,   86.1,    7.7,   13.9,  100.0,    0.0,    0.0,    0.0,    0.0,    0.0,    0.0,    0.0,    0.0,    0.0,    0.0,    0.0,    0.0,    0.0,    0.0,    0.0,     24,     15,     14,.,.,.,      0,.,.,      0,      0,      0,     19,     19,     24,     15,     14,.,.,.,      0,.,.,      0,      0,      0,     19,     19,      0,      0,      0,      0,      0,      0,      0,      0,      0,      0,      0,      0,      0,      0,    66.4,    49.4,    84.6,    71.5,    64.7,    46.9,    76.8,    65.4,    66.4,    49.4,    84.6,    71.5,    64.7,    46.9,    76.8,    65.4,     0.0,     0.0,     0.0,     0.0,     0.0,     0.0,     0.0,     0.0,2500 mmbtu,0233AY,IFED,023 ,N13,FutOnly
NGPL TXOK BASIS - ICE FUTURES ENERGY DIV,260804,2026-08-04,0233B1,IFED,01,023 ,  664452,  592971,  404568,   20206,  169485,   15038,   18227,   53705,    4257,       0,    5425,    1092,  651791,  653570,   12661,   10882,  664452,  592971,  404568,   20206,  169485,   15038,   18227,   53705,    4257,       0,    5425,    1092,  651791,  653570,   12661,   10882,       0,       0,       0,       0,       0,       0,       0,       0,       0,       0,       0,       0,       0,       0,       0,       0,   -4367,  -12820,   -2547,    -154,      55,     460,    3518,   -2944,   -1256,       0,    1309,    -718,  -10970,   -5641,    6603,    1274,  100.0,   89.2,   60.9,    3.0,   25.5,    2.3,    2.7,    8.1,    0.6,    0.0,    0.8,    0.2,   98.1,   98.4,    1.9,    1.6,  100.0,   89.2,   60.9,    3.0,   25.5,    2.3,    2.7,    8.1,    0.6,    0.0,    0.8,    0.2,   98.1,   98.4,    1.9,    1.6,  100.0,    0.0,    0.0,    0.0,    0.0,    0.0,    0.0,    0.0,    0.0,    0.0,    0.0,    0.0,    0.0,    0.0,    0.0,    0.0,     77,     40,     34,      4,     10,      7,      4,      7,.,      0,      4,.,     55,     60,     77,     40,     34,      4,     10,      7,      4,      7,.,      0,      4,.,     55,     60,      0,      0,      0,      0,      0,      0,      0,      0,      0,      0,      0,      0,      0,      0,    43.0,    55.1,    59.1,    66.8,    42.7,    53.4,    58.4,    63.6,    43.0,    55.1,    59.1,    66.8,    42.7,    53.4,    58.4,    63.6,     0.0,     0.0,     0.0,     0.0,     0.0,     0.0,     0.0,     0.0,2500 mmbtu,0233B1,IFED,023 ,N13,FutOnly
NNG VENTURA BASIS - ICE FUTURES ENERGY DIV,260804,2026-08-04,0233BB,IFED,01,023 ,  144933,   82501,  133656,   42623,    1327,    1437,       0,    5735,       0,       0,       0,       0,  126561,  142155,   18372,    2778,  144933,   82501,  133656,   42623,    1327,    1437,       0,    5735,       0,       0,       0,       0,  126561,  142155,   18372,    2778,       0,       0,       0,       0,       0,       0,       0,       0,       0,       0,       0,       0,       0,       0,       0,       0,      56,   -1270,    -429,    -427,       0,     489,       0,       0,       0,       0,       0,       0,   -1208,      60,    1264,      -4,  100.0,   56.9,   92.2,   29.4,    0.9,    1.0,    0.0,    4.0,    0.0,    0.0,    0.0,    0.0,   87.3,   98.1,   12.7,    1.9,  100.0,   56.9,   92.2,   29.4,    0.9,    1.0,    0.0,    4.0,    0.0,    0.0,    0.0,    0.0,   87.3,   98.1,   12.7,    1.9,  100.0,    0.0,    0.0,    0.0,    0.0,    0.0,    0.0,    0.0,    0.0,    0.0,    0.0,    0.0,    0.0,    0.0,    0.0,    0.0,     31,     19,     18,      6,.,.,      0,.,      0,      0,      0,      0,     26,     21,     31,     19,     18,      6,.,.,      0,.,      0,      0,      0,      0,     26,     21,      0,      0,      0,      0,      0,      0,      0,      0,      0,      0,      0,      0,      0,      0,    35.9,    64.6,    59.0,    79.7,    33.3,    62.6,    50.9,    74.8,    35.9,    64.6,    59.0,    79.7,    33.3,    62.6,    50.9,    74.8,     0.0,     0.0,     0.0,     0.0,     0.0,     0.0,     0.0,     0.0,2500 mmbtu,0233BB,IFED,023 ,N13,FutOnly
NWP SUMAS BASIS - ICE FUTURES ENERGY DIV,260804,2026-08-04,0233BC,IFED,01,023 ,   71963,   28177,   50689,   33957,    1796,    2118,     551,     644,       0,       0,       0,       0,   64803,   55247,    7160,   16716,   71963,   28177,   50689,   33957,    1796,    2118,     551,     644,       0,       0,       0,       0,   64803,   55247,    7160,   16716,       0,       0,       0,       0,       0,       0,       0,       0,       0,       0,       0,       0,       0,       0,       0,       0,    1655,    -214,    1433,    1781,    -357,     -97,       0,       0,       0,       0,       0,       0,    1470,     979,     185,     676,  100.0,   39.2,   70.4,   47.2,    2.5,    2.9,    0.8,    0.9,    0.0,    0.0,    0.0,    0.0,   90.1,   76.8,    9.9,   23.2,  100.0,   39.2,   70.4,   47.2,    2.5,    2.9,    0.8,    0.9,    0.0,    0.0,    0.0,    0.0,   90.1,   76.8,    9.9,   23.2,  100.0,    0.0,    0.0,    0.0,    0.0,    0.0,    0.0,    0.0,    0.0,    0.0,    0.0,    0.0,    0.0,    0.0,    0.0,    0.0,     20,      8,     10,      6,.,.,.,.,      0,      0,      0,      0,     15,     14,     20,      8,     10,      6,.,.,.,.,      0,      0,      0,      0,     15,     14,      0,      0,      0,      0,      0,      0,      0,      0,      0,      0,      0,      0,      0,      0,    60.8,    56.8,    78.1,    70.7,    60.8,    52.7,    72.3,    61.1,    60.8,    56.8,    78.1,    70.7,    60.8,    52.7,    72.3,    61.1,     0.0,     0.0,     0.0,     0.0,     0.0,     0.0,     0.0,     0.0,2500 mmbtu,0233BC,IFED,023 ,N13,FutOnly
NWP Rockies Index - ICE FUTURES ENERGY DIV,260804,2026-08-04,0233BD,IFED,01,023 ,   35185,   23670,   25674,    2569,    4405,       0,    6042,     914,    1023,       0,    1635,       0,   33304,   33651,    1881,    1534,   35185,   23670,   25674,    2569,    4405,       0,    6042,     914,    1023,       0,    1635,       0,   33304,   33651,    1881,    1534,       0,       0,       0,       0,       0,       0,       0,       0,       0,       0,       0,       0,       0,       0,       0,       0,    1812,    1378,    1812,       0,       0,       0,       0,       0,       0,       0,       0,       0,    1378,    1812,     434,       0,  100.0,   67.3,   73.0,    7.3,   12.5,    0.0,   17.2,    2.6,    2.9,    0.0,    4.6,    0.0,   94.7,   95.6,    5.3,    4.4,  100.0,   67.3,   73.0,    7.3,   12.5,    0.0,   17.2,    2.6,    2.9,    0.0,    4.6,    0.0,   94.7,   95.6,    5.3,    4.4,  100.0,    0.0,    0.0,    0.0,    0.0,    0.0,    0.0,    0.0,    0.0,    0.0,    0.0,    0.0,    0.0,    0.0,    0.0,    0.0,     41,     21,     16,.,.,      0,      6,.,.,      0,.,      0,     29,     23,     41,     21,     16,.,.,      0,      6,.,.,      0,.,      0,     29,     23,      0,      0,      0,      0,      0,      0,      0,      0,      0,      0,      0,      0,      0,      0,    33.8,    53.1,    53.7,    71.2,    33.8,    53.1,    52.4,    68.5,    33.8,    53.1,    53.7,    71.2,    33.8,    53.1,    52.4,    68.5,     0.0,     0.0,     0.0,     0.0,     0.0,     0.0,     0.0,     0.0,2500 mmbtu,0233BD,IFED,023 ,N13,FutOnly
ONEOK GAS TRANSPORTATION BASIS - ICE FUTURES ENERGY DIV,260804,2026-08-04,0233BF,IFED,01,023 ,   70126,   58434,    9079,    5469,   54288,    1616,       0,       0,       0,       0,     372,       0,   65519,   65355,    4607,    4771,   70126,   58434,    9079,    5469,   54288,    1616,       0,       0,       0,       0,     372,       0,   65519,   65355,    4607,    4771,       0,       0,       0,       0,       0,       0,       0,       0,       0,       0,       0,       0,       0,       0,       0,       0,     828,     187,    -504,     -34,     636,      62,       0,       0,       0,       0,     372,       0,     215,     566,     613,     262,  100.0,   83.3,   12.9,    7.8,   77.4,    2.3,    0.0,    0.0,    0.0,    0.0,    0.5,    0.0,   93.4,   93.2,    6.6,    6.8,  100.0,   83.3,   12.9,    7.8,   77.4,    2.3,    0.0,    0.0,    0.0,    0.0,    0.5,    0.0,   93.4,   93.2,    6.6,    6.8,  100.0,    0.0,    0.0,    0.0,    0.0,    0.0,    0.0,    0.0,    0.0,    0.0,    0.0,    0.0,    0.0,    0.0,    0.0,    0.0,     21,      8,      9,      4,      6,.,      0,      0,      0,      0,.,      0,     12,     19,     21,      8,      9,      4,      6,.,      0,      0,      0,      0,.,      0,     12,     19,      0,      0,      0,      0,      0,      0,      0,      0,      0,      0,      0,      0,      0,      0,    74.5,    68.4,    88.8,    86.0,    72.2,    68.4,    85.3,    84.7,    74.5,    68.4,    88.8,    86.0,    72.2,    68.4,    85.3,    84.7,     0.0,     0.0,     0.0,     0.0,     0.0,     0.0,     0.0,     0.0,2500 mmbtu,0233BF,IFED,023 ,N13,FutOnly
MALIN (BASIS) - ICE FUTURES ENERGY DIV,260804,2026-08-04,0233BH,IFED,01,023 ,  125384,   88939,   91681,   16230,   15590,    4599,     615,   10093,     806,       0,     628,     155,  111344,  123552,   14040,    1832,  125384,   88939,   91681,   16230,   15590,    4599,     615,   10093,     806,       0,     628,     155,  111344,  123552,   14040,    1832,       0,       0,       0,       0,       0,       0,       0,       0,       0,       0,       0,       0,       0,       0,       0,       0,    -466,    -737,   -1652,    -871,    1178,      31,    -390,    -420,     428,       0,     579,    -336,   -1875,    -192,    1409,    -274,  100.0,   70.9,   73.1,   12.9,   12.4,    3.7,    0.5,    8.0,    0.6,    0.0,    0.5,    0.1,   88.8,   98.5,   11.2,    1.5,  100.0,   70.9,   73.1,   12.9,   12.4,    3.7,    0.5,    8.0,    0.6,    0.0,    0.5,    0.1,   88.8,   98.5,   11.2,    1.5,  100.0,    0.0,    0.0,    0.0,    0.0,    0.0,    0.0,    0.0,    0.0,    0.0,    0.0,    0.0,    0.0,    0.0,    0.0,    0.0,     29,     12,     15,      5,.,      5,.,.,.,      0,.,.,     22,     25,     29,     12,     15,      5,.,      5,.,.,.,      0,.,.,     22,     25,      0,      0,      0,      0,      0,      0,      0,      0,      0,      0,      0,      0,      0,      0,    66.0,    58.0,    79.1,    81.0,    56.5,    54.0,    63.0,    69.5,    66.0,    58.0,    79.1,    81.0,    56.5,    54.0,    63.0,    69.5,     0.0,     0.0,     0.0,     0.0,     0.0,     0.0,     0.0,     0.0,2500 mmbtu,0233BH,IFED,023 ,N13,FutOnly
PANHANDLE BASIS - ICE FUTURES ENERGY DIV,260804,2026-08-04,0233BL,IFED,01,023 ,  209893,  146667,   66106,   12784,  115575,   10601,   20668,    1174,    2081,    2050,     745,    1783,  196634,  198065,   13259,   11828,  209893,  146667,   66106,   12784,  115575,   10601,   20668,    1174,    2081,    2050,     745,    1783,  196634,  198065,   13259,   11828,       0,       0,       0,       0,       0,       0,       0,       0,       0,       0,       0,       0,       0,       0,       0,       0,   -2095,    -601,   -6110,      -2,    4197,     -54,   -3075,       0,     461,       0,     404,    1783,   -1488,     681,    -607,   -2776,  100.0,   69.9,   31.5,    6.1,   55.1,    5.1,    9.8,    0.6,    1.0,    1.0,    0.4,    0.8,   93.7,   94.4,    6.3,    5.6,  100.0,   69.9,   31.5,    6.1,   55.1,    5.1,    9.8,    0.6,    1.0,    1.0,    0.4,    0.8,   93.7,   94.4,    6.3,    5.6,  100.0,    0.0,    0.0,    0.0,    0.0,    0.0,    0.0,    0.0,    0.0,    0.0,    0.0,    0.0,    0.0,    0.0,    0.0,    0.0,     49,     22,     19,.,     10,     10,.,.,.,.,.,.,     39,     40,     49,     22,     19,.,     10,     10,.,.,.,.,.,.,     39,     40,      0,      0,      0,      0,      0,      0,      0,      0,      0,      0,      0,      0,      0,      0,    36.5,    44.0,    53.3,    63.8,    28.7,    41.8,    41.8,    57.1,    36.5,    44.0,    53.3,    63.8,    28.7,    41.8,    41.8,    57.1,     0.0,     0.0,     0.0,     0.0,     0.0,     0.0,     0.0,     0.0,2500 mmbtu,0233BL,IFED,023 ,N13,FutOnly
PG&E - CITYGATE (INDEX) - ICE FUTURES ENERGY DIV,260804,2026-08-04,0233BQ,IFED,01,023 ,   38430,   26200,   33868,    3053,       0,       0,    2926,    2038,     732,       0,    1083,       0,   32911,   37721,    5519,     709,   38430,   26200,   33868,    3053,       0,       0,    2926,    2038,     732,       0,    1083,       0,   32911,   37721,    5519,     709,       0,       0,       0,       0,       0,       0,       0,       0,       0,       0,       0,       0,       0,       0,       0,       0,    2920,    1525,    2920,       0,       0,       0,       0,       0,       0,       0,       0,       0,    1525,    2920,    1395,       0,  100.0,   68.2,   88.1,    7.9,    0.0,    0.0,    7.6,    5.3,    1.9,    0.0,    2.8,    0.0,   85.6,   98.2,   14.4,    1.8,  100.0,   68.2,   88.1,    7.9,    0.0,    0.0,    7.6,    5.3,    1.9,    0.0,    2.8,    0.0,   85.6,   98.2,   14.4,    1.8,  100.0,    0.0,    0.0,    0.0,    0.0,    0.0,    0.0,    0.0,    0.0,    0.0,    0.0,    0.0,    0.0,    0.0,    0.0,    0.0,     31,     16,     13,.,      0,      0,.,.,.,      0,.,      0,     21,     19,     31,     16,     13,.,      0,      0,.,.,.,      0,.,      0,     21,     19,      0,      0,      0,      0,      0,      0,      0,      0,      0,      0,      0,      0,      0,      0,    55.2,    65.5,    70.8,    84.1,    55.2,    64.8,    70.5,    80.2,    55.2,    65.5,    70.8,    84.1,    55.2,    64.8,    70.5,    80.2,     0.0,     0.0,     0.0,     0.0,     0.0,     0.0,     0.0,     0.0,2500 mmbtu,0233BQ,IFED,023 ,N13,FutOnly
SOCAL (INDEX) - ICE FUTURES ENERGY DIV,260804,2026-08-04,0233BW,IFED,01,023 ,   36523,   14372,   29573,    6781,       0,     279,   12584,    3921,     527,       0,     620,       0,   34543,   34920,    1980,    1603,   36523,   14372,   29573,    6781,       0,     279,   12584,    3921,     527,       0,     620,       0,   34543,   34920,    1980,    1603,       0,       0,       0,       0,       0,       0,       0,       0,       0,       0,       0,       0,       0,       0,       0,       0,     120,    -558,    -283,     120,       0,       0,    -217,       0,       0,       0,       0,       0,    -655,    -283,     775,     403,  100.0,   39.4,   81.0,   18.6,    0.0,    0.8,   34.5,   10.7,    1.4,    0.0,    1.7,    0.0,   94.6,   95.6,    5.4,    4.4,  100.0,   39.4,   81.0,   18.6,    0.0,    0.8,   34.5,   10.7,    1.4,    0.0,    1.7,    0.0,   94.6,   95.6,    5.4,    4.4,  100.0,    0.0,    0.0,    0.0,    0.0,    0.0,    0.0,    0.0,    0.0,    0.0,    0.0,    0.0,    0.0,    0.0,    0.0,    0.0,     32,     14,     11,.,      0,.,      4,.,.,      0,.,      0,     21,     18,     32,     14,     11,.,      0,.,      4,.,.,      0,.,      0,     21,     18,      0,      0,      0,      0,      0,      0,      0,      0,      0,      0,      0,      0,      0,      0,    45.1,    74.0,    66.9,    85.3,    44.7,    71.8,    66.1,    81.3,    45.1,    74.0,    66.9,    85.3,    44.7,    71.8,    66.1,    81.3,     0.0,     0.0,     0.0,     0.0,     0.0,     0.0,     0.0,     0.0,2500 mmbtu,0233BW,IFED,023 ,N13,FutOnly
SOCAL CITYGATE FINANCIAL BASIS - ICE FUTURES ENERGY DIV,260804,2026-08-04,0233BY,IFED,01,023 ,   38727,   21223,   29242,    9899,    3999,     291,     420,     488,       0,     264,       0,    1121,   33218,   35141,    5509,    3586,   38727,   21223,   29242,    9899,    3999,     291,     420,     488,       0,     264,       0,    1121,   33218,   35141,    5509,    3586,       0,       0,       0,       0,       0,       0,       0,       0,       0,       0,       0,       0,       0,       0,       0,       0,    1151,    1215,    2504,       0,      30,       0,    -434,       0,       0,    -235,       0,      56,     602,    2590,     549,   -1439,  100.0,   54.8,   75.5,   25.6,   10.3,    0.8,    1.1,    1.3,    0.0,    0.7,    0.0,    2.9,   85.8,   90.7,   14.2,    9.3,  100.0,   54.8,   75.5,   25.6,   10.3,    0.8,    1.1,    1.3,    0.0,    0.7,    0.0,    2.9,   85.8,   90.7,   14.2,    9.3,  100.0,    0.0,    0.0,    0.0,    0.0,    0.0,    0.0,    0.0,    0.0,    0.0,    0.0,    0.0,    0.0,    0.0,    0.0,    0.0,     26,     13,     12,.,.,.,.,.,      0,.,      0,.,     20,     17,     26,     13,     12,.,.,.,.,.,      0,.,      0,.,     20,     17,      0,      0,      0,      0,      0,      0,      0,      0,      0,      0,      0,      0,      0,      0,    53.2,    50.5,    72.1,    76.4,    47.0,    43.5,    56.3,    59.3,    53.2,    50.5,    72.1,    76.4,    47.0,    43.5,    56.3,    59.3,     0.0,     0.0,     0.0,     0.0,     0.0,     0.0,     0.0,     0.0,MMBtu,0233BY,IFED,023 ,N13,FutOnly
SONAT - TIER 1 POOL (ZONE 0) - ICE FUTURES ENERGY DIV,260804,2026-08-04,0233C1,IFED,01,023 ,   92792,   65359,   73749,    2684,    7859,    5587,    9004,       0,     552,    2035,       0,     242,   85463,   87989,    7329,    4803,   92792,   65359,   73749,    2684,    7859,    5587,    9004,       0,     552,    2035,       0,     242,   85463,   87989,    7329,    4803,       0,       0,       0,       0,       0,       0,       0,       0,       0,       0,       0,       0,       0,       0,       0,       0,   11823,    8282,    8789,   -1292,    1528,     826,    3787,       0,       0,     -59,       0,       0,   11544,   11143,     279,     680,  100.0,   70.4,   79.5,    2.9,    8.5,    6.0,    9.7,    0.0,    0.6,    2.2,    0.0,    0.3,   92.1,   94.8,    7.9,    5.2,  100.0,   70.4,   79.5,    2.9,    8.5,    6.0,    9.7,    0.0,    0.6,    2.2,    0.0,    0.3,   92.1,   94.8,    7.9,    5.2,  100.0,    0.0,    0.0,    0.0,    0.0,    0.0,    0.0,    0.0,    0.0,    0.0,    0.0,    0.0,    0.0,    0.0,    0.0,    0.0,     33,     14,     20,.,.,      4,      4,      0,.,.,      0,.,     23,     28,     33,     14,     20,.,.,      4,      4,      0,.,.,      0,.,     23,     28,      0,      0,      0,      0,      0,      0,      0,      0,      0,      0,      0,      0,      0,      0,    55.8,    54.0,    73.2,    69.0,    47.1,    49.0,    63.7,    60.8,    55.8,    54.0,    73.2,    69.0,    47.1,    49.0,    63.7,    60.8,     0.0,     0.0,     0.0,     0.0,     0.0,     0.0,     0.0,     0.0,2500 mmbtu,0233C1,IFED,023 ,N13,FutOnly
TENNESSEE 500L BASIS - ICE FUTURES ENERGY DIV,260804,2026-08-04,0233C9,IFED,01,023 ,   32277,   18982,   26650,    4314,     832,     517,    4656,     279,      61,     741,       0,     211,   29482,   28550,    2795,    3727,   32277,   18982,   26650,    4314,     832,     517,    4656,     279,      61,     741,       0,     211,   29482,   28550,    2795,    3727,       0,       0,       0,       0,       0,       0,       0,       0,       0,       0,       0,       0,       0,       0,       0,       0,     -29,       1,    -249,       0,       0,       0,       0,       0,       0,     -30,       0,       0,     -29,    -249,       0,     220,  100.0,   58.8,   82.6,   13.4,    2.6,    1.6,   14.4,    0.9,    0.2,    2.3,    0.0,    0.7,   91.3,   88.5,    8.7,   11.5,  100.0,   58.8,   82.6,   13.4,    2.6,    1.6,   14.4,    0.9,    0.2,    2.3,    0.0,    0.7,   91.3,   88.5,    8.7,   11.5,  100.0,    0.0,    0.0,    0.0,    0.0,    0.0,    0.0,    0.0,    0.0,    0.0,    0.0,    0.0,    0.0,    0.0,    0.0,    0.0,     20,      8,     12,.,.,.,.,.,.,.,      0,.,     13,     16,     20,      8,     12,.,.,.,.,.,.,.,      0,.,     13,     16,      0,      0,      0,      0,      0,      0,      0,      0,      0,      0,      0,      0,      0,      0,    60.8,    62.5,    84.3,    80.2,    55.3,    61.9,    75.3,    75.2,    60.8,    62.5,    84.3,    80.2,    55.3,    61.9,    75.3,    75.2,     0.0,     0.0,     0.0,     0.0,     0.0,     0.0,     0.0,     0.0,2500 mm btu,0233C9,IFED,023 ,N13,FutOnly
TETCO WLA BASIS - ICE FUTURES ENERGY DIV,260804,2026-08-04,0233CC,IFED,01,023 ,  141155,  112779,   91740,   18282,    9915,    5362,       0,   31048,       0,       0,       0,       0,  136423,  138065,    4732,    3090,  141155,  112779,   91740,   18282,    9915,    5362,       0,   31048,       0,       0,       0,       0,  136423,  138065,    4732,    3090,       0,       0,       0,       0,       0,       0,       0,       0,       0,       0,       0,       0,       0,       0,       0,       0,     338,     524,    5338,    -310,    -124,     124,       0,   -5868,       0,       0,       0,       0,     338,    -530,       0,     868,  100.0,   79.9,   65.0,   13.0,    7.0,    3.8,    0.0,   22.0,    0.0,    0.0,    0.0,    0.0,   96.6,   97.8,    3.4,    2.2,  100.0,   79.9,   65.0,   13.0,    7.0,    3.8,    0.0,   22.0,    0.0,    0.0,    0.0,    0.0,   96.6,   97.8,    3.4,    2.2,  100.0,    0.0,    0.0,    0.0,    0.0,    0.0,    0.0,    0.0,    0.0,    0.0,    0.0,    0.0,    0.0,    0.0,    0.0,    0.0,     38,     19,     14,      4,.,      4,      0,      4,      0,      0,      0,      0,     25,     23,     38,     19,     14,      4,.,      4,      0,      4,      0,      0,      0,      0,     25,     23,      0,      0,      0,      0,      0,      0,      0,      0,      0,      0,      0,      0,      0,      0,    51.1,    64.5,    74.2,    80.9,    51.1,    61.2,    73.7,    75.7,    51.1,    64.5,    74.2,    80.9,    51.1,    61.2,    73.7,    75.7,     0.0,     0.0,     0.0,     0.0,     0.0,     0.0,     0.0,     0.0,mmbtu,0233CC,IFED,023 ,N13,FutOnly
TETCO M3 INDEX - ICE FUTURES ENERGY DIV,260804,2026-08-04,0233CG,IFED,01,023 ,   73366,   30656,   63376,   30020,       0,    5312,    1798,     310,     434,     465,       0,       0,   68685,   69432,    4681,    3934,   73366,   30656,   63376,   30020,       0,    5312,    1798,     310,     434,     465,       0,       0,   68685,   69432,    4681,    3934,       0,       0,       0,       0,       0,       0,       0,       0,       0,       0,       0,       0,       0,       0,       0,       0,    1801,   -2942,     366,     955,       0,       0,     -31,       0,       0,       0,       0,       0,   -2018,     366,    3819,    1435,  100.0,   41.8,   86.4,   40.9,    0.0,    7.2,    2.5,    0.4,    0.6,    0.6,    0.0,    0.0,   93.6,   94.6,    6.4,    5.4,  100.0,   41.8,   86.4,   40.9,    0.0,    7.2,    2.5,    0.4,    0.6,    0.6,    0.0,    0.0,   93.6,   94.6,    6.4,    5.4,  100.0,    0.0,    0.0,    0.0,    0.0,    0.0,    0.0,    0.0,    0.0,    0.0,    0.0,    0.0,    0.0,    0.0,    0.0,    0.0,     32,      8,     19,      5,      0,.,.,.,.,.,      0,      0,     17,     22,     32,      8,     19,      5,      0,.,.,.,.,.,      0,      0,     17,     22,      0,      0,      0,      0,      0,      0,      0,      0,      0,      0,      0,      0,      0,      0,    67.1,    51.2,    85.0,    72.5,    65.2,    48.6,    77.5,    69.9,    67.1,    51.2,    85.0,    72.5,    65.2,    48.6,    77.5,    69.9,     0.0,     0.0,     0.0,     0.0,     0.0,     0.0,     0.0,     0.0,2500 mmbtu,0233CG,IFED,023 ,N13,FutOnly
TETCO M3 BASIS - ICE FUTURES ENERGY DIV,260804,2026-08-04,0233CH,IFED,01,023 ,  174260,  101094,  123350,   39804,   21984,    8283,    2913,    4560,    5641,    3365,    2038,     215,  161315,  166071,   12945,    8189,  174260,  101094,  123350,   39804,   21984,    8283,    2913,    4560,    5641,    3365,    2038,     215,  161315,  166071,   12945,    8189,       0,       0,       0,       0,       0,       0,       0,       0,       0,       0,       0,       0,       0,       0,       0,       0,    2782,   -1652,    1978,    1194,    -403,     186,       0,     629,     276,     761,       0,       0,     765,    2666,    2017,     116,  100.0,   58.0,   70.8,   22.8,   12.6,    4.8,    1.7,    2.6,    3.2,    1.9,    1.2,    0.1,   92.6,   95.3,    7.4,    4.7,  100.0,   58.0,   70.8,   22.8,   12.6,    4.8,    1.7,    2.6,    3.2,    1.9,    1.2,    0.1,   92.6,   95.3,    7.4,    4.7,  100.0,    0.0,    0.0,    0.0,    0.0,    0.0,    0.0,    0.0,    0.0,    0.0,    0.0,    0.0,    0.0,    0.0,    0.0,    0.0,     51,     16,     22,      6,      6,      7,.,      4,      4,.,.,.,     33,     40,     51,     16,     22,      6,      6,      7,.,      4,      4,.,.,.,     33,     40,      0,      0,      0,      0,      0,      0,      0,      0,      0,      0,      0,      0,      0,      0,    44.5,    33.3,    65.7,    49.2,    41.7,    32.3,    61.6,    47.1,    44.5,    33.3,    65.7,    49.2,    41.7,    32.3,    61.6,    47.1,     0.0,     0.0,     0.0,     0.0,     0.0,     0.0,     0.0,     0.0,2500 mm btu,0233CH,IFED,023 ,N13,FutOnly
TGT ZONE 1 BASIS - ICE FUTURES ENERGY DIV,260804,2026-08-04,0233CM,IFED,01,023 ,  234397,  199061,  135707,    8704,   72182,   14045,    5201,       0,      60,       0,       0,       0,  227071,  221994,    7326,   12403,  234397,  199061,  135707,    8704,   72182,   14045,    5201,       0,      60,       0,       0,       0,  227071,  221994,    7326,   12403,       0,       0,       0,       0,       0,       0,       0,       0,       0,       0,       0,       0,       0,       0,       0,       0,    -281,   -9433,    1271,    6431,   -1867,    -544,    1041,       0,    -124,       0,       0,       0,   -2629,   -1264,    2348,     983,  100.0,   84.9,   57.9,    3.7,   30.8,    6.0,    2.2,    0.0,    0.0,    0.0,    0.0,    0.0,   96.9,   94.7,    3.1,    5.3,  100.0,   84.9,   57.9,    3.7,   30.8,    6.0,    2.2,    0.0,    0.0,    0.0,    0.0,    0.0,   96.9,   94.7,    3.1,    5.3,  100.0,    0.0,    0.0,    0.0,    0.0,    0.0,    0.0,    0.0,    0.0,    0.0,    0.0,    0.0,    0.0,    0.0,    0.0,    0.0,     39,     26,     19,.,      6,      5,.,      0,.,      0,      0,      0,     33,     27,     39,     26,     19,.,      6,      5,.,      0,.,      0,      0,      0,     33,     27,      0,      0,      0,      0,      0,      0,      0,      0,      0,      0,      0,      0,      0,      0,    45.0,    58.1,    73.8,    78.5,    44.3,    56.9,    67.9,    73.7,    45.0,    58.1,    73.8,    78.5,    44.3,    56.9,    67.9,    73.7,     0.0,     0.0,     0.0,     0.0,     0.0,     0.0,     0.0,     0.0,2500 MMBtus,0233CM,IFED,023 ,N13,FutOnly
TRANSCO STN 85 MONTHLY INDEX - ICE FUTURES ENERGY DIV,260804,2026-08-04,0233CS,IFED,01,023 ,   67633,   51396,   49367,    3129,    5696,    1054,    8420,    3228,     368,       0,    5142,       0,   64367,   64855,    3266,    2778,   67633,   51396,   49367,    3129,    5696,    1054,    8420,    3228,     368,       0,    5142,       0,   64367,   64855,    3266,    2778,       0,       0,       0,       0,       0,       0,       0,       0,       0,       0,       0,       0,       0,       0,       0,       0,     490,    -806,    -223,       0,      93,       0,      -2,       0,       0,       0,    -124,       0,    -808,    -254,    1298,     744,  100.0,   76.0,   73.0,    4.6,    8.4,    1.6,   12.4,    4.8,    0.5,    0.0,    7.6,    0.0,   95.2,   95.9,    4.8,    4.1,  100.0,   76.0,   73.0,    4.6,    8.4,    1.6,   12.4,    4.8,    0.5,    0.0,    7.6,    0.0,   95.2,   95.9,    4.8,    4.1,  100.0,    0.0,    0.0,    0.0,    0.0,    0.0,    0.0,    0.0,    0.0,    0.0,    0.0,    0.0,    0.0,    0.0,    0.0,    0.0,     36,     13,     15,.,.,.,      4,.,.,      0,.,      0,     21,     25,     36,     13,     15,.,.,.,      4,.,.,      0,.,      0,     21,     25,      0,      0,      0,      0,      0,      0,      0,      0,      0,      0,      0,      0,      0,      0,    53.1,    53.0,    76.8,    74.4,    52.1,    52.8,    75.2,    73.6,    53.1,    53.0,    76.8,    74.4,    52.1,    52.8,    75.2,    73.6,     0.0,     0.0,     0.0,     0.0,     0.0,     0.0,     0.0,     0.0,mmbtu,0233CS,IFED,023 ,N13,FutOnly
TRANSCO ZONE 6 BASIS - ICE FUTURES ENERGY DIV,260804,2026-08-04,0233CU,IFED,01,023 ,  276797,  153826,  188683,   87720,   47414,   12424,    2731,   11184,    5221,       0,    5324,     492,  262414,  270742,   14383,    6055,  276797,  153826,  188683,   87720,   47414,   12424,    2731,   11184,    5221,       0,    5324,     492,  262414,  270742,   14383,    6055,       0,       0,       0,       0,       0,       0,       0,       0,       0,       0,       0,       0,       0,       0,       0,       0,    5183,   -4370,    4118,    2182,    -848,    -117,     -65,    -463,     857,       0,      65,    -248,   -1761,    3364,    6944,    1819,  100.0,   55.6,   68.2,   31.7,   17.1,    4.5,    1.0,    4.0,    1.9,    0.0,    1.9,    0.2,   94.8,   97.8,    5.2,    2.2,  100.0,   55.6,   68.2,   31.7,   17.1,    4.5,    1.0,    4.0,    1.9,    0.0,    1.9,    0.2,   94.8,   97.8,    5.2,    2.2,  100.0,    0.0,    0.0,    0.0,    0.0,    0.0,    0.0,    0.0,    0.0,    0.0,    0.0,    0.0,    0.0,    0.0,    0.0,    0.0,     54,     26,     22,      5,      6,      7,.,      4,      4,      0,.,.,     43,     40,     54,     26,     22,      5,      6,      7,.,      4,      4,      0,.,.,     43,     40,      0,      0,      0,      0,      0,      0,      0,      0,      0,      0,      0,      0,      0,      0,    39.7,    52.9,    61.4,    67.3,    37.9,    52.3,    56.7,    65.2,    39.7,    52.9,    61.4,    67.3,    37.9,    52.3,    56.7,    65.2,     0.0,     0.0,     0.0,     0.0,     0.0,     0.0,     0.0,     0.0,mmbtu,0233CU,IFED,023 ,N13,FutOnly
TRANSCO ZONE 6 MONTHLY INDEX - ICE FUTURES ENERGY DIV,260804,2026-08-04,0233CV,IFED,01,023 ,  115464,   36570,   97848,   70933,    1395,       0,       0,    1116,       0,       0,    6564,       0,  107503,  106923,    7961,    8541,  115464,   36570,   97848,   70933,    1395,       0,       0,    1116,       0,       0,    6564,       0,  107503,  106923,    7961,    8541,       0,       0,       0,       0,       0,       0,       0,       0,       0,       0,       0,       0,       0,       0,       0,       0,    6463,   -1598,     512,    2521,       0,       0,       0,       0,       0,       0,    3398,       0,     923,    3910,    5540,    2553,  100.0,   31.7,   84.7,   61.4,    1.2,    0.0,    0.0,    1.0,    0.0,    0.0,    5.7,    0.0,   93.1,   92.6,    6.9,    7.4,  100.0,   31.7,   84.7,   61.4,    1.2,    0.0,    0.0,    1.0,    0.0,    0.0,    5.7,    0.0,   93.1,   92.6,    6.9,    7.4,  100.0,    0.0,    0.0,    0.0,    0.0,    0.0,    0.0,    0.0,    0.0,    0.0,    0.0,    0.0,    0.0,    0.0,    0.0,    0.0,     27,      7,     13,      5,.,      0,      0,.,      0,      0,.,      0,     12,     17,     27,      7,     13,      5,.,      0,      0,.,      0,      0,.,      0,     12,     17,      0,      0,      0,      0,      0,      0,      0,      0,      0,      0,      0,      0,      0,      0,    68.0,    62.7,    89.6,    81.4,    68.0,    62.7,    89.1,    80.1,    68.0,    62.7,    89.6,    81.4,    68.0,    62.7,    89.1,    80.1,     0.0,     0.0,     0.0,     0.0,     0.0,     0.0,     0.0,     0.0,mmbtu,0233CV,IFED,023 ,N13,FutOnly
TRANSCO STATION 85-ZONE 4 BASI - ICE FUTURES ENERGY DIV,260804,2026-08-04,0233CW,IFED,01,023 ,  301537,  188245,  210063,   24746,   38798,   11992,   38663,    2517,   20634,     790,    9682,    2951,  288021,  296637,   13516,    4900,  301537,  188245,  210063,   24746,   38798,   11992,   38663,    2517,   20634,     790,    9682,    2951,  288021,  296637,   13516,    4900,       0,       0,       0,       0,       0,       0,       0,       0,       0,       0,       0,       0,       0,       0,       0,       0,    7145,    3762,    1655,    1051,     956,     -68,     874,     615,     210,      -9,    2332,    -245,    5575,    5455,    1570,    1690,  100.0,   62.4,   69.7,    8.2,   12.9,    4.0,   12.8,    0.8,    6.8,    0.3,    3.2,    1.0,   95.5,   98.4,    4.5,    1.6,  100.0,   62.4,   69.7,    8.2,   12.9,    4.0,   12.8,    0.8,    6.8,    0.3,    3.2,    1.0,   95.5,   98.4,    4.5,    1.6,  100.0,    0.0,    0.0,    0.0,    0.0,    0.0,    0.0,    0.0,    0.0,    0.0,    0.0,    0.0,    0.0,    0.0,    0.0,    0.0,     67,     28,     39,      6,.,      5,      8,.,      7,.,.,.,     49,     56,     67,     28,     39,      6,.,      5,      8,.,      7,.,.,.,     49,     56,      0,      0,      0,      0,      0,      0,      0,      0,      0,      0,      0,      0,      0,      0,    35.8,    31.7,    52.3,    50.5,    24.2,    30.6,    36.7,    45.6,    35.8,    31.7,    52.3,    50.5,    24.2,    30.6,    36.7,    45.6,     0.0,     0.0,     0.0,     0.0,     0.0,     0.0,     0.0,     0.0,2500 mm btu,0233CW,IFED,023 ,N13,FutOnly
WAHA INDEX  - ICE FUTURES ENERGY DIV,260804,2026-08-04,0233D4,IFED,01,023 ,  101340,   92382,   74218,    3478,   19410,       0,     930,    1395,     961,       0,     682,       0,   97751,   96666,    3589,    4674,  101340,   92382,   74218,    3478,   19410,       0,     930,    1395,     961,       0,     682,       0,   97751,   96666,    3589,    4674,       0,       0,       0,       0,       0,       0,       0,       0,       0,       0,       0,       0,       0,       0,       0,       0,    4426,    2535,    1746,     620,    1812,       0,       0,       0,       0,       0,     682,       0,    3155,    4240,    1271,     186,  100.0,   91.2,   73.2,    3.4,   19.2,    0.0,    0.9,    1.4,    0.9,    0.0,    0.7,    0.0,   96.5,   95.4,    3.5,    4.6,  100.0,   91.2,   73.2,    3.4,   19.2,    0.0,    0.9,    1.4,    0.9,    0.0,    0.7,    0.0,   96.5,   95.4,    3.5,    4.6,  100.0,    0.0,    0.0,    0.0,    0.0,    0.0,    0.0,    0.0,    0.0,    0.0,    0.0,    0.0,    0.0,    0.0,    0.0,    0.0,     43,     23,     17,.,      7,      0,.,.,.,      0,.,      0,     28,     27,     43,     23,     17,.,      7,      0,.,.,.,      0,.,      0,     28,     27,      0,      0,      0,      0,      0,      0,      0,      0,      0,      0,      0,      0,      0,      0,    53.4,    55.0,    73.1,    76.2,    52.5,    51.8,    67.0,    65.9,    53.4,    55.0,    73.1,    76.2,    52.5,    51.8,    67.0,    65.9,     0.0,     0.0,     0.0,     0.0,     0.0,     0.0,     0.0,     0.0,2500 mm btu,0233D4,IFED,023 ,N13,FutOnly
TETCO M2 Basis (Receipts) - ICE FUTURES ENERGY DIV,260804,2026-08-04,0233DR,IFED,01,023 ,  566816,  487510,   14125,    9732,  522899,   15134,   30771,    3242,    2809,    3149,    2294,    3204,  552309,  563707,   14507,    3109,  566816,  487510,   14125,    9732,  522899,   15134,   30771,    3242,    2809,    3149,    2294,    3204,  552309,  563707,   14507,    3109,       0,       0,       0,       0,       0,       0,       0,       0,       0,       0,       0,       0,       0,       0,       0,       0,    8271,    5768,      10,     727,   11287,   -3941,    -151,     360,      31,   -1809,    -240,     671,    1296,    8178,    6975,      93,  100.0,   86.0,    2.5,    1.7,   92.3,    2.7,    5.4,    0.6,    0.5,    0.6,    0.4,    0.6,   97.4,   99.5,    2.6,    0.5,  100.0,   86.0,    2.5,    1.7,   92.3,    2.7,    5.4,    0.6,    0.5,    0.6,    0.4,    0.6,   97.4,   99.5,    2.6,    0.5,  100.0,    0.0,    0.0,    0.0,    0.0,    0.0,    0.0,    0.0,    0.0,    0.0,    0.0,    0.0,    0.0,    0.0,    0.0,    0.0,     59,     34,     10,.,     16,      6,.,.,.,.,.,.,     45,     33,     59,     34,     10,.,     16,      6,.,.,.,.,.,.,     45,     33,      0,      0,      0,      0,      0,      0,      0,      0,      0,      0,      0,      0,      0,      0,    44.4,    50.0,    62.0,    72.9,    44.3,    50.0,    61.3,    72.9,    44.4,    50.0,    62.0,    72.9,    44.3,    50.0,    61.3,    72.9,     0.0,     0.0,     0.0,     0.0,     0.0,     0.0,     0.0,     0.0,2500 MM Btus,0233DR,IFED,023 ,N13,FutOnly
TRANSCO LEIDY BASIS - ICE FUTURES ENERGY DIV,260804,2026-08-04,0233DT,IFED,01,023 ,  124774,   68251,   50648,   20155,   52319,   14230,    7691,       0,       0,    4851,     784,     400,  115578,  118381,    9196,    6393,  124774,   68251,   50648,   20155,   52319,   14230,    7691,       0,       0,    4851,     784,     400,  115578,  118381,    9196,    6393,       0,       0,       0,       0,       0,       0,       0,       0,       0,       0,       0,       0,       0,       0,       0,       0,     724,    -930,    -112,     270,    -304,    -392,     151,       0,       0,    -186,       0,     214,    -873,    -594,    1597,    1318,  100.0,   54.7,   40.6,   16.2,   41.9,   11.4,    6.2,    0.0,    0.0,    3.9,    0.6,    0.3,   92.6,   94.9,    7.4,    5.1,  100.0,   54.7,   40.6,   16.2,   41.9,   11.4,    6.2,    0.0,    0.0,    3.9,    0.6,    0.3,   92.6,   94.9,    7.4,    5.1,  100.0,    0.0,    0.0,    0.0,    0.0,    0.0,    0.0,    0.0,    0.0,    0.0,    0.0,    0.0,    0.0,    0.0,    0.0,    0.0,     33,     15,      8,      4,      8,      8,.,      0,      0,.,.,.,     28,     21,     33,     15,      8,      4,      8,      8,.,      0,      0,.,.,.,     28,     21,      0,      0,      0,      0,      0,      0,      0,      0,      0,      0,      0,      0,      0,      0,    44.7,    39.9,    62.1,    65.8,    44.3,    39.3,    60.9,    61.1,    44.7,    39.9,    62.1,    65.8,    44.3,    39.3,    60.9,    61.1,     0.0,     0.0,     0.0,     0.0,     0.0,     0.0,     0.0,     0.0,2500 mm btu,0233DT,IFED,023 ,N13,FutOnly
TETCO M2 Index (Receipts) - ICE FUTURES ENERGY DIV,260804,2026-08-04,0233DW,IFED,01,023 ,   47496,   41334,   42280,       0,    2108,       0,       0,       0,       0,    1208,    1510,       0,   42542,   45898,    4954,    1598,   47496,   41334,   42280,       0,    2108,       0,       0,       0,       0,    1208,    1510,       0,   42542,   45898,    4954,    1598,       0,       0,       0,       0,       0,       0,       0,       0,       0,       0,       0,       0,       0,       0,       0,       0,    6257,    1747,    5916,       0,     217,       0,       0,       0,       0,    1208,       0,       0,    2955,    6133,    3302,     124,  100.0,   87.0,   89.0,    0.0,    4.4,    0.0,    0.0,    0.0,    0.0,    2.5,    3.2,    0.0,   89.6,   96.6,   10.4,    3.4,  100.0,   87.0,   89.0,    0.0,    4.4,    0.0,    0.0,    0.0,    0.0,    2.5,    3.2,    0.0,   89.6,   96.6,   10.4,    3.4,  100.0,    0.0,    0.0,    0.0,    0.0,    0.0,    0.0,    0.0,    0.0,    0.0,    0.0,    0.0,    0.0,    0.0,    0.0,    0.0,     32,     14,     17,      0,.,      0,      0,      0,      0,.,.,      0,     15,     20,     32,     14,     17,      0,.,      0,      0,      0,      0,.,.,      0,     15,     20,      0,      0,      0,      0,      0,      0,      0,      0,      0,      0,      0,      0,      0,      0,    63.7,    48.6,    77.7,    70.4,    63.0,    48.6,    77.0,    70.4,    63.7,    48.6,    77.7,    70.4,    63.0,    48.6,    77.0,    70.4,     0.0,     0.0,     0.0,     0.0,     0.0,     0.0,     0.0,     0.0,2500 MM Btus,0233DW,IFED,023 ,N13,FutOnly
REX ZONE 3 BASIS - ICE FUTURES ENERGY DIV,260804,2026-08-04,0233EB,IFED,01,023 ,  273431,  221510,  135886,   16654,  100557,    7504,    9277,    7655,    6578,     998,    3918,    2823,  265344,  264921,    8087,    8510,  273431,  221510,  135886,   16654,  100557,    7504,    9277,    7655,    6578,     998,    3918,    2823,  265344,  264921,    8087,    8510,       0,       0,       0,       0,       0,       0,       0,       0,       0,       0,       0,       0,       0,       0,       0,       0,    4925,    3632,    1619,    1464,    2544,    -872,     360,     442,   -1066,   -1106,     -67,    -474,    1938,    2126,    2987,    2799,  100.0,   81.0,   49.7,    6.1,   36.8,    2.7,    3.4,    2.8,    2.4,    0.4,    1.4,    1.0,   97.0,   96.9,    3.0,    3.1,  100.0,   81.0,   49.7,    6.1,   36.8,    2.7,    3.4,    2.8,    2.4,    0.4,    1.4,    1.0,   97.0,   96.9,    3.0,    3.1,  100.0,    0.0,    0.0,    0.0,    0.0,    0.0,    0.0,    0.0,    0.0,    0.0,    0.0,    0.0,    0.0,    0.0,    0.0,    0.0,     61,     30,     26,.,     12,.,.,.,      5,.,.,.,     42,     49,     61,     30,     26,.,     12,.,.,.,      5,.,.,.,     42,     49,      0,      0,      0,      0,      0,      0,      0,      0,      0,      0,      0,      0,      0,      0,    38.3,    33.5,    58.4,    51.4,    34.7,    32.4,    53.7,    48.8,    38.3,    33.5,    58.4,    51.4,    34.7,    32.4,    53.7,    48.8,     0.0,     0.0,     0.0,     0.0,     0.0,     0.0,     0.0,     0.0,2500 MMBtus,0233EB,IFED,023 ,N13,FutOnly
REX ZONE 3 INDEX - ICE FUTURES ENERGY DIV,260804,2026-08-04,0233ED,IFED,01,023 ,   39434,   23877,   30474,   10806,    3198,     185,    1457,    2353,       0,     651,       0,       0,   36976,   36210,    2458,    3224,   39434,   23877,   30474,   10806,    3198,     185,    1457,    2353,       0,     651,       0,       0,   36976,   36210,    2458,    3224,       0,       0,       0,       0,       0,       0,       0,       0,       0,       0,       0,       0,       0,       0,       0,       0,     536,     474,   -1736,      31,       0,       0,       0,    1020,       0,       0,       0,       0,     505,    -716,      31,    1252,  100.0,   60.5,   77.3,   27.4,    8.1,    0.5,    3.7,    6.0,    0.0,    1.7,    0.0,    0.0,   93.8,   91.8,    6.2,    8.2,  100.0,   60.5,   77.3,   27.4,    8.1,    0.5,    3.7,    6.0,    0.0,    1.7,    0.0,    0.0,   93.8,   91.8,    6.2,    8.2,  100.0,    0.0,    0.0,    0.0,    0.0,    0.0,    0.0,    0.0,    0.0,    0.0,    0.0,    0.0,    0.0,    0.0,    0.0,    0.0,     28,     12,     18,.,.,.,.,.,      0,.,      0,      0,     17,     21,     28,     12,     18,.,.,.,.,.,      0,.,      0,      0,     17,     21,      0,      0,      0,      0,      0,      0,      0,      0,      0,      0,      0,      0,      0,      0,    66.6,    35.6,    79.0,    61.4,    56.3,    32.7,    64.8,    54.1,    66.6,    35.6,    79.0,    61.4,    56.3,    32.7,    64.8,    54.1,     0.0,     0.0,     0.0,     0.0,     0.0,     0.0,     0.0,     0.0,2500 MMBtus,0233ED,IFED,023 ,N13,FutOnly
Transco Zone 5 South Basis - ICE FUTURES ENERGY DIV,260804,2026-08-04,0233FJ,IFED,01,023 ,  160796,   84964,  132416,   25178,    6304,    9135,   28524,    2204,     306,     661,    1384,      70,  148838,  151819,   11958,    8977,  160796,   84964,  132416,   25178,    6304,    9135,   28524,    2204,     306,     661,    1384,      70,  148838,  151819,   11958,    8977,       0,       0,       0,       0,       0,       0,       0,       0,       0,       0,       0,       0,       0,       0,       0,       0,    1538,   -1152,   -1224,     552,    -428,     428,     604,      90,       0,       0,       0,       0,     432,   -1134,    1106,    2672,  100.0,   52.8,   82.4,   15.7,    3.9,    5.7,   17.7,    1.4,    0.2,    0.4,    0.9,    0.0,   92.6,   94.4,    7.4,    5.6,  100.0,   52.8,   82.4,   15.7,    3.9,    5.7,   17.7,    1.4,    0.2,    0.4,    0.9,    0.0,   92.6,   94.4,    7.4,    5.6,  100.0,    0.0,    0.0,    0.0,    0.0,    0.0,    0.0,    0.0,    0.0,    0.0,    0.0,    0.0,    0.0,    0.0,    0.0,    0.0,     44,     20,     29,.,.,.,.,.,.,.,.,.,     30,     36,     44,     20,     29,.,.,.,.,.,.,.,.,.,     30,     36,      0,      0,      0,      0,      0,      0,      0,      0,      0,      0,      0,      0,      0,      0,    46.5,    44.3,    71.1,    64.3,    45.9,    42.8,    65.9,    57.8,    46.5,    44.3,    71.1,    64.3,    45.9,    42.8,    65.9,    57.8,     0.0,     0.0,     0.0,     0.0,     0.0,     0.0,     0.0,     0.0,2500 MMBtus,0233FJ,IFED,023 ,N13,FutOnly
NAT GAS NYME - NEW YORK MERCANTILE EXCHANGE,260804,2026-08-04,023651,NYME,01,023 , 1705908,  229706,  243500,  218813,   17805,  111969,  228575,  355508,  575954,   59343,  129956,  227174, 1651534, 1661866,   54374,   44042, 1705908,  229706,  243500,  218813,   17805,  111969,  228575,  355508,  575954,   59343,  129956,  227174, 1651534, 1661866,   54374,   44042,       0,       0,       0,       0,       0,       0,       0,       0,       0,       0,       0,       0,       0,       0,       0,       0,   33467,    6747,    3524,    3534,    -793,    -217,   -9890,   11217,   17733,    6465,   -7895,    9377,   33749,   32946,    -282,     521,  100.0,   13.5,   14.3,   12.8,    1.0,    6.6,   13.4,   20.8,   33.8,    3.5,    7.6,   13.3,   96.8,   97.4,    3.2,    2.6,  100.0,   13.5,   14.3,   12.8,    1.0,    6.6,   13.4,   20.8,   33.8,    3.5,    7.6,   13.3,   96.8,   97.4,    3.2,    2.6,  100.0,    0.0,    0.0,    0.0,    0.0,    0.0,    0.0,    0.0,    0.0,    0.0,    0.0,    0.0,    0.0,    0.0,    0.0,    0.0,    332,     45,     39,     27,      9,     25,     59,     79,     86,     54,     46,     74,    296,    257,    332,     45,     39,     27,      9,     25,     59,     79,     86,     54,     46,     74,    296,    257,      0,      0,      0,      0,      0,      0,      0,      0,      0,      0,      0,      0,      0,      0,    17.4,    24.5,    27.3,    35.3,     9.3,    10.9,    14.2,    14.8,    17.4,    24.5,    27.3,    35.3,     9.3,    10.9,    14.2,    14.8,     0.0,     0.0,     0.0,     0.0,     0.0,     0.0,     0.0,     0.0,"(Contracts of 10,000 MMBTU'S)",023651,NYME,023 ,N13,FutOnly
HENRY HUB LAST DAY FIN - NEW YORK MERCANTILE EXCHANGE,260804,2026-08-04,023A55,NYME,01,023 ,  392822,  137257,   43682,   31866,  152604,   20500,   38863,   13553,   16446,   71059,   84366,   52974,  368965,  384125,   23857,    8697,  392822,  137257,   43682,   31866,  152604,   20500,   38863,   13553,   16446,   71059,   84366,   52974,  368965,  384125,   23857,    8697,       0,       0,       0,       0,       0,       0,       0,       0,       0,       0,       0,       0,       0,       0,       0,       0,  -39155,  -12492,   -9021,     387,  -14684,   -3535,   -4950,   -5344,   -6006,   -4121,    6179,   -7501,  -38218,  -39912,    -937,     757,  100.0,   34.9,   11.1,    8.1,   38.8,    5.2,    9.9,    3.5,    4.2,   18.1,   21.5,   13.5,   93.9,   97.8,    6.1,    2.2,  100.0,   34.9,   11.1,    8.1,   38.8,    5.2,    9.9,    3.5,    4.2,   18.1,   21.5,   13.5,   93.9,   97.8,    6.1,    2.2,  100.0,    0.0,    0.0,    0.0,    0.0,    0.0,    0.0,    0.0,    0.0,    0.0,    0.0,    0.0,    0.0,    0.0,    0.0,    0.0,     89,     26,     22,     15,      9,     17,      5,      5,      9,     15,     12,     23,     85,     73,     89,     26,     22,     15,      9,     17,      5,      5,      9,     15,     12,     23,     85,     73,      0,      0,      0,      0,      0,      0,      0,      0,      0,      0,      0,      0,      0,      0,    18.9,    40.4,    32.8,    55.2,    16.5,    38.5,    27.1,    50.1,    18.9,    40.4,    32.8,    55.2,    16.5,    38.5,    27.1,    50.1,     0.0,     0.0,     0.0,     0.0,     0.0,     0.0,     0.0,     0.0,"(Contracts of 10,000 MMBTU'S)",023A55,NYME,023 ,N13,FutOnly
HENRY HUB PENULTIMATE FIN - NEW YORK MERCANTILE EXCHANGE,260804,2026-08-04,023A56,NYME,01,023 ,  227181,   20724,   52810,   76629,   62190,   27049,   28608,   11992,   17623,   26061,   27228,   21964,  218658,  220856,    8523,    6325,  227181,   20724,   52810,   76629,   62190,   27049,   28608,   11992,   17623,   26061,   27228,   21964,  218658,  220856,    8523,    6325,       0,       0,       0,       0,       0,       0,       0,       0,       0,       0,       0,       0,       0,       0,       0,       0,  -28863,  -12856,   -7329,  -10598,    8074,   -8844,   -4432,   -6483,    -928,   15941,   -3242,   -9442,  -31159,  -28194,    2296,    -669,  100.0,    9.1,   23.2,   33.7,   27.4,   11.9,   12.6,    5.3,    7.8,   11.5,   12.0,    9.7,   96.2,   97.2,    3.8,    2.8,  100.0,    9.1,   23.2,   33.7,   27.4,   11.9,   12.6,    5.3,    7.8,   11.5,   12.0,    9.7,   96.2,   97.2,    3.8,    2.8,  100.0,    0.0,    0.0,    0.0,    0.0,    0.0,    0.0,    0.0,    0.0,    0.0,    0.0,    0.0,    0.0,    0.0,    0.0,    0.0,     75,     13,     14,     10,      8,     13,     11,      7,     13,      9,     15,     22,     68,     67,     75,     13,     14,     10,      8,     13,     11,      7,     13,      9,     15,     22,     68,     67,      0,      0,      0,      0,      0,      0,      0,      0,      0,      0,      0,      0,      0,      0,    26.9,    35.1,    45.2,    50.0,    26.4,    27.1,    41.6,    37.2,    26.9,    35.1,    45.2,    50.0,    26.4,    27.1,    41.6,    37.2,     0.0,     0.0,     0.0,     0.0,     0.0,     0.0,     0.0,     0.0,"(Contracts of 10,000 MMBTU'S)",023A56,NYME,023 ,N13,FutOnly
ETHANOL T2 FOB INCL DUTY - NEW YORK MERCANTILE EXCHANGE,260804,2026-08-04,025608,NYME,01,025 ,    3908,    3668,    3617,       0,      33,       9,       0,       0,       0,       0,     155,       0,    3677,    3814,     231,      94,    3908,    3668,    3617,       0,      33,       9,       0,       0,       0,       0,     155,       0,    3677,    3814,     231,      94,       0,       0,       0,       0,       0,       0,       0,       0,       0,       0,       0,       0,       0,       0,       0,       0,     150,     229,     150,       0,       0,       0,       0,       0,       0,       0,       0,       0,     229,     150,     -79,       0,  100.0,   93.9,   92.6,    0.0,    0.8,    0.2,    0.0,    0.0,    0.0,    0.0,    4.0,    0.0,   94.1,   97.6,    5.9,    2.4,  100.0,   93.9,   92.6,    0.0,    0.8,    0.2,    0.0,    0.0,    0.0,    0.0,    4.0,    0.0,   94.1,   97.6,    5.9,    2.4,  100.0,    0.0,    0.0,    0.0,    0.0,    0.0,    0.0,    0.0,    0.0,    0.0,    0.0,    0.0,    0.0,    0.0,    0.0,    0.0,     30,     24,     23,      0,.,.,      0,      0,      0,      0,.,      0,     25,     26,     30,     24,     23,      0,.,.,      0,      0,      0,      0,.,      0,     25,     26,      0,      0,      0,      0,      0,      0,      0,      0,      0,      0,      0,      0,      0,      0,    46.8,    49.7,    67.5,    69.9,    32.4,    28.4,    41.9,    42.8,    46.8,    49.7,    67.5,    69.9,    32.4,    28.4,    41.9,    42.8,     0.0,     0.0,     0.0,     0.0,     0.0,     0.0,     0.0,     0.0,(100 CUBIC METERS),025608,NYME,025 ,N10,FutOnly
ETHANOL - NEW YORK MERCANTILE EXCHANGE,260804,2026-08-04,025651,NYME,01,025 ,   49980,   38743,   43083,    1007,    2798,     679,    5747,     157,     159,    1429,     603,    1736,   49500,   49215,     480,     765,   49980,   38743,   43083,    1007,    2798,     679,    5747,     157,     159,    1429,     603,    1736,   49500,   49215,     480,     765,       0,       0,       0,       0,       0,       0,       0,       0,       0,       0,       0,       0,       0,       0,       0,       0,    2284,    2015,    1937,      16,     239,      52,     119,     -67,      59,      30,      64,     -75,    2216,    2209,      68,      75,  100.0,   77.5,   86.2,    2.0,    5.6,    1.4,   11.5,    0.3,    0.3,    2.9,    1.2,    3.5,   99.0,   98.5,    1.0,    1.5,  100.0,   77.5,   86.2,    2.0,    5.6,    1.4,   11.5,    0.3,    0.3,    2.9,    1.2,    3.5,   99.0,   98.5,    1.0,    1.5,  100.0,    0.0,    0.0,    0.0,    0.0,    0.0,    0.0,    0.0,    0.0,    0.0,    0.0,    0.0,    0.0,    0.0,    0.0,    0.0,    120,     51,     65,      4,      4,      4,     17,.,.,     10,      5,      9,     88,     87,    120,     51,     65,      4,      4,      4,     17,.,.,     10,      5,      9,     88,     87,      0,      0,      0,      0,      0,      0,      0,      0,      0,      0,      0,      0,      0,      0,    32.5,    27.3,    48.7,    43.5,    13.5,    13.4,    21.8,    21.6,    32.5,    27.3,    48.7,    43.5,    13.5,    13.4,    21.8,    21.6,     0.0,     0.0,     0.0,     0.0,     0.0,     0.0,     0.0,     0.0,"(CONTRACTS OF 42,000 U.S. GALLONS)",025651,NYME,025 ,N10,FutOnly
SOYBEAN MEAL - CHICAGO BOARD OF TRADE,260804,2026-08-04,026603,CBT ,00,026 ,  609258,  121219,  367935,  124666,    8965,    7436,  126429,   48599,   76496,   44401,   13064,   61921,  562568,  584416,   46690,   24842,   87474,   34743,   60753,    5863,    1813,     178,   22531,   14536,     127,   14576,    4464,     193,   78211,   82064,    9263,    5410,  521784,   86476,  307182,  121101,    9450,    4960,  120049,   50214,   60218,   40216,   18991,   51337,  484357,  502352,   37427,   19432,  -12388,     581,  -10062,    2023,   -1153,     230,   -5248,    4618,   -1425,   -4484,     188,   -1177,   -9500,   -8781,   -2888,   -3607,  100.0,   19.9,   60.4,   20.5,    1.5,    1.2,   20.8,    8.0,   12.6,    7.3,    2.1,   10.2,   92.3,   95.9,    7.7,    4.1,  100.0,   39.7,   69.5,    6.7,    2.1,    0.2,   25.8,   16.6,    0.1,   16.7,    5.1,    0.2,   89.4,   93.8,   10.6,    6.2,  100.0,   16.6,   58.9,   23.2,    1.8,    1.0,   23.0,    9.6,   11.5,    7.7,    3.6,    9.8,   92.8,   96.3,    7.2,    3.7,    324,    101,     85,     25,      5,     14,     65,     32,     62,     45,     21,     40,    287,    221,    208,     57,     62,     15,      7,.,     28,     16,.,     27,     14,.,    131,    102,    313,     90,     75,     23,      7,     13,     60,     36,     56,     39,     25,     37,    269,    202,    10.7,    33.3,    19.0,    41.5,     8.8,    29.9,    16.7,    35.5,    21.1,    40.8,    33.0,    50.4,    18.6,    40.1,    30.5,    47.8,    11.1,    34.4,    20.2,    43.8,    10.0,    32.1,    18.7,    38.2,(CONTRACTS OF 100 TONS),026603,CBT ,026 ,A30,FutOnly
COTTON NO. 2 - ICE FUTURES U.S.,260804,2026-08-04,033661,ICUS,01,033 ,  331500,   42898,  183691,   60532,   24865,   14862,   75953,   20632,   36456,   58462,   17407,   26047,  315210,  323960,   16290,    7540,  307235,   31823,  169968,   61825,   20702,   11861,   71429,   21213,   35547,   57530,   18722,   21825,  291840,  299838,   15395,    7397,   24265,   11075,   13723,    1708,    7164,       0,    5433,     328,       0,    5080,    2833,      74,   23370,   24122,     895,     143,    7723,    -942,    8675,    4883,      25,   -2389,    6111,   -2842,    3210,   -4736,    1372,     467,    6604,    8518,    1119,    -795,  100.0,   12.9,   55.4,   18.3,    7.5,    4.5,   22.9,    6.2,   11.0,   17.6,    5.3,    7.9,   95.1,   97.7,    4.9,    2.3,  100.0,   10.4,   55.3,   20.1,    6.7,    3.9,   23.2,    6.9,   11.6,   18.7,    6.1,    7.1,   95.0,   97.6,    5.0,    2.4,  100.0,   45.6,   56.6,    7.0,   29.5,    0.0,   22.4,    1.4,    0.0,   20.9,   11.7,    0.3,   96.3,   99.4,    3.7,    0.6,    358,     46,     52,     27,     13,     13,     91,     35,     61,     91,     32,     39,    295,    209,    357,     40,     51,     27,     12,     13,     90,     38,     59,     89,     35,     38,    289,    204,     90,     16,     21,      6,     13,      0,     10,      4,      0,     13,     11,      6,     49,     52,     8.3,    29.8,    15.1,    40.6,     7.0,    27.1,    12.5,    36.4,     8.1,    30.7,    14.5,    40.9,     7.6,    28.8,    13.3,    38.5,    52.8,    41.7,    68.1,    62.8,    52.7,    41.6,    68.0,    62.8,"(CONTRACTS OF 50,000 POUNDS)",033661,ICUS,033 ,A40,FutOnly
HENRY HUB - NEW YORK MERCANTILE EXCHANGE,260804,2026-08-04,03565B,NYME,01,023 ,  390344,   30125,   13196,   21778,  292374,   45927,       0,    6352,       0,  277814,   16973,    1965,  377609,  376787,   12735,   13557,  390344,   30125,   13196,   21778,  292374,   45927,       0,    6352,       0,  277814,   16973,    1965,  377609,  376787,   12735,   13557,       0,       0,       0,       0,       0,       0,       0,       0,       0,       0,       0,       0,       0,       0,       0,       0,  -11191,   -1899,    -900,     194,   -4397,   -2652,       0,    -388,       0,   -5826,   -1353,       0,  -10183,   -9690,   -1008,   -1501,  100.0,    7.7,    3.4,    5.6,   74.9,   11.8,    0.0,    1.6,    0.0,   71.2,    4.3,    0.5,   96.7,   96.5,    3.3,    3.5,  100.0,    7.7,    3.4,    5.6,   74.9,   11.8,    0.0,    1.6,    0.0,   71.2,    4.3,    0.5,   96.7,   96.5,    3.3,    3.5,  100.0,    0.0,    0.0,    0.0,    0.0,    0.0,    0.0,    0.0,    0.0,    0.0,    0.0,    0.0,    0.0,    0.0,    0.0,    0.0,     34,      5,      5,.,     12,     12,      0,.,      0,      6,.,.,     25,     25,     34,      5,      5,.,     12,     12,      0,.,      0,      6,.,.,     25,     25,      0,      0,      0,      0,      0,      0,      0,      0,      0,      0,      0,      0,      0,      0,    70.0,    60.8,    83.2,    83.7,    69.4,    58.0,    80.0,    77.0,    70.0,    60.8,    83.2,    83.7,    69.4,    58.0,    80.0,    77.0,     0.0,     0.0,     0.0,     0.0,     0.0,     0.0,     0.0,     0.0,"(Contracts of 2,500  MMBTU'S)",03565B,NYME,023 ,N13,FutOnly
HENRY HUB PENULTIMATE NAT GAS - NEW YORK MERCANTILE EXCHANGE,260804,2026-08-04,03565C,NYME,01,023 ,  106529,   11073,   15008,   21730,   19421,   30915,    5990,    7921,    4908,    7101,    8985,   12449,   94166,   99607,   12363,    6922,  106529,   11073,   15008,   21730,   19421,   30915,    5990,    7921,    4908,    7101,    8985,   12449,   94166,   99607,   12363,    6922,       0,       0,       0,       0,       0,       0,       0,       0,       0,       0,       0,       0,       0,       0,       0,       0,  -10688,   -2842,     -85,   -1208,    3013,   -5039,    -854,   -1781,    -449,     799,   -5639,   -1215,  -10808,  -11195,     120,     507,  100.0,   10.4,   14.1,   20.4,   18.2,   29.0,    5.6,    7.4,    4.6,    6.7,    8.4,   11.7,   88.4,   93.5,   11.6,    6.5,  100.0,   10.4,   14.1,   20.4,   18.2,   29.0,    5.6,    7.4,    4.6,    6.7,    8.4,   11.7,   88.4,   93.5,   11.6,    6.5,  100.0,    0.0,    0.0,    0.0,    0.0,    0.0,    0.0,    0.0,    0.0,    0.0,    0.0,    0.0,    0.0,    0.0,    0.0,    0.0,     42,      6,      6,      6,      6,     11,.,      4,      5,      9,      6,     12,     39,     35,     42,      6,      6,      6,      6,     11,.,      4,      5,      9,      6,     12,     39,     35,      0,      0,      0,      0,      0,      0,      0,      0,      0,      0,      0,      0,      0,      0,    33.8,    35.8,    50.6,    61.8,    20.9,    25.0,    28.4,    35.7,    33.8,    35.8,    50.6,    61.8,    20.9,    25.0,    28.4,    35.7,     0.0,     0.0,     0.0,     0.0,     0.0,     0.0,     0.0,     0.0,"(Contracts of 2,500  MMBTU'S)",03565C,NYME,023 ,N13,FutOnly
USD Malaysian Crude Palm Oil C - CHICAGO MERCANTILE EXCHANGE,260804,2026-08-04,037021,CME ,00,037 ,   45688,   40176,   33319,     700,    4964,    2852,     120,    3595,       0,    1140,     298,     660,   45648,   45688,      40,       0,   45688,   40176,   33319,     700,    4964,    2852,     120,    3595,       0,    1140,     298,     660,   45648,   45688,      40,       0,       0,       0,       0,       0,       0,       0,       0,       0,       0,       0,       0,       0,       0,       0,       0,       0,   -5826,   -5520,   -4727,    -260,    -353,      74,       0,    -740,       0,     -80,     -40,     -30,   -5816,   -5816,     -10,     -10,  100.0,   87.9,   72.9,    1.5,   10.9,    6.2,    0.3,    7.9,    0.0,    2.5,    0.7,    1.4,   99.9,  100.0,    0.1,    0.0,  100.0,   87.9,   72.9,    1.5,   10.9,    6.2,    0.3,    7.9,    0.0,    2.5,    0.7,    1.4,   99.9,  100.0,    0.1,    0.0,  100.0,    0.0,    0.0,    0.0,    0.0,    0.0,    0.0,    0.0,    0.0,    0.0,    0.0,    0.0,    0.0,    0.0,    0.0,    0.0,     28,      9,     10,.,      5,      5,.,.,      0,.,.,.,     21,     21,     28,      9,     10,.,      5,      5,.,.,      0,.,.,.,     21,     21,      0,      0,      0,      0,      0,      0,      0,      0,      0,      0,      0,      0,      0,      0,    81.3,    63.1,    91.1,    88.6,    41.7,    38.3,    45.8,    44.6,    81.3,    63.1,    91.1,    88.6,    41.7,    38.3,    45.8,    44.6,     0.0,     0.0,     0.0,     0.0,     0.0,     0.0,     0.0,     0.0,(CONTRACTS OF 25 METRIC TONS),037021,CME ,037 ,A30,FutOnly
ROUGH RICE - CHICAGO BOARD OF TRADE,260804,2026-08-04,039601,CBT ,00,039 ,   13513,    4746,    7755,     411,       0,       0,    2801,    2450,      91,    1611,    1403,     831,   10491,   12530,    3022,     983,   13513,    4746,    7755,     411,       0,       0,    2801,    2450,      91,    1611,    1403,     831,   10491,   12530,    3022,     983,       0,       0,       0,       0,       0,       0,       0,       0,       0,       0,       0,       0,       0,       0,       0,       0,     157,     411,     193,      -6,       0,       0,      47,      50,      -3,    -100,      46,      -1,     348,     285,    -191,    -128,  100.0,   35.1,   57.4,    3.0,    0.0,    0.0,   20.7,   18.1,    0.7,   11.9,   10.4,    6.1,   77.6,   92.7,   22.4,    7.3,  100.0,   35.1,   57.4,    3.0,    0.0,    0.0,   20.7,   18.1,    0.7,   11.9,   10.4,    6.1,   77.6,   92.7,   22.4,    7.3,  100.0,    0.0,    0.0,    0.0,    0.0,    0.0,    0.0,    0.0,    0.0,    0.0,    0.0,    0.0,    0.0,    0.0,    0.0,    0.0,     72,     18,     18,.,      0,      0,     12,      7,.,     13,      7,      6,     49,     37,     72,     18,     18,.,      0,      0,     12,      7,.,     13,      7,      6,     49,     37,      0,      0,      0,      0,      0,      0,      0,      0,      0,      0,      0,      0,      0,      0,    25.8,    40.2,    37.8,    59.1,    24.8,    40.2,    35.6,    56.9,    25.8,    40.2,    37.8,    59.1,    24.8,    40.2,    35.6,    56.9,     0.0,     0.0,     0.0,     0.0,     0.0,     0.0,     0.0,     0.0,"(CONTRACTS OF 200,000 POUNDS)",039601,CBT ,039 ,A10,FutOnly
FRZN CONCENTRATED ORANGE JUICE - ICE FUTURES U.S.,260804,2026-08-04,040701,ICUS,01,040 ,    9794,    1656,    3267,     801,      46,      92,    2379,    3515,     251,    2390,     169,     438,    8007,    7778,    1787,    2016,    8973,    1094,    2628,     801,     116,      22,    2400,    3515,     230,    2373,     169,     375,    7295,    7055,    1678,    1918,     821,     562,     639,      70,       0,       0,       0,      21,       0,      80,      63,       0,     712,     723,     109,      98,    -127,     -47,     528,      -1,     -93,      14,     200,    -244,       3,      64,    -303,     -76,     157,    -171,    -284,      44,  100.0,   16.9,   33.4,    8.2,    0.5,    0.9,   24.3,   35.9,    2.6,   24.4,    1.7,    4.5,   81.8,   79.4,   18.2,   20.6,  100.0,   12.2,   29.3,    8.9,    1.3,    0.2,   26.7,   39.2,    2.6,   26.4,    1.9,    4.2,   81.3,   78.6,   18.7,   21.4,  100.0,   68.5,   77.8,    8.5,    0.0,    0.0,    0.0,    2.6,    0.0,    9.7,    7.7,    0.0,   86.7,   88.1,   13.3,   11.9,     52,      9,      5,.,.,.,      8,     11,.,     13,.,      4,     37,     26,     52,      9,      5,.,.,.,      9,     11,.,     13,.,.,     37,     24,     14,      7,.,.,      0,      0,      0,.,      0,.,.,      0,     10,      6,    25.6,    42.0,    42.3,    56.7,    25.6,    41.9,    41.3,    56.4,    27.8,    39.5,    44.6,    55.4,    27.8,    39.4,    43.3,    55.2,    64.9,    85.5,    85.6,    88.1,    61.6,    78.7,    78.1,    79.8,"(CONTRACTS OF 15,000 POUNDS)",040701,ICUS,040 ,A50,FutOnly
BUTTER (CASH SETTLED) - CHICAGO MERCANTILE EXCHANGE,260804,2026-08-04,050642,CME ,00,050 ,   19377,   10906,   10208,    5077,     966,    1693,       0,     299,     219,     178,    5103,     639,   18712,   19127,     665,     250,   19377,   10906,   10208,    5077,     966,    1693,       0,     299,     219,     178,    5103,     639,   18712,   19127,     665,     250,       0,       0,       0,       0,       0,       0,       0,       0,       0,       0,       0,       0,       0,       0,       0,       0,     650,     265,     129,     252,     -20,      14,       0,       5,      36,     -48,     333,     120,     639,     617,      11,      33,  100.0,   56.3,   52.7,   26.2,    5.0,    8.7,    0.0,    1.5,    1.1,    0.9,   26.3,    3.3,   96.6,   98.7,    3.4,    1.3,  100.0,   56.3,   52.7,   26.2,    5.0,    8.7,    0.0,    1.5,    1.1,    0.9,   26.3,    3.3,   96.6,   98.7,    3.4,    1.3,  100.0,    0.0,    0.0,    0.0,    0.0,    0.0,    0.0,    0.0,    0.0,    0.0,    0.0,    0.0,    0.0,    0.0,    0.0,    0.0,     60,     34,     23,      6,.,      5,      0,.,.,.,      7,      6,     49,     39,     60,     34,     23,      6,.,      5,      0,.,.,.,      7,      6,     49,     39,      0,      0,      0,      0,      0,      0,      0,      0,      0,      0,      0,      0,      0,      0,    38.6,    35.4,    53.5,    59.0,    33.2,    33.9,    45.5,    52.1,    38.6,    35.4,    53.5,    59.0,    33.2,    33.9,    45.5,    52.1,     0.0,     0.0,     0.0,     0.0,     0.0,     0.0,     0.0,     0.0,"(CONTRACTS OF 20,000 POUNDS)",050642,CME ,050 ,A25,FutOnly
"MILK, Class III - CHICAGO MERCANTILE EXCHANGE",260804,2026-08-04,052641,CME ,00,052 ,   33650,   14216,   12033,   11096,    2031,    1070,     100,    4726,     539,    3025,    7629,    1344,   31390,   29372,    2260,    4278,   33650,   14216,   12033,   11096,    2031,    1070,     100,    4726,     539,    3025,    7629,    1344,   31390,   29372,    2260,    4278,       0,       0,       0,       0,       0,       0,       0,       0,       0,       0,       0,       0,       0,       0,       0,       0,     931,     722,      42,     -20,    -384,     327,     -44,     858,      95,    -159,     245,     -24,     897,    1159,      34,    -228,  100.0,   42.2,   35.8,   33.0,    6.0,    3.2,    0.3,   14.0,    1.6,    9.0,   22.7,    4.0,   93.3,   87.3,    6.7,   12.7,  100.0,   42.2,   35.8,   33.0,    6.0,    3.2,    0.3,   14.0,    1.6,    9.0,   22.7,    4.0,   93.3,   87.3,    6.7,   12.7,  100.0,    0.0,    0.0,    0.0,    0.0,    0.0,    0.0,    0.0,    0.0,    0.0,    0.0,    0.0,    0.0,    0.0,    0.0,    0.0,     92,     31,     25,      5,.,.,.,     14,.,      8,     19,     12,     59,     63,     92,     31,     25,      5,.,.,.,     14,.,      8,     19,     12,     59,     63,      0,      0,      0,      0,      0,      0,      0,      0,      0,      0,      0,      0,      0,      0,    46.4,    25.4,    62.3,    42.2,    46.4,    23.4,    62.3,    38.1,    46.4,    25.4,    62.3,    42.2,    46.4,    23.4,    62.3,    38.1,     0.0,     0.0,     0.0,     0.0,     0.0,     0.0,     0.0,     0.0,"(CONTRACTS OF 200,000 POUNDS)",052641,CME ,052 ,A25,FutOnly
NON FAT DRY MILK - CHICAGO MERCANTILE EXCHANGE,260804,2026-08-04,052642,CME ,00,052 ,   12616,    8874,    4926,    1878,     792,     476,       0,     543,     252,     213,    5268,      99,   11792,   12356,     824,     260,   12616,    8874,    4926,    1878,     792,     476,       0,     543,     252,     213,    5268,      99,   11792,   12356,     824,     260,       0,       0,       0,       0,       0,       0,       0,       0,       0,       0,       0,       0,       0,       0,       0,       0,     278,     193,     -51,      52,       5,       0,       0,      75,     -24,      18,     184,       7,     246,     196,      32,      82,  100.0,   70.3,   39.0,   14.9,    6.3,    3.8,    0.0,    4.3,    2.0,    1.7,   41.8,    0.8,   93.5,   97.9,    6.5,    2.1,  100.0,   70.3,   39.0,   14.9,    6.3,    3.8,    0.0,    4.3,    2.0,    1.7,   41.8,    0.8,   93.5,   97.9,    6.5,    2.1,  100.0,    0.0,    0.0,    0.0,    0.0,    0.0,    0.0,    0.0,    0.0,    0.0,    0.0,    0.0,    0.0,    0.0,    0.0,    0.0,     53,     33,     19,      5,.,      5,      0,.,.,.,      7,      4,     46,     33,     53,     33,     19,      5,.,      5,      0,.,.,.,      7,      4,     46,     33,      0,      0,      0,      0,      0,      0,      0,      0,      0,      0,      0,      0,      0,      0,    30.5,    37.8,    48.8,    59.7,    30.5,    37.6,    46.1,    57.3,    30.5,    37.8,    48.8,    59.7,    30.5,    37.6,    46.1,    57.3,     0.0,     0.0,     0.0,     0.0,     0.0,     0.0,     0.0,     0.0,"(CONTRACTS OF 44,000 LBS.)",052642,CME ,052 ,A25,FutOnly
CME MILK IV - CHICAGO MERCANTILE EXCHANGE,260804,2026-08-04,052644,CME ,00,052 ,   11008,    4168,    6500,    2347,    1237,      43,       0,      90,      66,    3802,    2077,     388,   10814,   10401,     194,     607,   11008,    4168,    6500,    2347,    1237,      43,       0,      90,      66,    3802,    2077,     388,   10814,   10401,     194,     607,       0,       0,       0,       0,       0,       0,       0,       0,       0,       0,       0,       0,       0,       0,       0,       0,     126,      21,      27,       8,     161,      20,       0,       1,       2,     155,     -47,     -80,     126,      84,       0,      42,  100.0,   37.9,   59.0,   21.3,   11.2,    0.4,    0.0,    0.8,    0.6,   34.5,   18.9,    3.5,   98.2,   94.5,    1.8,    5.5,  100.0,   37.9,   59.0,   21.3,   11.2,    0.4,    0.0,    0.8,    0.6,   34.5,   18.9,    3.5,   98.2,   94.5,    1.8,    5.5,  100.0,    0.0,    0.0,    0.0,    0.0,    0.0,    0.0,    0.0,    0.0,    0.0,    0.0,    0.0,    0.0,    0.0,    0.0,    0.0,     42,      6,     23,.,.,.,      0,.,.,      4,      5,      5,     16,     35,     42,      6,     23,.,.,.,      0,.,.,      4,      5,      5,     16,     35,      0,      0,      0,      0,      0,      0,      0,      0,      0,      0,      0,      0,      0,      0,    80.6,    51.9,    93.4,    72.8,    80.6,    51.4,    90.1,    71.0,    80.6,    51.9,    93.4,    72.8,    80.6,    51.4,    90.1,    71.0,     0.0,     0.0,     0.0,     0.0,     0.0,     0.0,     0.0,     0.0,"(CONTRACTS OF 200,000 POUNDS)",052644,CME ,052 ,A25,FutOnly
DRY WHEY - CHICAGO MERCANTILE EXCHANGE,260804,2026-08-04,052645,CME ,00,063 ,    4031,    2562,     782,     850,    1104,       0,       0,     159,      10,       0,    1568,      17,    3439,    3640,     592,     391,    4031,    2562,     782,     850,    1104,       0,       0,     159,      10,       0,    1568,      17,    3439,    3640,     592,     391,       0,       0,       0,       0,       0,       0,       0,       0,       0,       0,       0,       0,       0,       0,       0,       0,     -48,     -60,      39,       9,       0,       0,       0,     -11,       0,       0,     -90,       1,     -50,     -61,       2,      13,  100.0,   63.6,   19.4,   21.1,   27.4,    0.0,    0.0,    3.9,    0.2,    0.0,   38.9,    0.4,   85.3,   90.3,   14.7,    9.7,  100.0,   63.6,   19.4,   21.1,   27.4,    0.0,    0.0,    3.9,    0.2,    0.0,   38.9,    0.4,   85.3,   90.3,   14.7,    9.7,  100.0,    0.0,    0.0,    0.0,    0.0,    0.0,    0.0,    0.0,    0.0,    0.0,    0.0,    0.0,    0.0,    0.0,    0.0,    0.0,     20,     10,      5,.,.,      0,      0,.,.,      0,      5,.,     15,     12,     20,     10,      5,.,.,      0,      0,.,.,      0,      5,.,     15,     12,      0,      0,      0,      0,      0,      0,      0,      0,      0,      0,      0,      0,      0,      0,    61.0,    59.9,    78.8,    79.8,    61.0,    59.8,    74.8,    78.0,    61.0,    59.9,    78.8,    79.8,    61.0,    59.8,    74.8,    78.0,     0.0,     0.0,     0.0,     0.0,     0.0,     0.0,     0.0,     0.0,"(CONTRACTS OF 44,000 LBS.)",052645,CME ,063 ,A25,FutOnly
LEAN HOGS - CHICAGO MERCANTILE EXCHANGE,260804,2026-08-04,054642,CME ,00,054 ,  261932,   35779,   56033,   75013,    3505,    2679,   56343,   75522,   46949,   13565,   43283,   14646,  244974,  242617,   16958,   19315,  139729,   19308,   21519,   36824,    2529,     760,   48650,   74011,    7749,   13673,   18678,    4088,  131052,  129334,    8677,   10395,  122203,   16471,   34514,   38758,    1545,    1350,   37906,   31724,    8987,    6247,   30960,    4203,  113922,  113283,    8281,    8920,   -6443,    -507,   -5796,    1955,    -898,    -158,    3859,    3920,   -2313,   -4851,    1555,   -2005,   -4020,   -5695,   -2423,    -748,  100.0,   13.7,   21.4,   28.6,    1.3,    1.0,   21.5,   28.8,   17.9,    5.2,   16.5,    5.6,   93.5,   92.6,    6.5,    7.4,  100.0,   13.8,   15.4,   26.4,    1.8,    0.5,   34.8,   53.0,    5.5,    9.8,   13.4,    2.9,   93.8,   92.6,    6.2,    7.4,  100.0,   13.5,   28.2,   31.7,    1.3,    1.1,   31.0,   26.0,    7.4,    5.1,   25.3,    3.4,   93.2,   92.7,    6.8,    7.3,    322,     58,     68,     17,      5,     11,     46,     71,     55,     34,     40,     45,    227,    240,    297,     42,     51,     15,      8,      6,     47,     69,     28,     34,     44,     26,    176,    195,    225,     38,     61,     17,      4,      7,     43,     26,     31,     23,     28,     29,    148,    166,    17.5,    15.1,    27.7,    25.8,    17.2,    14.6,    26.4,    24.2,    21.3,    16.4,    33.0,    29.1,    21.3,    16.4,    33.0,    29.1,    17.4,    21.3,    31.7,    33.1,    17.0,    21.1,    30.9,    33.0,"(CONTRACTS OF 40,000 POUNDS)",054642,CME ,054 ,A20,FutOnly
LIVE CATTLE - CHICAGO MERCANTILE EXCHANGE,260804,2026-08-04,057642,CME ,00,057 ,  291760,   42526,  139435,   68414,    7244,    1948,   83238,   18272,   42910,   14401,   35779,   12711,  266148,  258299,   25612,   33461,  291760,   42526,  139435,   68414,    7244,    1948,   83238,   18272,   42910,   14401,   35779,   12711,  266148,  258299,   25612,   33461,       0,       0,       0,       0,       0,       0,       0,       0,       0,       0,       0,       0,       0,       0,       0,       0,   -6689,    1065,   -1011,    -208,     218,    -216,   -1669,     390,   -3290,     502,    -822,   -2871,   -6687,   -7602,      -2,     913,  100.0,   14.6,   47.8,   23.4,    2.5,    0.7,   28.5,    6.3,   14.7,    4.9,   12.3,    4.4,   91.2,   88.5,    8.8,   11.5,  100.0,   14.6,   47.8,   23.4,    2.5,    0.7,   28.5,    6.3,   14.7,    4.9,   12.3,    4.4,   91.2,   88.5,    8.8,   11.5,  100.0,    0.0,    0.0,    0.0,    0.0,    0.0,    0.0,    0.0,    0.0,    0.0,    0.0,    0.0,    0.0,    0.0,    0.0,    0.0,    381,     90,    146,     16,      6,      8,     72,     31,     59,     40,     34,     48,    281,    293,    381,     90,    146,     16,      6,      8,     72,     31,     59,     40,     34,     48,    281,    293,      0,      0,      0,      0,      0,      0,      0,      0,      0,      0,      0,      0,      0,      0,    14.9,    15.2,    23.7,    25.6,    14.1,    14.0,    22.1,    23.6,    14.9,    15.2,    23.7,    25.6,    14.1,    14.0,    22.1,    23.6,     0.0,     0.0,     0.0,     0.0,     0.0,     0.0,     0.0,     0.0,"(CONTRACTS OF 40,000 POUNDS)",057642,CME ,057 ,A20,FutOnly
LUMBER - CHICAGO MERCANTILE EXCHANGE,260804,2026-08-04,058644,CME ,00,058 ,    7423,    3647,    2696,     587,    1006,       0,     981,    1575,       0,    1225,    1499,      99,    6539,    6875,     884,     548,    7423,    3647,    2696,     587,    1006,       0,     981,    1575,       0,    1225,    1499,      99,    6539,    6875,     884,     548,       0,       0,       0,       0,       0,       0,       0,       0,       0,       0,       0,       0,       0,       0,       0,       0,    -780,    1396,   -1790,       0,     -14,       0,   -1898,     650,     -13,    -267,     308,      35,    -747,    -824,     -33,      44,  100.0,   49.1,   36.3,    7.9,   13.6,    0.0,   13.2,   21.2,    0.0,   16.5,   20.2,    1.3,   88.1,   92.6,   11.9,    7.4,  100.0,   49.1,   36.3,    7.9,   13.6,    0.0,   13.2,   21.2,    0.0,   16.5,   20.2,    1.3,   88.1,   92.6,   11.9,    7.4,  100.0,    0.0,    0.0,    0.0,    0.0,    0.0,    0.0,    0.0,    0.0,    0.0,    0.0,    0.0,    0.0,    0.0,    0.0,    0.0,     75,     19,     20,.,.,      0,     10,     11,      0,     10,     12,      4,     42,     49,     75,     19,     20,.,.,      0,     10,     11,      0,     10,     12,      4,     42,     49,      0,      0,      0,      0,      0,      0,      0,      0,      0,      0,      0,      0,      0,      0,    34.8,    38.3,    53.0,    55.8,    33.8,    37.3,    50.7,    54.4,    34.8,    38.3,    53.0,    55.8,    33.8,    37.3,    50.7,    54.4,     0.0,     0.0,     0.0,     0.0,     0.0,     0.0,     0.0,     0.0,"(CONTRACTS OF 27,500 BOARD FEET)",058644,CME ,058 ,N30,FutOnly
FEEDER CATTLE - CHICAGO MERCANTILE EXCHANGE,260804,2026-08-04,061641,CME ,00,061 ,   65728,    7329,   11643,    7833,    1063,    2476,   17934,    7534,    9463,    2260,   13683,    7810,   55105,   53672,   10623,   12056,   65728,    7329,   11643,    7833,    1063,    2476,   17934,    7534,    9463,    2260,   13683,    7810,   55105,   53672,   10623,   12056,       0,       0,       0,       0,       0,       0,       0,       0,       0,       0,       0,       0,       0,       0,       0,       0,    -641,    -204,    -252,    -295,       4,     460,     781,    -632,    -129,    -265,    1164,   -1832,   -1484,   -1217,     843,     576,  100.0,   11.2,   17.7,   11.9,    1.6,    3.8,   27.3,   11.5,   14.4,    3.4,   20.8,   11.9,   83.8,   81.7,   16.2,   18.3,  100.0,   11.2,   17.7,   11.9,    1.6,    3.8,   27.3,   11.5,   14.4,    3.4,   20.8,   11.9,   83.8,   81.7,   16.2,   18.3,  100.0,    0.0,    0.0,    0.0,    0.0,    0.0,    0.0,    0.0,    0.0,    0.0,    0.0,    0.0,    0.0,    0.0,    0.0,    0.0,    252,     55,     66,     12,      6,     10,     47,     16,     28,     32,     37,     42,    184,    179,    252,     55,     66,     12,      6,     10,     47,     16,     28,     32,     37,     42,    184,    179,      0,      0,      0,      0,      0,      0,      0,      0,      0,      0,      0,      0,      0,      0,    13.3,    18.5,    23.2,    27.6,     9.6,    15.6,    17.3,    22.7,    13.3,    18.5,    23.2,    27.6,     9.6,    15.6,    17.3,    22.7,     0.0,     0.0,     0.0,     0.0,     0.0,     0.0,     0.0,     0.0,"(CONTRACTS OF 50,000 POUNDS)",061641,CME ,061 ,A20,FutOnly
CHEESE (CASH-SETTLED) - CHICAGO MERCANTILE EXCHANGE,260804,2026-08-04,063642,CME ,00,063 ,   33400,   17583,   16889,   10871,    2897,    1238,     736,    2538,     909,      35,    7556,     949,   32321,   32976,    1079,     424,   33400,   17583,   16889,   10871,    2897,    1238,     736,    2538,     909,      35,    7556,     949,   32321,   32976,    1079,     424,       0,       0,       0,       0,       0,       0,       0,       0,       0,       0,       0,       0,       0,       0,       0,       0,    2419,     775,    1922,    1331,    -202,     156,     345,     305,    -167,    -140,     377,      99,    2399,    2490,      20,     -71,  100.0,   52.6,   50.6,   32.5,    8.7,    3.7,    2.2,    7.6,    2.7,    0.1,   22.6,    2.8,   96.8,   98.7,    3.2,    1.3,  100.0,   52.6,   50.6,   32.5,    8.7,    3.7,    2.2,    7.6,    2.7,    0.1,   22.6,    2.8,   96.8,   98.7,    3.2,    1.3,  100.0,    0.0,    0.0,    0.0,    0.0,    0.0,    0.0,    0.0,    0.0,    0.0,    0.0,    0.0,    0.0,    0.0,    0.0,    0.0,     80,     29,     28,.,.,.,      4,     12,.,.,     16,     10,     47,     63,     80,     29,     28,.,.,.,      4,     12,.,.,     16,     10,     47,     63,      0,      0,      0,      0,      0,      0,      0,      0,      0,      0,      0,      0,      0,      0,    50.2,    30.9,    69.5,    50.3,    49.6,    25.9,    67.6,    44.6,    50.2,    30.9,    69.5,    50.3,    49.6,    25.9,    67.6,    44.6,     0.0,     0.0,     0.0,     0.0,     0.0,     0.0,     0.0,     0.0,"(CONTRACTS OF 20,000 POUNDS)",063642,CME ,063 ,A25,FutOnly
MID-C DAY-AHEAD PEAK - ICE FUTURES ENERGY DIV,260804,2026-08-04,064391,IFED,01,064 ,   44007,   26487,   30908,    6935,     190,    2442,    1821,    5895,    1512,    1937,     662,    2267,   43401,   43876,     606,     131,   44007,   26487,   30908,    6935,     190,    2442,    1821,    5895,    1512,    1937,     662,    2267,   43401,   43876,     606,     131,       0,       0,       0,       0,       0,       0,       0,       0,       0,       0,       0,       0,       0,       0,       0,       0,   -4065,   -1730,   -1628,    -460,      15,    -325,   -1279,   -1345,     -70,    -213,    -572,      16,   -4061,   -3909,      -4,    -156,  100.0,   60.2,   70.2,   15.8,    0.4,    5.5,    4.1,   13.4,    3.4,    4.4,    1.5,    5.2,   98.6,   99.7,    1.4,    0.3,  100.0,   60.2,   70.2,   15.8,    0.4,    5.5,    4.1,   13.4,    3.4,    4.4,    1.5,    5.2,   98.6,   99.7,    1.4,    0.3,  100.0,    0.0,    0.0,    0.0,    0.0,    0.0,    0.0,    0.0,    0.0,    0.0,    0.0,    0.0,    0.0,    0.0,    0.0,    0.0,     59,     24,     25,      5,.,.,.,     10,      4,      6,      4,      6,     43,     49,     59,     24,     25,      5,.,.,.,     10,      4,      6,      4,      6,     43,     49,      0,      0,      0,      0,      0,      0,      0,      0,      0,      0,      0,      0,      0,      0,    38.6,    44.3,    59.6,    67.7,    34.3,    43.2,    46.8,    61.2,    38.6,    44.3,    59.6,    67.7,    34.3,    43.2,    46.8,    61.2,     0.0,     0.0,     0.0,     0.0,     0.0,     0.0,     0.0,     0.0,(Contracts of about 400 MWh),064391,IFED,064 ,N16,FutOnly
MID-C DAY-AHEAD OFF-PEAK - ICE FUTURES ENERGY DIV,260804,2026-08-04,064392,IFED,01,064 ,   29374,   16947,   19385,    4487,     135,    2096,     767,    3660,     476,    2904,    2427,     920,   28597,   29099,     777,     275,   29374,   16947,   19385,    4487,     135,    2096,     767,    3660,     476,    2904,    2427,     920,   28597,   29099,     777,     275,       0,       0,       0,       0,       0,       0,       0,       0,       0,       0,       0,       0,       0,       0,       0,       0,   -2519,   -1208,    -676,     281,     -20,    -278,    -295,   -1206,    -160,    -495,     145,    -327,   -2482,   -2522,     -37,       3,  100.0,   57.7,   66.0,   15.3,    0.5,    7.1,    2.6,   12.5,    1.6,    9.9,    8.3,    3.1,   97.4,   99.1,    2.6,    0.9,  100.0,   57.7,   66.0,   15.3,    0.5,    7.1,    2.6,   12.5,    1.6,    9.9,    8.3,    3.1,   97.4,   99.1,    2.6,    0.9,  100.0,    0.0,    0.0,    0.0,    0.0,    0.0,    0.0,    0.0,    0.0,    0.0,    0.0,    0.0,    0.0,    0.0,    0.0,    0.0,     42,     21,     21,      4,.,.,.,      4,.,      4,      4,.,     33,     36,     42,     21,     21,      4,.,.,.,      4,.,      4,      4,.,     33,     36,      0,      0,      0,      0,      0,      0,      0,      0,      0,      0,      0,      0,      0,      0,    44.6,    42.9,    61.1,    70.8,    33.9,    38.6,    45.0,    55.2,    44.6,    42.9,    61.1,    70.8,    33.9,    38.6,    45.0,    55.2,     0.0,     0.0,     0.0,     0.0,     0.0,     0.0,     0.0,     0.0,(Contracts of about 352 MWh),064392,IFED,064 ,N16,FutOnly
PJM WESTERN HUB RT OFF - ICE FUTURES ENERGY DIV,260804,2026-08-04,064394,IFED,01,064 ,  269063,  111327,  159268,    3944,   48851,   13293,   97692,    5415,   14040,    7902,   12082,   15554,  263752,  268503,    5311,     560,  269063,  111327,  159268,    3944,   48851,   13293,   97692,    5415,   14040,    7902,   12082,   15554,  263752,  268503,    5311,     560,       0,       0,       0,       0,       0,       0,       0,       0,       0,       0,       0,       0,       0,       0,       0,       0,    -476,   -5236,    -880,     -55,     -70,     845,     225,       0,    -299,     375,     325,    -350,   -4495,    -429,    4019,     -47,  100.0,   41.4,   59.2,    1.5,   18.2,    4.9,   36.3,    2.0,    5.2,    2.9,    4.5,    5.8,   98.0,   99.8,    2.0,    0.2,  100.0,   41.4,   59.2,    1.5,   18.2,    4.9,   36.3,    2.0,    5.2,    2.9,    4.5,    5.8,   98.0,   99.8,    2.0,    0.2,  100.0,    0.0,    0.0,    0.0,    0.0,    0.0,    0.0,    0.0,    0.0,    0.0,    0.0,    0.0,    0.0,    0.0,    0.0,    0.0,     81,     33,     28,.,      6,      7,     19,.,      9,     10,      6,     10,     75,     58,     81,     33,     28,.,      6,      7,     19,.,      9,     10,      6,     10,     75,     58,      0,      0,      0,      0,      0,      0,      0,      0,      0,      0,      0,      0,      0,      0,    40.4,    40.5,    53.4,    60.0,    36.1,    33.2,    44.8,    45.8,    40.4,    40.5,    53.4,    60.0,    36.1,    33.2,    44.8,    45.8,     0.0,     0.0,     0.0,     0.0,     0.0,     0.0,     0.0,     0.0,(Contracts of about 352 MWh),064394,IFED,064 ,N16,FutOnly
SP15 FIN DA PEAK FIXED - ICE FUTURES ENERGY DIV,260804,2026-08-04,064395,IFED,01,064 ,  112452,   78219,   52861,   11511,   16388,    3229,     854,   22134,    7785,    4812,    3927,    5866,  112276,  112190,     176,     262,  112452,   78219,   52861,   11511,   16388,    3229,     854,   22134,    7785,    4812,    3927,    5866,  112276,  112190,     176,     262,       0,       0,       0,       0,       0,       0,       0,       0,       0,       0,       0,       0,       0,       0,       0,       0,     477,     -93,    -804,    1479,    -212,    -111,     171,     -89,      82,   -3606,    -971,    2481,     403,     376,      74,     101,  100.0,   69.6,   47.0,   10.2,   14.6,    2.9,    0.8,   19.7,    6.9,    4.3,    3.5,    5.2,   99.8,   99.8,    0.2,    0.2,  100.0,   69.6,   47.0,   10.2,   14.6,    2.9,    0.8,   19.7,    6.9,    4.3,    3.5,    5.2,   99.8,   99.8,    0.2,    0.2,  100.0,    0.0,    0.0,    0.0,    0.0,    0.0,    0.0,    0.0,    0.0,    0.0,    0.0,    0.0,    0.0,    0.0,    0.0,    0.0,     76,     31,     27,      4,      4,      7,.,     15,      6,      9,      7,     11,     60,     62,     76,     31,     27,      4,      4,      7,.,     15,      6,      9,      7,     11,     60,     62,      0,      0,      0,      0,      0,      0,      0,      0,      0,      0,      0,      0,      0,      0,    46.8,    41.4,    73.9,    59.1,    45.0,    34.8,    62.4,    49.9,    46.8,    41.4,    73.9,    59.1,    45.0,    34.8,    62.4,    49.9,     0.0,     0.0,     0.0,     0.0,     0.0,     0.0,     0.0,     0.0,(Contracts of about 400 MWh),064395,IFED,064 ,N16,FutOnly
CAISO SP-15 DA OFF-PK FIXED - ICE FUTURES ENERGY DIV,260804,2026-08-04,064396,IFED,01,064 ,   86465,   57354,   37980,    4577,    9263,    6534,    7317,    9195,    5589,     445,   13385,    4344,   86160,   86290,     305,     175,   86465,   57354,   37980,    4577,    9263,    6534,    7317,    9195,    5589,     445,   13385,    4344,   86160,   86290,     305,     175,       0,       0,       0,       0,       0,       0,       0,       0,       0,       0,       0,       0,       0,       0,       0,       0,     862,     895,     987,     249,     270,    -338,      12,     163,      -1,     -55,    -310,     106,     868,     877,      -6,     -15,  100.0,   66.3,   43.9,    5.3,   10.7,    7.6,    8.5,   10.6,    6.5,    0.5,   15.5,    5.0,   99.6,   99.8,    0.4,    0.2,  100.0,   66.3,   43.9,    5.3,   10.7,    7.6,    8.5,   10.6,    6.5,    0.5,   15.5,    5.0,   99.6,   99.8,    0.4,    0.2,  100.0,    0.0,    0.0,    0.0,    0.0,    0.0,    0.0,    0.0,    0.0,    0.0,    0.0,    0.0,    0.0,    0.0,    0.0,    0.0,     45,     23,     18,      5,.,      5,.,.,.,.,      5,      6,     40,     33,     45,     23,     18,      5,.,      5,.,.,.,.,      5,      6,     40,     33,      0,      0,      0,      0,      0,      0,      0,      0,      0,      0,      0,      0,      0,      0,    47.0,    51.2,    70.5,    74.4,    41.2,    43.3,    56.7,    61.2,    47.0,    51.2,    70.5,    74.4,    41.2,    43.3,    56.7,    61.2,     0.0,     0.0,     0.0,     0.0,     0.0,     0.0,     0.0,     0.0,(Contracts of about 352 MWh),064396,IFED,064 ,N16,FutOnly
PJM AEP DAYTON RT OFF-PK FIXED - ICE FUTURES ENERGY DIV,260804,2026-08-04,06439A,IFED,01,064 ,   54803,   27489,   25719,     643,   11785,    2666,     241,    8876,    1808,   20156,    1655,     782,   53785,   53291,    1018,    1512,   54803,   27489,   25719,     643,   11785,    2666,     241,    8876,    1808,   20156,    1655,     782,   53785,   53291,    1018,    1512,       0,       0,       0,       0,       0,       0,       0,       0,       0,       0,       0,       0,       0,       0,       0,       0,    -235,    -737,   -1014,     -10,    -101,      90,    -216,       0,     190,    -126,     -16,      -8,    -817,    -859,     582,     624,  100.0,   50.2,   46.9,    1.2,   21.5,    4.9,    0.4,   16.2,    3.3,   36.8,    3.0,    1.4,   98.1,   97.2,    1.9,    2.8,  100.0,   50.2,   46.9,    1.2,   21.5,    4.9,    0.4,   16.2,    3.3,   36.8,    3.0,    1.4,   98.1,   97.2,    1.9,    2.8,  100.0,    0.0,    0.0,    0.0,    0.0,    0.0,    0.0,    0.0,    0.0,    0.0,    0.0,    0.0,    0.0,    0.0,    0.0,    0.0,     44,     23,     20,.,      6,      7,.,      4,.,      4,.,      5,     40,     38,     44,     23,     20,.,      6,      7,.,      4,.,      4,.,      5,     40,     38,      0,      0,      0,      0,      0,      0,      0,      0,      0,      0,      0,      0,      0,      0,    58.1,    41.9,    70.7,    58.7,    53.2,    38.0,    58.1,    50.5,    58.1,    41.9,    70.7,    58.7,    53.2,    38.0,    58.1,    50.5,     0.0,     0.0,     0.0,     0.0,     0.0,     0.0,     0.0,     0.0,(Contracts of about 352 MWh),06439A,IFED,064 ,N16,FutOnly
PJM AEP DAYTON RT PEAK FIXED - ICE FUTURES ENERGY DIV,260804,2026-08-04,06439B,IFED,01,064 ,   71530,   34556,   37039,    2113,   12043,    3723,    6050,   10068,    2999,   18361,    3311,    1449,   69251,   70632,    2279,     898,   71530,   34556,   37039,    2113,   12043,    3723,    6050,   10068,    2999,   18361,    3311,    1449,   69251,   70632,    2279,     898,       0,       0,       0,       0,       0,       0,       0,       0,       0,       0,       0,       0,       0,       0,       0,       0,     861,    -903,     348,     -28,    -223,     114,     249,      96,      63,     -80,      68,      53,    -532,     519,    1393,     342,  100.0,   48.3,   51.8,    3.0,   16.8,    5.2,    8.5,   14.1,    4.2,   25.7,    4.6,    2.0,   96.8,   98.7,    3.2,    1.3,  100.0,   48.3,   51.8,    3.0,   16.8,    5.2,    8.5,   14.1,    4.2,   25.7,    4.6,    2.0,   96.8,   98.7,    3.2,    1.3,  100.0,    0.0,    0.0,    0.0,    0.0,    0.0,    0.0,    0.0,    0.0,    0.0,    0.0,    0.0,    0.0,    0.0,    0.0,    0.0,     63,     26,     22,.,      4,      7,     11,      5,      6,      7,      6,      8,     58,     47,     63,     26,     22,.,      4,      7,     11,      5,      6,      7,      6,      8,     58,     47,      0,      0,      0,      0,      0,      0,      0,      0,      0,      0,      0,      0,      0,      0,    41.4,    40.3,    59.9,    56.8,    37.6,    37.4,    49.1,    48.3,    41.4,    40.3,    59.9,    56.8,    37.6,    37.4,    49.1,    48.3,     0.0,     0.0,     0.0,     0.0,     0.0,     0.0,     0.0,     0.0,(Contracts of 800 MWh),06439B,IFED,064 ,N16,FutOnly
PJM AEP DAYTON HUB DA OFF-PK  - ICE FUTURES ENERGY DIV,260804,2026-08-04,06439C,IFED,01,064 ,   55931,   26529,    9321,    2755,   28252,    1451,       0,    2704,     519,   21088,   11882,     822,   53164,   54951,    2767,     980,   55931,   26529,    9321,    2755,   28252,    1451,       0,    2704,     519,   21088,   11882,     822,   53164,   54951,    2767,     980,       0,       0,       0,       0,       0,       0,       0,       0,       0,       0,       0,       0,       0,       0,       0,       0,     -30,   -1160,    -448,      10,      15,       0,       0,       0,       0,       0,     -84,       0,   -1150,    -517,    1120,     487,  100.0,   47.4,   16.7,    4.9,   50.5,    2.6,    0.0,    4.8,    0.9,   37.7,   21.2,    1.5,   95.1,   98.2,    4.9,    1.8,  100.0,   47.4,   16.7,    4.9,   50.5,    2.6,    0.0,    4.8,    0.9,   37.7,   21.2,    1.5,   95.1,   98.2,    4.9,    1.8,  100.0,    0.0,    0.0,    0.0,    0.0,    0.0,    0.0,    0.0,    0.0,    0.0,    0.0,    0.0,    0.0,    0.0,    0.0,    0.0,     49,     24,     21,      4,      5,      7,      0,.,.,      6,      4,.,     39,     38,     49,     24,     21,      4,      5,      7,      0,.,.,      6,      4,.,     39,     38,      0,      0,      0,      0,      0,      0,      0,      0,      0,      0,      0,      0,      0,      0,    46.9,    68.4,    63.5,    80.2,    45.8,    67.4,    61.0,    77.5,    46.9,    68.4,    63.5,    80.2,    45.8,    67.4,    61.0,    77.5,     0.0,     0.0,     0.0,     0.0,     0.0,     0.0,     0.0,     0.0,(Contracts of about 352 MWh),06439C,IFED,064 ,N16,FutOnly
PJM AEP DAYTON DA PEAK - ICE FUTURES ENERGY DIV,260804,2026-08-04,06439F,IFED,01,064 ,   66969,   34297,   19310,    3784,   26628,    2449,      50,    3351,     368,   22072,   12921,    1010,   64030,   66037,    2939,     932,   66969,   34297,   19310,    3784,   26628,    2449,      50,    3351,     368,   22072,   12921,    1010,   64030,   66037,    2939,     932,       0,       0,       0,       0,       0,       0,       0,       0,       0,       0,       0,       0,       0,       0,       0,       0,     224,   -1460,     -17,     -40,       0,      40,       0,     -99,       0,    -147,    -179,      42,   -1565,    -213,    1789,     437,  100.0,   51.2,   28.8,    5.7,   39.8,    3.7,    0.1,    5.0,    0.5,   33.0,   19.3,    1.5,   95.6,   98.6,    4.4,    1.4,  100.0,   51.2,   28.8,    5.7,   39.8,    3.7,    0.1,    5.0,    0.5,   33.0,   19.3,    1.5,   95.6,   98.6,    4.4,    1.4,  100.0,    0.0,    0.0,    0.0,    0.0,    0.0,    0.0,    0.0,    0.0,    0.0,    0.0,    0.0,    0.0,    0.0,    0.0,    0.0,     64,     29,     21,      5,      4,      5,.,.,.,     10,      7,      6,     48,     44,     64,     29,     21,      5,      4,      5,.,.,.,     10,      7,      6,     48,     44,      0,      0,      0,      0,      0,      0,      0,      0,      0,      0,      0,      0,      0,      0,    40.1,    61.8,    56.0,    76.7,    39.4,    60.8,    54.4,    71.2,    40.1,    61.8,    56.0,    76.7,    39.4,    60.8,    54.4,    71.2,     0.0,     0.0,     0.0,     0.0,     0.0,     0.0,     0.0,     0.0,(Contracts of about 352 MWh),06439F,IFED,064 ,N16,FutOnly
MISO INDIANA  OFF-PEAK - ICE FUTURES ENERGY DIV,260804,2026-08-04,06439K,IFED,01,064 ,   43498,   37644,   23842,     165,    4340,    4855,       0,     180,     120,     112,    9935,     125,   43021,   43397,     477,     101,   43498,   37644,   23842,     165,    4340,    4855,       0,     180,     120,     112,    9935,     125,   43021,   43397,     477,     101,       0,       0,       0,       0,       0,       0,       0,       0,       0,       0,       0,       0,       0,       0,       0,       0,      95,     128,      70,       0,      95,     -20,       0,       0,       0,       0,     -50,       0,     108,      95,     -13,       0,  100.0,   86.5,   54.8,    0.4,   10.0,   11.2,    0.0,    0.4,    0.3,    0.3,   22.8,    0.3,   98.9,   99.8,    1.1,    0.2,  100.0,   86.5,   54.8,    0.4,   10.0,   11.2,    0.0,    0.4,    0.3,    0.3,   22.8,    0.3,   98.9,   99.8,    1.1,    0.2,  100.0,    0.0,    0.0,    0.0,    0.0,    0.0,    0.0,    0.0,    0.0,    0.0,    0.0,    0.0,    0.0,    0.0,    0.0,    0.0,     30,     17,     15,.,      4,.,      0,.,.,.,.,.,     24,     23,     30,     17,     15,.,      4,.,      0,.,.,.,.,.,     24,     23,      0,      0,      0,      0,      0,      0,      0,      0,      0,      0,      0,      0,      0,      0,    82.5,    53.3,    92.4,    82.2,    64.5,    39.6,    68.1,    61.1,    82.5,    53.3,    92.4,    82.2,    64.5,    39.6,    68.1,    61.1,     0.0,     0.0,     0.0,     0.0,     0.0,     0.0,     0.0,     0.0,(Contracts of about 352 MWh),06439K,IFED,064 ,N16,FutOnly
MISO IN. REAL-TIME OFF-PEAK - ICE FUTURES ENERGY DIV,260804,2026-08-04,06439L,IFED,01,064 ,   31999,   22620,   17834,    1432,    3729,    2106,    4390,    2998,       0,      25,    3916,    1070,   31643,   31653,     356,     346,   31999,   22620,   17834,    1432,    3729,    2106,    4390,    2998,       0,      25,    3916,    1070,   31643,   31653,     356,     346,       0,       0,       0,       0,       0,       0,       0,       0,       0,       0,       0,       0,       0,       0,       0,       0,     597,     527,     502,       0,     -25,      70,       0,       0,       0,       0,      50,       0,     597,     597,       0,       0,  100.0,   70.7,   55.7,    4.5,   11.7,    6.6,   13.7,    9.4,    0.0,    0.1,   12.2,    3.3,   98.9,   98.9,    1.1,    1.1,  100.0,   70.7,   55.7,    4.5,   11.7,    6.6,   13.7,    9.4,    0.0,    0.1,   12.2,    3.3,   98.9,   98.9,    1.1,    1.1,  100.0,    0.0,    0.0,    0.0,    0.0,    0.0,    0.0,    0.0,    0.0,    0.0,    0.0,    0.0,    0.0,    0.0,    0.0,    0.0,     30,     19,     15,.,      4,      5,.,.,      0,.,.,.,     27,     24,     30,     19,     15,.,      4,      5,.,.,      0,.,.,.,     27,     24,      0,      0,      0,      0,      0,      0,      0,      0,      0,      0,      0,      0,      0,      0,    53.2,    59.8,    72.1,    82.5,    36.2,    44.0,    45.2,    54.1,    53.2,    59.8,    72.1,    82.5,    36.2,    44.0,    45.2,    54.1,     0.0,     0.0,     0.0,     0.0,     0.0,     0.0,     0.0,     0.0,(Contracts of about 352 MWh),06439L,IFED,064 ,N16,FutOnly
ERCOT HOUSTON 345KV RT PK FIX - ICE FUTURES ENERGY DIV,260804,2026-08-04,06439N,IFED,01,064 ,   45297,   24669,   35864,    4030,    4403,    2695,    5250,     300,     300,    6570,     510,    1080,   44594,   45152,     703,     145,   45297,   24669,   35864,    4030,    4403,    2695,    5250,     300,     300,    6570,     510,    1080,   44594,   45152,     703,     145,       0,       0,       0,       0,       0,       0,       0,       0,       0,       0,       0,       0,       0,       0,       0,       0,    1715,    1220,    1485,       0,     300,       0,       0,       0,       0,     610,       0,     150,    1980,    1935,    -265,    -220,  100.0,   54.5,   79.2,    8.9,    9.7,    5.9,   11.6,    0.7,    0.7,   14.5,    1.1,    2.4,   98.4,   99.7,    1.6,    0.3,  100.0,   54.5,   79.2,    8.9,    9.7,    5.9,   11.6,    0.7,    0.7,   14.5,    1.1,    2.4,   98.4,   99.7,    1.6,    0.3,  100.0,    0.0,    0.0,    0.0,    0.0,    0.0,    0.0,    0.0,    0.0,    0.0,    0.0,    0.0,    0.0,    0.0,    0.0,    0.0,     33,     16,     14,.,.,      4,.,.,.,      4,.,      4,     27,     25,     33,     16,     14,.,.,      4,.,.,.,      4,.,      4,     27,     25,      0,      0,      0,      0,      0,      0,      0,      0,      0,      0,      0,      0,      0,      0,    37.3,    68.8,    59.0,    85.7,    35.2,    68.7,    54.1,    76.5,    37.3,    68.8,    59.0,    85.7,    35.2,    68.7,    54.1,    76.5,     0.0,     0.0,     0.0,     0.0,     0.0,     0.0,     0.0,     0.0,(Contracts of about 352 MWh),06439N,IFED,064 ,N16,FutOnly
ERCOT Houston 345KV RT OFF FIX - ICE FUTURES ENERGY DIV,260804,2026-08-04,06439Q,IFED,01,064 ,   43027,   22874,   34109,    3380,    4503,    2715,    5250,     300,     300,    6940,       0,     960,   42419,   42887,     608,     140,   43027,   22874,   34109,    3380,    4503,    2715,    5250,     300,     300,    6940,       0,     960,   42419,   42887,     608,     140,       0,       0,       0,       0,       0,       0,       0,       0,       0,       0,       0,       0,       0,       0,       0,       0,    1835,    1070,    1365,       0,     300,       0,       0,       0,       0,     610,       0,     150,    1830,    1815,       5,      20,  100.0,   53.2,   79.3,    7.9,   10.5,    6.3,   12.2,    0.7,    0.7,   16.1,    0.0,    2.2,   98.6,   99.7,    1.4,    0.3,  100.0,   53.2,   79.3,    7.9,   10.5,    6.3,   12.2,    0.7,    0.7,   16.1,    0.0,    2.2,   98.6,   99.7,    1.4,    0.3,  100.0,    0.0,    0.0,    0.0,    0.0,    0.0,    0.0,    0.0,    0.0,    0.0,    0.0,    0.0,    0.0,    0.0,    0.0,    0.0,     33,     15,     12,.,.,      4,.,.,.,      5,      0,.,     26,     22,     33,     15,     12,.,.,      4,.,.,.,      5,      0,.,     26,     22,      0,      0,      0,      0,      0,      0,      0,      0,      0,      0,      0,      0,      0,      0,    34.1,    69.9,    56.9,    87.9,    32.2,    69.5,    52.0,    77.3,    34.1,    69.9,    56.9,    87.9,    32.2,    69.5,    52.0,    77.3,     0.0,     0.0,     0.0,     0.0,     0.0,     0.0,     0.0,     0.0,(Contracts of about 352 MWh),06439Q,IFED,064 ,N16,FutOnly
ERCOT NORTH 345KV RT PK FIX - ICE FUTURES ENERGY DIV,260804,2026-08-04,06439R,IFED,01,064 ,  269992,  108762,  171505,   12992,   23697,   15875,   73461,    8013,   24257,   22697,   15599,   10644,  268688,  269590,    1304,     402,  269992,  108762,  171505,   12992,   23697,   15875,   73461,    8013,   24257,   22697,   15599,   10644,  268688,  269590,    1304,     402,       0,       0,       0,       0,       0,       0,       0,       0,       0,       0,       0,       0,       0,       0,       0,       0,    8445,    2774,    6034,     462,   -1315,     431,    4585,    1156,    1094,   -1333,     721,     377,    8390,    8498,      55,     -53,  100.0,   40.3,   63.5,    4.8,    8.8,    5.9,   27.2,    3.0,    9.0,    8.4,    5.8,    3.9,   99.5,   99.9,    0.5,    0.1,  100.0,   40.3,   63.5,    4.8,    8.8,    5.9,   27.2,    3.0,    9.0,    8.4,    5.8,    3.9,   99.5,   99.9,    0.5,    0.1,  100.0,    0.0,    0.0,    0.0,    0.0,    0.0,    0.0,    0.0,    0.0,    0.0,    0.0,    0.0,    0.0,    0.0,    0.0,    0.0,    115,     39,     37,      4,      7,      8,     16,     15,     14,     11,     15,     19,     94,     93,    115,     39,     37,      4,      7,      8,     16,     15,     14,     11,     15,     19,     94,     93,      0,      0,      0,      0,      0,      0,      0,      0,      0,      0,      0,      0,      0,      0,    29.6,    32.5,    49.1,    50.9,    24.5,    25.0,    38.8,    35.8,    29.6,    32.5,    49.1,    50.9,    24.5,    25.0,    38.8,    35.8,     0.0,     0.0,     0.0,     0.0,     0.0,     0.0,     0.0,     0.0,(1 Mw per Peak Hour),06439R,IFED,064 ,N16,FutOnly
ERCOT SOUTH 345 KV RT PEAK FIX - ICE FUTURES ENERGY DIV,260804,2026-08-04,06439S,IFED,01,064 ,   31670,   24091,   17923,    4395,    8463,     835,     150,    3450,       0,    1490,      80,     425,   31386,   31176,     284,     494,   31670,   24091,   17923,    4395,    8463,     835,     150,    3450,       0,    1490,      80,     425,   31386,   31176,     284,     494,       0,       0,       0,       0,       0,       0,       0,       0,       0,       0,       0,       0,       0,       0,       0,       0,    -490,    -390,    -490,       0,       0,       0,    -150,       0,       0,      50,       0,       0,    -490,    -490,       0,       0,  100.0,   76.1,   56.6,   13.9,   26.7,    2.6,    0.5,   10.9,    0.0,    4.7,    0.3,    1.3,   99.1,   98.4,    0.9,    1.6,  100.0,   76.1,   56.6,   13.9,   26.7,    2.6,    0.5,   10.9,    0.0,    4.7,    0.3,    1.3,   99.1,   98.4,    0.9,    1.6,  100.0,    0.0,    0.0,    0.0,    0.0,    0.0,    0.0,    0.0,    0.0,    0.0,    0.0,    0.0,    0.0,    0.0,    0.0,    0.0,     26,     13,      8,.,.,.,.,.,      0,.,.,.,     20,     14,     26,     13,      8,.,.,.,.,.,      0,.,.,.,     20,     14,      0,      0,      0,      0,      0,      0,      0,      0,      0,      0,      0,      0,      0,      0,    48.5,    50.2,    73.4,    85.7,    48.5,    50.2,    70.9,    83.4,    48.5,    50.2,    73.4,    85.7,    48.5,    50.2,    70.9,    83.4,     0.0,     0.0,     0.0,     0.0,     0.0,     0.0,     0.0,     0.0,(1 Mw per Peak Hour),06439S,IFED,064 ,N16,FutOnly
ERCOT-SOUTH MONTHLY OFFPEAK - ICE FUTURES ENERGY DIV,260804,2026-08-04,06439U,IFED,01,064 ,   30232,   22998,   17382,    4395,    7431,    1135,       0,    3450,       0,    1060,       0,     360,   29948,   29758,     284,     474,   30232,   22998,   17382,    4395,    7431,    1135,       0,    3450,       0,    1060,       0,     360,   29948,   29758,     284,     474,       0,       0,       0,       0,       0,       0,       0,       0,       0,       0,       0,       0,       0,       0,       0,       0,    -390,    -390,    -390,       0,       0,       0,       0,       0,       0,       0,       0,       0,    -390,    -390,       0,       0,  100.0,   76.1,   57.5,   14.5,   24.6,    3.8,    0.0,   11.4,    0.0,    3.5,    0.0,    1.2,   99.1,   98.4,    0.9,    1.6,  100.0,   76.1,   57.5,   14.5,   24.6,    3.8,    0.0,   11.4,    0.0,    3.5,    0.0,    1.2,   99.1,   98.4,    0.9,    1.6,  100.0,    0.0,    0.0,    0.0,    0.0,    0.0,    0.0,    0.0,    0.0,    0.0,    0.0,    0.0,    0.0,    0.0,    0.0,    0.0,     25,     13,      8,.,.,.,      0,.,      0,.,      0,.,     19,     14,     25,     13,      8,.,.,.,      0,.,      0,.,      0,.,     19,     14,      0,      0,      0,      0,      0,      0,      0,      0,      0,      0,      0,      0,      0,      0,    50.7,    51.9,    72.6,    86.5,    50.7,    51.9,    68.9,    83.1,    50.7,    51.9,    72.6,    86.5,    50.7,    51.9,    68.9,    83.1,     0.0,     0.0,     0.0,     0.0,     0.0,     0.0,     0.0,     0.0,(1 MW per off-peak hour),06439U,IFED,064 ,N16,FutOnly
ERCOT WEST 345KV RT PEAK - ICE FUTURES ENERGY DIV,260804,2026-08-04,06439V,IFED,01,064 ,   33616,   17314,   27334,   12503,       0,    1495,       0,    1801,     400,     875,    1289,     907,   33494,   33226,     122,     390,   33616,   17314,   27334,   12503,       0,    1495,       0,    1801,     400,     875,    1289,     907,   33494,   33226,     122,     390,       0,       0,       0,       0,       0,       0,       0,       0,       0,       0,       0,       0,       0,       0,       0,       0,     539,     -51,    1004,     180,       0,       0,       0,   -1200,     100,       0,     265,     310,     539,     479,       0,      60,  100.0,   51.5,   81.3,   37.2,    0.0,    4.4,    0.0,    5.4,    1.2,    2.6,    3.8,    2.7,   99.6,   98.8,    0.4,    1.2,  100.0,   51.5,   81.3,   37.2,    0.0,    4.4,    0.0,    5.4,    1.2,    2.6,    3.8,    2.7,   99.6,   98.8,    0.4,    1.2,  100.0,    0.0,    0.0,    0.0,    0.0,    0.0,    0.0,    0.0,    0.0,    0.0,    0.0,    0.0,    0.0,    0.0,    0.0,    0.0,     28,     14,     10,      5,      0,      4,      0,.,.,.,.,.,     24,     19,     28,     14,     10,      5,      0,      4,      0,.,.,.,.,.,     24,     19,      0,      0,      0,      0,      0,      0,      0,      0,      0,      0,      0,      0,      0,      0,    53.7,    65.2,    73.1,    87.4,    52.5,    60.8,    66.1,    77.2,    53.7,    65.2,    73.1,    87.4,    52.5,    60.8,    66.1,    77.2,     0.0,     0.0,     0.0,     0.0,     0.0,     0.0,     0.0,     0.0,(1 MW per peak hour),06439V,IFED,064 ,N16,FutOnly
ERCOT WEST 345K RT OFF-PEAK - ICE FUTURES ENERGY DIV,260804,2026-08-04,06439W,IFED,01,064 ,   33538,   17242,   27316,   12557,       0,    1435,       0,    1801,     400,     875,    1289,     907,   33416,   33148,     122,     390,   33538,   17242,   27316,   12557,       0,    1435,       0,    1801,     400,     875,    1289,     907,   33416,   33148,     122,     390,       0,       0,       0,       0,       0,       0,       0,       0,       0,       0,       0,       0,       0,       0,       0,       0,     539,     -51,    1004,     180,       0,       0,       0,   -1200,     100,       0,     265,     310,     539,     479,       0,      60,  100.0,   51.4,   81.4,   37.4,    0.0,    4.3,    0.0,    5.4,    1.2,    2.6,    3.8,    2.7,   99.6,   98.8,    0.4,    1.2,  100.0,   51.4,   81.4,   37.4,    0.0,    4.3,    0.0,    5.4,    1.2,    2.6,    3.8,    2.7,   99.6,   98.8,    0.4,    1.2,  100.0,    0.0,    0.0,    0.0,    0.0,    0.0,    0.0,    0.0,    0.0,    0.0,    0.0,    0.0,    0.0,    0.0,    0.0,    0.0,     28,     14,     10,      5,      0,      4,      0,.,.,.,.,.,     24,     19,     28,     14,     10,      5,      0,      4,      0,.,.,.,.,.,     24,     19,      0,      0,      0,      0,      0,      0,      0,      0,      0,      0,      0,      0,      0,      0,    53.7,    65.3,    73.1,    87.6,    52.6,    61.0,    66.2,    77.4,    53.7,    65.3,    73.1,    87.6,    52.6,    61.0,    66.2,    77.4,     0.0,     0.0,     0.0,     0.0,     0.0,     0.0,     0.0,     0.0,(1 MW per Off-Peak Hour),06439W,IFED,064 ,N16,FutOnly
ERCOT NORTH 345KV DA PK DLY FI - ICE FUTURES ENERGY DIV,260804,2026-08-04,0643A5,IFED,01,064 ,   12940,    3910,    2840,    4250,       0,     100,     250,    6750,       0,    4300,    2900,       0,   12810,   12590,     130,     350,   12940,    3910,    2840,    4250,       0,     100,     250,    6750,       0,    4300,    2900,       0,   12810,   12590,     130,     350,       0,       0,       0,       0,       0,       0,       0,       0,       0,       0,       0,       0,       0,       0,       0,       0,   -8700,  -10280,   -6450,     150,       0,    -200,       0,    -600,    -600,    2400,    -275,    -300,   -8830,   -8425,     130,    -275,  100.0,   30.2,   21.9,   32.8,    0.0,    0.8,    1.9,   52.2,    0.0,   33.2,   22.4,    0.0,   99.0,   97.3,    1.0,    2.7,  100.0,   30.2,   21.9,   32.8,    0.0,    0.8,    1.9,   52.2,    0.0,   33.2,   22.4,    0.0,   99.0,   97.3,    1.0,    2.7,  100.0,    0.0,    0.0,    0.0,    0.0,    0.0,    0.0,    0.0,    0.0,    0.0,    0.0,    0.0,    0.0,    0.0,    0.0,    0.0,     28,     11,      7,.,      0,.,.,.,      0,      5,.,      0,     20,     13,     28,     11,      7,.,      0,.,.,.,      0,      5,.,      0,     20,     13,      0,      0,      0,      0,      0,      0,      0,      0,      0,      0,      0,      0,      0,      0,    75.3,    80.0,    85.9,    93.4,    69.9,    80.0,    79.5,    85.2,    75.3,    80.0,    85.9,    93.4,    69.9,    80.0,    79.5,    85.2,     0.0,     0.0,     0.0,     0.0,     0.0,     0.0,     0.0,     0.0,Megawatt Hours (MWh),0643A5,IFED,064 ,N16,FutOnly
ERCOT NORTH 345K RT OFFPK DLY  - ICE FUTURES ENERGY DIV,260804,2026-08-04,0643A7,IFED,01,064 ,    5264,    3096,    2816,      56,       0,     112,     784,     184,     120,       0,    1488,       0,    4168,    4720,    1096,     544,    5264,    3096,    2816,      56,       0,     112,     784,     184,     120,       0,    1488,       0,    4168,    4720,    1096,     544,       0,       0,       0,       0,       0,       0,       0,       0,       0,       0,       0,       0,       0,       0,       0,       0,   -1592,   -1248,   -1064,      56,       0,     112,    -432,    -464,      16,    -152,     -88,       0,   -1648,   -1488,      56,    -104,  100.0,   58.8,   53.5,    1.1,    0.0,    2.1,   14.9,    3.5,    2.3,    0.0,   28.3,    0.0,   79.2,   89.7,   20.8,   10.3,  100.0,   58.8,   53.5,    1.1,    0.0,    2.1,   14.9,    3.5,    2.3,    0.0,   28.3,    0.0,   79.2,   89.7,   20.8,   10.3,  100.0,    0.0,    0.0,    0.0,    0.0,    0.0,    0.0,    0.0,    0.0,    0.0,    0.0,    0.0,    0.0,    0.0,    0.0,    0.0,     22,      8,     12,.,      0,.,.,.,.,      0,.,      0,     12,     18,     22,      8,     12,.,      0,.,.,.,.,      0,.,      0,     12,     18,      0,      0,      0,      0,      0,      0,      0,      0,      0,      0,      0,      0,      0,      0,    59.1,    55.2,    73.3,    71.1,    55.6,    55.0,    66.0,    70.8,    59.1,    55.2,    73.3,    71.1,    55.6,    55.0,    66.0,    70.8,     0.0,     0.0,     0.0,     0.0,     0.0,     0.0,     0.0,     0.0,50MWh,0643A7,IFED,064 ,N16,FutOnly
ERCOT - NORTH MONTHLY OFF-PEAK - ICE FUTURES ENERGY DIV,260804,2026-08-04,0643A8,IFED,01,064 ,  115573,   80769,   79843,   11803,    6332,    8991,    7365,    4465,    4050,       0,    9058,    2005,  114983,  114744,     590,     829,  115573,   80769,   79843,   11803,    6332,    8991,    7365,    4465,    4050,       0,    9058,    2005,  114983,  114744,     590,     829,       0,       0,       0,       0,       0,       0,       0,       0,       0,       0,       0,       0,       0,       0,       0,       0,    1203,    1098,    -197,       0,    -720,     500,   -2280,       0,    1800,       0,    -205,      25,    1143,    1203,      60,       0,  100.0,   69.9,   69.1,   10.2,    5.5,    7.8,    6.4,    3.9,    3.5,    0.0,    7.8,    1.7,   99.5,   99.3,    0.5,    0.7,  100.0,   69.9,   69.1,   10.2,    5.5,    7.8,    6.4,    3.9,    3.5,    0.0,    7.8,    1.7,   99.5,   99.3,    0.5,    0.7,  100.0,    0.0,    0.0,    0.0,    0.0,    0.0,    0.0,    0.0,    0.0,    0.0,    0.0,    0.0,    0.0,    0.0,    0.0,    0.0,     48,     21,     21,.,.,      5,      5,.,.,      0,      9,      6,     37,     39,     48,     21,     21,.,.,      5,      5,.,.,      0,      9,      6,     37,     39,      0,      0,      0,      0,      0,      0,      0,      0,      0,      0,      0,      0,      0,      0,    49.1,    46.5,    73.0,    62.7,    47.0,    42.5,    63.7,    56.5,    49.1,    46.5,    73.0,    62.7,    47.0,    42.5,    63.7,    56.5,     0.0,     0.0,     0.0,     0.0,     0.0,     0.0,     0.0,     0.0,1 Mw per Off-Peak Hour,0643A8,IFED,064 ,N16,FutOnly
MISO IN. DAY-AHEAD PEAK - ICE FUTURES ENERGY DIV,260804,2026-08-04,0643AZ,IFED,01,064 ,   20860,   16902,    8871,     469,    4865,    2418,     165,    1045,     160,     245,    3270,     149,   20508,   20778,     352,      82,   20860,   16902,    8871,     469,    4865,    2418,     165,    1045,     160,     245,    3270,     149,   20508,   20778,     352,      82,       0,       0,       0,       0,       0,       0,       0,       0,       0,       0,       0,       0,       0,       0,       0,       0,     264,     154,     240,       6,     -55,      95,       0,     -23,       0,      -5,     -25,      12,     262,     244,       2,      20,  100.0,   81.0,   42.5,    2.2,   23.3,   11.6,    0.8,    5.0,    0.8,    1.2,   15.7,    0.7,   98.3,   99.6,    1.7,    0.4,  100.0,   81.0,   42.5,    2.2,   23.3,   11.6,    0.8,    5.0,    0.8,    1.2,   15.7,    0.7,   98.3,   99.6,    1.7,    0.4,  100.0,    0.0,    0.0,    0.0,    0.0,    0.0,    0.0,    0.0,    0.0,    0.0,    0.0,    0.0,    0.0,    0.0,    0.0,    0.0,     38,     24,     14,.,.,.,.,.,.,.,.,.,     33,     23,     38,     24,     14,.,.,.,.,.,.,.,.,.,     33,     23,      0,      0,      0,      0,      0,      0,      0,      0,      0,      0,      0,      0,      0,      0,    52.6,    73.5,    69.9,    88.5,    40.2,    58.2,    53.0,    65.4,    52.6,    73.5,    69.9,    88.5,    40.2,    58.2,    53.0,    65.4,     0.0,     0.0,     0.0,     0.0,     0.0,     0.0,     0.0,     0.0,(1 MW per peak hour),0643AZ,IFED,064 ,N16,FutOnly
MISO INDIANA HUB RT PEAK - ICE FUTURES ENERGY DIV,260804,2026-08-04,0643B3,IFED,01,064 ,   40980,   21642,   22986,    3108,     674,    3669,    7787,    5596,      50,       0,    3538,    3939,   40195,   40452,     785,     528,   40980,   21642,   22986,    3108,     674,    3669,    7787,    5596,      50,       0,    3538,    3939,   40195,   40452,     785,     528,       0,       0,       0,       0,       0,       0,       0,       0,       0,       0,       0,       0,       0,       0,       0,       0,    -680,    -843,    -882,      11,     125,       8,      57,       0,       0,       0,     101,     -42,    -809,    -690,     129,      10,  100.0,   52.8,   56.1,    7.6,    1.6,    9.0,   19.0,   13.7,    0.1,    0.0,    8.6,    9.6,   98.1,   98.7,    1.9,    1.3,  100.0,   52.8,   56.1,    7.6,    1.6,    9.0,   19.0,   13.7,    0.1,    0.0,    8.6,    9.6,   98.1,   98.7,    1.9,    1.3,  100.0,    0.0,    0.0,    0.0,    0.0,    0.0,    0.0,    0.0,    0.0,    0.0,    0.0,    0.0,    0.0,    0.0,    0.0,    0.0,     33,     15,     18,      4,.,      4,      5,.,.,      0,.,.,     26,     28,     33,     15,     18,      4,.,      4,      5,.,.,      0,.,.,     26,     28,      0,      0,      0,      0,      0,      0,      0,      0,      0,      0,      0,      0,      0,      0,    50.4,    50.0,    74.7,    75.0,    37.7,    37.9,    50.8,    53.3,    50.4,    50.0,    74.7,    75.0,    37.7,    37.9,    50.8,    53.3,     0.0,     0.0,     0.0,     0.0,     0.0,     0.0,     0.0,     0.0,(Contracts of 800 MWh),0643B3,IFED,064 ,N16,FutOnly
PJM N. IL HUB DA OFF-PK  - ICE FUTURES ENERGY DIV,260804,2026-08-04,0643BC,IFED,01,064 ,   24658,   16497,   15888,    2840,    5177,     541,     600,    1440,     185,    3540,     105,       0,   24203,   23336,     455,    1322,   24658,   16497,   15888,    2840,    5177,     541,     600,    1440,     185,    3540,     105,       0,   24203,   23336,     455,    1322,       0,       0,       0,       0,       0,       0,       0,       0,       0,       0,       0,       0,       0,       0,       0,       0,     449,     466,    -618,       0,     340,      10,       0,     -40,      25,      10,       0,       0,     511,    -283,     -62,     732,  100.0,   66.9,   64.4,   11.5,   21.0,    2.2,    2.4,    5.8,    0.8,   14.4,    0.4,    0.0,   98.2,   94.6,    1.8,    5.4,  100.0,   66.9,   64.4,   11.5,   21.0,    2.2,    2.4,    5.8,    0.8,   14.4,    0.4,    0.0,   98.2,   94.6,    1.8,    5.4,  100.0,    0.0,    0.0,    0.0,    0.0,    0.0,    0.0,    0.0,    0.0,    0.0,    0.0,    0.0,    0.0,    0.0,    0.0,    0.0,     37,     19,     12,.,      7,      4,.,.,.,.,.,      0,     28,     22,     37,     19,     12,.,      7,      4,.,.,.,.,.,      0,     28,     22,      0,      0,      0,      0,      0,      0,      0,      0,      0,      0,      0,      0,      0,      0,    48.8,    69.4,    69.2,    83.8,    48.2,    67.2,    67.3,    79.6,    48.8,    69.4,    69.2,    83.8,    48.2,    67.2,    67.3,    79.6,     0.0,     0.0,     0.0,     0.0,     0.0,     0.0,     0.0,     0.0,(1 MW per off-peak hour),0643BC,IFED,064 ,N16,FutOnly
PJM N. IL HUB DA PEAK - ICE FUTURES ENERGY DIV,260804,2026-08-04,0643BE,IFED,01,064 ,   24885,   16461,   17635,    2528,    3831,     681,     600,     820,      50,    3834,     406,      35,   24189,   23458,     696,    1427,   24885,   16461,   17635,    2528,    3831,     681,     600,     820,      50,    3834,     406,      35,   24189,   23458,     696,    1427,       0,       0,       0,       0,       0,       0,       0,       0,       0,       0,       0,       0,       0,       0,       0,       0,     292,     -82,    -423,       0,     127,       0,       0,       0,       0,      17,    -135,       0,     -65,    -431,     357,     723,  100.0,   66.1,   70.9,   10.2,   15.4,    2.7,    2.4,    3.3,    0.2,   15.4,    1.6,    0.1,   97.2,   94.3,    2.8,    5.7,  100.0,   66.1,   70.9,   10.2,   15.4,    2.7,    2.4,    3.3,    0.2,   15.4,    1.6,    0.1,   97.2,   94.3,    2.8,    5.7,  100.0,    0.0,    0.0,    0.0,    0.0,    0.0,    0.0,    0.0,    0.0,    0.0,    0.0,    0.0,    0.0,    0.0,    0.0,    0.0,     35,     18,     11,.,      6,.,.,.,.,.,.,.,     27,     22,     35,     18,     11,.,      6,.,.,.,.,.,.,.,     27,     22,      0,      0,      0,      0,      0,      0,      0,      0,      0,      0,      0,      0,      0,      0,    47.4,    68.1,    68.0,    82.3,    47.3,    66.3,    67.0,    78.4,    47.4,    68.1,    68.0,    82.3,    47.3,    66.3,    67.0,    78.4,     0.0,     0.0,     0.0,     0.0,     0.0,     0.0,     0.0,     0.0,(1 MW per peak hour),0643BE,IFED,064 ,N16,FutOnly
ISO NE MASS HUB DA OFF-PK FIXD - ICE FUTURES ENERGY DIV,260804,2026-08-04,0643BF,IFED,01,064 ,   65576,   48580,   47338,    7816,    6638,    1604,     560,    6754,     542,    4932,    1357,    1122,   65156,   65355,     420,     221,   65576,   48580,   47338,    7816,    6638,    1604,     560,    6754,     542,    4932,    1357,    1122,   65156,   65355,     420,     221,       0,       0,       0,       0,       0,       0,       0,       0,       0,       0,       0,       0,       0,       0,       0,       0,     114,     -79,      93,      35,      10,      85,      50,     385,     -63,     580,      48,    -483,     125,      75,     -11,      39,  100.0,   74.1,   72.2,   11.9,   10.1,    2.4,    0.9,   10.3,    0.8,    7.5,    2.1,    1.7,   99.4,   99.7,    0.6,    0.3,  100.0,   74.1,   72.2,   11.9,   10.1,    2.4,    0.9,   10.3,    0.8,    7.5,    2.1,    1.7,   99.4,   99.7,    0.6,    0.3,  100.0,    0.0,    0.0,    0.0,    0.0,    0.0,    0.0,    0.0,    0.0,    0.0,    0.0,    0.0,    0.0,    0.0,    0.0,    0.0,     47,     20,     16,      6,.,      5,.,      4,      4,.,      4,.,     37,     33,     47,     20,     16,      6,.,      5,.,      4,      4,.,      4,.,     37,     33,      0,      0,      0,      0,      0,      0,      0,      0,      0,      0,      0,      0,      0,      0,    43.1,    65.3,    64.6,    77.7,    42.2,    64.3,    62.5,    75.6,    43.1,    65.3,    64.6,    77.7,    42.2,    64.3,    62.5,    75.6,     0.0,     0.0,     0.0,     0.0,     0.0,     0.0,     0.0,     0.0,(1 MW per Hour for about 368 Hours),0643BF,IFED,064 ,N16,FutOnly
ISO NE MASS HUB DA PEAK - ICE FUTURES ENERGY DIV,260804,2026-08-04,0643BG,IFED,01,064 ,   94002,   72413,   65172,    7966,    5658,    1666,    1158,   14231,    2501,    5530,    2419,    2051,   93285,   93698,     717,     304,   94002,   72413,   65172,    7966,    5658,    1666,    1158,   14231,    2501,    5530,    2419,    2051,   93285,   93698,     717,     304,       0,       0,       0,       0,       0,       0,       0,       0,       0,       0,       0,       0,       0,       0,       0,       0,     473,     435,    -102,     -52,    -108,     152,    -113,     151,     254,    -228,     105,      -1,     447,     451,      26,      22,  100.0,   77.0,   69.3,    8.5,    6.0,    1.8,    1.2,   15.1,    2.7,    5.9,    2.6,    2.2,   99.2,   99.7,    0.8,    0.3,  100.0,   77.0,   69.3,    8.5,    6.0,    1.8,    1.2,   15.1,    2.7,    5.9,    2.6,    2.2,   99.2,   99.7,    0.8,    0.3,  100.0,    0.0,    0.0,    0.0,    0.0,    0.0,    0.0,    0.0,    0.0,    0.0,    0.0,    0.0,    0.0,    0.0,    0.0,    0.0,     67,     19,     18,      5,      4,      5,      5,     11,      7,      7,      9,      9,     49,     50,     67,     19,     18,      5,      4,      5,      5,     11,      7,      7,      9,      9,     49,     50,      0,      0,      0,      0,      0,      0,      0,      0,      0,      0,      0,      0,      0,      0,    48.8,    58.8,    65.8,    73.7,    48.2,    56.2,    63.0,    70.0,    48.8,    58.8,    65.8,    73.7,    48.2,    56.2,    63.0,    70.0,     0.0,     0.0,     0.0,     0.0,     0.0,     0.0,     0.0,     0.0,(Contracts of 800MWh),0643BG,IFED,064 ,N16,FutOnly
CAISO NP-15 PEAK - ICE FUTURES ENERGY DIV,260804,2026-08-04,0643BM,IFED,01,064 ,   49417,   27278,   30994,   12794,      95,    2288,    1567,    4667,    2132,    1319,    7319,    1747,   49125,   49242,     292,     175,   49417,   27278,   30994,   12794,      95,    2288,    1567,    4667,    2132,    1319,    7319,    1747,   49125,   49242,     292,     175,       0,       0,       0,       0,       0,       0,       0,       0,       0,       0,       0,       0,       0,       0,       0,       0,     -40,    -408,    -281,      15,       5,      40,     207,      -6,     -13,     189,     220,     -20,      10,     -55,     -50,      15,  100.0,   55.2,   62.7,   25.9,    0.2,    4.6,    3.2,    9.4,    4.3,    2.7,   14.8,    3.5,   99.4,   99.6,    0.6,    0.4,  100.0,   55.2,   62.7,   25.9,    0.2,    4.6,    3.2,    9.4,    4.3,    2.7,   14.8,    3.5,   99.4,   99.6,    0.6,    0.4,  100.0,    0.0,    0.0,    0.0,    0.0,    0.0,    0.0,    0.0,    0.0,    0.0,    0.0,    0.0,    0.0,    0.0,    0.0,    0.0,     43,     20,     16,      5,.,.,.,.,.,      4,      5,      5,     37,     28,     43,     20,     16,      5,.,.,.,.,.,      4,      5,      5,     37,     28,      0,      0,      0,      0,      0,      0,      0,      0,      0,      0,      0,      0,      0,      0,    48.8,    67.0,    69.8,    87.0,    48.6,    64.1,    64.3,    77.1,    48.8,    67.0,    69.8,    87.0,    48.6,    64.1,    64.3,    77.1,     0.0,     0.0,     0.0,     0.0,     0.0,     0.0,     0.0,     0.0,(Contracts of 400MWh),0643BM,IFED,064 ,N16,FutOnly
CAISO NP-15 DA OFF-PK FIXED - ICE FUTURES ENERGY DIV,260804,2026-08-04,0643BR,IFED,01,064 ,   52024,   24898,   34566,   19177,     775,     130,     902,    9051,     978,    4917,    5739,     694,   51696,   51933,     328,      91,   52024,   24898,   34566,   19177,     775,     130,     902,    9051,     978,    4917,    5739,     694,   51696,   51933,     328,      91,       0,       0,       0,       0,       0,       0,       0,       0,       0,       0,       0,       0,       0,       0,       0,       0,     402,      60,    -298,     -63,       0,       0,      25,     351,     300,       1,       0,      79,     402,     432,       0,     -30,  100.0,   47.9,   66.4,   36.9,    1.5,    0.2,    1.7,   17.4,    1.9,    9.5,   11.0,    1.3,   99.4,   99.8,    0.6,    0.2,  100.0,   47.9,   66.4,   36.9,    1.5,    0.2,    1.7,   17.4,    1.9,    9.5,   11.0,    1.3,   99.4,   99.8,    0.6,    0.2,  100.0,    0.0,    0.0,    0.0,    0.0,    0.0,    0.0,    0.0,    0.0,    0.0,    0.0,    0.0,    0.0,    0.0,    0.0,    0.0,     34,     15,     13,      5,.,.,.,.,.,      4,.,.,     27,     21,     34,     15,     13,      5,.,.,.,.,.,      4,.,.,     27,     21,      0,      0,      0,      0,      0,      0,      0,      0,      0,      0,      0,      0,      0,      0,    57.1,    80.9,    76.1,    92.6,    56.6,    78.8,    73.1,    89.2,    57.1,    80.9,    76.1,    92.6,    56.6,    78.8,    73.1,    89.2,     0.0,     0.0,     0.0,     0.0,     0.0,     0.0,     0.0,     0.0,(1 MW per Hour for about 386 Hours),0643BR,IFED,064 ,N16,FutOnly
PJM NI HUB RT OFF-PK FIXED - ICE FUTURES ENERGY DIV,260804,2026-08-04,0643BS,IFED,01,064 ,   85057,   21884,   66030,    2217,   10941,    1917,   53917,       0,    3721,     170,     252,     300,   84126,   83161,     931,    1896,   85057,   21884,   66030,    2217,   10941,    1917,   53917,       0,    3721,     170,     252,     300,   84126,   83161,     931,    1896,       0,       0,       0,       0,       0,       0,       0,       0,       0,       0,       0,       0,       0,       0,       0,       0,    2254,     -66,    1267,      57,    -183,     -39,    2249,       0,     125,       0,      21,       0,    2326,    1191,     -72,    1063,  100.0,   25.7,   77.6,    2.6,   12.9,    2.3,   63.4,    0.0,    4.4,    0.2,    0.3,    0.4,   98.9,   97.8,    1.1,    2.2,  100.0,   25.7,   77.6,    2.6,   12.9,    2.3,   63.4,    0.0,    4.4,    0.2,    0.3,    0.4,   98.9,   97.8,    1.1,    2.2,  100.0,    0.0,    0.0,    0.0,    0.0,    0.0,    0.0,    0.0,    0.0,    0.0,    0.0,    0.0,    0.0,    0.0,    0.0,    0.0,     33,     18,     16,      4,.,      5,      4,      0,.,.,.,.,     29,     24,     33,     18,     16,      4,.,      5,      4,      0,.,.,.,.,     29,     24,      0,      0,      0,      0,      0,      0,      0,      0,      0,      0,      0,      0,      0,      0,    73.3,    74.6,    85.3,    85.1,    69.0,    72.8,    78.8,    78.2,    73.3,    74.6,    85.3,    85.1,    69.0,    72.8,    78.8,    78.2,     0.0,     0.0,     0.0,     0.0,     0.0,     0.0,     0.0,     0.0,(1 MW per Hour for about 386 Hours),0643BS,IFED,064 ,N16,FutOnly
PJM N. IL HUB RT PEAK - ICE FUTURES ENERGY DIV,260804,2026-08-04,0643BT,IFED,01,064 ,   68799,   37840,   54056,    4067,   10929,    1373,   22374,       0,    1093,    1105,     184,      69,   67921,   67704,     878,    1095,   68799,   37840,   54056,    4067,   10929,    1373,   22374,       0,    1093,    1105,     184,      69,   67921,   67704,     878,    1095,       0,       0,       0,       0,       0,       0,       0,       0,       0,       0,       0,       0,       0,       0,       0,       0,     134,      13,    -647,    -151,      -8,     -75,       7,       0,       5,       5,      65,     -10,    -206,    -670,     340,     804,  100.0,   55.0,   78.6,    5.9,   15.9,    2.0,   32.5,    0.0,    1.6,    1.6,    0.3,    0.1,   98.7,   98.4,    1.3,    1.6,  100.0,   55.0,   78.6,    5.9,   15.9,    2.0,   32.5,    0.0,    1.6,    1.6,    0.3,    0.1,   98.7,   98.4,    1.3,    1.6,  100.0,    0.0,    0.0,    0.0,    0.0,    0.0,    0.0,    0.0,    0.0,    0.0,    0.0,    0.0,    0.0,    0.0,    0.0,    0.0,     35,     20,     18,.,.,      4,.,      0,.,.,.,.,     31,     28,     35,     20,     18,.,.,      4,.,      0,.,.,.,.,     31,     28,      0,      0,      0,      0,      0,      0,      0,      0,      0,      0,      0,      0,      0,      0,    59.6,    67.3,    78.0,    82.7,    54.8,    66.3,    69.2,    74.1,    59.6,    67.3,    78.0,    82.7,    54.8,    66.3,    69.2,    74.1,     0.0,     0.0,     0.0,     0.0,     0.0,     0.0,     0.0,     0.0,(Contracts of 800 MWh),0643BT,IFED,064 ,N16,FutOnly
NYISO ZONE J DA PEAK - ICE FUTURES ENERGY DIV,260804,2026-08-04,0643BW,IFED,01,064 ,   10479,    5151,    7000,    1435,     881,     723,       0,    1576,      52,    2578,       0,      40,    9979,   10272,     500,     207,   10479,    5151,    7000,    1435,     881,     723,       0,    1576,      52,    2578,       0,      40,    9979,   10272,     500,     207,       0,       0,       0,       0,       0,       0,       0,       0,       0,       0,       0,       0,       0,       0,       0,       0,       0,    -157,      -5,       0,       0,       0,       0,       0,       0,       0,     -36,       0,    -157,     -41,     157,      41,  100.0,   49.2,   66.8,   13.7,    8.4,    6.9,    0.0,   15.0,    0.5,   24.6,    0.0,    0.4,   95.2,   98.0,    4.8,    2.0,  100.0,   49.2,   66.8,   13.7,    8.4,    6.9,    0.0,   15.0,    0.5,   24.6,    0.0,    0.4,   95.2,   98.0,    4.8,    2.0,  100.0,    0.0,    0.0,    0.0,    0.0,    0.0,    0.0,    0.0,    0.0,    0.0,    0.0,    0.0,    0.0,    0.0,    0.0,    0.0,     27,      9,     10,.,.,      4,      0,.,.,      4,      0,.,     20,     18,     27,      9,     10,.,.,      4,      0,.,.,      4,      0,.,     20,     18,      0,      0,      0,      0,      0,      0,      0,      0,      0,      0,      0,      0,      0,      0,    52.8,    56.8,    75.4,    78.8,    52.0,    56.7,    70.3,    75.2,    52.8,    56.8,    75.4,    78.8,    52.0,    56.7,    70.3,    75.2,     0.0,     0.0,     0.0,     0.0,     0.0,     0.0,     0.0,     0.0,(Contracts of 800MWh),0643BW,IFED,064 ,N16,FutOnly
NYISO ZONE J DA OFF-PK FIXED - ICE FUTURES ENERGY DIV,260804,2026-08-04,0643BX,IFED,01,064 ,    8471,    3816,    6060,    1253,     541,     605,       0,     880,      55,    2369,       0,      30,    8128,    8171,     343,     300,    8471,    3816,    6060,    1253,     541,     605,       0,     880,      55,    2369,       0,      30,    8128,    8171,     343,     300,       0,       0,       0,       0,       0,       0,       0,       0,       0,       0,       0,       0,       0,       0,       0,       0,       0,     -41,     -80,       0,       0,       0,       0,       0,       0,       0,       0,       0,     -41,     -80,      41,      80,  100.0,   45.0,   71.5,   14.8,    6.4,    7.1,    0.0,   10.4,    0.6,   28.0,    0.0,    0.4,   96.0,   96.5,    4.0,    3.5,  100.0,   45.0,   71.5,   14.8,    6.4,    7.1,    0.0,   10.4,    0.6,   28.0,    0.0,    0.4,   96.0,   96.5,    4.0,    3.5,  100.0,    0.0,    0.0,    0.0,    0.0,    0.0,    0.0,    0.0,    0.0,    0.0,    0.0,    0.0,    0.0,    0.0,    0.0,    0.0,     22,      6,      8,.,.,      4,      0,.,.,.,      0,.,     16,     15,     22,      6,      8,.,.,      4,      0,.,.,.,      0,.,     16,     15,      0,      0,      0,      0,      0,      0,      0,      0,      0,      0,      0,      0,      0,      0,    60.8,    57.7,    83.0,    80.6,    60.8,    57.6,    76.2,    76.5,    60.8,    57.7,    83.0,    80.6,    60.8,    57.6,    76.2,    76.5,     0.0,     0.0,     0.0,     0.0,     0.0,     0.0,     0.0,     0.0,(1 MW for about 368 Hours),0643BX,IFED,064 ,N16,FutOnly
NYISO ZONE A DA PEAK - ICE FUTURES ENERGY DIV,260804,2026-08-04,0643BY,IFED,01,064 ,   33490,   28994,   23516,     575,    2845,    1852,     450,    1447,     407,     155,    2465,       9,   32442,   32541,    1048,     949,   33490,   28994,   23516,     575,    2845,    1852,     450,    1447,     407,     155,    2465,       9,   32442,   32541,    1048,     949,       0,       0,       0,       0,       0,       0,       0,       0,       0,       0,       0,       0,       0,       0,       0,       0,     311,     160,    -242,      10,     125,       0,     -43,     -25,       5,       0,       0,       0,     132,    -137,     179,     448,  100.0,   86.6,   70.2,    1.7,    8.5,    5.5,    1.3,    4.3,    1.2,    0.5,    7.4,    0.0,   96.9,   97.2,    3.1,    2.8,  100.0,   86.6,   70.2,    1.7,    8.5,    5.5,    1.3,    4.3,    1.2,    0.5,    7.4,    0.0,   96.9,   97.2,    3.1,    2.8,  100.0,    0.0,    0.0,    0.0,    0.0,    0.0,    0.0,    0.0,    0.0,    0.0,    0.0,    0.0,    0.0,    0.0,    0.0,    0.0,     39,     17,     16,      4,      4,      6,.,.,.,.,.,.,     31,     29,     39,     17,     16,      4,      4,      6,.,.,.,.,.,.,     31,     29,      0,      0,      0,      0,      0,      0,      0,      0,      0,      0,      0,      0,      0,      0,    66.9,    62.6,    80.3,    80.4,    66.3,    57.4,    76.0,    71.4,    66.9,    62.6,    80.3,    80.4,    66.3,    57.4,    76.0,    71.4,     0.0,     0.0,     0.0,     0.0,     0.0,     0.0,     0.0,     0.0,(Contracts of 800MWh),0643BY,IFED,064 ,N16,FutOnly
NYISO ZONE A DA OFF-PK FIX PR - ICE FUTURES ENERGY DIV,260804,2026-08-04,0643BZ,IFED,01,064 ,   34128,   28724,   24235,    1378,    4486,     947,    1395,     921,     650,      75,    1631,     128,   33297,   32998,     831,    1130,   34128,   28724,   24235,    1378,    4486,     947,    1395,     921,     650,      75,    1631,     128,   33297,   32998,     831,    1130,       0,       0,       0,       0,       0,       0,       0,       0,       0,       0,       0,       0,       0,       0,       0,       0,      -5,    -144,    -728,       0,       0,       0,      16,       0,     -16,       0,       0,       0,    -144,    -744,     139,     739,  100.0,   84.2,   71.0,    4.0,   13.1,    2.8,    4.1,    2.7,    1.9,    0.2,    4.8,    0.4,   97.6,   96.7,    2.4,    3.3,  100.0,   84.2,   71.0,    4.0,   13.1,    2.8,    4.1,    2.7,    1.9,    0.2,    4.8,    0.4,   97.6,   96.7,    2.4,    3.3,  100.0,    0.0,    0.0,    0.0,    0.0,    0.0,    0.0,    0.0,    0.0,    0.0,    0.0,    0.0,    0.0,    0.0,    0.0,    0.0,     37,     17,     15,      5,.,.,.,.,.,.,.,.,     30,     24,     37,     17,     15,      5,.,.,.,.,.,.,.,.,     30,     24,      0,      0,      0,      0,      0,      0,      0,      0,      0,      0,      0,      0,      0,      0,    63.4,    63.2,    77.4,    81.7,    58.2,    60.0,    68.1,    71.3,    63.4,    63.2,    77.4,    81.7,    58.2,    60.0,    68.1,    71.3,     0.0,     0.0,     0.0,     0.0,     0.0,     0.0,     0.0,     0.0,(1MW for about 368 Hours),0643BZ,IFED,064 ,N16,FutOnly
NYISO ZONE G DA PEAK - ICE FUTURES ENERGY DIV,260804,2026-08-04,0643C3,IFED,01,064 ,   26850,   19157,   12454,     608,    4642,    2101,    1823,    4672,     496,     417,    1062,    1104,   25706,   26531,    1144,     319,   26850,   19157,   12454,     608,    4642,    2101,    1823,    4672,     496,     417,    1062,    1104,   25706,   26531,    1144,     319,       0,       0,       0,       0,       0,       0,       0,       0,       0,       0,       0,       0,       0,       0,       0,       0,     366,    -576,     161,     150,      22,      75,      67,     -36,     -24,       6,       5,       0,    -302,     203,     668,     163,  100.0,   71.3,   46.4,    2.3,   17.3,    7.8,    6.8,   17.4,    1.8,    1.6,    4.0,    4.1,   95.7,   98.8,    4.3,    1.2,  100.0,   71.3,   46.4,    2.3,   17.3,    7.8,    6.8,   17.4,    1.8,    1.6,    4.0,    4.1,   95.7,   98.8,    4.3,    1.2,  100.0,    0.0,    0.0,    0.0,    0.0,    0.0,    0.0,    0.0,    0.0,    0.0,    0.0,    0.0,    0.0,    0.0,    0.0,    0.0,     44,     18,     16,.,      6,      6,      7,.,      4,.,      4,.,     36,     35,     44,     18,     16,.,      6,      6,      7,.,      4,.,      4,.,     36,     35,      0,      0,      0,      0,      0,      0,      0,      0,      0,      0,      0,      0,      0,      0,    45.0,    51.6,    63.0,    69.8,    44.4,    47.8,    57.3,    60.7,    45.0,    51.6,    63.0,    69.8,    44.4,    47.8,    57.3,    60.7,     0.0,     0.0,     0.0,     0.0,     0.0,     0.0,     0.0,     0.0,(Contracts of 800MWh),0643C3,IFED,064 ,N16,FutOnly
NYISO ZONE G DA OFF-PK - ICE FUTURES ENERGY DIV,260804,2026-08-04,0643C4,IFED,01,064 ,   21917,   16132,   10911,     340,    3289,    2029,     403,    3335,     525,     475,     400,    1128,   21032,   21617,     885,     300,   21917,   16132,   10911,     340,    3289,    2029,     403,    3335,     525,     475,     400,    1128,   21032,   21617,     885,     300,       0,       0,       0,       0,       0,       0,       0,       0,       0,       0,       0,       0,       0,       0,       0,       0,     185,    -143,      75,       0,     -45,      85,    -141,       0,      30,      10,       0,       0,    -159,     145,     344,      40,  100.0,   73.6,   49.8,    1.6,   15.0,    9.3,    1.8,   15.2,    2.4,    2.2,    1.8,    5.1,   96.0,   98.6,    4.0,    1.4,  100.0,   73.6,   49.8,    1.6,   15.0,    9.3,    1.8,   15.2,    2.4,    2.2,    1.8,    5.1,   96.0,   98.6,    4.0,    1.4,  100.0,    0.0,    0.0,    0.0,    0.0,    0.0,    0.0,    0.0,    0.0,    0.0,    0.0,    0.0,    0.0,    0.0,    0.0,    0.0,     38,     16,     14,.,      6,      6,.,.,      4,.,.,.,     30,     31,     38,     16,     14,.,      6,      6,.,.,      4,.,.,.,     30,     31,      0,      0,      0,      0,      0,      0,      0,      0,      0,      0,      0,      0,      0,      0,    46.1,    54.3,    66.4,    72.4,    45.0,    48.6,    59.1,    61.5,    46.1,    54.3,    66.4,    72.4,    45.0,    48.6,    59.1,    61.5,     0.0,     0.0,     0.0,     0.0,     0.0,     0.0,     0.0,     0.0,(1MW for about 368 Hours),0643C4,IFED,064 ,N16,FutOnly
PALO VERDE DA PEAK - ICE FUTURES ENERGY DIV,260804,2026-08-04,0643CB,IFED,01,064 ,   24157,   11052,   14332,    7225,    3561,    3839,       0,     646,    1000,     734,     568,     143,   23993,   24089,     164,      68,   24157,   11052,   14332,    7225,    3561,    3839,       0,     646,    1000,     734,     568,     143,   23993,   24089,     164,      68,       0,       0,       0,       0,       0,       0,       0,       0,       0,       0,       0,       0,       0,       0,       0,       0,   -1815,    -983,    -311,    -750,   -1121,     100,       0,    -331,       0,    -100,     -50,     -82,   -1815,   -1795,       0,     -20,  100.0,   45.8,   59.3,   29.9,   14.7,   15.9,    0.0,    2.7,    4.1,    3.0,    2.4,    0.6,   99.3,   99.7,    0.7,    0.3,  100.0,   45.8,   59.3,   29.9,   14.7,   15.9,    0.0,    2.7,    4.1,    3.0,    2.4,    0.6,   99.3,   99.7,    0.7,    0.3,  100.0,    0.0,    0.0,    0.0,    0.0,    0.0,    0.0,    0.0,    0.0,    0.0,    0.0,    0.0,    0.0,    0.0,    0.0,    0.0,     39,     20,     17,      4,.,.,      0,.,.,      4,.,.,     33,     26,     39,     20,     17,      4,.,.,      0,.,.,      4,.,.,     33,     26,      0,      0,      0,      0,      0,      0,      0,      0,      0,      0,      0,      0,      0,      0,    51.4,    63.1,    70.5,    79.4,    38.2,    43.5,    53.3,    55.8,    51.4,    63.1,    70.5,    79.4,    38.2,    43.5,    53.3,    55.8,     0.0,     0.0,     0.0,     0.0,     0.0,     0.0,     0.0,     0.0,(Contracts of 400MWh),0643CB,IFED,064 ,N16,FutOnly
PALO VERDE DA OFF-PK FiXED PR - ICE FUTURES ENERGY DIV,260804,2026-08-04,0643CC,IFED,01,064 ,   18488,    5606,   11269,    7126,    3862,     592,    4060,     624,     700,      97,    1024,     282,   18463,   18353,      25,     135,   18488,    5606,   11269,    7126,    3862,     592,    4060,     624,     700,      97,    1024,     282,   18463,   18353,      25,     135,       0,       0,       0,       0,       0,       0,       0,       0,       0,       0,       0,       0,       0,       0,       0,       0,   -1260,    -357,    -675,    -865,      10,     -33,     -55,    -162,       0,      45,    -420,      25,   -1240,   -1255,     -20,      -5,  100.0,   30.3,   61.0,   38.5,   20.9,    3.2,   22.0,    3.4,    3.8,    0.5,    5.5,    1.5,   99.9,   99.3,    0.1,    0.7,  100.0,   30.3,   61.0,   38.5,   20.9,    3.2,   22.0,    3.4,    3.8,    0.5,    5.5,    1.5,   99.9,   99.3,    0.1,    0.7,  100.0,    0.0,    0.0,    0.0,    0.0,    0.0,    0.0,    0.0,    0.0,    0.0,    0.0,    0.0,    0.0,    0.0,    0.0,    0.0,     38,     16,     17,      4,.,      4,.,.,.,.,      4,      4,     29,     29,     38,     16,     17,      4,.,      4,.,.,.,.,      4,      4,     29,     29,      0,      0,      0,      0,      0,      0,      0,      0,      0,      0,      0,      0,      0,      0,    66.5,    52.7,    84.3,    69.2,    60.9,    49.2,    75.1,    62.5,    66.5,    52.7,    84.3,    69.2,    60.9,    49.2,    75.1,    62.5,     0.0,     0.0,     0.0,     0.0,     0.0,     0.0,     0.0,     0.0,(1 MW for about 368 Hours),0643CC,IFED,064 ,N16,FutOnly
PJM WESTERN HUB DA OFF-PK - ICE FUTURES ENERGY DIV,260804,2026-08-04,0643DB,IFED,01,064 ,  124216,   91217,   98993,    4547,    4877,    4659,    3127,    1868,    1197,   15833,    7730,    1947,  122527,  121271,    1689,    2945,  124216,   91217,   98993,    4547,    4877,    4659,    3127,    1868,    1197,   15833,    7730,    1947,  122527,  121271,    1689,    2945,       0,       0,       0,       0,       0,       0,       0,       0,       0,       0,       0,       0,       0,       0,       0,       0,    2002,    2679,    -389,     445,    -520,     691,    -895,      30,       0,   -2301,     157,     -28,     591,     -59,    1411,    2061,  100.0,   73.4,   79.7,    3.7,    3.9,    3.8,    2.5,    1.5,    1.0,   12.7,    6.2,    1.6,   98.6,   97.6,    1.4,    2.4,  100.0,   73.4,   79.7,    3.7,    3.9,    3.8,    2.5,    1.5,    1.0,   12.7,    6.2,    1.6,   98.6,   97.6,    1.4,    2.4,  100.0,    0.0,    0.0,    0.0,    0.0,    0.0,    0.0,    0.0,    0.0,    0.0,    0.0,    0.0,    0.0,    0.0,    0.0,    0.0,     70,     33,     26,      7,      5,      8,      5,.,.,      6,      7,      5,     59,     49,     70,     33,     26,      7,      5,      8,      5,.,.,      6,      7,      5,     59,     49,      0,      0,      0,      0,      0,      0,      0,      0,      0,      0,      0,      0,      0,      0,    42.4,    62.7,    59.7,    78.1,    36.6,    60.7,    53.3,    70.2,    42.4,    62.7,    59.7,    78.1,    36.6,    60.7,    53.3,    70.2,     0.0,     0.0,     0.0,     0.0,     0.0,     0.0,     0.0,     0.0,(1 MW per off-peak hour),0643DB,IFED,064 ,N16,FutOnly
PJM WESTERN HUB DA PEAK - ICE FUTURES ENERGY DIV,260804,2026-08-04,0643DC,IFED,01,064 ,  134490,   92417,  106985,    6291,    3345,    5904,    2311,    2221,    1650,   22057,    7599,    1935,  132565,  129639,    1925,    4851,  134490,   92417,  106985,    6291,    3345,    5904,    2311,    2221,    1650,   22057,    7599,    1935,  132565,  129639,    1925,    4851,       0,       0,       0,       0,       0,       0,       0,       0,       0,       0,       0,       0,       0,       0,       0,       0,    3013,    2048,    -904,     298,   -1700,    1339,     100,     115,      80,   -2450,    -155,      64,    1479,   -1161,    1534,    4174,  100.0,   68.7,   79.5,    4.7,    2.5,    4.4,    1.7,    1.7,    1.2,   16.4,    5.7,    1.4,   98.6,   96.4,    1.4,    3.6,  100.0,   68.7,   79.5,    4.7,    2.5,    4.4,    1.7,    1.7,    1.2,   16.4,    5.7,    1.4,   98.6,   96.4,    1.4,    3.6,  100.0,    0.0,    0.0,    0.0,    0.0,    0.0,    0.0,    0.0,    0.0,    0.0,    0.0,    0.0,    0.0,    0.0,    0.0,    0.0,     79,     34,     28,      8,      5,      9,      4,      4,.,     12,      8,      7,     66,     55,     79,     34,     28,      8,      5,      9,      4,      4,.,     12,      8,      7,     66,     55,      0,      0,      0,      0,      0,      0,      0,      0,      0,      0,      0,      0,      0,      0,    40.0,    61.0,    57.1,    73.9,    36.5,    59.2,    52.4,    68.9,    40.0,    61.0,    57.1,    73.9,    36.5,    59.2,    52.4,    68.9,     0.0,     0.0,     0.0,     0.0,     0.0,     0.0,     0.0,     0.0,(Contracts of about 352 MWh),0643DC,IFED,064 ,N16,FutOnly
PJM WESTERN HUB RT PEAK MINI - ICE FUTURES ENERGY DIV,260804,2026-08-04,0643DF,IFED,01,064 ,  401640,  206521,  150272,   15741,   50131,   25163,   55872,    8409,   54602,   19585,   93153,   18038,  395522,  399768,    6118,    1872,  401640,  206521,  150272,   15741,   50131,   25163,   55872,    8409,   54602,   19585,   93153,   18038,  395522,  399768,    6118,    1872,       0,       0,       0,       0,       0,       0,       0,       0,       0,       0,       0,       0,       0,       0,       0,       0,   -2660,   -8269,   -1709,     806,     744,    1161,    1888,   -1136,   -2545,    2187,    3066,   -2738,   -7510,   -3157,    4850,     497,  100.0,   51.4,   37.4,    3.9,   12.5,    6.3,   13.9,    2.1,   13.6,    4.9,   23.2,    4.5,   98.5,   99.5,    1.5,    0.5,  100.0,   51.4,   37.4,    3.9,   12.5,    6.3,   13.9,    2.1,   13.6,    4.9,   23.2,    4.5,   98.5,   99.5,    1.5,    0.5,  100.0,    0.0,    0.0,    0.0,    0.0,    0.0,    0.0,    0.0,    0.0,    0.0,    0.0,    0.0,    0.0,    0.0,    0.0,    0.0,    127,     41,     37,.,      9,     10,     33,      6,     21,     16,     17,     25,    117,    100,    127,     41,     37,.,      9,     10,     33,      6,     21,     16,     17,     25,    117,    100,      0,      0,      0,      0,      0,      0,      0,      0,      0,      0,      0,      0,      0,      0,    22.7,    32.7,    37.1,    49.3,    18.7,    29.1,    30.0,    41.0,    22.7,    32.7,    37.1,    49.3,    18.7,    29.1,    30.0,    41.0,     0.0,     0.0,     0.0,     0.0,     0.0,     0.0,     0.0,     0.0,(1 MW per peak hour),0643DF,IFED,064 ,N16,FutOnly
PJM WEST HUB REAL TIME PK MINI - ICE FUTURES ENERGY DIV,260804,2026-08-04,0643IA,IFED,01,064 ,    6060,    2715,     555,     375,       0,       0,    1280,     765,     850,      85,    2710,     435,    5740,    5315,     320,     745,    6060,    2715,     555,     375,       0,       0,    1280,     765,     850,      85,    2710,     435,    5740,    5315,     320,     745,       0,       0,       0,       0,       0,       0,       0,       0,       0,       0,       0,       0,       0,       0,       0,       0,     680,     335,    -515,     -25,    -200,     -75,     645,    -220,     240,      85,    1740,    -100,    1105,     870,    -425,    -190,  100.0,   44.8,    9.2,    6.2,    0.0,    0.0,   21.1,   12.6,   14.0,    1.4,   44.7,    7.2,   94.7,   87.7,    5.3,   12.3,  100.0,   44.8,    9.2,    6.2,    0.0,    0.0,   21.1,   12.6,   14.0,    1.4,   44.7,    7.2,   94.7,   87.7,    5.3,   12.3,  100.0,    0.0,    0.0,    0.0,    0.0,    0.0,    0.0,    0.0,    0.0,    0.0,    0.0,    0.0,    0.0,    0.0,    0.0,    0.0,     24,      7,      5,.,      0,      0,.,.,.,.,      7,      4,     18,     17,     24,      7,      5,.,      0,      0,.,.,.,.,      7,      4,     18,     17,      0,      0,      0,      0,      0,      0,      0,      0,      0,      0,      0,      0,      0,      0,    49.0,    56.0,    68.5,    73.1,    45.8,    45.7,    60.5,    57.7,    49.0,    56.0,    68.5,    73.1,    45.8,    45.7,    60.5,    57.7,     0.0,     0.0,     0.0,     0.0,     0.0,     0.0,     0.0,     0.0,16 MWh,0643IA,IFED,064 ,N16,FutOnly
ERCOT N 345KV REAL T PK DALY M - ICE FUTURES ENERGY DIV,260804,2026-08-04,0643IB,IFED,01,064 ,   19498,    9740,    7580,     225,    1370,     175,    4400,    2455,    1118,    2110,    5050,     735,   18503,   18483,     995,    1015,   19498,    9740,    7580,     225,    1370,     175,    4400,    2455,    1118,    2110,    5050,     735,   18503,   18483,     995,    1015,       0,       0,       0,       0,       0,       0,       0,       0,       0,       0,       0,       0,       0,       0,       0,       0,   -3127,   -1050,    -735,    -535,     920,    -175,   -1670,    -400,     203,    -150,   -3280,     -10,   -3387,   -3477,     260,     350,  100.0,   50.0,   38.9,    1.2,    7.0,    0.9,   22.6,   12.6,    5.7,   10.8,   25.9,    3.8,   94.9,   94.8,    5.1,    5.2,  100.0,   50.0,   38.9,    1.2,    7.0,    0.9,   22.6,   12.6,    5.7,   10.8,   25.9,    3.8,   94.9,   94.8,    5.1,    5.2,  100.0,    0.0,    0.0,    0.0,    0.0,    0.0,    0.0,    0.0,    0.0,    0.0,    0.0,    0.0,    0.0,    0.0,    0.0,    0.0,     58,     25,     22,.,.,.,.,      5,      4,      5,     12,      8,     43,     45,     58,     25,     22,.,.,.,.,      5,      4,      5,     12,      8,     43,     45,      0,      0,      0,      0,      0,      0,      0,      0,      0,      0,      0,      0,      0,      0,    43.8,    27.3,    62.8,    43.4,    39.7,    25.1,    52.2,    39.4,    43.8,    27.3,    62.8,    43.4,    39.7,    25.1,    52.2,    39.4,     0.0,     0.0,     0.0,     0.0,     0.0,     0.0,     0.0,     0.0,(240 MW = 15 Hours X 16 MWh),0643IB,IFED,064 ,N16,FutOnly
ERCOT N 345KV REAL T PK 2x16 - ICE FUTURES ENERGY DIV,260804,2026-08-04,0643ID,IFED,01,064 ,  133569,   93460,   97297,    9890,   13446,    7262,    7984,    2278,     895,   11436,    9703,    2304,  133231,  133185,     338,     384,  133569,   93460,   97297,    9890,   13446,    7262,    7984,    2278,     895,   11436,    9703,    2304,  133231,  133185,     338,     384,       0,       0,       0,       0,       0,       0,       0,       0,       0,       0,       0,       0,       0,       0,       0,       0,    5430,    5861,    6125,    -447,    -206,     -13,     -45,      10,    -217,      40,    -562,     270,    5449,    5407,     -19,      23,  100.0,   70.0,   72.8,    7.4,   10.1,    5.4,    6.0,    1.7,    0.7,    8.6,    7.3,    1.7,   99.7,   99.7,    0.3,    0.3,  100.0,   70.0,   72.8,    7.4,   10.1,    5.4,    6.0,    1.7,    0.7,    8.6,    7.3,    1.7,   99.7,   99.7,    0.3,    0.3,  100.0,    0.0,    0.0,    0.0,    0.0,    0.0,    0.0,    0.0,    0.0,    0.0,    0.0,    0.0,    0.0,    0.0,    0.0,    0.0,     59,     31,     25,.,.,      4,      4,.,.,      5,      8,      9,     51,     46,     59,     31,     25,.,.,      4,      4,.,.,      5,      8,      9,     51,     46,      0,      0,      0,      0,      0,      0,      0,      0,      0,      0,      0,      0,      0,      0,    42.3,    35.1,    62.1,    61.0,    40.3,    27.7,    56.2,    48.5,    42.3,    35.1,    62.1,    61.0,    40.3,    27.7,    56.2,    48.5,     0.0,     0.0,     0.0,     0.0,     0.0,     0.0,     0.0,     0.0,(1MW for about 352 Hours),0643ID,IFED,064 ,N16,FutOnly
ERCOT North 345KV Hub RT 7x8 - ICE FUTURES ENERGY DIV,260804,2026-08-04,0643IK,IFED,01,064 ,  250325,  100449,  178692,    3590,   36209,    9673,  104154,     791,   13234,   13662,    6661,    4818,  249580,  250078,     745,     247,  250325,  100449,  178692,    3590,   36209,    9673,  104154,     791,   13234,   13662,    6661,    4818,  249580,  250078,     745,     247,       0,       0,       0,       0,       0,       0,       0,       0,       0,       0,       0,       0,       0,       0,       0,       0,    7052,    4723,    4131,      96,     143,     106,    -597,    -348,    2006,     592,     971,      55,    6981,    7064,      71,     -12,  100.0,   40.1,   71.4,    1.4,   14.5,    3.9,   41.6,    0.3,    5.3,    5.5,    2.7,    1.9,   99.7,   99.9,    0.3,    0.1,  100.0,   40.1,   71.4,    1.4,   14.5,    3.9,   41.6,    0.3,    5.3,    5.5,    2.7,    1.9,   99.7,   99.9,    0.3,    0.1,  100.0,    0.0,    0.0,    0.0,    0.0,    0.0,    0.0,    0.0,    0.0,    0.0,    0.0,    0.0,    0.0,    0.0,    0.0,    0.0,     66,     25,     28,.,      5,      5,      9,.,      7,      8,      7,     11,     54,     54,     66,     25,     28,.,      5,      5,      9,.,      7,      8,      7,     11,     54,     54,      0,      0,      0,      0,      0,      0,      0,      0,      0,      0,      0,      0,      0,      0,    55.0,    45.8,    69.6,    66.4,    49.5,    43.0,    60.0,    58.0,    55.0,    45.8,    69.6,    66.4,    49.5,    43.0,    60.0,    58.0,     0.0,     0.0,     0.0,     0.0,     0.0,     0.0,     0.0,     0.0,(1MW for about 352 Hours),0643IK,IFED,064 ,N16,FutOnly
ISONE.H.INTERNAL_HUB_mo_on_dap - NODAL EXCHANGE,260804,2026-08-04,064AAA,NODX,01,064 ,   87390,   61451,   60769,       0,   11833,     774,    1265,    2190,     170,   12355,     175,     375,   76390,   76286,   11000,   11104,   87390,   61451,   60769,       0,   11833,     774,    1265,    2190,     170,   12355,     175,     375,   76390,   76286,   11000,   11104,       0,       0,       0,       0,       0,       0,       0,       0,       0,       0,       0,       0,       0,       0,       0,       0,    2129,     654,     537,     -32,     652,    -178,       0,     400,      50,     960,       0,       0,    1454,    1461,     675,     668,  100.0,   70.3,   69.5,    0.0,   13.5,    0.9,    1.4,    2.5,    0.2,   14.1,    0.2,    0.4,   87.4,   87.3,   12.6,   12.7,  100.0,   70.3,   69.5,    0.0,   13.5,    0.9,    1.4,    2.5,    0.2,   14.1,    0.2,    0.4,   87.4,   87.3,   12.6,   12.7,  100.0,    0.0,    0.0,    0.0,    0.0,    0.0,    0.0,    0.0,    0.0,    0.0,    0.0,    0.0,    0.0,    0.0,    0.0,    0.0,     32,     17,     17,      0,      6,      5,.,.,.,.,.,.,     27,     26,     32,     17,     17,      0,      6,      5,.,.,.,.,.,.,     27,     26,      0,      0,      0,      0,      0,      0,      0,      0,      0,      0,      0,      0,      0,      0,    66.9,    48.0,    79.3,    63.4,    64.9,    42.4,    72.6,    55.4,    66.9,    48.0,    79.3,    63.4,    64.9,    42.4,    72.6,    55.4,     0.0,     0.0,     0.0,     0.0,     0.0,     0.0,     0.0,     0.0,(Contracts of 400 MWh),064AAA,NODX,064 ,N16,FutOnly
ISONE.H.INTERNAL_HB_mo_off_dap - NODAL EXCHANGE,260804,2026-08-04,064AAB,NODX,01,064 ,   80590,   56102,   53745,       0,   12290,    1421,    1055,    2185,     220,   11823,     433,     240,   70861,   70534,    9729,   10056,   80590,   56102,   53745,       0,   12290,    1421,    1055,    2185,     220,   11823,     433,     240,   70861,   70534,    9729,   10056,       0,       0,       0,       0,       0,       0,       0,       0,       0,       0,       0,       0,       0,       0,       0,       0,    2295,     725,     283,       0,     602,     -20,       0,     800,       0,     960,       0,       0,    1665,    1665,     630,     630,  100.0,   69.6,   66.7,    0.0,   15.3,    1.8,    1.3,    2.7,    0.3,   14.7,    0.5,    0.3,   87.9,   87.5,   12.1,   12.5,  100.0,   69.6,   66.7,    0.0,   15.3,    1.8,    1.3,    2.7,    0.3,   14.7,    0.5,    0.3,   87.9,   87.5,   12.1,   12.5,  100.0,    0.0,    0.0,    0.0,    0.0,    0.0,    0.0,    0.0,    0.0,    0.0,    0.0,    0.0,    0.0,    0.0,    0.0,    0.0,     32,     17,     17,      0,      6,      4,.,.,.,.,.,.,     26,     26,     32,     17,     17,      0,      6,      4,.,.,.,.,.,.,     26,     26,      0,      0,      0,      0,      0,      0,      0,      0,      0,      0,      0,      0,      0,      0,    66.0,    44.4,    78.8,    61.7,    63.3,    39.9,    71.8,    53.1,    66.0,    44.4,    78.8,    61.7,    63.3,    39.9,    71.8,    53.1,     0.0,     0.0,     0.0,     0.0,     0.0,     0.0,     0.0,     0.0,(Contracts of 400 MWh),064AAB,NODX,064 ,N16,FutOnly
MISO.INDIANA.HUB_month_on_dap - NODAL EXCHANGE,260804,2026-08-04,064BFI,NODX,01,064 ,   19936,   12536,   13679,    3065,     360,     445,     150,     725,     180,       0,     600,     395,   16771,   16384,    3165,    3552,   19936,   12536,   13679,    3065,     360,     445,     150,     725,     180,       0,     600,     395,   16771,   16384,    3165,    3552,       0,       0,       0,       0,       0,       0,       0,       0,       0,       0,       0,       0,       0,       0,       0,       0,     435,     205,     540,    -375,       0,     135,       0,       0,       0,       0,    -575,     315,     280,     415,     155,      20,  100.0,   62.9,   68.6,   15.4,    1.8,    2.2,    0.8,    3.6,    0.9,    0.0,    3.0,    2.0,   84.1,   82.2,   15.9,   17.8,  100.0,   62.9,   68.6,   15.4,    1.8,    2.2,    0.8,    3.6,    0.9,    0.0,    3.0,    2.0,   84.1,   82.2,   15.9,   17.8,  100.0,    0.0,    0.0,    0.0,    0.0,    0.0,    0.0,    0.0,    0.0,    0.0,    0.0,    0.0,    0.0,    0.0,    0.0,    0.0,     27,     15,     16,.,.,.,.,.,.,      0,.,.,     20,     22,     27,     15,     16,.,.,.,.,.,.,      0,.,.,     20,     22,      0,      0,      0,      0,      0,      0,      0,      0,      0,      0,      0,      0,      0,      0,    50.7,    51.7,    69.5,    69.5,    47.8,    44.9,    57.5,    56.8,    50.7,    51.7,    69.5,    69.5,    47.8,    44.9,    57.5,    56.8,     0.0,     0.0,     0.0,     0.0,     0.0,     0.0,     0.0,     0.0,Megawatt Hours (MWh),064BFI,NODX,064 ,N16,FutOnly
MISO.INDIANA.HUB_month_off_dap - NODAL EXCHANGE,260804,2026-08-04,064BFJ,NODX,01,064 ,   20476,   13551,   13914,    2140,     150,     745,     150,     750,     180,       0,     760,     340,   17106,   16839,    3370,    3637,   20476,   13551,   13914,    2140,     150,     745,     150,     750,     180,       0,     760,     340,   17106,   16839,    3370,    3637,       0,       0,       0,       0,       0,       0,       0,       0,       0,       0,       0,       0,       0,       0,       0,       0,     660,     330,     685,    -370,       0,     250,       0,       0,       0,       0,    -950,     340,     550,     325,     110,     335,  100.0,   66.2,   68.0,   10.5,    0.7,    3.6,    0.7,    3.7,    0.9,    0.0,    3.7,    1.7,   83.5,   82.2,   16.5,   17.8,  100.0,   66.2,   68.0,   10.5,    0.7,    3.6,    0.7,    3.7,    0.9,    0.0,    3.7,    1.7,   83.5,   82.2,   16.5,   17.8,  100.0,    0.0,    0.0,    0.0,    0.0,    0.0,    0.0,    0.0,    0.0,    0.0,    0.0,    0.0,    0.0,    0.0,    0.0,    0.0,     27,     14,     15,      4,.,.,.,.,.,      0,.,.,     21,     21,     27,     14,     15,      4,.,.,.,.,.,      0,.,.,     21,     21,      0,      0,      0,      0,      0,      0,      0,      0,      0,      0,      0,      0,      0,      0,    50.3,    52.2,    66.6,    70.8,    46.9,    45.2,    56.5,    57.2,    50.3,    52.2,    66.6,    70.8,    46.9,    45.2,    56.5,    57.2,     0.0,     0.0,     0.0,     0.0,     0.0,     0.0,     0.0,     0.0,Megawatt Hours (MWh),064BFJ,NODX,064 ,N16,FutOnly
NYISO.CENTRL_month_on_dap - NODAL EXCHANGE,260804,2026-08-04,064CTQ,NODX,01,064 ,   37888,   16164,   35213,    7354,    1420,     540,      30,       0,     120,   12033,       0,       0,   36241,   37293,    1647,     595,   37888,   16164,   35213,    7354,    1420,     540,      30,       0,     120,   12033,       0,       0,   36241,   37293,    1647,     595,       0,       0,       0,       0,       0,       0,       0,       0,       0,       0,       0,       0,       0,       0,       0,       0,       0,       0,       0,       0,       0,       0,       0,       0,       0,       0,       0,       0,       0,       0,       0,       0,  100.0,   42.7,   92.9,   19.4,    3.7,    1.4,    0.1,    0.0,    0.3,   31.8,    0.0,    0.0,   95.7,   98.4,    4.3,    1.6,  100.0,   42.7,   92.9,   19.4,    3.7,    1.4,    0.1,    0.0,    0.3,   31.8,    0.0,    0.0,   95.7,   98.4,    4.3,    1.6,  100.0,    0.0,    0.0,    0.0,    0.0,    0.0,    0.0,    0.0,    0.0,    0.0,    0.0,    0.0,    0.0,    0.0,    0.0,    0.0,     22,     11,.,      4,.,.,.,      0,.,.,      0,      0,     18,      6,     22,     11,.,      4,.,.,.,      0,.,.,      0,      0,     18,      6,      0,      0,      0,      0,      0,      0,      0,      0,      0,      0,      0,      0,      0,      0,    71.5,    96.9,    84.6,    98.4,    71.5,    96.2,    84.6,    96.7,    71.5,    96.9,    84.6,    98.4,    71.5,    96.2,    84.6,    96.7,     0.0,     0.0,     0.0,     0.0,     0.0,     0.0,     0.0,     0.0,Megawatt Hours (MWh),064CTQ,NODX,064 ,N16,FutOnly
NYISO.CENTRL_month_off_dap - NODAL EXCHANGE,260804,2026-08-04,064CTR,NODX,01,064 ,   35578,   14599,   34338,    8564,     495,      60,      30,       0,     120,   10660,       0,       0,   34033,   35013,    1545,     565,   35578,   14599,   34338,    8564,     495,      60,      30,       0,     120,   10660,       0,       0,   34033,   35013,    1545,     565,       0,       0,       0,       0,       0,       0,       0,       0,       0,       0,       0,       0,       0,       0,       0,       0,       0,       0,       0,       0,       0,       0,       0,       0,       0,       0,       0,       0,       0,       0,       0,       0,  100.0,   41.0,   96.5,   24.1,    1.4,    0.2,    0.1,    0.0,    0.3,   30.0,    0.0,    0.0,   95.7,   98.4,    4.3,    1.6,  100.0,   41.0,   96.5,   24.1,    1.4,    0.2,    0.1,    0.0,    0.3,   30.0,    0.0,    0.0,   95.7,   98.4,    4.3,    1.6,  100.0,    0.0,    0.0,    0.0,    0.0,    0.0,    0.0,    0.0,    0.0,    0.0,    0.0,    0.0,    0.0,    0.0,    0.0,    0.0,     22,     12,      4,      5,.,.,.,      0,.,.,      0,      0,     20,      6,     22,     12,      4,      5,.,.,.,      0,.,.,      0,      0,     20,      6,      0,      0,      0,      0,      0,      0,      0,      0,      0,      0,      0,      0,      0,      0,    72.0,    97.7,    85.6,    98.4,    72.0,    96.4,    85.6,    96.4,    72.0,    97.7,    85.6,    98.4,    72.0,    96.4,    85.6,    96.4,     0.0,     0.0,     0.0,     0.0,     0.0,     0.0,     0.0,     0.0,Megawatt Hours (MWh),064CTR,NODX,064 ,N16,FutOnly
NYISO.HUD VL_month_on_dap - NODAL EXCHANGE,260804,2026-08-04,064CXO,NODX,01,064 ,   39744,   30299,   11979,    1985,   12288,    1220,     210,    1320,     360,     450,    7321,     360,   34884,   34848,    4860,    4896,   39744,   30299,   11979,    1985,   12288,    1220,     210,    1320,     360,     450,    7321,     360,   34884,   34848,    4860,    4896,       0,       0,       0,       0,       0,       0,       0,       0,       0,       0,       0,       0,       0,       0,       0,       0,    -462,     -55,     -30,       0,     225,       0,       0,       0,       0,       0,    -250,       0,     -55,     -55,    -407,    -407,  100.0,   76.2,   30.1,    5.0,   30.9,    3.1,    0.5,    3.3,    0.9,    1.1,   18.4,    0.9,   87.8,   87.7,   12.2,   12.3,  100.0,   76.2,   30.1,    5.0,   30.9,    3.1,    0.5,    3.3,    0.9,    1.1,   18.4,    0.9,   87.8,   87.7,   12.2,   12.3,  100.0,    0.0,    0.0,    0.0,    0.0,    0.0,    0.0,    0.0,    0.0,    0.0,    0.0,    0.0,    0.0,    0.0,    0.0,    0.0,     34,     19,     14,.,      4,      6,.,.,.,.,.,.,     30,     26,     34,     19,     14,.,      4,      6,.,.,.,.,.,.,     30,     26,      0,      0,      0,      0,      0,      0,      0,      0,      0,      0,      0,      0,      0,      0,    39.5,    49.4,    60.7,    68.2,    35.4,    46.9,    55.2,    60.4,    39.5,    49.4,    60.7,    68.2,    35.4,    46.9,    55.2,    60.4,     0.0,     0.0,     0.0,     0.0,     0.0,     0.0,     0.0,     0.0,Megawatt Hours (MWh),064CXO,NODX,064 ,N16,FutOnly
NYISO.HUD VL_month_off_dap - NODAL EXCHANGE,260804,2026-08-04,064CXP,NODX,01,064 ,   39592,   30642,   12201,    1615,   12378,    1027,     840,    1035,       0,     300,    7647,     459,   34883,   34747,    4709,    4845,   39592,   30642,   12201,    1615,   12378,    1027,     840,    1035,       0,     300,    7647,     459,   34883,   34747,    4709,    4845,       0,       0,       0,       0,       0,       0,       0,       0,       0,       0,       0,       0,       0,       0,       0,       0,     105,      49,      24,       0,     325,       0,       0,       0,       0,       0,    -300,       0,      49,      49,      56,      56,  100.0,   77.4,   30.8,    4.1,   31.3,    2.6,    2.1,    2.6,    0.0,    0.8,   19.3,    1.2,   88.1,   87.8,   11.9,   12.2,  100.0,   77.4,   30.8,    4.1,   31.3,    2.6,    2.1,    2.6,    0.0,    0.8,   19.3,    1.2,   88.1,   87.8,   11.9,   12.2,  100.0,    0.0,    0.0,    0.0,    0.0,    0.0,    0.0,    0.0,    0.0,    0.0,    0.0,    0.0,    0.0,    0.0,    0.0,    0.0,     33,     18,     14,.,      4,      5,.,.,      0,.,.,.,     28,     24,     33,     18,     14,.,      4,      5,.,.,      0,.,.,.,     28,     24,      0,      0,      0,      0,      0,      0,      0,      0,      0,      0,      0,      0,      0,      0,    41.8,    50.3,    62.2,    71.0,    38.7,    47.8,    56.7,    63.7,    41.8,    50.3,    62.2,    71.0,    38.7,    47.8,    56.7,    63.7,     0.0,     0.0,     0.0,     0.0,     0.0,     0.0,     0.0,     0.0,Megawatt Hours (MWh),064CXP,NODX,064 ,N16,FutOnly
NYISO.N.Y.C._month_on_dap - NODAL EXCHANGE,260804,2026-08-04,064CZS,NODX,01,064 ,   30197,   17112,   23458,    5825,      20,    1620,       0,     300,       0,    1000,     674,     540,   26097,   26612,    4100,    3585,   30197,   17112,   23458,    5825,      20,    1620,       0,     300,       0,    1000,     674,     540,   26097,   26612,    4100,    3585,       0,       0,       0,       0,       0,       0,       0,       0,       0,       0,       0,       0,       0,       0,       0,       0,      55,     105,     -75,     120,       0,      55,       0,       0,       0,     -76,     224,    -224,     -20,     -20,      75,      75,  100.0,   56.7,   77.7,   19.3,    0.1,    5.4,    0.0,    1.0,    0.0,    3.3,    2.2,    1.8,   86.4,   88.1,   13.6,   11.9,  100.0,   56.7,   77.7,   19.3,    0.1,    5.4,    0.0,    1.0,    0.0,    3.3,    2.2,    1.8,   86.4,   88.1,   13.6,   11.9,  100.0,    0.0,    0.0,    0.0,    0.0,    0.0,    0.0,    0.0,    0.0,    0.0,    0.0,    0.0,    0.0,    0.0,    0.0,    0.0,     27,     12,     13,      4,.,      4,      0,.,      0,.,.,.,     19,     20,     27,     12,     13,      4,.,      4,      0,.,      0,.,.,.,     19,     20,      0,      0,      0,      0,      0,      0,      0,      0,      0,      0,      0,      0,      0,      0,    54.7,    52.0,    72.3,    76.7,    54.7,    51.4,    70.7,    74.7,    54.7,    52.0,    72.3,    76.7,    54.7,    51.4,    70.7,    74.7,     0.0,     0.0,     0.0,     0.0,     0.0,     0.0,     0.0,     0.0,Megawatt Hours (MWh),064CZS,NODX,064 ,N16,FutOnly
NYISO.N.Y.C._month_off_dap - NODAL EXCHANGE,260804,2026-08-04,064CZT,NODX,01,064 ,   29387,   15974,   23013,    6310,       0,    1445,       0,     300,       0,    1000,     644,     420,   25149,   25822,    4238,    3565,   29387,   15974,   23013,    6310,       0,    1445,       0,     300,       0,    1000,     644,     420,   25149,   25822,    4238,    3565,       0,       0,       0,       0,       0,       0,       0,       0,       0,       0,       0,       0,       0,       0,       0,       0,      25,       0,    -180,     120,       0,       0,       0,       0,       0,       0,     300,    -300,    -180,    -180,     205,     205,  100.0,   54.4,   78.3,   21.5,    0.0,    4.9,    0.0,    1.0,    0.0,    3.4,    2.2,    1.4,   85.6,   87.9,   14.4,   12.1,  100.0,   54.4,   78.3,   21.5,    0.0,    4.9,    0.0,    1.0,    0.0,    3.4,    2.2,    1.4,   85.6,   87.9,   14.4,   12.1,  100.0,    0.0,    0.0,    0.0,    0.0,    0.0,    0.0,    0.0,    0.0,    0.0,    0.0,    0.0,    0.0,    0.0,    0.0,    0.0,     26,     10,     12,      5,      0,.,      0,.,      0,.,.,.,     17,     18,     26,     10,     12,      5,      0,.,      0,.,      0,.,.,.,     17,     18,      0,      0,      0,      0,      0,      0,      0,      0,      0,      0,      0,      0,      0,      0,    54.2,    51.4,    72.4,    77.7,    54.2,    50.8,    71.1,    75.8,    54.2,    51.4,    72.4,    77.7,    54.2,    50.8,    71.1,    75.8,     0.0,     0.0,     0.0,     0.0,     0.0,     0.0,     0.0,     0.0,Megawatt Hours (MWh),064CZT,NODX,064 ,N16,FutOnly
NYISO.WEST_month_on_dap - NODAL EXCHANGE,260804,2026-08-04,064DEU,NODX,01,064 ,   35157,   28561,   20530,    2477,    6649,    1412,       0,       0,       0,     150,    4076,     574,   33174,   33241,    1983,    1916,   35157,   28561,   20530,    2477,    6649,    1412,       0,       0,       0,     150,    4076,     574,   33174,   33241,    1983,    1916,       0,       0,       0,       0,       0,       0,       0,       0,       0,       0,       0,       0,       0,       0,       0,       0,      85,      65,      10,     -75,       0,      50,       0,       0,       0,       0,     -50,      50,      90,      60,      -5,      25,  100.0,   81.2,   58.4,    7.0,   18.9,    4.0,    0.0,    0.0,    0.0,    0.4,   11.6,    1.6,   94.4,   94.6,    5.6,    5.4,  100.0,   81.2,   58.4,    7.0,   18.9,    4.0,    0.0,    0.0,    0.0,    0.4,   11.6,    1.6,   94.4,   94.6,    5.6,    5.4,  100.0,    0.0,    0.0,    0.0,    0.0,    0.0,    0.0,    0.0,    0.0,    0.0,    0.0,    0.0,    0.0,    0.0,    0.0,    0.0,     29,     13,     15,      4,.,      4,      0,      0,      0,.,.,.,     20,     21,     29,     13,     15,      4,.,      4,      0,      0,      0,.,.,.,     20,     21,      0,      0,      0,      0,      0,      0,      0,      0,      0,      0,      0,      0,      0,      0,    69.6,    51.4,    82.6,    77.3,    56.1,    49.3,    66.2,    68.5,    69.6,    51.4,    82.6,    77.3,    56.1,    49.3,    66.2,    68.5,     0.0,     0.0,     0.0,     0.0,     0.0,     0.0,     0.0,     0.0,Megawatt Hours (MWh),064DEU,NODX,064 ,N16,FutOnly
NYISO.WEST_month_off_dap - NODAL EXCHANGE,260804,2026-08-04,064DEV,NODX,01,064 ,   34896,   27709,   20753,    3779,    7384,     391,       0,     335,       0,     150,    3322,     678,   32707,   32863,    2189,    2033,   34896,   27709,   20753,    3779,    7384,     391,       0,     335,       0,     150,    3322,     678,   32707,   32863,    2189,    2033,       0,       0,       0,       0,       0,       0,       0,       0,       0,       0,       0,       0,       0,       0,       0,       0,     -10,       0,     -25,     -75,     160,      70,       0,       0,       0,       0,       0,       0,      -5,     205,      -5,    -215,  100.0,   79.4,   59.5,   10.8,   21.2,    1.1,    0.0,    1.0,    0.0,    0.4,    9.5,    1.9,   93.7,   94.2,    6.3,    5.8,  100.0,   79.4,   59.5,   10.8,   21.2,    1.1,    0.0,    1.0,    0.0,    0.4,    9.5,    1.9,   93.7,   94.2,    6.3,    5.8,  100.0,    0.0,    0.0,    0.0,    0.0,    0.0,    0.0,    0.0,    0.0,    0.0,    0.0,    0.0,    0.0,    0.0,    0.0,    0.0,     26,      9,     14,.,.,      4,      0,.,      0,.,.,.,     15,     22,     26,      9,     14,.,.,      4,      0,.,      0,.,.,.,     15,     22,      0,      0,      0,      0,      0,      0,      0,      0,      0,      0,      0,      0,      0,      0,    74.6,    55.3,    89.3,    77.7,    63.4,    53.3,    75.9,    69.8,    74.6,    55.3,    89.3,    77.7,    63.4,    53.3,    75.9,    69.8,     0.0,     0.0,     0.0,     0.0,     0.0,     0.0,     0.0,     0.0,Megawatt Hours (MWh),064DEV,NODX,064 ,N16,FutOnly
PJM.AEP_month_on_dap - NODAL EXCHANGE,260804,2026-08-04,064DLQ,NODX,01,064 ,   31155,   19465,   23071,    7483,     395,     370,    1655,       0,       0,     501,    5524,     380,   29854,   29740,    1301,    1415,   31155,   19465,   23071,    7483,     395,     370,    1655,       0,       0,     501,    5524,     380,   29854,   29740,    1301,    1415,       0,       0,       0,       0,       0,       0,       0,       0,       0,       0,       0,       0,       0,       0,       0,       0,       0,    -150,    -410,       0,     -65,       0,       0,       0,       0,       0,     -25,       0,    -150,    -500,     150,     500,  100.0,   62.5,   74.1,   24.0,    1.3,    1.2,    5.3,    0.0,    0.0,    1.6,   17.7,    1.2,   95.8,   95.5,    4.2,    4.5,  100.0,   62.5,   74.1,   24.0,    1.3,    1.2,    5.3,    0.0,    0.0,    1.6,   17.7,    1.2,   95.8,   95.5,    4.2,    4.5,  100.0,    0.0,    0.0,    0.0,    0.0,    0.0,    0.0,    0.0,    0.0,    0.0,    0.0,    0.0,    0.0,    0.0,    0.0,    0.0,     22,     11,.,      4,.,.,.,      0,      0,.,.,.,     19,      6,     22,     11,.,      4,.,.,.,      0,      0,.,.,.,     19,      6,      0,      0,      0,      0,      0,      0,      0,      0,      0,      0,      0,      0,      0,      0,    64.3,    92.9,    80.0,    95.5,    64.3,    91.6,    80.0,    93.0,    64.3,    92.9,    80.0,    95.5,    64.3,    91.6,    80.0,    93.0,     0.0,     0.0,     0.0,     0.0,     0.0,     0.0,     0.0,     0.0,Megawatt Hours (MWh),064DLQ,NODX,064 ,N16,FutOnly
PJM.AEP_month_off_dap - NODAL EXCHANGE,260804,2026-08-04,064DLR,NODX,01,064 ,   31120,   19490,   23036,    7453,     395,     370,    1655,       0,       0,     501,    5524,     380,   29849,   29705,    1271,    1415,   31120,   19490,   23036,    7453,     395,     370,    1655,       0,       0,     501,    5524,     380,   29849,   29705,    1271,    1415,       0,       0,       0,       0,       0,       0,       0,       0,       0,       0,       0,       0,       0,       0,       0,       0,       0,    -150,    -410,       0,     -65,       0,       0,       0,       0,       0,     -25,       0,    -150,    -500,     150,     500,  100.0,   62.6,   74.0,   23.9,    1.3,    1.2,    5.3,    0.0,    0.0,    1.6,   17.8,    1.2,   95.9,   95.5,    4.1,    4.5,  100.0,   62.6,   74.0,   23.9,    1.3,    1.2,    5.3,    0.0,    0.0,    1.6,   17.8,    1.2,   95.9,   95.5,    4.1,    4.5,  100.0,    0.0,    0.0,    0.0,    0.0,    0.0,    0.0,    0.0,    0.0,    0.0,    0.0,    0.0,    0.0,    0.0,    0.0,    0.0,     22,     11,.,      4,.,.,.,      0,      0,.,.,.,     19,      6,     22,     11,.,      4,.,.,.,      0,      0,.,.,.,     19,      6,      0,      0,      0,      0,      0,      0,      0,      0,      0,      0,      0,      0,      0,      0,    64.4,    92.9,    80.0,    95.5,    64.4,    91.5,    80.0,    92.9,    64.4,    92.9,    80.0,    95.5,    64.4,    91.5,    80.0,    92.9,     0.0,     0.0,     0.0,     0.0,     0.0,     0.0,     0.0,     0.0,Megawatt Hours (MWh),064DLR,NODX,064 ,N16,FutOnly
PJM.AEP-DAYTON HUB_mo_on_dap - NODAL EXCHANGE,260804,2026-08-04,064DLW,NODX,01,064 ,  108791,   44946,   45233,    5424,   25619,    2424,    3176,    5877,     420,   26307,    2808,     940,   83637,   83321,   25154,   25470,  108791,   44946,   45233,    5424,   25619,    2424,    3176,    5877,     420,   26307,    2808,     940,   83637,   83321,   25154,   25470,       0,       0,       0,       0,       0,       0,       0,       0,       0,       0,       0,       0,       0,       0,       0,       0,     983,   -2069,     320,    -683,    -388,     468,       0,       0,       0,    2485,     -95,      50,     251,     355,     732,     628,  100.0,   41.3,   41.6,    5.0,   23.5,    2.2,    2.9,    5.4,    0.4,   24.2,    2.6,    0.9,   76.9,   76.6,   23.1,   23.4,  100.0,   41.3,   41.6,    5.0,   23.5,    2.2,    2.9,    5.4,    0.4,   24.2,    2.6,    0.9,   76.9,   76.6,   23.1,   23.4,  100.0,    0.0,    0.0,    0.0,    0.0,    0.0,    0.0,    0.0,    0.0,    0.0,    0.0,    0.0,    0.0,    0.0,    0.0,    0.0,     44,     17,     22,.,      5,      5,.,.,.,      6,.,.,     32,     36,     44,     17,     22,.,      5,      5,.,.,.,      6,.,.,     32,     36,      0,      0,      0,      0,      0,      0,      0,      0,      0,      0,      0,      0,      0,      0,    46.4,    35.6,    62.3,    54.3,    44.2,    32.6,    54.5,    47.4,    46.4,    35.6,    62.3,    54.3,    44.2,    32.6,    54.5,    47.4,     0.0,     0.0,     0.0,     0.0,     0.0,     0.0,     0.0,     0.0,Megawatt Hours (MWh),064DLW,NODX,064 ,N16,FutOnly
PJM.AEP-DAYTON HUB_mo_off_dap - NODAL EXCHANGE,260804,2026-08-04,064DLX,NODX,01,064 ,  104717,   40835,   47844,    5310,   22125,    2380,    3066,    3060,     665,   27107,    2788,     940,   80303,   79802,   24414,   24915,  104717,   40835,   47844,    5310,   22125,    2380,    3066,    3060,     665,   27107,    2788,     940,   80303,   79802,   24414,   24915,       0,       0,       0,       0,       0,       0,       0,       0,       0,       0,       0,       0,       0,       0,       0,       0,     946,   -2378,    -499,    -683,     -33,     300,       0,       0,       0,    2485,     -95,      50,    -226,    -277,    1172,    1223,  100.0,   39.0,   45.7,    5.1,   21.1,    2.3,    2.9,    2.9,    0.6,   25.9,    2.7,    0.9,   76.7,   76.2,   23.3,   23.8,  100.0,   39.0,   45.7,    5.1,   21.1,    2.3,    2.9,    2.9,    0.6,   25.9,    2.7,    0.9,   76.7,   76.2,   23.3,   23.8,  100.0,    0.0,    0.0,    0.0,    0.0,    0.0,    0.0,    0.0,    0.0,    0.0,    0.0,    0.0,    0.0,    0.0,    0.0,    0.0,     41,     15,     21,.,      5,      5,.,.,.,      6,.,.,     30,     34,     41,     15,     21,.,      5,      5,.,.,.,      6,.,.,     30,     34,      0,      0,      0,      0,      0,      0,      0,      0,      0,      0,      0,      0,      0,      0,    46.2,    35.8,    63.2,    53.3,    41.0,    33.7,    51.1,    46.6,    46.2,    35.8,    63.2,    53.3,    41.0,    33.7,    51.1,    46.6,     0.0,     0.0,     0.0,     0.0,     0.0,     0.0,     0.0,     0.0,Megawatt Hours (MWh),064DLX,NODX,064 ,N16,FutOnly
PJM.APS_month_on_dap - NODAL EXCHANGE,260804,2026-08-04,064DMY,NODX,01,064 ,   13899,    7301,   11793,    1115,     676,     192,    2145,       0,       0,    1068,     390,       0,   11821,   13051,    2078,     848,   13899,    7301,   11793,    1115,     676,     192,    2145,       0,       0,    1068,     390,       0,   11821,   13051,    2078,     848,       0,       0,       0,       0,       0,       0,       0,       0,       0,       0,       0,       0,       0,       0,       0,       0,     288,    -140,     143,       0,    -225,     102,       0,       0,       0,      18,     155,       0,     -20,     175,     308,     113,  100.0,   52.5,   84.8,    8.0,    4.9,    1.4,   15.4,    0.0,    0.0,    7.7,    2.8,    0.0,   85.0,   93.9,   15.0,    6.1,  100.0,   52.5,   84.8,    8.0,    4.9,    1.4,   15.4,    0.0,    0.0,    7.7,    2.8,    0.0,   85.0,   93.9,   15.0,    6.1,  100.0,    0.0,    0.0,    0.0,    0.0,    0.0,    0.0,    0.0,    0.0,    0.0,    0.0,    0.0,    0.0,    0.0,    0.0,    0.0,     20,     11,      6,.,.,.,.,      0,      0,.,.,      0,     16,      8,     20,     11,      6,.,.,.,.,      0,      0,.,.,      0,     16,      8,      0,      0,      0,      0,      0,      0,      0,      0,      0,      0,      0,      0,      0,      0,    40.6,    84.4,    67.2,    93.9,    40.6,    83.0,    66.2,    88.0,    40.6,    84.4,    67.2,    93.9,    40.6,    83.0,    66.2,    88.0,     0.0,     0.0,     0.0,     0.0,     0.0,     0.0,     0.0,     0.0,Megawatt Hours (MWh),064DMY,NODX,064 ,N16,FutOnly
PJM.APS_month_off_dap - NODAL EXCHANGE,260804,2026-08-04,064DMZ,NODX,01,064 ,   13155,    6844,   11049,    1115,     676,     192,    2145,       0,       0,     796,     390,       0,   11092,   12307,    2063,     848,   13155,    6844,   11049,    1115,     676,     192,    2145,       0,       0,     796,     390,       0,   11092,   12307,    2063,     848,       0,       0,       0,       0,       0,       0,       0,       0,       0,       0,       0,       0,       0,       0,       0,       0,     288,    -125,     143,       0,    -225,     102,       0,       0,       0,      18,     155,       0,      -5,     175,     293,     113,  100.0,   52.0,   84.0,    8.5,    5.1,    1.5,   16.3,    0.0,    0.0,    6.1,    3.0,    0.0,   84.3,   93.6,   15.7,    6.4,  100.0,   52.0,   84.0,    8.5,    5.1,    1.5,   16.3,    0.0,    0.0,    6.1,    3.0,    0.0,   84.3,   93.6,   15.7,    6.4,  100.0,    0.0,    0.0,    0.0,    0.0,    0.0,    0.0,    0.0,    0.0,    0.0,    0.0,    0.0,    0.0,    0.0,    0.0,    0.0,     20,     11,      6,.,.,.,.,      0,      0,.,.,      0,     16,      8,     20,     11,      6,.,.,.,.,      0,      0,.,.,      0,     16,      8,      0,      0,      0,      0,      0,      0,      0,      0,      0,      0,      0,      0,      0,      0,    41.9,    84.2,    66.9,    93.6,    41.9,    82.8,    66.9,    88.0,    41.9,    84.2,    66.9,    93.6,    41.9,    82.8,    66.9,    88.0,     0.0,     0.0,     0.0,     0.0,     0.0,     0.0,     0.0,     0.0,Megawatt Hours (MWh),064DMZ,NODX,064 ,N16,FutOnly
PJM.BGE_month_on_dap - NODAL EXCHANGE,260804,2026-08-04,064DPQ,NODX,01,064 ,   27935,   18675,   23020,    2920,     845,     280,    2615,       0,       0,    1605,    1960,     465,   26560,   26570,    1375,    1365,   27935,   18675,   23020,    2920,     845,     280,    2615,       0,       0,    1605,    1960,     465,   26560,   26570,    1375,    1365,       0,       0,       0,       0,       0,       0,       0,       0,       0,       0,       0,       0,       0,       0,       0,       0,       0,    -170,       0,     -40,     -45,       0,       0,       0,       0,     -25,       0,       0,    -235,     -45,     235,      45,  100.0,   66.9,   82.4,   10.5,    3.0,    1.0,    9.4,    0.0,    0.0,    5.7,    7.0,    1.7,   95.1,   95.1,    4.9,    4.9,  100.0,   66.9,   82.4,   10.5,    3.0,    1.0,    9.4,    0.0,    0.0,    5.7,    7.0,    1.7,   95.1,   95.1,    4.9,    4.9,  100.0,    0.0,    0.0,    0.0,    0.0,    0.0,    0.0,    0.0,    0.0,    0.0,    0.0,    0.0,    0.0,    0.0,    0.0,    0.0,     27,     14,      5,.,.,.,.,      0,      0,.,.,.,     23,     12,     27,     14,      5,.,.,.,.,      0,      0,.,.,.,     23,     12,      0,      0,      0,      0,      0,      0,      0,      0,      0,      0,      0,      0,      0,      0,    53.4,    89.5,    74.8,    93.8,    53.0,    88.0,    74.0,    90.9,    53.4,    89.5,    74.8,    93.8,    53.0,    88.0,    74.0,    90.9,     0.0,     0.0,     0.0,     0.0,     0.0,     0.0,     0.0,     0.0,Megawatt Hours (MWh),064DPQ,NODX,064 ,N16,FutOnly
PJM.BGE_month_off_dap - NODAL EXCHANGE,260804,2026-08-04,064DPR,NODX,01,064 ,   27830,   18435,   22760,    2695,     645,     320,    2615,       0,       0,    1605,    1985,     465,   26135,   26175,    1695,    1655,   27830,   18435,   22760,    2695,     645,     320,    2615,       0,       0,    1605,    1985,     465,   26135,   26175,    1695,    1655,       0,       0,       0,       0,       0,       0,       0,       0,       0,       0,       0,       0,       0,       0,       0,       0,       0,    -170,       0,     -40,     -45,       0,       0,       0,       0,     -25,       0,       0,    -235,     -45,     235,      45,  100.0,   66.2,   81.8,    9.7,    2.3,    1.1,    9.4,    0.0,    0.0,    5.8,    7.1,    1.7,   93.9,   94.1,    6.1,    5.9,  100.0,   66.2,   81.8,    9.7,    2.3,    1.1,    9.4,    0.0,    0.0,    5.8,    7.1,    1.7,   93.9,   94.1,    6.1,    5.9,  100.0,    0.0,    0.0,    0.0,    0.0,    0.0,    0.0,    0.0,    0.0,    0.0,    0.0,    0.0,    0.0,    0.0,    0.0,    0.0,     27,     14,      5,      4,.,.,.,      0,      0,.,.,.,     23,     12,     27,     14,      5,      4,.,.,.,      0,      0,.,.,.,     23,     12,      0,      0,      0,      0,      0,      0,      0,      0,      0,      0,      0,      0,      0,      0,    52.8,    89.0,    73.1,    92.7,    52.4,    87.5,    72.2,    89.7,    52.8,    89.0,    73.1,    92.7,    52.4,    87.5,    72.2,    89.7,     0.0,     0.0,     0.0,     0.0,     0.0,     0.0,     0.0,     0.0,Megawatt Hours (MWh),064DPR,NODX,064 ,N16,FutOnly
PJM.DOM_month_on_dap - NODAL EXCHANGE,260804,2026-08-04,064DZS,NODX,01,064 ,   12354,    7965,    5415,    1560,    2910,     459,     750,     750,       0,     800,    2000,       0,   11534,   11534,     820,     820,   12354,    7965,    5415,    1560,    2910,     459,     750,     750,       0,     800,    2000,       0,   11534,   11534,     820,     820,       0,       0,       0,       0,       0,       0,       0,       0,       0,       0,       0,       0,       0,       0,       0,       0,     100,    -180,       0,       0,    -260,       0,       0,       0,       0,       0,     100,       0,    -180,    -160,     280,     260,  100.0,   64.5,   43.8,   12.6,   23.6,    3.7,    6.1,    6.1,    0.0,    6.5,   16.2,    0.0,   93.4,   93.4,    6.6,    6.6,  100.0,   64.5,   43.8,   12.6,   23.6,    3.7,    6.1,    6.1,    0.0,    6.5,   16.2,    0.0,   93.4,   93.4,    6.6,    6.6,  100.0,    0.0,    0.0,    0.0,    0.0,    0.0,    0.0,    0.0,    0.0,    0.0,    0.0,    0.0,    0.0,    0.0,    0.0,    0.0,     22,     10,.,.,      5,.,.,.,      0,.,.,      0,     15,     11,     22,     10,.,.,      5,.,.,.,      0,.,.,      0,     15,     11,      0,      0,      0,      0,      0,      0,      0,      0,      0,      0,      0,      0,      0,      0,    56.2,    72.1,    78.4,    90.8,    56.2,    66.5,    76.6,    82.3,    56.2,    72.1,    78.4,    90.8,    56.2,    66.5,    76.6,    82.3,     0.0,     0.0,     0.0,     0.0,     0.0,     0.0,     0.0,     0.0,Megawatt Hours (MWh),064DZS,NODX,064 ,N16,FutOnly
PJM.DOM_month_off_dap - NODAL EXCHANGE,260804,2026-08-04,064DZT,NODX,01,064 ,   12894,    8375,    5865,    1860,    3235,     294,     750,     750,       0,     800,    2000,       0,   12079,   12144,     815,     750,   12894,    8375,    5865,    1860,    3235,     294,     750,     750,       0,     800,    2000,       0,   12079,   12144,     815,     750,       0,       0,       0,       0,       0,       0,       0,       0,       0,       0,       0,       0,       0,       0,       0,       0,     100,    -180,       0,       0,    -260,       0,       0,       0,       0,       0,     100,       0,    -180,    -160,     280,     260,  100.0,   65.0,   45.5,   14.4,   25.1,    2.3,    5.8,    5.8,    0.0,    6.2,   15.5,    0.0,   93.7,   94.2,    6.3,    5.8,  100.0,   65.0,   45.5,   14.4,   25.1,    2.3,    5.8,    5.8,    0.0,    6.2,   15.5,    0.0,   93.7,   94.2,    6.3,    5.8,  100.0,    0.0,    0.0,    0.0,    0.0,    0.0,    0.0,    0.0,    0.0,    0.0,    0.0,    0.0,    0.0,    0.0,    0.0,    0.0,     24,     11,      4,.,      5,.,.,.,      0,.,.,      0,     17,     12,     24,     11,      4,.,      5,.,.,.,      0,.,.,      0,     17,     12,      0,      0,      0,      0,      0,      0,      0,      0,      0,      0,      0,      0,      0,      0,    55.3,    71.4,    78.1,    90.5,    55.3,    66.0,    77.6,    82.9,    55.3,    71.4,    78.1,    90.5,    55.3,    66.0,    77.6,    82.9,     0.0,     0.0,     0.0,     0.0,     0.0,     0.0,     0.0,     0.0,Megawatt Hours (MWh),064DZT,NODX,064 ,N16,FutOnly
ERCOT North 345KV Hub RT 10x17 - ICE FUTURES ENERGY DIV,260804,2026-08-04,064ED7,IFED,01,064 ,    7435,    5923,    3448,     510,     555,     210,       0,       0,       0,     525,    2570,       0,    7168,    6783,     267,     652,    7435,    5923,    3448,     510,     555,     210,       0,       0,       0,     525,    2570,       0,    7168,    6783,     267,     652,       0,       0,       0,       0,       0,       0,       0,       0,       0,       0,       0,       0,       0,       0,       0,       0,      60,     -10,      60,       0,       0,       0,       0,       0,       0,      60,       0,       0,      50,      60,      10,       0,  100.0,   79.7,   46.4,    6.9,    7.5,    2.8,    0.0,    0.0,    0.0,    7.1,   34.6,    0.0,   96.4,   91.2,    3.6,    8.8,  100.0,   79.7,   46.4,    6.9,    7.5,    2.8,    0.0,    0.0,    0.0,    7.1,   34.6,    0.0,   96.4,   91.2,    3.6,    8.8,  100.0,    0.0,    0.0,    0.0,    0.0,    0.0,    0.0,    0.0,    0.0,    0.0,    0.0,    0.0,    0.0,    0.0,    0.0,    0.0,     21,     11,      6,.,.,.,      0,      0,      0,.,.,      0,     15,     11,     21,     11,      6,.,.,.,      0,      0,      0,.,.,      0,     15,     11,      0,      0,      0,      0,      0,      0,      0,      0,      0,      0,      0,      0,      0,      0,    69.6,    78.7,    88.5,    89.5,    66.0,    77.8,    84.7,    86.3,    69.6,    78.7,    88.5,    89.5,    66.0,    77.8,    84.7,    86.3,     0.0,     0.0,     0.0,     0.0,     0.0,     0.0,     0.0,     0.0,(1MW for about 352 Hours),064ED7,IFED,064 ,N16,FutOnly
PJM.JCPL_month_on_dap - NODAL EXCHANGE,260804,2026-08-04,064EJI,NODX,01,064 ,   51567,   34347,   37885,    2750,    2562,     895,    3270,    5090,       0,    4045,     285,     925,   46232,   47642,    5335,    3925,   51567,   34347,   37885,    2750,    2562,     895,    3270,    5090,       0,    4045,     285,     925,   46232,   47642,    5335,    3925,       0,       0,       0,       0,       0,       0,       0,       0,       0,       0,       0,       0,       0,       0,       0,       0,      30,    -665,    -155,     105,       0,     -35,       0,       0,       0,       0,      65,      -5,    -600,    -130,     630,     160,  100.0,   66.6,   73.5,    5.3,    5.0,    1.7,    6.3,    9.9,    0.0,    7.8,    0.6,    1.8,   89.7,   92.4,   10.3,    7.6,  100.0,   66.6,   73.5,    5.3,    5.0,    1.7,    6.3,    9.9,    0.0,    7.8,    0.6,    1.8,   89.7,   92.4,   10.3,    7.6,  100.0,    0.0,    0.0,    0.0,    0.0,    0.0,    0.0,    0.0,    0.0,    0.0,    0.0,    0.0,    0.0,    0.0,    0.0,    0.0,     30,     14,      8,.,.,      4,.,.,      0,.,.,.,     23,     17,     30,     14,      8,.,.,      4,.,.,      0,.,.,.,     23,     17,      0,      0,      0,      0,      0,      0,      0,      0,      0,      0,      0,      0,      0,      0,    51.7,    78.3,    68.6,    88.0,    47.9,    78.3,    64.9,    83.8,    51.7,    78.3,    68.6,    88.0,    47.9,    78.3,    64.9,    83.8,     0.0,     0.0,     0.0,     0.0,     0.0,     0.0,     0.0,     0.0,Megawatt Hours (MWh),064EJI,NODX,064 ,N16,FutOnly
PJM.JCPL_month_off_dap - NODAL EXCHANGE,260804,2026-08-04,064EJJ,NODX,01,064 ,   48967,   31772,   35805,    1860,    2537,    1280,    3270,    4490,       0,    4240,      50,     480,   42902,   44642,    6065,    4325,   48967,   31772,   35805,    1860,    2537,    1280,    3270,    4490,       0,    4240,      50,     480,   42902,   44642,    6065,    4325,       0,       0,       0,       0,       0,       0,       0,       0,       0,       0,       0,       0,       0,       0,       0,       0,      65,    -510,    -130,     105,       0,     -35,       0,       0,       0,     -15,      50,      25,    -430,     -90,     495,     155,  100.0,   64.9,   73.1,    3.8,    5.2,    2.6,    6.7,    9.2,    0.0,    8.7,    0.1,    1.0,   87.6,   91.2,   12.4,    8.8,  100.0,   64.9,   73.1,    3.8,    5.2,    2.6,    6.7,    9.2,    0.0,    8.7,    0.1,    1.0,   87.6,   91.2,   12.4,    8.8,  100.0,    0.0,    0.0,    0.0,    0.0,    0.0,    0.0,    0.0,    0.0,    0.0,    0.0,    0.0,    0.0,    0.0,    0.0,    0.0,     29,     14,      8,.,.,      5,.,.,      0,.,.,.,     24,     17,     29,     14,      8,.,.,      5,.,.,      0,.,.,.,     24,     17,      0,      0,      0,      0,      0,      0,      0,      0,      0,      0,      0,      0,      0,      0,    50.1,    78.6,    68.0,    86.8,    47.6,    78.6,    65.5,    84.4,    50.1,    78.6,    68.0,    86.8,    47.6,    78.6,    65.5,    84.4,     0.0,     0.0,     0.0,     0.0,     0.0,     0.0,     0.0,     0.0,Megawatt Hours (MWh),064EJJ,NODX,064 ,N16,FutOnly
PJM.METED_month_on_dap - NODAL EXCHANGE,260804,2026-08-04,064EOW,NODX,01,064 ,   13703,   11020,    9250,       0,    2158,     420,     275,     330,      70,       0,     205,     120,   11905,   12553,    1798,    1150,   13703,   11020,    9250,       0,    2158,     420,     275,     330,      70,       0,     205,     120,   11905,   12553,    1798,    1150,       0,       0,       0,       0,       0,       0,       0,       0,       0,       0,       0,       0,       0,       0,       0,       0,     -50,    -100,    -330,       0,     -10,     -50,       0,       0,       0,       0,       0,       0,    -150,    -390,     100,     340,  100.0,   80.4,   67.5,    0.0,   15.7,    3.1,    2.0,    2.4,    0.5,    0.0,    1.5,    0.9,   86.9,   91.6,   13.1,    8.4,  100.0,   80.4,   67.5,    0.0,   15.7,    3.1,    2.0,    2.4,    0.5,    0.0,    1.5,    0.9,   86.9,   91.6,   13.1,    8.4,  100.0,    0.0,    0.0,    0.0,    0.0,    0.0,    0.0,    0.0,    0.0,    0.0,    0.0,    0.0,    0.0,    0.0,    0.0,    0.0,     21,     10,      4,      0,      4,      4,.,.,.,      0,.,.,     17,     11,     21,     10,      4,      0,      4,      4,.,.,.,      0,.,.,     17,     11,      0,      0,      0,      0,      0,      0,      0,      0,      0,      0,      0,      0,      0,      0,    57.3,    75.1,    77.2,    88.1,    57.3,    74.8,    75.4,    83.0,    57.3,    75.1,    77.2,    88.1,    57.3,    74.8,    75.4,    83.0,     0.0,     0.0,     0.0,     0.0,     0.0,     0.0,     0.0,     0.0,Megawatt Hours (MWh),064EOW,NODX,064 ,N16,FutOnly
PJM.METED_month_off_dap - NODAL EXCHANGE,260804,2026-08-04,064EOX,NODX,01,064 ,   13893,   11190,    9480,       0,    2158,     435,     275,     330,      70,       0,     205,     120,   12090,   12798,    1803,    1095,   13893,   11190,    9480,       0,    2158,     435,     275,     330,      70,       0,     205,     120,   12090,   12798,    1803,    1095,       0,       0,       0,       0,       0,       0,       0,       0,       0,       0,       0,       0,       0,       0,       0,       0,      20,     -70,    -260,       0,     -10,     -50,       0,       0,       0,       0,       0,       0,    -120,    -320,     140,     340,  100.0,   80.5,   68.2,    0.0,   15.5,    3.1,    2.0,    2.4,    0.5,    0.0,    1.5,    0.9,   87.0,   92.1,   13.0,    7.9,  100.0,   80.5,   68.2,    0.0,   15.5,    3.1,    2.0,    2.4,    0.5,    0.0,    1.5,    0.9,   87.0,   92.1,   13.0,    7.9,  100.0,    0.0,    0.0,    0.0,    0.0,    0.0,    0.0,    0.0,    0.0,    0.0,    0.0,    0.0,    0.0,    0.0,    0.0,    0.0,     22,     12,      6,      0,      4,      4,.,.,.,      0,.,.,     19,     13,     22,     12,      6,      0,      4,      4,.,.,.,      0,.,.,     19,     13,      0,      0,      0,      0,      0,      0,      0,      0,      0,      0,      0,      0,      0,      0,    54.7,    74.4,    75.7,    87.3,    53.8,    73.1,    71.7,    81.2,    54.7,    74.4,    75.7,    87.3,    53.8,    73.1,    71.7,    81.2,     0.0,     0.0,     0.0,     0.0,     0.0,     0.0,     0.0,     0.0,Megawatt Hours (MWh),064EOX,NODX,064 ,N16,FutOnly
PJM.N ILLINOIS HUB_mo_on_dap - NODAL EXCHANGE,260804,2026-08-04,064ERM,NODX,01,064 ,   89002,   59490,   74570,   14556,    2278,    3086,     300,     350,       0,    2775,       0,       0,   80207,   80284,    8795,    8718,   89002,   59490,   74570,   14556,    2278,    3086,     300,     350,       0,    2775,       0,       0,   80207,   80284,    8795,    8718,       0,       0,       0,       0,       0,       0,       0,       0,       0,       0,       0,       0,       0,       0,       0,       0,     255,    -155,    -219,    -155,    -170,       0,       0,       0,       0,    -200,       0,       0,    -510,    -389,     765,     644,  100.0,   66.8,   83.8,   16.4,    2.6,    3.5,    0.3,    0.4,    0.0,    3.1,    0.0,    0.0,   90.1,   90.2,    9.9,    9.8,  100.0,   66.8,   83.8,   16.4,    2.6,    3.5,    0.3,    0.4,    0.0,    3.1,    0.0,    0.0,   90.1,   90.2,    9.9,    9.8,  100.0,    0.0,    0.0,    0.0,    0.0,    0.0,    0.0,    0.0,    0.0,    0.0,    0.0,    0.0,    0.0,    0.0,    0.0,    0.0,     31,     14,     14,      4,.,      5,.,.,      0,.,      0,      0,     23,     21,     31,     14,     14,      4,.,      5,.,.,      0,.,      0,      0,     23,     21,      0,      0,      0,      0,      0,      0,      0,      0,      0,      0,      0,      0,      0,      0,    55.3,    74.1,    79.1,    81.2,    52.3,    73.8,    72.9,    79.5,    55.3,    74.1,    79.1,    81.2,    52.3,    73.8,    72.9,    79.5,     0.0,     0.0,     0.0,     0.0,     0.0,     0.0,     0.0,     0.0,Megawatt Hours (MWh),064ERM,NODX,064 ,N16,FutOnly
PJM.N ILLINOIS HUB_mo_off_dap - NODAL EXCHANGE,260804,2026-08-04,064ERN,NODX,01,064 ,   86279,   56028,   72396,   15882,    1975,    2909,     300,     350,       0,    2560,       0,       0,   77679,   77630,    8600,    8649,   86279,   56028,   72396,   15882,    1975,    2909,     300,     350,       0,    2560,       0,       0,   77679,   77630,    8600,    8649,       0,       0,       0,       0,       0,       0,       0,       0,       0,       0,       0,       0,       0,       0,       0,       0,     150,    -100,    -195,    -140,    -250,       0,       0,       0,       0,    -200,       0,       0,    -440,    -445,     590,     595,  100.0,   64.9,   83.9,   18.4,    2.3,    3.4,    0.3,    0.4,    0.0,    3.0,    0.0,    0.0,   90.0,   90.0,   10.0,   10.0,  100.0,   64.9,   83.9,   18.4,    2.3,    3.4,    0.3,    0.4,    0.0,    3.0,    0.0,    0.0,   90.0,   90.0,   10.0,   10.0,  100.0,    0.0,    0.0,    0.0,    0.0,    0.0,    0.0,    0.0,    0.0,    0.0,    0.0,    0.0,    0.0,    0.0,    0.0,    0.0,     29,     14,     14,      5,.,      5,.,.,      0,.,      0,      0,     22,     21,     29,     14,     14,      5,.,      5,.,.,      0,.,      0,      0,     22,     21,      0,      0,      0,      0,      0,      0,      0,      0,      0,      0,      0,      0,      0,      0,    56.4,    74.8,    79.2,    81.6,    53.2,    74.5,    73.4,    80.2,    56.4,    74.8,    79.2,    81.6,    53.2,    74.5,    73.4,    80.2,     0.0,     0.0,     0.0,     0.0,     0.0,     0.0,     0.0,     0.0,Megawatt Hours (MWh),064ERN,NODX,064 ,N16,FutOnly
PJM.PECO_month_on_dap - NODAL EXCHANGE,260804,2026-08-04,064EUY,NODX,01,064 ,  114614,   75100,   86252,    4198,   14743,    2017,    2095,    1125,       0,   23595,     221,     234,  107239,  104592,    7375,   10022,  114614,   75100,   86252,    4198,   14743,    2017,    2095,    1125,       0,   23595,     221,     234,  107239,  104592,    7375,   10022,       0,       0,       0,       0,       0,       0,       0,       0,       0,       0,       0,       0,       0,       0,       0,       0,     390,    -920,   -3820,     115,    -170,       0,       0,       0,       0,    -105,     -20,      20,    -890,   -3990,    1280,    4380,  100.0,   65.5,   75.3,    3.7,   12.9,    1.8,    1.8,    1.0,    0.0,   20.6,    0.2,    0.2,   93.6,   91.3,    6.4,    8.7,  100.0,   65.5,   75.3,    3.7,   12.9,    1.8,    1.8,    1.0,    0.0,   20.6,    0.2,    0.2,   93.6,   91.3,    6.4,    8.7,  100.0,    0.0,    0.0,    0.0,    0.0,    0.0,    0.0,    0.0,    0.0,    0.0,    0.0,    0.0,    0.0,    0.0,    0.0,    0.0,     37,     21,     11,.,.,.,.,.,      0,      4,.,.,     30,     22,     37,     21,     11,.,.,.,.,.,      0,      4,.,.,     30,     22,      0,      0,      0,      0,      0,      0,      0,      0,      0,      0,      0,      0,      0,      0,    53.1,    75.0,    73.3,    87.6,    47.0,    72.4,    62.7,    74.8,    53.1,    75.0,    73.3,    87.6,    47.0,    72.4,    62.7,    74.8,     0.0,     0.0,     0.0,     0.0,     0.0,     0.0,     0.0,     0.0,Megawatt Hours (MWh),064EUY,NODX,064 ,N16,FutOnly
PJM.PECO_month_off_dap - NODAL EXCHANGE,260804,2026-08-04,064EUZ,NODX,01,064 ,  113217,   72620,   85632,    4268,   13113,    2015,    2095,     695,     175,   23495,     231,     224,  104892,  102085,    8325,   11132,  113217,   72620,   85632,    4268,   13113,    2015,    2095,     695,     175,   23495,     231,     224,  104892,  102085,    8325,   11132,       0,       0,       0,       0,       0,       0,       0,       0,       0,       0,       0,       0,       0,       0,       0,       0,     510,    -820,   -3800,     115,     -85,       0,       0,       0,       0,     -50,     -20,      20,    -735,   -3885,    1245,    4395,  100.0,   64.1,   75.6,    3.8,   11.6,    1.8,    1.9,    0.6,    0.2,   20.8,    0.2,    0.2,   92.6,   90.2,    7.4,    9.8,  100.0,   64.1,   75.6,    3.8,   11.6,    1.8,    1.9,    0.6,    0.2,   20.8,    0.2,    0.2,   92.6,   90.2,    7.4,    9.8,  100.0,    0.0,    0.0,    0.0,    0.0,    0.0,    0.0,    0.0,    0.0,    0.0,    0.0,    0.0,    0.0,    0.0,    0.0,    0.0,     37,     21,     11,.,.,.,.,.,.,      4,.,.,     31,     22,     37,     21,     11,.,.,.,.,.,.,      4,.,.,     31,     22,      0,      0,      0,      0,      0,      0,      0,      0,      0,      0,      0,      0,      0,      0,    52.5,    74.6,    73.0,    86.8,    46.8,    71.5,    62.5,    73.8,    52.5,    74.6,    73.0,    86.8,    46.8,    71.5,    62.5,    73.8,     0.0,     0.0,     0.0,     0.0,     0.0,     0.0,     0.0,     0.0,Megawatt Hours (MWh),064EUZ,NODX,064 ,N16,FutOnly
PJM.PEPCO_month_on_dap - NODAL EXCHANGE,260804,2026-08-04,064EVG,NODX,01,064 ,   23061,   17822,    9203,     687,    1085,    1714,     790,    2070,       0,       0,    7527,       0,   21013,   21599,    2048,    1462,   23061,   17822,    9203,     687,    1085,    1714,     790,    2070,       0,       0,    7527,       0,   21013,   21599,    2048,    1462,       0,       0,       0,       0,       0,       0,       0,       0,       0,       0,       0,       0,       0,       0,       0,       0,      27,       0,     -65,       0,      85,     -85,       0,       0,       0,       0,       2,       0,     -85,     -63,     112,      90,  100.0,   77.3,   39.9,    3.0,    4.7,    7.4,    3.4,    9.0,    0.0,    0.0,   32.6,    0.0,   91.1,   93.7,    8.9,    6.3,  100.0,   77.3,   39.9,    3.0,    4.7,    7.4,    3.4,    9.0,    0.0,    0.0,   32.6,    0.0,   91.1,   93.7,    8.9,    6.3,  100.0,    0.0,    0.0,    0.0,    0.0,    0.0,    0.0,    0.0,    0.0,    0.0,    0.0,    0.0,    0.0,    0.0,    0.0,    0.0,     28,     17,      8,.,.,      5,.,.,      0,      0,.,      0,     23,     17,     28,     17,      8,.,.,      5,.,.,      0,      0,.,      0,     23,     17,      0,      0,      0,      0,      0,      0,      0,      0,      0,      0,      0,      0,      0,      0,    48.0,    73.5,    70.1,    84.9,    47.5,    69.4,    66.9,    77.4,    48.0,    73.5,    70.1,    84.9,    47.5,    69.4,    66.9,    77.4,     0.0,     0.0,     0.0,     0.0,     0.0,     0.0,     0.0,     0.0,Megawatt Hours (MWh),064EVG,NODX,064 ,N16,FutOnly
PJM.PEPCO_month_off_dap - NODAL EXCHANGE,260804,2026-08-04,064EVH,NODX,01,064 ,   23051,   17812,    9203,     687,    1085,    1714,     790,    2070,       0,       0,    7517,       0,   21003,   21589,    2048,    1462,   23051,   17812,    9203,     687,    1085,    1714,     790,    2070,       0,       0,    7517,       0,   21003,   21589,    2048,    1462,       0,       0,       0,       0,       0,       0,       0,       0,       0,       0,       0,       0,       0,       0,       0,       0,      27,       0,     -65,       0,      85,     -85,       0,       0,       0,       0,       2,       0,     -85,     -63,     112,      90,  100.0,   77.3,   39.9,    3.0,    4.7,    7.4,    3.4,    9.0,    0.0,    0.0,   32.6,    0.0,   91.1,   93.7,    8.9,    6.3,  100.0,   77.3,   39.9,    3.0,    4.7,    7.4,    3.4,    9.0,    0.0,    0.0,   32.6,    0.0,   91.1,   93.7,    8.9,    6.3,  100.0,    0.0,    0.0,    0.0,    0.0,    0.0,    0.0,    0.0,    0.0,    0.0,    0.0,    0.0,    0.0,    0.0,    0.0,    0.0,     28,     17,      8,.,.,      5,.,.,      0,      0,.,      0,     23,     17,     28,     17,      8,.,.,      5,.,.,      0,      0,.,      0,     23,     17,      0,      0,      0,      0,      0,      0,      0,      0,      0,      0,      0,      0,      0,      0,    48.1,    73.4,    70.1,    84.9,    47.5,    69.5,    66.9,    77.4,    48.1,    73.4,    70.1,    84.9,    47.5,    69.5,    66.9,    77.4,     0.0,     0.0,     0.0,     0.0,     0.0,     0.0,     0.0,     0.0,Megawatt Hours (MWh),064EVH,NODX,064 ,N16,FutOnly
PJM.PPL_month_on_dap - NODAL EXCHANGE,260804,2026-08-04,064EWU,NODX,01,064 ,   64275,   52533,   46198,    5490,   11767,    1555,    1345,       0,       0,     150,    2150,     200,   61273,   61870,    3002,    2405,   64275,   52533,   46198,    5490,   11767,    1555,    1345,       0,       0,     150,    2150,     200,   61273,   61870,    3002,    2405,       0,       0,       0,       0,       0,       0,       0,       0,       0,       0,       0,       0,       0,       0,       0,       0,     140,    -385,    -155,    -265,    -135,      25,     340,       0,       0,      30,      50,      -5,    -260,    -220,     400,     360,  100.0,   81.7,   71.9,    8.5,   18.3,    2.4,    2.1,    0.0,    0.0,    0.2,    3.3,    0.3,   95.3,   96.3,    4.7,    3.7,  100.0,   81.7,   71.9,    8.5,   18.3,    2.4,    2.1,    0.0,    0.0,    0.2,    3.3,    0.3,   95.3,   96.3,    4.7,    3.7,  100.0,    0.0,    0.0,    0.0,    0.0,    0.0,    0.0,    0.0,    0.0,    0.0,    0.0,    0.0,    0.0,    0.0,    0.0,    0.0,     39,     23,     14,.,      5,      5,.,      0,      0,.,.,.,     33,     25,     39,     23,     14,.,      5,      5,.,      0,      0,.,.,.,     33,     25,      0,      0,      0,      0,      0,      0,      0,      0,      0,      0,      0,      0,      0,      0,    63.9,    57.8,    76.3,    76.7,    63.2,    56.1,    72.8,    72.7,    63.9,    57.8,    76.3,    76.7,    63.2,    56.1,    72.8,    72.7,     0.0,     0.0,     0.0,     0.0,     0.0,     0.0,     0.0,     0.0,Megawatt Hours (MWh),064EWU,NODX,064 ,N16,FutOnly
PJM.PPL_month_off_dap - NODAL EXCHANGE,260804,2026-08-04,064EWV,NODX,01,064 ,   63895,   52233,   46486,    5500,   11629,    1475,    1345,       0,       0,     150,    1815,     285,   60988,   61690,    2907,    2205,   63895,   52233,   46486,    5500,   11629,    1475,    1345,       0,       0,     150,    1815,     285,   60988,   61690,    2907,    2205,       0,       0,       0,       0,       0,       0,       0,       0,       0,       0,       0,       0,       0,       0,       0,       0,     140,    -465,    -155,    -265,    -135,      25,     340,       0,       0,     -25,      50,      50,    -340,    -165,     480,     305,  100.0,   81.7,   72.8,    8.6,   18.2,    2.3,    2.1,    0.0,    0.0,    0.2,    2.8,    0.4,   95.5,   96.5,    4.5,    3.5,  100.0,   81.7,   72.8,    8.6,   18.2,    2.3,    2.1,    0.0,    0.0,    0.2,    2.8,    0.4,   95.5,   96.5,    4.5,    3.5,  100.0,    0.0,    0.0,    0.0,    0.0,    0.0,    0.0,    0.0,    0.0,    0.0,    0.0,    0.0,    0.0,    0.0,    0.0,    0.0,     39,     22,     13,.,      6,      4,.,      0,      0,.,.,.,     33,     23,     39,     22,     13,.,      6,      4,.,      0,      0,.,.,.,     33,     23,      0,      0,      0,      0,      0,      0,      0,      0,      0,      0,      0,      0,      0,      0,    65.4,    59.4,    77.6,    77.8,    64.7,    58.4,    74.1,    74.4,    65.4,    59.4,    77.6,    77.8,    64.7,    58.4,    74.1,    74.4,     0.0,     0.0,     0.0,     0.0,     0.0,     0.0,     0.0,     0.0,Megawatt Hours (MWh),064EWV,NODX,064 ,N16,FutOnly
PJM PSEG DAP - NODAL EXCHANGE,260804,2026-08-04,064EXE,NODX,01,064 ,   92976,   56880,   51511,   11757,   13730,    1485,    3385,     300,     300,    4450,   10475,    1810,   80067,   79611,   12909,   13365,   92976,   56880,   51511,   11757,   13730,    1485,    3385,     300,     300,    4450,   10475,    1810,   80067,   79611,   12909,   13365,       0,       0,       0,       0,       0,       0,       0,       0,       0,       0,       0,       0,       0,       0,       0,       0,     460,    -435,    -195,     330,    -305,    -130,       0,     300,       0,     -20,    -395,      75,    -180,    -650,     640,    1110,  100.0,   61.2,   55.4,   12.6,   14.8,    1.6,    3.6,    0.3,    0.3,    4.8,   11.3,    1.9,   86.1,   85.6,   13.9,   14.4,  100.0,   61.2,   55.4,   12.6,   14.8,    1.6,    3.6,    0.3,    0.3,    4.8,   11.3,    1.9,   86.1,   85.6,   13.9,   14.4,  100.0,    0.0,    0.0,    0.0,    0.0,    0.0,    0.0,    0.0,    0.0,    0.0,    0.0,    0.0,    0.0,    0.0,    0.0,    0.0,     41,     25,     15,.,      5,      5,.,.,.,.,      4,      4,     37,     28,     41,     25,     15,.,      5,      5,.,.,.,.,      4,      4,     37,     28,      0,      0,      0,      0,      0,      0,      0,      0,      0,      0,      0,      0,      0,      0,    35.0,    51.3,    53.3,    68.4,    30.4,    37.1,    42.8,    52.1,    35.0,    51.3,    53.3,    68.4,    30.4,    37.1,    42.8,    52.1,     0.0,     0.0,     0.0,     0.0,     0.0,     0.0,     0.0,     0.0,Megawatt Hours (MWh),064EXE,NODX,064 ,N16,FutOnly
PJM.PSEG_month_off_dap - NODAL EXCHANGE,260804,2026-08-04,064EXF,NODX,01,064 ,   90345,   54535,   49051,   11852,   13800,    1355,    2860,       0,     600,    3955,   10300,    2085,   77242,   77191,   13103,   13154,   90345,   54535,   49051,   11852,   13800,    1355,    2860,       0,     600,    3955,   10300,    2085,   77242,   77191,   13103,   13154,       0,       0,       0,       0,       0,       0,       0,       0,       0,       0,       0,       0,       0,       0,       0,       0,     315,    -570,    -290,     330,    -105,    -130,    -300,       0,     300,     -20,    -395,      75,    -315,    -545,     630,     860,  100.0,   60.4,   54.3,   13.1,   15.3,    1.5,    3.2,    0.0,    0.7,    4.4,   11.4,    2.3,   85.5,   85.4,   14.5,   14.6,  100.0,   60.4,   54.3,   13.1,   15.3,    1.5,    3.2,    0.0,    0.7,    4.4,   11.4,    2.3,   85.5,   85.4,   14.5,   14.6,  100.0,    0.0,    0.0,    0.0,    0.0,    0.0,    0.0,    0.0,    0.0,    0.0,    0.0,    0.0,    0.0,    0.0,    0.0,    0.0,     41,     25,     15,.,      4,      5,.,      0,.,.,      4,      5,     38,     28,     41,     25,     15,.,      4,      5,.,      0,.,.,      4,      5,     38,     28,      0,      0,      0,      0,      0,      0,      0,      0,      0,      0,      0,      0,      0,      0,    34.3,    53.5,    52.4,    67.8,    30.6,    40.4,    42.2,    53.0,    34.3,    53.5,    52.4,    67.8,    30.6,    40.4,    42.2,    53.0,     0.0,     0.0,     0.0,     0.0,     0.0,     0.0,     0.0,     0.0,Megawatt Hours (MWh),064EXF,NODX,064 ,N16,FutOnly
PJM.WESTERN HUB DAP - NODAL EXCHANGE,260804,2026-08-04,064FHK,NODX,01,064 ,  263205,  168889,  129802,    7503,   31555,    3382,    9590,     630,    1980,    2382,   28990,    3311,  197037,  199650,   66168,   63555,  263205,  168889,  129802,    7503,   31555,    3382,    9590,     630,    1980,    2382,   28990,    3311,  197037,  199650,   66168,   63555,       0,       0,       0,       0,       0,       0,       0,       0,       0,       0,       0,       0,       0,       0,       0,       0,     962,   -6423,   -3042,     275,    -470,     625,     740,       0,    -100,     182,     948,    -439,   -5140,   -2478,    6102,    3440,  100.0,   64.2,   49.3,    2.9,   12.0,    1.3,    3.6,    0.2,    0.8,    0.9,   11.0,    1.3,   74.9,   75.9,   25.1,   24.1,  100.0,   64.2,   49.3,    2.9,   12.0,    1.3,    3.6,    0.2,    0.8,    0.9,   11.0,    1.3,   74.9,   75.9,   25.1,   24.1,  100.0,    0.0,    0.0,    0.0,    0.0,    0.0,    0.0,    0.0,    0.0,    0.0,    0.0,    0.0,    0.0,    0.0,    0.0,    0.0,     52,     26,     27,      4,      5,      8,.,.,.,.,      5,      5,     44,     45,     52,     26,     27,      4,      5,      8,.,.,.,.,      5,      5,     44,     45,      0,      0,      0,      0,      0,      0,      0,      0,      0,      0,      0,      0,      0,      0,    42.1,    32.1,    53.6,    50.4,    35.0,    25.6,    43.3,    39.8,    42.1,    32.1,    53.6,    50.4,    35.0,    25.6,    43.3,    39.8,     0.0,     0.0,     0.0,     0.0,     0.0,     0.0,     0.0,     0.0,Megawatt Hours (MWh),064FHK,NODX,064 ,N16,FutOnly
PJM.WESTERN HUB_month_off_dap - NODAL EXCHANGE,260804,2026-08-04,064FHL,NODX,01,064 ,  257901,  165614,  119621,    8470,   31424,    3855,    3697,    1325,    3890,    2182,   29793,    3444,  191152,  193352,   66749,   64549,  257901,  165614,  119621,    8470,   31424,    3855,    3697,    1325,    3890,    2182,   29793,    3444,  191152,  193352,   66749,   64549,       0,       0,       0,       0,       0,       0,       0,       0,       0,       0,       0,       0,       0,       0,       0,       0,    2106,   -5557,   -1769,     540,   -1010,     920,     415,    -325,     -75,     182,    1123,    -426,   -4001,   -1562,    6107,    3668,  100.0,   64.2,   46.4,    3.3,   12.2,    1.5,    1.4,    0.5,    1.5,    0.8,   11.6,    1.3,   74.1,   75.0,   25.9,   25.0,  100.0,   64.2,   46.4,    3.3,   12.2,    1.5,    1.4,    0.5,    1.5,    0.8,   11.6,    1.3,   74.1,   75.0,   25.9,   25.0,  100.0,    0.0,    0.0,    0.0,    0.0,    0.0,    0.0,    0.0,    0.0,    0.0,    0.0,    0.0,    0.0,    0.0,    0.0,    0.0,     51,     25,     27,      5,      4,      8,.,.,.,.,      5,      6,     43,     46,     51,     25,     27,      5,      4,      8,.,.,.,.,      5,      6,     43,     46,      0,      0,      0,      0,      0,      0,      0,      0,      0,      0,      0,      0,      0,      0,    42.9,    30.6,    53.2,    48.6,    37.1,    24.5,    43.5,    38.5,    42.9,    30.6,    53.2,    48.6,    37.1,    24.5,    43.5,    38.5,     0.0,     0.0,     0.0,     0.0,     0.0,     0.0,     0.0,     0.0,Megawatt Hours (MWh),064FHL,NODX,064 ,N16,FutOnly
MISO.INDIANA.HUB_month_on_rtp - NODAL EXCHANGE,260804,2026-08-04,064FJY,NODX,01,064 ,   29310,   22070,   11920,     430,    7955,    2785,     750,       0,       0,       0,    3795,       0,   26035,   26455,    3275,    2855,   29310,   22070,   11920,     430,    7955,    2785,     750,       0,       0,       0,    3795,       0,   26035,   26455,    3275,    2855,       0,       0,       0,       0,       0,       0,       0,       0,       0,       0,       0,       0,       0,       0,       0,       0,    2850,    3015,    3750,       0,    -295,     115,       0,       0,       0,       0,    -450,       0,    3130,    3120,    -280,    -270,  100.0,   75.3,   40.7,    1.5,   27.1,    9.5,    2.6,    0.0,    0.0,    0.0,   12.9,    0.0,   88.8,   90.3,   11.2,    9.7,  100.0,   75.3,   40.7,    1.5,   27.1,    9.5,    2.6,    0.0,    0.0,    0.0,   12.9,    0.0,   88.8,   90.3,   11.2,    9.7,  100.0,    0.0,    0.0,    0.0,    0.0,    0.0,    0.0,    0.0,    0.0,    0.0,    0.0,    0.0,    0.0,    0.0,    0.0,    0.0,     21,     12,     11,.,.,      4,.,      0,      0,      0,.,      0,     18,     16,     21,     12,     11,.,.,      4,.,      0,      0,      0,.,      0,     18,     16,      0,      0,      0,      0,      0,      0,      0,      0,      0,      0,      0,      0,      0,      0,    61.9,    68.4,    77.6,    81.2,    54.4,    54.5,    59.6,    60.3,    61.9,    68.4,    77.6,    81.2,    54.4,    54.5,    59.6,    60.3,     0.0,     0.0,     0.0,     0.0,     0.0,     0.0,     0.0,     0.0,Megawatt Hours (MWh),064FJY,NODX,064 ,N16,FutOnly
MISO.INDIANA.HUB_month_off_rtp - NODAL EXCHANGE,260804,2026-08-04,064FJZ,NODX,01,064 ,   27980,   21760,   12475,     570,    8045,    2640,     900,       0,       0,       0,    2965,       0,   25870,   26125,    2110,    1855,   27980,   21760,   12475,     570,    8045,    2640,     900,       0,       0,       0,    2965,       0,   25870,   26125,    2110,    1855,       0,       0,       0,       0,       0,       0,       0,       0,       0,       0,       0,       0,       0,       0,       0,       0,    3230,    2920,    4100,       0,     -55,     310,       0,       0,       0,       0,   -1125,       0,    3230,    3230,       0,       0,  100.0,   77.8,   44.6,    2.0,   28.8,    9.4,    3.2,    0.0,    0.0,    0.0,   10.6,    0.0,   92.5,   93.4,    7.5,    6.6,  100.0,   77.8,   44.6,    2.0,   28.8,    9.4,    3.2,    0.0,    0.0,    0.0,   10.6,    0.0,   92.5,   93.4,    7.5,    6.6,  100.0,    0.0,    0.0,    0.0,    0.0,    0.0,    0.0,    0.0,    0.0,    0.0,    0.0,    0.0,    0.0,    0.0,    0.0,    0.0,     22,     11,     12,.,      4,      4,.,      0,      0,      0,.,      0,     17,     18,     22,     11,     12,.,      4,      4,.,      0,      0,      0,.,      0,     17,     18,      0,      0,      0,      0,      0,      0,      0,      0,      0,      0,      0,      0,      0,      0,    64.5,    68.5,    80.2,    83.6,    55.1,    56.3,    62.5,    62.0,    64.5,    68.5,    80.2,    83.6,    55.1,    56.3,    62.5,    62.0,     0.0,     0.0,     0.0,     0.0,     0.0,     0.0,     0.0,     0.0,Megawatt Hours (MWh),064FJZ,NODX,064 ,N16,FutOnly
PJM.AEP-DAYTON HUB_mo_on_rtp - NODAL EXCHANGE,260804,2026-08-04,064FKA,NODX,01,064 ,   76265,   42705,   52305,    5868,     497,    3772,    1792,    2870,    1625,    7221,     655,    1615,   64598,   63339,   11667,   12926,   76265,   42705,   52305,    5868,     497,    3772,    1792,    2870,    1625,    7221,     655,    1615,   64598,   63339,   11667,   12926,       0,       0,       0,       0,       0,       0,       0,       0,       0,       0,       0,       0,       0,       0,       0,       0,   -1223,     -38,   -4113,    -346,     160,     -45,       0,     -25,       0,   -2385,     -45,     965,   -1849,   -3103,     626,    1880,  100.0,   56.0,   68.6,    7.7,    0.7,    4.9,    2.3,    3.8,    2.1,    9.5,    0.9,    2.1,   84.7,   83.1,   15.3,   16.9,  100.0,   56.0,   68.6,    7.7,    0.7,    4.9,    2.3,    3.8,    2.1,    9.5,    0.9,    2.1,   84.7,   83.1,   15.3,   16.9,  100.0,    0.0,    0.0,    0.0,    0.0,    0.0,    0.0,    0.0,    0.0,    0.0,    0.0,    0.0,    0.0,    0.0,    0.0,    0.0,     42,     21,     21,      4,.,      7,.,.,.,      7,.,.,     38,     37,     42,     21,     21,      4,.,      7,.,.,.,      7,.,.,     38,     37,      0,      0,      0,      0,      0,      0,      0,      0,      0,      0,      0,      0,      0,      0,    36.5,    45.9,    54.3,    61.3,    24.0,    33.9,    35.3,    44.8,    36.5,    45.9,    54.3,    61.3,    24.0,    33.9,    35.3,    44.8,     0.0,     0.0,     0.0,     0.0,     0.0,     0.0,     0.0,     0.0,Megawatt Hours (MWh),064FKA,NODX,064 ,N16,FutOnly
PJM.AEP-DAYTON HUB_mo_off_rtp - NODAL EXCHANGE,260804,2026-08-04,064FKB,NODX,01,064 ,   74666,   47660,   49753,    4137,     664,    4268,       0,    4490,     895,    4637,     600,    2350,   63947,   63020,   10719,   11646,   74666,   47660,   49753,    4137,     664,    4268,       0,    4490,     895,    4637,     600,    2350,   63947,   63020,   10719,   11646,       0,       0,       0,       0,       0,       0,       0,       0,       0,       0,       0,       0,       0,       0,       0,       0,     508,    1008,   -2237,     422,     120,     270,       0,     -25,       0,   -2315,       0,     985,     370,    -887,     138,    1395,  100.0,   63.8,   66.6,    5.5,    0.9,    5.7,    0.0,    6.0,    1.2,    6.2,    0.8,    3.1,   85.6,   84.4,   14.4,   15.6,  100.0,   63.8,   66.6,    5.5,    0.9,    5.7,    0.0,    6.0,    1.2,    6.2,    0.8,    3.1,   85.6,   84.4,   14.4,   15.6,  100.0,    0.0,    0.0,    0.0,    0.0,    0.0,    0.0,    0.0,    0.0,    0.0,    0.0,    0.0,    0.0,    0.0,    0.0,    0.0,     39,     18,     20,      5,.,      7,      0,      4,.,      6,.,.,     33,     34,     39,     18,     20,      5,.,      7,      0,      4,.,      6,.,.,     33,     34,      0,      0,      0,      0,      0,      0,      0,      0,      0,      0,      0,      0,      0,      0,    41.8,    45.3,    59.3,    60.1,    32.1,    33.8,    41.2,    45.0,    41.8,    45.3,    59.3,    60.1,    32.1,    33.8,    41.2,    45.0,     0.0,     0.0,     0.0,     0.0,     0.0,     0.0,     0.0,     0.0,Megawatt Hours (MWh),064FKB,NODX,064 ,N16,FutOnly
PJM.N ILLINOIS HUB_mo_on_rtp - NODAL EXCHANGE,260804,2026-08-04,064FKC,NODX,01,064 ,   68689,   51551,   52647,    7000,    6546,    2475,     845,       0,     455,     325,      85,      85,   62736,   62293,    5953,    6396,   68689,   51551,   52647,    7000,    6546,    2475,     845,       0,     455,     325,      85,      85,   62736,   62293,    5953,    6396,       0,       0,       0,       0,       0,       0,       0,       0,       0,       0,       0,       0,       0,       0,       0,       0,     200,     306,    -400,      80,     320,    -100,       0,       0,       0,    -100,     -10,      10,     196,    -180,       4,     380,  100.0,   75.0,   76.6,   10.2,    9.5,    3.6,    1.2,    0.0,    0.7,    0.5,    0.1,    0.1,   91.3,   90.7,    8.7,    9.3,  100.0,   75.0,   76.6,   10.2,    9.5,    3.6,    1.2,    0.0,    0.7,    0.5,    0.1,    0.1,   91.3,   90.7,    8.7,    9.3,  100.0,    0.0,    0.0,    0.0,    0.0,    0.0,    0.0,    0.0,    0.0,    0.0,    0.0,    0.0,    0.0,    0.0,    0.0,    0.0,     29,     14,     13,.,      5,      4,.,      0,.,.,.,.,     22,     22,     29,     14,     13,.,      5,      4,.,      0,.,.,.,.,     22,     22,      0,      0,      0,      0,      0,      0,      0,      0,      0,      0,      0,      0,      0,      0,    53.7,    58.4,    75.0,    76.5,    40.5,    45.9,    55.2,    58.4,    53.7,    58.4,    75.0,    76.5,    40.5,    45.9,    55.2,    58.4,     0.0,     0.0,     0.0,     0.0,     0.0,     0.0,     0.0,     0.0,Megawatt Hours (MWh),064FKC,NODX,064 ,N16,FutOnly
PJM.N ILLINOIS HUB_mo_off_rtp - NODAL EXCHANGE,260804,2026-08-04,064FKD,NODX,01,064 ,   66626,   46003,   50999,    7335,    5956,    1600,    3539,       0,     465,     435,      10,      50,   59427,   59080,    7199,    7546,   66626,   46003,   50999,    7335,    5956,    1600,    3539,       0,     465,     435,      10,      50,   59427,   59080,    7199,    7546,       0,       0,       0,       0,       0,       0,       0,       0,       0,       0,       0,       0,       0,       0,       0,       0,     195,     430,    -310,       0,     300,    -250,       0,       0,       0,    -110,     -30,      20,      90,    -270,     105,     465,  100.0,   69.0,   76.5,   11.0,    8.9,    2.4,    5.3,    0.0,    0.7,    0.7,    0.0,    0.1,   89.2,   88.7,   10.8,   11.3,  100.0,   69.0,   76.5,   11.0,    8.9,    2.4,    5.3,    0.0,    0.7,    0.7,    0.0,    0.1,   89.2,   88.7,   10.8,   11.3,  100.0,    0.0,    0.0,    0.0,    0.0,    0.0,    0.0,    0.0,    0.0,    0.0,    0.0,    0.0,    0.0,    0.0,    0.0,    0.0,     27,     13,     15,.,      5,.,.,      0,.,.,.,.,     20,     25,     27,     13,     15,.,      5,.,.,      0,.,.,.,.,     20,     25,      0,      0,      0,      0,      0,      0,      0,      0,      0,      0,      0,      0,      0,      0,    53.2,    57.4,    71.5,    73.9,    33.0,    39.0,    44.8,    48.4,    53.2,    57.4,    71.5,    73.9,    33.0,    39.0,    44.8,    48.4,     0.0,     0.0,     0.0,     0.0,     0.0,     0.0,     0.0,     0.0,Megawatt Hours (MWh),064FKD,NODX,064 ,N16,FutOnly
PJM.WESTERN HUB_month_on_rtp - NODAL EXCHANGE,260804,2026-08-04,064FKE,NODX,01,064 ,  252279,  133543,  183852,   58407,    3886,   10190,    7075,    6115,    2325,    4827,   10430,    2325,  218692,  219123,   33587,   33156,  252279,  133543,  183852,   58407,    3886,   10190,    7075,    6115,    2325,    4827,   10430,    2325,  218692,  219123,   33587,   33156,       0,       0,       0,       0,       0,       0,       0,       0,       0,       0,       0,       0,       0,       0,       0,       0,    2604,    -740,   -1969,   -1024,       0,     750,    -520,     600,     125,     -45,    -300,     125,   -1329,    -669,    3933,    3273,  100.0,   52.9,   72.9,   23.2,    1.5,    4.0,    2.8,    2.4,    0.9,    1.9,    4.1,    0.9,   86.7,   86.9,   13.3,   13.1,  100.0,   52.9,   72.9,   23.2,    1.5,    4.0,    2.8,    2.4,    0.9,    1.9,    4.1,    0.9,   86.7,   86.9,   13.3,   13.1,  100.0,    0.0,    0.0,    0.0,    0.0,    0.0,    0.0,    0.0,    0.0,    0.0,    0.0,    0.0,    0.0,    0.0,    0.0,    0.0,     51,     24,     27,      6,.,      7,.,.,.,      7,.,.,     43,     42,     51,     24,     27,      6,.,      7,.,.,.,      7,.,.,     43,     42,      0,      0,      0,      0,      0,      0,      0,      0,      0,      0,      0,      0,      0,      0,    37.8,    47.4,    56.8,    62.5,    34.6,    41.6,    49.6,    52.5,    37.8,    47.4,    56.8,    62.5,    34.6,    41.6,    49.6,    52.5,     0.0,     0.0,     0.0,     0.0,     0.0,     0.0,     0.0,     0.0,Megawatt Hours (MWh),064FKE,NODX,064 ,N16,FutOnly
PJM.WESTERN HUB_month_off_rtp - NODAL EXCHANGE,260804,2026-08-04,064FKF,NODX,01,064 ,  207777,  106902,  138031,   36885,    6741,    9826,    8883,    4360,    2615,    4013,    7775,    3499,  172623,  172847,   35154,   34930,  207777,  106902,  138031,   36885,    6741,    9826,    8883,    4360,    2615,    4013,    7775,    3499,  172623,  172847,   35154,   34930,       0,       0,       0,       0,       0,       0,       0,       0,       0,       0,       0,       0,       0,       0,       0,       0,    1916,    -164,   -1278,     -12,     -10,     674,     -40,     600,    -200,       0,     450,    -185,      73,      51,    1843,    1865,  100.0,   51.5,   66.4,   17.8,    3.2,    4.7,    4.3,    2.1,    1.3,    1.9,    3.7,    1.7,   83.1,   83.2,   16.9,   16.8,  100.0,   51.5,   66.4,   17.8,    3.2,    4.7,    4.3,    2.1,    1.3,    1.9,    3.7,    1.7,   83.1,   83.2,   16.9,   16.8,  100.0,    0.0,    0.0,    0.0,    0.0,    0.0,    0.0,    0.0,    0.0,    0.0,    0.0,    0.0,    0.0,    0.0,    0.0,    0.0,     50,     25,     26,      5,.,      6,.,.,.,      5,      4,      5,     42,     43,     50,     25,     26,      5,.,      6,.,.,.,      5,      4,      5,     42,     43,      0,      0,      0,      0,      0,      0,      0,      0,      0,      0,      0,      0,      0,      0,    38.2,    44.5,    54.1,    58.1,    32.7,    39.9,    45.6,    48.5,    38.2,    44.5,    54.1,    58.1,    32.7,    39.9,    45.6,    48.5,     0.0,     0.0,     0.0,     0.0,     0.0,     0.0,     0.0,     0.0,Megawatt Hours (MWh),064FKF,NODX,064 ,N16,FutOnly
ERCOT.HB_NORTH_month_on_rtp - NODAL EXCHANGE,260804,2026-08-04,064FOK,NODX,01,064 ,   85647,   68846,   53747,    4006,   18940,    1130,       0,     900,       0,    1850,    1135,      50,   75882,   75902,    9765,    9745,   85647,   68846,   53747,    4006,   18940,    1130,       0,     900,       0,    1850,    1135,      50,   75882,   75902,    9765,    9745,       0,       0,       0,       0,       0,       0,       0,       0,       0,       0,       0,       0,       0,       0,       0,       0,    3815,    2985,    2910,     -75,       0,      50,       0,       0,       0,       0,       0,       0,    2960,    2960,     855,     855,  100.0,   80.4,   62.8,    4.7,   22.1,    1.3,    0.0,    1.1,    0.0,    2.2,    1.3,    0.1,   88.6,   88.6,   11.4,   11.4,  100.0,   80.4,   62.8,    4.7,   22.1,    1.3,    0.0,    1.1,    0.0,    2.2,    1.3,    0.1,   88.6,   88.6,   11.4,   11.4,  100.0,    0.0,    0.0,    0.0,    0.0,    0.0,    0.0,    0.0,    0.0,    0.0,    0.0,    0.0,    0.0,    0.0,    0.0,    0.0,     27,     15,     16,.,      4,.,      0,.,      0,.,.,.,     20,     24,     27,     15,     16,.,      4,.,      0,.,      0,.,.,.,     20,     24,      0,      0,      0,      0,      0,      0,      0,      0,      0,      0,      0,      0,      0,      0,    65.4,    47.3,    78.3,    68.9,    61.0,    44.7,    68.4,    60.3,    65.4,    47.3,    78.3,    68.9,    61.0,    44.7,    68.4,    60.3,     0.0,     0.0,     0.0,     0.0,     0.0,     0.0,     0.0,     0.0,Megawatt Hours (MWh),064FOK,NODX,064 ,N16,FutOnly
ERCOT.HB_NORTH_month_off_rtp - NODAL EXCHANGE,260804,2026-08-04,064FOL,NODX,01,064 ,   82472,   69201,   55002,    3506,   16480,    1430,       0,       0,       0,       0,    1135,       0,   74137,   74047,    8335,    8425,   82472,   69201,   55002,    3506,   16480,    1430,       0,       0,       0,       0,    1135,       0,   74137,   74047,    8335,    8425,       0,       0,       0,       0,       0,       0,       0,       0,       0,       0,       0,       0,       0,       0,       0,       0,    3105,    2350,    2275,     -75,       0,      50,       0,       0,       0,       0,       0,       0,    2325,    2325,     780,     780,  100.0,   83.9,   66.7,    4.3,   20.0,    1.7,    0.0,    0.0,    0.0,    0.0,    1.4,    0.0,   89.9,   89.8,   10.1,   10.2,  100.0,   83.9,   66.7,    4.3,   20.0,    1.7,    0.0,    0.0,    0.0,    0.0,    1.4,    0.0,   89.9,   89.8,   10.1,   10.2,  100.0,    0.0,    0.0,    0.0,    0.0,    0.0,    0.0,    0.0,    0.0,    0.0,    0.0,    0.0,    0.0,    0.0,    0.0,    0.0,     24,     13,     16,.,      4,      4,      0,      0,      0,      0,.,      0,     18,     22,     24,     13,     16,.,      4,      4,      0,      0,      0,      0,.,      0,     18,     22,      0,      0,      0,      0,      0,      0,      0,      0,      0,      0,      0,      0,      0,      0,    69.9,    49.4,    84.6,    70.5,    64.3,    46.7,    72.1,    64.5,    69.9,    49.4,    84.6,    70.5,    64.3,    46.7,    72.1,    64.5,     0.0,     0.0,     0.0,     0.0,     0.0,     0.0,     0.0,     0.0,Megawatt Hours (MWh),064FOL,NODX,064 ,N16,FutOnly
PJM.ATSI_month_on_dap - NODAL EXCHANGE,260804,2026-08-04,064FZA,NODX,01,064 ,   30202,   19468,   16425,    1328,    7240,    1347,       0,     150,       0,    5125,    1315,     315,   27583,   26792,    2619,    3410,   30202,   19468,   16425,    1328,    7240,    1347,       0,     150,       0,    5125,    1315,     315,   27583,   26792,    2619,    3410,       0,       0,       0,       0,       0,       0,       0,       0,       0,       0,       0,       0,       0,       0,       0,       0,     928,     234,    -315,       0,    -248,     -75,       0,       0,       0,     300,     180,       0,     459,    -458,     469,    1386,  100.0,   64.5,   54.4,    4.4,   24.0,    4.5,    0.0,    0.5,    0.0,   17.0,    4.4,    1.0,   91.3,   88.7,    8.7,   11.3,  100.0,   64.5,   54.4,    4.4,   24.0,    4.5,    0.0,    0.5,    0.0,   17.0,    4.4,    1.0,   91.3,   88.7,    8.7,   11.3,  100.0,    0.0,    0.0,    0.0,    0.0,    0.0,    0.0,    0.0,    0.0,    0.0,    0.0,    0.0,    0.0,    0.0,    0.0,    0.0,     21,      9,      5,.,.,.,      0,.,      0,.,.,.,     16,     12,     21,      9,      5,.,.,.,      0,.,      0,.,.,.,     16,     12,      0,      0,      0,      0,      0,      0,      0,      0,      0,      0,      0,      0,      0,      0,    66.3,    72.1,    84.8,    85.0,    62.5,    71.8,    77.5,    78.6,    66.3,    72.1,    84.8,    85.0,    62.5,    71.8,    77.5,    78.6,     0.0,     0.0,     0.0,     0.0,     0.0,     0.0,     0.0,     0.0,Megawatt Hours (MWh),064FZA,NODX,064 ,N16,FutOnly
PJM.ATSI_month_off_dap - NODAL EXCHANGE,260804,2026-08-04,064FZB,NODX,01,064 ,   30132,   19398,   16375,    1328,    7240,    1347,       0,     150,       0,    5125,    1315,     315,   27513,   26742,    2619,    3390,   30132,   19398,   16375,    1328,    7240,    1347,       0,     150,       0,    5125,    1315,     315,   27513,   26742,    2619,    3390,       0,       0,       0,       0,       0,       0,       0,       0,       0,       0,       0,       0,       0,       0,       0,       0,     928,     234,    -315,       0,    -248,     -75,       0,       0,       0,     300,     180,       0,     459,    -458,     469,    1386,  100.0,   64.4,   54.3,    4.4,   24.0,    4.5,    0.0,    0.5,    0.0,   17.0,    4.4,    1.0,   91.3,   88.7,    8.7,   11.3,  100.0,   64.4,   54.3,    4.4,   24.0,    4.5,    0.0,    0.5,    0.0,   17.0,    4.4,    1.0,   91.3,   88.7,    8.7,   11.3,  100.0,    0.0,    0.0,    0.0,    0.0,    0.0,    0.0,    0.0,    0.0,    0.0,    0.0,    0.0,    0.0,    0.0,    0.0,    0.0,     21,      9,      5,.,.,.,      0,.,      0,.,.,.,     16,     12,     21,      9,      5,.,.,.,      0,.,      0,.,.,.,     16,     12,      0,      0,      0,      0,      0,      0,      0,      0,      0,      0,      0,      0,      0,      0,    66.2,    72.3,    84.7,    85.2,    62.4,    72.0,    77.4,    78.7,    66.2,    72.3,    84.7,    85.2,    62.4,    72.0,    77.4,    78.7,     0.0,     0.0,     0.0,     0.0,     0.0,     0.0,     0.0,     0.0,Megawatt Hours (MWh),064FZB,NODX,064 ,N16,FutOnly
ERCOT.HB_NORTH_month_7x8_rtp - NODAL EXCHANGE,260804,2026-08-04,064GBD,NODX,01,064 ,   39795,   23965,   30695,    2950,    1950,    1050,       0,    1650,    2350,    7200,       0,       0,   37515,   37695,    2280,    2100,   39795,   23965,   30695,    2950,    1950,    1050,       0,    1650,    2350,    7200,       0,       0,   37515,   37695,    2280,    2100,       0,       0,       0,       0,       0,       0,       0,       0,       0,       0,       0,       0,       0,       0,       0,       0,       0,       0,       0,       0,       0,       0,       0,       0,       0,       0,       0,       0,       0,       0,       0,       0,  100.0,   60.2,   77.1,    7.4,    4.9,    2.6,    0.0,    4.1,    5.9,   18.1,    0.0,    0.0,   94.3,   94.7,    5.7,    5.3,  100.0,   60.2,   77.1,    7.4,    4.9,    2.6,    0.0,    4.1,    5.9,   18.1,    0.0,    0.0,   94.3,   94.7,    5.7,    5.3,  100.0,    0.0,    0.0,    0.0,    0.0,    0.0,    0.0,    0.0,    0.0,    0.0,    0.0,    0.0,    0.0,    0.0,    0.0,    0.0,     21,     14,     11,.,.,.,      0,.,.,.,      0,      0,     19,     15,     21,     14,     11,.,.,.,      0,.,.,.,      0,      0,     19,     15,      0,      0,      0,      0,      0,      0,      0,      0,      0,      0,      0,      0,      0,      0,    54.5,    60.7,    74.9,    84.2,    46.4,    45.4,    55.1,    58.3,    54.5,    60.7,    74.9,    84.2,    46.4,    45.4,    55.1,    58.3,     0.0,     0.0,     0.0,     0.0,     0.0,     0.0,     0.0,     0.0,Megawatt Hours (MWh),064GBD,NODX,064 ,N16,FutOnly
ERCOT North 345KV Hub RT 7x16 - ICE FUTURES ENERGY DIV,260804,2026-08-04,064IBM,IFED,01,064 ,   17522,   13187,   11216,    1654,    1285,    1596,       0,    2080,       0,     325,     725,     500,   17262,   17402,     260,     120,   17522,   13187,   11216,    1654,    1285,    1596,       0,    2080,       0,     325,     725,     500,   17262,   17402,     260,     120,       0,       0,       0,       0,       0,       0,       0,       0,       0,       0,       0,       0,       0,       0,       0,       0,      60,      60,      60,       0,       0,       0,       0,       0,       0,       0,       0,       0,      60,      60,       0,       0,  100.0,   75.3,   64.0,    9.4,    7.3,    9.1,    0.0,   11.9,    0.0,    1.9,    4.1,    2.9,   98.5,   99.3,    1.5,    0.7,  100.0,   75.3,   64.0,    9.4,    7.3,    9.1,    0.0,   11.9,    0.0,    1.9,    4.1,    2.9,   98.5,   99.3,    1.5,    0.7,  100.0,    0.0,    0.0,    0.0,    0.0,    0.0,    0.0,    0.0,    0.0,    0.0,    0.0,    0.0,    0.0,    0.0,    0.0,    0.0,     29,     15,     13,.,.,      4,      0,.,      0,.,.,      4,     24,     24,     29,     15,     13,.,.,      4,      0,.,      0,.,.,      4,     24,     24,      0,      0,      0,      0,      0,      0,      0,      0,      0,      0,      0,      0,      0,      0,    42.1,    49.5,    67.0,    72.0,    26.2,    31.0,    36.8,    40.5,    42.1,    49.5,    67.0,    72.0,    26.2,    31.0,    36.8,    40.5,     0.0,     0.0,     0.0,     0.0,     0.0,     0.0,     0.0,     0.0,(1MW for about 352 Hours),064IBM,IFED,064 ,N16,FutOnly
PROPANE ARGUS CIF ARA MINI - ICE FUTURES ENERGY DIV,260804,2026-08-04,066391,IFED,01,066 ,    5904,    3765,    1069,    1058,     301,     252,       0,       0,       0,     180,    3504,      84,    5339,    5210,     565,     694,    5904,    3765,    1069,    1058,     301,     252,       0,       0,       0,     180,    3504,      84,    5339,    5210,     565,     694,       0,       0,       0,       0,       0,       0,       0,       0,       0,       0,       0,       0,       0,       0,       0,       0,    -736,    -191,    -376,       8,     279,    -358,       0,       0,       0,    -121,    -276,     -28,    -690,    -759,     -46,      23,  100.0,   63.8,   18.1,   17.9,    5.1,    4.3,    0.0,    0.0,    0.0,    3.0,   59.3,    1.4,   90.4,   88.2,    9.6,   11.8,  100.0,   63.8,   18.1,   17.9,    5.1,    4.3,    0.0,    0.0,    0.0,    3.0,   59.3,    1.4,   90.4,   88.2,    9.6,   11.8,  100.0,    0.0,    0.0,    0.0,    0.0,    0.0,    0.0,    0.0,    0.0,    0.0,    0.0,    0.0,    0.0,    0.0,    0.0,    0.0,     28,     13,      8,      5,.,.,      0,      0,      0,.,      5,.,     20,     16,     28,     13,      8,      5,.,.,      0,      0,      0,.,      5,.,     20,     16,      0,      0,      0,      0,      0,      0,      0,      0,      0,      0,      0,      0,      0,      0,    40.2,    67.6,    66.2,    84.0,    39.8,    66.2,    65.8,    80.1,    40.2,    67.6,    66.2,    84.0,    39.8,    66.2,    65.8,    80.1,     0.0,     0.0,     0.0,     0.0,     0.0,     0.0,     0.0,     0.0,100 metric tonnes,066391,IFED,066 ,N13,FutOnly
PROPANE ARGUS FAR EAST MINI - ICE FUTURES ENERGY DIV,260804,2026-08-04,066393,IFED,01,066 ,    7138,    2811,    1875,     405,    1645,     195,       0,       0,       0,    1468,    1945,     595,    5474,    6255,    1664,     883,    7138,    2811,    1875,     405,    1645,     195,       0,       0,       0,    1468,    1945,     595,    5474,    6255,    1664,     883,       0,       0,       0,       0,       0,       0,       0,       0,       0,       0,       0,       0,       0,       0,       0,       0,   -1245,   -1441,    -370,     -45,     -25,     -10,       0,       0,       0,      96,    -748,     -95,   -1495,   -1248,     250,       3,  100.0,   39.4,   26.3,    5.7,   23.0,    2.7,    0.0,    0.0,    0.0,   20.6,   27.2,    8.3,   76.7,   87.6,   23.3,   12.4,  100.0,   39.4,   26.3,    5.7,   23.0,    2.7,    0.0,    0.0,    0.0,   20.6,   27.2,    8.3,   76.7,   87.6,   23.3,   12.4,  100.0,    0.0,    0.0,    0.0,    0.0,    0.0,    0.0,    0.0,    0.0,    0.0,    0.0,    0.0,    0.0,    0.0,    0.0,    0.0,     57,     26,     20,.,      4,      5,      0,      0,      0,     12,      9,     13,     51,     40,     57,     26,     20,.,      4,      5,      0,      0,      0,     12,      9,     13,     51,     40,      0,      0,      0,      0,      0,      0,      0,      0,      0,      0,      0,      0,      0,      0,    20.3,    50.8,    33.8,    63.8,    18.6,    46.9,    29.4,    55.4,    20.3,    50.8,    33.8,    63.8,    18.6,    46.9,    29.4,    55.4,     0.0,     0.0,     0.0,     0.0,     0.0,     0.0,     0.0,     0.0,100  metric tonnes,066393,IFED,066 ,N13,FutOnly
ARGUS CIF ARA Lg Finl Propane - ICE FUTURES ENERGY DIV,260804,2026-08-04,066411,IFED,01,066 ,    3656,    1344,    1956,     270,      88,     390,       0,       0,       0,     619,      65,     443,    3066,    2942,     590,     714,    3656,    1344,    1956,     270,      88,     390,       0,       0,       0,     619,      65,     443,    3066,    2942,     590,     714,       0,       0,       0,       0,       0,       0,       0,       0,       0,       0,       0,       0,       0,       0,       0,       0,.,.,.,.,.,.,.,.,.,.,.,.,.,.,.,.,  100.0,   36.8,   53.5,    7.4,    2.4,   10.7,    0.0,    0.0,    0.0,   16.9,    1.8,   12.1,   83.9,   80.5,   16.1,   19.5,  100.0,   36.8,   53.5,    7.4,    2.4,   10.7,    0.0,    0.0,    0.0,   16.9,    1.8,   12.1,   83.9,   80.5,   16.1,   19.5,  100.0,    0.0,    0.0,    0.0,    0.0,    0.0,    0.0,    0.0,    0.0,    0.0,    0.0,    0.0,    0.0,    0.0,    0.0,    0.0,     21,     12,     14,.,.,.,      0,      0,      0,.,.,      4,     19,     21,     21,     12,     14,.,.,.,      0,      0,      0,.,.,      4,     19,     21,      0,      0,      0,      0,      0,      0,      0,      0,      0,      0,      0,      0,      0,      0,    44.4,    41.3,    67.5,    58.9,    31.0,    27.1,    36.9,    32.4,    44.4,    41.3,    67.5,    58.9,    31.0,    27.1,    36.9,    32.4,     0.0,     0.0,     0.0,     0.0,     0.0,     0.0,     0.0,     0.0,1000 metric tonnes,066411,IFED,066 ,N13,FutOnly
ARGUS FAR EAST PROPANE - ICE FUTURES ENERGY DIV,260804,2026-08-04,066413,IFED,01,066 ,   13483,    8070,    9128,     557,     841,     516,     104,       0,       0,    1465,     937,    1280,   11992,   12702,    1491,     781,   13483,    8070,    9128,     557,     841,     516,     104,       0,       0,    1465,     937,    1280,   11992,   12702,    1491,     781,       0,       0,       0,       0,       0,       0,       0,       0,       0,       0,       0,       0,       0,       0,       0,       0,   -1891,   -1408,   -1276,     -61,    -144,     -21,      -7,       0,       0,    -123,    -122,    -240,   -1860,   -1803,     -31,     -88,  100.0,   59.9,   67.7,    4.1,    6.2,    3.8,    0.8,    0.0,    0.0,   10.9,    6.9,    9.5,   88.9,   94.2,   11.1,    5.8,  100.0,   59.9,   67.7,    4.1,    6.2,    3.8,    0.8,    0.0,    0.0,   10.9,    6.9,    9.5,   88.9,   94.2,   11.1,    5.8,  100.0,    0.0,    0.0,    0.0,    0.0,    0.0,    0.0,    0.0,    0.0,    0.0,    0.0,    0.0,    0.0,    0.0,    0.0,    0.0,     61,     38,     40,.,.,      4,.,      0,      0,      6,      6,     11,     54,     57,     61,     38,     40,.,.,      4,.,      0,      0,      6,      6,     11,     54,     57,      0,      0,      0,      0,      0,      0,      0,      0,      0,      0,      0,      0,      0,      0,    38.5,    31.4,    53.0,    47.4,    34.6,    29.9,    45.8,    44.4,    38.5,    31.4,    53.0,    47.4,    34.6,    29.9,    45.8,    44.4,     0.0,     0.0,     0.0,     0.0,     0.0,     0.0,     0.0,     0.0,1000  metric tonnes,066413,IFED,066 ,N13,FutOnly
"ETHANE, MT. BELV-ENTERPRISE - ICE FUTURES ENERGY DIV",260804,2026-08-04,066416,IFED,01,066 ,   77948,   51118,   49828,    3743,    7939,    5813,    2405,     105,     156,    6184,    5893,    7994,   77413,   77728,     535,     220,   77948,   51118,   49828,    3743,    7939,    5813,    2405,     105,     156,    6184,    5893,    7994,   77413,   77728,     535,     220,       0,       0,       0,       0,       0,       0,       0,       0,       0,       0,       0,       0,       0,       0,       0,       0,   -7000,   -4291,   -4003,     675,    -325,   -1187,      13,      65,     -78,    -150,     572,   -1996,   -7014,   -6952,      14,     -48,  100.0,   65.6,   63.9,    4.8,   10.2,    7.5,    3.1,    0.1,    0.2,    7.9,    7.6,   10.3,   99.3,   99.7,    0.7,    0.3,  100.0,   65.6,   63.9,    4.8,   10.2,    7.5,    3.1,    0.1,    0.2,    7.9,    7.6,   10.3,   99.3,   99.7,    0.7,    0.3,  100.0,    0.0,    0.0,    0.0,    0.0,    0.0,    0.0,    0.0,    0.0,    0.0,    0.0,    0.0,    0.0,    0.0,    0.0,    0.0,     53,     27,     28,      4,.,      6,.,.,.,      6,      5,      8,     47,     45,     53,     27,     28,      4,.,      6,.,.,.,      6,      5,      8,     47,     45,      0,      0,      0,      0,      0,      0,      0,      0,      0,      0,      0,      0,      0,      0,    37.1,    40.5,    54.9,    59.1,    25.8,    29.2,    37.7,    43.4,    37.1,    40.5,    54.9,    59.1,    25.8,    29.2,    37.7,    43.4,     0.0,     0.0,     0.0,     0.0,     0.0,     0.0,     0.0,     0.0,42000 gallons(1000 barrels),066416,IFED,066 ,N13,FutOnly
ISOBUTANE OPIS MT BELV NONTET - ICE FUTURES ENERGY DIV,260804,2026-08-04,066418,IFED,01,066 ,    8700,    3974,    1727,    3120,    4491,     713,       0,       0,       0,     419,    1196,       0,    8226,    8127,     474,     573,    8700,    3974,    1727,    3120,    4491,     713,       0,       0,       0,     419,    1196,       0,    8226,    8127,     474,     573,       0,       0,       0,       0,       0,       0,       0,       0,       0,       0,       0,       0,       0,       0,       0,       0,   -1285,    -823,    -607,     -44,    -361,    -229,       0,       0,       0,      55,     -52,     -55,   -1096,   -1304,    -189,      19,  100.0,   45.7,   19.9,   35.9,   51.6,    8.2,    0.0,    0.0,    0.0,    4.8,   13.7,    0.0,   94.6,   93.4,    5.4,    6.6,  100.0,   45.7,   19.9,   35.9,   51.6,    8.2,    0.0,    0.0,    0.0,    4.8,   13.7,    0.0,   94.6,   93.4,    5.4,    6.6,  100.0,    0.0,    0.0,    0.0,    0.0,    0.0,    0.0,    0.0,    0.0,    0.0,    0.0,    0.0,    0.0,    0.0,    0.0,    0.0,     26,     12,      7,.,      5,.,      0,      0,      0,.,.,      0,     16,     15,     26,     12,      7,.,      5,.,      0,      0,      0,.,.,      0,     16,     15,      0,      0,      0,      0,      0,      0,      0,      0,      0,      0,      0,      0,      0,      0,    52.7,    59.8,    76.0,    83.5,    44.5,    59.8,    65.5,    78.7,    52.7,    59.8,    76.0,    83.5,    44.5,    59.8,    65.5,    78.7,     0.0,     0.0,     0.0,     0.0,     0.0,     0.0,     0.0,     0.0,42000 gallons(1000 barrels),066418,IFED,066 ,N13,FutOnly
NAT GASLNE OPIS MT B NONTET FP - ICE FUTURES ENERGY DIV,260804,2026-08-04,06641A,IFED,01,066 ,   15735,   14078,    9164,     556,    1986,     320,       0,       0,       0,     173,    2548,     506,   15633,   14524,     102,    1211,   15735,   14078,    9164,     556,    1986,     320,       0,       0,       0,     173,    2548,     506,   15633,   14524,     102,    1211,       0,       0,       0,       0,       0,       0,       0,       0,       0,       0,       0,       0,       0,       0,       0,       0,   -2455,   -2491,    -472,      30,    -433,      12,       0,       0,       0,      35,   -1772,    -129,   -2543,   -2794,      88,     339,  100.0,   89.5,   58.2,    3.5,   12.6,    2.0,    0.0,    0.0,    0.0,    1.1,   16.2,    3.2,   99.4,   92.3,    0.6,    7.7,  100.0,   89.5,   58.2,    3.5,   12.6,    2.0,    0.0,    0.0,    0.0,    1.1,   16.2,    3.2,   99.4,   92.3,    0.6,    7.7,  100.0,    0.0,    0.0,    0.0,    0.0,    0.0,    0.0,    0.0,    0.0,    0.0,    0.0,    0.0,    0.0,    0.0,    0.0,    0.0,     31,     19,     18,.,      5,      4,      0,      0,      0,.,.,.,     26,     26,     31,     19,     18,.,      5,      4,      0,      0,      0,.,.,.,     26,     26,      0,      0,      0,      0,      0,      0,      0,      0,      0,      0,      0,      0,      0,      0,    62.4,    57.8,    82.4,    74.1,    52.7,    44.9,    63.8,    55.1,    62.4,    57.8,    82.4,    74.1,    52.7,    44.9,    63.8,    55.1,     0.0,     0.0,     0.0,     0.0,     0.0,     0.0,     0.0,     0.0,42000 gallons(1000 barrels),06641A,IFED,066 ,N13,FutOnly
BUTANE OPIS MT BELV NONTET FP  - ICE FUTURES ENERGY DIV,260804,2026-08-04,06641D,IFED,01,066 ,   59764,   36393,   32443,    2606,   10172,    5445,    2511,       0,     375,    5537,    4302,    6510,   59377,   59247,     387,     517,   59764,   36393,   32443,    2606,   10172,    5445,    2511,       0,     375,    5537,    4302,    6510,   59377,   59247,     387,     517,       0,       0,       0,       0,       0,       0,       0,       0,       0,       0,       0,       0,       0,       0,       0,       0,   -3547,   -2609,   -3363,   -1380,    -909,     637,     213,       0,       0,    -128,     353,    -239,   -3506,   -3521,     -41,     -26,  100.0,   60.9,   54.3,    4.4,   17.0,    9.1,    4.2,    0.0,    0.6,    9.3,    7.2,   10.9,   99.4,   99.1,    0.6,    0.9,  100.0,   60.9,   54.3,    4.4,   17.0,    9.1,    4.2,    0.0,    0.6,    9.3,    7.2,   10.9,   99.4,   99.1,    0.6,    0.9,  100.0,    0.0,    0.0,    0.0,    0.0,    0.0,    0.0,    0.0,    0.0,    0.0,    0.0,    0.0,    0.0,    0.0,    0.0,    0.0,     90,     53,     48,.,      9,      9,.,      0,.,      7,     10,     13,     79,     77,     90,     53,     48,.,      9,      9,.,      0,.,      7,     10,     13,     79,     77,      0,      0,      0,      0,      0,      0,      0,      0,      0,      0,      0,      0,      0,      0,    30.1,    29.0,    46.8,    45.1,    21.2,    18.8,    34.5,    30.6,    30.1,    29.0,    46.8,    45.1,    21.2,    18.8,    34.5,    30.6,     0.0,     0.0,     0.0,     0.0,     0.0,     0.0,     0.0,     0.0,42000 gallons(1000 barrels),06641D,IFED,066 ,N13,FutOnly
PROPANE OPIS CONWAY INWELL FP - ICE FUTURES ENERGY DIV,260804,2026-08-04,06641E,IFED,01,066 ,   11279,    6154,    7558,    1145,     836,     686,       0,       0,       0,    1777,     685,    1080,   10842,   10845,     437,     434,   11279,    6154,    7558,    1145,     836,     686,       0,       0,       0,    1777,     685,    1080,   10842,   10845,     437,     434,       0,       0,       0,       0,       0,       0,       0,       0,       0,       0,       0,       0,       0,       0,       0,       0,   -2105,   -2078,   -1278,      25,    -247,     -12,       0,       0,       0,     625,     320,    -911,   -2351,   -2128,     246,      23,  100.0,   54.6,   67.0,   10.2,    7.4,    6.1,    0.0,    0.0,    0.0,   15.8,    6.1,    9.6,   96.1,   96.2,    3.9,    3.8,  100.0,   54.6,   67.0,   10.2,    7.4,    6.1,    0.0,    0.0,    0.0,   15.8,    6.1,    9.6,   96.1,   96.2,    3.9,    3.8,  100.0,    0.0,    0.0,    0.0,    0.0,    0.0,    0.0,    0.0,    0.0,    0.0,    0.0,    0.0,    0.0,    0.0,    0.0,    0.0,     34,     18,     15,      4,      5,      8,      0,      0,      0,.,      4,      5,     32,     30,     34,     18,     15,      4,      5,      8,      0,      0,      0,.,      4,      5,     32,     30,      0,      0,      0,      0,      0,      0,      0,      0,      0,      0,      0,      0,      0,      0,    54.5,    49.8,    67.3,    72.4,    48.2,    43.5,    58.1,    57.3,    54.5,    49.8,    67.3,    72.4,    48.2,    43.5,    58.1,    57.3,     0.0,     0.0,     0.0,     0.0,     0.0,     0.0,     0.0,     0.0,42000 gallons(1000 barrels),06641E,IFED,066 ,N13,FutOnly
PROPANE OPIS MT BELV NONTET FP - ICE FUTURES ENERGY DIV,260804,2026-08-04,06641F,IFED,01,066 ,   90650,   55756,   49231,    9930,   30626,     994,       0,       0,       0,   19858,    5155,    3904,   90442,   89910,     208,     740,   90650,   55756,   49231,    9930,   30626,     994,       0,       0,       0,   19858,    5155,    3904,   90442,   89910,     208,     740,       0,       0,       0,       0,       0,       0,       0,       0,       0,       0,       0,       0,       0,       0,       0,       0,  -20028,  -12146,  -15451,   -1475,   -1450,     -38,       0,       0,       0,   -5307,   -2014,    -895,  -19861,  -19848,    -167,    -180,  100.0,   61.5,   54.3,   11.0,   33.8,    1.1,    0.0,    0.0,    0.0,   21.9,    5.7,    4.3,   99.8,   99.2,    0.2,    0.8,  100.0,   61.5,   54.3,   11.0,   33.8,    1.1,    0.0,    0.0,    0.0,   21.9,    5.7,    4.3,   99.8,   99.2,    0.2,    0.8,  100.0,    0.0,    0.0,    0.0,    0.0,    0.0,    0.0,    0.0,    0.0,    0.0,    0.0,    0.0,    0.0,    0.0,    0.0,    0.0,     73,     31,     34,.,     11,      5,      0,      0,      0,      7,      6,      6,     46,     57,     73,     31,     34,.,     11,      5,      0,      0,      0,      7,      6,      6,     46,     57,      0,      0,      0,      0,      0,      0,      0,      0,      0,      0,      0,      0,      0,      0,    57.6,    31.2,    75.3,    57.6,    56.0,    29.7,    71.3,    54.4,    57.6,    31.2,    75.3,    57.6,    56.0,    29.7,    71.3,    54.4,     0.0,     0.0,     0.0,     0.0,     0.0,     0.0,     0.0,     0.0,42000 gallons(1000 barrels),06641F,IFED,066 ,N13,FutOnly
PROPANE OPIS MT BELVIEU TET FP - ICE FUTURES ENERGY DIV,260804,2026-08-04,06641G,IFED,01,066 ,  161468,   85355,   90083,   19220,   13036,   12400,       0,    6104,     189,   30227,   25564,   13479,  160870,  160855,     598,     613,  161468,   85355,   90083,   19220,   13036,   12400,       0,    6104,     189,   30227,   25564,   13479,  160870,  160855,     598,     613,       0,       0,       0,       0,       0,       0,       0,       0,       0,       0,       0,       0,       0,       0,       0,       0,  -12685,   -8521,   -5436,   -1001,   -1194,    -400,    -360,     466,       0,   -1048,   -4748,   -1326,  -12656,  -12638,     -29,     -47,  100.0,   52.9,   55.8,   11.9,    8.1,    7.7,    0.0,    3.8,    0.1,   18.7,   15.8,    8.3,   99.6,   99.6,    0.4,    0.4,  100.0,   52.9,   55.8,   11.9,    8.1,    7.7,    0.0,    3.8,    0.1,   18.7,   15.8,    8.3,   99.6,   99.6,    0.4,    0.4,  100.0,    0.0,    0.0,    0.0,    0.0,    0.0,    0.0,    0.0,    0.0,    0.0,    0.0,    0.0,    0.0,    0.0,    0.0,    0.0,    135,     61,     67,      7,     12,     16,      0,      6,.,     17,     16,     21,    104,    121,    135,     61,     67,      7,     12,     16,      0,      6,.,     17,     16,     21,    104,    121,      0,      0,      0,      0,      0,      0,      0,      0,      0,      0,      0,      0,      0,      0,    29.4,    34.5,    45.5,    46.5,    29.0,    28.4,    43.6,    37.8,    29.4,    34.5,    45.5,    46.5,    29.0,    28.4,    43.6,    37.8,     0.0,     0.0,     0.0,     0.0,     0.0,     0.0,     0.0,     0.0,42000 gallons(1000 barrels),06641G,IFED,066 ,N13,FutOnly
ARGUS PROPANE FAR EAST INDEX - NEW YORK MERCANTILE EXCHANGE,260804,2026-08-04,06665B,NYME,01,066 ,    4802,    2316,    3674,     452,      89,     202,      30,       0,       0,     762,      59,     269,    4031,    4293,     771,     509,    4802,    2316,    3674,     452,      89,     202,      30,       0,       0,     762,      59,     269,    4031,    4293,     771,     509,       0,       0,       0,       0,       0,       0,       0,       0,       0,       0,       0,       0,       0,       0,       0,       0,      47,       4,      26,       0,      21,     -13,      30,       0,       0,      25,       0,       2,      48,      36,      -1,      11,  100.0,   48.2,   76.5,    9.4,    1.9,    4.2,    0.6,    0.0,    0.0,   15.9,    1.2,    5.6,   83.9,   89.4,   16.1,   10.6,  100.0,   48.2,   76.5,    9.4,    1.9,    4.2,    0.6,    0.0,    0.0,   15.9,    1.2,    5.6,   83.9,   89.4,   16.1,   10.6,  100.0,    0.0,    0.0,    0.0,    0.0,    0.0,    0.0,    0.0,    0.0,    0.0,    0.0,    0.0,    0.0,    0.0,    0.0,    0.0,     27,     16,     14,.,.,.,.,      0,      0,      4,.,.,     24,     21,     27,     16,     14,.,.,.,.,      0,      0,      4,.,.,     24,     21,      0,      0,      0,      0,      0,      0,      0,      0,      0,      0,      0,      0,      0,      0,    46.5,    64.3,    59.6,    75.7,    42.1,    61.4,    52.3,    65.8,    46.5,    64.3,    59.6,    75.7,    42.1,    61.4,    52.3,    65.8,     0.0,     0.0,     0.0,     0.0,     0.0,     0.0,     0.0,     0.0,"(CONTRACTS OF 1,000 METRIC TONS)",06665B,NYME,066 ,N13,FutOnly
PROPANE NON-LDH MT BEL - NEW YORK MERCANTILE EXCHANGE,260804,2026-08-04,06665G,NYME,01,066 ,   29845,   21746,   16912,    2537,    9277,     965,       0,       0,       0,    2891,     745,    1250,   29389,   29149,     456,     696,   29845,   21746,   16912,    2537,    9277,     965,       0,       0,       0,    2891,     745,    1250,   29389,   29149,     456,     696,       0,       0,       0,       0,       0,       0,       0,       0,       0,       0,       0,       0,       0,       0,       0,       0,    1945,    1715,    1110,     395,     765,     -28,       0,       0,       0,      94,     307,    -360,    1816,    1794,     129,     151,  100.0,   72.9,   56.7,    8.5,   31.1,    3.2,    0.0,    0.0,    0.0,    9.7,    2.5,    4.2,   98.5,   97.7,    1.5,    2.3,  100.0,   72.9,   56.7,    8.5,   31.1,    3.2,    0.0,    0.0,    0.0,    9.7,    2.5,    4.2,   98.5,   97.7,    1.5,    2.3,  100.0,    0.0,    0.0,    0.0,    0.0,    0.0,    0.0,    0.0,    0.0,    0.0,    0.0,    0.0,    0.0,    0.0,    0.0,    0.0,     61,     29,     29,      4,      6,.,      0,      0,      0,      5,.,      4,     44,     39,     61,     29,     29,      4,      6,.,      0,      0,      0,      5,.,      4,     44,     39,      0,      0,      0,      0,      0,      0,      0,      0,      0,      0,      0,      0,      0,      0,    32.7,    39.2,    54.2,    57.1,    29.6,    39.2,    48.3,    54.0,    32.7,    39.2,    54.2,    57.1,    29.6,    39.2,    48.3,    54.0,     0.0,     0.0,     0.0,     0.0,     0.0,     0.0,     0.0,     0.0,"(CONTRACTS OF 42,000 GALLONS)",06665G,NYME,066 ,N13,FutOnly
PROPANE - NEW YORK MERCANTILE EXCHANGE,260804,2026-08-04,06665O,NYME,01,066 ,  111202,   78377,   67369,    8047,    8661,    8507,    1594,    1955,     951,    2356,   12435,   10685,  110517,  110563,     685,     639,  111202,   78377,   67369,    8047,    8661,    8507,    1594,    1955,     951,    2356,   12435,   10685,  110517,  110563,     685,     639,       0,       0,       0,       0,       0,       0,       0,       0,       0,       0,       0,       0,       0,       0,       0,       0,    3326,    2174,    1197,     797,     527,     279,    -632,     630,      50,     433,     476,     242,    3343,    3401,     -17,     -75,  100.0,   70.5,   60.6,    7.2,    7.8,    7.7,    1.4,    1.8,    0.9,    2.1,   11.2,    9.6,   99.4,   99.4,    0.6,    0.6,  100.0,   70.5,   60.6,    7.2,    7.8,    7.7,    1.4,    1.8,    0.9,    2.1,   11.2,    9.6,   99.4,   99.4,    0.6,    0.6,  100.0,    0.0,    0.0,    0.0,    0.0,    0.0,    0.0,    0.0,    0.0,    0.0,    0.0,    0.0,    0.0,    0.0,    0.0,    0.0,    136,     67,     63,     10,      8,     14,      7,     10,      5,      7,     15,     16,    112,    111,    136,     67,     63,     10,      8,     14,      7,     10,      5,      7,     15,     16,    112,    111,      0,      0,      0,      0,      0,      0,      0,      0,      0,      0,      0,      0,      0,      0,    37.1,    24.1,    49.7,    39.8,    32.8,    22.8,    40.1,    33.5,    37.1,    24.1,    49.7,    39.8,    32.8,    22.8,    40.1,    33.5,     0.0,     0.0,     0.0,     0.0,     0.0,     0.0,     0.0,     0.0,"(CONTRACTS OF 42,000 GALLONS)",06665O,NYME,066 ,N13,FutOnly
MT BELVIEU ETHANE OPIS - NEW YORK MERCANTILE EXCHANGE,260804,2026-08-04,06665P,NYME,01,066 ,   41104,   33265,   21966,    1327,   12889,    2877,    2069,     450,     195,     333,     545,     842,   40908,   39764,     196,    1340,   41104,   33265,   21966,    1327,   12889,    2877,    2069,     450,     195,     333,     545,     842,   40908,   39764,     196,    1340,       0,       0,       0,       0,       0,       0,       0,       0,       0,       0,       0,       0,       0,       0,       0,       0,    1255,     533,    -143,    -151,     970,     391,     195,     -65,       0,     180,     -30,     160,    1308,    1283,     -53,     -28,  100.0,   80.9,   53.4,    3.2,   31.4,    7.0,    5.0,    1.1,    0.5,    0.8,    1.3,    2.0,   99.5,   96.7,    0.5,    3.3,  100.0,   80.9,   53.4,    3.2,   31.4,    7.0,    5.0,    1.1,    0.5,    0.8,    1.3,    2.0,   99.5,   96.7,    0.5,    3.3,  100.0,    0.0,    0.0,    0.0,    0.0,    0.0,    0.0,    0.0,    0.0,    0.0,    0.0,    0.0,    0.0,    0.0,    0.0,    0.0,     52,     22,     25,.,      5,      5,      8,.,.,.,      4,      5,     40,     42,     52,     22,     25,.,      5,      5,      8,.,.,.,      4,      5,     40,     42,      0,      0,      0,      0,      0,      0,      0,      0,      0,      0,      0,      0,      0,      0,    58.0,    42.4,    77.0,    61.0,    44.8,    34.1,    53.4,    45.8,    58.0,    42.4,    77.0,    61.0,    44.8,    34.1,    53.4,    45.8,     0.0,     0.0,     0.0,     0.0,     0.0,     0.0,     0.0,     0.0,"(CONTRACTS OF 42,000 GALLONS)",06665P,NYME,066 ,N13,FutOnly
MT BELV NORM BUTANE OPIS - NEW YORK MERCANTILE EXCHANGE,260804,2026-08-04,06665Q,NYME,01,066 ,   48807,   35252,   30626,    2711,    7468,    3125,    1753,     180,       0,    2323,    3266,    2926,   48090,   47591,     717,    1216,   48807,   35252,   30626,    2711,    7468,    3125,    1753,     180,       0,    2323,    3266,    2926,   48090,   47591,     717,    1216,       0,       0,       0,       0,       0,       0,       0,       0,       0,       0,       0,       0,       0,       0,       0,       0,    1698,     598,    1144,     245,     126,     185,      20,       0,       0,       7,    -406,     678,    1733,    1727,     -35,     -29,  100.0,   72.2,   62.7,    5.6,   15.3,    6.4,    3.6,    0.4,    0.0,    4.8,    6.7,    6.0,   98.5,   97.5,    1.5,    2.5,  100.0,   72.2,   62.7,    5.6,   15.3,    6.4,    3.6,    0.4,    0.0,    4.8,    6.7,    6.0,   98.5,   97.5,    1.5,    2.5,  100.0,    0.0,    0.0,    0.0,    0.0,    0.0,    0.0,    0.0,    0.0,    0.0,    0.0,    0.0,    0.0,    0.0,    0.0,    0.0,    107,     52,     52,      4,      9,      9,     10,.,      0,     11,      6,     14,     88,     82,    107,     52,     52,      4,      9,      9,     10,.,      0,     11,      6,     14,     88,     82,      0,      0,      0,      0,      0,      0,      0,      0,      0,      0,      0,      0,      0,      0,    28.2,    22.8,    41.4,    39.5,    17.6,    18.8,    27.5,    31.8,    28.2,    22.8,    41.4,    39.5,    17.6,    18.8,    27.5,    31.8,     0.0,     0.0,     0.0,     0.0,     0.0,     0.0,     0.0,     0.0,"(CONTRACTS OF 42,000 GALLONS)",06665Q,NYME,066 ,N13,FutOnly
MT BELV NAT GASOLINE OPIS - NEW YORK MERCANTILE EXCHANGE,260804,2026-08-04,06665R,NYME,01,066 ,   51424,   48891,   32566,       0,   15846,       0,      40,       0,       0,    2270,    1631,      60,   51261,   50103,     163,    1321,   51424,   48891,   32566,       0,   15846,       0,      40,       0,       0,    2270,    1631,      60,   51261,   50103,     163,    1321,       0,       0,       0,       0,       0,       0,       0,       0,       0,       0,       0,       0,       0,       0,       0,       0,    1941,    1684,    1164,       0,     632,       0,       0,       0,       0,     250,     170,     -10,    1924,    1956,      17,     -15,  100.0,   95.1,   63.3,    0.0,   30.8,    0.0,    0.1,    0.0,    0.0,    4.4,    3.2,    0.1,   99.7,   97.4,    0.3,    2.6,  100.0,   95.1,   63.3,    0.0,   30.8,    0.0,    0.1,    0.0,    0.0,    4.4,    3.2,    0.1,   99.7,   97.4,    0.3,    2.6,  100.0,    0.0,    0.0,    0.0,    0.0,    0.0,    0.0,    0.0,    0.0,    0.0,    0.0,    0.0,    0.0,    0.0,    0.0,    0.0,     51,     28,     27,      0,      7,      0,.,      0,      0,      5,.,.,     36,     37,     51,     28,     27,      0,      7,      0,.,      0,      0,      5,.,.,     36,     37,      0,      0,      0,      0,      0,      0,      0,      0,      0,      0,      0,      0,      0,      0,    81.1,    39.7,    90.7,    64.2,    78.3,    39.2,    84.3,    59.2,    81.1,    39.7,    90.7,    64.2,    78.3,    39.2,    84.3,    59.2,     0.0,     0.0,     0.0,     0.0,     0.0,     0.0,     0.0,     0.0,"(CONTRACTS OF 42,000 GALLONS)",06665R,NYME,066 ,N13,FutOnly
CONWAY PROPANE (OPIS) - NEW YORK MERCANTILE EXCHANGE,260804,2026-08-04,06665T,NYME,01,066 ,   22222,   16069,   13419,    1941,    4714,     880,       0,     305,       0,     380,     416,    2058,   21328,   21792,     894,     430,   22222,   16069,   13419,    1941,    4714,     880,       0,     305,       0,     380,     416,    2058,   21328,   21792,     894,     430,       0,       0,       0,       0,       0,       0,       0,       0,       0,       0,       0,       0,       0,       0,       0,       0,    1266,    1066,     851,     208,     148,      16,       0,      30,       0,      46,      52,     180,    1516,    1277,    -250,     -11,  100.0,   72.3,   60.4,    8.7,   21.2,    4.0,    0.0,    1.4,    0.0,    1.7,    1.9,    9.3,   96.0,   98.1,    4.0,    1.9,  100.0,   72.3,   60.4,    8.7,   21.2,    4.0,    0.0,    1.4,    0.0,    1.7,    1.9,    9.3,   96.0,   98.1,    4.0,    1.9,  100.0,    0.0,    0.0,    0.0,    0.0,    0.0,    0.0,    0.0,    0.0,    0.0,    0.0,    0.0,    0.0,    0.0,    0.0,    0.0,     55,     24,     28,      5,      6,      7,      0,.,      0,.,      4,      6,     40,     46,     55,     24,     28,      5,      6,      7,      0,.,      0,.,      4,      6,     40,     46,      0,      0,      0,      0,      0,      0,      0,      0,      0,      0,      0,      0,      0,      0,    49.9,    40.6,    64.4,    62.4,    43.6,    31.0,    54.0,    48.9,    49.9,    40.6,    64.4,    62.4,    43.6,    31.0,    54.0,    48.9,     0.0,     0.0,     0.0,     0.0,     0.0,     0.0,     0.0,     0.0,"(CONTRACTS OF 42,000 GALLONS)",06665T,NYME,066 ,N13,FutOnly
CRUDE DIFF-WCS HOUSTON/WTI 1ST - ICE FUTURES ENERGY DIV,260804,2026-08-04,06739C,IFED,01,067 ,   49009,   31855,   47324,    4720,     225,       0,   11639,     525,     785,       0,     150,       0,   48999,   49009,      10,       0,   49009,   31855,   47324,    4720,     225,       0,   11639,     525,     785,       0,     150,       0,   48999,   49009,      10,       0,       0,       0,       0,       0,       0,       0,       0,       0,       0,       0,       0,       0,       0,       0,       0,       0,    5995,    2580,    6600,     490,       0,       0,    2765,    -525,     165,       0,    -200,       0,    6000,    6040,      -5,     -45,  100.0,   65.0,   96.6,    9.6,    0.5,    0.0,   23.7,    1.1,    1.6,    0.0,    0.3,    0.0,  100.0,  100.0,    0.0,    0.0,  100.0,   65.0,   96.6,    9.6,    0.5,    0.0,   23.7,    1.1,    1.6,    0.0,    0.3,    0.0,  100.0,  100.0,    0.0,    0.0,  100.0,    0.0,    0.0,    0.0,    0.0,    0.0,    0.0,    0.0,    0.0,    0.0,    0.0,    0.0,    0.0,    0.0,    0.0,    0.0,     37,     21,     23,.,.,      0,.,.,.,      0,.,      0,     26,     26,     37,     21,     23,.,.,      0,.,.,.,      0,.,      0,     26,     26,      0,      0,      0,      0,      0,      0,      0,      0,      0,      0,      0,      0,      0,      0,    59.6,    58.8,    80.1,    83.4,    48.0,    49.4,    62.9,    64.9,    59.6,    58.8,    80.1,    83.4,    48.0,    49.4,    62.9,    64.9,     0.0,     0.0,     0.0,     0.0,     0.0,     0.0,     0.0,     0.0,(1000 Barrels),06739C,IFED,067 ,N10,FutOnly
"CRUDE OIL, LIGHT SWEET-WTI - ICE FUTURES EUROPE",260804,2026-08-04,067411,ICEU,01,067 ,  782189,  406351,  336820,    7825,   83111,   61528,   15256,   22346,   29168,   65610,   56036,  179284,  765022,  768293,   17167,   13896,  782189,  406351,  336820,    7825,   83111,   61528,   15256,   22346,   29168,   65610,   56036,  179284,  765022,  768293,   17167,   13896,       0,       0,       0,       0,       0,       0,       0,       0,       0,       0,       0,       0,       0,       0,       0,       0,     996,    2090,   -3417,     -58,    2707,    2884,    3896,    1027,     569,  -10215,   -5857,    2678,    1844,     591,    -848,     405,  100.0,   52.0,   43.1,    1.0,   10.6,    7.9,    2.0,    2.9,    3.7,    8.4,    7.2,   22.9,   97.8,   98.2,    2.2,    1.8,  100.0,   52.0,   43.1,    1.0,   10.6,    7.9,    2.0,    2.9,    3.7,    8.4,    7.2,   22.9,   97.8,   98.2,    2.2,    1.8,  100.0,    0.0,    0.0,    0.0,    0.0,    0.0,    0.0,    0.0,    0.0,    0.0,    0.0,    0.0,    0.0,    0.0,    0.0,    0.0,    113,     39,     35,.,     12,     13,      5,     12,     13,     13,     23,     33,     99,    103,    113,     39,     35,.,     12,     13,      5,     12,     13,     13,     23,     33,     99,    103,      0,      0,      0,      0,      0,      0,      0,      0,      0,      0,      0,      0,      0,      0,    36.6,    34.5,    55.0,    46.8,    29.1,    21.5,    39.6,    30.3,    36.6,    34.5,    55.0,    46.8,    29.1,    21.5,    39.6,    30.3,     0.0,     0.0,     0.0,     0.0,     0.0,     0.0,     0.0,     0.0,"(CONTRACTS OF 1,000 BARRELS)",067411,ICEU,067 ,N10,FutOnly
CRUDE DIFF-TMX WCS 1A INDEX - ICE FUTURES ENERGY DIV,260804,2026-08-04,06742G,IFED,01,067 ,   61984,   61474,   25612,       0,   21348,     135,      40,   14776,      30,     290,      80,       0,   61969,   61981,      15,       3,   61984,   61474,   25612,       0,   21348,     135,      40,   14776,      30,     290,      80,       0,   61969,   61981,      15,       3,       0,       0,       0,       0,       0,       0,       0,       0,       0,       0,       0,       0,       0,       0,       0,       0,    2925,    2705,    1560,       0,     490,       0,      15,     980,       0,     230,     -80,     -25,    2925,    2925,       0,       0,  100.0,   99.2,   41.3,    0.0,   34.4,    0.2,    0.1,   23.8,    0.0,    0.5,    0.1,    0.0,  100.0,  100.0,    0.0,    0.0,  100.0,   99.2,   41.3,    0.0,   34.4,    0.2,    0.1,   23.8,    0.0,    0.5,    0.1,    0.0,  100.0,  100.0,    0.0,    0.0,  100.0,    0.0,    0.0,    0.0,    0.0,    0.0,    0.0,    0.0,    0.0,    0.0,    0.0,    0.0,    0.0,    0.0,    0.0,    0.0,     46,     25,     17,      0,     10,.,.,.,.,.,.,      0,     31,     31,     46,     25,     17,      0,     10,.,.,.,.,.,.,      0,     31,     31,      0,      0,      0,      0,      0,      0,      0,      0,      0,      0,      0,      0,      0,      0,    61.8,    47.4,    84.3,    68.5,    54.7,    47.3,    71.3,    67.2,    61.8,    47.4,    84.3,    68.5,    54.7,    47.3,    71.3,    67.2,     0.0,     0.0,     0.0,     0.0,     0.0,     0.0,     0.0,     0.0,1000 BARRELS,06742G,IFED,067 ,N10,FutOnly
CRUDE DIFF-TMX SW 1A INDEX - ICE FUTURES ENERGY DIV,260804,2026-08-04,06742T,IFED,01,067 ,   14072,   13682,    5301,       0,    7286,       0,     390,    1365,       0,       0,     120,       0,   14072,   14072,       0,       0,   14072,   13682,    5301,       0,    7286,       0,     390,    1365,       0,       0,     120,       0,   14072,   14072,       0,       0,       0,       0,       0,       0,       0,       0,       0,       0,       0,       0,       0,       0,       0,       0,       0,       0,     369,      39,     399,       0,       0,       0,     390,       0,       0,       0,       0,       0,     429,     399,     -60,     -30,  100.0,   97.2,   37.7,    0.0,   51.8,    0.0,    2.8,    9.7,    0.0,    0.0,    0.9,    0.0,  100.0,  100.0,    0.0,    0.0,  100.0,   97.2,   37.7,    0.0,   51.8,    0.0,    2.8,    9.7,    0.0,    0.0,    0.9,    0.0,  100.0,  100.0,    0.0,    0.0,  100.0,    0.0,    0.0,    0.0,    0.0,    0.0,    0.0,    0.0,    0.0,    0.0,    0.0,    0.0,    0.0,    0.0,    0.0,    0.0,     29,     14,     12,      0,      6,      0,.,.,      0,      0,.,      0,     15,     21,     29,     14,     12,      0,      6,      0,.,.,      0,      0,.,      0,     15,     21,      0,      0,      0,      0,      0,      0,      0,      0,      0,      0,      0,      0,      0,      0,    71.4,    63.0,    88.8,    80.0,    67.2,    56.3,    80.7,    70.2,    71.4,    63.0,    88.8,    80.0,    67.2,    56.3,    80.7,    70.2,     0.0,     0.0,     0.0,     0.0,     0.0,     0.0,     0.0,     0.0,1000 BARRELS,06742T,IFED,067 ,N10,FutOnly
CONDENSATE DIF-TMX C5 1A INDEX - ICE FUTURES ENERGY DIV,260804,2026-08-04,06743A,IFED,01,067 ,   13295,   11875,   12935,    1420,     120,       0,       0,       0,       0,       0,     120,       0,   13295,   13175,       0,     120,   13295,   11875,   12935,    1420,     120,       0,       0,       0,       0,       0,     120,       0,   13295,   13175,       0,     120,       0,       0,       0,       0,       0,       0,       0,       0,       0,       0,       0,       0,       0,       0,       0,       0,      60,      80,      60,     -20,       0,       0,       0,       0,       0,       0,       0,       0,      60,      60,       0,       0,  100.0,   89.3,   97.3,   10.7,    0.9,    0.0,    0.0,    0.0,    0.0,    0.0,    0.9,    0.0,  100.0,   99.1,    0.0,    0.9,  100.0,   89.3,   97.3,   10.7,    0.9,    0.0,    0.0,    0.0,    0.0,    0.0,    0.9,    0.0,  100.0,   99.1,    0.0,    0.9,  100.0,    0.0,    0.0,    0.0,    0.0,    0.0,    0.0,    0.0,    0.0,    0.0,    0.0,    0.0,    0.0,    0.0,    0.0,    0.0,     28,     19,     15,.,.,      0,      0,      0,      0,      0,.,      0,     21,     17,     28,     19,     15,.,.,      0,      0,      0,      0,      0,.,      0,     21,     17,      0,      0,      0,      0,      0,      0,      0,      0,      0,      0,      0,      0,      0,      0,    59.4,    75.5,    83.6,    88.7,    49.2,    64.7,    62.2,    68.8,    59.4,    75.5,    83.6,    88.7,    49.2,    64.7,    62.2,    68.8,     0.0,     0.0,     0.0,     0.0,     0.0,     0.0,     0.0,     0.0,1000 BARRELS,06743A,IFED,067 ,N10,FutOnly
WTI-PHYSICAL - NEW YORK MERCANTILE EXCHANGE,260804,2026-08-04,067651,NYME,01,067 , 1886816,  642779,  307859,  107593,  596288,  137153,  189518,  102560,  268591,  119323,   93838,  341548, 1806505, 1847837,   80311,   38979, 1886816,  642779,  307859,  107593,  596288,  137153,  189518,  102560,  268591,  119323,   93838,  341548, 1806505, 1847837,   80311,   38979,       0,       0,       0,       0,       0,       0,       0,       0,       0,       0,       0,       0,       0,       0,       0,       0,   27021,   -5828,   11042,    7133,  -14784,   14631,   -4441,    1544,   10038,   -1710,     -30,    4684,   24507,   27125,    2514,    -104,  100.0,   34.1,   16.3,    5.7,   31.6,    7.3,   10.0,    5.4,   14.2,    6.3,    5.0,   18.1,   95.7,   97.9,    4.3,    2.1,  100.0,   34.1,   16.3,    5.7,   31.6,    7.3,   10.0,    5.4,   14.2,    6.3,    5.0,   18.1,   95.7,   97.9,    4.3,    2.1,  100.0,    0.0,    0.0,    0.0,    0.0,    0.0,    0.0,    0.0,    0.0,    0.0,    0.0,    0.0,    0.0,    0.0,    0.0,    0.0,    293,     56,     56,     14,     27,     29,     57,     30,     56,     58,     39,     61,    258,    229,    293,     56,     56,     14,     27,     29,     57,     30,     56,     58,     39,     61,    258,    229,      0,      0,      0,      0,      0,      0,      0,      0,      0,      0,      0,      0,      0,      0,    17.0,    19.6,    30.9,    29.6,    10.7,    13.3,    17.7,    20.6,    17.0,    19.6,    30.9,    29.6,    10.7,    13.3,    17.7,    20.6,     0.0,     0.0,     0.0,     0.0,     0.0,     0.0,     0.0,     0.0,"(CONTRACTS OF 1,000 BARRELS)",067651,NYME,067 ,N10,FutOnly
WTI FINANCIAL CRUDE OIL - NEW YORK MERCANTILE EXCHANGE,260804,2026-08-04,06765A,NYME,01,067 ,  189613,   33889,   46105,   61564,   52248,   10439,       0,       0,       0,   45051,   22018,   13468,  164411,  144278,   25202,   45335,  189613,   33889,   46105,   61564,   52248,   10439,       0,       0,       0,   45051,   22018,   13468,  164411,  144278,   25202,   45335,       0,       0,       0,       0,       0,       0,       0,       0,       0,       0,       0,       0,       0,       0,       0,       0,  -22497,  -11684,   -4852,   -3040,   -5580,   -2801,       0,       0,       0,   -2836,   -6111,    -606,  -20967,  -19950,   -1530,   -2547,  100.0,   17.9,   24.3,   32.5,   27.6,    5.5,    0.0,    0.0,    0.0,   23.8,   11.6,    7.1,   86.7,   76.1,   13.3,   23.9,  100.0,   17.9,   24.3,   32.5,   27.6,    5.5,    0.0,    0.0,    0.0,   23.8,   11.6,    7.1,   86.7,   76.1,   13.3,   23.9,  100.0,    0.0,    0.0,    0.0,    0.0,    0.0,    0.0,    0.0,    0.0,    0.0,    0.0,    0.0,    0.0,    0.0,    0.0,    0.0,     43,     13,     12,     12,      4,     10,      0,      0,      0,      5,      5,      7,     35,     33,     43,     13,     12,     12,      4,     10,      0,      0,      0,      5,      5,      7,     35,     33,      0,      0,      0,      0,      0,      0,      0,      0,      0,      0,      0,      0,      0,      0,    32.8,    35.8,    49.0,    50.2,    29.4,    35.8,    44.1,    50.0,    32.8,    35.8,    49.0,    50.2,    29.4,    35.8,    44.1,    50.0,     0.0,     0.0,     0.0,     0.0,     0.0,     0.0,     0.0,     0.0,"(CONTRACTS OF 1,000 BARRELS)",06765A,NYME,067 ,N10,FutOnly
BRENT LAST DAY - NEW YORK MERCANTILE EXCHANGE,260804,2026-08-04,06765T,NYME,01,067 ,  218894,   14264,   47747,   56846,       0,    5528,    8357,    1666,    4651,   32102,   64632,   87612,  209360,  211836,    9534,    7058,  218894,   14264,   47747,   56846,       0,    5528,    8357,    1666,    4651,   32102,   64632,   87612,  209360,  211836,    9534,    7058,       0,       0,       0,       0,       0,       0,       0,       0,       0,       0,       0,       0,       0,       0,       0,       0,  -39861,   -5432,   -4616,    8257,   -5753,  -15368,   -8346,     703,   -2603,   -9043,   -6901,   -5354,  -37889,  -39892,   -1972,      31,  100.0,    6.5,   21.8,   26.0,    0.0,    2.5,    3.8,    0.8,    2.1,   14.7,   29.5,   40.0,   95.6,   96.8,    4.4,    3.2,  100.0,    6.5,   21.8,   26.0,    0.0,    2.5,    3.8,    0.8,    2.1,   14.7,   29.5,   40.0,   95.6,   96.8,    4.4,    3.2,  100.0,    0.0,    0.0,    0.0,    0.0,    0.0,    0.0,    0.0,    0.0,    0.0,    0.0,    0.0,    0.0,    0.0,    0.0,    0.0,     52,     10,     11,     10,      0,      6,.,.,      4,     16,     11,     24,     50,     46,     52,     10,     11,     10,      0,      6,.,.,      4,     16,     11,     24,     50,     46,      0,      0,      0,      0,      0,      0,      0,      0,      0,      0,      0,      0,      0,      0,    31.0,    53.9,    53.5,    71.9,    24.0,    36.8,    37.1,    43.8,    31.0,    53.9,    53.5,    71.9,    24.0,    36.8,    37.1,    43.8,     0.0,     0.0,     0.0,     0.0,     0.0,     0.0,     0.0,     0.0,"(CONTRACTS OF 1,000 BARRELS)",06765T,NYME,067 ,N10,FutOnly
WTI  HOUSTON ARGUS/WTI TR MO - NEW YORK MERCANTILE EXCHANGE,260804,2026-08-04,0676A5,NYME,01,067 ,  444555,  421877,  293078,       0,   45831,    2187,     700,   25065,    9880,       0,   50294,    2360,  437004,  428695,    7551,   15860,  444555,  421877,  293078,       0,   45831,    2187,     700,   25065,    9880,       0,   50294,    2360,  437004,  428695,    7551,   15860,       0,       0,       0,       0,       0,       0,       0,       0,       0,       0,       0,       0,       0,       0,       0,       0,  -32679,  -25789,  -26373,       0,    4008,   -1733,     250,   -1555,    -940,    -666,    1332,   -4787,  -33665,  -30048,     986,   -2631,  100.0,   94.9,   65.9,    0.0,   10.3,    0.5,    0.2,    5.6,    2.2,    0.0,   11.3,    0.5,   98.3,   96.4,    1.7,    3.6,  100.0,   94.9,   65.9,    0.0,   10.3,    0.5,    0.2,    5.6,    2.2,    0.0,   11.3,    0.5,   98.3,   96.4,    1.7,    3.6,  100.0,    0.0,    0.0,    0.0,    0.0,    0.0,    0.0,    0.0,    0.0,    0.0,    0.0,    0.0,    0.0,    0.0,    0.0,    0.0,     43,     25,     25,      0,      6,.,.,.,.,      0,.,.,     31,     35,     43,     25,     25,      0,      6,.,.,.,.,      0,.,.,     31,     35,      0,      0,      0,      0,      0,      0,      0,      0,      0,      0,      0,      0,      0,      0,    55.3,    44.6,    81.9,    69.6,    55.2,    39.7,    69.0,    55.0,    55.3,    44.6,    81.9,    69.6,    55.2,    39.7,    69.0,    55.0,     0.0,     0.0,     0.0,     0.0,     0.0,     0.0,     0.0,     0.0,"(CONTRACTS OF 1,000 BARRELS)",0676A5,NYME,067 ,N10,FutOnly
WTI MIDLAND ARGUS VS WTI TRADE - NEW YORK MERCANTILE EXCHANGE,260804,2026-08-04,067A71,NYME,01,067 ,  303878,  261996,  137491,    3991,  135950,    4731,       0,    5460,       0,   26429,       0,     170,  297317,  283802,    6561,   20076,  303878,  261996,  137491,    3991,  135950,    4731,       0,    5460,       0,   26429,       0,     170,  297317,  283802,    6561,   20076,       0,       0,       0,       0,       0,       0,       0,       0,       0,       0,       0,       0,       0,       0,       0,       0,  -20455,  -23279,   -9378,    2761,  -12625,    -474,       0,       0,       0,      44,       0,     170,  -20778,  -22307,     323,    1852,  100.0,   86.2,   45.2,    1.3,   44.7,    1.6,    0.0,    1.8,    0.0,    8.7,    0.0,    0.1,   97.8,   93.4,    2.2,    6.6,  100.0,   86.2,   45.2,    1.3,   44.7,    1.6,    0.0,    1.8,    0.0,    8.7,    0.0,    0.1,   97.8,   93.4,    2.2,    6.6,  100.0,    0.0,    0.0,    0.0,    0.0,    0.0,    0.0,    0.0,    0.0,    0.0,    0.0,    0.0,    0.0,    0.0,    0.0,    0.0,     33,     14,     10,.,     10,.,      0,.,      0,.,      0,.,     17,     23,     33,     14,     10,.,     10,.,      0,.,      0,.,      0,.,     17,     23,      0,      0,      0,      0,      0,      0,      0,      0,      0,      0,      0,      0,      0,      0,    62.4,    53.2,    87.8,    77.5,    62.4,    53.2,    87.7,    77.5,    62.4,    53.2,    87.8,    77.5,    62.4,    53.2,    87.7,    77.5,     0.0,     0.0,     0.0,     0.0,     0.0,     0.0,     0.0,     0.0,"(CONTRACTS OF 1,000 BARRELS)",067A71,NYME,067 ,N10,FutOnly
COCOA - ICE FUTURES U.S.,260804,2026-08-04,073732,ICUS,01,073 ,  203398,   56520,   77428,   34174,   11677,   11094,   22805,   27475,   31955,   13643,   11881,   22579,  192770,  194089,   10628,    9309,   59639,   10121,   10744,   16487,    7010,     158,    9887,   23007,    1760,   16747,   12275,     192,   55352,   55146,    4287,    4493,  143759,   46399,   66684,   19666,    6646,    8957,   26748,   18298,   16365,   11393,   14103,    7890,  137418,  138943,    6341,    4816,    2175,     592,    3067,    -227,     170,     564,    2528,   -1575,   -1283,   -1247,     208,     545,    1472,    1696,     703,     479,  100.0,   27.8,   38.1,   16.8,    5.7,    5.5,   11.2,   13.5,   15.7,    6.7,    5.8,   11.1,   94.8,   95.4,    5.2,    4.6,  100.0,   17.0,   18.0,   27.6,   11.8,    0.3,   16.6,   38.6,    3.0,   28.1,   20.6,    0.3,   92.8,   92.5,    7.2,    7.5,  100.0,   32.3,   46.4,   13.7,    4.6,    6.2,   18.6,   12.7,   11.4,    7.9,    9.8,    5.5,   95.6,   96.6,    4.4,    3.4,    200,     30,     27,     20,      6,     15,     42,     38,     47,     21,     34,     34,    165,    154,    166,     20,     18,     17,      9,.,     24,     39,     13,     18,     26,.,     94,     96,    181,     27,     24,     19,      6,     11,     41,     29,     35,     22,     28,     27,    147,    125,    14.8,    14.8,    25.7,    26.6,    12.2,    12.2,    21.3,    20.3,    26.2,    25.9,    37.0,    40.1,    26.2,    25.9,    37.0,    40.1,    19.2,    20.2,    30.7,    32.7,    15.0,    17.9,    24.7,    28.1,(CONTRACTS OF 10 METRIC TONS),073732,ICUS,073 ,A50,FutOnly
PALLADIUM - NEW YORK MERCANTILE EXCHANGE,260804,2026-08-04,075651,NYME,01,075 ,   18574,    1551,    1449,    6403,    2687,     694,    4523,    9981,     650,    2174,    1051,     352,   16347,   16864,    2227,    1710,   18574,    1551,    1449,    6403,    2687,     694,    4523,    9981,     650,    2174,    1051,     352,   16347,   16864,    2227,    1710,       0,       0,       0,       0,       0,       0,       0,       0,       0,       0,       0,       0,       0,       0,       0,       0,    -125,    -228,     302,    -137,     -71,     345,     132,    -583,      11,    -296,     -13,      17,    -156,       8,      31,    -133,  100.0,    8.4,    7.8,   34.5,   14.5,    3.7,   24.4,   53.7,    3.5,   11.7,    5.7,    1.9,   88.0,   90.8,   12.0,    9.2,  100.0,    8.4,    7.8,   34.5,   14.5,    3.7,   24.4,   53.7,    3.5,   11.7,    5.7,    1.9,   88.0,   90.8,   12.0,    9.2,  100.0,    0.0,    0.0,    0.0,    0.0,    0.0,    0.0,    0.0,    0.0,    0.0,    0.0,    0.0,    0.0,    0.0,    0.0,    0.0,    150,     10,     10,     18,     11,      7,     29,     33,     15,     22,     16,      8,     92,     91,    150,     10,     10,     18,     11,      7,     29,     33,     15,     22,     16,      8,     92,     91,      0,      0,      0,      0,      0,      0,      0,      0,      0,      0,      0,      0,      0,      0,    28.8,    29.0,    42.6,    42.4,    26.6,    28.7,    40.3,    41.1,    28.8,    29.0,    42.6,    42.4,    26.6,    28.7,    40.3,    41.1,     0.0,     0.0,     0.0,     0.0,     0.0,     0.0,     0.0,     0.0,(CONTRACTS OF 100 TROY OUNCES),075651,NYME,075 ,N20,FutOnly
PLATINUM - NEW YORK MERCANTILE EXCHANGE,260804,2026-08-04,076651,NYME,01,076 ,   55848,    1280,   12435,   15703,   22990,    1392,   16877,    5917,    4570,    6274,    2473,    2511,   48607,   52288,    7241,    3560,   55848,    1280,   12435,   15703,   22990,    1392,   16877,    5917,    4570,    6274,    2473,    2511,   48607,   52288,    7241,    3560,       0,       0,       0,       0,       0,       0,       0,       0,       0,       0,       0,       0,       0,       0,       0,       0,    2190,    -229,    1327,      62,     797,     344,    2763,   -1671,     505,    -683,     625,    -175,    2587,    1752,    -397,     438,  100.0,    2.3,   22.3,   28.1,   41.2,    2.5,   30.2,   10.6,    8.2,   11.2,    4.4,    4.5,   87.0,   93.6,   13.0,    6.4,  100.0,    2.3,   22.3,   28.1,   41.2,    2.5,   30.2,   10.6,    8.2,   11.2,    4.4,    4.5,   87.0,   93.6,   13.0,    6.4,  100.0,    0.0,    0.0,    0.0,    0.0,    0.0,    0.0,    0.0,    0.0,    0.0,    0.0,    0.0,    0.0,    0.0,    0.0,    0.0,    200,     12,     21,     14,     16,     10,     55,     20,     22,     41,     19,     17,    146,    106,    200,     12,     21,     14,     16,     10,     55,     20,     22,     41,     19,     17,    146,    106,      0,      0,      0,      0,      0,      0,      0,      0,      0,      0,      0,      0,      0,      0,    19.8,    38.9,    29.8,    50.7,    19.3,    37.2,    29.2,    47.5,    19.8,    38.9,    29.8,    50.7,    19.3,    37.2,    29.2,    47.5,     0.0,     0.0,     0.0,     0.0,     0.0,     0.0,     0.0,     0.0,(CONTRACTS OF 50 TROY OUNCES),076651,NYME,076 ,N20,FutOnly
SUGAR NO. 11 - ICE FUTURES U.S.,260804,2026-08-04,080732,ICUS,01,080 , 1055808,  223942,  353862,  246897,   57458,   22507,  187365,  274553,  131594,   90935,   72215,   71768,  975008,  983957,   80800,   71851, 1055808,  223942,  353862,  246897,   57458,   22507,  187365,  274553,  131594,   90935,   72215,   71768,  975008,  983957,   80800,   71851,       0,       0,       0,       0,       0,       0,       0,       0,       0,       0,       0,       0,       0,       0,       0,       0,   22885,   -3970,   13588,   -1343,    2783,    4867,   12080,  -17156,    7592,   -1734,   11341,    1651,   19143,   24666,    3742,   -1781,  100.0,   21.2,   33.5,   23.4,    5.4,    2.1,   17.7,   26.0,   12.5,    8.6,    6.8,    6.8,   92.3,   93.2,    7.7,    6.8,  100.0,   21.2,   33.5,   23.4,    5.4,    2.1,   17.7,   26.0,   12.5,    8.6,    6.8,    6.8,   92.3,   93.2,    7.7,    6.8,  100.0,    0.0,    0.0,    0.0,    0.0,    0.0,    0.0,    0.0,    0.0,    0.0,    0.0,    0.0,    0.0,    0.0,    0.0,    0.0,    294,     50,     49,     19,     13,     10,     52,     64,     63,     43,     33,     35,    231,    207,    294,     50,     49,     19,     13,     10,     52,     64,     63,     43,     33,     35,    231,    207,      0,      0,      0,      0,      0,      0,      0,      0,      0,      0,      0,      0,      0,      0,    15.1,    21.5,    24.7,    33.1,    12.9,    17.0,    20.5,    25.7,    15.1,    21.5,    24.7,    33.1,    12.9,    17.0,    20.5,    25.7,     0.0,     0.0,     0.0,     0.0,     0.0,     0.0,     0.0,     0.0,"(CONTRACTS OF 112,000 POUNDS)",080732,ICUS,080 ,A50,FutOnly
COFFEE C - ICE FUTURES U.S.,260804,2026-08-04,083731,ICUS,01,083 ,  168814,   36374,   64347,   25286,   24326,    3272,   41151,    9710,   27497,   10501,   17087,   16773,  160854,  163012,    7960,    5802,   49369,   10819,   17036,   10524,    9837,      89,   18420,    8697,    1164,    5782,    9579,       0,   46798,   46402,    2571,    2967,  119445,   25555,   47311,   15329,   15056,    2616,   32350,   10632,   16714,    9987,   12776,   11505,  114056,  116610,    5389,    2835,    4367,    3772,    1610,    -516,    -156,     154,   -1251,     807,    -835,     187,     682,    1936,    3447,    4198,     920,     169,  100.0,   21.5,   38.1,   15.0,   14.4,    1.9,   24.4,    5.8,   16.3,    6.2,   10.1,    9.9,   95.3,   96.6,    4.7,    3.4,  100.0,   21.9,   34.5,   21.3,   19.9,    0.2,   37.3,   17.6,    2.4,   11.7,   19.4,    0.0,   94.8,   94.0,    5.2,    6.0,  100.0,   21.4,   39.6,   12.8,   12.6,    2.2,   27.1,    8.9,   14.0,    8.4,   10.7,    9.6,   95.5,   97.6,    4.5,    2.4,    329,     79,     86,     19,     22,     20,     73,     29,     54,     36,     43,     40,    265,    247,    275,     35,     64,     17,     19,.,     49,     30,     16,     28,     40,      0,    139,    161,    299,     74,     74,     17,     22,     15,     67,     24,     41,     35,     36,     30,    231,    208,    11.1,    15.0,    19.7,    25.1,     8.7,    11.5,    15.4,    18.7,    23.9,    19.4,    40.0,    32.8,    23.9,    19.4,    39.9,    32.6,    13.4,    16.9,    22.0,    28.2,     9.5,    15.2,    16.4,    23.7,"(CONTRACTS OF 37,500 POUNDS)",083731,ICUS,083 ,A50,FutOnly
SILVER - COMMODITY EXCHANGE INC.,260804,2026-08-04,084691,CMX ,01,084 ,  111999,    6151,   19231,   22102,   49444,    4865,   20465,    8491,   10974,   15989,    5683,    4946,   85492,  103634,   26507,    8365,  111999,    6151,   19231,   22102,   49444,    4865,   20465,    8491,   10974,   15989,    5683,    4946,   85492,  103634,   26507,    8365,       0,       0,       0,       0,       0,       0,       0,       0,       0,       0,       0,       0,       0,       0,       0,       0,    5280,     193,     244,     397,    1959,      21,    2526,    -266,    1649,   -1386,    1343,    1335,    4735,    6285,     545,   -1005,  100.0,    5.5,   17.2,   19.7,   44.1,    4.3,   18.3,    7.6,    9.8,   14.3,    5.1,    4.4,   76.3,   92.5,   23.7,    7.5,  100.0,    5.5,   17.2,   19.7,   44.1,    4.3,   18.3,    7.6,    9.8,   14.3,    5.1,    4.4,   76.3,   92.5,   23.7,    7.5,  100.0,    0.0,    0.0,    0.0,    0.0,    0.0,    0.0,    0.0,    0.0,    0.0,    0.0,    0.0,    0.0,    0.0,    0.0,    0.0,    162,     12,     12,     15,     16,     14,     33,     15,     21,     47,     15,     17,    134,     83,    162,     12,     12,     15,     16,     14,     33,     15,     21,     47,     15,     17,    134,     83,      0,      0,      0,      0,      0,      0,      0,      0,      0,      0,      0,      0,      0,      0,    14.4,    30.3,    23.2,    46.4,    12.4,    28.5,    20.1,    42.6,    14.4,    30.3,    23.2,    46.4,    12.4,    28.5,    20.1,    42.6,     0.0,     0.0,     0.0,     0.0,     0.0,     0.0,     0.0,     0.0,"(CONTRACTS OF 5,000 TROY OUNCES)",084691,CMX ,084 ,N20,FutOnly
COPPER- #1 - COMMODITY EXCHANGE INC.,260804,2026-08-04,085692,CMX ,01,085 ,  289395,   21854,  114698,   53980,   47305,    8837,   93173,   17415,   39610,   21131,   19766,   30870,  269455,  278501,   19940,   10894,  289395,   21854,  114698,   53980,   47305,    8837,   93173,   17415,   39610,   21131,   19766,   30870,  269455,  278501,   19940,   10894,       0,       0,       0,       0,       0,       0,       0,       0,       0,       0,       0,       0,       0,       0,       0,       0,   14843,   -4087,    3478,     826,    3269,     170,   10185,    -565,     713,    1096,    2004,    4680,   13583,   13749,    1260,    1094,  100.0,    7.6,   39.6,   18.7,   16.3,    3.1,   32.2,    6.0,   13.7,    7.3,    6.8,   10.7,   93.1,   96.2,    6.9,    3.8,  100.0,    7.6,   39.6,   18.7,   16.3,    3.1,   32.2,    6.0,   13.7,    7.3,    6.8,   10.7,   93.1,   96.2,    6.9,    3.8,  100.0,    0.0,    0.0,    0.0,    0.0,    0.0,    0.0,    0.0,    0.0,    0.0,    0.0,    0.0,    0.0,    0.0,    0.0,    0.0,    280,     28,     33,     23,     13,     19,     84,     20,     42,     55,     40,     34,    239,    160,    280,     28,     33,     23,     13,     19,     84,     20,     42,     55,     40,     34,    239,    160,      0,      0,      0,      0,      0,      0,      0,      0,      0,      0,      0,      0,      0,      0,    17.0,    26.8,    28.5,    41.2,    15.8,    26.2,    25.2,    39.5,    17.0,    26.8,    28.5,    41.2,    15.8,    26.2,    25.2,    39.5,     0.0,     0.0,     0.0,     0.0,     0.0,     0.0,     0.0,     0.0,"(CONTRACTS OF 25,000 POUNDS)",085692,CMX ,085 ,N25,FutOnly
GOLD - COMMODITY EXCHANGE INC.,260804,2026-08-04,088691,CMX ,01,088 ,  371551,   15738,   34594,   20753,  228388,   35341,  139809,    9043,   17502,   87204,   20336,   10673,  327020,  355877,   44531,   15674,  371551,   15738,   34594,   20753,  228388,   35341,  139809,    9043,   17502,   87204,   20336,   10673,  327020,  355877,   44531,   15674,       0,       0,       0,       0,       0,       0,       0,       0,       0,       0,       0,       0,       0,       0,       0,       0,  -13052,     371,   -1322,   -2908,   12967,   -1091,    4716,   -6255,    -882,    2675,   -1918,     920,    3801,    2419,  -16853,  -15471,  100.0,    4.2,    9.3,    5.6,   61.5,    9.5,   37.6,    2.4,    4.7,   23.5,    5.5,    2.9,   88.0,   95.8,   12.0,    4.2,  100.0,    4.2,    9.3,    5.6,   61.5,    9.5,   37.6,    2.4,    4.7,   23.5,    5.5,    2.9,   88.0,   95.8,   12.0,    4.2,  100.0,    0.0,    0.0,    0.0,    0.0,    0.0,    0.0,    0.0,    0.0,    0.0,    0.0,    0.0,    0.0,    0.0,    0.0,    0.0,    265,     18,     11,     12,     28,     27,     81,     13,     33,     73,     30,     33,    231,    132,    265,     18,     11,     12,     28,     27,     81,     13,     33,     73,     30,     33,    231,    132,      0,      0,      0,      0,      0,      0,      0,      0,      0,      0,      0,      0,      0,      0,    22.3,    38.8,    32.8,    57.8,    20.6,    37.7,    28.1,    54.9,    22.3,    38.8,    32.8,    57.8,    20.6,    37.7,    28.1,    54.9,     0.0,     0.0,     0.0,     0.0,     0.0,     0.0,     0.0,     0.0,(CONTRACTS OF 100 TROY OUNCES),088691,CMX ,088 ,N20,FutOnly
MICRO GOLD - COMMODITY EXCHANGE INC.,260804,2026-08-04,088695,CMX ,01,088 ,   55508,     242,       0,    6810,       0,       0,    1131,       0,      94,   10380,   26105,    5755,   24412,   31954,   31096,   23554,   55508,     242,       0,    6810,       0,       0,    1131,       0,      94,   10380,   26105,    5755,   24412,   31954,   31096,   23554,       0,       0,       0,       0,       0,       0,       0,       0,       0,       0,       0,       0,       0,       0,       0,       0,  -28045,       0,       0,      15,       0,       0,     521,       0,      48,  -24789,  -20230,   -1010,  -25215,  -21192,   -2830,   -6853,  100.0,    0.4,    0.0,   12.3,    0.0,    0.0,    2.0,    0.0,    0.2,   18.7,   47.0,   10.4,   44.0,   57.6,   56.0,   42.4,  100.0,    0.4,    0.0,   12.3,    0.0,    0.0,    2.0,    0.0,    0.2,   18.7,   47.0,   10.4,   44.0,   57.6,   56.0,   42.4,  100.0,    0.0,    0.0,    0.0,    0.0,    0.0,    0.0,    0.0,    0.0,    0.0,    0.0,    0.0,    0.0,    0.0,    0.0,    0.0,     35,.,      0,.,      0,      0,      4,      0,.,     16,     10,     14,     31,     20,     35,.,      0,.,      0,      0,      4,      0,.,     16,     10,     14,     31,     20,      0,      0,      0,      0,      0,      0,      0,      0,      0,      0,      0,      0,      0,      0,    22.7,    47.4,    31.2,    53.8,    20.9,    44.5,    26.2,    46.9,    22.7,    47.4,    31.2,    53.8,    20.9,    44.5,    26.2,    46.9,     0.0,     0.0,     0.0,     0.0,     0.0,     0.0,     0.0,     0.0,(CONTRACTS OF 10 TROY OUNCES),088695,CMX ,088 ,N20,FutOnly
GASOLINE CRK-RBOB/BRENT 1st - ICE FUTURES ENERGY DIV,260804,2026-08-04,111415,IFED,01,111 ,   10574,    3453,    4981,     543,    1148,     672,       0,       0,       0,    4254,     995,     565,    9487,    8361,    1087,    2213,   10574,    3453,    4981,     543,    1148,     672,       0,       0,       0,    4254,     995,     565,    9487,    8361,    1087,    2213,       0,       0,       0,       0,       0,       0,       0,       0,       0,       0,       0,       0,       0,       0,       0,       0,.,.,.,.,.,.,.,.,.,.,.,.,.,.,.,.,  100.0,   32.7,   47.1,    5.1,   10.9,    6.4,    0.0,    0.0,    0.0,   40.2,    9.4,    5.3,   89.7,   79.1,   10.3,   20.9,  100.0,   32.7,   47.1,    5.1,   10.9,    6.4,    0.0,    0.0,    0.0,   40.2,    9.4,    5.3,   89.7,   79.1,   10.3,   20.9,  100.0,    0.0,    0.0,    0.0,    0.0,    0.0,    0.0,    0.0,    0.0,    0.0,    0.0,    0.0,    0.0,    0.0,    0.0,    0.0,     20,      8,      9,.,.,.,      0,      0,      0,      4,.,      4,     15,     16,     20,      8,      9,.,.,.,      0,      0,      0,      4,.,      4,     15,     16,      0,      0,      0,      0,      0,      0,      0,      0,      0,      0,      0,      0,      0,      0,    57.5,    37.3,    81.2,    60.1,    52.5,    34.2,    67.4,    53.2,    57.5,    37.3,    81.2,    60.1,    52.5,    34.2,    67.4,    53.2,     0.0,     0.0,     0.0,     0.0,     0.0,     0.0,     0.0,     0.0,1000 Barrels,111415,IFED,111 ,N10,FutOnly
GASOLINE RBOB - NEW YORK MERCANTILE EXCHANGE,260804,2026-08-04,111659,NYME,01,111 ,  304431,   55099,  149775,   47732,   23355,   10458,   82582,   12697,   36973,   11749,   23327,   34596,  279189,  291181,   25242,   13250,  304431,   55099,  149775,   47732,   23355,   10458,   82582,   12697,   36973,   11749,   23327,   34596,  279189,  291181,   25242,   13250,       0,       0,       0,       0,       0,       0,       0,       0,       0,       0,       0,       0,       0,       0,       0,       0,  -16827,  -11560,  -13002,     333,    -705,      97,   -4227,    -235,   -1033,   -2020,   -2050,    1232,  -17178,  -15696,     351,   -1131,  100.0,   18.1,   49.2,   15.7,    7.7,    3.4,   27.1,    4.2,   12.1,    3.9,    7.7,   11.4,   91.7,   95.6,    8.3,    4.4,  100.0,   18.1,   49.2,   15.7,    7.7,    3.4,   27.1,    4.2,   12.1,    3.9,    7.7,   11.4,   91.7,   95.6,    8.3,    4.4,  100.0,    0.0,    0.0,    0.0,    0.0,    0.0,    0.0,    0.0,    0.0,    0.0,    0.0,    0.0,    0.0,    0.0,    0.0,    0.0,    233,     61,     80,     15,     10,     18,     64,     10,     43,     21,     18,     31,    199,    180,    233,     61,     80,     15,     10,     18,     64,     10,     43,     21,     18,     31,    199,    180,      0,      0,      0,      0,      0,      0,      0,      0,      0,      0,      0,      0,      0,      0,    13.3,    15.1,    22.5,    24.6,     8.9,    12.8,    15.4,    21.1,    13.3,    15.1,    22.5,    24.6,     8.9,    12.8,    15.4,    21.1,     0.0,     0.0,     0.0,     0.0,     0.0,     0.0,     0.0,     0.0,"(CONTRACTS OF 42,000 U.S. GALLONS)",111659,NYME,111 ,N10,FutOnly
GULF COAST CBOB GAS A2 PL RBOB - NEW YORK MERCANTILE EXCHANGE,260804,2026-08-04,111A34,NYME,01,111 ,   21683,   18825,   13205,       0,    4613,       0,    1115,       0,     450,       0,       0,       0,   20390,   18268,    1293,    3415,   21683,   18825,   13205,       0,    4613,       0,    1115,       0,     450,       0,       0,       0,   20390,   18268,    1293,    3415,       0,       0,       0,       0,       0,       0,       0,       0,       0,       0,       0,       0,       0,       0,       0,       0,    2155,    1925,    1745,       0,     150,       0,     -75,       0,     200,       0,       0,       0,    2050,    2095,     105,      60,  100.0,   86.8,   60.9,    0.0,   21.3,    0.0,    5.1,    0.0,    2.1,    0.0,    0.0,    0.0,   94.0,   84.3,    6.0,   15.7,  100.0,   86.8,   60.9,    0.0,   21.3,    0.0,    5.1,    0.0,    2.1,    0.0,    0.0,    0.0,   94.0,   84.3,    6.0,   15.7,  100.0,    0.0,    0.0,    0.0,    0.0,    0.0,    0.0,    0.0,    0.0,    0.0,    0.0,    0.0,    0.0,    0.0,    0.0,    0.0,     21,     17,     15,      0,.,      0,.,      0,.,      0,      0,      0,     18,     17,     21,     17,     15,      0,.,      0,.,      0,.,      0,      0,      0,     18,     17,      0,      0,      0,      0,      0,      0,      0,      0,      0,      0,      0,      0,      0,      0,    44.2,    47.6,    70.9,    66.5,    38.5,    43.8,    54.1,    49.0,    44.2,    47.6,    70.9,    66.5,    38.5,    43.8,    54.1,    49.0,     0.0,     0.0,     0.0,     0.0,     0.0,     0.0,     0.0,     0.0,"(CONTRACTS OF 42,000 GALLONS)",111A34,NYME,111 ,N10,FutOnly
CANOLA - ICE FUTURES U.S.,260804,2026-08-04,135731,ICUS,01,135 ,  298256,  124654,  171853,    9710,   24213,    2130,  105761,   36261,   24913,   13861,   21017,   14549,  295578,  294936,    2678,    3320,  294079,  121863,  171151,    9710,   21243,    2130,  105757,   36198,   24902,   13790,   21828,   13308,  291460,  290760,    2619,    3319,    4177,    2791,     702,       0,    2970,       0,      12,      71,       3,    1247,     365,      65,    4118,    4176,      59,       1,   -2983,    4350,   -4760,     599,    -892,     197,   -8885,     498,   -2508,      -5,    1104,    3364,   -2888,   -2997,     -95,      14,  100.0,   41.8,   57.6,    3.3,    8.1,    0.7,   35.5,   12.2,    8.4,    4.6,    7.0,    4.9,   99.1,   98.9,    0.9,    1.1,  100.0,   41.4,   58.2,    3.3,    7.2,    0.7,   36.0,   12.3,    8.5,    4.7,    7.4,    4.5,   99.1,   98.9,    0.9,    1.1,  100.0,   66.8,   16.8,    0.0,   71.1,    0.0,    0.3,    1.7,    0.1,   29.9,    8.7,    1.6,   98.6,  100.0,    1.4,    0.0,    336,     37,     76,      8,      7,.,     66,     36,     26,     50,     62,     44,    202,    230,    334,     34,     75,      8,      7,.,     65,     37,     26,     46,     68,     40,    195,    229,     36,      9,      8,      0,.,      0,.,.,.,      9,      4,.,     22,     18,    29.2,    27.8,    46.1,    43.1,    27.6,    27.8,    42.3,    41.8,    29.3,    27.2,    46.5,    42.7,    28.0,    27.2,    42.9,    41.4,    72.3,    89.9,    90.5,    95.4,    71.1,    89.6,    89.4,    95.0,(20 Metric Tonnes),135731,ICUS,135 ,A30,FutOnly
COBALT - COMMODITY EXCHANGE INC.,260804,2026-08-04,188691,CMX ,01,188 ,   15503,    2161,    4126,    4527,    1778,     314,    2374,    3205,    2474,    2952,    2509,     178,   14980,   14584,     523,     919,   15503,    2161,    4126,    4527,    1778,     314,    2374,    3205,    2474,    2952,    2509,     178,   14980,   14584,     523,     919,       0,       0,       0,       0,       0,       0,       0,       0,       0,       0,       0,       0,       0,       0,       0,       0,     273,     105,     185,      45,     -20,       5,     150,     175,     -45,       0,       0,      -4,     256,     296,      17,     -23,  100.0,   13.9,   26.6,   29.2,   11.5,    2.0,   15.3,   20.7,   16.0,   19.0,   16.2,    1.1,   96.6,   94.1,    3.4,    5.9,  100.0,   13.9,   26.6,   29.2,   11.5,    2.0,   15.3,   20.7,   16.0,   19.0,   16.2,    1.1,   96.6,   94.1,    3.4,    5.9,  100.0,    0.0,    0.0,    0.0,    0.0,    0.0,    0.0,    0.0,    0.0,    0.0,    0.0,    0.0,    0.0,    0.0,    0.0,    0.0,     37,      6,     12,      5,.,      6,      5,      4,      6,.,      5,.,     27,     31,     37,      6,     12,      5,.,      6,      5,      4,      6,.,      5,.,     27,     31,      0,      0,      0,      0,      0,      0,      0,      0,      0,      0,      0,      0,      0,      0,    49.3,    45.4,    78.2,    69.1,    42.4,    43.9,    66.1,    58.6,    49.3,    45.4,    78.2,    69.1,    42.4,    43.9,    66.1,    58.6,     0.0,     0.0,     0.0,     0.0,     0.0,     0.0,     0.0,     0.0,"2,204.62 pounds (1 Metric Ton)",188691,CMX ,188 ,N25,FutOnly
LITHIUM HYDROXIDE  - COMMODITY EXCHANGE INC.,260804,2026-08-04,189691,CMX ,01,189 ,   19459,     595,    3465,   13172,    2553,     236,    2384,     735,     209,     421,    8832,    2197,   19214,   18227,     245,    1232,   19459,     595,    3465,   13172,    2553,     236,    2384,     735,     209,     421,    8832,    2197,   19214,   18227,     245,    1232,       0,       0,       0,       0,       0,       0,       0,       0,       0,       0,       0,       0,       0,       0,       0,       0,     737,     195,    -755,     522,       0,       0,    -135,       0,       0,     -48,     470,     220,     754,     -65,     -17,     802,  100.0,    3.1,   17.8,   67.7,   13.1,    1.2,   12.3,    3.8,    1.1,    2.2,   45.4,   11.3,   98.7,   93.7,    1.3,    6.3,  100.0,    3.1,   17.8,   67.7,   13.1,    1.2,   12.3,    3.8,    1.1,    2.2,   45.4,   11.3,   98.7,   93.7,    1.3,    6.3,  100.0,    0.0,    0.0,    0.0,    0.0,    0.0,    0.0,    0.0,    0.0,    0.0,    0.0,    0.0,    0.0,    0.0,    0.0,    0.0,     37,      5,      6,      8,.,.,.,.,.,.,     14,      6,     27,     27,     37,      5,      6,      8,.,.,.,.,.,.,     14,      6,     27,     27,      0,      0,      0,      0,      0,      0,      0,      0,      0,      0,      0,      0,      0,      0,    61.5,    53.9,    83.4,    70.2,    61.0,    46.2,    78.1,    61.6,    61.5,    53.9,    83.4,    70.2,    61.0,    46.2,    78.1,    61.6,     0.0,     0.0,     0.0,     0.0,     0.0,     0.0,     0.0,     0.0,(1000) Kilograms,189691,CMX ,189 ,N25,FutOnly
ALUMINUM MWP - COMMODITY EXCHANGE INC.,260804,2026-08-04,191693,CMX ,01,191 ,   27682,    6752,   18597,   16159,    3345,     815,       0,     248,     154,    3012,    3648,     663,   27555,   27470,     127,     212,   27682,    6752,   18597,   16159,    3345,     815,       0,     248,     154,    3012,    3648,     663,   27555,   27470,     127,     212,       0,       0,       0,       0,       0,       0,       0,       0,       0,       0,       0,       0,       0,       0,       0,       0,   -2246,   -1045,   -1116,    -501,    -561,    -313,       0,     -41,     -45,     -91,     172,    -224,   -2219,   -2128,     -27,    -118,  100.0,   24.4,   67.2,   58.4,   12.1,    2.9,    0.0,    0.9,    0.6,   10.9,   13.2,    2.4,   99.5,   99.2,    0.5,    0.8,  100.0,   24.4,   67.2,   58.4,   12.1,    2.9,    0.0,    0.9,    0.6,   10.9,   13.2,    2.4,   99.5,   99.2,    0.5,    0.8,  100.0,    0.0,    0.0,    0.0,    0.0,    0.0,    0.0,    0.0,    0.0,    0.0,    0.0,    0.0,    0.0,    0.0,    0.0,    0.0,     55,     11,     21,     13,.,      8,      0,.,.,      4,     10,      4,     33,     45,     55,     11,     21,     13,.,      8,      0,.,.,      4,     10,      4,     33,     45,      0,      0,      0,      0,      0,      0,      0,      0,      0,      0,      0,      0,      0,      0,    40.2,    48.6,    65.7,    73.4,    40.1,    48.3,    65.3,    72.3,    40.2,    48.6,    65.7,    73.4,    40.1,    48.3,    65.3,    72.3,     0.0,     0.0,     0.0,     0.0,     0.0,     0.0,     0.0,     0.0,"(55,116 US Pounds-25 MT)",191693,CMX ,191 ,N25,FutOnly
ALUMINIUM EURO PREM DUTY-PAID - COMMODITY EXCHANGE INC.,260804,2026-08-04,191696,CMX ,01,191 ,   11910,    2739,    6862,    5979,    1360,     196,       0,     227,     103,    2451,    2891,       0,   11468,   11639,     442,     271,   11910,    2739,    6862,    5979,    1360,     196,       0,     227,     103,    2451,    2891,       0,   11468,   11639,     442,     271,       0,       0,       0,       0,       0,       0,       0,       0,       0,       0,       0,       0,       0,       0,       0,       0,   -1644,    -942,    -692,     423,      62,    -280,    -296,     227,      52,    -539,    -995,     -13,   -1595,   -1639,     -49,      -5,  100.0,   23.0,   57.6,   50.2,   11.4,    1.6,    0.0,    1.9,    0.9,   20.6,   24.3,    0.0,   96.3,   97.7,    3.7,    2.3,  100.0,   23.0,   57.6,   50.2,   11.4,    1.6,    0.0,    1.9,    0.9,   20.6,   24.3,    0.0,   96.3,   97.7,    3.7,    2.3,  100.0,    0.0,    0.0,    0.0,    0.0,    0.0,    0.0,    0.0,    0.0,    0.0,    0.0,    0.0,    0.0,    0.0,    0.0,    0.0,     30,      7,      9,      5,.,.,      0,.,.,      6,      4,      0,     19,     18,     30,      7,      9,      5,.,.,      0,.,.,      6,      4,      0,     19,     18,      0,      0,      0,      0,      0,      0,      0,      0,      0,      0,      0,      0,      0,      0,    56.8,    51.5,    79.1,    78.0,    56.8,    47.9,    76.7,    71.7,    56.8,    51.5,    79.1,    78.0,    56.8,    47.9,    76.7,    71.7,     0.0,     0.0,     0.0,     0.0,     0.0,     0.0,     0.0,     0.0,(25 METRIC TONS),191696,CMX ,191 ,N25,FutOnly
STEEL-HRC - COMMODITY EXCHANGE INC.,260804,2026-08-04,192651,CMX ,01,192 ,   40162,   13163,   34330,   12611,     150,     233,    8134,    1120,     989,    2731,    1274,    2000,   39861,   40096,     301,      66,   40162,   13163,   34330,   12611,     150,     233,    8134,    1120,     989,    2731,    1274,    2000,   39861,   40096,     301,      66,       0,       0,       0,       0,       0,       0,       0,       0,       0,       0,       0,       0,       0,       0,       0,       0,   -3792,    -789,   -3015,   -1079,     -50,     -25,   -1492,     -74,     201,    -385,    -635,    -227,   -3796,   -3825,       4,      33,  100.0,   32.8,   85.5,   31.4,    0.4,    0.6,   20.3,    2.8,    2.5,    6.8,    3.2,    5.0,   99.3,   99.8,    0.7,    0.2,  100.0,   32.8,   85.5,   31.4,    0.4,    0.6,   20.3,    2.8,    2.5,    6.8,    3.2,    5.0,   99.3,   99.8,    0.7,    0.2,  100.0,    0.0,    0.0,    0.0,    0.0,    0.0,    0.0,    0.0,    0.0,    0.0,    0.0,    0.0,    0.0,    0.0,    0.0,    0.0,     72,     23,     18,      7,.,.,     14,.,.,     11,      8,      8,     59,     38,     72,     23,     18,      7,.,.,     14,.,.,     11,      8,      8,     59,     38,      0,      0,      0,      0,      0,      0,      0,      0,      0,      0,      0,      0,      0,      0,    36.9,    80.4,    56.7,    87.0,    36.2,    75.3,    55.1,    79.8,    36.9,    80.4,    56.7,    87.0,    36.2,    75.3,    55.1,    79.8,     0.0,     0.0,     0.0,     0.0,     0.0,     0.0,     0.0,     0.0,(CONTRACTS OF 20 SHORT TONS),192651,CMX ,192 ,N25,FutOnly
NORTH EURO HOT-ROLL COIL STEEL - COMMODITY EXCHANGE INC.,260804,2026-08-04,192691,CMX ,01,192 ,   11065,    5035,    8731,     445,     375,      54,    2689,       0,    1065,    1541,     710,      40,   10869,   10975,     196,      90,   11065,    5035,    8731,     445,     375,      54,    2689,       0,    1065,    1541,     710,      40,   10869,   10975,     196,      90,       0,       0,       0,       0,       0,       0,       0,       0,       0,       0,       0,       0,       0,       0,       0,       0,     200,     181,     175,      50,       0,       0,      17,       0,      -5,     -48,      46,       0,     195,     216,       5,     -16,  100.0,   45.5,   78.9,    4.0,    3.4,    0.5,   24.3,    0.0,    9.6,   13.9,    6.4,    0.4,   98.2,   99.2,    1.8,    0.8,  100.0,   45.5,   78.9,    4.0,    3.4,    0.5,   24.3,    0.0,    9.6,   13.9,    6.4,    0.4,   98.2,   99.2,    1.8,    0.8,  100.0,    0.0,    0.0,    0.0,    0.0,    0.0,    0.0,    0.0,    0.0,    0.0,    0.0,    0.0,    0.0,    0.0,    0.0,    0.0,     23,      8,      5,.,.,.,.,      0,.,      4,.,.,     19,     11,     23,      8,      5,.,.,.,.,      0,.,      4,.,.,     19,     11,      0,      0,      0,      0,      0,      0,      0,      0,      0,      0,      0,      0,      0,      0,    81.2,    88.6,    90.4,    98.5,    68.4,    80.6,    74.8,    80.8,    81.2,    88.6,    90.4,    98.5,    68.4,    80.6,    74.8,    80.8,     0.0,     0.0,     0.0,     0.0,     0.0,     0.0,     0.0,     0.0,(20 Metric Tons),192691,CMX ,192 ,N25,FutOnly
PGP PROPYLENE (PCW) CAL - NEW YORK MERCANTILE EXCHANGE,260804,2026-08-04,406651,NYME,01,406 ,    7656,    1318,    1068,    2982,      74,      37,     568,       0,       0,    1655,    5440,     893,    7453,    7512,     203,     144,    7656,    1318,    1068,    2982,      74,      37,     568,       0,       0,    1655,    5440,     893,    7453,    7512,     203,     144,       0,       0,       0,       0,       0,       0,       0,       0,       0,       0,       0,       0,       0,       0,       0,       0,     181,      11,     -69,      90,       0,       0,       0,       0,       0,       0,     144,      -8,      93,      67,      88,     114,  100.0,   17.2,   13.9,   38.9,    1.0,    0.5,    7.4,    0.0,    0.0,   21.6,   71.1,   11.7,   97.3,   98.1,    2.7,    1.9,  100.0,   17.2,   13.9,   38.9,    1.0,    0.5,    7.4,    0.0,    0.0,   21.6,   71.1,   11.7,   97.3,   98.1,    2.7,    1.9,  100.0,    0.0,    0.0,    0.0,    0.0,    0.0,    0.0,    0.0,    0.0,    0.0,    0.0,    0.0,    0.0,    0.0,    0.0,    0.0,     22,      6,      6,.,.,.,.,      0,      0,      6,      4,      7,     20,     15,     22,      6,      6,.,.,.,.,      0,      0,      6,      4,      7,     20,     15,      0,      0,      0,      0,      0,      0,      0,      0,      0,      0,      0,      0,      0,      0,    54.4,    80.7,    78.6,    90.9,    53.9,    74.8,    74.1,    81.9,    54.4,    80.7,    78.6,    90.9,    53.9,    74.8,    74.1,    81.9,     0.0,     0.0,     0.0,     0.0,     0.0,     0.0,     0.0,     0.0,"(CONTRACTS OF 100,000 POUNDS)",406651,NYME,406 ,N40,FutOnly
GULF JET NY HEAT OIL SPR - NEW YORK MERCANTILE EXCHANGE,260804,2026-08-04,86465A,NYME,01,864 ,   15863,    9635,   15762,    5357,       0,      23,       0,       0,       0,     150,       0,       0,   15165,   15785,     698,      78,   15863,    9635,   15762,    5357,       0,      23,       0,       0,       0,     150,       0,       0,   15165,   15785,     698,      78,       0,       0,       0,       0,       0,       0,       0,       0,       0,       0,       0,       0,       0,       0,       0,       0,      58,    -218,     -20,    -212,       0,       0,       0,       0,       0,       0,       0,       0,    -430,     -20,     488,      78,  100.0,   60.7,   99.4,   33.8,    0.0,    0.1,    0.0,    0.0,    0.0,    0.9,    0.0,    0.0,   95.6,   99.5,    4.4,    0.5,  100.0,   60.7,   99.4,   33.8,    0.0,    0.1,    0.0,    0.0,    0.0,    0.9,    0.0,    0.0,   95.6,   99.5,    4.4,    0.5,  100.0,    0.0,    0.0,    0.0,    0.0,    0.0,    0.0,    0.0,    0.0,    0.0,    0.0,    0.0,    0.0,    0.0,    0.0,    0.0,     34,     18,     18,      8,      0,.,      0,      0,      0,.,      0,      0,     27,     20,     34,     18,     18,      8,      0,.,      0,      0,      0,.,      0,      0,     27,     20,      0,      0,      0,      0,      0,      0,      0,      0,      0,      0,      0,      0,      0,      0,    38.6,    73.7,    62.1,    89.6,    34.3,    61.9,    49.8,    69.4,    38.6,    73.7,    62.1,    89.6,    34.3,    61.9,    49.8,    69.4,     0.0,     0.0,     0.0,     0.0,     0.0,     0.0,     0.0,     0.0,"(CONTRACTS OF 42,000 GALLONS)",86465A,NYME,864 ,N10,FutOnly
GULF # 6 FUEL OIL CRACK - NEW YORK MERCANTILE EXCHANGE,260804,2026-08-04,86565A,NYME,01,865 ,   11257,    5922,    6725,    1050,     135,    1140,    1280,     225,     225,     190,    1357,    1450,   11257,   11257,       0,       0,   11257,    5922,    6725,    1050,     135,    1140,    1280,     225,     225,     190,    1357,    1450,   11257,   11257,       0,       0,       0,       0,       0,       0,       0,       0,       0,       0,       0,       0,       0,       0,       0,       0,       0,       0,       0,     225,       0,       0,       0,       0,       0,     150,    -150,     -75,       0,       0,       0,       0,       0,       0,  100.0,   52.6,   59.7,    9.3,    1.2,   10.1,   11.4,    2.0,    2.0,    1.7,   12.1,   12.9,  100.0,  100.0,    0.0,    0.0,  100.0,   52.6,   59.7,    9.3,    1.2,   10.1,   11.4,    2.0,    2.0,    1.7,   12.1,   12.9,  100.0,  100.0,    0.0,    0.0,  100.0,    0.0,    0.0,    0.0,    0.0,    0.0,    0.0,    0.0,    0.0,    0.0,    0.0,    0.0,    0.0,    0.0,    0.0,    0.0,     30,     15,     11,.,.,.,.,.,.,.,      5,      4,     27,     20,     30,     15,     11,.,.,.,.,.,.,.,      5,      4,     27,     20,      0,      0,      0,      0,      0,      0,      0,      0,      0,      0,      0,      0,      0,      0,    51.2,    56.1,    75.6,    78.9,    33.1,    32.1,    45.9,    43.4,    51.2,    56.1,    75.6,    78.9,    33.1,    32.1,    45.9,    43.4,     0.0,     0.0,     0.0,     0.0,     0.0,     0.0,     0.0,     0.0,"(CONTRACTS OF 1,000 BARRELS)",86565A,NYME,865 ,N10,FutOnly
