WHEAT-SRW - CHICAGO BOARD OF TRADE,260728,2026-07-28,001602,CBT ,00,001 ,  463502,   65697,  128258,   82515,   15495,   25754,   85168,   93331,  110546,   33878,   27707,   26050,  429608,  427141,   33894,   36361,  432649,   63263,  113042,   77870,   14990,   25131,   78028,   96681,  101613,   33506,   28474,   21401,  400812,  401332,   31837,   31317,   30853,    2434,   15216,    5186,    1046,      82,   14508,    4018,    1565,    3053,    1914,    1968,   28796,   25809,    2057,    5044,    8069,   -5089,    2646,      37,      30,    3317,   10962,     726,    -560,   -1491,    3728,     253,    7429,   10140,     640,   -2071,  100.0,   14.2,   27.7,   17.8,    3.3,    5.6,   18.4,   20.1,   23.9,    7.3,    6.0,    5.6,   92.7,   92.2,    7.3,    7.8,  100.0,   14.6,   26.1,   18.0,    3.5,    5.8,   18.0,   22.3,   23.5,    7.7,    6.6,    4.9,   92.6,   92.8,    7.4,    7.2,  100.0,    7.9,   49.3,   16.8,    3.4,    0.3,   47.0,   13.0,    5.1,    9.9,    6.2,    6.4,   93.3,   83.7,    6.7,   16.3,    390,     64,    101,     23,      9,     15,     69,     53,     65,     68,     46,     46,    293,    272,    388,     59,     98,     23,      9,     14,     66,     56,     65,     66,     48,     43,    284,    267,    150,     15,     69,     11,      6,.,     19,     11,      6,     10,     18,     11,     66,    113,    14.0,    13.1,    21.8,    22.9,     7.5,     8.6,    13.3,    13.4,    14.6,    13.8,    22.4,    24.1,     7.2,     9.6,    12.9,    14.7,    41.0,    23.3,    56.6,    38.7,    38.1,    22.9,    50.8,    34.2,"(CONTRACTS OF 5,000 BUSHELS)",001602,CBT ,001 ,A10,FutOnly
WHEAT-HRW - CHICAGO BOARD OF TRADE,260728,2026-07-28,001612,CBT ,00,001 ,  303684,   26461,  121770,   82654,    4081,    4018,   65075,   33664,   69366,    7347,   22800,   28339,  283260,  284038,   20424,   19646,  285377,   24359,  116142,   79512,    4073,    3506,   64084,   37091,   61386,    9111,   22936,   23861,  265819,  268995,   19558,   16382,   18307,    2102,    5628,    3641,     507,      13,    8123,    3705,     848,     954,    2582,    1760,   17441,   15043,     866,    3264,    9551,   -2263,    2667,      75,    -841,    1258,    -350,   -5051,    7206,    -661,    2382,    3341,    8606,   10962,     945,   -1411,  100.0,    8.7,   40.1,   27.2,    1.3,    1.3,   21.4,   11.1,   22.8,    2.4,    7.5,    9.3,   93.3,   93.5,    6.7,    6.5,  100.0,    8.5,   40.7,   27.9,    1.4,    1.2,   22.5,   13.0,   21.5,    3.2,    8.0,    8.4,   93.1,   94.3,    6.9,    5.7,  100.0,   11.5,   30.7,   19.9,    2.8,    0.1,   44.4,   20.2,    4.6,    5.2,   14.1,    9.6,   95.3,   82.2,    4.7,   17.8,    273,     52,     81,     20,      4,     10,     57,     33,     55,     22,     39,     32,    200,    211,    271,     49,     80,     20,      4,     10,     55,     34,     53,     25,     38,     31,    195,    208,    116,     12,     49,     10,      4,.,     12,     11,      5,      6,     17,     10,     49,     88,    14.7,    13.1,    24.1,    23.1,    11.1,    11.4,    20.0,    18.8,    15.1,    13.9,    24.9,    24.5,    11.2,    12.4,    20.4,    20.2,    42.9,    29.9,    60.6,    45.8,    41.0,    22.7,    56.2,    37.3,"(CONTRACTS OF 5,000 BUSHELS)",001612,CBT ,001 ,A10,FutOnly
WHEAT-HRSpring - MIAX FUTURES EXCHANGE,260728,2026-07-28,001626,MGE ,00,001 ,   84518,   43929,   57261,    4665,       0,      63,   19398,   11604,    4479,    1622,    2142,    1286,   75442,   76835,    9076,    7683,   83942,   43646,   56792,    4555,       0,      63,   19378,   11604,    4479,    1614,    2217,    1196,   74931,   76351,    9011,    7591,     576,     283,     469,     110,       0,       0,      20,       0,       0,      86,       3,      12,     511,     484,      65,      92,   -3146,   -1912,    5746,     496,    -636,    -136,   -2021,   -7363,    -163,     256,     745,    -202,   -3682,   -2009,     536,   -1137,  100.0,   52.0,   67.8,    5.5,    0.0,    0.1,   23.0,   13.7,    5.3,    1.9,    2.5,    1.5,   89.3,   90.9,   10.7,    9.1,  100.0,   52.0,   67.7,    5.4,    0.0,    0.1,   23.1,   13.8,    5.3,    1.9,    2.6,    1.4,   89.3,   91.0,   10.7,    9.0,  100.0,   49.1,   81.4,   19.1,    0.0,    0.0,    3.5,    0.0,    0.0,   14.9,    0.5,    2.1,   88.7,   84.0,   11.3,   16.0,    118,     59,     46,      8,      0,.,     13,     10,      8,      8,      6,      5,     94,     74,    118,     58,     46,      8,      0,.,     13,     10,      8,      7,      8,      5,     93,     74,     26,      5,     16,.,      0,      0,.,      0,      0,.,.,.,     10,     18,    27.5,    33.5,    41.4,    52.8,    27.4,    33.3,    39.9,    51.9,    27.7,    33.7,    41.7,    52.9,    27.6,    33.6,    40.2,    52.2,    68.4,    50.9,    87.3,    71.0,    66.3,    50.9,    83.7,    71.0,"(CONTRACTS OF 5,000 BUSHELS)",001626,MGE ,001 ,A10,FutOnly
CORN - CHICAGO BOARD OF TRADE,260728,2026-07-28,002602,CBT ,00,002 , 1736827,  320246,  865651,  365961,   24487,   12003,  314454,  187678,  224887,  178894,   51350,  183591, 1600036, 1549647,  136791,  187180,  533206,  119020,  146607,  119624,    9124,    1378,  148764,  196207,   14734,   87507,  129162,     644,  491671,  497856,   41535,   35350, 1203621,  201226,  719044,  253887,   22913,    3075,  275505,  101286,  100338,  219296,   50097,   55038, 1108365, 1051791,   95256,  151830,   -5312,  -14882,   51263,    4909,    3441,   -2153,    8698,  -61365,   -5286,   -7646,   -5253,   10158,   -6202,   -9195,     890,    3883,  100.0,   18.4,   49.8,   21.1,    1.4,    0.7,   18.1,   10.8,   12.9,   10.3,    3.0,   10.6,   92.1,   89.2,    7.9,   10.8,  100.0,   22.3,   27.5,   22.4,    1.7,    0.3,   27.9,   36.8,    2.8,   16.4,   24.2,    0.1,   92.2,   93.4,    7.8,    6.6,  100.0,   16.7,   59.7,   21.1,    1.9,    0.3,   22.9,    8.4,    8.3,   18.2,    4.2,    4.6,   92.1,   87.4,    7.9,   12.6,    805,    279,    343,     31,      9,     17,     85,     56,     82,     97,     81,     86,    588,    595,    632,    190,    220,     28,      7,.,     42,     57,     18,     78,     57,      6,    356,    349,    741,    203,    329,     31,      6,     12,     81,     41,     56,     87,     79,     63,    453,    538,    11.3,    11.0,    19.6,    17.9,     9.8,     9.2,    17.3,    15.0,    21.2,    22.3,    33.1,    33.1,    20.4,    22.3,    32.3,    33.1,    12.7,    12.4,    20.7,    20.2,    12.4,    12.3,    19.7,    19.8,"(CONTRACTS OF 5,000 BUSHELS)",002602,CBT ,002 ,A10,FutOnly
SOYBEANS - CHICAGO BOARD OF TRADE,260728,2026-07-28,005602,CBT ,00,005 , 1020108,  283941,  582088,  148653,   42713,   13370,  199637,   39158,  150261,   80229,   28951,   94275,  970366,  950816,   49742,   69292,   24998,   17270,   17051,     136,     747,       0,    2044,    1712,       2,    3484,    3524,      38,   22974,   23074,    2024,    1924,  995110,  266671,  565037,  148724,   42173,   13163,  201178,   41031,  146674,   82701,   31383,   88281,  947392,  927742,   47718,   67368,  -24969,  -32776,    -587,  -10739,   -3702,    1172,   19474,  -10500,   -3333,    5244,    -893,   -5206,  -26164,  -23049,    1195,   -1920,  100.0,   27.8,   57.1,   14.6,    4.2,    1.3,   19.6,    3.8,   14.7,    7.9,    2.8,    9.2,   95.1,   93.2,    4.9,    6.8,  100.0,   69.1,   68.2,    0.5,    3.0,    0.0,    8.2,    6.8,    0.0,   13.9,   14.1,    0.2,   91.9,   92.3,    8.1,    7.7,  100.0,   26.8,   56.8,   14.9,    4.2,    1.3,   20.2,    4.1,   14.7,    8.3,    3.2,    8.9,   95.2,   93.2,    4.8,    6.8,    633,    155,    260,     25,     15,     21,     98,     32,     75,     90,     67,     84,    452,    491,    183,     59,     79,.,      7,      0,      6,.,.,     18,     18,.,     88,    107,    631,    132,    258,     25,     14,     19,     98,     33,     74,     90,     72,     78,    422,    485,     8.8,    17.1,    16.3,    28.6,     8.6,    15.6,    15.0,    24.5,    47.8,    37.1,    62.8,    51.2,    47.8,    36.4,    60.8,    48.7,     8.9,    16.9,    16.6,    28.5,     8.7,    15.3,    15.3,    24.5,"(CONTRACTS OF 5,000 BUSHELS)",005602,CBT ,005 ,A30,FutOnly
MINI SOYBEANS - CHICAGO BOARD OF TRADE,260728,2026-07-28,005603,CBT ,00,005 ,   27833,       7,   12099,       0,       0,       0,       0,       0,       0,   22322,    1762,     284,   22613,   14145,    5220,   13688,     368,       0,      66,       0,       0,       0,       0,       0,       0,     262,      61,       0,     262,     127,     106,     241,   27465,       7,   12033,       0,       0,       0,       0,       0,       0,   22134,    1775,     210,   22351,   14018,    5114,   13447,     261,      -2,     668,       0,       0,       0,       0,       0,       0,     575,     418,     -80,     493,    1006,    -232,    -745,  100.0,    0.0,   43.5,    0.0,    0.0,    0.0,    0.0,    0.0,    0.0,   80.2,    6.3,    1.0,   81.2,   50.8,   18.8,   49.2,  100.0,    0.0,   17.9,    0.0,    0.0,    0.0,    0.0,    0.0,    0.0,   71.2,   16.6,    0.0,   71.2,   34.5,   28.8,   65.5,  100.0,    0.0,   43.8,    0.0,    0.0,    0.0,    0.0,    0.0,    0.0,   80.6,    6.5,    0.8,   81.4,   51.0,   18.6,   49.0,     35,.,     21,      0,      0,      0,      0,      0,      0,      7,      7,      5,      9,     32,     13,      0,      5,      0,      0,      0,      0,      0,      0,      4,      4,      0,      4,      9,     35,.,     21,      0,      0,      0,      0,      0,      0,      7,      7,      4,      8,     32,    75.1,    29.6,    81.2,    35.1,    74.6,    29.4,    80.2,    34.9,    71.2,    28.3,    71.2,    34.0,    71.2,    28.3,    71.2,    34.0,    75.4,    29.9,    81.4,    35.3,    74.9,    29.9,    80.6,    35.3,"(Contracts of 1,000 Bushels)",005603,CBT ,005 ,A30,FutOnly
NJ SRECS - ICE FUTURES ENERGY DIV,260728,2026-07-28,0063CC,IFED,01,006 ,  163954,  122688,   94063,    9760,    3550,       0,       0,     740,       0,   26220,   60315,    5286,  163954,  163954,       0,       0,  163954,  122688,   94063,    9760,    3550,       0,       0,     740,       0,   26220,   60315,    5286,  163954,  163954,       0,       0,       0,       0,       0,       0,       0,       0,       0,       0,       0,       0,       0,       0,       0,       0,       0,       0,     150,     150,     100,       0,       0,       0,       0,       0,       0,       0,      50,       0,     150,     150,       0,       0,  100.0,   74.8,   57.4,    6.0,    2.2,    0.0,    0.0,    0.5,    0.0,   16.0,   36.8,    3.2,  100.0,  100.0,    0.0,    0.0,  100.0,   74.8,   57.4,    6.0,    2.2,    0.0,    0.0,    0.5,    0.0,   16.0,   36.8,    3.2,  100.0,  100.0,    0.0,    0.0,  100.0,    0.0,    0.0,    0.0,    0.0,    0.0,    0.0,    0.0,    0.0,    0.0,    0.0,    0.0,    0.0,    0.0,    0.0,    0.0,     36,     18,      9,.,.,      0,      0,.,      0,      4,      6,      4,     25,     21,     36,     18,      9,.,.,      0,      0,.,      0,      4,      6,      4,     25,     21,      0,      0,      0,      0,      0,      0,      0,      0,      0,      0,      0,      0,      0,      0,    54.5,    81.8,    78.7,    91.3,    54.5,    81.8,    78.7,    88.5,    54.5,    81.8,    78.7,    91.3,    54.5,    81.8,    78.7,    88.5,     0.0,     0.0,     0.0,     0.0,     0.0,     0.0,     0.0,     0.0,(10 SRECs),0063CC,IFED,006 ,N60,FutOnly
PJM TRI-RECs CLASS 1  - ICE FUTURES ENERGY DIV,260728,2026-07-28,0063CH,IFED,01,006 ,  312533,  226044,  200622,   13765,    8238,       0,     488,    2622,    2978,   36864,   65684,   32370,  312509,  312514,      24,      19,  312533,  226044,  200622,   13765,    8238,       0,     488,    2622,    2978,   36864,   65684,   32370,  312509,  312514,      24,      19,       0,       0,       0,       0,       0,       0,       0,       0,       0,       0,       0,       0,       0,       0,       0,       0,   -1387,    -502,     -39,       0,     147,       0,       0,       0,       0,   -1697,   -2307,     812,   -1387,   -1387,       0,       0,  100.0,   72.3,   64.2,    4.4,    2.6,    0.0,    0.2,    0.8,    1.0,   11.8,   21.0,   10.4,  100.0,  100.0,    0.0,    0.0,  100.0,   72.3,   64.2,    4.4,    2.6,    0.0,    0.2,    0.8,    1.0,   11.8,   21.0,   10.4,  100.0,  100.0,    0.0,    0.0,  100.0,    0.0,    0.0,    0.0,    0.0,    0.0,    0.0,    0.0,    0.0,    0.0,    0.0,    0.0,    0.0,    0.0,    0.0,    0.0,     54,     22,     19,.,.,      0,      4,.,.,     10,      6,     11,     43,     37,     54,     22,     19,.,.,      0,      4,.,.,     10,      6,     11,     43,     37,      0,      0,      0,      0,      0,      0,      0,      0,      0,      0,      0,      0,      0,      0,    43.0,    52.9,    64.2,    72.0,    38.6,    51.7,    57.9,    66.8,    43.0,    52.9,    64.2,    72.0,    38.6,    51.7,    57.9,    66.8,     0.0,     0.0,     0.0,     0.0,     0.0,     0.0,     0.0,     0.0,(100 MWh of renewable energy certificates),0063CH,IFED,006 ,N60,FutOnly
CALIF LOW CARBON FSC-OPIS  - ICE FUTURES ENERGY DIV,260728,2026-07-28,0063CU,IFED,01,006 ,  113935,    8566,   86986,   30450,    2321,       0,   69007,       0,    2777,    2557,   21383,     468,  113825,  113935,     110,       0,  113935,    8566,   86986,   30450,    2321,       0,   69007,       0,    2777,    2557,   21383,     468,  113825,  113935,     110,       0,       0,       0,       0,       0,       0,       0,       0,       0,       0,       0,       0,       0,       0,       0,       0,       0,    2152,     430,    -956,    -255,     115,       0,    1138,       0,     413,     272,    2530,      50,    2048,    2152,     104,       0,  100.0,    7.5,   76.3,   26.7,    2.0,    0.0,   60.6,    0.0,    2.4,    2.2,   18.8,    0.4,   99.9,  100.0,    0.1,    0.0,  100.0,    7.5,   76.3,   26.7,    2.0,    0.0,   60.6,    0.0,    2.4,    2.2,   18.8,    0.4,   99.9,  100.0,    0.1,    0.0,  100.0,    0.0,    0.0,    0.0,    0.0,    0.0,    0.0,    0.0,    0.0,    0.0,    0.0,    0.0,    0.0,    0.0,    0.0,    0.0,     54,      8,      7,.,.,      0,     16,      0,      4,     12,      6,.,     42,     20,     54,      8,      7,.,.,      0,     16,      0,      4,     12,      6,.,     42,     20,      0,      0,      0,      0,      0,      0,      0,      0,      0,      0,      0,      0,      0,      0,    63.2,    79.7,    79.9,    94.2,    63.2,    78.0,    79.4,    92.1,    63.2,    79.7,    79.9,    94.2,    63.2,    78.0,    79.4,    92.1,     0.0,     0.0,     0.0,     0.0,     0.0,     0.0,     0.0,     0.0,(100 LCFS Credits- each of 1 MT),0063CU,IFED,006 ,N60,FutOnly
D6 RINs OPIS CURRENT YEAR - ICE FUTURES ENERGY DIV,260728,2026-07-28,0063CW,IFED,01,006 ,   35720,    8803,    7956,    4244,    4369,     266,    4028,    1456,    2503,    7597,   10862,    8180,   35621,   35592,      99,     128,   35720,    8803,    7956,    4244,    4369,     266,    4028,    1456,    2503,    7597,   10862,    8180,   35621,   35592,      99,     128,       0,       0,       0,       0,       0,       0,       0,       0,       0,       0,       0,       0,       0,       0,       0,       0,     879,     636,    -280,    -542,    -186,     140,     123,      11,    -117,     237,     830,     432,     909,     830,     -30,      49,  100.0,   24.6,   22.3,   11.9,   12.2,    0.7,   11.3,    4.1,    7.0,   21.3,   30.4,   22.9,   99.7,   99.6,    0.3,    0.4,  100.0,   24.6,   22.3,   11.9,   12.2,    0.7,   11.3,    4.1,    7.0,   21.3,   30.4,   22.9,   99.7,   99.6,    0.3,    0.4,  100.0,    0.0,    0.0,    0.0,    0.0,    0.0,    0.0,    0.0,    0.0,    0.0,    0.0,    0.0,    0.0,    0.0,    0.0,    0.0,     74,      9,     17,.,.,.,      4,      7,      5,     15,     23,      9,     38,     57,     74,      9,     17,.,.,.,      4,      7,      5,     15,     23,      9,     38,     57,      0,      0,      0,      0,      0,      0,      0,      0,      0,      0,      0,      0,      0,      0,    55.1,    47.4,    78.7,    66.0,    41.9,    30.6,    56.4,    43.2,    55.1,    47.4,    78.7,    66.0,    41.9,    30.6,    56.4,    43.2,     0.0,     0.0,     0.0,     0.0,     0.0,     0.0,     0.0,     0.0,"(50,000 RINs)",0063CW,IFED,006 ,N60,FutOnly
PA SOLAR ALTER ENERGY CREDIT - ICE FUTURES ENERGY DIV,260728,2026-07-28,0063DA,IFED,01,006 ,   31075,   17705,   29075,    1890,       0,       0,       0,       0,       0,   11480,    2000,       0,   31075,   31075,       0,       0,   31075,   17705,   29075,    1890,       0,       0,       0,       0,       0,   11480,    2000,       0,   31075,   31075,       0,       0,       0,       0,       0,       0,       0,       0,       0,       0,       0,       0,       0,       0,       0,       0,       0,       0,       0,       0,       0,       0,       0,       0,       0,       0,       0,       0,       0,       0,       0,       0,       0,       0,  100.0,   57.0,   93.6,    6.1,    0.0,    0.0,    0.0,    0.0,    0.0,   36.9,    6.4,    0.0,  100.0,  100.0,    0.0,    0.0,  100.0,   57.0,   93.6,    6.1,    0.0,    0.0,    0.0,    0.0,    0.0,   36.9,    6.4,    0.0,  100.0,  100.0,    0.0,    0.0,  100.0,    0.0,    0.0,    0.0,    0.0,    0.0,    0.0,    0.0,    0.0,    0.0,    0.0,    0.0,    0.0,    0.0,    0.0,    0.0,     29,     11,      7,.,      0,      0,      0,      0,      0,      6,.,      0,     20,     10,     29,     11,      7,.,      0,      0,      0,      0,      0,      6,.,      0,     20,     10,      0,      0,      0,      0,      0,      0,      0,      0,      0,      0,      0,      0,      0,      0,    45.7,    88.4,    72.0,    96.8,    45.7,    86.2,    72.0,    92.9,    45.7,    88.4,    72.0,    96.8,    45.7,    86.2,    72.0,    92.9,     0.0,     0.0,     0.0,     0.0,     0.0,     0.0,     0.0,     0.0,(10 PA SRECs),0063DA,IFED,006 ,N60,FutOnly
CALIF CARBON CURRENT AUCTION - ICE FUTURES ENERGY DIV,260728,2026-07-28,0063DB,IFED,01,006 ,   56750,   13701,    5770,   25385,   13839,       0,     375,   11831,    3365,   10958,   19001,    2944,   56728,   56750,      22,       0,   56750,   13701,    5770,   25385,   13839,       0,     375,   11831,    3365,   10958,   19001,    2944,   56728,   56750,      22,       0,       0,       0,       0,       0,       0,       0,       0,       0,       0,       0,       0,       0,       0,       0,       0,       0,      60,    1370,     760,   -2275,    1125,       0,      50,   -3250,     250,     450,     960,     215,      60,      60,       0,       0,  100.0,   24.1,   10.2,   44.7,   24.4,    0.0,    0.7,   20.8,    5.9,   19.3,   33.5,    5.2,  100.0,  100.0,    0.0,    0.0,  100.0,   24.1,   10.2,   44.7,   24.4,    0.0,    0.7,   20.8,    5.9,   19.3,   33.5,    5.2,  100.0,  100.0,    0.0,    0.0,  100.0,    0.0,    0.0,    0.0,    0.0,    0.0,    0.0,    0.0,    0.0,    0.0,    0.0,    0.0,    0.0,    0.0,    0.0,    0.0,     49,     12,      8,      5,.,      0,      4,      4,      4,     10,      7,      8,     41,     24,     49,     12,      8,      5,.,      0,      4,      4,      4,     10,      7,      8,     41,     24,      0,      0,      0,      0,      0,      0,      0,      0,      0,      0,      0,      0,      0,      0,    56.0,    78.2,    71.2,    90.1,    56.0,    72.7,    69.5,    81.6,    56.0,    78.2,    71.2,    90.1,    56.0,    72.7,    69.5,    81.6,     0.0,     0.0,     0.0,     0.0,     0.0,     0.0,     0.0,     0.0,"(1,000 California carbon allowances)",0063DB,IFED,006 ,N60,FutOnly
D4 BIODIESEL RINs OPIS CURR YR - ICE FUTURES ENERGY DIV,260728,2026-07-28,0063DG,IFED,01,006 ,   14441,    3712,    6344,    1944,    2606,       0,    1977,     130,     756,    3536,    2098,    2426,   14351,   14360,      90,      81,   14441,    3712,    6344,    1944,    2606,       0,    1977,     130,     756,    3536,    2098,    2426,   14351,   14360,      90,      81,       0,       0,       0,       0,       0,       0,       0,       0,       0,       0,       0,       0,       0,       0,       0,       0,    1420,      64,     381,     -95,      82,       0,     104,      59,      97,      90,    -320,    1097,    1357,    1396,      63,      24,  100.0,   25.7,   43.9,   13.5,   18.0,    0.0,   13.7,    0.9,    5.2,   24.5,   14.5,   16.8,   99.4,   99.4,    0.6,    0.6,  100.0,   25.7,   43.9,   13.5,   18.0,    0.0,   13.7,    0.9,    5.2,   24.5,   14.5,   16.8,   99.4,   99.4,    0.6,    0.6,  100.0,    0.0,    0.0,    0.0,    0.0,    0.0,    0.0,    0.0,    0.0,    0.0,    0.0,    0.0,    0.0,    0.0,    0.0,    0.0,     64,     16,     10,.,.,      0,     10,.,.,     18,     10,      6,     49,     29,     64,     16,     10,.,.,      0,     10,.,.,     18,     10,      6,     49,     29,      0,      0,      0,      0,      0,      0,      0,      0,      0,      0,      0,      0,      0,      0,    32.6,    49.6,    51.5,    69.6,    27.0,    46.4,    41.0,    60.4,    32.6,    49.6,    51.5,    69.6,    27.0,    46.4,    41.0,    60.4,     0.0,     0.0,     0.0,     0.0,     0.0,     0.0,     0.0,     0.0,"(50,000 RINs)",0063DG,IFED,006 ,N60,FutOnly
CT RECs CLASS 1  - ICE FUTURES ENERGY DIV,260728,2026-07-28,0063DK,IFED,01,006 ,    8975,    5925,    6371,     600,     750,       0,       0,     100,       0,    2450,    1754,       0,    8975,    8975,       0,       0,    8975,    5925,    6371,     600,     750,       0,       0,     100,       0,    2450,    1754,       0,    8975,    8975,       0,       0,       0,       0,       0,       0,       0,       0,       0,       0,       0,       0,       0,       0,       0,       0,       0,       0,       0,       0,       0,       0,       0,       0,       0,       0,       0,       0,       0,       0,       0,       0,       0,       0,  100.0,   66.0,   71.0,    6.7,    8.4,    0.0,    0.0,    1.1,    0.0,   27.3,   19.5,    0.0,  100.0,  100.0,    0.0,    0.0,  100.0,   66.0,   71.0,    6.7,    8.4,    0.0,    0.0,    1.1,    0.0,   27.3,   19.5,    0.0,  100.0,  100.0,    0.0,    0.0,  100.0,    0.0,    0.0,    0.0,    0.0,    0.0,    0.0,    0.0,    0.0,    0.0,    0.0,    0.0,    0.0,    0.0,    0.0,    0.0,     20,      7,      8,.,.,      0,      0,.,      0,.,.,      0,      9,     13,     20,      7,      8,.,.,      0,      0,.,      0,.,.,      0,      9,     13,      0,      0,      0,      0,      0,      0,      0,      0,      0,      0,      0,      0,      0,      0,    71.9,    63.5,    97.8,    91.1,    67.5,    63.5,    92.5,    88.6,    71.9,    63.5,    97.8,    91.1,    67.5,    63.5,    92.5,    88.6,     0.0,     0.0,     0.0,     0.0,     0.0,     0.0,     0.0,     0.0,(100 MWh of Class 1 Renewable Energy Certificates),0063DK,IFED,006 ,N60,FutOnly
MASS COMPLIANCE RECs CLASS 1  - ICE FUTURES ENERGY DIV,260728,2026-07-28,0063DL,IFED,01,006 ,   20979,   20679,   10039,       0,       0,       0,       0,       0,       0,       0,   10640,     300,   20979,   20979,       0,       0,   20979,   20679,   10039,       0,       0,       0,       0,       0,       0,       0,   10640,     300,   20979,   20979,       0,       0,       0,       0,       0,       0,       0,       0,       0,       0,       0,       0,       0,       0,       0,       0,       0,       0,       0,       0,       0,       0,       0,       0,       0,       0,       0,       0,       0,       0,       0,       0,       0,       0,  100.0,   98.6,   47.9,    0.0,    0.0,    0.0,    0.0,    0.0,    0.0,    0.0,   50.7,    1.4,  100.0,  100.0,    0.0,    0.0,  100.0,   98.6,   47.9,    0.0,    0.0,    0.0,    0.0,    0.0,    0.0,    0.0,   50.7,    1.4,  100.0,  100.0,    0.0,    0.0,  100.0,    0.0,    0.0,    0.0,    0.0,    0.0,    0.0,    0.0,    0.0,    0.0,    0.0,    0.0,    0.0,    0.0,    0.0,    0.0,     25,     10,     12,      0,      0,      0,      0,      0,      0,      0,      7,.,     11,     19,     25,     10,     12,      0,      0,      0,      0,      0,      0,      0,      7,.,     11,     19,      0,      0,      0,      0,      0,      0,      0,      0,      0,      0,      0,      0,      0,      0,    89.9,    63.2,    98.4,    82.7,    89.9,    63.2,    95.0,    79.5,    89.9,    63.2,    98.4,    82.7,    89.9,    63.2,    95.0,    79.5,     0.0,     0.0,     0.0,     0.0,     0.0,     0.0,     0.0,     0.0,100 MWh of Class 1 Renewable Energy Certificates,0063DL,IFED,006 ,N60,FutOnly
MARYLAND COMPLIANCE REC TIER1 - ICE FUTURES ENERGY DIV,260728,2026-07-28,0063DM,IFED,01,006 ,   11591,    9496,    5138,    1725,    1541,       0,       0,       0,       0,     250,    4792,     120,   11591,   11591,       0,       0,   11591,    9496,    5138,    1725,    1541,       0,       0,       0,       0,     250,    4792,     120,   11591,   11591,       0,       0,       0,       0,       0,       0,       0,       0,       0,       0,       0,       0,       0,       0,       0,       0,       0,       0,       0,       0,       0,       0,       0,       0,       0,       0,       0,       0,       0,       0,       0,       0,       0,       0,  100.0,   81.9,   44.3,   14.9,   13.3,    0.0,    0.0,    0.0,    0.0,    2.2,   41.3,    1.0,  100.0,  100.0,    0.0,    0.0,  100.0,   81.9,   44.3,   14.9,   13.3,    0.0,    0.0,    0.0,    0.0,    2.2,   41.3,    1.0,  100.0,  100.0,    0.0,    0.0,  100.0,    0.0,    0.0,    0.0,    0.0,    0.0,    0.0,    0.0,    0.0,    0.0,    0.0,    0.0,    0.0,    0.0,    0.0,    0.0,     23,     10,      7,.,.,      0,      0,      0,      0,.,      5,.,     14,     13,     23,     10,      7,.,.,      0,      0,      0,      0,.,      5,.,     14,     13,      0,      0,      0,      0,      0,      0,      0,      0,      0,      0,      0,      0,      0,      0,    61.4,    61.7,    86.0,    91.4,    61.4,    61.7,    83.0,    85.8,    61.4,    61.7,    86.0,    91.4,    61.4,    61.7,    83.0,    85.8,     0.0,     0.0,     0.0,     0.0,     0.0,     0.0,     0.0,     0.0,(100 Tier 1 RECs),0063DM,IFED,006 ,N60,FutOnly
MARYLAND SOLAR REC - ICE FUTURES ENERGY DIV,260728,2026-07-28,0063DN,IFED,01,006 ,   55581,   27531,   11450,   17300,   40981,       0,       0,       0,       0,   10750,    3150,       0,   55581,   55581,       0,       0,   55581,   27531,   11450,   17300,   40981,       0,       0,       0,       0,   10750,    3150,       0,   55581,   55581,       0,       0,       0,       0,       0,       0,       0,       0,       0,       0,       0,       0,       0,       0,       0,       0,       0,       0,       0,       0,       0,       0,       0,       0,       0,       0,       0,       0,       0,       0,       0,       0,       0,       0,  100.0,   49.5,   20.6,   31.1,   73.7,    0.0,    0.0,    0.0,    0.0,   19.3,    5.7,    0.0,  100.0,  100.0,    0.0,    0.0,  100.0,   49.5,   20.6,   31.1,   73.7,    0.0,    0.0,    0.0,    0.0,   19.3,    5.7,    0.0,  100.0,  100.0,    0.0,    0.0,  100.0,    0.0,    0.0,    0.0,    0.0,    0.0,    0.0,    0.0,    0.0,    0.0,    0.0,    0.0,    0.0,    0.0,    0.0,    0.0,     22,      8,      5,.,.,      0,      0,      0,      0,.,.,      0,     13,     10,     22,      8,      5,.,.,      0,      0,      0,      0,.,.,      0,     13,     10,      0,      0,      0,      0,      0,      0,      0,      0,      0,      0,      0,      0,      0,      0,    74.9,    89.2,    94.7,    98.8,    74.0,    89.2,    92.9,    98.1,    74.9,    89.2,    94.7,    98.8,    74.0,    89.2,    92.9,    98.1,     0.0,     0.0,     0.0,     0.0,     0.0,     0.0,     0.0,     0.0,(10 SRECs),0063DN,IFED,006 ,N60,FutOnly
NEPOOL DUAL RECs CLASS 1  - ICE FUTURES ENERGY DIV,260728,2026-07-28,0063DQ,IFED,01,006 ,   12760,    9910,    4234,     880,       0,       0,       0,       0,       0,    1065,    7546,     905,   12760,   12685,       0,      75,   12760,    9910,    4234,     880,       0,       0,       0,       0,       0,    1065,    7546,     905,   12760,   12685,       0,      75,       0,       0,       0,       0,       0,       0,       0,       0,       0,       0,       0,       0,       0,       0,       0,       0,       0,       0,       0,       0,       0,       0,       0,       0,       0,       0,       0,       0,       0,       0,       0,       0,  100.0,   77.7,   33.2,    6.9,    0.0,    0.0,    0.0,    0.0,    0.0,    8.3,   59.1,    7.1,  100.0,   99.4,    0.0,    0.6,  100.0,   77.7,   33.2,    6.9,    0.0,    0.0,    0.0,    0.0,    0.0,    8.3,   59.1,    7.1,  100.0,   99.4,    0.0,    0.6,  100.0,    0.0,    0.0,    0.0,    0.0,    0.0,    0.0,    0.0,    0.0,    0.0,    0.0,    0.0,    0.0,    0.0,    0.0,    0.0,     22,     11,      8,.,      0,      0,      0,      0,      0,.,.,.,     14,     12,     22,     11,      8,.,      0,      0,      0,      0,      0,.,.,.,     14,     12,      0,      0,      0,      0,      0,      0,      0,      0,      0,      0,      0,      0,      0,      0,    51.1,    67.0,    79.5,    92.0,    44.0,    67.0,    70.5,    85.0,    51.1,    67.0,    79.5,    92.0,    44.0,    67.0,    70.5,    85.0,     0.0,     0.0,     0.0,     0.0,     0.0,     0.0,     0.0,     0.0,100 MWh of Class 1 Renewable Energy Certificates,0063DQ,IFED,006 ,N60,FutOnly
NJ COMPLIANCE RECs CLASS 1 - ICE FUTURES ENERGY DIV,260728,2026-07-28,0063DR,IFED,01,006 ,   28722,   14253,   23560,      75,       0,       0,       0,     500,       0,   14373,    4662,       0,   28701,   28722,      21,       0,   28722,   14253,   23560,      75,       0,       0,       0,     500,       0,   14373,    4662,       0,   28701,   28722,      21,       0,       0,       0,       0,       0,       0,       0,       0,       0,       0,       0,       0,       0,       0,       0,       0,       0,       0,       0,       0,       0,       0,       0,       0,       0,       0,       0,       0,       0,       0,       0,       0,       0,  100.0,   49.6,   82.0,    0.3,    0.0,    0.0,    0.0,    1.7,    0.0,   50.0,   16.2,    0.0,   99.9,  100.0,    0.1,    0.0,  100.0,   49.6,   82.0,    0.3,    0.0,    0.0,    0.0,    1.7,    0.0,   50.0,   16.2,    0.0,   99.9,  100.0,    0.1,    0.0,  100.0,    0.0,    0.0,    0.0,    0.0,    0.0,    0.0,    0.0,    0.0,    0.0,    0.0,    0.0,    0.0,    0.0,    0.0,    0.0,     20,     10,      5,.,      0,      0,      0,.,      0,      4,.,      0,     15,      8,     20,     10,      5,.,      0,      0,      0,.,      0,      4,.,      0,     15,      8,      0,      0,      0,      0,      0,      0,      0,      0,      0,      0,      0,      0,      0,      0,    77.4,    90.2,    95.6,   100.0,    77.4,    90.2,    95.3,    98.6,    77.4,    90.2,    95.6,   100.0,    77.4,    90.2,    95.3,    98.6,     0.0,     0.0,     0.0,     0.0,     0.0,     0.0,     0.0,     0.0,100 MWh of Class 1 Renewable Energy Certificates,0063DR,IFED,006 ,N60,FutOnly
PA COMPLIANCE AECs TIER1 - ICE FUTURES ENERGY DIV,260728,2026-07-28,0063DT,IFED,01,006 ,   67962,   46847,   39682,    1210,    6928,    1116,    1100,       0,       0,   16145,   18672,    1544,   67962,   67942,       0,      20,   67962,   46847,   39682,    1210,    6928,    1116,    1100,       0,       0,   16145,   18672,    1544,   67962,   67942,       0,      20,       0,       0,       0,       0,       0,       0,       0,       0,       0,       0,       0,       0,       0,       0,       0,       0,     115,     100,     900,    -187,       0,     187,       0,       0,       0,    -100,   -1087,     115,     115,     115,       0,       0,  100.0,   68.9,   58.4,    1.8,   10.2,    1.6,    1.6,    0.0,    0.0,   23.8,   27.5,    2.3,  100.0,  100.0,    0.0,    0.0,  100.0,   68.9,   58.4,    1.8,   10.2,    1.6,    1.6,    0.0,    0.0,   23.8,   27.5,    2.3,  100.0,  100.0,    0.0,    0.0,  100.0,    0.0,    0.0,    0.0,    0.0,    0.0,    0.0,    0.0,    0.0,    0.0,    0.0,    0.0,    0.0,    0.0,    0.0,    0.0,     40,     19,     10,.,.,.,.,      0,      0,      6,      7,.,     31,     21,     40,     19,     10,.,.,.,.,      0,      0,      6,      7,.,     31,     21,      0,      0,      0,      0,      0,      0,      0,      0,      0,      0,      0,      0,      0,      0,    44.7,    60.5,    62.4,    84.3,    44.7,    58.8,    61.6,    80.5,    44.7,    60.5,    62.4,    84.3,    44.7,    58.8,    61.6,    80.5,     0.0,     0.0,     0.0,     0.0,     0.0,     0.0,     0.0,     0.0,(100 AECs),0063DT,IFED,006 ,N60,FutOnly
WASHINGTON CARBON ALL V2026 - ICE FUTURES ENERGY DIV,260728,2026-07-28,0063EA,IFED,01,006 ,    5081,    1276,    1403,     175,     205,     501,     106,    1173,       4,    2941,    1597,      70,    5073,    4953,       8,     128,    5081,    1276,    1403,     175,     205,     501,     106,    1173,       4,    2941,    1597,      70,    5073,    4953,       8,     128,       0,       0,       0,       0,       0,       0,       0,       0,       0,       0,       0,       0,       0,       0,       0,       0,      23,      25,      31,       0,     -25,     -10,       0,      20,       0,      -2,      -3,      10,      23,      23,       0,       0,  100.0,   25.1,   27.6,    3.4,    4.0,    9.9,    2.1,   23.1,    0.1,   57.9,   31.4,    1.4,   99.8,   97.5,    0.2,    2.5,  100.0,   25.1,   27.6,    3.4,    4.0,    9.9,    2.1,   23.1,    0.1,   57.9,   31.4,    1.4,   99.8,   97.5,    0.2,    2.5,  100.0,    0.0,    0.0,    0.0,    0.0,    0.0,    0.0,    0.0,    0.0,    0.0,    0.0,    0.0,    0.0,    0.0,    0.0,    0.0,     33,      5,      8,.,.,.,.,      6,.,      4,      8,.,     14,     24,     33,      5,      8,.,.,.,.,      6,.,      4,      8,.,     14,     24,      0,      0,      0,      0,      0,      0,      0,      0,      0,      0,      0,      0,      0,      0,    81.1,    40.7,    94.0,    65.4,    70.8,    34.8,    80.2,    55.7,    81.1,    40.7,    94.0,    65.4,    70.8,    34.8,    80.2,    55.7,     0.0,     0.0,     0.0,     0.0,     0.0,     0.0,     0.0,     0.0,"1,000 Washington carbon allowances",0063EA,IFED,006 ,N60,FutOnly
CALIF CARBON ALL VINTAGE 2026 - ICE FUTURES ENERGY DIV,260728,2026-07-28,0063EE,IFED,01,006 ,  209464,   32527,   55200,   13175,   83650,    9568,  114513,   12600,    7208,   26962,   35895,    5254,  209207,  209375,     257,      89,  209464,   32527,   55200,   13175,   83650,    9568,  114513,   12600,    7208,   26962,   35895,    5254,  209207,  209375,     257,      89,       0,       0,       0,       0,       0,       0,       0,       0,       0,       0,       0,       0,       0,       0,       0,       0,    8766,    3321,    1844,     789,     -47,    4267,   -1378,     441,     321,     431,     879,    1036,    8787,    8741,     -21,      25,  100.0,   15.5,   26.4,    6.3,   39.9,    4.6,   54.7,    6.0,    3.4,   12.9,   17.1,    2.5,   99.9,  100.0,    0.1,    0.0,  100.0,   15.5,   26.4,    6.3,   39.9,    4.6,   54.7,    6.0,    3.4,   12.9,   17.1,    2.5,   99.9,  100.0,    0.1,    0.0,  100.0,    0.0,    0.0,    0.0,    0.0,    0.0,    0.0,    0.0,    0.0,    0.0,    0.0,    0.0,    0.0,    0.0,    0.0,    0.0,    141,     25,     17,      6,     11,      4,     42,      7,      9,     30,     12,      7,    108,     63,    141,     25,     17,      6,     11,      4,     42,      7,      9,     30,     12,      7,    108,     63,      0,      0,      0,      0,      0,      0,      0,      0,      0,      0,      0,      0,      0,      0,    37.6,    22.2,    50.3,    40.5,    35.8,    21.2,    47.3,    38.8,    37.6,    22.2,    50.3,    40.5,    35.8,    21.2,    47.3,    38.8,     0.0,     0.0,     0.0,     0.0,     0.0,     0.0,     0.0,     0.0,"1,000 California carbon allowances",0063EE,IFED,006 ,N60,FutOnly
CALIF CARBON ALL VINTAGE 2027 - ICE FUTURES ENERGY DIV,260728,2026-07-28,0063EI,IFED,01,006 ,   29503,   15188,    1593,    1220,   22340,      69,    1332,    1512,     405,   11283,    3579,       0,   29497,   29498,       6,       5,   29503,   15188,    1593,    1220,   22340,      69,    1332,    1512,     405,   11283,    3579,       0,   29497,   29498,       6,       5,       0,       0,       0,       0,       0,       0,       0,       0,       0,       0,       0,       0,       0,       0,       0,       0,     400,    -190,     550,       0,       0,       0,      21,    -200,       0,     569,      51,       0,     400,     401,       0,      -1,  100.0,   51.5,    5.4,    4.1,   75.7,    0.2,    4.5,    5.1,    1.4,   38.2,   12.1,    0.0,  100.0,  100.0,    0.0,    0.0,  100.0,   51.5,    5.4,    4.1,   75.7,    0.2,    4.5,    5.1,    1.4,   38.2,   12.1,    0.0,  100.0,  100.0,    0.0,    0.0,  100.0,    0.0,    0.0,    0.0,    0.0,    0.0,    0.0,    0.0,    0.0,    0.0,    0.0,    0.0,    0.0,    0.0,    0.0,    0.0,     36,      7,.,.,      7,.,      5,.,.,      9,.,      0,     24,     14,     36,      7,.,.,      7,.,      5,.,.,      9,.,      0,     24,     14,      0,      0,      0,      0,      0,      0,      0,      0,      0,      0,      0,      0,      0,      0,    65.5,    75.1,    82.2,    94.4,    65.5,    74.5,    82.2,    93.0,    65.5,    75.1,    82.2,    94.4,    65.5,    74.5,    82.2,    93.0,     0.0,     0.0,     0.0,     0.0,     0.0,     0.0,     0.0,     0.0,"1,000 California carbon allowances",0063EI,IFED,006 ,N60,FutOnly
CALIF CARBON ALLOWANCE V2026 - NODAL EXCHANGE,260728,2026-07-28,0063EL,NODX,01,006 ,    6344,    2602,     605,     210,     712,       0,     800,    1303,       0,    2364,    3372,     300,    6276,    6292,      68,      52,    6344,    2602,     605,     210,     712,       0,     800,    1303,       0,    2364,    3372,     300,    6276,    6292,      68,      52,       0,       0,       0,       0,       0,       0,       0,       0,       0,       0,       0,       0,       0,       0,       0,       0,     336,      11,       0,       0,       0,       0,       0,       2,       0,      16,      25,     300,     327,     327,       9,       9,  100.0,   41.0,    9.5,    3.3,   11.2,    0.0,   12.6,   20.5,    0.0,   37.3,   53.2,    4.7,   98.9,   99.2,    1.1,    0.8,  100.0,   41.0,    9.5,    3.3,   11.2,    0.0,   12.6,   20.5,    0.0,   37.3,   53.2,    4.7,   98.9,   99.2,    1.1,    0.8,  100.0,    0.0,    0.0,    0.0,    0.0,    0.0,    0.0,    0.0,    0.0,    0.0,    0.0,    0.0,    0.0,    0.0,    0.0,    0.0,     27,      7,.,.,      4,      0,.,.,      0,      4,      4,.,     15,     13,     27,      7,.,.,      4,      0,.,.,      0,      4,      4,.,     15,     13,      0,      0,      0,      0,      0,      0,      0,      0,      0,      0,      0,      0,      0,      0,    72.8,    78.2,    91.2,    92.2,    72.8,    73.5,    88.6,    87.5,    72.8,    78.2,    91.2,    92.2,    72.8,    73.5,    88.6,    87.5,     0.0,     0.0,     0.0,     0.0,     0.0,     0.0,     0.0,     0.0,"(1,000 California carbon allowances)",0063EL,NODX,006 ,N60,FutOnly
RGGI V2026 - ICE FUTURES ENERGY DIV,260728,2026-07-28,0063EM,IFED,01,006 ,   59655,   27360,   43523,   15334,    6208,    1504,    9173,    1482,    1377,    2772,    3491,    2056,   59576,   59641,      79,      14,   59655,   27360,   43523,   15334,    6208,    1504,    9173,    1482,    1377,    2772,    3491,    2056,   59576,   59641,      79,      14,       0,       0,       0,       0,       0,       0,       0,       0,       0,       0,       0,       0,       0,       0,       0,       0,     895,     504,     265,      26,     225,    -135,     652,    -378,     218,   -1065,       7,     686,     886,     888,       9,       7,  100.0,   45.9,   73.0,   25.7,   10.4,    2.5,   15.4,    2.5,    2.3,    4.6,    5.9,    3.4,   99.9,  100.0,    0.1,    0.0,  100.0,   45.9,   73.0,   25.7,   10.4,    2.5,   15.4,    2.5,    2.3,    4.6,    5.9,    3.4,   99.9,  100.0,    0.1,    0.0,  100.0,    0.0,    0.0,    0.0,    0.0,    0.0,    0.0,    0.0,    0.0,    0.0,    0.0,    0.0,    0.0,    0.0,    0.0,    0.0,     67,     14,      8,.,      6,      7,     13,      6,      4,     13,      8,      5,     52,     34,     67,     14,      8,.,      6,      7,     13,      6,      4,     13,      8,      5,     52,     34,      0,      0,      0,      0,      0,      0,      0,      0,      0,      0,      0,      0,      0,      0,    54.0,    81.2,    72.2,    90.2,    52.8,    80.3,    68.3,    85.4,    54.0,    81.2,    72.2,    90.2,    52.8,    80.3,    68.3,    85.4,     0.0,     0.0,     0.0,     0.0,     0.0,     0.0,     0.0,     0.0,"1,000 RGGI CO2 Allowances",0063EM,IFED,006 ,N60,FutOnly
RGGI V2027 - ICE FUTURES ENERGY DIV,260728,2026-07-28,0063F6,IFED,01,006 ,   21749,   12945,    2927,    3396,    3294,     250,       0,   12124,    1961,    2738,     719,     412,   21702,   21687,      47,      62,   21749,   12945,    2927,    3396,    3294,     250,       0,   12124,    1961,    2738,     719,     412,   21702,   21687,      47,      62,       0,       0,       0,       0,       0,       0,       0,       0,       0,       0,       0,       0,       0,       0,       0,       0,    -288,    -548,      48,     210,     -56,    -195,       0,     873,    -112,     835,    -345,    -508,    -318,    -295,      30,       7,  100.0,   59.5,   13.5,   15.6,   15.1,    1.1,    0.0,   55.7,    9.0,   12.6,    3.3,    1.9,   99.8,   99.7,    0.2,    0.3,  100.0,   59.5,   13.5,   15.6,   15.1,    1.1,    0.0,   55.7,    9.0,   12.6,    3.3,    1.9,   99.8,   99.7,    0.2,    0.3,  100.0,    0.0,    0.0,    0.0,    0.0,    0.0,    0.0,    0.0,    0.0,    0.0,    0.0,    0.0,    0.0,    0.0,    0.0,    0.0,     32,      5,      7,      4,.,.,      0,      7,.,      4,      4,.,     14,     23,     32,      5,      7,      4,.,.,      0,      7,.,      4,      4,.,     14,     23,      0,      0,      0,      0,      0,      0,      0,      0,      0,      0,      0,      0,      0,      0,    66.8,    67.1,    91.4,    87.1,    65.3,    58.1,    81.4,    78.1,    66.8,    67.1,    91.4,    87.1,    65.3,    58.1,    81.4,    78.1,     0.0,     0.0,     0.0,     0.0,     0.0,     0.0,     0.0,     0.0,"(1,000 RGGI CO2 Allowances)",0063F6,IFED,006 ,N60,FutOnly
TX REC CRS V26 BACK HALF - NODAL EXCHANGE,260728,2026-07-28,006NHT,NODX,01,006 ,    9057,    8523,    2574,     300,     385,       0,       0,       0,       0,      75,    5927,       0,    8898,    8886,     159,     171,    9057,    8523,    2574,     300,     385,       0,       0,       0,       0,      75,    5927,       0,    8898,    8886,     159,     171,       0,       0,       0,       0,       0,       0,       0,       0,       0,       0,       0,       0,       0,       0,       0,       0,       0,       0,       0,       0,       0,       0,       0,       0,       0,       0,       0,       0,       0,       0,       0,       0,  100.0,   94.1,   28.4,    3.3,    4.3,    0.0,    0.0,    0.0,    0.0,    0.8,   65.4,    0.0,   98.2,   98.1,    1.8,    1.9,  100.0,   94.1,   28.4,    3.3,    4.3,    0.0,    0.0,    0.0,    0.0,    0.8,   65.4,    0.0,   98.2,   98.1,    1.8,    1.9,  100.0,    0.0,    0.0,    0.0,    0.0,    0.0,    0.0,    0.0,    0.0,    0.0,    0.0,    0.0,    0.0,    0.0,    0.0,    0.0,     30,     12,      7,.,.,      0,      0,      0,      0,.,      8,      0,     14,     16,     30,     12,      7,.,.,      0,      0,      0,      0,.,      8,      0,     14,     16,      0,      0,      0,      0,      0,      0,      0,      0,      0,      0,      0,      0,      0,      0,    66.1,    62.6,    88.8,    85.2,    66.1,    62.6,    88.8,    85.2,    66.1,    62.6,    88.8,    85.2,    66.1,    62.6,    88.8,    85.2,     0.0,     0.0,     0.0,     0.0,     0.0,     0.0,     0.0,     0.0,1000 Texas RECs,006NHT,NODX,006 ,N60,FutOnly
TX REC CRS V27 BACK HALF - NODAL EXCHANGE,260728,2026-07-28,006NHU,NODX,01,006 ,    6851,    6029,    1902,       0,     400,       0,       0,       0,       0,     540,    4278,       0,    6569,    6580,     282,     271,    6851,    6029,    1902,       0,     400,       0,       0,       0,       0,     540,    4278,       0,    6569,    6580,     282,     271,       0,       0,       0,       0,       0,       0,       0,       0,       0,       0,       0,       0,       0,       0,       0,       0,     240,     240,       0,       0,       0,       0,       0,       0,       0,       0,     240,       0,     240,     240,       0,       0,  100.0,   88.0,   27.8,    0.0,    5.8,    0.0,    0.0,    0.0,    0.0,    7.9,   62.4,    0.0,   95.9,   96.0,    4.1,    4.0,  100.0,   88.0,   27.8,    0.0,    5.8,    0.0,    0.0,    0.0,    0.0,    7.9,   62.4,    0.0,   95.9,   96.0,    4.1,    4.0,  100.0,    0.0,    0.0,    0.0,    0.0,    0.0,    0.0,    0.0,    0.0,    0.0,    0.0,    0.0,    0.0,    0.0,    0.0,    0.0,     32,     13,      6,      0,.,      0,      0,      0,      0,      5,      6,      0,     18,     14,     32,     13,      6,      0,.,      0,      0,      0,      0,      5,      6,      0,     18,     14,      0,      0,      0,      0,      0,      0,      0,      0,      0,      0,      0,      0,      0,      0,    66.7,    70.3,    84.9,    89.8,    66.7,    70.3,    84.9,    89.8,    66.7,    70.3,    84.9,    89.8,    66.7,    70.3,    84.9,    89.8,     0.0,     0.0,     0.0,     0.0,     0.0,     0.0,     0.0,     0.0,1000 Texas RECs,006NHU,NODX,006 ,N60,FutOnly
TX REC CRS V28 BACK HALF - NODAL EXCHANGE,260728,2026-07-28,006NHV,NODX,01,006 ,    5353,    3617,    1546,      25,     412,       0,     164,       0,       0,     824,    2656,     441,    5071,    5055,     282,     298,    5353,    3617,    1546,      25,     412,       0,     164,       0,       0,     824,    2656,     441,    5071,    5055,     282,     298,       0,       0,       0,       0,       0,       0,       0,       0,       0,       0,       0,       0,       0,       0,       0,       0,       4,       0,       0,       0,       0,       0,       0,       0,       0,       4,       4,       0,       4,       4,       0,       0,  100.0,   67.6,   28.9,    0.5,    7.7,    0.0,    3.1,    0.0,    0.0,   15.4,   49.6,    8.2,   94.7,   94.4,    5.3,    5.6,  100.0,   67.6,   28.9,    0.5,    7.7,    0.0,    3.1,    0.0,    0.0,   15.4,   49.6,    8.2,   94.7,   94.4,    5.3,    5.6,  100.0,    0.0,    0.0,    0.0,    0.0,    0.0,    0.0,    0.0,    0.0,    0.0,    0.0,    0.0,    0.0,    0.0,    0.0,    0.0,     31,     13,      6,.,.,      0,.,      0,      0,      6,.,.,     21,     11,     31,     13,      6,.,.,      0,.,      0,      0,      6,.,.,     21,     11,      0,      0,      0,      0,      0,      0,      0,      0,      0,      0,      0,      0,      0,      0,    44.0,    68.6,    70.0,    88.2,    37.6,    68.1,    61.7,    82.7,    44.0,    68.6,    70.0,    88.2,    37.6,    68.1,    61.7,    82.7,     0.0,     0.0,     0.0,     0.0,     0.0,     0.0,     0.0,     0.0,1000 Texas RECs,006NHV,NODX,006 ,N60,FutOnly
TX REC CRS V29 BACK HALF - NODAL EXCHANGE,260728,2026-07-28,006NHW,NODX,01,006 ,    5021,    4642,    1278,       0,     587,       0,       0,       0,       0,     277,    3054,       0,    4919,    4919,     102,     102,    5021,    4642,    1278,       0,     587,       0,       0,       0,       0,     277,    3054,       0,    4919,    4919,     102,     102,       0,       0,       0,       0,       0,       0,       0,       0,       0,       0,       0,       0,       0,       0,       0,       0,       0,       0,       0,       0,       0,       0,       0,       0,       0,       0,       0,       0,       0,       0,       0,       0,  100.0,   92.5,   25.5,    0.0,   11.7,    0.0,    0.0,    0.0,    0.0,    5.5,   60.8,    0.0,   98.0,   98.0,    2.0,    2.0,  100.0,   92.5,   25.5,    0.0,   11.7,    0.0,    0.0,    0.0,    0.0,    5.5,   60.8,    0.0,   98.0,   98.0,    2.0,    2.0,  100.0,    0.0,    0.0,    0.0,    0.0,    0.0,    0.0,    0.0,    0.0,    0.0,    0.0,    0.0,    0.0,    0.0,    0.0,    0.0,     29,     13,      4,      0,.,      0,      0,      0,      0,      4,      5,      0,     17,     12,     29,     13,      4,      0,.,      0,      0,      0,      0,      4,      5,      0,     17,     12,      0,      0,      0,      0,      0,      0,      0,      0,      0,      0,      0,      0,      0,      0,    71.6,    75.5,    88.1,    93.0,    71.6,    75.5,    88.1,    93.0,    71.6,    75.5,    88.1,    93.0,    71.6,    75.5,    88.1,    93.0,     0.0,     0.0,     0.0,     0.0,     0.0,     0.0,     0.0,     0.0,1000 Texas RECs,006NHW,NODX,006 ,N60,FutOnly
TX REC CRS V30 BACK HALF - NODAL EXCHANGE,260728,2026-07-28,006NHX,NODX,01,006 ,    2923,    2631,     355,       0,     275,       0,       0,       0,       0,     148,    2140,       0,    2779,    2770,     144,     153,    2923,    2631,     355,       0,     275,       0,       0,       0,       0,     148,    2140,       0,    2779,    2770,     144,     153,       0,       0,       0,       0,       0,       0,       0,       0,       0,       0,       0,       0,       0,       0,       0,       0,       0,       0,       0,       0,       0,       0,       0,       0,       0,       0,       0,       0,       0,       0,       0,       0,  100.0,   90.0,   12.1,    0.0,    9.4,    0.0,    0.0,    0.0,    0.0,    5.1,   73.2,    0.0,   95.1,   94.8,    4.9,    5.2,  100.0,   90.0,   12.1,    0.0,    9.4,    0.0,    0.0,    0.0,    0.0,    5.1,   73.2,    0.0,   95.1,   94.8,    4.9,    5.2,  100.0,    0.0,    0.0,    0.0,    0.0,    0.0,    0.0,    0.0,    0.0,    0.0,    0.0,    0.0,    0.0,    0.0,    0.0,    0.0,     26,     11,      6,      0,.,      0,      0,      0,      0,.,      6,      0,     14,     14,     26,     11,      6,      0,.,      0,      0,      0,      0,.,      6,      0,     14,     14,      0,      0,      0,      0,      0,      0,      0,      0,      0,      0,      0,      0,      0,      0,    70.7,    74.0,    86.2,    88.7,    69.8,    74.0,    85.3,    88.5,    70.7,    74.0,    86.2,    88.7,    69.8,    74.0,    85.3,    88.5,     0.0,     0.0,     0.0,     0.0,     0.0,     0.0,     0.0,     0.0,"(1,000 MWh representing 1,000 Texas RECs)",006NHX,NODX,006 ,N60,FutOnly
TX REC CRS V26 FRONT HALF - NODAL EXCHANGE,260728,2026-07-28,006NHY,NODX,01,006 ,    8035,    7376,    3031,       0,    1112,       0,       0,       0,       0,     328,    3562,       0,    7704,    7705,     331,     330,    8035,    7376,    3031,       0,    1112,       0,       0,       0,       0,     328,    3562,       0,    7704,    7705,     331,     330,       0,       0,       0,       0,       0,       0,       0,       0,       0,       0,       0,       0,       0,       0,       0,       0,     125,     125,     125,       0,       0,       0,       0,       0,       0,       0,       0,       0,     125,     125,       0,       0,  100.0,   91.8,   37.7,    0.0,   13.8,    0.0,    0.0,    0.0,    0.0,    4.1,   44.3,    0.0,   95.9,   95.9,    4.1,    4.1,  100.0,   91.8,   37.7,    0.0,   13.8,    0.0,    0.0,    0.0,    0.0,    4.1,   44.3,    0.0,   95.9,   95.9,    4.1,    4.1,  100.0,    0.0,    0.0,    0.0,    0.0,    0.0,    0.0,    0.0,    0.0,    0.0,    0.0,    0.0,    0.0,    0.0,    0.0,    0.0,     31,     15,      5,      0,.,      0,      0,      0,      0,.,      5,      0,     18,     13,     31,     15,      5,      0,.,      0,      0,      0,      0,.,      5,      0,     18,     13,      0,      0,      0,      0,      0,      0,      0,      0,      0,      0,      0,      0,      0,      0,    64.9,    54.5,    81.7,    80.3,    64.9,    54.5,    81.7,    80.3,    64.9,    54.5,    81.7,    80.3,    64.9,    54.5,    81.7,    80.3,     0.0,     0.0,     0.0,     0.0,     0.0,     0.0,     0.0,     0.0,1000 Texas RECs,006NHY,NODX,006 ,N60,FutOnly
TX REC CRS V27 FRONT HALF - NODAL EXCHANGE,260728,2026-07-28,006NHZ,NODX,01,006 ,    7307,    5888,    3372,       0,     703,       0,       0,       0,       0,    1339,    3129,       0,    7227,    7204,      80,     103,    7307,    5888,    3372,       0,     703,       0,       0,       0,       0,    1339,    3129,       0,    7227,    7204,      80,     103,       0,       0,       0,       0,       0,       0,       0,       0,       0,       0,       0,       0,       0,       0,       0,       0,       0,       0,       0,       0,       0,       0,       0,       0,       0,       0,       0,       0,       0,       0,       0,       0,  100.0,   80.6,   46.1,    0.0,    9.6,    0.0,    0.0,    0.0,    0.0,   18.3,   42.8,    0.0,   98.9,   98.6,    1.1,    1.4,  100.0,   80.6,   46.1,    0.0,    9.6,    0.0,    0.0,    0.0,    0.0,   18.3,   42.8,    0.0,   98.9,   98.6,    1.1,    1.4,  100.0,    0.0,    0.0,    0.0,    0.0,    0.0,    0.0,    0.0,    0.0,    0.0,    0.0,    0.0,    0.0,    0.0,    0.0,    0.0,     33,     15,      7,      0,.,      0,      0,      0,      0,      7,.,      0,     22,     12,     33,     15,      7,      0,.,      0,      0,      0,      0,      7,.,      0,     22,     12,      0,      0,      0,      0,      0,      0,      0,      0,      0,      0,      0,      0,      0,      0,    60.6,    76.5,    79.6,    94.5,    60.6,    76.2,    79.6,    94.2,    60.6,    76.5,    79.6,    94.5,    60.6,    76.2,    79.6,    94.2,     0.0,     0.0,     0.0,     0.0,     0.0,     0.0,     0.0,     0.0,1000 Texas RECs,006NHZ,NODX,006 ,N60,FutOnly
TX REC CRS V28 FRONT HALF - NODAL EXCHANGE,260728,2026-07-28,006NJ1,NODX,01,006 ,    6195,    5344,    2392,       0,     538,       0,       0,       0,       0,     651,    3057,       0,    5995,    5987,     200,     208,    6195,    5344,    2392,       0,     538,       0,       0,       0,       0,     651,    3057,       0,    5995,    5987,     200,     208,       0,       0,       0,       0,       0,       0,       0,       0,       0,       0,       0,       0,       0,       0,       0,       0,       0,       0,       0,       0,       0,       0,       0,       0,       0,       0,       0,       0,       0,       0,       0,       0,  100.0,   86.3,   38.6,    0.0,    8.7,    0.0,    0.0,    0.0,    0.0,   10.5,   49.3,    0.0,   96.8,   96.6,    3.2,    3.4,  100.0,   86.3,   38.6,    0.0,    8.7,    0.0,    0.0,    0.0,    0.0,   10.5,   49.3,    0.0,   96.8,   96.6,    3.2,    3.4,  100.0,    0.0,    0.0,    0.0,    0.0,    0.0,    0.0,    0.0,    0.0,    0.0,    0.0,    0.0,    0.0,    0.0,    0.0,    0.0,     27,     12,      7,      0,.,      0,      0,      0,      0,.,      5,      0,     15,     13,     27,     12,      7,      0,.,      0,      0,      0,      0,.,      5,      0,     15,     13,      0,      0,      0,      0,      0,      0,      0,      0,      0,      0,      0,      0,      0,      0,    63.6,    73.9,    82.9,    91.2,    62.8,    73.9,    82.1,    91.2,    63.6,    73.9,    82.9,    91.2,    62.8,    73.9,    82.1,    91.2,     0.0,     0.0,     0.0,     0.0,     0.0,     0.0,     0.0,     0.0,1000 Texas RECs,006NJ1,NODX,006 ,N60,FutOnly
TX REC CRS V29 FRONT HALF - NODAL EXCHANGE,260728,2026-07-28,006NJ2,NODX,01,006 ,    6269,    5027,    2661,       0,     713,       0,       0,       0,       0,    1084,    2757,      25,    6136,    6156,     133,     113,    6269,    5027,    2661,       0,     713,       0,       0,       0,       0,    1084,    2757,      25,    6136,    6156,     133,     113,       0,       0,       0,       0,       0,       0,       0,       0,       0,       0,       0,       0,       0,       0,       0,       0,       0,       2,       0,       0,       0,       0,       0,       0,       0,      -2,       0,       0,       0,       0,       0,       0,  100.0,   80.2,   42.4,    0.0,   11.4,    0.0,    0.0,    0.0,    0.0,   17.3,   44.0,    0.4,   97.9,   98.2,    2.1,    1.8,  100.0,   80.2,   42.4,    0.0,   11.4,    0.0,    0.0,    0.0,    0.0,   17.3,   44.0,    0.4,   97.9,   98.2,    2.1,    1.8,  100.0,    0.0,    0.0,    0.0,    0.0,    0.0,    0.0,    0.0,    0.0,    0.0,    0.0,    0.0,    0.0,    0.0,    0.0,    0.0,     30,     10,      9,      0,.,      0,      0,      0,      0,      6,.,.,     16,     16,     30,     10,      9,      0,.,      0,      0,      0,      0,      6,.,.,     16,     16,      0,      0,      0,      0,      0,      0,      0,      0,      0,      0,      0,      0,      0,      0,    70.5,    76.6,    89.0,    91.9,    69.9,    76.6,    88.4,    91.9,    70.5,    76.6,    89.0,    91.9,    69.9,    76.6,    88.4,    91.9,     0.0,     0.0,     0.0,     0.0,     0.0,     0.0,     0.0,     0.0,1000 Texas RECs,006NJ2,NODX,006 ,N60,FutOnly
TX REC CRS V30 FRONT HALF - NODAL EXCHANGE,260728,2026-07-28,006NJ3,NODX,01,006 ,    2667,    2174,     363,       0,     400,       0,       0,       0,       0,     336,    1724,       0,    2510,    2487,     157,     180,    2667,    2174,     363,       0,     400,       0,       0,       0,       0,     336,    1724,       0,    2510,    2487,     157,     180,       0,       0,       0,       0,       0,       0,       0,       0,       0,       0,       0,       0,       0,       0,       0,       0,       0,       0,       0,       0,       0,       0,       0,       0,       0,       0,       0,       0,       0,       0,       0,       0,  100.0,   81.5,   13.6,    0.0,   15.0,    0.0,    0.0,    0.0,    0.0,   12.6,   64.6,    0.0,   94.1,   93.3,    5.9,    6.7,  100.0,   81.5,   13.6,    0.0,   15.0,    0.0,    0.0,    0.0,    0.0,   12.6,   64.6,    0.0,   94.1,   93.3,    5.9,    6.7,  100.0,    0.0,    0.0,    0.0,    0.0,    0.0,    0.0,    0.0,    0.0,    0.0,    0.0,    0.0,    0.0,    0.0,    0.0,    0.0,     23,      9,      6,      0,.,      0,      0,      0,      0,.,      6,      0,     11,     14,     23,      9,      6,      0,.,      0,      0,      0,      0,.,      6,      0,     11,     14,      0,      0,      0,      0,      0,      0,      0,      0,      0,      0,      0,      0,      0,      0,    70.5,    68.7,    88.5,    83.8,    68.5,    68.7,    86.5,    83.8,    70.5,    68.7,    88.5,    83.8,    68.5,    68.7,    86.5,    83.8,     0.0,     0.0,     0.0,     0.0,     0.0,     0.0,     0.0,     0.0,1000 Texas RECs,006NJ3,NODX,006 ,N60,FutOnly
TX REC CRS V31 BACK HALF - NODAL EXCHANGE,260728,2026-07-28,006NKH,NODX,01,006 ,    1674,    1181,     409,     212,      50,       0,       0,       0,       0,     181,    1115,       0,    1574,    1574,     100,     100,    1674,    1181,     409,     212,      50,       0,       0,       0,       0,     181,    1115,       0,    1574,    1574,     100,     100,       0,       0,       0,       0,       0,       0,       0,       0,       0,       0,       0,       0,       0,       0,       0,       0,       0,       0,       0,       0,       0,       0,       0,       0,       0,       0,       0,       0,       0,       0,       0,       0,  100.0,   70.5,   24.4,   12.7,    3.0,    0.0,    0.0,    0.0,    0.0,   10.8,   66.6,    0.0,   94.0,   94.0,    6.0,    6.0,  100.0,   70.5,   24.4,   12.7,    3.0,    0.0,    0.0,    0.0,    0.0,   10.8,   66.6,    0.0,   94.0,   94.0,    6.0,    6.0,  100.0,    0.0,    0.0,    0.0,    0.0,    0.0,    0.0,    0.0,    0.0,    0.0,    0.0,    0.0,    0.0,    0.0,    0.0,    0.0,     20,      7,      6,.,.,      0,      0,      0,      0,.,.,      0,     12,     10,     20,      7,      6,.,.,      0,      0,      0,      0,.,.,      0,     12,     10,      0,      0,      0,      0,      0,      0,      0,      0,      0,      0,      0,      0,      0,      0,    62.8,    78.6,    85.1,    91.0,    59.6,    78.6,    82.0,    90.9,    62.8,    78.6,    85.1,    91.0,    59.6,    78.6,    82.0,    90.9,     0.0,     0.0,     0.0,     0.0,     0.0,     0.0,     0.0,     0.0,1000 Texas RECs,006NKH,NODX,006 ,N60,FutOnly
NEW JERSEY RECs CLASS 2 V2026 - NODAL EXCHANGE,260728,2026-07-28,006NLD,NODX,01,006 ,    9960,    5670,     392,     505,    9568,       0,     690,       0,       0,    3080,       0,       0,    9945,    9960,      15,       0,    9960,    5670,     392,     505,    9568,       0,     690,       0,       0,    3080,       0,       0,    9945,    9960,      15,       0,       0,       0,       0,       0,       0,       0,       0,       0,       0,       0,       0,       0,       0,       0,       0,       0,       0,       0,       0,       0,       0,       0,       0,       0,       0,       0,       0,       0,       0,       0,       0,       0,  100.0,   56.9,    3.9,    5.1,   96.1,    0.0,    6.9,    0.0,    0.0,   30.9,    0.0,    0.0,   99.8,  100.0,    0.2,    0.0,  100.0,   56.9,    3.9,    5.1,   96.1,    0.0,    6.9,    0.0,    0.0,   30.9,    0.0,    0.0,   99.8,  100.0,    0.2,    0.0,  100.0,    0.0,    0.0,    0.0,    0.0,    0.0,    0.0,    0.0,    0.0,    0.0,    0.0,    0.0,    0.0,    0.0,    0.0,    0.0,     20,     10,.,.,.,      0,.,      0,      0,      4,      0,      0,     16,      4,     20,     10,.,.,.,      0,.,      0,      0,      4,      0,      0,     16,      4,      0,      0,      0,      0,      0,      0,      0,      0,      0,      0,      0,      0,      0,      0,    51.7,   100.0,    84.3,   100.0,    51.7,   100.0,    84.3,   100.0,    51.7,   100.0,    84.3,   100.0,    51.7,   100.0,    84.3,   100.0,     0.0,     0.0,     0.0,     0.0,     0.0,     0.0,     0.0,     0.0,100 MWh representing 100 NJ Class 2 RECs,006NLD,NODX,006 ,N60,FutOnly
PENNSYLVANIA AEC TIER 2-V2026 - NODAL EXCHANGE,260728,2026-07-28,006NLV,NODX,01,006 ,   28211,   16220,   13644,    1394,    1573,       0,    3951,       0,       0,    6546,   12894,       0,   28111,   28111,     100,     100,   28211,   16220,   13644,    1394,    1573,       0,    3951,       0,       0,    6546,   12894,       0,   28111,   28111,     100,     100,       0,       0,       0,       0,       0,       0,       0,       0,       0,       0,       0,       0,       0,       0,       0,       0,     150,     100,     150,       0,       0,       0,       0,       0,       0,      50,       0,       0,     150,     150,       0,       0,  100.0,   57.5,   48.4,    4.9,    5.6,    0.0,   14.0,    0.0,    0.0,   23.2,   45.7,    0.0,   99.6,   99.6,    0.4,    0.4,  100.0,   57.5,   48.4,    4.9,    5.6,    0.0,   14.0,    0.0,    0.0,   23.2,   45.7,    0.0,   99.6,   99.6,    0.4,    0.4,  100.0,    0.0,    0.0,    0.0,    0.0,    0.0,    0.0,    0.0,    0.0,    0.0,    0.0,    0.0,    0.0,    0.0,    0.0,    0.0,     33,     12,      8,.,.,      0,.,      0,      0,      7,.,      0,     23,     12,     33,     12,      8,.,.,      0,.,      0,      0,      7,.,      0,     23,     12,      0,      0,      0,      0,      0,      0,      0,      0,      0,      0,      0,      0,      0,      0,    59.3,    78.9,    82.5,    95.3,    59.3,    78.9,    80.1,    94.8,    59.3,    78.9,    82.5,    95.3,    59.3,    78.9,    80.1,    94.8,     0.0,     0.0,     0.0,     0.0,     0.0,     0.0,     0.0,     0.0,(100 MWh = 100 Tier 2  AECs),006NLV,NODX,006 ,N60,FutOnly
NEW JERSEY RECs CLASS 2 V2027 - NODAL EXCHANGE,260728,2026-07-28,006NMM,NODX,01,006 ,   10756,    5940,    1800,     321,    8606,       0,    1150,       0,       0,    3345,     350,       0,   10756,   10756,       0,       0,   10756,    5940,    1800,     321,    8606,       0,    1150,       0,       0,    3345,     350,       0,   10756,   10756,       0,       0,       0,       0,       0,       0,       0,       0,       0,       0,       0,       0,       0,       0,       0,       0,       0,       0,       0,       0,       0,       0,       0,       0,       0,       0,       0,       0,       0,       0,       0,       0,       0,       0,  100.0,   55.2,   16.7,    3.0,   80.0,    0.0,   10.7,    0.0,    0.0,   31.1,    3.3,    0.0,  100.0,  100.0,    0.0,    0.0,  100.0,   55.2,   16.7,    3.0,   80.0,    0.0,   10.7,    0.0,    0.0,   31.1,    3.3,    0.0,  100.0,  100.0,    0.0,    0.0,  100.0,    0.0,    0.0,    0.0,    0.0,    0.0,    0.0,    0.0,    0.0,    0.0,    0.0,    0.0,    0.0,    0.0,    0.0,    0.0,     23,     11,.,.,.,      0,.,      0,      0,      5,.,      0,     18,      5,     23,     11,.,.,.,      0,.,      0,      0,      5,.,      0,     18,      5,      0,      0,      0,      0,      0,      0,      0,      0,      0,      0,      0,      0,      0,      0,    55.1,    96.7,    82.0,   100.0,    55.1,    96.7,    82.0,   100.0,    55.1,    96.7,    82.0,   100.0,    55.1,    96.7,    82.0,   100.0,     0.0,     0.0,     0.0,     0.0,     0.0,     0.0,     0.0,     0.0,(100 MWh representing 100 NJ Class 2 RECs),006NMM,NODX,006 ,N60,FutOnly
PENNSYLVANIA AEC TIER 2-V2027 - NODAL EXCHANGE,260728,2026-07-28,006NMT,NODX,01,006 ,   26063,   17775,   14959,    1020,     500,       0,    2500,       0,       0,    4633,   10469,       0,   25928,   25928,     135,     135,   26063,   17775,   14959,    1020,     500,       0,    2500,       0,       0,    4633,   10469,       0,   25928,   25928,     135,     135,       0,       0,       0,       0,       0,       0,       0,       0,       0,       0,       0,       0,       0,       0,       0,       0,     150,     150,     300,       0,       0,       0,       0,       0,       0,       0,    -150,       0,     150,     150,       0,       0,  100.0,   68.2,   57.4,    3.9,    1.9,    0.0,    9.6,    0.0,    0.0,   17.8,   40.2,    0.0,   99.5,   99.5,    0.5,    0.5,  100.0,   68.2,   57.4,    3.9,    1.9,    0.0,    9.6,    0.0,    0.0,   17.8,   40.2,    0.0,   99.5,   99.5,    0.5,    0.5,  100.0,    0.0,    0.0,    0.0,    0.0,    0.0,    0.0,    0.0,    0.0,    0.0,    0.0,    0.0,    0.0,    0.0,    0.0,    0.0,     32,     14,      6,.,.,      0,.,      0,      0,      5,      4,      0,     22,     11,     32,     14,      6,.,.,      0,.,      0,      0,      5,      4,      0,     22,     11,      0,      0,      0,      0,      0,      0,      0,      0,      0,      0,      0,      0,      0,      0,    49.4,    80.7,    70.5,    97.1,    49.4,    80.7,    70.5,    96.9,    49.4,    80.7,    70.5,    97.1,    49.4,    80.7,    70.5,    96.9,     0.0,     0.0,     0.0,     0.0,     0.0,     0.0,     0.0,     0.0,(100 MWh = 100 Tier 2  AECs),006NMT,NODX,006 ,N60,FutOnly
PENNSYLVANIA AEC TIER 2-V2028 - NODAL EXCHANGE,260728,2026-07-28,006NMX,NODX,01,006 ,   20830,   16465,   13056,     550,       0,       0,     550,       0,       0,    3265,    7774,       0,   20830,   20830,       0,       0,   20830,   16465,   13056,     550,       0,       0,     550,       0,       0,    3265,    7774,       0,   20830,   20830,       0,       0,       0,       0,       0,       0,       0,       0,       0,       0,       0,       0,       0,       0,       0,       0,       0,       0,      50,    -250,     316,       0,       0,       0,       0,       0,       0,     300,    -266,       0,      50,      50,       0,       0,  100.0,   79.0,   62.7,    2.6,    0.0,    0.0,    2.6,    0.0,    0.0,   15.7,   37.3,    0.0,  100.0,  100.0,    0.0,    0.0,  100.0,   79.0,   62.7,    2.6,    0.0,    0.0,    2.6,    0.0,    0.0,   15.7,   37.3,    0.0,  100.0,  100.0,    0.0,    0.0,  100.0,    0.0,    0.0,    0.0,    0.0,    0.0,    0.0,    0.0,    0.0,    0.0,    0.0,    0.0,    0.0,    0.0,    0.0,    0.0,     27,     11,      5,.,      0,      0,.,      0,      0,      6,.,      0,     20,      7,     27,     11,      5,.,      0,      0,.,      0,      0,      6,.,      0,     20,      7,      0,      0,      0,      0,      0,      0,      0,      0,      0,      0,      0,      0,      0,      0,    53.5,    97.2,    77.2,   100.0,    53.5,    97.2,    77.2,   100.0,    53.5,    97.2,    77.2,   100.0,    53.5,    97.2,    77.2,   100.0,     0.0,     0.0,     0.0,     0.0,     0.0,     0.0,     0.0,     0.0,(100 MWh = 100 Tier 2  AECs),006NMX,NODX,006 ,N60,FutOnly
SOYBEAN OIL - CHICAGO BOARD OF TRADE,260728,2026-07-28,007601,CBT ,00,007 ,  650041,  192012,  392841,   97067,    8660,   20254,  130933,   23035,   90462,   20458,   27444,   62404,  613590,  625100,   36451,   24941,  132346,   81024,   80923,    5752,    6879,    1075,   22106,   13575,     705,   13558,   21715,    1400,  125620,  126272,    6726,    6074,  517695,  110988,  311918,   94939,    5405,   15555,  125836,   26469,   72748,   24268,   23097,   43636,  487970,  498828,   29725,   18867,  -11611,   -3081,  -11983,    4244,     693,   -1586,  -12226,     122,    -250,   -6790,   -5908,    9077,  -10612,   -9835,    -999,   -1776,  100.0,   29.5,   60.4,   14.9,    1.3,    3.1,   20.1,    3.5,   13.9,    3.1,    4.2,    9.6,   94.4,   96.2,    5.6,    3.8,  100.0,   61.2,   61.1,    4.3,    5.2,    0.8,   16.7,   10.3,    0.5,   10.2,   16.4,    1.1,   94.9,   95.4,    5.1,    4.6,  100.0,   21.4,   60.3,   18.3,    1.0,    3.0,   24.3,    5.1,   14.1,    4.7,    4.5,    8.4,   94.3,   96.4,    5.7,    3.6,    331,     75,     87,     22,      9,     13,     86,     24,     57,     35,     40,     47,    276,    231,    205,     54,     59,      8,     13,      4,     21,     22,      7,     20,     30,      5,    114,    129,    320,     61,     81,     23,      8,      9,     81,     27,     52,     36,     36,     40,    252,    211,    11.2,    23.2,    18.1,    35.2,     8.3,    19.9,    13.1,    26.6,    29.5,    33.1,    43.3,    43.5,    27.7,    32.8,    41.3,    42.8,    11.5,    24.0,    19.6,    37.3,    10.2,    20.6,    16.0,    33.8,"(CONTRACTS OF 60,000 POUNDS)",007601,CBT ,007 ,A30,FutOnly
USGC HSFO (PLATTS) - ICE FUTURES ENERGY DIV,260728,2026-07-28,02141B,IFED,01,021 ,   28270,   13990,   25936,    2020,     462,     131,       0,       0,       0,   10543,      96,    1477,   28161,   28102,     109,     168,   28270,   13990,   25936,    2020,     462,     131,       0,       0,       0,   10543,      96,    1477,   28161,   28102,     109,     168,       0,       0,       0,       0,       0,       0,       0,       0,       0,       0,       0,       0,       0,       0,       0,       0,    2160,    1558,    2071,     372,      20,     -50,       0,       0,       0,     166,      20,      80,    2126,    2141,      34,      19,  100.0,   49.5,   91.7,    7.1,    1.6,    0.5,    0.0,    0.0,    0.0,   37.3,    0.3,    5.2,   99.6,   99.4,    0.4,    0.6,  100.0,   49.5,   91.7,    7.1,    1.6,    0.5,    0.0,    0.0,    0.0,   37.3,    0.3,    5.2,   99.6,   99.4,    0.4,    0.6,  100.0,    0.0,    0.0,    0.0,    0.0,    0.0,    0.0,    0.0,    0.0,    0.0,    0.0,    0.0,    0.0,    0.0,    0.0,    0.0,     57,     26,     38,.,      4,      4,      0,      0,      0,      8,.,      4,     41,     48,     57,     26,     38,.,      4,      4,      0,      0,      0,      8,.,      4,     41,     48,      0,      0,      0,      0,      0,      0,      0,      0,      0,      0,      0,      0,      0,      0,    44.1,    31.8,    64.5,    50.0,    35.2,    21.6,    47.3,    34.2,    44.1,    31.8,    64.5,    50.0,    35.2,    21.6,    47.3,    34.2,     0.0,     0.0,     0.0,     0.0,     0.0,     0.0,     0.0,     0.0,(1000 barrels),02141B,IFED,021 ,N10,FutOnly
FUEL OIL-3% USGC/3.5% FOB RDAM - ICE FUTURES ENERGY DIV,260728,2026-07-28,02141C,IFED,01,021 ,   17359,   10493,    8015,    4614,     661,      65,       0,    2760,       0,    1323,    4989,     839,   17334,   17329,      25,      30,   17359,   10493,    8015,    4614,     661,      65,       0,    2760,       0,    1323,    4989,     839,   17334,   17329,      25,      30,       0,       0,       0,       0,       0,       0,       0,       0,       0,       0,       0,       0,       0,       0,       0,       0,    1786,    1725,    1206,     -50,     -90,      60,       0,       0,       0,       0,     559,      51,    1786,    1786,       0,       0,  100.0,   60.4,   46.2,   26.6,    3.8,    0.4,    0.0,   15.9,    0.0,    7.6,   28.7,    4.8,   99.9,   99.8,    0.1,    0.2,  100.0,   60.4,   46.2,   26.6,    3.8,    0.4,    0.0,   15.9,    0.0,    7.6,   28.7,    4.8,   99.9,   99.8,    0.1,    0.2,  100.0,    0.0,    0.0,    0.0,    0.0,    0.0,    0.0,    0.0,    0.0,    0.0,    0.0,    0.0,    0.0,    0.0,    0.0,    0.0,     43,     20,     18,      5,.,.,      0,.,      0,.,      6,      5,     31,     29,     43,     20,     18,      5,.,.,      0,.,      0,.,      6,      5,     31,     29,      0,      0,      0,      0,      0,      0,      0,      0,      0,      0,      0,      0,      0,      0,    43.0,    59.6,    66.7,    79.0,    37.9,    54.1,    54.9,    66.6,    43.0,    59.6,    66.7,    79.0,    37.9,    54.1,    54.9,    66.6,     0.0,     0.0,     0.0,     0.0,     0.0,     0.0,     0.0,     0.0,(1000 barrels),02141C,IFED,021 ,N10,FutOnly
USGC HSFO-PLATTS/BRENT 1ST LN  - ICE FUTURES ENERGY DIV,260728,2026-07-28,02141R,IFED,01,021 ,   14429,   11829,    7844,      55,    1172,       2,       0,     100,       0,    1089,    3886,    1299,   14274,   14303,     155,     126,   14429,   11829,    7844,      55,    1172,       2,       0,     100,       0,    1089,    3886,    1299,   14274,   14303,     155,     126,       0,       0,       0,       0,       0,       0,       0,       0,       0,       0,       0,       0,       0,       0,       0,       0,    1969,    1227,    1213,      -2,     407,       2,       0,      60,     -60,     921,     456,    -124,    1964,    1954,       5,      15,  100.0,   82.0,   54.4,    0.4,    8.1,    0.0,    0.0,    0.7,    0.0,    7.5,   26.9,    9.0,   98.9,   99.1,    1.1,    0.9,  100.0,   82.0,   54.4,    0.4,    8.1,    0.0,    0.0,    0.7,    0.0,    7.5,   26.9,    9.0,   98.9,   99.1,    1.1,    0.9,  100.0,    0.0,    0.0,    0.0,    0.0,    0.0,    0.0,    0.0,    0.0,    0.0,    0.0,    0.0,    0.0,    0.0,    0.0,    0.0,     45,     25,     20,.,.,.,      0,.,      0,.,      7,      5,     32,     33,     45,     25,     20,.,.,.,      0,.,      0,.,      7,      5,     32,     33,      0,      0,      0,      0,      0,      0,      0,      0,      0,      0,      0,      0,      0,      0,    56.9,    48.7,    74.0,    72.7,    50.4,    47.7,    65.8,    63.7,    56.9,    48.7,    74.0,    72.7,    50.4,    47.7,    65.8,    63.7,     0.0,     0.0,     0.0,     0.0,     0.0,     0.0,     0.0,     0.0,(1000 Barrels),02141R,IFED,021 ,N10,FutOnly
NY HARBOR ULSD - NEW YORK MERCANTILE EXCHANGE,260728,2026-07-28,022651,NYME,01,022 ,  249594,   38687,  117284,   52922,    7829,   12427,   37032,   25786,   19807,   11331,   12057,   27893,  200099,  223083,   49495,   26511,  249594,   38687,  117284,   52922,    7829,   12427,   37032,   25786,   19807,   11331,   12057,   27893,  200099,  223083,   49495,   26511,       0,       0,       0,       0,       0,       0,       0,       0,       0,       0,       0,       0,       0,       0,       0,       0,   -9609,   -9282,   -7263,    1109,   -1302,     433,     298,    2433,    -435,    -202,   -3143,    -752,   -8831,  -10029,    -778,     420,  100.0,   15.5,   47.0,   21.2,    3.1,    5.0,   14.8,   10.3,    7.9,    4.5,    4.8,   11.2,   80.2,   89.4,   19.8,   10.6,  100.0,   15.5,   47.0,   21.2,    3.1,    5.0,   14.8,   10.3,    7.9,    4.5,    4.8,   11.2,   80.2,   89.4,   19.8,   10.6,  100.0,    0.0,    0.0,    0.0,    0.0,    0.0,    0.0,    0.0,    0.0,    0.0,    0.0,    0.0,    0.0,    0.0,    0.0,    0.0,    164,     48,     61,     17,      7,     14,     33,     12,     27,     18,     11,     24,    149,    127,    164,     48,     61,     17,      7,     14,     33,     12,     27,     18,     11,     24,    149,    127,      0,      0,      0,      0,      0,      0,      0,      0,      0,      0,      0,      0,      0,      0,    13.0,    16.2,    20.3,    27.9,    10.7,    14.4,    16.7,    23.8,    13.0,    16.2,    20.3,    27.9,    10.7,    14.4,    16.7,    23.8,     0.0,     0.0,     0.0,     0.0,     0.0,     0.0,     0.0,     0.0,"(CONTRACTS OF 42,000 U.S. GALLONS)",022651,NYME,022 ,N10,FutOnly
UP DOWN GC ULSD VS HO SPR - NEW YORK MERCANTILE EXCHANGE,260728,2026-07-28,022A13,NYME,01,022 ,   35567,   20576,   18691,       0,    8540,       0,       0,    1085,     565,      68,       0,    1196,   22405,   30077,   13162,    5490,   35567,   20576,   18691,       0,    8540,       0,       0,    1085,     565,      68,       0,    1196,   22405,   30077,   13162,    5490,       0,       0,       0,       0,       0,       0,       0,       0,       0,       0,       0,       0,       0,       0,       0,       0,    2593,    1504,    2223,       0,     132,       0,       0,    -145,     345,     -15,       0,      60,    1894,    2615,     699,     -22,  100.0,   57.9,   52.6,    0.0,   24.0,    0.0,    0.0,    3.1,    1.6,    0.2,    0.0,    3.4,   63.0,   84.6,   37.0,   15.4,  100.0,   57.9,   52.6,    0.0,   24.0,    0.0,    0.0,    3.1,    1.6,    0.2,    0.0,    3.4,   63.0,   84.6,   37.0,   15.4,  100.0,    0.0,    0.0,    0.0,    0.0,    0.0,    0.0,    0.0,    0.0,    0.0,    0.0,    0.0,    0.0,    0.0,    0.0,    0.0,     22,     15,     11,      0,.,      0,      0,.,.,.,      0,.,     17,     14,     22,     15,     11,      0,.,      0,      0,.,.,.,      0,.,     17,     14,      0,      0,      0,      0,      0,      0,      0,      0,      0,      0,      0,      0,      0,      0,    38.0,    61.9,    50.6,    76.5,    34.1,    60.0,    43.0,    68.9,    38.0,    61.9,    50.6,    76.5,    34.1,    60.0,    43.0,    68.9,     0.0,     0.0,     0.0,     0.0,     0.0,     0.0,     0.0,     0.0,"(CONTRACTS OF 42,000 GALLONS)",022A13,NYME,022 ,N10,FutOnly
NAT GAS ICE LD1 - ICE FUTURES ENERGY DIV,260728,2026-07-28,023391,IFED,01,023 , 8028413, 4628910, 2410639,  807319, 3104548,  358144,  630207,  442177,  882879,  152896,  287441,  522205, 7982560, 8008033,   45853,   20380, 8028413, 4628910, 2410639,  807319, 3104548,  358144,  630207,  442177,  882879,  152896,  287441,  522205, 7982560, 8008033,   45853,   20380,       0,       0,       0,       0,       0,       0,       0,       0,       0,       0,       0,       0,       0,       0,       0,       0,   80325,   57382,   32304,   -6404,     488,   -2290,   -4587,    5252,   18549,    4135,    8194,   14357,   81142,   76854,    -817,    3471,  100.0,   57.7,   30.0,   10.1,   38.7,    4.5,    7.8,    5.5,   11.0,    1.9,    3.6,    6.5,   99.4,   99.7,    0.6,    0.3,  100.0,   57.7,   30.0,   10.1,   38.7,    4.5,    7.8,    5.5,   11.0,    1.9,    3.6,    6.5,   99.4,   99.7,    0.6,    0.3,  100.0,    0.0,    0.0,    0.0,    0.0,    0.0,    0.0,    0.0,    0.0,    0.0,    0.0,    0.0,    0.0,    0.0,    0.0,    0.0,    281,    148,    117,     21,     19,     25,     14,     11,     23,     24,     32,     50,    263,    222,    281,    148,    117,     21,     19,     25,     14,     11,     23,     24,     32,     50,    263,    222,      0,      0,      0,      0,      0,      0,      0,      0,      0,      0,      0,      0,      0,      0,    21.9,    34.0,    34.9,    50.1,    17.3,    30.2,    28.8,    44.2,    21.9,    34.0,    34.9,    50.1,    17.3,    30.2,    28.8,    44.2,     0.0,     0.0,     0.0,     0.0,     0.0,     0.0,     0.0,     0.0,2500 MMBtus,023391,IFED,023 ,N13,FutOnly
NAT GAS ICE PEN - ICE FUTURES ENERGY DIV,260728,2026-07-28,023392,IFED,01,023 ,  761304,  130303,  110733,  176059,  104073,  129876,   15945,   75679,  161392,   74229,  104422,   70558,  758362,  756733,    2942,    4571,  761304,  130303,  110733,  176059,  104073,  129876,   15945,   75679,  161392,   74229,  104422,   70558,  758362,  756733,    2942,    4571,       0,       0,       0,       0,       0,       0,       0,       0,       0,       0,       0,       0,       0,       0,       0,       0,   70601,  -15166,   19512,  -19495,   18441,   24419,    3665, -101022,   76877,   -1406,   29209,    -651,   68243,   66785,    2358,    3816,  100.0,   17.1,   14.5,   23.1,   13.7,   17.1,    2.1,    9.9,   21.2,    9.8,   13.7,    9.3,   99.6,   99.4,    0.4,    0.6,  100.0,   17.1,   14.5,   23.1,   13.7,   17.1,    2.1,    9.9,   21.2,    9.8,   13.7,    9.3,   99.6,   99.4,    0.4,    0.6,  100.0,    0.0,    0.0,    0.0,    0.0,    0.0,    0.0,    0.0,    0.0,    0.0,    0.0,    0.0,    0.0,    0.0,    0.0,    0.0,     83,     15,     18,     12,      7,     17,      8,      9,      9,     11,     14,     20,     70,     70,     83,     15,     18,     12,      7,     17,      8,      9,      9,     11,     14,     20,     70,     70,      0,      0,      0,      0,      0,      0,      0,      0,      0,      0,      0,      0,      0,      0,    39.8,    41.4,    59.4,    64.8,    19.7,    21.4,    29.8,    31.1,    39.8,    41.4,    59.4,    64.8,    19.7,    21.4,    29.8,    31.1,     0.0,     0.0,     0.0,     0.0,     0.0,     0.0,     0.0,     0.0,2500 mmbtu,023392,IFED,023 ,N13,FutOnly
SOCAL BORDER FIN BASIS - ICE FUTURES ENERGY DIV,260728,2026-07-28,023393,IFED,01,023 ,  298161,  148358,  233586,   58370,   20118,   15004,   50170,   10114,    4235,    3418,     274,    4015,  283570,  287346,   14591,   10815,  298161,  148358,  233586,   58370,   20118,   15004,   50170,   10114,    4235,    3418,     274,    4015,  283570,  287346,   14591,   10815,       0,       0,       0,       0,       0,       0,       0,       0,       0,       0,       0,       0,       0,       0,       0,       0,    3754,   -1159,    6198,     722,   -1189,     -68,    1277,    -626,    -140,    2870,     -29,    -700,    2802,    3446,     952,     308,  100.0,   49.8,   78.3,   19.6,    6.7,    5.0,   16.8,    3.4,    1.4,    1.1,    0.1,    1.3,   95.1,   96.4,    4.9,    3.6,  100.0,   49.8,   78.3,   19.6,    6.7,    5.0,   16.8,    3.4,    1.4,    1.1,    0.1,    1.3,   95.1,   96.4,    4.9,    3.6,  100.0,    0.0,    0.0,    0.0,    0.0,    0.0,    0.0,    0.0,    0.0,    0.0,    0.0,    0.0,    0.0,    0.0,    0.0,    0.0,     53,     25,     26,.,      5,      5,      4,      4,      4,.,.,      5,     43,     44,     53,     25,     26,.,      5,      5,      4,      4,      4,.,.,      5,     43,     44,      0,      0,      0,      0,      0,      0,      0,      0,      0,      0,      0,      0,      0,      0,    43.7,    54.0,    63.2,    66.3,    42.1,    50.5,    60.6,    60.5,    43.7,    54.0,    63.2,    66.3,    42.1,    50.5,    60.6,    60.5,     0.0,     0.0,     0.0,     0.0,     0.0,     0.0,     0.0,     0.0,"(Contracts of 2,500  MMBTU'S)",023393,IFED,023 ,N13,FutOnly
PG&E CITYGATE FIN BASIS - ICE FUTURES ENERGY DIV,260728,2026-07-28,023394,IFED,01,023 ,  190689,  147127,  135988,   14350,   29559,    3148,    8306,    7002,    6645,    2107,    2181,    1330,  183013,  185853,    7676,    4836,  190689,  147127,  135988,   14350,   29559,    3148,    8306,    7002,    6645,    2107,    2181,    1330,  183013,  185853,    7676,    4836,       0,       0,       0,       0,       0,       0,       0,       0,       0,       0,       0,       0,       0,       0,       0,       0,    2478,    3300,    1899,   -1921,     766,    -115,     400,     -79,    -569,     659,     465,     404,    2158,    2771,     320,    -293,  100.0,   77.2,   71.3,    7.5,   15.5,    1.7,    4.4,    3.7,    3.5,    1.1,    1.1,    0.7,   96.0,   97.5,    4.0,    2.5,  100.0,   77.2,   71.3,    7.5,   15.5,    1.7,    4.4,    3.7,    3.5,    1.1,    1.1,    0.7,   96.0,   97.5,    4.0,    2.5,  100.0,    0.0,    0.0,    0.0,    0.0,    0.0,    0.0,    0.0,    0.0,    0.0,    0.0,    0.0,    0.0,    0.0,    0.0,    0.0,     51,     31,     25,      6,.,      7,.,      5,      5,.,.,.,     47,     44,     51,     31,     25,      6,.,      7,.,      5,      5,.,.,.,     47,     44,      0,      0,      0,      0,      0,      0,      0,      0,      0,      0,      0,      0,      0,      0,    45.4,    58.7,    58.6,    73.4,    44.9,    52.9,    56.1,    66.7,    45.4,    58.7,    58.6,    73.4,    44.9,    52.9,    56.1,    66.7,     0.0,     0.0,     0.0,     0.0,     0.0,     0.0,     0.0,     0.0,"(Contracts of 2,500  MMBTU'S)",023394,IFED,023 ,N13,FutOnly
NWP ROCKIES FIN BASIS - ICE FUTURES ENERGY DIV,260728,2026-07-28,023395,IFED,01,023 ,  399653,  251067,  240491,   77984,  119522,   14297,   35376,    3686,    5547,       0,    6386,    1391,  385662,  391320,   13991,    8333,  399653,  251067,  240491,   77984,  119522,   14297,   35376,    3686,    5547,       0,    6386,    1391,  385662,  391320,   13991,    8333,       0,       0,       0,       0,       0,       0,       0,       0,       0,       0,       0,       0,       0,       0,       0,       0,    6763,    1548,   12918,    3072,   -1573,    -830,    5381,   -1800,   -5191,       0,    3209,     347,    4327,    7080,    2436,    -317,  100.0,   62.8,   60.2,   19.5,   29.9,    3.6,    8.9,    0.9,    1.4,    0.0,    1.6,    0.3,   96.5,   97.9,    3.5,    2.1,  100.0,   62.8,   60.2,   19.5,   29.9,    3.6,    8.9,    0.9,    1.4,    0.0,    1.6,    0.3,   96.5,   97.9,    3.5,    2.1,  100.0,    0.0,    0.0,    0.0,    0.0,    0.0,    0.0,    0.0,    0.0,    0.0,    0.0,    0.0,    0.0,    0.0,    0.0,    0.0,     69,     31,     31,      9,      8,     10,      7,.,      4,      0,      4,.,     56,     52,     69,     31,     31,      9,      8,     10,      7,.,      4,      0,      4,.,     56,     52,      0,      0,      0,      0,      0,      0,      0,      0,      0,      0,      0,      0,      0,      0,    45.5,    42.7,    61.4,    62.5,    33.3,    38.6,    47.9,    52.1,    45.5,    42.7,    61.4,    62.5,    33.3,    38.6,    47.9,    52.1,     0.0,     0.0,     0.0,     0.0,     0.0,     0.0,     0.0,     0.0,"(Contracts of 2,500  MMBTU'S)",023395,IFED,023 ,N13,FutOnly
AECO FIN BASIS - ICE FUTURES ENERGY DIV,260728,2026-07-28,023396,IFED,01,023 , 1024070,  878037,  233449,   57729,  738632,   27666,   19190,    6493,    5991,   15026,    5520,     985, 1004624, 1018736,   19446,    5334, 1024070,  878037,  233449,   57729,  738632,   27666,   19190,    6493,    5991,   15026,    5520,     985, 1004624, 1018736,   19446,    5334,       0,       0,       0,       0,       0,       0,       0,       0,       0,       0,       0,       0,       0,       0,       0,       0,    9532,    9917,    7167,     241,    2112,   -1049,    1521,       0,     -58,       0,    2133,    -750,    9822,    9555,    -290,     -23,  100.0,   85.7,   22.8,    5.6,   72.1,    2.7,    1.9,    0.6,    0.6,    1.5,    0.5,    0.1,   98.1,   99.5,    1.9,    0.5,  100.0,   85.7,   22.8,    5.6,   72.1,    2.7,    1.9,    0.6,    0.6,    1.5,    0.5,    0.1,   98.1,   99.5,    1.9,    0.5,  100.0,    0.0,    0.0,    0.0,    0.0,    0.0,    0.0,    0.0,    0.0,    0.0,    0.0,    0.0,    0.0,    0.0,    0.0,    0.0,     59,     34,     22,      5,      8,      7,      6,.,      6,.,.,.,     52,     42,     59,     34,     22,      5,      8,      7,      6,.,      6,.,.,.,     52,     42,      0,      0,      0,      0,      0,      0,      0,      0,      0,      0,      0,      0,      0,      0,    44.6,    51.8,    60.4,    78.1,    39.4,    51.8,    54.4,    73.8,    44.6,    51.8,    60.4,    78.1,    39.4,    51.8,    54.4,    73.8,     0.0,     0.0,     0.0,     0.0,     0.0,     0.0,     0.0,     0.0,"(Contracts of 2,500  MMBTU'S)",023396,IFED,023 ,N13,FutOnly
CHICAGO FIN BASIS - ICE FUTURES ENERGY DIV,260728,2026-07-28,023397,IFED,01,023 ,  377327,  291149,  325705,   58362,   31132,    4644,    3443,    3015,    3810,    2205,       0,     281,  363894,  368587,   13433,    8740,  377327,  291149,  325705,   58362,   31132,    4644,    3443,    3015,    3810,    2205,       0,     281,  363894,  368587,   13433,    8740,       0,       0,       0,       0,       0,       0,       0,       0,       0,       0,       0,       0,       0,       0,       0,       0,   11202,    8672,   12040,    5710,     704,    -580,     366,   -1310,     -60,   -2893,       0,    -223,   10992,   10571,     210,     631,  100.0,   77.2,   86.3,   15.5,    8.3,    1.2,    0.9,    0.8,    1.0,    0.6,    0.0,    0.1,   96.4,   97.7,    3.6,    2.3,  100.0,   77.2,   86.3,   15.5,    8.3,    1.2,    0.9,    0.8,    1.0,    0.6,    0.0,    0.1,   96.4,   97.7,    3.6,    2.3,  100.0,    0.0,    0.0,    0.0,    0.0,    0.0,    0.0,    0.0,    0.0,    0.0,    0.0,    0.0,    0.0,    0.0,    0.0,    0.0,     56,     29,     28,      8,.,      5,      4,.,.,.,      0,.,     46,     38,     56,     29,     28,      8,.,      5,      4,.,.,.,      0,.,     46,     38,      0,      0,      0,      0,      0,      0,      0,      0,      0,      0,      0,      0,      0,      0,    45.0,    42.6,    61.9,    65.3,    33.2,    34.0,    43.1,    47.3,    45.0,    42.6,    61.9,    65.3,    33.2,    34.0,    43.1,    47.3,     0.0,     0.0,     0.0,     0.0,     0.0,     0.0,     0.0,     0.0,"(Contracts of 2,500  MMBTU'S)",023397,IFED,023 ,N13,FutOnly
HSC FIN BASIS - ICE FUTURES ENERGY DIV,260728,2026-07-28,023398,IFED,01,023 ,  902960,  568226,  564052,  246840,  141191,   44415,    1692,  100024,   19673,    8045,   22000,    4529,  893420,  895884,    9540,    7076,  902960,  568226,  564052,  246840,  141191,   44415,    1692,  100024,   19673,    8045,   22000,    4529,  893420,  895884,    9540,    7076,       0,       0,       0,       0,       0,       0,       0,       0,       0,       0,       0,       0,       0,       0,       0,       0,    8799,    3400,    3784,    3039,    4038,    1595,    -252,   -1802,     713,     269,    1151,    -771,    7993,    8708,     806,      91,  100.0,   62.9,   62.5,   27.3,   15.6,    4.9,    0.2,   11.1,    2.2,    0.9,    2.4,    0.5,   98.9,   99.2,    1.1,    0.8,  100.0,   62.9,   62.5,   27.3,   15.6,    4.9,    0.2,   11.1,    2.2,    0.9,    2.4,    0.5,   98.9,   99.2,    1.1,    0.8,  100.0,    0.0,    0.0,    0.0,    0.0,    0.0,    0.0,    0.0,    0.0,    0.0,    0.0,    0.0,    0.0,    0.0,    0.0,    0.0,    100,     47,     44,      8,     12,     11,.,     13,      8,      4,      4,.,     72,     84,    100,     47,     44,      8,     12,     11,.,     13,      8,      4,      4,.,     72,     84,      0,      0,      0,      0,      0,      0,      0,      0,      0,      0,      0,      0,      0,      0,    31.5,    29.1,    52.8,    43.0,    30.1,    28.8,    49.7,    42.4,    31.5,    29.1,    52.8,    43.0,    30.1,    28.8,    49.7,    42.4,     0.0,     0.0,     0.0,     0.0,     0.0,     0.0,     0.0,     0.0,"(Contracts of 2,500  MMBTU'S)",023398,IFED,023 ,N13,FutOnly
WAHA FIN BASIS - ICE FUTURES ENERGY DIV,260728,2026-07-28,023399,IFED,01,023 ,  707553,  599862,  253105,   26669,  353984,   17466,   17856,   12258,   28569,       0,   22602,   12628,  703050,  700612,    4503,    6941,  707553,  599862,  253105,   26669,  353984,   17466,   17856,   12258,   28569,       0,   22602,   12628,  703050,  700612,    4503,    6941,       0,       0,       0,       0,       0,       0,       0,       0,       0,       0,       0,       0,       0,       0,       0,       0,   19561,   17579,    6822,     326,   10334,    -846,    1262,      94,    1203,     -78,    1002,    -195,   19251,   18414,     310,    1147,  100.0,   84.8,   35.8,    3.8,   50.0,    2.5,    2.5,    1.7,    4.0,    0.0,    3.2,    1.8,   99.4,   99.0,    0.6,    1.0,  100.0,   84.8,   35.8,    3.8,   50.0,    2.5,    2.5,    1.7,    4.0,    0.0,    3.2,    1.8,   99.4,   99.0,    0.6,    1.0,  100.0,    0.0,    0.0,    0.0,    0.0,    0.0,    0.0,    0.0,    0.0,    0.0,    0.0,    0.0,    0.0,    0.0,    0.0,    0.0,     82,     43,     29,      5,     16,     12,.,      8,      7,      0,      6,.,     67,     65,     82,     43,     29,      5,     16,     12,.,      8,      7,      0,      6,.,     67,     65,      0,      0,      0,      0,      0,      0,      0,      0,      0,      0,      0,      0,      0,      0,    25.4,    40.9,    45.0,    55.8,    20.8,    34.6,    36.9,    45.8,    25.4,    40.9,    45.0,    55.8,    20.8,    34.6,    36.9,    45.8,     0.0,     0.0,     0.0,     0.0,     0.0,     0.0,     0.0,     0.0,"(Contracts of 2,500  MMBTU'S)",023399,IFED,023 ,N13,FutOnly
ALGONQUIN CITYGATES BASIS - ICE FUTURES ENERGY DIV,260728,2026-07-28,02339E,IFED,01,023 ,  112190,   88023,   95021,   16636,       0,     124,     907,    2726,     545,    1678,    5282,     527,  108440,  104225,    3750,    7965,  112190,   88023,   95021,   16636,       0,     124,     907,    2726,     545,    1678,    5282,     527,  108440,  104225,    3750,    7965,       0,       0,       0,       0,       0,       0,       0,       0,       0,       0,       0,       0,       0,       0,       0,       0,    1210,     156,     688,     -28,       0,      62,     494,     -62,      31,     102,     605,     -97,     720,    1227,     490,     -17,  100.0,   78.5,   84.7,   14.8,    0.0,    0.1,    0.8,    2.4,    0.5,    1.5,    4.7,    0.5,   96.7,   92.9,    3.3,    7.1,  100.0,   78.5,   84.7,   14.8,    0.0,    0.1,    0.8,    2.4,    0.5,    1.5,    4.7,    0.5,   96.7,   92.9,    3.3,    7.1,  100.0,    0.0,    0.0,    0.0,    0.0,    0.0,    0.0,    0.0,    0.0,    0.0,    0.0,    0.0,    0.0,    0.0,    0.0,    0.0,     32,     13,     13,      4,      0,.,.,.,.,.,.,.,     21,     21,     32,     13,     13,      4,      0,.,.,.,.,.,.,.,     21,     21,      0,      0,      0,      0,      0,      0,      0,      0,      0,      0,      0,      0,      0,      0,    68.8,    60.9,    85.1,    81.1,    68.5,    60.1,    81.5,    77.8,    68.8,    60.9,    85.1,    81.1,    68.5,    60.1,    81.5,    77.8,     0.0,     0.0,     0.0,     0.0,     0.0,     0.0,     0.0,     0.0,2500 mmbtu,02339E,IFED,023 ,N13,FutOnly
CG-MAINLINE FINANCIAL INDEX - ICE FUTURES ENERGY DIV,260728,2026-07-28,02339P,IFED,01,023 ,   42836,   37060,   30421,    5128,    1054,      93,       0,    9337,       0,       0,       0,       0,   42281,   40905,     555,    1931,   42836,   37060,   30421,    5128,    1054,      93,       0,    9337,       0,       0,       0,       0,   42281,   40905,     555,    1931,       0,       0,       0,       0,       0,       0,       0,       0,       0,       0,       0,       0,       0,       0,       0,       0,    2728,    2883,    2108,       0,     496,       0,       0,     248,       0,       0,       0,       0,    2883,    2852,    -155,    -124,  100.0,   86.5,   71.0,   12.0,    2.5,    0.2,    0.0,   21.8,    0.0,    0.0,    0.0,    0.0,   98.7,   95.5,    1.3,    4.5,  100.0,   86.5,   71.0,   12.0,    2.5,    0.2,    0.0,   21.8,    0.0,    0.0,    0.0,    0.0,   98.7,   95.5,    1.3,    4.5,  100.0,    0.0,    0.0,    0.0,    0.0,    0.0,    0.0,    0.0,    0.0,    0.0,    0.0,    0.0,    0.0,    0.0,    0.0,    0.0,     30,     11,     12,.,.,.,      0,.,      0,      0,      0,      0,     14,     18,     30,     11,     12,.,.,.,      0,.,      0,      0,      0,      0,     14,     18,      0,      0,      0,      0,      0,      0,      0,      0,      0,      0,      0,      0,      0,      0,    67.6,    52.7,    88.6,    77.4,    67.5,    52.7,    87.2,    76.9,    67.6,    52.7,    88.6,    77.4,    67.5,    52.7,    87.2,    76.9,     0.0,     0.0,     0.0,     0.0,     0.0,     0.0,     0.0,     0.0,"Any multiple of 2,500 MMBtus",02339P,IFED,023 ,N13,FutOnly
CHICAGO CITYGATE (INDEX) - ICE FUTURES ENERGY DIV,260728,2026-07-28,02339Q,IFED,01,023 ,   96441,   58276,   85529,   32957,    3016,    1812,     682,    4245,       0,     806,       0,       0,   94533,   94602,    1908,    1839,   96441,   58276,   85529,   32957,    3016,    1812,     682,    4245,       0,     806,       0,       0,   94533,   94602,    1908,    1839,       0,       0,       0,       0,       0,       0,       0,       0,       0,       0,       0,       0,       0,       0,       0,       0,    7385,    4943,    7292,    3151,       0,       0,     -93,       0,     -62,       0,       0,       0,    7939,    7230,    -554,     155,  100.0,   60.4,   88.7,   34.2,    3.1,    1.9,    0.7,    4.4,    0.0,    0.8,    0.0,    0.0,   98.0,   98.1,    2.0,    1.9,  100.0,   60.4,   88.7,   34.2,    3.1,    1.9,    0.7,    4.4,    0.0,    0.8,    0.0,    0.0,   98.0,   98.1,    2.0,    1.9,  100.0,    0.0,    0.0,    0.0,    0.0,    0.0,    0.0,    0.0,    0.0,    0.0,    0.0,    0.0,    0.0,    0.0,    0.0,    0.0,     40,     23,     15,      6,.,.,.,.,      0,.,      0,      0,     32,     18,     40,     23,     15,      6,.,.,.,.,      0,.,      0,      0,     32,     18,      0,      0,      0,      0,      0,      0,      0,      0,      0,      0,      0,      0,      0,      0,    50.6,    67.5,    69.5,    85.8,    49.8,    59.1,    65.7,    72.7,    50.6,    67.5,    69.5,    85.8,    49.8,    59.1,    65.7,    72.7,     0.0,     0.0,     0.0,     0.0,     0.0,     0.0,     0.0,     0.0,2500 mmbtu,02339Q,IFED,023 ,N13,FutOnly
CIG ROCKIES FINANCIAL INDEX - ICE FUTURES ENERGY DIV,260728,2026-07-28,02339S,IFED,01,023 ,   32591,   29816,   11167,       0,     492,     434,       0,   18080,     248,     341,     589,       0,   30839,   31010,    1752,    1581,   32591,   29816,   11167,       0,     492,     434,       0,   18080,     248,     341,     589,       0,   30839,   31010,    1752,    1581,       0,       0,       0,       0,       0,       0,       0,       0,       0,       0,       0,       0,       0,       0,       0,       0,    2517,    1804,     781,       0,    -713,     434,       0,     713,     248,     341,     589,       0,    2827,    2052,    -310,     465,  100.0,   91.5,   34.3,    0.0,    1.5,    1.3,    0.0,   55.5,    0.8,    1.0,    1.8,    0.0,   94.6,   95.1,    5.4,    4.9,  100.0,   91.5,   34.3,    0.0,    1.5,    1.3,    0.0,   55.5,    0.8,    1.0,    1.8,    0.0,   94.6,   95.1,    5.4,    4.9,  100.0,    0.0,    0.0,    0.0,    0.0,    0.0,    0.0,    0.0,    0.0,    0.0,    0.0,    0.0,    0.0,    0.0,    0.0,    0.0,     35,     22,     10,      0,.,.,      0,      5,.,.,.,      0,     25,     18,     35,     22,     10,      0,.,.,      0,      5,.,.,.,      0,     25,     18,      0,      0,      0,      0,      0,      0,      0,      0,      0,      0,      0,      0,      0,      0,    50.4,    67.6,    66.1,    82.5,    47.0,    59.2,    61.1,    70.7,    50.4,    67.6,    66.1,    82.5,    47.0,    59.2,    61.1,    70.7,     0.0,     0.0,     0.0,     0.0,     0.0,     0.0,     0.0,     0.0,"2,500 MMBtu",02339S,IFED,023 ,N13,FutOnly
CIG ROCKIES BASIS - ICE FUTURES ENERGY DIV,260728,2026-07-28,02339U,IFED,01,023 ,  446294,  407580,  129353,    2277,  199128,   12296,    6700,   86582,    6005,    2580,    3850,    1311,  438749,  438525,    7545,    7769,  446294,  407580,  129353,    2277,  199128,   12296,    6700,   86582,    6005,    2580,    3850,    1311,  438749,  438525,    7545,    7769,       0,       0,       0,       0,       0,       0,       0,       0,       0,       0,       0,       0,       0,       0,       0,       0,   -2530,   -2189,    -212,       0,     759,     243,    2173,    -193,   -3918,     290,     350,     372,   -3029,   -2599,     499,      69,  100.0,   91.3,   29.0,    0.5,   44.6,    2.8,    1.5,   19.4,    1.3,    0.6,    0.9,    0.3,   98.3,   98.3,    1.7,    1.7,  100.0,   91.3,   29.0,    0.5,   44.6,    2.8,    1.5,   19.4,    1.3,    0.6,    0.9,    0.3,   98.3,   98.3,    1.7,    1.7,  100.0,    0.0,    0.0,    0.0,    0.0,    0.0,    0.0,    0.0,    0.0,    0.0,    0.0,    0.0,    0.0,    0.0,    0.0,    0.0,     64,     33,     19,.,     12,      6,.,      7,      5,.,      4,.,     50,     45,     64,     33,     19,.,     12,      6,.,      7,      5,.,      4,.,     50,     45,      0,      0,      0,      0,      0,      0,      0,      0,      0,      0,      0,      0,      0,      0,    46.2,    60.5,    64.1,    73.3,    41.8,    53.7,    56.5,    64.1,    46.2,    60.5,    64.1,    73.3,    41.8,    53.7,    56.5,    64.1,     0.0,     0.0,     0.0,     0.0,     0.0,     0.0,     0.0,     0.0,2500 mmbtu,02339U,IFED,023 ,N13,FutOnly
TCO Basis  - ICE FUTURES ENERGY DIV,260728,2026-07-28,02339W,IFED,01,023 ,  227667,  193376,   34470,   18405,  175683,    6948,     454,    1997,     516,       0,     248,       0,  219699,  219862,    7968,    7805,  227667,  193376,   34470,   18405,  175683,    6948,     454,    1997,     516,       0,     248,       0,  219699,  219862,    7968,    7805,       0,       0,       0,       0,       0,       0,       0,       0,       0,       0,       0,       0,       0,       0,       0,       0,    4796,    4421,    3579,     521,    1102,     193,      29,     248,    -153,       0,     248,       0,    5011,    5217,    -215,    -421,  100.0,   84.9,   15.1,    8.1,   77.2,    3.1,    0.2,    0.9,    0.2,    0.0,    0.1,    0.0,   96.5,   96.6,    3.5,    3.4,  100.0,   84.9,   15.1,    8.1,   77.2,    3.1,    0.2,    0.9,    0.2,    0.0,    0.1,    0.0,   96.5,   96.6,    3.5,    3.4,  100.0,    0.0,    0.0,    0.0,    0.0,    0.0,    0.0,    0.0,    0.0,    0.0,    0.0,    0.0,    0.0,    0.0,    0.0,    0.0,     42,     22,     11,.,     12,.,.,.,.,      0,.,      0,     26,     29,     42,     22,     11,.,     12,.,.,.,.,      0,.,      0,     26,     29,      0,      0,      0,      0,      0,      0,      0,      0,      0,      0,      0,      0,      0,      0,    50.8,    53.0,    72.7,    78.1,    50.8,    52.5,    71.3,    77.3,    50.8,    53.0,    72.7,    78.1,    50.8,    52.5,    71.3,    77.3,     0.0,     0.0,     0.0,     0.0,     0.0,     0.0,     0.0,     0.0,2500 mm btu,02339W,IFED,023 ,N13,FutOnly
CG Mainline Basis - ICE FUTURES ENERGY DIV,260728,2026-07-28,02339Y,IFED,01,023 ,  346424,  322285,  232674,    1084,   82647,    5611,    5859,   17269,    2988,    1208,      28,     212,  339247,  341429,    7177,    4995,  346424,  322285,  232674,    1084,   82647,    5611,    5859,   17269,    2988,    1208,      28,     212,  339247,  341429,    7177,    4995,       0,       0,       0,       0,       0,       0,       0,       0,       0,       0,       0,       0,       0,       0,       0,       0,    1595,    2342,    -617,     151,    4172,   -1958,      59,    -100,      32,       0,       0,       0,     626,    1529,     969,      66,  100.0,   93.0,   67.2,    0.3,   23.9,    1.6,    1.7,    5.0,    0.9,    0.3,    0.0,    0.1,   97.9,   98.6,    2.1,    1.4,  100.0,   93.0,   67.2,    0.3,   23.9,    1.6,    1.7,    5.0,    0.9,    0.3,    0.0,    0.1,   97.9,   98.6,    2.1,    1.4,  100.0,    0.0,    0.0,    0.0,    0.0,    0.0,    0.0,    0.0,    0.0,    0.0,    0.0,    0.0,    0.0,    0.0,    0.0,    0.0,     47,     20,     16,.,     10,      4,      4,      4,.,.,.,.,     31,     33,     47,     20,     16,.,     10,      4,      4,      4,.,.,.,.,     31,     33,      0,      0,      0,      0,      0,      0,      0,      0,      0,      0,      0,      0,      0,      0,    73.9,    68.6,    86.5,    79.3,    73.6,    68.6,    85.9,    79.0,    73.9,    68.6,    86.5,    79.3,    73.6,    68.6,    85.9,    79.0,     0.0,     0.0,     0.0,     0.0,     0.0,     0.0,     0.0,     0.0,2500 mmbtu,02339Y,IFED,023 ,N13,FutOnly
DOMINION - SOUTH POINT - ICE FUTURES ENERGY DIV,260728,2026-07-28,0233A2,IFED,01,023 ,   58570,   29674,   43591,   13232,    9639,       0,    7419,     431,    2668,    1970,       0,       0,   54963,   56329,    3607,    2241,   58570,   29674,   43591,   13232,    9639,       0,    7419,     431,    2668,    1970,       0,       0,   54963,   56329,    3607,    2241,       0,       0,       0,       0,       0,       0,       0,       0,       0,       0,       0,       0,       0,       0,       0,       0,    4867,    2449,    5146,      31,     155,     -62,    1930,    -248,     -39,       0,       0,       0,    4309,    4952,     558,     -85,  100.0,   50.7,   74.4,   22.6,   16.5,    0.0,   12.7,    0.7,    4.6,    3.4,    0.0,    0.0,   93.8,   96.2,    6.2,    3.8,  100.0,   50.7,   74.4,   22.6,   16.5,    0.0,   12.7,    0.7,    4.6,    3.4,    0.0,    0.0,   93.8,   96.2,    6.2,    3.8,  100.0,    0.0,    0.0,    0.0,    0.0,    0.0,    0.0,    0.0,    0.0,    0.0,    0.0,    0.0,    0.0,    0.0,    0.0,    0.0,     39,     18,     17,.,.,      0,      4,.,.,.,      0,      0,     26,     22,     39,     18,     17,.,.,      0,      4,.,.,.,      0,      0,     26,     22,      0,      0,      0,      0,      0,      0,      0,      0,      0,      0,      0,      0,      0,      0,    44.6,    54.6,    64.4,    78.0,    44.6,    49.5,    60.7,    72.2,    44.6,    54.6,    64.4,    78.0,    44.6,    49.5,    60.7,    72.2,     0.0,     0.0,     0.0,     0.0,     0.0,     0.0,     0.0,     0.0,2500 mmbtu,0233A2,IFED,023 ,N13,FutOnly
DOMINION - SOUTH POINT (BASIS) - ICE FUTURES ENERGY DIV,260728,2026-07-28,0233A3,IFED,01,023 ,  799577,  656499,  216423,   17371,  450035,   37737,   33350,   56354,   14397,   12892,    8654,    8673,  780919,  792273,   18658,    7304,  799577,  656499,  216423,   17371,  450035,   37737,   33350,   56354,   14397,   12892,    8654,    8673,  780919,  792273,   18658,    7304,       0,       0,       0,       0,       0,       0,       0,       0,       0,       0,       0,       0,       0,       0,       0,       0,   15074,    9640,     110,     392,   14361,   -2837,    4335,    -149,     364,      52,     328,    2341,   14287,   14518,     787,     556,  100.0,   82.1,   27.1,    2.2,   56.3,    4.7,    4.2,    7.0,    1.8,    1.6,    1.1,    1.1,   97.7,   99.1,    2.3,    0.9,  100.0,   82.1,   27.1,    2.2,   56.3,    4.7,    4.2,    7.0,    1.8,    1.6,    1.1,    1.1,   97.7,   99.1,    2.3,    0.9,  100.0,    0.0,    0.0,    0.0,    0.0,    0.0,    0.0,    0.0,    0.0,    0.0,    0.0,    0.0,    0.0,    0.0,    0.0,    0.0,     92,     45,     34,.,     17,     11,.,     11,      8,      5,      4,      5,     73,     71,     92,     45,     34,.,     17,     11,.,     11,      8,      5,      4,      5,     73,     71,      0,      0,      0,      0,      0,      0,      0,      0,      0,      0,      0,      0,      0,      0,    32.3,    38.1,    47.3,    54.5,    31.9,    35.3,    44.9,    51.3,    32.3,    38.1,    47.3,    54.5,    31.9,    35.3,    44.9,    51.3,     0.0,     0.0,     0.0,     0.0,     0.0,     0.0,     0.0,     0.0,2500 mmbtu,0233A3,IFED,023 ,N13,FutOnly
EP SAN JUAN BASIS - ICE FUTURES ENERGY DIV,260728,2026-07-28,0233A8,IFED,01,023 ,  260784,  149013,  180095,   66765,   47789,   17980,   12743,     457,      85,    1672,    7306,    2154,  250412,  255866,   10372,    4918,  260784,  149013,  180095,   66765,   47789,   17980,   12743,     457,      85,    1672,    7306,    2154,  250412,  255866,   10372,    4918,       0,       0,       0,       0,       0,       0,       0,       0,       0,       0,       0,       0,       0,       0,       0,       0,     458,     370,     887,     508,    -214,    -235,    -456,    -310,      31,    -338,       0,     330,     210,     489,     248,     -31,  100.0,   57.1,   69.1,   25.6,   18.3,    6.9,    4.9,    0.2,    0.0,    0.6,    2.8,    0.8,   96.0,   98.1,    4.0,    1.9,  100.0,   57.1,   69.1,   25.6,   18.3,    6.9,    4.9,    0.2,    0.0,    0.6,    2.8,    0.8,   96.0,   98.1,    4.0,    1.9,  100.0,    0.0,    0.0,    0.0,    0.0,    0.0,    0.0,    0.0,    0.0,    0.0,    0.0,    0.0,    0.0,    0.0,    0.0,    0.0,     34,     16,     10,      6,      5,      7,.,.,.,.,.,.,     30,     24,     34,     16,     10,      6,      5,      7,.,.,.,.,.,.,     30,     24,      0,      0,      0,      0,      0,      0,      0,      0,      0,      0,      0,      0,      0,      0,    49.2,    80.0,    72.9,    89.7,    37.6,    60.3,    58.3,    69.0,    49.2,    80.0,    72.9,    89.7,    37.6,    60.3,    58.3,    69.0,     0.0,     0.0,     0.0,     0.0,     0.0,     0.0,     0.0,     0.0,2500 mmbtu,0233A8,IFED,023 ,N13,FutOnly
FLORIDA GAS-ZONE 3 BASIS - ICE FUTURES ENERGY DIV,260728,2026-07-28,0233A9,IFED,01,023 ,   25997,   14357,   14673,    5265,    6218,    1167,     921,       0,       0,      90,     863,     117,   21917,   23038,    4080,    2959,   25997,   14357,   14673,    5265,    6218,    1167,     921,       0,       0,      90,     863,     117,   21917,   23038,    4080,    2959,       0,       0,       0,       0,       0,       0,       0,       0,       0,       0,       0,       0,       0,       0,       0,       0,     742,     428,      91,     278,       0,      60,       0,       0,       0,     -93,       0,      39,     712,     190,      30,     552,  100.0,   55.2,   56.4,   20.3,   23.9,    4.5,    3.5,    0.0,    0.0,    0.3,    3.3,    0.5,   84.3,   88.6,   15.7,   11.4,  100.0,   55.2,   56.4,   20.3,   23.9,    4.5,    3.5,    0.0,    0.0,    0.3,    3.3,    0.5,   84.3,   88.6,   15.7,   11.4,  100.0,    0.0,    0.0,    0.0,    0.0,    0.0,    0.0,    0.0,    0.0,    0.0,    0.0,    0.0,    0.0,    0.0,    0.0,    0.0,     21,      9,     10,.,.,.,.,      0,      0,.,.,.,     16,     15,     21,      9,     10,.,.,.,.,      0,      0,.,.,.,     16,     15,      0,      0,      0,      0,      0,      0,      0,      0,      0,      0,      0,      0,      0,      0,    54.2,    51.8,    78.0,    74.4,    47.2,    51.0,    61.8,    64.6,    54.2,    51.8,    78.0,    74.4,    47.2,    51.0,    61.8,    64.6,     0.0,     0.0,     0.0,     0.0,     0.0,     0.0,     0.0,     0.0,2500 mmbtu,0233A9,IFED,023 ,N13,FutOnly
HENRY HUB BASIS - ICE FUTURES ENERGY DIV,260728,2026-07-28,0233AG,IFED,01,023 ,  150177,   47411,   97838,   52068,    1797,    4780,   34757,   35632,     248,    7011,    5153,    2189,  148464,  147637,    1713,    2540,  150177,   47411,   97838,   52068,    1797,    4780,   34757,   35632,     248,    7011,    5153,    2189,  148464,  147637,    1713,    2540,       0,       0,       0,       0,       0,       0,       0,       0,       0,       0,       0,       0,       0,       0,       0,       0,   33549,   10296,   20839,    -977,       0,    2821,   14066,    7130,     248,    7011,     663,    1259,   34724,   32960,   -1175,     589,  100.0,   31.6,   65.1,   34.7,    1.2,    3.2,   23.1,   23.7,    0.2,    4.7,    3.4,    1.5,   98.9,   98.3,    1.1,    1.7,  100.0,   31.6,   65.1,   34.7,    1.2,    3.2,   23.1,   23.7,    0.2,    4.7,    3.4,    1.5,   98.9,   98.3,    1.1,    1.7,  100.0,    0.0,    0.0,    0.0,    0.0,    0.0,    0.0,    0.0,    0.0,    0.0,    0.0,    0.0,    0.0,    0.0,    0.0,    0.0,     65,     25,     25,     10,.,      5,      4,.,.,      4,      4,.,     45,     39,     65,     25,     25,     10,.,      5,      4,.,.,      4,      4,.,     45,     39,      0,      0,      0,      0,      0,      0,      0,      0,      0,      0,      0,      0,      0,      0,    44.1,    53.1,    64.3,    73.3,    44.1,    52.8,    63.9,    71.7,    44.1,    53.1,    64.3,    73.3,    44.1,    52.8,    63.9,    71.7,     0.0,     0.0,     0.0,     0.0,     0.0,     0.0,     0.0,     0.0,2500 mmbtu,0233AG,IFED,023 ,N13,FutOnly
HENRY HUB INDEX - ICE FUTURES ENERGY DIV,260728,2026-07-28,0233AH,IFED,01,023 ,  231249,   76262,  156589,   77781,       0,    3094,   45631,   50682,    9455,   13862,    6296,    2441,  228526,  228557,    2723,    2692,  231249,   76262,  156589,   77781,       0,    3094,   45631,   50682,    9455,   13862,    6296,    2441,  228526,  228557,    2723,    2692,       0,       0,       0,       0,       0,       0,       0,       0,       0,       0,       0,       0,       0,       0,       0,       0,   37704,    8463,   26296,    2341,       0,    2418,    7060,    -310,    7688,    8680,    1646,     307,   36957,   38045,     747,    -341,  100.0,   33.0,   67.7,   33.6,    0.0,    1.3,   19.7,   21.9,    4.1,    6.0,    2.7,    1.1,   98.8,   98.8,    1.2,    1.2,  100.0,   33.0,   67.7,   33.6,    0.0,    1.3,   19.7,   21.9,    4.1,    6.0,    2.7,    1.1,   98.8,   98.8,    1.2,    1.2,  100.0,    0.0,    0.0,    0.0,    0.0,    0.0,    0.0,    0.0,    0.0,    0.0,    0.0,    0.0,    0.0,    0.0,    0.0,    0.0,     79,     30,     40,     10,      0,.,.,      8,      5,.,      6,      4,     53,     58,     79,     30,     40,     10,      0,.,.,      8,      5,.,      6,      4,     53,     58,      0,      0,      0,      0,      0,      0,      0,      0,      0,      0,      0,      0,      0,      0,    46.3,    41.3,    68.0,    58.3,    46.3,    41.0,    67.1,    56.2,    46.3,    41.3,    68.0,    58.3,    46.3,    41.0,    67.1,    56.2,     0.0,     0.0,     0.0,     0.0,     0.0,     0.0,     0.0,     0.0,2500 mmbtu,0233AH,IFED,023 ,N13,FutOnly
HOUSTON SHIP CHANNEL (INDEX) - ICE FUTURES ENERGY DIV,260728,2026-07-28,0233AM,IFED,01,023 ,  509563,  215524,  300207,  279577,   17484,    8417,     310,  134526,    1271,       0,   44385,      62,  505161,  506352,    4402,    3211,  509563,  215524,  300207,  279577,   17484,    8417,     310,  134526,    1271,       0,   44385,      62,  505161,  506352,    4402,    3211,       0,       0,       0,       0,       0,       0,       0,       0,       0,       0,       0,       0,       0,       0,       0,       0,    2185,    3800,   -2039,    -961,       0,     961,       0,    3740,   -1922,       0,    1630,       0,    1878,    2370,     307,    -185,  100.0,   42.3,   58.9,   54.9,    3.4,    1.7,    0.1,   26.4,    0.2,    0.0,    8.7,    0.0,   99.1,   99.4,    0.9,    0.6,  100.0,   42.3,   58.9,   54.9,    3.4,    1.7,    0.1,   26.4,    0.2,    0.0,    8.7,    0.0,   99.1,   99.4,    0.9,    0.6,  100.0,    0.0,    0.0,    0.0,    0.0,    0.0,    0.0,    0.0,    0.0,    0.0,    0.0,    0.0,    0.0,    0.0,    0.0,    0.0,     75,     26,     37,     11,.,      5,.,      8,.,      0,      6,.,     42,     58,     75,     26,     37,     11,.,      5,.,      8,.,      0,      6,.,     42,     58,      0,      0,      0,      0,      0,      0,      0,      0,      0,      0,      0,      0,      0,      0,    59.9,    41.4,    82.3,    55.3,    59.6,    41.2,    81.7,    54.5,    59.9,    41.4,    82.3,    55.3,    59.6,    41.2,    81.7,    54.5,     0.0,     0.0,     0.0,     0.0,     0.0,     0.0,     0.0,     0.0,2500 mmbtu,0233AM,IFED,023 ,N13,FutOnly
MICHCON FINANCIAL INDEX - ICE FUTURES ENERGY DIV,260728,2026-07-28,0233AN,IFED,01,023 ,   23331,   19256,   20979,    2935,     217,       0,       0,    1240,       0,       0,       0,       0,   22191,   22436,    1140,     895,   23331,   19256,   20979,    2935,     217,       0,       0,    1240,       0,       0,       0,       0,   22191,   22436,    1140,     895,       0,       0,       0,       0,       0,       0,       0,       0,       0,       0,       0,       0,       0,       0,       0,       0,     930,     868,    1329,     124,       0,       0,       0,       0,       0,       0,       0,       0,     992,    1329,     -62,    -399,  100.0,   82.5,   89.9,   12.6,    0.9,    0.0,    0.0,    5.3,    0.0,    0.0,    0.0,    0.0,   95.1,   96.2,    4.9,    3.8,  100.0,   82.5,   89.9,   12.6,    0.9,    0.0,    0.0,    5.3,    0.0,    0.0,    0.0,    0.0,   95.1,   96.2,    4.9,    3.8,  100.0,    0.0,    0.0,    0.0,    0.0,    0.0,    0.0,    0.0,    0.0,    0.0,    0.0,    0.0,    0.0,    0.0,    0.0,    0.0,     26,     12,     17,      4,.,      0,      0,.,      0,      0,      0,      0,     16,     19,     26,     12,     17,      4,.,      0,      0,.,      0,      0,      0,      0,     16,     19,      0,      0,      0,      0,      0,      0,      0,      0,      0,      0,      0,      0,      0,      0,    58.2,    47.9,    78.8,    73.7,    49.0,    46.4,    66.8,    65.3,    58.2,    47.9,    78.8,    73.7,    49.0,    46.4,    66.8,    65.3,     0.0,     0.0,     0.0,     0.0,     0.0,     0.0,     0.0,     0.0,MMBTU,0233AN,IFED,023 ,N13,FutOnly
MICHCON BASIS - ICE FUTURES ENERGY DIV,260728,2026-07-28,0233AQ,IFED,01,023 ,  208739,  179605,  121992,       0,   49691,    5224,    2613,   17874,    3644,    2161,       0,    1105,  194352,  199530,   14387,    9209,  208739,  179605,  121992,       0,   49691,    5224,    2613,   17874,    3644,    2161,       0,    1105,  194352,  199530,   14387,    9209,       0,       0,       0,       0,       0,       0,       0,       0,       0,       0,       0,       0,       0,       0,       0,       0,    7856,   10733,    3711,       0,    1622,     -62,       0,    1508,     185,     472,       0,     160,   11488,    7124,   -3632,     732,  100.0,   86.0,   58.4,    0.0,   23.8,    2.5,    1.3,    8.6,    1.7,    1.0,    0.0,    0.5,   93.1,   95.6,    6.9,    4.4,  100.0,   86.0,   58.4,    0.0,   23.8,    2.5,    1.3,    8.6,    1.7,    1.0,    0.0,    0.5,   93.1,   95.6,    6.9,    4.4,  100.0,    0.0,    0.0,    0.0,    0.0,    0.0,    0.0,    0.0,    0.0,    0.0,    0.0,    0.0,    0.0,    0.0,    0.0,    0.0,     54,     29,     32,      0,      8,.,.,      8,      4,.,      0,.,     40,     50,     54,     29,     32,      0,      8,.,.,      8,      4,.,      0,.,     40,     50,      0,      0,      0,      0,      0,      0,      0,      0,      0,      0,      0,      0,      0,      0,    45.9,    30.5,    63.1,    50.2,    44.9,    28.4,    60.3,    43.6,    45.9,    30.5,    63.1,    50.2,    44.9,    28.4,    60.3,    43.6,     0.0,     0.0,     0.0,     0.0,     0.0,     0.0,     0.0,     0.0,2500 mmbtu,0233AQ,IFED,023 ,N13,FutOnly
NAT GAS LD1 for GDD -TEXOK - ICE FUTURES ENERGY DIV,260728,2026-07-28,0233AT,IFED,01,023 ,  143277,  127391,  128035,    8328,       0,    3021,    3086,    9652,       0,     465,       0,       0,  142291,  140708,     986,    2569,  143277,  127391,  128035,    8328,       0,    3021,    3086,    9652,       0,     465,       0,       0,  142291,  140708,     986,    2569,       0,       0,       0,       0,       0,       0,       0,       0,       0,       0,       0,       0,       0,       0,       0,       0,    4030,    -899,    4092,    2903,     -11,      11,    1984,       0,    -186,     465,       0,       0,    4278,    3906,    -248,     124,  100.0,   88.9,   89.4,    5.8,    0.0,    2.1,    2.2,    6.7,    0.0,    0.3,    0.0,    0.0,   99.3,   98.2,    0.7,    1.8,  100.0,   88.9,   89.4,    5.8,    0.0,    2.1,    2.2,    6.7,    0.0,    0.3,    0.0,    0.0,   99.3,   98.2,    0.7,    1.8,  100.0,    0.0,    0.0,    0.0,    0.0,    0.0,    0.0,    0.0,    0.0,    0.0,    0.0,    0.0,    0.0,    0.0,    0.0,    0.0,     49,     23,     25,      5,      0,.,      4,.,      0,.,      0,      0,     33,     28,     49,     23,     25,      5,      0,.,      4,.,      0,.,      0,      0,     33,     28,      0,      0,      0,      0,      0,      0,      0,      0,      0,      0,      0,      0,      0,      0,    72.4,    43.3,    83.9,    68.0,    71.1,    40.4,    78.4,    64.6,    72.4,    43.3,    83.9,    68.0,    71.1,    40.4,    78.4,    64.6,     0.0,     0.0,     0.0,     0.0,     0.0,     0.0,     0.0,     0.0,2500 mmbtu,0233AT,IFED,023 ,N13,FutOnly
NGPL MIDCONT BASIS - ICE FUTURES ENERGY DIV,260728,2026-07-28,0233AY,IFED,01,023 ,  103887,   93298,   70858,      76,   13349,    3070,       0,    2756,       0,       0,       0,       0,   96444,   90033,    7443,   13854,  103887,   93298,   70858,      76,   13349,    3070,       0,    2756,       0,       0,       0,       0,   96444,   90033,    7443,   13854,       0,       0,       0,       0,       0,       0,       0,       0,       0,       0,       0,       0,       0,       0,       0,       0,     127,      94,     790,      76,    -137,     -14,       0,      92,       0,       0,       0,       0,     156,     731,     -29,    -604,  100.0,   89.8,   68.2,    0.1,   12.8,    3.0,    0.0,    2.7,    0.0,    0.0,    0.0,    0.0,   92.8,   86.7,    7.2,   13.3,  100.0,   89.8,   68.2,    0.1,   12.8,    3.0,    0.0,    2.7,    0.0,    0.0,    0.0,    0.0,   92.8,   86.7,    7.2,   13.3,  100.0,    0.0,    0.0,    0.0,    0.0,    0.0,    0.0,    0.0,    0.0,    0.0,    0.0,    0.0,    0.0,    0.0,    0.0,    0.0,     24,     15,     14,.,.,.,      0,.,      0,      0,      0,      0,     18,     19,     24,     15,     14,.,.,.,      0,.,      0,      0,      0,      0,     18,     19,      0,      0,      0,      0,      0,      0,      0,      0,      0,      0,      0,      0,      0,      0,    67.0,    50.0,    86.3,    71.7,    65.3,    47.4,    78.5,    66.1,    67.0,    50.0,    86.3,    71.7,    65.3,    47.4,    78.5,    66.1,     0.0,     0.0,     0.0,     0.0,     0.0,     0.0,     0.0,     0.0,2500 mmbtu,0233AY,IFED,023 ,N13,FutOnly
NGPL TXOK BASIS - ICE FUTURES ENERGY DIV,260728,2026-07-28,0233B1,IFED,01,023 ,  668819,  605791,  407115,   20360,  169430,   14578,   14709,   56649,    5513,       0,    4116,    1810,  662761,  659211,    6058,    9608,  668819,  605791,  407115,   20360,  169430,   14578,   14709,   56649,    5513,       0,    4116,    1810,  662761,  659211,    6058,    9608,       0,       0,       0,       0,       0,       0,       0,       0,       0,       0,       0,       0,       0,       0,       0,       0,    5007,     407,    9496,    1346,   -2878,    1002,    1926,     301,    1008,     -67,    1946,   -1146,    4476,    9729,     531,   -4722,  100.0,   90.6,   60.9,    3.0,   25.3,    2.2,    2.2,    8.5,    0.8,    0.0,    0.6,    0.3,   99.1,   98.6,    0.9,    1.4,  100.0,   90.6,   60.9,    3.0,   25.3,    2.2,    2.2,    8.5,    0.8,    0.0,    0.6,    0.3,   99.1,   98.6,    0.9,    1.4,  100.0,    0.0,    0.0,    0.0,    0.0,    0.0,    0.0,    0.0,    0.0,    0.0,    0.0,    0.0,    0.0,    0.0,    0.0,    0.0,     76,     41,     34,      4,     10,      7,.,      8,.,      0,      4,.,     55,     59,     76,     41,     34,      4,     10,      7,.,      8,.,      0,      4,.,     55,     59,      0,      0,      0,      0,      0,      0,      0,      0,      0,      0,      0,      0,      0,      0,    43.7,    55.5,    60.3,    67.2,    43.2,    53.8,    59.3,    64.1,    43.7,    55.5,    60.3,    67.2,    43.2,    53.8,    59.3,    64.1,     0.0,     0.0,     0.0,     0.0,     0.0,     0.0,     0.0,     0.0,2500 mmbtu,0233B1,IFED,023 ,N13,FutOnly
NNG VENTURA BASIS - ICE FUTURES ENERGY DIV,260728,2026-07-28,0233BB,IFED,01,023 ,  144877,   83771,  134085,   43050,    1327,     948,       0,    5735,       0,       0,       0,       0,  127769,  142095,   17108,    2782,  144877,   83771,  134085,   43050,    1327,     948,       0,    5735,       0,       0,       0,       0,  127769,  142095,   17108,    2782,       0,       0,       0,       0,       0,       0,       0,       0,       0,       0,       0,       0,       0,       0,       0,       0,    1624,     771,     957,     186,       0,       0,       0,       0,       0,       0,       0,       0,     957,     957,     667,     667,  100.0,   57.8,   92.6,   29.7,    0.9,    0.7,    0.0,    4.0,    0.0,    0.0,    0.0,    0.0,   88.2,   98.1,   11.8,    1.9,  100.0,   57.8,   92.6,   29.7,    0.9,    0.7,    0.0,    4.0,    0.0,    0.0,    0.0,    0.0,   88.2,   98.1,   11.8,    1.9,  100.0,    0.0,    0.0,    0.0,    0.0,    0.0,    0.0,    0.0,    0.0,    0.0,    0.0,    0.0,    0.0,    0.0,    0.0,    0.0,     31,     19,     18,      6,.,.,      0,.,      0,      0,      0,      0,     26,     21,     31,     19,     18,      6,.,.,      0,.,      0,      0,      0,      0,     26,     21,      0,      0,      0,      0,      0,      0,      0,      0,      0,      0,      0,      0,      0,      0,    38.5,    65.3,    60.6,    80.2,    37.3,    63.5,    52.9,    75.8,    38.5,    65.3,    60.6,    80.2,    37.3,    63.5,    52.9,    75.8,     0.0,     0.0,     0.0,     0.0,     0.0,     0.0,     0.0,     0.0,2500 mmbtu,0233BB,IFED,023 ,N13,FutOnly
NWP SUMAS BASIS - ICE FUTURES ENERGY DIV,260728,2026-07-28,0233BC,IFED,01,023 ,   70308,   28391,   49256,   32176,    2153,    2215,     551,     644,       0,       0,       0,       0,   63333,   54268,    6975,   16040,   70308,   28391,   49256,   32176,    2153,    2215,     551,     644,       0,       0,       0,       0,   63333,   54268,    6975,   16040,       0,       0,       0,       0,       0,       0,       0,       0,       0,       0,       0,       0,       0,       0,       0,       0,    1123,     368,    1710,     515,      30,     -62,       0,       0,       0,       0,       0,       0,     821,    1678,     302,    -555,  100.0,   40.4,   70.1,   45.8,    3.1,    3.2,    0.8,    0.9,    0.0,    0.0,    0.0,    0.0,   90.1,   77.2,    9.9,   22.8,  100.0,   40.4,   70.1,   45.8,    3.1,    3.2,    0.8,    0.9,    0.0,    0.0,    0.0,    0.0,   90.1,   77.2,    9.9,   22.8,  100.0,    0.0,    0.0,    0.0,    0.0,    0.0,    0.0,    0.0,    0.0,    0.0,    0.0,    0.0,    0.0,    0.0,    0.0,    0.0,     20,      8,     10,      5,.,.,.,.,      0,      0,      0,      0,     15,     14,     20,      8,     10,      5,.,.,.,.,      0,      0,      0,      0,     15,     14,      0,      0,      0,      0,      0,      0,      0,      0,      0,      0,      0,      0,      0,      0,    62.5,    56.4,    78.8,    70.4,    62.5,    52.2,    73.2,    60.4,    62.5,    56.4,    78.8,    70.4,    62.5,    52.2,    73.2,    60.4,     0.0,     0.0,     0.0,     0.0,     0.0,     0.0,     0.0,     0.0,2500 mmbtu,0233BC,IFED,023 ,N13,FutOnly
NWP Rockies Index - ICE FUTURES ENERGY DIV,260728,2026-07-28,0233BD,IFED,01,023 ,   33373,   22292,   23862,    2569,    4405,       0,    6042,     914,    1023,       0,    1635,       0,   31926,   31839,    1447,    1534,   33373,   22292,   23862,    2569,    4405,       0,    6042,     914,    1023,       0,    1635,       0,   31926,   31839,    1447,    1534,       0,       0,       0,       0,       0,       0,       0,       0,       0,       0,       0,       0,       0,       0,       0,       0,    1609,       0,     554,     279,       0,       0,     868,     403,     245,       0,     837,       0,    1392,    2039,     217,    -430,  100.0,   66.8,   71.5,    7.7,   13.2,    0.0,   18.1,    2.7,    3.1,    0.0,    4.9,    0.0,   95.7,   95.4,    4.3,    4.6,  100.0,   66.8,   71.5,    7.7,   13.2,    0.0,   18.1,    2.7,    3.1,    0.0,    4.9,    0.0,   95.7,   95.4,    4.3,    4.6,  100.0,    0.0,    0.0,    0.0,    0.0,    0.0,    0.0,    0.0,    0.0,    0.0,    0.0,    0.0,    0.0,    0.0,    0.0,    0.0,     41,     21,     16,.,.,      0,      6,.,.,      0,.,      0,     29,     23,     41,     21,     16,.,.,      0,      6,.,.,      0,.,      0,     29,     23,      0,      0,      0,      0,      0,      0,      0,      0,      0,      0,      0,      0,      0,      0,    32.4,    50.6,    53.4,    69.7,    32.4,    50.6,    52.1,    66.8,    32.4,    50.6,    53.4,    69.7,    32.4,    50.6,    52.1,    66.8,     0.0,     0.0,     0.0,     0.0,     0.0,     0.0,     0.0,     0.0,2500 mmbtu,0233BD,IFED,023 ,N13,FutOnly
ONEOK GAS TRANSPORTATION BASIS - ICE FUTURES ENERGY DIV,260728,2026-07-28,0233BF,IFED,01,023 ,   69298,   58247,    9583,    5503,   53652,    1554,       0,       0,       0,       0,       0,       0,   65304,   64789,    3994,    4509,   69298,   58247,    9583,    5503,   53652,    1554,       0,       0,       0,       0,       0,       0,   65304,   64789,    3994,    4509,       0,       0,       0,       0,       0,       0,       0,       0,       0,       0,       0,       0,       0,       0,       0,       0,    1881,    1335,     172,     330,    1424,      34,       0,       0,       0,       0,       0,       0,    1699,    1630,     182,     251,  100.0,   84.1,   13.8,    7.9,   77.4,    2.2,    0.0,    0.0,    0.0,    0.0,    0.0,    0.0,   94.2,   93.5,    5.8,    6.5,  100.0,   84.1,   13.8,    7.9,   77.4,    2.2,    0.0,    0.0,    0.0,    0.0,    0.0,    0.0,   94.2,   93.5,    5.8,    6.5,  100.0,    0.0,    0.0,    0.0,    0.0,    0.0,    0.0,    0.0,    0.0,    0.0,    0.0,    0.0,    0.0,    0.0,    0.0,    0.0,     20,      8,      9,      4,      6,.,      0,      0,      0,      0,      0,      0,     12,     18,     20,      8,      9,      4,      6,.,      0,      0,      0,      0,      0,      0,     12,     18,      0,      0,      0,      0,      0,      0,      0,      0,      0,      0,      0,      0,      0,      0,    75.2,    68.1,    89.6,    87.0,    73.1,    68.1,    86.3,    85.8,    75.2,    68.1,    89.6,    87.0,    73.1,    68.1,    86.3,    85.8,     0.0,     0.0,     0.0,     0.0,     0.0,     0.0,     0.0,     0.0,2500 mmbtu,0233BF,IFED,023 ,N13,FutOnly
MALIN (BASIS) - ICE FUTURES ENERGY DIV,260728,2026-07-28,0233BH,IFED,01,023 ,  125850,   89676,   93333,   17101,   14412,    4568,    1005,   10513,     378,       0,      49,     491,  113219,  123744,   12631,    2106,  125850,   89676,   93333,   17101,   14412,    4568,    1005,   10513,     378,       0,      49,     491,  113219,  123744,   12631,    2106,       0,       0,       0,       0,       0,       0,       0,       0,       0,       0,       0,       0,       0,       0,       0,       0,    1880,    2016,    1321,    -209,     -62,     -30,       0,       0,       0,    -625,      49,     447,    1599,    1725,     281,     155,  100.0,   71.3,   74.2,   13.6,   11.5,    3.6,    0.8,    8.4,    0.3,    0.0,    0.0,    0.4,   90.0,   98.3,   10.0,    1.7,  100.0,   71.3,   74.2,   13.6,   11.5,    3.6,    0.8,    8.4,    0.3,    0.0,    0.0,    0.4,   90.0,   98.3,   10.0,    1.7,  100.0,    0.0,    0.0,    0.0,    0.0,    0.0,    0.0,    0.0,    0.0,    0.0,    0.0,    0.0,    0.0,    0.0,    0.0,    0.0,     29,     12,     15,      5,.,      5,.,.,.,      0,.,.,     21,     25,     29,     12,     15,      5,.,      5,.,.,.,      0,.,.,     21,     25,      0,      0,      0,      0,      0,      0,      0,      0,      0,      0,      0,      0,      0,      0,    66.6,    58.8,    79.7,    80.5,    56.5,    54.5,    63.8,    69.4,    66.6,    58.8,    79.7,    80.5,    56.5,    54.5,    63.8,    69.4,     0.0,     0.0,     0.0,     0.0,     0.0,     0.0,     0.0,     0.0,2500 mmbtu,0233BH,IFED,023 ,N13,FutOnly
PANHANDLE BASIS - ICE FUTURES ENERGY DIV,260728,2026-07-28,0233BL,IFED,01,023 ,  211988,  147268,   72216,   12786,  111378,   10655,   23743,    1174,    1620,    2050,     341,       0,  198122,  197384,   13866,   14604,  211988,  147268,   72216,   12786,  111378,   10655,   23743,    1174,    1620,    2050,     341,       0,  198122,  197384,   13866,   14604,       0,       0,       0,       0,       0,       0,       0,       0,       0,       0,       0,       0,       0,       0,       0,       0,    3566,    3358,    1962,     150,     723,     -54,     204,    1174,    -124,     217,    -258,    -208,    3543,    3215,      23,     351,  100.0,   69.5,   34.1,    6.0,   52.5,    5.0,   11.2,    0.6,    0.8,    1.0,    0.2,    0.0,   93.5,   93.1,    6.5,    6.9,  100.0,   69.5,   34.1,    6.0,   52.5,    5.0,   11.2,    0.6,    0.8,    1.0,    0.2,    0.0,   93.5,   93.1,    6.5,    6.9,  100.0,    0.0,    0.0,    0.0,    0.0,    0.0,    0.0,    0.0,    0.0,    0.0,    0.0,    0.0,    0.0,    0.0,    0.0,    0.0,     46,     22,     20,.,      9,     10,.,.,.,.,.,      0,     37,     38,     46,     22,     20,.,      9,     10,.,.,.,.,.,      0,     37,     38,      0,      0,      0,      0,      0,      0,      0,      0,      0,      0,      0,      0,      0,      0,    37.3,    42.9,    54.0,    63.7,    29.7,    40.7,    42.8,    55.4,    37.3,    42.9,    54.0,    63.7,    29.7,    40.7,    42.8,    55.4,     0.0,     0.0,     0.0,     0.0,     0.0,     0.0,     0.0,     0.0,2500 mmbtu,0233BL,IFED,023 ,N13,FutOnly
PG&E - CITYGATE (INDEX) - ICE FUTURES ENERGY DIV,260728,2026-07-28,0233BQ,IFED,01,023 ,   35510,   24675,   30948,    3053,       0,       0,    2926,    2038,     732,       0,    1083,       0,   31386,   34801,    4124,     709,   35510,   24675,   30948,    3053,       0,       0,    2926,    2038,     732,       0,    1083,       0,   31386,   34801,    4124,     709,       0,       0,       0,       0,       0,       0,       0,       0,       0,       0,       0,       0,       0,       0,       0,       0,     372,     647,    1577,    -558,       0,       0,     341,    -620,     124,       0,       0,       0,     554,    1081,    -182,    -709,  100.0,   69.5,   87.2,    8.6,    0.0,    0.0,    8.2,    5.7,    2.1,    0.0,    3.0,    0.0,   88.4,   98.0,   11.6,    2.0,  100.0,   69.5,   87.2,    8.6,    0.0,    0.0,    8.2,    5.7,    2.1,    0.0,    3.0,    0.0,   88.4,   98.0,   11.6,    2.0,  100.0,    0.0,    0.0,    0.0,    0.0,    0.0,    0.0,    0.0,    0.0,    0.0,    0.0,    0.0,    0.0,    0.0,    0.0,    0.0,     31,     17,     13,.,      0,      0,.,.,.,      0,.,      0,     22,     19,     31,     17,     13,.,      0,      0,.,.,.,      0,.,      0,     22,     19,      0,      0,      0,      0,      0,      0,      0,      0,      0,      0,      0,      0,      0,      0,    55.2,    62.6,    72.0,    82.8,    55.2,    61.9,    71.8,    78.2,    55.2,    62.6,    72.0,    82.8,    55.2,    61.9,    71.8,    78.2,     0.0,     0.0,     0.0,     0.0,     0.0,     0.0,     0.0,     0.0,2500 mmbtu,0233BQ,IFED,023 ,N13,FutOnly
SOCAL (INDEX) - ICE FUTURES ENERGY DIV,260728,2026-07-28,0233BW,IFED,01,023 ,   36403,   14930,   29856,    6661,       0,     279,   12801,    3921,     527,       0,     620,       0,   35198,   35203,    1205,    1200,   36403,   14930,   29856,    6661,       0,     279,   12801,    3921,     527,       0,     620,       0,   35198,   35203,    1205,    1200,       0,       0,       0,       0,       0,       0,       0,       0,       0,       0,       0,       0,       0,       0,       0,       0,    1455,     679,    1455,    1171,       0,    -527,     -58,      31,       0,       0,     372,       0,    1265,    1331,     190,     124,  100.0,   41.0,   82.0,   18.3,    0.0,    0.8,   35.2,   10.8,    1.4,    0.0,    1.7,    0.0,   96.7,   96.7,    3.3,    3.3,  100.0,   41.0,   82.0,   18.3,    0.0,    0.8,   35.2,   10.8,    1.4,    0.0,    1.7,    0.0,   96.7,   96.7,    3.3,    3.3,  100.0,    0.0,    0.0,    0.0,    0.0,    0.0,    0.0,    0.0,    0.0,    0.0,    0.0,    0.0,    0.0,    0.0,    0.0,    0.0,     32,     14,     11,.,      0,.,      4,.,.,      0,.,      0,     21,     18,     32,     14,     11,.,      0,.,      4,.,.,      0,.,      0,     21,     18,      0,      0,      0,      0,      0,      0,      0,      0,      0,      0,      0,      0,      0,      0,    44.9,    74.2,    66.8,    85.5,    44.5,    72.0,    66.0,    82.2,    44.9,    74.2,    66.8,    85.5,    44.5,    72.0,    66.0,    82.2,     0.0,     0.0,     0.0,     0.0,     0.0,     0.0,     0.0,     0.0,2500 mmbtu,0233BW,IFED,023 ,N13,FutOnly
SOCAL CITYGATE FINANCIAL BASIS - ICE FUTURES ENERGY DIV,260728,2026-07-28,0233BY,IFED,01,023 ,   37576,   20008,   26738,    9899,    3969,     291,     854,     488,       0,     499,       0,    1065,   32616,   32551,    4960,    5025,   37576,   20008,   26738,    9899,    3969,     291,     854,     488,       0,     499,       0,    1065,   32616,   32551,    4960,    5025,       0,       0,       0,       0,       0,       0,       0,       0,       0,       0,       0,       0,       0,       0,       0,       0,     933,     763,   -1192,       0,      27,       0,       0,       0,       0,    -138,       0,     232,     857,    -933,      76,    1866,  100.0,   53.2,   71.2,   26.3,   10.6,    0.8,    2.3,    1.3,    0.0,    1.3,    0.0,    2.8,   86.8,   86.6,   13.2,   13.4,  100.0,   53.2,   71.2,   26.3,   10.6,    0.8,    2.3,    1.3,    0.0,    1.3,    0.0,    2.8,   86.8,   86.6,   13.2,   13.4,  100.0,    0.0,    0.0,    0.0,    0.0,    0.0,    0.0,    0.0,    0.0,    0.0,    0.0,    0.0,    0.0,    0.0,    0.0,    0.0,     24,     12,     11,.,.,.,.,.,      0,.,      0,.,     19,     16,     24,     12,     11,.,.,.,.,.,      0,.,      0,.,     19,     16,      0,      0,      0,      0,      0,      0,      0,      0,      0,      0,      0,      0,      0,      0,    53.9,    52.2,    71.9,    75.7,    49.4,    44.3,    60.0,    58.9,    53.9,    52.2,    71.9,    75.7,    49.4,    44.3,    60.0,    58.9,     0.0,     0.0,     0.0,     0.0,     0.0,     0.0,     0.0,     0.0,MMBtu,0233BY,IFED,023 ,N13,FutOnly
SONAT - TIER 1 POOL (ZONE 0) - ICE FUTURES ENERGY DIV,260728,2026-07-28,0233C1,IFED,01,023 ,   80969,   57077,   64960,    3976,    6331,    4761,    5217,       0,     552,    2094,       0,     242,   73919,   76846,    7050,    4123,   80969,   57077,   64960,    3976,    6331,    4761,    5217,       0,     552,    2094,       0,     242,   73919,   76846,    7050,    4123,       0,       0,       0,       0,       0,       0,       0,       0,       0,       0,       0,       0,       0,       0,       0,       0,    1465,      76,    2569,      62,    -514,     453,     856,       0,      93,     217,       0,       0,    1757,    2601,    -292,   -1136,  100.0,   70.5,   80.2,    4.9,    7.8,    5.9,    6.4,    0.0,    0.7,    2.6,    0.0,    0.3,   91.3,   94.9,    8.7,    5.1,  100.0,   70.5,   80.2,    4.9,    7.8,    5.9,    6.4,    0.0,    0.7,    2.6,    0.0,    0.3,   91.3,   94.9,    8.7,    5.1,  100.0,    0.0,    0.0,    0.0,    0.0,    0.0,    0.0,    0.0,    0.0,    0.0,    0.0,    0.0,    0.0,    0.0,    0.0,    0.0,     32,     14,     20,.,.,      4,.,      0,.,.,      0,.,     22,     28,     32,     14,     20,.,.,      4,.,      0,.,.,      0,.,     22,     28,      0,      0,      0,      0,      0,      0,      0,      0,      0,      0,      0,      0,      0,      0,    57.2,    57.0,    75.2,    70.8,    55.4,    54.3,    70.3,    67.8,    57.2,    57.0,    75.2,    70.8,    55.4,    54.3,    70.3,    67.8,     0.0,     0.0,     0.0,     0.0,     0.0,     0.0,     0.0,     0.0,2500 mmbtu,0233C1,IFED,023 ,N13,FutOnly
TENNESSEE 500L BASIS - ICE FUTURES ENERGY DIV,260728,2026-07-28,0233C9,IFED,01,023 ,   32306,   18981,   26899,    4314,     832,     517,    4656,     279,      61,     771,       0,     211,   29511,   28799,    2795,    3507,   32306,   18981,   26899,    4314,     832,     517,    4656,     279,      61,     771,       0,     211,   29511,   28799,    2795,    3507,       0,       0,       0,       0,       0,       0,       0,       0,       0,       0,       0,       0,       0,       0,       0,       0,      32,     765,     399,       0,    -802,    -302,      31,     279,       0,    -186,       0,       0,     308,    -426,    -276,     458,  100.0,   58.8,   83.3,   13.4,    2.6,    1.6,   14.4,    0.9,    0.2,    2.4,    0.0,    0.7,   91.3,   89.1,    8.7,   10.9,  100.0,   58.8,   83.3,   13.4,    2.6,    1.6,   14.4,    0.9,    0.2,    2.4,    0.0,    0.7,   91.3,   89.1,    8.7,   10.9,  100.0,    0.0,    0.0,    0.0,    0.0,    0.0,    0.0,    0.0,    0.0,    0.0,    0.0,    0.0,    0.0,    0.0,    0.0,    0.0,     21,      8,     12,.,.,.,.,.,.,.,      0,.,     13,     16,     21,      8,     12,.,.,.,.,.,.,.,      0,.,     13,     16,      0,      0,      0,      0,      0,      0,      0,      0,      0,      0,      0,      0,      0,      0,    60.0,    62.7,    84.3,    80.4,    54.5,    62.1,    76.1,    75.4,    60.0,    62.7,    84.3,    80.4,    54.5,    62.1,    76.1,    75.4,     0.0,     0.0,     0.0,     0.0,     0.0,     0.0,     0.0,     0.0,2500 mm btu,0233C9,IFED,023 ,N13,FutOnly
TETCO WLA BASIS - ICE FUTURES ENERGY DIV,260728,2026-07-28,0233CC,IFED,01,023 ,  140817,  112255,   86402,   18592,   10039,    5238,       0,   36916,       0,       0,       0,       0,  136085,  138595,    4732,    2222,  140817,  112255,   86402,   18592,   10039,    5238,       0,   36916,       0,       0,       0,       0,  136085,  138595,    4732,    2222,       0,       0,       0,       0,       0,       0,       0,       0,       0,       0,       0,       0,       0,       0,       0,       0,    6655,    7725,     449,   -2684,    2243,    1583,       0,    2411,     -31,       0,       0,       0,    6593,    6655,      62,       0,  100.0,   79.7,   61.4,   13.2,    7.1,    3.7,    0.0,   26.2,    0.0,    0.0,    0.0,    0.0,   96.6,   98.4,    3.4,    1.6,  100.0,   79.7,   61.4,   13.2,    7.1,    3.7,    0.0,   26.2,    0.0,    0.0,    0.0,    0.0,   96.6,   98.4,    3.4,    1.6,  100.0,    0.0,    0.0,    0.0,    0.0,    0.0,    0.0,    0.0,    0.0,    0.0,    0.0,    0.0,    0.0,    0.0,    0.0,    0.0,     38,     19,     14,      4,.,      4,      0,      4,      0,      0,      0,      0,     25,     23,     38,     19,     14,      4,.,      4,      0,      4,      0,      0,      0,      0,     25,     23,      0,      0,      0,      0,      0,      0,      0,      0,      0,      0,      0,      0,      0,      0,    51.3,    63.9,    74.4,    80.7,    51.3,    60.6,    73.9,    75.6,    51.3,    63.9,    74.4,    80.7,    51.3,    60.6,    73.9,    75.6,     0.0,     0.0,     0.0,     0.0,     0.0,     0.0,     0.0,     0.0,mmbtu,0233CC,IFED,023 ,N13,FutOnly
TETCO M3 INDEX - ICE FUTURES ENERGY DIV,260728,2026-07-28,0233CG,IFED,01,023 ,   71565,   33598,   63010,   29065,       0,    5312,    1829,     310,     434,     465,       0,       0,   70703,   69066,     862,    2499,   71565,   33598,   63010,   29065,       0,    5312,    1829,     310,     434,     465,       0,       0,   70703,   69066,     862,    2499,       0,       0,       0,       0,       0,       0,       0,       0,       0,       0,       0,       0,       0,       0,       0,       0,    2222,     868,    1844,    1774,       0,    -180,       0,     -93,     155,     465,       0,       0,    3082,    1726,    -860,     496,  100.0,   46.9,   88.0,   40.6,    0.0,    7.4,    2.6,    0.4,    0.6,    0.6,    0.0,    0.0,   98.8,   96.5,    1.2,    3.5,  100.0,   46.9,   88.0,   40.6,    0.0,    7.4,    2.6,    0.4,    0.6,    0.6,    0.0,    0.0,   98.8,   96.5,    1.2,    3.5,  100.0,    0.0,    0.0,    0.0,    0.0,    0.0,    0.0,    0.0,    0.0,    0.0,    0.0,    0.0,    0.0,    0.0,    0.0,    0.0,     30,      8,     18,      4,      0,.,.,.,.,.,      0,      0,     16,     21,     30,      8,     18,      4,      0,.,.,.,.,.,      0,      0,     16,     21,      0,      0,      0,      0,      0,      0,      0,      0,      0,      0,      0,      0,      0,      0,    78.6,    52.4,    91.6,    74.2,    74.8,    50.5,    84.2,    72.3,    78.6,    52.4,    91.6,    74.2,    74.8,    50.5,    84.2,    72.3,     0.0,     0.0,     0.0,     0.0,     0.0,     0.0,     0.0,     0.0,2500 mmbtu,0233CG,IFED,023 ,N13,FutOnly
TETCO M3 BASIS - ICE FUTURES ENERGY DIV,260728,2026-07-28,0233CH,IFED,01,023 ,  171478,  102746,  121372,   38610,   22387,    8097,    2913,    3931,    5365,    2604,    2038,     215,  160550,  163405,   10928,    8073,  171478,  102746,  121372,   38610,   22387,    8097,    2913,    3931,    5365,    2604,    2038,     215,  160550,  163405,   10928,    8073,       0,       0,       0,       0,       0,       0,       0,       0,       0,       0,       0,       0,       0,       0,       0,       0,    3002,    1596,    2901,    1773,      62,      53,     -62,     -28,     338,    -150,     -62,    -391,    3157,    2873,    -155,     129,  100.0,   59.9,   70.8,   22.5,   13.1,    4.7,    1.7,    2.3,    3.1,    1.5,    1.2,    0.1,   93.6,   95.3,    6.4,    4.7,  100.0,   59.9,   70.8,   22.5,   13.1,    4.7,    1.7,    2.3,    3.1,    1.5,    1.2,    0.1,   93.6,   95.3,    6.4,    4.7,  100.0,    0.0,    0.0,    0.0,    0.0,    0.0,    0.0,    0.0,    0.0,    0.0,    0.0,    0.0,    0.0,    0.0,    0.0,    0.0,     49,     15,     21,      6,      6,      7,.,.,      4,.,.,.,     32,     38,     49,     15,     21,      6,      6,      7,.,.,      4,.,.,.,     32,     38,      0,      0,      0,      0,      0,      0,      0,      0,      0,      0,      0,      0,      0,      0,    45.6,    32.4,    66.3,    48.8,    41.9,    32.2,    61.2,    47.3,    45.6,    32.4,    66.3,    48.8,    41.9,    32.2,    61.2,    47.3,     0.0,     0.0,     0.0,     0.0,     0.0,     0.0,     0.0,     0.0,2500 mm btu,0233CH,IFED,023 ,N13,FutOnly
TGT ZONE 1 BASIS - ICE FUTURES ENERGY DIV,260728,2026-07-28,0233CM,IFED,01,023 ,  234678,  208494,  134436,    2273,   74049,   14589,    4160,       0,     184,       0,       0,       0,  229700,  223258,    4978,   11420,  234678,  208494,  134436,    2273,   74049,   14589,    4160,       0,     184,       0,       0,       0,  229700,  223258,    4978,   11420,       0,       0,       0,       0,       0,       0,       0,       0,       0,       0,       0,       0,       0,       0,       0,       0,    4317,    2282,    4156,    2273,     430,    -269,       0,       0,       0,       0,       0,       0,    4286,    4317,      31,       0,  100.0,   88.8,   57.3,    1.0,   31.6,    6.2,    1.8,    0.0,    0.1,    0.0,    0.0,    0.0,   97.9,   95.1,    2.1,    4.9,  100.0,   88.8,   57.3,    1.0,   31.6,    6.2,    1.8,    0.0,    0.1,    0.0,    0.0,    0.0,   97.9,   95.1,    2.1,    4.9,  100.0,    0.0,    0.0,    0.0,    0.0,    0.0,    0.0,    0.0,    0.0,    0.0,    0.0,    0.0,    0.0,    0.0,    0.0,    0.0,     38,     26,     18,.,      6,      5,.,      0,.,      0,      0,      0,     32,     26,     38,     26,     18,.,      6,      5,.,      0,.,      0,      0,      0,     32,     26,      0,      0,      0,      0,      0,      0,      0,      0,      0,      0,      0,      0,      0,      0,    48.2,    58.3,    74.5,    79.0,    48.0,    57.1,    70.1,    73.5,    48.2,    58.3,    74.5,    79.0,    48.0,    57.1,    70.1,    73.5,     0.0,     0.0,     0.0,     0.0,     0.0,     0.0,     0.0,     0.0,2500 MMBtus,0233CM,IFED,023 ,N13,FutOnly
TRANSCO STN 85 MONTHLY INDEX - ICE FUTURES ENERGY DIV,260728,2026-07-28,0233CS,IFED,01,023 ,   67143,   52202,   49590,    3129,    5603,    1054,    8422,    3228,     368,       0,    5266,       0,   65175,   65109,    1968,    2034,   67143,   52202,   49590,    3129,    5603,    1054,    8422,    3228,     368,       0,    5266,       0,   65175,   65109,    1968,    2034,       0,       0,       0,       0,       0,       0,       0,       0,       0,       0,       0,       0,       0,       0,       0,       0,    3836,     806,    2972,   -1054,     310,     434,    3255,    -527,    -124,       0,     740,       0,    3317,    3805,     519,      31,  100.0,   77.7,   73.9,    4.7,    8.3,    1.6,   12.5,    4.8,    0.5,    0.0,    7.8,    0.0,   97.1,   97.0,    2.9,    3.0,  100.0,   77.7,   73.9,    4.7,    8.3,    1.6,   12.5,    4.8,    0.5,    0.0,    7.8,    0.0,   97.1,   97.0,    2.9,    3.0,  100.0,    0.0,    0.0,    0.0,    0.0,    0.0,    0.0,    0.0,    0.0,    0.0,    0.0,    0.0,    0.0,    0.0,    0.0,    0.0,     37,     14,     16,.,.,.,      4,.,.,      0,.,      0,     22,     26,     37,     14,     16,.,.,.,      4,.,.,      0,.,      0,     22,     26,      0,      0,      0,      0,      0,      0,      0,      0,      0,      0,      0,      0,      0,      0,    52.9,    53.0,    76.8,    74.6,    51.4,    52.8,    74.9,    73.8,    52.9,    53.0,    76.8,    74.6,    51.4,    52.8,    74.9,    73.8,     0.0,     0.0,     0.0,     0.0,     0.0,     0.0,     0.0,     0.0,mmbtu,0233CS,IFED,023 ,N13,FutOnly
TRANSCO ZONE 6 BASIS - ICE FUTURES ENERGY DIV,260728,2026-07-28,0233CU,IFED,01,023 ,  271614,  158196,  184565,   85538,   48262,   12541,    2796,   11647,    4364,       0,    5259,     740,  264175,  267378,    7439,    4236,  271614,  158196,  184565,   85538,   48262,   12541,    2796,   11647,    4364,       0,    5259,     740,  264175,  267378,    7439,    4236,       0,       0,       0,       0,       0,       0,       0,       0,       0,       0,       0,       0,       0,       0,       0,       0,    4780,    2748,    4472,    1850,    -894,      90,     242,     466,     371,       0,    1013,    -645,    4656,    4873,     124,     -93,  100.0,   58.2,   68.0,   31.5,   17.8,    4.6,    1.0,    4.3,    1.6,    0.0,    1.9,    0.3,   97.3,   98.4,    2.7,    1.6,  100.0,   58.2,   68.0,   31.5,   17.8,    4.6,    1.0,    4.3,    1.6,    0.0,    1.9,    0.3,   97.3,   98.4,    2.7,    1.6,  100.0,    0.0,    0.0,    0.0,    0.0,    0.0,    0.0,    0.0,    0.0,    0.0,    0.0,    0.0,    0.0,    0.0,    0.0,    0.0,     54,     27,     23,      5,      6,      7,.,      5,      4,      0,.,.,     44,     41,     54,     27,     23,      5,      6,      7,.,      5,      4,      0,.,.,     44,     41,      0,      0,      0,      0,      0,      0,      0,      0,      0,      0,      0,      0,      0,      0,    41.2,    53.2,    63.4,    67.6,    39.1,    52.6,    58.8,    65.7,    41.2,    53.2,    63.4,    67.6,    39.1,    52.6,    58.8,    65.7,     0.0,     0.0,     0.0,     0.0,     0.0,     0.0,     0.0,     0.0,mmbtu,0233CU,IFED,023 ,N13,FutOnly
TRANSCO ZONE 6 MONTHLY INDEX - ICE FUTURES ENERGY DIV,260728,2026-07-28,0233CV,IFED,01,023 ,  109001,   38168,   97336,   68412,    1395,       0,       0,    1116,       0,       0,    3166,       0,  106580,  103013,    2421,    5988,  109001,   38168,   97336,   68412,    1395,       0,       0,    1116,       0,       0,    3166,       0,  106580,  103013,    2421,    5988,       0,       0,       0,       0,       0,       0,       0,       0,       0,       0,       0,       0,       0,       0,       0,       0,    3571,      93,     403,    3292,       0,       0,       0,      62,       0,       0,    3166,       0,    3385,    3631,     186,     -60,  100.0,   35.0,   89.3,   62.8,    1.3,    0.0,    0.0,    1.0,    0.0,    0.0,    2.9,    0.0,   97.8,   94.5,    2.2,    5.5,  100.0,   35.0,   89.3,   62.8,    1.3,    0.0,    0.0,    1.0,    0.0,    0.0,    2.9,    0.0,   97.8,   94.5,    2.2,    5.5,  100.0,    0.0,    0.0,    0.0,    0.0,    0.0,    0.0,    0.0,    0.0,    0.0,    0.0,    0.0,    0.0,    0.0,    0.0,    0.0,     26,      7,     13,      5,.,      0,      0,.,      0,      0,.,      0,     12,     16,     26,      7,     13,      5,.,      0,      0,.,      0,      0,.,      0,     12,     16,      0,      0,      0,      0,      0,      0,      0,      0,      0,      0,      0,      0,      0,      0,    69.7,    65.7,    94.2,    85.6,    69.7,    65.7,    93.8,    84.3,    69.7,    65.7,    94.2,    85.6,    69.7,    65.7,    93.8,    84.3,     0.0,     0.0,     0.0,     0.0,     0.0,     0.0,     0.0,     0.0,mmbtu,0233CV,IFED,023 ,N13,FutOnly
TRANSCO STATION 85-ZONE 4 BASI - ICE FUTURES ENERGY DIV,260728,2026-07-28,0233CW,IFED,01,023 ,  294392,  184483,  208408,   23695,   37842,   12060,   37789,    1902,   20424,     799,    7350,    3196,  282446,  291182,   11946,    3210,  294392,  184483,  208408,   23695,   37842,   12060,   37789,    1902,   20424,     799,    7350,    3196,  282446,  291182,   11946,    3210,       0,       0,       0,       0,       0,       0,       0,       0,       0,       0,       0,       0,       0,       0,       0,       0,   -1216,    4360,    -704,       4,    -512,     483,   -5064,     771,   -2691,     799,    1135,     385,   -1724,   -1133,     508,     -83,  100.0,   62.7,   70.8,    8.0,   12.9,    4.1,   12.8,    0.6,    6.9,    0.3,    2.5,    1.1,   95.9,   98.9,    4.1,    1.1,  100.0,   62.7,   70.8,    8.0,   12.9,    4.1,   12.8,    0.6,    6.9,    0.3,    2.5,    1.1,   95.9,   98.9,    4.1,    1.1,  100.0,    0.0,    0.0,    0.0,    0.0,    0.0,    0.0,    0.0,    0.0,    0.0,    0.0,    0.0,    0.0,    0.0,    0.0,    0.0,     66,     28,     38,      6,.,      5,      9,.,      7,.,.,.,     50,     54,     66,     28,     38,      6,.,      5,      9,.,      7,.,.,.,     50,     54,      0,      0,      0,      0,      0,      0,      0,      0,      0,      0,      0,      0,      0,      0,    36.3,    32.3,    53.6,    51.8,    24.4,    31.4,    37.9,    47.1,    36.3,    32.3,    53.6,    51.8,    24.4,    31.4,    37.9,    47.1,     0.0,     0.0,     0.0,     0.0,     0.0,     0.0,     0.0,     0.0,2500 mm btu,0233CW,IFED,023 ,N13,FutOnly
WAHA INDEX  - ICE FUTURES ENERGY DIV,260728,2026-07-28,0233D4,IFED,01,023 ,   96914,   89847,   72472,    2858,   17598,       0,     930,    1395,     961,       0,       0,       0,   94596,   92426,    2318,    4488,   96914,   89847,   72472,    2858,   17598,       0,     930,    1395,     961,       0,       0,       0,   94596,   92426,    2318,    4488,       0,       0,       0,       0,       0,       0,       0,       0,       0,       0,       0,       0,       0,       0,       0,       0,    7120,    6623,    2588,     310,    4006,       0,    -620,       0,     682,       0,       0,       0,    6995,    7276,     125,    -156,  100.0,   92.7,   74.8,    2.9,   18.2,    0.0,    1.0,    1.4,    1.0,    0.0,    0.0,    0.0,   97.6,   95.4,    2.4,    4.6,  100.0,   92.7,   74.8,    2.9,   18.2,    0.0,    1.0,    1.4,    1.0,    0.0,    0.0,    0.0,   97.6,   95.4,    2.4,    4.6,  100.0,    0.0,    0.0,    0.0,    0.0,    0.0,    0.0,    0.0,    0.0,    0.0,    0.0,    0.0,    0.0,    0.0,    0.0,    0.0,     40,     22,     18,.,      7,      0,.,.,.,      0,      0,      0,     26,     27,     40,     22,     18,.,      7,      0,.,.,.,      0,      0,      0,     26,     27,      0,      0,      0,      0,      0,      0,      0,      0,      0,      0,      0,      0,      0,      0,    55.8,    54.7,    74.3,    76.8,    54.7,    51.4,    69.5,    66.1,    55.8,    54.7,    74.3,    76.8,    54.7,    51.4,    69.5,    66.1,     0.0,     0.0,     0.0,     0.0,     0.0,     0.0,     0.0,     0.0,2500 mm btu,0233D4,IFED,023 ,N13,FutOnly
TETCO M2 Basis (Receipts) - ICE FUTURES ENERGY DIV,260728,2026-07-28,0233DR,IFED,01,023 ,  558545,  481742,   14115,    9005,  511612,   19075,   30922,    2882,    2778,    4958,    2534,    2533,  551013,  555529,    7532,    3016,  558545,  481742,   14115,    9005,  511612,   19075,   30922,    2882,    2778,    4958,    2534,    2533,  551013,  555529,    7532,    3016,       0,       0,       0,       0,       0,       0,       0,       0,       0,       0,       0,       0,       0,       0,       0,       0,   18347,   15066,    3462,   -1008,   14051,     663,    2629,       0,     124,     528,      29,     543,   18545,   18872,    -198,    -525,  100.0,   86.2,    2.5,    1.6,   91.6,    3.4,    5.5,    0.5,    0.5,    0.9,    0.5,    0.5,   98.7,   99.5,    1.3,    0.5,  100.0,   86.2,    2.5,    1.6,   91.6,    3.4,    5.5,    0.5,    0.5,    0.9,    0.5,    0.5,   98.7,   99.5,    1.3,    0.5,  100.0,    0.0,    0.0,    0.0,    0.0,    0.0,    0.0,    0.0,    0.0,    0.0,    0.0,    0.0,    0.0,    0.0,    0.0,    0.0,     59,     34,     10,.,     16,      7,.,.,.,.,.,.,     45,     33,     59,     34,     10,.,     16,      7,.,.,.,.,.,.,     45,     33,      0,      0,      0,      0,      0,      0,      0,      0,      0,      0,      0,      0,      0,      0,    45.5,    50.2,    63.2,    72.3,    45.4,    49.9,    62.1,    72.1,    45.5,    50.2,    63.2,    72.3,    45.4,    49.9,    62.1,    72.1,     0.0,     0.0,     0.0,     0.0,     0.0,     0.0,     0.0,     0.0,2500 MM Btus,0233DR,IFED,023 ,N13,FutOnly
TRANSCO LEIDY BASIS - ICE FUTURES ENERGY DIV,260728,2026-07-28,0233DT,IFED,01,023 ,  124050,   69181,   50760,   19885,   52623,   14622,    7540,       0,       0,    5037,     784,     186,  116451,  118975,    7599,    5075,  124050,   69181,   50760,   19885,   52623,   14622,    7540,       0,       0,    5037,     784,     186,  116451,  118975,    7599,    5075,       0,       0,       0,       0,       0,       0,       0,       0,       0,       0,       0,       0,       0,       0,       0,       0,     304,     735,   -1328,       0,    1485,    -305,       0,       0,       0,   -1347,       0,       0,    -917,    -148,    1221,     452,  100.0,   55.8,   40.9,   16.0,   42.4,   11.8,    6.1,    0.0,    0.0,    4.1,    0.6,    0.1,   93.9,   95.9,    6.1,    4.1,  100.0,   55.8,   40.9,   16.0,   42.4,   11.8,    6.1,    0.0,    0.0,    4.1,    0.6,    0.1,   93.9,   95.9,    6.1,    4.1,  100.0,    0.0,    0.0,    0.0,    0.0,    0.0,    0.0,    0.0,    0.0,    0.0,    0.0,    0.0,    0.0,    0.0,    0.0,    0.0,     33,     15,      8,      4,      8,      8,.,      0,      0,.,.,.,     28,     20,     33,     15,      8,      4,      8,      8,.,      0,      0,.,.,.,     28,     20,      0,      0,      0,      0,      0,      0,      0,      0,      0,      0,      0,      0,      0,      0,    44.9,    40.2,    62.4,    66.0,    44.6,    39.7,    61.4,    61.8,    44.9,    40.2,    62.4,    66.0,    44.6,    39.7,    61.4,    61.8,     0.0,     0.0,     0.0,     0.0,     0.0,     0.0,     0.0,     0.0,2500 mm btu,0233DT,IFED,023 ,N13,FutOnly
TETCO M2 Index (Receipts) - ICE FUTURES ENERGY DIV,260728,2026-07-28,0233DW,IFED,01,023 ,   41239,   39587,   36364,       0,    1891,       0,       0,       0,       0,       0,    1510,       0,   39587,   39765,    1652,    1474,   41239,   39587,   36364,       0,    1891,       0,       0,       0,       0,       0,    1510,       0,   39587,   39765,    1652,    1474,       0,       0,       0,       0,       0,       0,       0,       0,       0,       0,       0,       0,       0,       0,       0,       0,    7742,    7498,    6606,       0,     248,       0,       0,    -620,       0,       0,    1510,       0,    7498,    7744,     244,      -2,  100.0,   96.0,   88.2,    0.0,    4.6,    0.0,    0.0,    0.0,    0.0,    0.0,    3.7,    0.0,   96.0,   96.4,    4.0,    3.6,  100.0,   96.0,   88.2,    0.0,    4.6,    0.0,    0.0,    0.0,    0.0,    0.0,    3.7,    0.0,   96.0,   96.4,    4.0,    3.6,  100.0,    0.0,    0.0,    0.0,    0.0,    0.0,    0.0,    0.0,    0.0,    0.0,    0.0,    0.0,    0.0,    0.0,    0.0,    0.0,     29,     13,     15,      0,.,      0,      0,      0,      0,      0,.,      0,     13,     18,     29,     13,     15,      0,.,      0,      0,      0,      0,      0,.,      0,     13,     18,      0,      0,      0,      0,      0,      0,      0,      0,      0,      0,      0,      0,      0,      0,    72.3,    53.3,    88.9,    73.5,    72.3,    53.3,    88.9,    73.5,    72.3,    53.3,    88.9,    73.5,    72.3,    53.3,    88.9,    73.5,     0.0,     0.0,     0.0,     0.0,     0.0,     0.0,     0.0,     0.0,2500 MM Btus,0233DW,IFED,023 ,N13,FutOnly
REX ZONE 3 BASIS - ICE FUTURES ENERGY DIV,260728,2026-07-28,0233EB,IFED,01,023 ,  268506,  217878,  134267,   15190,   98013,    8376,    8917,    7213,    7644,    2104,    3985,    3297,  263406,  262795,    5100,    5711,  268506,  217878,  134267,   15190,   98013,    8376,    8917,    7213,    7644,    2104,    3985,    3297,  263406,  262795,    5100,    5711,       0,       0,       0,       0,       0,       0,       0,       0,       0,       0,       0,       0,       0,       0,       0,       0,    6896,     347,    6235,     464,     -92,       0,    4237,    -244,      98,    1485,     404,       7,    6638,    6408,     258,     488,  100.0,   81.1,   50.0,    5.7,   36.5,    3.1,    3.3,    2.7,    2.8,    0.8,    1.5,    1.2,   98.1,   97.9,    1.9,    2.1,  100.0,   81.1,   50.0,    5.7,   36.5,    3.1,    3.3,    2.7,    2.8,    0.8,    1.5,    1.2,   98.1,   97.9,    1.9,    2.1,  100.0,    0.0,    0.0,    0.0,    0.0,    0.0,    0.0,    0.0,    0.0,    0.0,    0.0,    0.0,    0.0,    0.0,    0.0,    0.0,     62,     31,     28,.,     11,.,.,.,      5,.,      4,.,     44,     51,     62,     31,     28,.,     11,.,.,.,      5,.,      4,.,     44,     51,      0,      0,      0,      0,      0,      0,      0,      0,      0,      0,      0,      0,      0,      0,    39.0,    34.1,    59.5,    52.4,    36.1,    33.5,    55.4,    50.3,    39.0,    34.1,    59.5,    52.4,    36.1,    33.5,    55.4,    50.3,     0.0,     0.0,     0.0,     0.0,     0.0,     0.0,     0.0,     0.0,2500 MMBtus,0233EB,IFED,023 ,N13,FutOnly
REX ZONE 3 INDEX - ICE FUTURES ENERGY DIV,260728,2026-07-28,0233ED,IFED,01,023 ,   38898,   23403,   32210,   10775,    3198,     185,    1457,    1333,       0,     651,       0,       0,   36471,   36926,    2427,    1972,   38898,   23403,   32210,   10775,    3198,     185,    1457,    1333,       0,     651,       0,       0,   36471,   36926,    2427,    1972,       0,       0,       0,       0,       0,       0,       0,       0,       0,       0,       0,       0,       0,       0,       0,       0,    5549,    3069,    5394,     465,       0,       0,    1147,     -62,    -186,     651,       0,       0,    5146,    5146,     403,     403,  100.0,   60.2,   82.8,   27.7,    8.2,    0.5,    3.7,    3.4,    0.0,    1.7,    0.0,    0.0,   93.8,   94.9,    6.2,    5.1,  100.0,   60.2,   82.8,   27.7,    8.2,    0.5,    3.7,    3.4,    0.0,    1.7,    0.0,    0.0,   93.8,   94.9,    6.2,    5.1,  100.0,    0.0,    0.0,    0.0,    0.0,    0.0,    0.0,    0.0,    0.0,    0.0,    0.0,    0.0,    0.0,    0.0,    0.0,    0.0,     28,     12,     18,.,.,.,.,.,      0,.,      0,      0,     17,     21,     28,     12,     18,.,.,.,.,.,      0,.,      0,      0,     17,     21,      0,      0,      0,      0,      0,      0,      0,      0,      0,      0,      0,      0,      0,      0,    66.5,    36.4,    79.1,    64.4,    55.2,    33.5,    63.9,    55.4,    66.5,    36.4,    79.1,    64.4,    55.2,    33.5,    63.9,    55.4,     0.0,     0.0,     0.0,     0.0,     0.0,     0.0,     0.0,     0.0,2500 MMBtus,0233ED,IFED,023 ,N13,FutOnly
NAT GAS TETCO-WLA INDEX - ICE FUTURES ENERGY DIV,260728,2026-07-28,0233EP,IFED,01,023 ,   27521,   26502,   14761,     616,     496,     403,       0,   11861,       0,       0,       0,       0,   27521,   27521,       0,       0,   27521,   26502,   14761,     616,     496,     403,       0,   11861,       0,       0,       0,       0,   27521,   27521,       0,       0,       0,       0,       0,       0,       0,       0,       0,       0,       0,       0,       0,       0,       0,       0,       0,       0,.,.,.,.,.,.,.,.,.,.,.,.,.,.,.,.,  100.0,   96.3,   53.6,    2.2,    1.8,    1.5,    0.0,   43.1,    0.0,    0.0,    0.0,    0.0,  100.0,  100.0,    0.0,    0.0,  100.0,   96.3,   53.6,    2.2,    1.8,    1.5,    0.0,   43.1,    0.0,    0.0,    0.0,    0.0,  100.0,  100.0,    0.0,    0.0,  100.0,    0.0,    0.0,    0.0,    0.0,    0.0,    0.0,    0.0,    0.0,    0.0,    0.0,    0.0,    0.0,    0.0,    0.0,    0.0,     20,     10,      5,.,.,.,      0,.,      0,      0,      0,      0,     12,      9,     20,     10,      5,.,.,.,      0,.,      0,      0,      0,      0,     12,      9,      0,      0,      0,      0,      0,      0,      0,      0,      0,      0,      0,      0,      0,      0,    68.6,    87.0,    91.4,    98.9,    68.6,    87.0,    91.4,    97.4,    68.6,    87.0,    91.4,    98.9,    68.6,    87.0,    91.4,    97.4,     0.0,     0.0,     0.0,     0.0,     0.0,     0.0,     0.0,     0.0,2500 MMBtus,0233EP,IFED,023 ,N13,FutOnly
Transco Zone 5 South Basis - ICE FUTURES ENERGY DIV,260728,2026-07-28,0233FJ,IFED,01,023 ,  159258,   86116,  133640,   24626,    6732,    8707,   27920,    2114,     306,     661,    1384,      70,  148406,  152953,   10852,    6305,  159258,   86116,  133640,   24626,    6732,    8707,   27920,    2114,     306,     661,    1384,      70,  148406,  152953,   10852,    6305,       0,       0,       0,       0,       0,       0,       0,       0,       0,       0,       0,       0,       0,       0,       0,       0,    5020,    4841,    4616,   -1276,       0,       0,      54,       0,       0,      58,       0,       9,    3686,    4625,    1334,     395,  100.0,   54.1,   83.9,   15.5,    4.2,    5.5,   17.5,    1.3,    0.2,    0.4,    0.9,    0.0,   93.2,   96.0,    6.8,    4.0,  100.0,   54.1,   83.9,   15.5,    4.2,    5.5,   17.5,    1.3,    0.2,    0.4,    0.9,    0.0,   93.2,   96.0,    6.8,    4.0,  100.0,    0.0,    0.0,    0.0,    0.0,    0.0,    0.0,    0.0,    0.0,    0.0,    0.0,    0.0,    0.0,    0.0,    0.0,    0.0,     44,     20,     28,.,.,.,.,.,.,.,.,.,     29,     35,     44,     20,     28,.,.,.,.,.,.,.,.,.,     29,     35,      0,      0,      0,      0,      0,      0,      0,      0,      0,      0,      0,      0,      0,      0,    45.9,    46.1,    71.3,    65.8,    45.3,    44.5,    66.2,    59.3,    45.9,    46.1,    71.3,    65.8,    45.3,    44.5,    66.2,    59.3,     0.0,     0.0,     0.0,     0.0,     0.0,     0.0,     0.0,     0.0,2500 MMBtus,0233FJ,IFED,023 ,N13,FutOnly
NAT GAS NYME - NEW YORK MERCANTILE EXCHANGE,260728,2026-07-28,023651,NYME,01,023 , 1672441,  222959,  239976,  215279,   18598,  112186,  238465,  344291,  558221,   52878,  137851,  217797, 1617785, 1628920,   54656,   43521, 1672441,  222959,  239976,  215279,   18598,  112186,  238465,  344291,  558221,   52878,  137851,  217797, 1617785, 1628920,   54656,   43521,       0,       0,       0,       0,       0,       0,       0,       0,       0,       0,       0,       0,       0,       0,       0,       0,   -6994,     848,  -15242,    4673,     201,    -922,    4487,    7557,   -4376,   -8350,    8241,    -338,   -3978,   -4879,   -3016,   -2115,  100.0,   13.3,   14.3,   12.9,    1.1,    6.7,   14.3,   20.6,   33.4,    3.2,    8.2,   13.0,   96.7,   97.4,    3.3,    2.6,  100.0,   13.3,   14.3,   12.9,    1.1,    6.7,   14.3,   20.6,   33.4,    3.2,    8.2,   13.0,   96.7,   97.4,    3.3,    2.6,  100.0,    0.0,    0.0,    0.0,    0.0,    0.0,    0.0,    0.0,    0.0,    0.0,    0.0,    0.0,    0.0,    0.0,    0.0,    0.0,    327,     46,     41,     27,      9,     25,     65,     67,     82,     53,     48,     75,    295,    252,    327,     46,     41,     27,      9,     25,     65,     67,     82,     53,     48,     75,    295,    252,      0,      0,      0,      0,      0,      0,      0,      0,      0,      0,      0,      0,      0,      0,    18.1,    25.3,    27.8,    36.5,     9.4,    11.1,    14.3,    15.4,    18.1,    25.3,    27.8,    36.5,     9.4,    11.1,    14.3,    15.4,     0.0,     0.0,     0.0,     0.0,     0.0,     0.0,     0.0,     0.0,"(Contracts of 10,000 MMBTU'S)",023651,NYME,023 ,N13,FutOnly
HENRY HUB LAST DAY FIN - NEW YORK MERCANTILE EXCHANGE,260728,2026-07-28,023A55,NYME,01,023 ,  431977,  149749,   52703,   31479,  167288,   24035,   43813,   18897,   22452,   75180,   78187,   60475,  407183,  424037,   24794,    7940,  431977,  149749,   52703,   31479,  167288,   24035,   43813,   18897,   22452,   75180,   78187,   60475,  407183,  424037,   24794,    7940,       0,       0,       0,       0,       0,       0,       0,       0,       0,       0,       0,       0,       0,       0,       0,       0,   13012,    6054,   10972,     699,    5844,     423,    3693,    4017,     919,    1176,   -8035,      67,   13031,   14207,     -19,   -1195,  100.0,   34.7,   12.2,    7.3,   38.7,    5.6,   10.1,    4.4,    5.2,   17.4,   18.1,   14.0,   94.3,   98.2,    5.7,    1.8,  100.0,   34.7,   12.2,    7.3,   38.7,    5.6,   10.1,    4.4,    5.2,   17.4,   18.1,   14.0,   94.3,   98.2,    5.7,    1.8,  100.0,    0.0,    0.0,    0.0,    0.0,    0.0,    0.0,    0.0,    0.0,    0.0,    0.0,    0.0,    0.0,    0.0,    0.0,    0.0,    101,     31,     25,     14,     11,     18,      7,      7,     11,     18,     10,     23,     96,     79,    101,     31,     25,     14,     11,     18,      7,      7,     11,     18,     10,     23,     96,     79,      0,      0,      0,      0,      0,      0,      0,      0,      0,      0,      0,      0,      0,      0,    17.9,    39.1,    30.9,    53.0,    14.9,    37.4,    25.5,    49.5,    17.9,    39.1,    30.9,    53.0,    14.9,    37.4,    25.5,    49.5,     0.0,     0.0,     0.0,     0.0,     0.0,     0.0,     0.0,     0.0,"(Contracts of 10,000 MMBTU'S)",023A55,NYME,023 ,N13,FutOnly
HENRY HUB PENULTIMATE FIN - NEW YORK MERCANTILE EXCHANGE,260728,2026-07-28,023A56,NYME,01,023 ,  256044,   33580,   60139,   87227,   54116,   35893,   33040,   18475,   18551,   10120,   30470,   31406,  249817,  249050,    6227,    6994,  256044,   33580,   60139,   87227,   54116,   35893,   33040,   18475,   18551,   10120,   30470,   31406,  249817,  249050,    6227,    6994,       0,       0,       0,       0,       0,       0,       0,       0,       0,       0,       0,       0,       0,       0,       0,       0,   17499,    6034,    5685,    6627,    -870,    2464,     918,    5820,     391,   -5591,    -637,    5140,   15983,   17993,    1516,    -494,  100.0,   13.1,   23.5,   34.1,   21.1,   14.0,   12.9,    7.2,    7.2,    4.0,   11.9,   12.3,   97.6,   97.3,    2.4,    2.7,  100.0,   13.1,   23.5,   34.1,   21.1,   14.0,   12.9,    7.2,    7.2,    4.0,   11.9,   12.3,   97.6,   97.3,    2.4,    2.7,  100.0,    0.0,    0.0,    0.0,    0.0,    0.0,    0.0,    0.0,    0.0,    0.0,    0.0,    0.0,    0.0,    0.0,    0.0,    0.0,     77,     14,     16,     11,      8,     14,     10,      7,     13,      9,     15,     22,     70,     69,     77,     14,     16,     11,      8,     14,     10,      7,     13,      9,     15,     22,     70,     69,      0,      0,      0,      0,      0,      0,      0,      0,      0,      0,      0,      0,      0,      0,    26.2,    32.8,    44.5,    46.3,    25.4,    24.1,    38.3,    31.7,    26.2,    32.8,    44.5,    46.3,    25.4,    24.1,    38.3,    31.7,     0.0,     0.0,     0.0,     0.0,     0.0,     0.0,     0.0,     0.0,"(Contracts of 10,000 MMBTU'S)",023A56,NYME,023 ,N13,FutOnly
ETHANOL T2 FOB INCL DUTY - NEW YORK MERCANTILE EXCHANGE,260728,2026-07-28,025608,NYME,01,025 ,    3758,    3439,    3467,       0,      33,       9,       0,       0,       0,       0,     155,       0,    3448,    3664,     310,      94,    3758,    3439,    3467,       0,      33,       9,       0,       0,       0,       0,     155,       0,    3448,    3664,     310,      94,       0,       0,       0,       0,       0,       0,       0,       0,       0,       0,       0,       0,       0,       0,       0,       0,     165,     167,     163,       0,       0,       0,       0,       0,       0,       0,       0,       0,     167,     163,      -2,       2,  100.0,   91.5,   92.3,    0.0,    0.9,    0.2,    0.0,    0.0,    0.0,    0.0,    4.1,    0.0,   91.8,   97.5,    8.2,    2.5,  100.0,   91.5,   92.3,    0.0,    0.9,    0.2,    0.0,    0.0,    0.0,    0.0,    4.1,    0.0,   91.8,   97.5,    8.2,    2.5,  100.0,    0.0,    0.0,    0.0,    0.0,    0.0,    0.0,    0.0,    0.0,    0.0,    0.0,    0.0,    0.0,    0.0,    0.0,    0.0,     28,     22,     21,      0,.,.,      0,      0,      0,      0,.,      0,     23,     24,     28,     22,     21,      0,.,.,      0,      0,      0,      0,.,      0,     23,     24,      0,      0,      0,      0,      0,      0,      0,      0,      0,      0,      0,      0,      0,      0,    48.6,    51.3,    69.2,    71.0,    33.1,    30.7,    42.8,    45.3,    48.6,    51.3,    69.2,    71.0,    33.1,    30.7,    42.8,    45.3,     0.0,     0.0,     0.0,     0.0,     0.0,     0.0,     0.0,     0.0,(100 CUBIC METERS),025608,NYME,025 ,N10,FutOnly
ETHANOL - NEW YORK MERCANTILE EXCHANGE,260728,2026-07-28,025651,NYME,01,025 ,   47696,   36728,   41146,     991,    2559,     627,    5628,     224,     100,    1399,     539,    1811,   47284,   47006,     412,     690,   47696,   36728,   41146,     991,    2559,     627,    5628,     224,     100,    1399,     539,    1811,   47284,   47006,     412,     690,       0,       0,       0,       0,       0,       0,       0,       0,       0,       0,       0,       0,       0,       0,       0,       0,    2234,    1708,    2110,      25,    -224,     320,      54,      73,     -25,     202,      48,      42,    2326,    2344,     -92,    -110,  100.0,   77.0,   86.3,    2.1,    5.4,    1.3,   11.8,    0.5,    0.2,    2.9,    1.1,    3.8,   99.1,   98.6,    0.9,    1.4,  100.0,   77.0,   86.3,    2.1,    5.4,    1.3,   11.8,    0.5,    0.2,    2.9,    1.1,    3.8,   99.1,   98.6,    0.9,    1.4,  100.0,    0.0,    0.0,    0.0,    0.0,    0.0,    0.0,    0.0,    0.0,    0.0,    0.0,    0.0,    0.0,    0.0,    0.0,    0.0,    124,     50,     66,      4,      4,      4,     18,      4,.,     10,      6,      9,     89,     90,    124,     50,     66,      4,      4,      4,     18,      4,.,     10,      6,      9,     89,     90,      0,      0,      0,      0,      0,      0,      0,      0,      0,      0,      0,      0,      0,      0,    31.7,    27.8,    48.9,    44.5,    13.0,    12.6,    20.6,    20.6,    31.7,    27.8,    48.9,    44.5,    13.0,    12.6,    20.6,    20.6,     0.0,     0.0,     0.0,     0.0,     0.0,     0.0,     0.0,     0.0,"(CONTRACTS OF 42,000 U.S. GALLONS)",025651,NYME,025 ,N10,FutOnly
SOYBEAN MEAL - CHICAGO BOARD OF TRADE,260728,2026-07-28,026603,CBT ,00,026 ,  621646,  120638,  377997,  122643,   10118,    7206,  131677,   43981,   77921,   48885,   12876,   63098,  572068,  593197,   49578,   28449,  104424,   37165,   76622,    5481,    1894,     916,   34983,   11329,     208,   14485,    5195,    1256,   94494,   97420,    9930,    7004,  517222,   83473,  301375,  118787,    9849,    4665,  117745,   53703,   56662,   45151,   18432,   51091,  477574,  495777,   39648,   21445,    3357,   -3705,    4061,     -85,    1980,   -2475,    1525,  -12695,    6255,   -3886,     489,    5684,    3313,    3299,      44,      58,  100.0,   19.4,   60.8,   19.7,    1.6,    1.2,   21.2,    7.1,   12.5,    7.9,    2.1,   10.2,   92.0,   95.4,    8.0,    4.6,  100.0,   35.6,   73.4,    5.2,    1.8,    0.9,   33.5,   10.8,    0.2,   13.9,    5.0,    1.2,   90.5,   93.3,    9.5,    6.7,  100.0,   16.1,   58.3,   23.0,    1.9,    0.9,   22.8,   10.4,   11.0,    8.7,    3.6,    9.9,   92.3,   95.9,    7.7,    4.1,    329,    103,     92,     23,      6,     16,     68,     33,     58,     46,     19,     39,    288,    227,    218,     67,     75,     15,      7,      6,     37,     11,      5,     24,     17,      9,    154,    120,    315,     90,     77,     23,      6,     14,     59,     38,     49,     42,     23,     35,    263,    202,    10.0,    33.0,    18.1,    41.0,     8.8,    30.1,    16.8,    36.0,    18.6,    35.3,    29.5,    47.5,    15.2,    35.2,    26.0,    44.1,    10.8,    34.0,    20.1,    43.5,    10.0,    31.9,    18.9,    38.6,(CONTRACTS OF 100 TONS),026603,CBT ,026 ,A30,FutOnly
COTTON NO. 2 - ICE FUTURES U.S.,260728,2026-07-28,033661,ICUS,01,033 ,  323777,   43840,  175016,   55649,   24840,   17251,   69842,   23474,   33246,   63198,   16035,   25580,  308606,  315442,   15171,    8335,  300299,   33366,  161940,   56538,   21071,   13910,   65428,   24262,   32266,   62305,   16538,   22151,  285964,  292138,   14335,    8161,   23478,   10474,   13076,    2452,    7110,       0,    5394,     192,       0,    4237,    2841,      85,   22642,   23304,     836,     174,    5952,     839,    -286,    -306,   -1492,    3170,    -926,    -235,    2084,   -1387,    -497,    2740,    6214,    5484,    -262,     468,  100.0,   13.5,   54.1,   17.2,    7.7,    5.3,   21.6,    7.3,   10.3,   19.5,    5.0,    7.9,   95.3,   97.4,    4.7,    2.6,  100.0,   11.1,   53.9,   18.8,    7.0,    4.6,   21.8,    8.1,   10.7,   20.7,    5.5,    7.4,   95.2,   97.3,    4.8,    2.7,  100.0,   44.6,   55.7,   10.4,   30.3,    0.0,   23.0,    0.8,    0.0,   18.0,   12.1,    0.4,   96.4,   99.3,    3.6,    0.7,    342,     46,     48,     25,     14,     13,     80,     37,     59,     95,     27,     40,    285,    201,    341,     41,     47,     26,     12,     13,     77,     41,     58,     93,     30,     38,    279,    197,     90,     17,     20,      6,     13,      0,     11,.,      0,     12,     14,      6,     52,     49,     8.0,    29.1,    14.5,    40.1,     6.8,    26.6,    12.6,    35.6,     7.6,    29.5,    14.1,    40.2,     7.1,    28.0,    13.3,    37.5,    47.5,    42.2,    66.3,    63.4,    47.4,    42.2,    66.3,    63.3,"(CONTRACTS OF 50,000 POUNDS)",033661,ICUS,033 ,A40,FutOnly
HENRY HUB - NEW YORK MERCANTILE EXCHANGE,260728,2026-07-28,03565B,NYME,01,023 ,  401535,   32024,   14096,   21584,  296771,   48579,       0,    6740,       0,  283640,   18326,    1965,  387792,  386477,   13743,   15058,  401535,   32024,   14096,   21584,  296771,   48579,       0,    6740,       0,  283640,   18326,    1965,  387792,  386477,   13743,   15058,       0,       0,       0,       0,       0,       0,       0,       0,       0,       0,       0,       0,       0,       0,       0,       0,    2535,       0,       0,       0,    2935,       0,       0,       0,       0,    2523,    -400,       0,    2523,    2535,      12,       0,  100.0,    8.0,    3.5,    5.4,   73.9,   12.1,    0.0,    1.7,    0.0,   70.6,    4.6,    0.5,   96.6,   96.2,    3.4,    3.8,  100.0,    8.0,    3.5,    5.4,   73.9,   12.1,    0.0,    1.7,    0.0,   70.6,    4.6,    0.5,   96.6,   96.2,    3.4,    3.8,  100.0,    0.0,    0.0,    0.0,    0.0,    0.0,    0.0,    0.0,    0.0,    0.0,    0.0,    0.0,    0.0,    0.0,    0.0,    0.0,     35,      5,      5,.,     12,     12,      0,.,      0,      7,.,.,     26,     25,     35,      5,      5,.,     12,     12,      0,.,      0,      7,.,.,     26,     25,      0,      0,      0,      0,      0,      0,      0,      0,      0,      0,      0,      0,      0,      0,    69.7,    60.4,    82.7,    83.1,    69.2,    57.4,    79.6,    76.2,    69.7,    60.4,    82.7,    83.1,    69.2,    57.4,    79.6,    76.2,     0.0,     0.0,     0.0,     0.0,     0.0,     0.0,     0.0,     0.0,"(Contracts of 2,500  MMBTU'S)",03565B,NYME,023 ,N13,FutOnly
HENRY HUB PENULTIMATE NAT GAS - NEW YORK MERCANTILE EXCHANGE,260728,2026-07-28,03565C,NYME,01,023 ,  117217,   13915,   15093,   22938,   16408,   35954,    6844,    9702,    5357,    6302,   14624,   13664,  104974,  110802,   12243,    6415,  117217,   13915,   15093,   22938,   16408,   35954,    6844,    9702,    5357,    6302,   14624,   13664,  104974,  110802,   12243,    6415,       0,       0,       0,       0,       0,       0,       0,       0,       0,       0,       0,       0,       0,       0,       0,       0,    2783,     -76,       0,    1354,   -1882,    1018,       0,    -356,     356,    -168,    3606,     244,    2728,    2986,      55,    -203,  100.0,   11.9,   12.9,   19.6,   14.0,   30.7,    5.8,    8.3,    4.6,    5.4,   12.5,   11.7,   89.6,   94.5,   10.4,    5.5,  100.0,   11.9,   12.9,   19.6,   14.0,   30.7,    5.8,    8.3,    4.6,    5.4,   12.5,   11.7,   89.6,   94.5,   10.4,    5.5,  100.0,    0.0,    0.0,    0.0,    0.0,    0.0,    0.0,    0.0,    0.0,    0.0,    0.0,    0.0,    0.0,    0.0,    0.0,    0.0,     44,      6,      6,      7,      5,     11,      4,      4,      5,      6,     10,     10,     39,     35,     44,      6,      6,      7,      5,     11,      4,      4,      5,      6,     10,     10,     39,     35,      0,      0,      0,      0,      0,      0,      0,      0,      0,      0,      0,      0,      0,      0,    34.8,    33.9,    50.6,    59.7,    19.9,    23.0,    28.3,    32.0,    34.8,    33.9,    50.6,    59.7,    19.9,    23.0,    28.3,    32.0,     0.0,     0.0,     0.0,     0.0,     0.0,     0.0,     0.0,     0.0,"(Contracts of 2,500  MMBTU'S)",03565C,NYME,023 ,N13,FutOnly
USD Malaysian Crude Palm Oil C - CHICAGO MERCANTILE EXCHANGE,260728,2026-07-28,037021,CME ,00,037 ,   51514,   45696,   38046,     960,    5317,    2778,     120,    4335,       0,    1220,     338,     690,   51464,   51504,      50,      10,   51514,   45696,   38046,     960,    5317,    2778,     120,    4335,       0,    1220,     338,     690,   51464,   51504,      50,      10,       0,       0,       0,       0,       0,       0,       0,       0,       0,       0,       0,       0,       0,       0,       0,       0,    1806,    1540,    1198,       0,     362,     206,       0,      40,       0,      60,       0,       0,    1806,    1806,       0,       0,  100.0,   88.7,   73.9,    1.9,   10.3,    5.4,    0.2,    8.4,    0.0,    2.4,    0.7,    1.3,   99.9,  100.0,    0.1,    0.0,  100.0,   88.7,   73.9,    1.9,   10.3,    5.4,    0.2,    8.4,    0.0,    2.4,    0.7,    1.3,   99.9,  100.0,    0.1,    0.0,  100.0,    0.0,    0.0,    0.0,    0.0,    0.0,    0.0,    0.0,    0.0,    0.0,    0.0,    0.0,    0.0,    0.0,    0.0,    0.0,     28,      9,     10,.,      5,      5,.,.,      0,.,.,.,     21,     21,     28,      9,     10,.,      5,      5,.,.,      0,.,.,.,     21,     21,      0,      0,      0,      0,      0,      0,      0,      0,      0,      0,      0,      0,      0,      0,    81.5,    64.0,    91.5,    88.5,    41.6,    38.7,    45.8,    45.0,    81.5,    64.0,    91.5,    88.5,    41.6,    38.7,    45.8,    45.0,     0.0,     0.0,     0.0,     0.0,     0.0,     0.0,     0.0,     0.0,(CONTRACTS OF 25 METRIC TONS),037021,CME ,037 ,A30,FutOnly
ROUGH RICE - CHICAGO BOARD OF TRADE,260728,2026-07-28,039601,CBT ,00,039 ,   13356,    4335,    7562,     417,       0,       0,    2754,    2400,      94,    1711,    1357,     832,   10143,   12245,    3213,    1111,   13356,    4335,    7562,     417,       0,       0,    2754,    2400,      94,    1711,    1357,     832,   10143,   12245,    3213,    1111,       0,       0,       0,       0,       0,       0,       0,       0,       0,       0,       0,       0,       0,       0,       0,       0,     158,     -42,      23,       1,       0,       0,    -150,     118,      -4,       5,     -32,      63,    -127,     168,     285,     -10,  100.0,   32.5,   56.6,    3.1,    0.0,    0.0,   20.6,   18.0,    0.7,   12.8,   10.2,    6.2,   75.9,   91.7,   24.1,    8.3,  100.0,   32.5,   56.6,    3.1,    0.0,    0.0,   20.6,   18.0,    0.7,   12.8,   10.2,    6.2,   75.9,   91.7,   24.1,    8.3,  100.0,    0.0,    0.0,    0.0,    0.0,    0.0,    0.0,    0.0,    0.0,    0.0,    0.0,    0.0,    0.0,    0.0,    0.0,    0.0,     73,     16,     19,.,      0,      0,     12,      8,      4,     14,      6,      5,     48,     38,     73,     16,     19,.,      0,      0,     12,      8,      4,     14,      6,      5,     48,     38,      0,      0,      0,      0,      0,      0,      0,      0,      0,      0,      0,      0,      0,      0,    25.7,    39.0,    37.4,    58.3,    24.5,    39.0,    34.8,    55.5,    25.7,    39.0,    37.4,    58.3,    24.5,    39.0,    34.8,    55.5,     0.0,     0.0,     0.0,     0.0,     0.0,     0.0,     0.0,     0.0,"(CONTRACTS OF 200,000 POUNDS)",039601,CBT ,039 ,A10,FutOnly
FRZN CONCENTRATED ORANGE JUICE - ICE FUTURES U.S.,260728,2026-07-28,040701,ICUS,01,040 ,    9921,    1703,    2739,     802,     139,      78,    2179,    3759,     248,    2326,     472,     514,    7850,    7949,    2071,    1972,    9134,    1147,    2171,     802,     209,       8,    2206,    3759,     221,    2320,     472,     446,    7150,    7286,    1984,    1848,     787,     556,     568,      70,       0,       0,       0,      27,       0,      74,      68,       0,     700,     663,      87,     124,     241,     -79,    -102,       5,      -9,     -32,      62,     327,      -1,     137,     -36,      62,     154,     209,      87,      32,  100.0,   17.2,   27.6,    8.1,    1.4,    0.8,   22.0,   37.9,    2.5,   23.4,    4.8,    5.2,   79.1,   80.1,   20.9,   19.9,  100.0,   12.6,   23.8,    8.8,    2.3,    0.1,   24.2,   41.2,    2.4,   25.4,    5.2,    4.9,   78.3,   79.8,   21.7,   20.2,  100.0,   70.6,   72.2,    8.9,    0.0,    0.0,    0.0,    3.4,    0.0,    9.4,    8.6,    0.0,   88.9,   84.2,   11.1,   15.8,     55,      9,      5,.,.,.,      9,     14,      4,     13,      4,      4,     37,     30,     55,      9,      5,.,.,.,      9,     14,.,     13,      4,.,     37,     28,     14,      6,.,.,      0,      0,      0,.,      0,.,.,      0,      9,      6,    23.5,    35.8,    39.7,    51.7,    23.5,    35.6,    38.4,    51.5,    25.2,    33.0,    41.2,    50.3,    25.2,    32.8,    39.7,    50.1,    67.7,    80.8,    88.6,    84.2,    64.3,    78.8,    84.5,    80.2,"(CONTRACTS OF 15,000 POUNDS)",040701,ICUS,040 ,A50,FutOnly
BUTTER (CASH SETTLED) - CHICAGO MERCANTILE EXCHANGE,260728,2026-07-28,050642,CME ,00,050 ,   18727,   10641,   10079,    4825,     986,    1679,       0,     294,     183,     226,    4770,     519,   18073,   18510,     654,     217,   18727,   10641,   10079,    4825,     986,    1679,       0,     294,     183,     226,    4770,     519,   18073,   18510,     654,     217,       0,       0,       0,       0,       0,       0,       0,       0,       0,       0,       0,       0,       0,       0,       0,       0,    1161,     721,     854,     309,     -14,     -47,       0,     -21,      94,      10,     270,      89,    1176,    1225,     -15,     -64,  100.0,   56.8,   53.8,   25.8,    5.3,    9.0,    0.0,    1.6,    1.0,    1.2,   25.5,    2.8,   96.5,   98.8,    3.5,    1.2,  100.0,   56.8,   53.8,   25.8,    5.3,    9.0,    0.0,    1.6,    1.0,    1.2,   25.5,    2.8,   96.5,   98.8,    3.5,    1.2,  100.0,    0.0,    0.0,    0.0,    0.0,    0.0,    0.0,    0.0,    0.0,    0.0,    0.0,    0.0,    0.0,    0.0,    0.0,    0.0,     62,     34,     24,      6,.,      5,      0,.,.,      4,      6,      6,     50,     40,     62,     34,     24,      6,.,      5,      0,.,.,      4,      6,      6,     50,     40,      0,      0,      0,      0,      0,      0,      0,      0,      0,      0,      0,      0,      0,      0,    39.1,    34.4,    54.3,    58.1,    33.3,    33.2,    46.2,    52.2,    39.1,    34.4,    54.3,    58.1,    33.3,    33.2,    46.2,    52.2,     0.0,     0.0,     0.0,     0.0,     0.0,     0.0,     0.0,     0.0,"(CONTRACTS OF 20,000 POUNDS)",050642,CME ,050 ,A25,FutOnly
"MILK, Class III - CHICAGO MERCANTILE EXCHANGE",260728,2026-07-28,052641,CME ,00,052 ,   32719,   13494,   11991,   11116,    2415,     743,     144,    3868,     444,    3184,    7384,    1368,   30493,   28213,    2226,    4506,   32719,   13494,   11991,   11116,    2415,     743,     144,    3868,     444,    3184,    7384,    1368,   30493,   28213,    2226,    4506,       0,       0,       0,       0,       0,       0,       0,       0,       0,       0,       0,       0,       0,       0,       0,       0,    1113,    1090,     124,     -51,     146,      19,      22,    -634,     134,     -98,     808,     245,    1361,     842,    -248,     271,  100.0,   41.2,   36.6,   34.0,    7.4,    2.3,    0.4,   11.8,    1.4,    9.7,   22.6,    4.2,   93.2,   86.2,    6.8,   13.8,  100.0,   41.2,   36.6,   34.0,    7.4,    2.3,    0.4,   11.8,    1.4,    9.7,   22.6,    4.2,   93.2,   86.2,    6.8,   13.8,  100.0,    0.0,    0.0,    0.0,    0.0,    0.0,    0.0,    0.0,    0.0,    0.0,    0.0,    0.0,    0.0,    0.0,    0.0,    0.0,     87,     28,     24,      5,.,.,.,     13,.,      8,     17,     13,     55,     60,     87,     28,     24,      5,.,.,.,     13,.,      8,     17,     13,     55,     60,      0,      0,      0,      0,      0,      0,      0,      0,      0,      0,      0,      0,      0,      0,    47.3,    26.6,    62.9,    44.6,    47.3,    24.5,    62.9,    39.1,    47.3,    26.6,    62.9,    44.6,    47.3,    24.5,    62.9,    39.1,     0.0,     0.0,     0.0,     0.0,     0.0,     0.0,     0.0,     0.0,"(CONTRACTS OF 200,000 POUNDS)",052641,CME ,052 ,A25,FutOnly
NON FAT DRY MILK - CHICAGO MERCANTILE EXCHANGE,260728,2026-07-28,052642,CME ,00,052 ,   12338,    8681,    4977,    1826,     787,     476,       0,     468,     276,     195,    5084,      92,   11546,   12160,     792,     178,   12338,    8681,    4977,    1826,     787,     476,       0,     468,     276,     195,    5084,      92,   11546,   12160,     792,     178,       0,       0,       0,       0,       0,       0,       0,       0,       0,       0,       0,       0,       0,       0,       0,       0,     273,     382,     -45,    -223,     -77,     136,       0,     100,     -25,       0,     203,      12,     282,     304,      -9,     -31,  100.0,   70.4,   40.3,   14.8,    6.4,    3.9,    0.0,    3.8,    2.2,    1.6,   41.2,    0.7,   93.6,   98.6,    6.4,    1.4,  100.0,   70.4,   40.3,   14.8,    6.4,    3.9,    0.0,    3.8,    2.2,    1.6,   41.2,    0.7,   93.6,   98.6,    6.4,    1.4,  100.0,    0.0,    0.0,    0.0,    0.0,    0.0,    0.0,    0.0,    0.0,    0.0,    0.0,    0.0,    0.0,    0.0,    0.0,    0.0,     53,     34,     20,      5,.,      5,      0,.,.,.,      6,.,     46,     34,     53,     34,     20,      5,.,      5,      0,.,.,.,      6,.,     46,     34,      0,      0,      0,      0,      0,      0,      0,      0,      0,      0,      0,      0,      0,      0,    30.2,    38.0,    48.6,    60.1,    30.2,    37.8,    46.8,    57.1,    30.2,    38.0,    48.6,    60.1,    30.2,    37.8,    46.8,    57.1,     0.0,     0.0,     0.0,     0.0,     0.0,     0.0,     0.0,     0.0,"(CONTRACTS OF 44,000 LBS.)",052642,CME ,052 ,A25,FutOnly
CME MILK IV - CHICAGO MERCANTILE EXCHANGE,260728,2026-07-28,052644,CME ,00,052 ,   10882,    4147,    6473,    2339,    1076,      23,       0,      89,      64,    3647,    2124,     468,   10688,   10317,     194,     565,   10882,    4147,    6473,    2339,    1076,      23,       0,      89,      64,    3647,    2124,     468,   10688,   10317,     194,     565,       0,       0,       0,       0,       0,       0,       0,       0,       0,       0,       0,       0,       0,       0,       0,       0,     514,     351,    -252,      19,     173,      16,       0,     -16,      12,    -104,     563,      84,     378,     580,     136,     -66,  100.0,   38.1,   59.5,   21.5,    9.9,    0.2,    0.0,    0.8,    0.6,   33.5,   19.5,    4.3,   98.2,   94.8,    1.8,    5.2,  100.0,   38.1,   59.5,   21.5,    9.9,    0.2,    0.0,    0.8,    0.6,   33.5,   19.5,    4.3,   98.2,   94.8,    1.8,    5.2,  100.0,    0.0,    0.0,    0.0,    0.0,    0.0,    0.0,    0.0,    0.0,    0.0,    0.0,    0.0,    0.0,    0.0,    0.0,    0.0,     42,      7,     23,.,.,.,      0,.,.,      4,      5,      4,     17,     34,     42,      7,     23,.,.,.,      0,.,.,      4,      5,      4,     17,     34,      0,      0,      0,      0,      0,      0,      0,      0,      0,      0,      0,      0,      0,      0,    81.0,    51.7,    93.5,    73.1,    81.0,    51.4,    89.4,    70.6,    81.0,    51.7,    93.5,    73.1,    81.0,    51.4,    89.4,    70.6,     0.0,     0.0,     0.0,     0.0,     0.0,     0.0,     0.0,     0.0,"(CONTRACTS OF 200,000 POUNDS)",052644,CME ,052 ,A25,FutOnly
DRY WHEY - CHICAGO MERCANTILE EXCHANGE,260728,2026-07-28,052645,CME ,00,063 ,    4079,    2622,     743,     841,    1104,       0,       0,     170,      10,       0,    1658,      16,    3489,    3701,     590,     378,    4079,    2622,     743,     841,    1104,       0,       0,     170,      10,       0,    1658,      16,    3489,    3701,     590,     378,       0,       0,       0,       0,       0,       0,       0,       0,       0,       0,       0,       0,       0,       0,       0,       0,      63,      48,      36,       0,      33,       0,       0,      18,       1,       0,     -19,       0,      49,      69,      14,      -6,  100.0,   64.3,   18.2,   20.6,   27.1,    0.0,    0.0,    4.2,    0.2,    0.0,   40.6,    0.4,   85.5,   90.7,   14.5,    9.3,  100.0,   64.3,   18.2,   20.6,   27.1,    0.0,    0.0,    4.2,    0.2,    0.0,   40.6,    0.4,   85.5,   90.7,   14.5,    9.3,  100.0,    0.0,    0.0,    0.0,    0.0,    0.0,    0.0,    0.0,    0.0,    0.0,    0.0,    0.0,    0.0,    0.0,    0.0,    0.0,     20,     10,      5,.,.,      0,      0,.,.,      0,      5,.,     14,     12,     20,     10,      5,.,.,      0,      0,.,.,      0,      5,.,     14,     12,      0,      0,      0,      0,      0,      0,      0,      0,      0,      0,      0,      0,      0,      0,    59.9,    61.3,    79.0,    80.6,    59.9,    61.3,    75.1,    79.5,    59.9,    61.3,    79.0,    80.6,    59.9,    61.3,    75.1,    79.5,     0.0,     0.0,     0.0,     0.0,     0.0,     0.0,     0.0,     0.0,"(CONTRACTS OF 44,000 LBS.)",052645,CME ,063 ,A25,FutOnly
LEAN HOGS - CHICAGO MERCANTILE EXCHANGE,260728,2026-07-28,054642,CME ,00,054 ,  268375,   36286,   61829,   73058,    4403,    2837,   52484,   71602,   49262,   18416,   41728,   16651,  248994,  248312,   19381,   20063,  152914,   19635,   27266,   38082,    3014,     167,   48396,   76388,   10200,   17356,   16948,    7490,  141326,  141473,   11588,   11441,  115461,   16651,   34563,   36172,    2585,    1474,   36025,   27151,    7125,    6294,   30014,    3927,  107668,  106839,    7793,    8622,     809,    -351,    4511,    -188,     330,     616,    4477,   -4196,     734,    1967,    4268,   -5393,    1862,     870,   -1053,     -61,  100.0,   13.5,   23.0,   27.2,    1.6,    1.1,   19.6,   26.7,   18.4,    6.9,   15.5,    6.2,   92.8,   92.5,    7.2,    7.5,  100.0,   12.8,   17.8,   24.9,    2.0,    0.1,   31.6,   50.0,    6.7,   11.4,   11.1,    4.9,   92.4,   92.5,    7.6,    7.5,  100.0,   14.4,   29.9,   31.3,    2.2,    1.3,   31.2,   23.5,    6.2,    5.5,   26.0,    3.4,   93.3,   92.5,    6.7,    7.5,    328,     57,     70,     16,      8,     11,     57,     61,     63,     37,     40,     49,    240,    248,    306,     41,     54,     16,      8,.,     54,     64,     37,     40,     43,     30,    191,    200,    226,     36,     58,     16,      6,      9,     45,     26,     31,     27,     28,     29,    154,    163,    16.6,    15.2,    26.1,    25.1,    16.2,    14.5,    25.2,    23.8,    17.8,    16.9,    28.4,    28.8,    17.6,    16.9,    28.0,    28.8,    17.4,    21.3,    31.7,    33.6,    16.8,    21.1,    30.2,    33.5,"(CONTRACTS OF 40,000 POUNDS)",054642,CME ,054 ,A20,FutOnly
LIVE CATTLE - CHICAGO MERCANTILE EXCHANGE,260728,2026-07-28,057642,CME ,00,057 ,  298449,   41461,  140446,   68622,    7026,    2164,   84907,   17882,   46200,   13899,   36601,   15582,  272835,  265901,   25614,   32548,  298449,   41461,  140446,   68622,    7026,    2164,   84907,   17882,   46200,   13899,   36601,   15582,  272835,  265901,   25614,   32548,       0,       0,       0,       0,       0,       0,       0,       0,       0,       0,       0,       0,       0,       0,       0,       0,   -4640,    4340,   -8696,   -1239,     261,   -1252,   -5312,    3344,    -214,     963,    2998,     812,   -1902,   -2747,   -2738,   -1893,  100.0,   13.9,   47.1,   23.0,    2.4,    0.7,   28.4,    6.0,   15.5,    4.7,   12.3,    5.2,   91.4,   89.1,    8.6,   10.9,  100.0,   13.9,   47.1,   23.0,    2.4,    0.7,   28.4,    6.0,   15.5,    4.7,   12.3,    5.2,   91.4,   89.1,    8.6,   10.9,  100.0,    0.0,    0.0,    0.0,    0.0,    0.0,    0.0,    0.0,    0.0,    0.0,    0.0,    0.0,    0.0,    0.0,    0.0,    0.0,    378,     91,    140,     17,      6,      9,     76,     28,     59,     38,     33,     47,    278,    290,    378,     91,    140,     17,      6,      9,     76,     28,     59,     38,     33,     47,    278,    290,      0,      0,      0,      0,      0,      0,      0,      0,      0,      0,      0,      0,      0,      0,    14.6,    15.3,    23.1,    25.3,    13.6,    14.1,    21.1,    23.4,    14.6,    15.3,    23.1,    25.3,    13.6,    14.1,    21.1,    23.4,     0.0,     0.0,     0.0,     0.0,     0.0,     0.0,     0.0,     0.0,"(CONTRACTS OF 40,000 POUNDS)",057642,CME ,057 ,A20,FutOnly
LUMBER - CHICAGO MERCANTILE EXCHANGE,260728,2026-07-28,058644,CME ,00,058 ,    8203,    2251,    4486,     587,    1020,       0,    2879,     925,      13,    1492,    1191,      64,    7286,    7699,     917,     504,    8203,    2251,    4486,     587,    1020,       0,    2879,     925,      13,    1492,    1191,      64,    7286,    7699,     917,     504,       0,       0,       0,       0,       0,       0,       0,       0,       0,       0,       0,       0,       0,       0,       0,       0,    1265,     448,    1085,      -2,      49,       0,    1133,     -66,       8,    -255,     243,      64,    1396,    1383,    -131,    -118,  100.0,   27.4,   54.7,    7.2,   12.4,    0.0,   35.1,   11.3,    0.2,   18.2,   14.5,    0.8,   88.8,   93.9,   11.2,    6.1,  100.0,   27.4,   54.7,    7.2,   12.4,    0.0,   35.1,   11.3,    0.2,   18.2,   14.5,    0.8,   88.8,   93.9,   11.2,    6.1,  100.0,    0.0,    0.0,    0.0,    0.0,    0.0,    0.0,    0.0,    0.0,    0.0,    0.0,    0.0,    0.0,    0.0,    0.0,    0.0,     77,     12,     20,.,.,      0,     20,      6,.,     10,     10,      4,     47,     41,     77,     12,     20,.,.,      0,     20,      6,.,     10,     10,      4,     47,     41,      0,      0,      0,      0,      0,      0,      0,      0,      0,      0,      0,      0,      0,      0,    28.3,    46.1,    47.5,    62.8,    28.3,    43.6,    47.5,    60.3,    28.3,    46.1,    47.5,    62.8,    28.3,    43.6,    47.5,    60.3,     0.0,     0.0,     0.0,     0.0,     0.0,     0.0,     0.0,     0.0,"(CONTRACTS OF 27,500 BOARD FEET)",058644,CME ,058 ,N30,FutOnly
FEEDER CATTLE - CHICAGO MERCANTILE EXCHANGE,260728,2026-07-28,061641,CME ,00,061 ,   66369,    7533,   11895,    8128,    1059,    2016,   17153,    8166,    9592,    2525,   12519,    9642,   56589,   54889,    9780,   11480,   66369,    7533,   11895,    8128,    1059,    2016,   17153,    8166,    9592,    2525,   12519,    9642,   56589,   54889,    9780,   11480,       0,       0,       0,       0,       0,       0,       0,       0,       0,       0,       0,       0,       0,       0,       0,       0,     864,      -6,    1200,      46,      57,     302,    -889,    -531,   -1190,     509,    -845,    1572,     344,     565,     520,     299,  100.0,   11.4,   17.9,   12.2,    1.6,    3.0,   25.8,   12.3,   14.5,    3.8,   18.9,   14.5,   85.3,   82.7,   14.7,   17.3,  100.0,   11.4,   17.9,   12.2,    1.6,    3.0,   25.8,   12.3,   14.5,    3.8,   18.9,   14.5,   85.3,   82.7,   14.7,   17.3,  100.0,    0.0,    0.0,    0.0,    0.0,    0.0,    0.0,    0.0,    0.0,    0.0,    0.0,    0.0,    0.0,    0.0,    0.0,    0.0,    270,     60,     72,     13,      5,      9,     48,     19,     27,     29,     38,     47,    197,    188,    270,     60,     72,     13,      5,      9,     48,     19,     27,     29,     38,     47,    197,    188,      0,      0,      0,      0,      0,      0,      0,      0,      0,      0,      0,      0,      0,      0,    13.0,    17.7,    22.3,    27.1,     9.8,    14.5,    17.3,    21.7,    13.0,    17.7,    22.3,    27.1,     9.8,    14.5,    17.3,    21.7,     0.0,     0.0,     0.0,     0.0,     0.0,     0.0,     0.0,     0.0,"(CONTRACTS OF 50,000 POUNDS)",061641,CME ,061 ,A20,FutOnly
CHEESE (CASH-SETTLED) - CHICAGO MERCANTILE EXCHANGE,260728,2026-07-28,063642,CME ,00,063 ,   30981,   16808,   14967,    9540,    3099,    1082,     391,    2233,    1076,     175,    7179,     850,   29922,   30486,    1059,     495,   30981,   16808,   14967,    9540,    3099,    1082,     391,    2233,    1076,     175,    7179,     850,   29922,   30486,    1059,     495,       0,       0,       0,       0,       0,       0,       0,       0,       0,       0,       0,       0,       0,       0,       0,       0,    1228,     457,    1204,     360,    -116,     109,     -33,    -244,      58,     138,      37,     141,    1230,    1189,      -2,      39,  100.0,   54.3,   48.3,   30.8,   10.0,    3.5,    1.3,    7.2,    3.5,    0.6,   23.2,    2.7,   96.6,   98.4,    3.4,    1.6,  100.0,   54.3,   48.3,   30.8,   10.0,    3.5,    1.3,    7.2,    3.5,    0.6,   23.2,    2.7,   96.6,   98.4,    3.4,    1.6,  100.0,    0.0,    0.0,    0.0,    0.0,    0.0,    0.0,    0.0,    0.0,    0.0,    0.0,    0.0,    0.0,    0.0,    0.0,    0.0,     78,     30,     27,.,.,.,      4,     11,.,.,     13,      9,     48,     59,     78,     30,     27,.,.,.,      4,     11,.,.,     13,      9,     48,     59,      0,      0,      0,      0,      0,      0,      0,      0,      0,      0,      0,      0,      0,      0,    49.0,    32.3,    68.7,    51.9,    48.3,    29.2,    67.1,    48.3,    49.0,    32.3,    68.7,    51.9,    48.3,    29.2,    67.1,    48.3,     0.0,     0.0,     0.0,     0.0,     0.0,     0.0,     0.0,     0.0,"(CONTRACTS OF 20,000 POUNDS)",063642,CME ,063 ,A25,FutOnly
MID-C DAY-AHEAD PEAK - ICE FUTURES ENERGY DIV,260728,2026-07-28,064391,IFED,01,064 ,   48072,   28217,   32536,    7395,     175,    2767,    3100,    7240,    1582,    2150,    1234,    2251,   47462,   47785,     610,     287,   48072,   28217,   32536,    7395,     175,    2767,    3100,    7240,    1582,    2150,    1234,    2251,   47462,   47785,     610,     287,       0,       0,       0,       0,       0,       0,       0,       0,       0,       0,       0,       0,       0,       0,       0,       0,     785,     864,    -193,     -32,       0,     195,    -529,     503,     224,     -39,      36,     167,     850,     932,     -65,    -147,  100.0,   58.7,   67.7,   15.4,    0.4,    5.8,    6.4,   15.1,    3.3,    4.5,    2.6,    4.7,   98.7,   99.4,    1.3,    0.6,  100.0,   58.7,   67.7,   15.4,    0.4,    5.8,    6.4,   15.1,    3.3,    4.5,    2.6,    4.7,   98.7,   99.4,    1.3,    0.6,  100.0,    0.0,    0.0,    0.0,    0.0,    0.0,    0.0,    0.0,    0.0,    0.0,    0.0,    0.0,    0.0,    0.0,    0.0,    0.0,     60,     24,     25,      5,.,.,      5,     11,      5,      6,.,      6,     44,     48,     60,     24,     25,      5,.,.,      5,     11,      5,      6,.,      6,     44,     48,      0,      0,      0,      0,      0,      0,      0,      0,      0,      0,      0,      0,      0,      0,    39.7,    43.4,    60.1,    66.0,    35.8,    42.6,    48.7,    60.3,    39.7,    43.4,    60.1,    66.0,    35.8,    42.6,    48.7,    60.3,     0.0,     0.0,     0.0,     0.0,     0.0,     0.0,     0.0,     0.0,(Contracts of about 400 MWh),064391,IFED,064 ,N16,FutOnly
MID-C DAY-AHEAD OFF-PEAK - ICE FUTURES ENERGY DIV,260728,2026-07-28,064392,IFED,01,064 ,   31893,   18155,   20061,    4206,     155,    2374,    1062,    4866,     636,    3399,    2282,    1247,   31079,   31621,     814,     272,   31893,   18155,   20061,    4206,     155,    2374,    1062,    4866,     636,    3399,    2282,    1247,   31079,   31621,     814,     272,       0,       0,       0,       0,       0,       0,       0,       0,       0,       0,       0,       0,       0,       0,       0,       0,     479,      92,     573,      65,       0,    -225,      67,    -516,     326,     185,     352,     -28,     482,     482,      -3,      -3,  100.0,   56.9,   62.9,   13.2,    0.5,    7.4,    3.3,   15.3,    2.0,   10.7,    7.2,    3.9,   97.4,   99.1,    2.6,    0.9,  100.0,   56.9,   62.9,   13.2,    0.5,    7.4,    3.3,   15.3,    2.0,   10.7,    7.2,    3.9,   97.4,   99.1,    2.6,    0.9,  100.0,    0.0,    0.0,    0.0,    0.0,    0.0,    0.0,    0.0,    0.0,    0.0,    0.0,    0.0,    0.0,    0.0,    0.0,    0.0,     41,     22,     21,      4,.,.,.,      4,.,      4,.,.,     34,     35,     41,     22,     21,      4,.,.,.,      4,.,      4,.,.,     34,     35,      0,      0,      0,      0,      0,      0,      0,      0,      0,      0,      0,      0,      0,      0,    43.8,    44.0,    60.0,    69.5,    34.0,    38.5,    46.4,    54.9,    43.8,    44.0,    60.0,    69.5,    34.0,    38.5,    46.4,    54.9,     0.0,     0.0,     0.0,     0.0,     0.0,     0.0,     0.0,     0.0,(Contracts of about 352 MWh),064392,IFED,064 ,N16,FutOnly
PJM WESTERN HUB RT OFF - ICE FUTURES ENERGY DIV,260728,2026-07-28,064394,IFED,01,064 ,  269539,  116563,  160148,    3999,   48921,   12448,   97467,    5415,   14339,    7527,   11757,   15904,  268247,  268932,    1292,     607,  269539,  116563,  160148,    3999,   48921,   12448,   97467,    5415,   14339,    7527,   11757,   15904,  268247,  268932,    1292,     607,       0,       0,       0,       0,       0,       0,       0,       0,       0,       0,       0,       0,       0,       0,       0,       0,    1592,    3126,     602,    -433,     646,     179,    -343,     306,      -4,     664,    1564,   -1659,    1530,    1634,      62,     -42,  100.0,   43.2,   59.4,    1.5,   18.1,    4.6,   36.2,    2.0,    5.3,    2.8,    4.4,    5.9,   99.5,   99.8,    0.5,    0.2,  100.0,   43.2,   59.4,    1.5,   18.1,    4.6,   36.2,    2.0,    5.3,    2.8,    4.4,    5.9,   99.5,   99.8,    0.5,    0.2,  100.0,    0.0,    0.0,    0.0,    0.0,    0.0,    0.0,    0.0,    0.0,    0.0,    0.0,    0.0,    0.0,    0.0,    0.0,    0.0,     83,     33,     29,.,      6,      6,     21,.,      9,     10,      6,     10,     76,     59,     83,     33,     29,.,      6,      6,     21,.,      9,     10,      6,     10,     76,     59,      0,      0,      0,      0,      0,      0,      0,      0,      0,      0,      0,      0,      0,      0,    40.3,    39.7,    54.3,    59.3,    35.9,    31.6,    44.8,    44.4,    40.3,    39.7,    54.3,    59.3,    35.9,    31.6,    44.8,    44.4,     0.0,     0.0,     0.0,     0.0,     0.0,     0.0,     0.0,     0.0,(Contracts of about 352 MWh),064394,IFED,064 ,N16,FutOnly
SP15 FIN DA PEAK FIXED - ICE FUTURES ENERGY DIV,260728,2026-07-28,064395,IFED,01,064 ,  111975,   78312,   53665,   10032,   16600,    3340,     683,   22223,    7703,    8418,    4898,    3385,  111873,  111814,     102,     161,  111975,   78312,   53665,   10032,   16600,    3340,     683,   22223,    7703,    8418,    4898,    3385,  111873,  111814,     102,     161,       0,       0,       0,       0,       0,       0,       0,       0,       0,       0,       0,       0,       0,       0,       0,       0,    2482,    1450,     286,      -7,    -523,     659,     683,     976,      48,    -697,     744,     494,    2630,    2684,    -148,    -202,  100.0,   69.9,   47.9,    9.0,   14.8,    3.0,    0.6,   19.8,    6.9,    7.5,    4.4,    3.0,   99.9,   99.9,    0.1,    0.1,  100.0,   69.9,   47.9,    9.0,   14.8,    3.0,    0.6,   19.8,    6.9,    7.5,    4.4,    3.0,   99.9,   99.9,    0.1,    0.1,  100.0,    0.0,    0.0,    0.0,    0.0,    0.0,    0.0,    0.0,    0.0,    0.0,    0.0,    0.0,    0.0,    0.0,    0.0,    0.0,     75,     30,     27,      4,.,      6,.,     15,.,      9,      7,     11,     55,     61,     75,     30,     27,      4,.,      6,.,     15,.,      9,      7,     11,     55,     61,      0,      0,      0,      0,      0,      0,      0,      0,      0,      0,      0,      0,      0,      0,    45.4,    42.2,    73.3,    61.8,    43.9,    35.7,    64.1,    53.8,    45.4,    42.2,    73.3,    61.8,    43.9,    35.7,    64.1,    53.8,     0.0,     0.0,     0.0,     0.0,     0.0,     0.0,     0.0,     0.0,(Contracts of about 400 MWh),064395,IFED,064 ,N16,FutOnly
CAISO SP-15 DA OFF-PK FIXED - ICE FUTURES ENERGY DIV,260728,2026-07-28,064396,IFED,01,064 ,   85603,   56459,   36993,    4328,    8993,    6872,    7305,    9032,    5590,     500,   13695,    4238,   85292,   85413,     311,     190,   85603,   56459,   36993,    4328,    8993,    6872,    7305,    9032,    5590,     500,   13695,    4238,   85292,   85413,     311,     190,       0,       0,       0,       0,       0,       0,       0,       0,       0,       0,       0,       0,       0,       0,       0,       0,    -169,    -277,     561,     784,     355,    -654,     320,     565,    -360,     -95,    -739,     103,    -179,    -169,      10,       0,  100.0,   66.0,   43.2,    5.1,   10.5,    8.0,    8.5,   10.6,    6.5,    0.6,   16.0,    5.0,   99.6,   99.8,    0.4,    0.2,  100.0,   66.0,   43.2,    5.1,   10.5,    8.0,    8.5,   10.6,    6.5,    0.6,   16.0,    5.0,   99.6,   99.8,    0.4,    0.2,  100.0,    0.0,    0.0,    0.0,    0.0,    0.0,    0.0,    0.0,    0.0,    0.0,    0.0,    0.0,    0.0,    0.0,    0.0,    0.0,     45,     23,     18,      5,.,      6,.,.,.,.,      5,      6,     40,     34,     45,     23,     18,      5,.,      6,.,.,.,.,      5,      6,     40,     34,      0,      0,      0,      0,      0,      0,      0,      0,      0,      0,      0,      0,      0,      0,    47.0,    51.6,    70.3,    75.0,    41.2,    43.6,    56.7,    61.6,    47.0,    51.6,    70.3,    75.0,    41.2,    43.6,    56.7,    61.6,     0.0,     0.0,     0.0,     0.0,     0.0,     0.0,     0.0,     0.0,(Contracts of about 352 MWh),064396,IFED,064 ,N16,FutOnly
PJM AEP DAYTON RT OFF-PK FIXED - ICE FUTURES ENERGY DIV,260728,2026-07-28,06439A,IFED,01,064 ,   55038,   28226,   26733,     653,   11886,    2576,     457,    8876,    1618,   20282,    1671,     790,   54602,   54150,     436,     888,   55038,   28226,   26733,     653,   11886,    2576,     457,    8876,    1618,   20282,    1671,     790,   54602,   54150,     436,     888,       0,       0,       0,       0,       0,       0,       0,       0,       0,       0,       0,       0,       0,       0,       0,       0,     307,     588,    -466,     -23,     350,    -236,     -45,     292,     -30,    -353,     -25,     472,     373,     357,     -66,     -50,  100.0,   51.3,   48.6,    1.2,   21.6,    4.7,    0.8,   16.1,    2.9,   36.9,    3.0,    1.4,   99.2,   98.4,    0.8,    1.6,  100.0,   51.3,   48.6,    1.2,   21.6,    4.7,    0.8,   16.1,    2.9,   36.9,    3.0,    1.4,   99.2,   98.4,    0.8,    1.6,  100.0,    0.0,    0.0,    0.0,    0.0,    0.0,    0.0,    0.0,    0.0,    0.0,    0.0,    0.0,    0.0,    0.0,    0.0,    0.0,     44,     23,     20,.,      6,      7,.,      4,.,      4,.,      5,     40,     38,     44,     23,     20,.,      6,      7,.,      4,.,      4,.,      5,     40,     38,      0,      0,      0,      0,      0,      0,      0,      0,      0,      0,      0,      0,      0,      0,    58.0,    42.4,    70.5,    59.4,    52.5,    38.5,    57.5,    51.0,    58.0,    42.4,    70.5,    59.4,    52.5,    38.5,    57.5,    51.0,     0.0,     0.0,     0.0,     0.0,     0.0,     0.0,     0.0,     0.0,(Contracts of about 352 MWh),06439A,IFED,064 ,N16,FutOnly
PJM AEP DAYTON RT PEAK FIXED - ICE FUTURES ENERGY DIV,260728,2026-07-28,06439B,IFED,01,064 ,   70669,   35459,   36691,    2141,   12266,    3609,    5801,    9972,    2936,   18441,    3243,    1396,   69783,   70113,     886,     556,   70669,   35459,   36691,    2141,   12266,    3609,    5801,    9972,    2936,   18441,    3243,    1396,   69783,   70113,     886,     556,       0,       0,       0,       0,       0,       0,       0,       0,       0,       0,       0,       0,       0,       0,       0,       0,    2680,    3165,    -373,    -371,    2486,     113,    -257,     140,     140,     -14,      68,     162,    2938,    2736,    -258,     -56,  100.0,   50.2,   51.9,    3.0,   17.4,    5.1,    8.2,   14.1,    4.2,   26.1,    4.6,    2.0,   98.7,   99.2,    1.3,    0.8,  100.0,   50.2,   51.9,    3.0,   17.4,    5.1,    8.2,   14.1,    4.2,   26.1,    4.6,    2.0,   98.7,   99.2,    1.3,    0.8,  100.0,    0.0,    0.0,    0.0,    0.0,    0.0,    0.0,    0.0,    0.0,    0.0,    0.0,    0.0,    0.0,    0.0,    0.0,    0.0,     63,     28,     22,.,      4,      7,     10,      6,      6,      5,      6,      7,     58,     46,     63,     28,     22,.,      4,      7,     10,      6,      6,      5,      6,      7,     58,     46,      0,      0,      0,      0,      0,      0,      0,      0,      0,      0,      0,      0,      0,      0,    42.7,    41.2,    60.2,    58.1,    38.1,    38.2,    49.3,    49.8,    42.7,    41.2,    60.2,    58.1,    38.1,    38.2,    49.3,    49.8,     0.0,     0.0,     0.0,     0.0,     0.0,     0.0,     0.0,     0.0,(Contracts of 800 MWh),06439B,IFED,064 ,N16,FutOnly
PJM AEP DAYTON HUB DA OFF-PK  - ICE FUTURES ENERGY DIV,260728,2026-07-28,06439C,IFED,01,064 ,   55961,   27689,    9769,    2745,   28237,    1451,       0,    2704,     519,   21088,   11966,     822,   54314,   55468,    1647,     493,   55961,   27689,    9769,    2745,   28237,    1451,       0,    2704,     519,   21088,   11966,     822,   54314,   55468,    1647,     493,       0,       0,       0,       0,       0,       0,       0,       0,       0,       0,       0,       0,       0,       0,       0,       0,     894,    -109,     608,      43,     354,     -29,       0,    -200,     200,     565,       0,     -10,     660,     923,     234,     -29,  100.0,   49.5,   17.5,    4.9,   50.5,    2.6,    0.0,    4.8,    0.9,   37.7,   21.4,    1.5,   97.1,   99.1,    2.9,    0.9,  100.0,   49.5,   17.5,    4.9,   50.5,    2.6,    0.0,    4.8,    0.9,   37.7,   21.4,    1.5,   97.1,   99.1,    2.9,    0.9,  100.0,    0.0,    0.0,    0.0,    0.0,    0.0,    0.0,    0.0,    0.0,    0.0,    0.0,    0.0,    0.0,    0.0,    0.0,    0.0,     50,     24,     21,      4,      5,      7,      0,.,.,      6,      4,.,     39,     38,     50,     24,     21,      4,      5,      7,      0,.,.,      6,      4,.,     39,     38,      0,      0,      0,      0,      0,      0,      0,      0,      0,      0,      0,      0,      0,      0,    47.6,    68.4,    65.3,    80.6,    47.4,    67.4,    62.7,    77.4,    47.6,    68.4,    65.3,    80.6,    47.4,    67.4,    62.7,    77.4,     0.0,     0.0,     0.0,     0.0,     0.0,     0.0,     0.0,     0.0,(Contracts of about 352 MWh),06439C,IFED,064 ,N16,FutOnly
AEP DAYTON HUB DA PEAK DAILY - ICE FUTURES ENERGY DIV,260728,2026-07-28,06439E,IFED,01,064 ,    3400,    2500,     650,      50,       0,      50,     500,     350,       0,     300,    2300,       0,    3400,    3350,       0,      50,    3400,    2500,     650,      50,       0,      50,     500,     350,       0,     300,    2300,       0,    3400,    3350,       0,      50,       0,       0,       0,       0,       0,       0,       0,       0,       0,       0,       0,       0,       0,       0,       0,       0,    -850,    -250,    -650,    -100,       0,       0,       0,    -200,       0,    -350,      50,    -100,    -800,    -900,     -50,      50,  100.0,   73.5,   19.1,    1.5,    0.0,    1.5,   14.7,   10.3,    0.0,    8.8,   67.6,    0.0,  100.0,   98.5,    0.0,    1.5,  100.0,   73.5,   19.1,    1.5,    0.0,    1.5,   14.7,   10.3,    0.0,    8.8,   67.6,    0.0,  100.0,   98.5,    0.0,    1.5,  100.0,    0.0,    0.0,    0.0,    0.0,    0.0,    0.0,    0.0,    0.0,    0.0,    0.0,    0.0,    0.0,    0.0,    0.0,    0.0,     21,      8,      5,.,      0,.,.,.,      0,.,.,      0,     11,     11,     21,      8,      5,.,      0,.,.,.,      0,.,.,      0,     11,     11,      0,      0,      0,      0,      0,      0,      0,      0,      0,      0,      0,      0,      0,      0,    60.3,    80.9,    92.6,    94.1,    60.3,    80.9,    92.6,    94.1,    60.3,    80.9,    92.6,    94.1,    60.3,    80.9,    92.6,    94.1,     0.0,     0.0,     0.0,     0.0,     0.0,     0.0,     0.0,     0.0,(Contracts of about 16 MWh),06439E,IFED,064 ,N16,FutOnly
PJM AEP DAYTON DA PEAK - ICE FUTURES ENERGY DIV,260728,2026-07-28,06439F,IFED,01,064 ,   66745,   35757,   19327,    3824,   26628,    2409,      50,    3450,     368,   22219,   13100,     968,   65595,   66250,    1150,     495,   66745,   35757,   19327,    3824,   26628,    2409,      50,    3450,     368,   22219,   13100,     968,   65595,   66250,    1150,     495,       0,       0,       0,       0,       0,       0,       0,       0,       0,       0,       0,       0,       0,       0,       0,       0,    2671,      18,    3087,     850,   -1474,    1009,       0,    -100,     100,     313,       0,      25,    2315,    2647,     356,      24,  100.0,   53.6,   29.0,    5.7,   39.9,    3.6,    0.1,    5.2,    0.6,   33.3,   19.6,    1.5,   98.3,   99.3,    1.7,    0.7,  100.0,   53.6,   29.0,    5.7,   39.9,    3.6,    0.1,    5.2,    0.6,   33.3,   19.6,    1.5,   98.3,   99.3,    1.7,    0.7,  100.0,    0.0,    0.0,    0.0,    0.0,    0.0,    0.0,    0.0,    0.0,    0.0,    0.0,    0.0,    0.0,    0.0,    0.0,    0.0,     62,     27,     21,      5,      4,      5,.,.,.,      9,      7,      5,     45,     43,     62,     27,     21,      5,      4,      5,.,.,.,      9,      7,      5,     45,     43,      0,      0,      0,      0,      0,      0,      0,      0,      0,      0,      0,      0,      0,      0,    40.8,    62.0,    57.6,    76.7,    40.0,    61.0,    55.6,    70.8,    40.8,    62.0,    57.6,    76.7,    40.0,    61.0,    55.6,    70.8,     0.0,     0.0,     0.0,     0.0,     0.0,     0.0,     0.0,     0.0,(Contracts of about 352 MWh),06439F,IFED,064 ,N16,FutOnly
MISO INDIANA  OFF-PEAK - ICE FUTURES ENERGY DIV,260728,2026-07-28,06439K,IFED,01,064 ,   43403,   37516,   23772,     165,    4245,    4875,       0,     180,     120,     112,    9985,     125,   42913,   43302,     490,     101,   43403,   37516,   23772,     165,    4245,    4875,       0,     180,     120,     112,    9985,     125,   42913,   43302,     490,     101,       0,       0,       0,       0,       0,       0,       0,       0,       0,       0,       0,       0,       0,       0,       0,       0,      65,    -109,     -29,      10,      19,       0,       0,      75,       0,       0,    -125,     125,      26,      65,      39,       0,  100.0,   86.4,   54.8,    0.4,    9.8,   11.2,    0.0,    0.4,    0.3,    0.3,   23.0,    0.3,   98.9,   99.8,    1.1,    0.2,  100.0,   86.4,   54.8,    0.4,    9.8,   11.2,    0.0,    0.4,    0.3,    0.3,   23.0,    0.3,   98.9,   99.8,    1.1,    0.2,  100.0,    0.0,    0.0,    0.0,    0.0,    0.0,    0.0,    0.0,    0.0,    0.0,    0.0,    0.0,    0.0,    0.0,    0.0,    0.0,     29,     17,     14,.,      4,.,      0,.,.,.,.,.,     24,     22,     29,     17,     14,.,      4,.,      0,.,.,.,.,.,     24,     22,      0,      0,      0,      0,      0,      0,      0,      0,      0,      0,      0,      0,      0,      0,    82.7,    53.4,    92.6,    82.7,    64.6,    39.9,    68.1,    61.6,    82.7,    53.4,    92.6,    82.7,    64.6,    39.9,    68.1,    61.6,     0.0,     0.0,     0.0,     0.0,     0.0,     0.0,     0.0,     0.0,(Contracts of about 352 MWh),06439K,IFED,064 ,N16,FutOnly
MISO IN. REAL-TIME OFF-PEAK - ICE FUTURES ENERGY DIV,260728,2026-07-28,06439L,IFED,01,064 ,   31402,   22093,   17332,    1432,    3754,    2036,    4390,    2998,       0,      25,    3866,    1070,   31046,   31056,     356,     346,   31402,   22093,   17332,    1432,    3754,    2036,    4390,    2998,       0,      25,    3866,    1070,   31046,   31056,     356,     346,       0,       0,       0,       0,       0,       0,       0,       0,       0,       0,       0,       0,       0,       0,       0,       0,     -16,    -221,     -54,      16,     -11,     -29,       0,     130,       0,      25,    -257,     200,      -9,     -21,      -7,       5,  100.0,   70.4,   55.2,    4.6,   12.0,    6.5,   14.0,    9.5,    0.0,    0.1,   12.3,    3.4,   98.9,   98.9,    1.1,    1.1,  100.0,   70.4,   55.2,    4.6,   12.0,    6.5,   14.0,    9.5,    0.0,    0.1,   12.3,    3.4,   98.9,   98.9,    1.1,    1.1,  100.0,    0.0,    0.0,    0.0,    0.0,    0.0,    0.0,    0.0,    0.0,    0.0,    0.0,    0.0,    0.0,    0.0,    0.0,    0.0,     28,     18,     13,.,.,      4,.,.,      0,.,.,.,     25,     21,     28,     18,     13,.,.,      4,.,.,      0,.,.,.,     25,     21,      0,      0,      0,      0,      0,      0,      0,      0,      0,      0,      0,      0,      0,      0,    52.2,    66.3,    71.5,    86.2,    40.9,    44.6,    50.5,    57.7,    52.2,    66.3,    71.5,    86.2,    40.9,    44.6,    50.5,    57.7,     0.0,     0.0,     0.0,     0.0,     0.0,     0.0,     0.0,     0.0,(Contracts of about 352 MWh),06439L,IFED,064 ,N16,FutOnly
ERCOT HOUSTON 345KV RT PK FIX - ICE FUTURES ENERGY DIV,260728,2026-07-28,06439N,IFED,01,064 ,   43582,   23449,   34379,    4030,    4103,    2695,    5250,     300,     300,    5960,     510,     930,   42614,   43217,     968,     365,   43582,   23449,   34379,    4030,    4103,    2695,    5250,     300,     300,    5960,     510,     930,   42614,   43217,     968,     365,       0,       0,       0,       0,       0,       0,       0,       0,       0,       0,       0,       0,       0,       0,       0,       0,     300,     175,     300,       0,       0,       0,       0,       0,       0,       0,    -120,     120,     295,     300,       5,       0,  100.0,   53.8,   78.9,    9.2,    9.4,    6.2,   12.0,    0.7,    0.7,   13.7,    1.2,    2.1,   97.8,   99.2,    2.2,    0.8,  100.0,   53.8,   78.9,    9.2,    9.4,    6.2,   12.0,    0.7,    0.7,   13.7,    1.2,    2.1,   97.8,   99.2,    2.2,    0.8,  100.0,    0.0,    0.0,    0.0,    0.0,    0.0,    0.0,    0.0,    0.0,    0.0,    0.0,    0.0,    0.0,    0.0,    0.0,    0.0,     32,     15,     12,.,.,      4,.,.,.,      4,.,      4,     26,     23,     32,     15,     12,.,.,      4,.,.,.,      4,.,      4,     26,     23,      0,      0,      0,      0,      0,      0,      0,      0,      0,      0,      0,      0,      0,      0,    37.0,    69.1,    59.4,    85.2,    35.2,    69.1,    54.7,    76.2,    37.0,    69.1,    59.4,    85.2,    35.2,    69.1,    54.7,    76.2,     0.0,     0.0,     0.0,     0.0,     0.0,     0.0,     0.0,     0.0,(Contracts of about 352 MWh),06439N,IFED,064 ,N16,FutOnly
ERCOT Houston 345KV RT OFF FIX - ICE FUTURES ENERGY DIV,260728,2026-07-28,06439Q,IFED,01,064 ,   41192,   21804,   32744,    3380,    4203,    2715,    5250,     300,     300,    6330,       0,     810,   40589,   41072,     603,     120,   41192,   21804,   32744,    3380,    4203,    2715,    5250,     300,     300,    6330,       0,     810,   40589,   41072,     603,     120,       0,       0,       0,       0,       0,       0,       0,       0,       0,       0,       0,       0,       0,       0,       0,       0,     305,     180,     305,       0,       0,       0,       0,       0,       0,     120,       0,       0,     300,     305,       5,       0,  100.0,   52.9,   79.5,    8.2,   10.2,    6.6,   12.7,    0.7,    0.7,   15.4,    0.0,    2.0,   98.5,   99.7,    1.5,    0.3,  100.0,   52.9,   79.5,    8.2,   10.2,    6.6,   12.7,    0.7,    0.7,   15.4,    0.0,    2.0,   98.5,   99.7,    1.5,    0.3,  100.0,    0.0,    0.0,    0.0,    0.0,    0.0,    0.0,    0.0,    0.0,    0.0,    0.0,    0.0,    0.0,    0.0,    0.0,    0.0,     33,     15,     11,.,.,      4,.,.,.,      5,      0,.,     26,     21,     33,     15,     11,.,.,      4,.,.,.,      5,      0,.,     26,     21,      0,      0,      0,      0,      0,      0,      0,      0,      0,      0,      0,      0,      0,      0,    33.8,    70.6,    57.1,    87.7,    32.1,    70.1,    52.5,    77.2,    33.8,    70.6,    57.1,    87.7,    32.1,    70.1,    52.5,    77.2,     0.0,     0.0,     0.0,     0.0,     0.0,     0.0,     0.0,     0.0,(Contracts of about 352 MWh),06439Q,IFED,064 ,N16,FutOnly
ERCOT NORTH 345KV RT PK FIX - ICE FUTURES ENERGY DIV,260728,2026-07-28,06439R,IFED,01,064 ,  261547,  105988,  165471,   12530,   25012,   15444,   68876,    6857,   23163,   24030,   14878,   10267,  260298,  261092,    1249,     455,  261547,  105988,  165471,   12530,   25012,   15444,   68876,    6857,   23163,   24030,   14878,   10267,  260298,  261092,    1249,     455,       0,       0,       0,       0,       0,       0,       0,       0,       0,       0,       0,       0,       0,       0,       0,       0,    2473,    7526,    1148,     168,   -1154,     221,   -5839,     910,     592,    -842,     403,     362,    2188,    2482,     285,      -9,  100.0,   40.5,   63.3,    4.8,    9.6,    5.9,   26.3,    2.6,    8.9,    9.2,    5.7,    3.9,   99.5,   99.8,    0.5,    0.2,  100.0,   40.5,   63.3,    4.8,    9.6,    5.9,   26.3,    2.6,    8.9,    9.2,    5.7,    3.9,   99.5,   99.8,    0.5,    0.2,  100.0,    0.0,    0.0,    0.0,    0.0,    0.0,    0.0,    0.0,    0.0,    0.0,    0.0,    0.0,    0.0,    0.0,    0.0,    0.0,    113,     41,     38,.,      7,      7,     15,     17,     15,      8,     15,     18,     93,     94,    113,     41,     38,.,      7,      7,     15,     17,     15,      8,     15,     18,     93,     94,      0,      0,      0,      0,      0,      0,      0,      0,      0,      0,      0,      0,      0,      0,    30.7,    31.9,    50.7,    50.4,    26.1,    24.6,    39.4,    36.1,    30.7,    31.9,    50.7,    50.4,    26.1,    24.6,    39.4,    36.1,     0.0,     0.0,     0.0,     0.0,     0.0,     0.0,     0.0,     0.0,(1 Mw per Peak Hour),06439R,IFED,064 ,N16,FutOnly
ERCOT SOUTH 345 KV RT PEAK FIX - ICE FUTURES ENERGY DIV,260728,2026-07-28,06439S,IFED,01,064 ,   32160,   24481,   18413,    4395,    8463,     835,     300,    3450,       0,    1440,      80,     425,   31876,   31666,     284,     494,   32160,   24481,   18413,    4395,    8463,     835,     300,    3450,       0,    1440,      80,     425,   31876,   31666,     284,     494,       0,       0,       0,       0,       0,       0,       0,       0,       0,       0,       0,       0,       0,       0,       0,       0,     289,     264,     289,       0,       0,       0,       0,       0,       0,      40,       0,       0,     304,     289,     -15,       0,  100.0,   76.1,   57.3,   13.7,   26.3,    2.6,    0.9,   10.7,    0.0,    4.5,    0.2,    1.3,   99.1,   98.5,    0.9,    1.5,  100.0,   76.1,   57.3,   13.7,   26.3,    2.6,    0.9,   10.7,    0.0,    4.5,    0.2,    1.3,   99.1,   98.5,    0.9,    1.5,  100.0,    0.0,    0.0,    0.0,    0.0,    0.0,    0.0,    0.0,    0.0,    0.0,    0.0,    0.0,    0.0,    0.0,    0.0,    0.0,     26,     13,      8,.,.,.,.,.,      0,.,.,.,     20,     14,     26,     13,      8,.,.,.,.,.,      0,.,.,.,     20,     14,      0,      0,      0,      0,      0,      0,      0,      0,      0,      0,      0,      0,      0,      0,    49.2,    49.7,    73.8,    84.7,    49.2,    49.7,    71.5,    82.5,    49.2,    49.7,    73.8,    84.7,    49.2,    49.7,    71.5,    82.5,     0.0,     0.0,     0.0,     0.0,     0.0,     0.0,     0.0,     0.0,(1 Mw per Peak Hour),06439S,IFED,064 ,N16,FutOnly
ERCOT-SOUTH MONTHLY OFFPEAK - ICE FUTURES ENERGY DIV,260728,2026-07-28,06439U,IFED,01,064 ,   30622,   23388,   17772,    4395,    7431,    1135,       0,    3450,       0,    1060,       0,     360,   30338,   30148,     284,     474,   30622,   23388,   17772,    4395,    7431,    1135,       0,    3450,       0,    1060,       0,     360,   30338,   30148,     284,     474,       0,       0,       0,       0,       0,       0,       0,       0,       0,       0,       0,       0,       0,       0,       0,       0,     424,     399,     424,       0,       0,       0,       0,       0,       0,      40,       0,       0,     439,     424,     -15,       0,  100.0,   76.4,   58.0,   14.4,   24.3,    3.7,    0.0,   11.3,    0.0,    3.5,    0.0,    1.2,   99.1,   98.5,    0.9,    1.5,  100.0,   76.4,   58.0,   14.4,   24.3,    3.7,    0.0,   11.3,    0.0,    3.5,    0.0,    1.2,   99.1,   98.5,    0.9,    1.5,  100.0,    0.0,    0.0,    0.0,    0.0,    0.0,    0.0,    0.0,    0.0,    0.0,    0.0,    0.0,    0.0,    0.0,    0.0,    0.0,     25,     13,      8,.,.,.,      0,.,      0,.,      0,.,     19,     14,     25,     13,      8,.,.,.,      0,.,      0,.,      0,.,     19,     14,      0,      0,      0,      0,      0,      0,      0,      0,      0,      0,      0,      0,      0,      0,    51.6,    51.2,    73.2,    85.4,    51.6,    51.2,    70.2,    82.0,    51.6,    51.2,    73.2,    85.4,    51.6,    51.2,    70.2,    82.0,     0.0,     0.0,     0.0,     0.0,     0.0,     0.0,     0.0,     0.0,(1 MW per off-peak hour),06439U,IFED,064 ,N16,FutOnly
ERCOT WEST 345KV RT PEAK - ICE FUTURES ENERGY DIV,260728,2026-07-28,06439V,IFED,01,064 ,   33077,   17365,   26330,   12323,       0,    1495,       0,    3001,     300,     875,    1024,     597,   32955,   32747,     122,     330,   33077,   17365,   26330,   12323,       0,    1495,       0,    3001,     300,     875,    1024,     597,   32955,   32747,     122,     330,       0,       0,       0,       0,       0,       0,       0,       0,       0,       0,       0,       0,       0,       0,       0,       0,       0,       0,       0,       0,       0,       0,       0,       0,       0,       0,       0,       0,       0,       0,       0,       0,  100.0,   52.5,   79.6,   37.3,    0.0,    4.5,    0.0,    9.1,    0.9,    2.6,    3.1,    1.8,   99.6,   99.0,    0.4,    1.0,  100.0,   52.5,   79.6,   37.3,    0.0,    4.5,    0.0,    9.1,    0.9,    2.6,    3.1,    1.8,   99.6,   99.0,    0.4,    1.0,  100.0,    0.0,    0.0,    0.0,    0.0,    0.0,    0.0,    0.0,    0.0,    0.0,    0.0,    0.0,    0.0,    0.0,    0.0,    0.0,     28,     14,     10,      5,      0,      4,      0,.,.,.,.,      4,     25,     19,     28,     14,     10,      5,      0,      4,      0,.,.,.,.,      4,     25,     19,      0,      0,      0,      0,      0,      0,      0,      0,      0,      0,      0,      0,      0,      0,    54.1,    64.4,    74.1,    87.3,    52.8,    59.1,    67.0,    78.3,    54.1,    64.4,    74.1,    87.3,    52.8,    59.1,    67.0,    78.3,     0.0,     0.0,     0.0,     0.0,     0.0,     0.0,     0.0,     0.0,(1 MW per peak hour),06439V,IFED,064 ,N16,FutOnly
ERCOT WEST 345K RT OFF-PEAK - ICE FUTURES ENERGY DIV,260728,2026-07-28,06439W,IFED,01,064 ,   32999,   17293,   26312,   12377,       0,    1435,       0,    3001,     300,     875,    1024,     597,   32877,   32669,     122,     330,   32999,   17293,   26312,   12377,       0,    1435,       0,    3001,     300,     875,    1024,     597,   32877,   32669,     122,     330,       0,       0,       0,       0,       0,       0,       0,       0,       0,       0,       0,       0,       0,       0,       0,       0,       0,       0,       0,       0,       0,       0,       0,       0,       0,       0,       0,       0,       0,       0,       0,       0,  100.0,   52.4,   79.7,   37.5,    0.0,    4.3,    0.0,    9.1,    0.9,    2.7,    3.1,    1.8,   99.6,   99.0,    0.4,    1.0,  100.0,   52.4,   79.7,   37.5,    0.0,    4.3,    0.0,    9.1,    0.9,    2.7,    3.1,    1.8,   99.6,   99.0,    0.4,    1.0,  100.0,    0.0,    0.0,    0.0,    0.0,    0.0,    0.0,    0.0,    0.0,    0.0,    0.0,    0.0,    0.0,    0.0,    0.0,    0.0,     28,     14,     10,      5,      0,      4,      0,.,.,.,.,      4,     25,     19,     28,     14,     10,      5,      0,      4,      0,.,.,.,.,      4,     25,     19,      0,      0,      0,      0,      0,      0,      0,      0,      0,      0,      0,      0,      0,      0,    54.0,    64.6,    74.0,    87.6,    52.9,    59.3,    67.1,    78.6,    54.0,    64.6,    74.0,    87.6,    52.9,    59.3,    67.1,    78.6,     0.0,     0.0,     0.0,     0.0,     0.0,     0.0,     0.0,     0.0,(1 MW per Off-Peak Hour),06439W,IFED,064 ,N16,FutOnly
ERCOT NORTH 345KV DA PK DLY FI - ICE FUTURES ENERGY DIV,260728,2026-07-28,0643A5,IFED,01,064 ,   21640,   14190,    9290,    4100,       0,     300,     250,    7350,     600,    1900,    3175,     300,   21640,   21015,       0,     625,   21640,   14190,    9290,    4100,       0,     300,     250,    7350,     600,    1900,    3175,     300,   21640,   21015,       0,     625,       0,       0,       0,       0,       0,       0,       0,       0,       0,       0,       0,       0,       0,       0,       0,       0,     300,   -1200,   -1850,     350,       0,     300,     -50,    3025,       0,    1050,   -1650,    -150,     300,    -325,       0,     625,  100.0,   65.6,   42.9,   18.9,    0.0,    1.4,    1.2,   34.0,    2.8,    8.8,   14.7,    1.4,  100.0,   97.1,    0.0,    2.9,  100.0,   65.6,   42.9,   18.9,    0.0,    1.4,    1.2,   34.0,    2.8,    8.8,   14.7,    1.4,  100.0,   97.1,    0.0,    2.9,  100.0,    0.0,    0.0,    0.0,    0.0,    0.0,    0.0,    0.0,    0.0,    0.0,    0.0,    0.0,    0.0,    0.0,    0.0,    0.0,     29,     13,      7,.,      0,.,.,.,.,.,      6,.,     20,     17,     29,     13,      7,.,      0,.,.,.,.,.,      6,.,     20,     17,      0,      0,      0,      0,      0,      0,      0,      0,      0,      0,      0,      0,      0,      0,    69.5,    62.6,    88.9,    86.8,    65.0,    59.6,    75.8,    76.1,    69.5,    62.6,    88.9,    86.8,    65.0,    59.6,    75.8,    76.1,     0.0,     0.0,     0.0,     0.0,     0.0,     0.0,     0.0,     0.0,Megawatt Hours (MWh),0643A5,IFED,064 ,N16,FutOnly
ERCOT NORTH 345K RT OFFPK DLY  - ICE FUTURES ENERGY DIV,260728,2026-07-28,0643A7,IFED,01,064 ,    6856,    4344,    3880,       0,       0,       0,    1216,     648,     104,     152,    1576,       0,    5816,    6208,    1040,     648,    6856,    4344,    3880,       0,       0,       0,    1216,     648,     104,     152,    1576,       0,    5816,    6208,    1040,     648,       0,       0,       0,       0,       0,       0,       0,       0,       0,       0,       0,       0,       0,       0,       0,       0,    -480,     768,    -928,       0,       0,       0,    -888,     296,    -200,     -24,     424,     -32,    -376,    -440,    -104,     -40,  100.0,   63.4,   56.6,    0.0,    0.0,    0.0,   17.7,    9.5,    1.5,    2.2,   23.0,    0.0,   84.8,   90.5,   15.2,    9.5,  100.0,   63.4,   56.6,    0.0,    0.0,    0.0,   17.7,    9.5,    1.5,    2.2,   23.0,    0.0,   84.8,   90.5,   15.2,    9.5,  100.0,    0.0,    0.0,    0.0,    0.0,    0.0,    0.0,    0.0,    0.0,    0.0,    0.0,    0.0,    0.0,    0.0,    0.0,    0.0,     27,     13,     14,      0,      0,      0,.,.,.,.,.,      0,     18,     20,     27,     13,     14,      0,      0,      0,.,.,.,.,.,      0,     18,     20,      0,      0,      0,      0,      0,      0,      0,      0,      0,      0,      0,      0,      0,      0,    56.8,    46.4,    70.5,    67.1,    56.8,    42.7,    69.5,    62.3,    56.8,    46.4,    70.5,    67.1,    56.8,    42.7,    69.5,    62.3,     0.0,     0.0,     0.0,     0.0,     0.0,     0.0,     0.0,     0.0,50MWh,0643A7,IFED,064 ,N16,FutOnly
ERCOT - NORTH MONTHLY OFF-PEAK - ICE FUTURES ENERGY DIV,260728,2026-07-28,0643A8,IFED,01,064 ,  114370,   79671,   80040,   11803,    7052,    8491,    9645,    4465,    2250,       0,    9263,    1980,  113840,  113541,     530,     829,  114370,   79671,   80040,   11803,    7052,    8491,    9645,    4465,    2250,       0,    9263,    1980,  113840,  113541,     530,     829,       0,       0,       0,       0,       0,       0,       0,       0,       0,       0,       0,       0,       0,       0,       0,       0,    1129,    1159,     924,       0,    -300,       0,       0,       0,       0,    -144,     391,     114,    1129,    1129,       0,       0,  100.0,   69.7,   70.0,   10.3,    6.2,    7.4,    8.4,    3.9,    2.0,    0.0,    8.1,    1.7,   99.5,   99.3,    0.5,    0.7,  100.0,   69.7,   70.0,   10.3,    6.2,    7.4,    8.4,    3.9,    2.0,    0.0,    8.1,    1.7,   99.5,   99.3,    0.5,    0.7,  100.0,    0.0,    0.0,    0.0,    0.0,    0.0,    0.0,    0.0,    0.0,    0.0,    0.0,    0.0,    0.0,    0.0,    0.0,    0.0,     47,     22,     22,.,.,      5,      4,.,.,      0,      9,      6,     37,     40,     47,     22,     22,.,.,      5,      4,.,.,      0,      9,      6,     37,     40,      0,      0,      0,      0,      0,      0,      0,      0,      0,      0,      0,      0,      0,      0,    48.7,    46.6,    73.3,    62.8,    46.5,    42.4,    64.6,    56.3,    48.7,    46.6,    73.3,    62.8,    46.5,    42.4,    64.6,    56.3,     0.0,     0.0,     0.0,     0.0,     0.0,     0.0,     0.0,     0.0,1 Mw per Off-Peak Hour,0643A8,IFED,064 ,N16,FutOnly
MISO IN. DAY-AHEAD PEAK - ICE FUTURES ENERGY DIV,260728,2026-07-28,0643AZ,IFED,01,064 ,   20596,   16748,    8631,     463,    4920,    2323,     165,    1068,     160,     250,    3295,     137,   20246,   20534,     350,      62,   20596,   16748,    8631,     463,    4920,    2323,     165,    1068,     160,     250,    3295,     137,   20246,   20534,     350,      62,       0,       0,       0,       0,       0,       0,       0,       0,       0,       0,       0,       0,       0,       0,       0,       0,     252,      87,     204,      -7,     -29,      60,       0,       3,       0,       0,     -78,     112,     252,     272,       0,     -20,  100.0,   81.3,   41.9,    2.2,   23.9,   11.3,    0.8,    5.2,    0.8,    1.2,   16.0,    0.7,   98.3,   99.7,    1.7,    0.3,  100.0,   81.3,   41.9,    2.2,   23.9,   11.3,    0.8,    5.2,    0.8,    1.2,   16.0,    0.7,   98.3,   99.7,    1.7,    0.3,  100.0,    0.0,    0.0,    0.0,    0.0,    0.0,    0.0,    0.0,    0.0,    0.0,    0.0,    0.0,    0.0,    0.0,    0.0,    0.0,     38,     23,     14,.,.,.,.,.,.,.,.,.,     32,     23,     38,     23,     14,.,.,.,.,.,.,.,.,.,     32,     23,      0,      0,      0,      0,      0,      0,      0,      0,      0,      0,      0,      0,      0,      0,    52.9,    74.1,    70.4,    89.2,    41.1,    59.3,    53.3,    66.6,    52.9,    74.1,    70.4,    89.2,    41.1,    59.3,    53.3,    66.6,     0.0,     0.0,     0.0,     0.0,     0.0,     0.0,     0.0,     0.0,(1 MW per peak hour),0643AZ,IFED,064 ,N16,FutOnly
MISO INDIANA HUB RT PEAK - ICE FUTURES ENERGY DIV,260728,2026-07-28,0643B3,IFED,01,064 ,   41660,   22485,   23868,    3097,     549,    3661,    7730,    5596,      50,       0,    3437,    3981,   41004,   41142,     656,     518,   41660,   22485,   23868,    3097,     549,    3661,    7730,    5596,      50,       0,    3437,    3981,   41004,   41142,     656,     518,       0,       0,       0,       0,       0,       0,       0,       0,       0,       0,       0,       0,       0,       0,       0,       0,     513,    -210,     304,     338,       0,      90,     -11,      90,       0,       0,    -271,     307,     514,     520,      -1,      -7,  100.0,   54.0,   57.3,    7.4,    1.3,    8.8,   18.6,   13.4,    0.1,    0.0,    8.3,    9.6,   98.4,   98.8,    1.6,    1.2,  100.0,   54.0,   57.3,    7.4,    1.3,    8.8,   18.6,   13.4,    0.1,    0.0,    8.3,    9.6,   98.4,   98.8,    1.6,    1.2,  100.0,    0.0,    0.0,    0.0,    0.0,    0.0,    0.0,    0.0,    0.0,    0.0,    0.0,    0.0,    0.0,    0.0,    0.0,    0.0,     32,     15,     17,      4,.,      4,      5,.,.,      0,.,.,     26,     26,     32,     15,     17,      4,.,      4,      5,.,.,      0,.,.,     26,     26,      0,      0,      0,      0,      0,      0,      0,      0,      0,      0,      0,      0,      0,      0,    50.4,    50.7,    75.2,    77.3,    41.5,    36.9,    50.4,    51.9,    50.4,    50.7,    75.2,    77.3,    41.5,    36.9,    50.4,    51.9,     0.0,     0.0,     0.0,     0.0,     0.0,     0.0,     0.0,     0.0,(Contracts of 800 MWh),0643B3,IFED,064 ,N16,FutOnly
PJM N. IL HUB DA OFF-PK  - ICE FUTURES ENERGY DIV,260728,2026-07-28,0643BC,IFED,01,064 ,   24209,   16031,   16506,    2840,    4837,     531,     600,    1480,     160,    3530,     105,       0,   23692,   23619,     517,     590,   24209,   16031,   16506,    2840,    4837,     531,     600,    1480,     160,    3530,     105,       0,   23692,   23619,     517,     590,       0,       0,       0,       0,       0,       0,       0,       0,       0,       0,       0,       0,       0,       0,       0,       0,     170,      91,      37,       0,     233,    -100,       0,       0,       0,     188,       0,       0,     179,     170,      -9,       0,  100.0,   66.2,   68.2,   11.7,   20.0,    2.2,    2.5,    6.1,    0.7,   14.6,    0.4,    0.0,   97.9,   97.6,    2.1,    2.4,  100.0,   66.2,   68.2,   11.7,   20.0,    2.2,    2.5,    6.1,    0.7,   14.6,    0.4,    0.0,   97.9,   97.6,    2.1,    2.4,  100.0,    0.0,    0.0,    0.0,    0.0,    0.0,    0.0,    0.0,    0.0,    0.0,    0.0,    0.0,    0.0,    0.0,    0.0,    0.0,     37,     19,     12,.,      7,.,.,.,.,.,.,      0,     27,     22,     37,     19,     12,.,      7,.,.,.,.,.,.,      0,     27,     22,      0,      0,      0,      0,      0,      0,      0,      0,      0,      0,      0,      0,      0,      0,    49.5,    74.4,    68.4,    87.6,    49.1,    71.9,    65.9,    83.4,    49.5,    74.4,    68.4,    87.6,    49.1,    71.9,    65.9,    83.4,     0.0,     0.0,     0.0,     0.0,     0.0,     0.0,     0.0,     0.0,(1 MW per off-peak hour),0643BC,IFED,064 ,N16,FutOnly
PJM N. IL HUB DA PEAK - ICE FUTURES ENERGY DIV,260728,2026-07-28,0643BE,IFED,01,064 ,   24593,   16543,   18058,    2528,    3704,     681,     600,     820,      50,    3817,     541,      35,   24254,   23889,     339,     704,   24593,   16543,   18058,    2528,    3704,     681,     600,     820,      50,    3817,     541,      35,   24254,   23889,     339,     704,       0,       0,       0,       0,       0,       0,       0,       0,       0,       0,       0,       0,       0,       0,       0,       0,     148,     257,     146,       0,     103,    -103,       0,       0,       0,     125,       0,       0,     279,     146,    -131,       2,  100.0,   67.3,   73.4,   10.3,   15.1,    2.8,    2.4,    3.3,    0.2,   15.5,    2.2,    0.1,   98.6,   97.1,    1.4,    2.9,  100.0,   67.3,   73.4,   10.3,   15.1,    2.8,    2.4,    3.3,    0.2,   15.5,    2.2,    0.1,   98.6,   97.1,    1.4,    2.9,  100.0,    0.0,    0.0,    0.0,    0.0,    0.0,    0.0,    0.0,    0.0,    0.0,    0.0,    0.0,    0.0,    0.0,    0.0,    0.0,     35,     18,     10,.,      6,.,.,.,.,.,.,.,     27,     21,     35,     18,     10,.,      6,.,.,.,.,.,.,.,     27,     21,      0,      0,      0,      0,      0,      0,      0,      0,      0,      0,      0,      0,      0,      0,    47.7,    71.2,    67.8,    85.2,    47.5,    69.4,    66.8,    81.7,    47.7,    71.2,    67.8,    85.2,    47.5,    69.4,    66.8,    81.7,     0.0,     0.0,     0.0,     0.0,     0.0,     0.0,     0.0,     0.0,(1 MW per peak hour),0643BE,IFED,064 ,N16,FutOnly
ISO NE MASS HUB DA OFF-PK FIXD - ICE FUTURES ENERGY DIV,260728,2026-07-28,0643BF,IFED,01,064 ,   65462,   48659,   47245,    7781,    6628,    1519,     510,    6369,     605,    4352,    1309,    1605,   65031,   65280,     431,     182,   65462,   48659,   47245,    7781,    6628,    1519,     510,    6369,     605,    4352,    1309,    1605,   65031,   65280,     431,     182,       0,       0,       0,       0,       0,       0,       0,       0,       0,       0,       0,       0,       0,       0,       0,       0,    1123,     847,     458,     208,     385,     -24,     144,     288,    -119,     -15,      47,      48,    1089,    1083,      34,      40,  100.0,   74.3,   72.2,   11.9,   10.1,    2.3,    0.8,    9.7,    0.9,    6.6,    2.0,    2.5,   99.3,   99.7,    0.7,    0.3,  100.0,   74.3,   72.2,   11.9,   10.1,    2.3,    0.8,    9.7,    0.9,    6.6,    2.0,    2.5,   99.3,   99.7,    0.7,    0.3,  100.0,    0.0,    0.0,    0.0,    0.0,    0.0,    0.0,    0.0,    0.0,    0.0,    0.0,    0.0,    0.0,    0.0,    0.0,    0.0,     47,     20,     16,      6,.,      5,.,      4,      4,.,      4,.,     37,     33,     47,     20,     16,      6,.,      5,.,      4,      4,.,      4,.,     37,     33,      0,      0,      0,      0,      0,      0,      0,      0,      0,      0,      0,      0,      0,      0,    43.0,    64.9,    64.3,    77.4,    42.0,    64.0,    61.5,    74.8,    43.0,    64.9,    64.3,    77.4,    42.0,    64.0,    61.5,    74.8,     0.0,     0.0,     0.0,     0.0,     0.0,     0.0,     0.0,     0.0,(1 MW per Hour for about 368 Hours),0643BF,IFED,064 ,N16,FutOnly
ISO NE MASS HUB DA PEAK - ICE FUTURES ENERGY DIV,260728,2026-07-28,0643BG,IFED,01,064 ,   93529,   71978,   65274,    8018,    5766,    1514,    1271,   14080,    2247,    5758,    2314,    2052,   92838,   93247,     691,     282,   93529,   71978,   65274,    8018,    5766,    1514,    1271,   14080,    2247,    5758,    2314,    2052,   92838,   93247,     691,     282,       0,       0,       0,       0,       0,       0,       0,       0,       0,       0,       0,       0,       0,       0,       0,       0,    1729,    1685,    1321,     -60,     359,      68,     -75,      98,      16,     367,      15,    -204,    1797,    1673,     -68,      56,  100.0,   77.0,   69.8,    8.6,    6.2,    1.6,    1.4,   15.1,    2.4,    6.2,    2.5,    2.2,   99.3,   99.7,    0.7,    0.3,  100.0,   77.0,   69.8,    8.6,    6.2,    1.6,    1.4,   15.1,    2.4,    6.2,    2.5,    2.2,   99.3,   99.7,    0.7,    0.3,  100.0,    0.0,    0.0,    0.0,    0.0,    0.0,    0.0,    0.0,    0.0,    0.0,    0.0,    0.0,    0.0,    0.0,    0.0,    0.0,     67,     19,     18,      5,      4,      5,      5,     11,      7,      7,      9,     10,     50,     50,     67,     19,     18,      5,      4,      5,      5,     11,      7,      7,      9,     10,     50,     50,      0,      0,      0,      0,      0,      0,      0,      0,      0,      0,      0,      0,      0,      0,    48.7,    59.0,    66.0,    74.1,    48.2,    56.8,    63.2,    70.7,    48.7,    59.0,    66.0,    74.1,    48.2,    56.8,    63.2,    70.7,     0.0,     0.0,     0.0,     0.0,     0.0,     0.0,     0.0,     0.0,(Contracts of 800MWh),0643BG,IFED,064 ,N16,FutOnly
CAISO NP-15 PEAK - ICE FUTURES ENERGY DIV,260728,2026-07-28,0643BM,IFED,01,064 ,   49457,   27686,   31275,   12779,      90,    2248,    1360,    4673,    2145,    1130,    7099,    1767,   49115,   49297,     342,     160,   49457,   27686,   31275,   12779,      90,    2248,    1360,    4673,    2145,    1130,    7099,    1767,   49115,   49297,     342,     160,       0,       0,       0,       0,       0,       0,       0,       0,       0,       0,       0,       0,       0,       0,       0,       0,     642,    -255,     223,    -625,     -25,     329,      97,     137,     180,     699,    -459,     220,     645,     605,      -3,      37,  100.0,   56.0,   63.2,   25.8,    0.2,    4.5,    2.7,    9.4,    4.3,    2.3,   14.4,    3.6,   99.3,   99.7,    0.7,    0.3,  100.0,   56.0,   63.2,   25.8,    0.2,    4.5,    2.7,    9.4,    4.3,    2.3,   14.4,    3.6,   99.3,   99.7,    0.7,    0.3,  100.0,    0.0,    0.0,    0.0,    0.0,    0.0,    0.0,    0.0,    0.0,    0.0,    0.0,    0.0,    0.0,    0.0,    0.0,    0.0,     41,     20,     16,      5,.,.,.,.,.,.,      4,      5,     36,     28,     41,     20,     16,      5,.,.,.,.,.,.,      4,      5,     36,     28,      0,      0,      0,      0,      0,      0,      0,      0,      0,      0,      0,      0,      0,      0,    49.4,    67.0,    70.3,    86.8,    49.2,    64.0,    64.8,    77.0,    49.4,    67.0,    70.3,    86.8,    49.2,    64.0,    64.8,    77.0,     0.0,     0.0,     0.0,     0.0,     0.0,     0.0,     0.0,     0.0,(Contracts of 400MWh),0643BM,IFED,064 ,N16,FutOnly
CAISO NP-15 DA OFF-PK FIXED - ICE FUTURES ENERGY DIV,260728,2026-07-28,0643BR,IFED,01,064 ,   51622,   24838,   34864,   19240,     775,     130,     877,    8700,     678,    4916,    5739,     615,   51294,   51501,     328,     121,   51622,   24838,   34864,   19240,     775,     130,     877,    8700,     678,    4916,    5739,     615,   51294,   51501,     328,     121,       0,       0,       0,       0,       0,       0,       0,       0,       0,       0,       0,       0,       0,       0,       0,       0,     364,     312,     290,     -85,       0,       0,     -20,     225,      33,     308,       0,    -184,     364,     364,       0,       0,  100.0,   48.1,   67.5,   37.3,    1.5,    0.3,    1.7,   16.9,    1.3,    9.5,   11.1,    1.2,   99.4,   99.8,    0.6,    0.2,  100.0,   48.1,   67.5,   37.3,    1.5,    0.3,    1.7,   16.9,    1.3,    9.5,   11.1,    1.2,   99.4,   99.8,    0.6,    0.2,  100.0,    0.0,    0.0,    0.0,    0.0,    0.0,    0.0,    0.0,    0.0,    0.0,    0.0,    0.0,    0.0,    0.0,    0.0,    0.0,     34,     15,     13,      5,.,.,.,.,.,      4,.,.,     27,     21,     34,     15,     13,      5,.,.,.,.,.,      4,.,.,     27,     21,      0,      0,      0,      0,      0,      0,      0,      0,      0,      0,      0,      0,      0,      0,    57.7,    80.3,    76.7,    92.6,    57.2,    78.7,    73.8,    89.5,    57.7,    80.3,    76.7,    92.6,    57.2,    78.7,    73.8,    89.5,     0.0,     0.0,     0.0,     0.0,     0.0,     0.0,     0.0,     0.0,(1 MW per Hour for about 386 Hours),0643BR,IFED,064 ,N16,FutOnly
PJM NI HUB RT OFF-PK FIXED - ICE FUTURES ENERGY DIV,260728,2026-07-28,0643BS,IFED,01,064 ,   82803,   21950,   64763,    2160,   11124,    1956,   51668,       0,    3596,     170,     231,     300,   81800,   81970,    1003,     833,   82803,   21950,   64763,    2160,   11124,    1956,   51668,       0,    3596,     170,     231,     300,   81800,   81970,    1003,     833,       0,       0,       0,       0,       0,       0,       0,       0,       0,       0,       0,       0,       0,       0,       0,       0,    2390,     243,     927,     147,    -277,     193,     451,       0,    1384,       0,     226,       0,    2418,    2453,     -28,     -63,  100.0,   26.5,   78.2,    2.6,   13.4,    2.4,   62.4,    0.0,    4.3,    0.2,    0.3,    0.4,   98.8,   99.0,    1.2,    1.0,  100.0,   26.5,   78.2,    2.6,   13.4,    2.4,   62.4,    0.0,    4.3,    0.2,    0.3,    0.4,   98.8,   99.0,    1.2,    1.0,  100.0,    0.0,    0.0,    0.0,    0.0,    0.0,    0.0,    0.0,    0.0,    0.0,    0.0,    0.0,    0.0,    0.0,    0.0,    0.0,     33,     18,     16,.,.,      5,      4,      0,.,.,.,.,     29,     24,     33,     18,     16,.,.,      5,      4,      0,.,.,.,.,     29,     24,      0,      0,      0,      0,      0,      0,      0,      0,      0,      0,      0,      0,      0,      0,    72.4,    74.8,    84.9,    85.6,    68.1,    73.1,    78.2,    78.7,    72.4,    74.8,    84.9,    85.6,    68.1,    73.1,    78.2,    78.7,     0.0,     0.0,     0.0,     0.0,     0.0,     0.0,     0.0,     0.0,(1 MW per Hour for about 386 Hours),0643BS,IFED,064 ,N16,FutOnly
PJM N. IL HUB RT PEAK - ICE FUTURES ENERGY DIV,260728,2026-07-28,0643BT,IFED,01,064 ,   68665,   37827,   54703,    4218,   10937,    1448,   22367,       0,    1088,    1100,     119,      79,   68127,   68374,     538,     291,   68665,   37827,   54703,    4218,   10937,    1448,   22367,       0,    1088,    1100,     119,      79,   68127,   68374,     538,     291,       0,       0,       0,       0,       0,       0,       0,       0,       0,       0,       0,       0,       0,       0,       0,       0,     853,      37,    1026,     924,    -147,    -154,     -38,       0,      46,     218,     115,     -28,    1005,     858,    -152,      -5,  100.0,   55.1,   79.7,    6.1,   15.9,    2.1,   32.6,    0.0,    1.6,    1.6,    0.2,    0.1,   99.2,   99.6,    0.8,    0.4,  100.0,   55.1,   79.7,    6.1,   15.9,    2.1,   32.6,    0.0,    1.6,    1.6,    0.2,    0.1,   99.2,   99.6,    0.8,    0.4,  100.0,    0.0,    0.0,    0.0,    0.0,    0.0,    0.0,    0.0,    0.0,    0.0,    0.0,    0.0,    0.0,    0.0,    0.0,    0.0,     36,     20,     18,      4,.,      5,.,      0,.,.,.,.,     32,     29,     36,     20,     18,      4,.,      5,.,      0,.,.,.,.,     32,     29,      0,      0,      0,      0,      0,      0,      0,      0,      0,      0,      0,      0,      0,      0,    59.9,    68.6,    78.3,    83.9,    55.0,    67.2,    69.6,    75.4,    59.9,    68.6,    78.3,    83.9,    55.0,    67.2,    69.6,    75.4,     0.0,     0.0,     0.0,     0.0,     0.0,     0.0,     0.0,     0.0,(Contracts of 800 MWh),0643BT,IFED,064 ,N16,FutOnly
NYISO ZONE J DA PEAK - ICE FUTURES ENERGY DIV,260728,2026-07-28,0643BW,IFED,01,064 ,   10479,    5308,    7005,    1435,     881,     723,       0,    1576,      52,    2578,      36,      40,   10136,   10313,     343,     166,   10479,    5308,    7005,    1435,     881,     723,       0,    1576,      52,    2578,      36,      40,   10136,   10313,     343,     166,       0,       0,       0,       0,       0,       0,       0,       0,       0,       0,       0,       0,       0,       0,       0,       0,     560,     182,     340,      16,     110,     122,       0,     120,     -60,      60,       0,       0,     320,     632,     240,     -72,  100.0,   50.7,   66.8,   13.7,    8.4,    6.9,    0.0,   15.0,    0.5,   24.6,    0.3,    0.4,   96.7,   98.4,    3.3,    1.6,  100.0,   50.7,   66.8,   13.7,    8.4,    6.9,    0.0,   15.0,    0.5,   24.6,    0.3,    0.4,   96.7,   98.4,    3.3,    1.6,  100.0,    0.0,    0.0,    0.0,    0.0,    0.0,    0.0,    0.0,    0.0,    0.0,    0.0,    0.0,    0.0,    0.0,    0.0,    0.0,     27,      9,      9,.,.,      4,      0,.,.,      4,.,.,     20,     18,     27,      9,      9,.,.,      4,      0,.,.,      4,.,.,     20,     18,      0,      0,      0,      0,      0,      0,      0,      0,      0,      0,      0,      0,      0,      0,    52.8,    56.8,    76.1,    78.8,    52.8,    56.7,    70.8,    75.2,    52.8,    56.8,    76.1,    78.8,    52.8,    56.7,    70.8,    75.2,     0.0,     0.0,     0.0,     0.0,     0.0,     0.0,     0.0,     0.0,(Contracts of 800MWh),0643BW,IFED,064 ,N16,FutOnly
NYISO ZONE J DA OFF-PK FIXED - ICE FUTURES ENERGY DIV,260728,2026-07-28,0643BX,IFED,01,064 ,    8471,    3857,    6140,    1253,     541,     605,       0,     880,      55,    2369,       0,      30,    8169,    8251,     302,     220,    8471,    3857,    6140,    1253,     541,     605,       0,     880,      55,    2369,       0,      30,    8169,    8251,     302,     220,       0,       0,       0,       0,       0,       0,       0,       0,       0,       0,       0,       0,       0,       0,       0,       0,     480,     120,     340,     -60,     -40,     220,     -15,     105,     -85,      60,       0,       0,     240,     540,     240,     -60,  100.0,   45.5,   72.5,   14.8,    6.4,    7.1,    0.0,   10.4,    0.6,   28.0,    0.0,    0.4,   96.4,   97.4,    3.6,    2.6,  100.0,   45.5,   72.5,   14.8,    6.4,    7.1,    0.0,   10.4,    0.6,   28.0,    0.0,    0.4,   96.4,   97.4,    3.6,    2.6,  100.0,    0.0,    0.0,    0.0,    0.0,    0.0,    0.0,    0.0,    0.0,    0.0,    0.0,    0.0,    0.0,    0.0,    0.0,    0.0,     22,      6,      8,.,.,      4,      0,.,.,.,      0,.,     16,     15,     22,      6,      8,.,.,      4,      0,.,.,.,      0,.,     16,     15,      0,      0,      0,      0,      0,      0,      0,      0,      0,      0,      0,      0,      0,      0,    60.8,    57.7,    83.5,    81.5,    60.8,    57.6,    76.7,    76.5,    60.8,    57.7,    83.5,    81.5,    60.8,    57.6,    76.7,    76.5,     0.0,     0.0,     0.0,     0.0,     0.0,     0.0,     0.0,     0.0,(1 MW for about 368 Hours),0643BX,IFED,064 ,N16,FutOnly
NYISO ZONE A DA PEAK - ICE FUTURES ENERGY DIV,260728,2026-07-28,0643BY,IFED,01,064 ,   33179,   28834,   23758,     565,    2720,    1852,     493,    1472,     402,     155,    2465,       9,   32310,   32678,     869,     501,   33179,   28834,   23758,     565,    2720,    1852,     493,    1472,     402,     155,    2465,       9,   32310,   32678,     869,     501,       0,       0,       0,       0,       0,       0,       0,       0,       0,       0,       0,       0,       0,       0,       0,       0,     181,     -83,      21,     -44,    -280,     196,     -64,     -44,     101,       0,     171,       0,     106,     165,      75,      16,  100.0,   86.9,   71.6,    1.7,    8.2,    5.6,    1.5,    4.4,    1.2,    0.5,    7.4,    0.0,   97.4,   98.5,    2.6,    1.5,  100.0,   86.9,   71.6,    1.7,    8.2,    5.6,    1.5,    4.4,    1.2,    0.5,    7.4,    0.0,   97.4,   98.5,    2.6,    1.5,  100.0,    0.0,    0.0,    0.0,    0.0,    0.0,    0.0,    0.0,    0.0,    0.0,    0.0,    0.0,    0.0,    0.0,    0.0,    0.0,     39,     17,     16,      4,      4,      6,.,.,.,.,.,.,     31,     29,     39,     17,     16,      4,      4,      6,.,.,.,.,.,.,     31,     29,      0,      0,      0,      0,      0,      0,      0,      0,      0,      0,      0,      0,      0,      0,    66.7,    63.8,    80.3,    81.9,    66.1,    58.6,    76.0,    72.3,    66.7,    63.8,    80.3,    81.9,    66.1,    58.6,    76.0,    72.3,     0.0,     0.0,     0.0,     0.0,     0.0,     0.0,     0.0,     0.0,(Contracts of 800MWh),0643BY,IFED,064 ,N16,FutOnly
NYISO ZONE A DA OFF-PK FIX PR - ICE FUTURES ENERGY DIV,260728,2026-07-28,0643BZ,IFED,01,064 ,   34133,   28868,   24963,    1378,    4486,     947,    1379,     921,     666,      75,    1631,     128,   33441,   33742,     692,     391,   34133,   28868,   24963,    1378,    4486,     947,    1379,     921,     666,      75,    1631,     128,   33441,   33742,     692,     391,       0,       0,       0,       0,       0,       0,       0,       0,       0,       0,       0,       0,       0,       0,       0,       0,     521,     -52,     485,     487,       1,     -60,     -53,    -365,     435,       0,      25,       0,     757,     521,    -236,       0,  100.0,   84.6,   73.1,    4.0,   13.1,    2.8,    4.0,    2.7,    2.0,    0.2,    4.8,    0.4,   98.0,   98.9,    2.0,    1.1,  100.0,   84.6,   73.1,    4.0,   13.1,    2.8,    4.0,    2.7,    2.0,    0.2,    4.8,    0.4,   98.0,   98.9,    2.0,    1.1,  100.0,    0.0,    0.0,    0.0,    0.0,    0.0,    0.0,    0.0,    0.0,    0.0,    0.0,    0.0,    0.0,    0.0,    0.0,    0.0,     37,     17,     15,      5,.,.,.,.,.,.,.,.,     30,     24,     37,     17,     15,      5,.,.,.,.,.,.,.,.,     30,     24,      0,      0,      0,      0,      0,      0,      0,      0,      0,      0,      0,      0,      0,      0,    63.4,    65.4,    77.4,    83.8,    58.1,    62.0,    68.2,    73.3,    63.4,    65.4,    77.4,    83.8,    58.1,    62.0,    68.2,    73.3,     0.0,     0.0,     0.0,     0.0,     0.0,     0.0,     0.0,     0.0,(1MW for about 368 Hours),0643BZ,IFED,064 ,N16,FutOnly
NYISO ZONE G DA PEAK - ICE FUTURES ENERGY DIV,260728,2026-07-28,0643C3,IFED,01,064 ,   26484,   19733,   12293,     458,    4620,    2026,    1756,    4708,     520,     411,    1057,    1104,   26008,   26328,     476,     156,   26484,   19733,   12293,     458,    4620,    2026,    1756,    4708,     520,     411,    1057,    1104,   26008,   26328,     476,     156,       0,       0,       0,       0,       0,       0,       0,       0,       0,       0,       0,       0,       0,       0,       0,       0,     248,     -20,     -98,      42,     408,      38,     334,     -87,    -110,     -84,     -21,      36,     236,     166,      12,      82,  100.0,   74.5,   46.4,    1.7,   17.4,    7.6,    6.6,   17.8,    2.0,    1.6,    4.0,    4.2,   98.2,   99.4,    1.8,    0.6,  100.0,   74.5,   46.4,    1.7,   17.4,    7.6,    6.6,   17.8,    2.0,    1.6,    4.0,    4.2,   98.2,   99.4,    1.8,    0.6,  100.0,    0.0,    0.0,    0.0,    0.0,    0.0,    0.0,    0.0,    0.0,    0.0,    0.0,    0.0,    0.0,    0.0,    0.0,    0.0,     45,     19,     17,.,      6,      6,      7,.,      4,.,      4,.,     37,     36,     45,     19,     17,.,      6,      6,      7,.,      4,.,      4,.,     37,     36,      0,      0,      0,      0,      0,      0,      0,      0,      0,      0,      0,      0,      0,      0,    47.4,    51.7,    64.9,    70.1,    46.8,    47.5,    59.4,    60.4,    47.4,    51.7,    64.9,    70.1,    46.8,    47.5,    59.4,    60.4,     0.0,     0.0,     0.0,     0.0,     0.0,     0.0,     0.0,     0.0,(Contracts of 800MWh),0643C3,IFED,064 ,N16,FutOnly
NYISO ZONE G DA OFF-PK - ICE FUTURES ENERGY DIV,260728,2026-07-28,0643C4,IFED,01,064 ,   21732,   16275,   10836,     340,    3334,    1944,     544,    3335,     495,     465,     400,    1128,   21191,   21472,     541,     260,   21732,   16275,   10836,     340,    3334,    1944,     544,    3335,     495,     465,     400,    1128,   21191,   21472,     541,     260,       0,       0,       0,       0,       0,       0,       0,       0,       0,       0,       0,       0,       0,       0,       0,       0,     257,     256,      67,     270,     451,    -331,     100,      -5,      15,     -54,       0,      60,     316,     257,     -59,       0,  100.0,   74.9,   49.9,    1.6,   15.3,    8.9,    2.5,   15.3,    2.3,    2.1,    1.8,    5.2,   97.5,   98.8,    2.5,    1.2,  100.0,   74.9,   49.9,    1.6,   15.3,    8.9,    2.5,   15.3,    2.3,    2.1,    1.8,    5.2,   97.5,   98.8,    2.5,    1.2,  100.0,    0.0,    0.0,    0.0,    0.0,    0.0,    0.0,    0.0,    0.0,    0.0,    0.0,    0.0,    0.0,    0.0,    0.0,    0.0,     38,     16,     14,.,      6,      6,.,.,      4,.,.,.,     30,     31,     38,     16,     14,.,      6,      6,.,.,      4,.,.,.,     30,     31,      0,      0,      0,      0,      0,      0,      0,      0,      0,      0,      0,      0,      0,      0,    47.2,    54.2,    67.5,    72.4,    46.2,    48.5,    60.0,    61.3,    47.2,    54.2,    67.5,    72.4,    46.2,    48.5,    60.0,    61.3,     0.0,     0.0,     0.0,     0.0,     0.0,     0.0,     0.0,     0.0,(1MW for about 368 Hours),0643C4,IFED,064 ,N16,FutOnly
PALO VERDE DA PEAK - ICE FUTURES ENERGY DIV,260728,2026-07-28,0643CB,IFED,01,064 ,   25972,   12035,   14643,    7975,    4682,    3739,       0,     977,    1000,     834,     618,     225,   25808,   25884,     164,      88,   25972,   12035,   14643,    7975,    4682,    3739,       0,     977,    1000,     834,     618,     225,   25808,   25884,     164,      88,       0,       0,       0,       0,       0,       0,       0,       0,       0,       0,       0,       0,       0,       0,       0,       0,     161,    -114,      25,      55,     -70,     195,       0,       0,       0,      30,      16,      -5,     161,     161,       0,       0,  100.0,   46.3,   56.4,   30.7,   18.0,   14.4,    0.0,    3.8,    3.9,    3.2,    2.4,    0.9,   99.4,   99.7,    0.6,    0.3,  100.0,   46.3,   56.4,   30.7,   18.0,   14.4,    0.0,    3.8,    3.9,    3.2,    2.4,    0.9,   99.4,   99.7,    0.6,    0.3,  100.0,    0.0,    0.0,    0.0,    0.0,    0.0,    0.0,    0.0,    0.0,    0.0,    0.0,    0.0,    0.0,    0.0,    0.0,    0.0,     40,     20,     17,      4,.,.,      0,.,.,      5,.,.,     34,     26,     40,     20,     17,      4,.,.,      0,.,.,      5,.,.,     34,     26,      0,      0,      0,      0,      0,      0,      0,      0,      0,      0,      0,      0,      0,      0,    49.0,    62.6,    69.5,    78.9,    37.7,    41.7,    53.4,    55.9,    49.0,    62.6,    69.5,    78.9,    37.7,    41.7,    53.4,    55.9,     0.0,     0.0,     0.0,     0.0,     0.0,     0.0,     0.0,     0.0,(Contracts of 400MWh),0643CB,IFED,064 ,N16,FutOnly
PALO VERDE DA OFF-PK FiXED PR - ICE FUTURES ENERGY DIV,260728,2026-07-28,0643CC,IFED,01,064 ,   19748,    5963,   11944,    7991,    3852,     625,    4115,     786,     700,      52,    1444,     257,   19703,   19608,      45,     140,   19748,    5963,   11944,    7991,    3852,     625,    4115,     786,     700,      52,    1444,     257,   19703,   19608,      45,     140,       0,       0,       0,       0,       0,       0,       0,       0,       0,       0,       0,       0,       0,       0,       0,       0,     275,     -15,     -85,     270,     335,       0,       0,     -75,      75,       0,      75,     -50,     280,     275,      -5,       0,  100.0,   30.2,   60.5,   40.5,   19.5,    3.2,   20.8,    4.0,    3.5,    0.3,    7.3,    1.3,   99.8,   99.3,    0.2,    0.7,  100.0,   30.2,   60.5,   40.5,   19.5,    3.2,   20.8,    4.0,    3.5,    0.3,    7.3,    1.3,   99.8,   99.3,    0.2,    0.7,  100.0,    0.0,    0.0,    0.0,    0.0,    0.0,    0.0,    0.0,    0.0,    0.0,    0.0,    0.0,    0.0,    0.0,    0.0,    0.0,     38,     16,     17,      4,.,      4,.,.,.,.,      5,.,     28,     29,     38,     16,     17,      4,.,      4,.,.,.,.,      5,.,     28,     29,      0,      0,      0,      0,      0,      0,      0,      0,      0,      0,      0,      0,      0,      0,    66.9,    50.6,    84.2,    67.5,    61.5,    47.6,    75.2,    61.5,    66.9,    50.6,    84.2,    67.5,    61.5,    47.6,    75.2,    61.5,     0.0,     0.0,     0.0,     0.0,     0.0,     0.0,     0.0,     0.0,(1 MW for about 368 Hours),0643CC,IFED,064 ,N16,FutOnly
PJM WESTERN HUB DA OFF-PK - ICE FUTURES ENERGY DIV,260728,2026-07-28,0643DB,IFED,01,064 ,  122214,   88538,   99382,    4102,    5397,    3968,    4022,    1838,    1197,   18134,    7573,    1975,  121936,  121330,     278,     884,  122214,   88538,   99382,    4102,    5397,    3968,    4022,    1838,    1197,   18134,    7573,    1975,  121936,  121330,     278,     884,       0,       0,       0,       0,       0,       0,       0,       0,       0,       0,       0,       0,       0,       0,       0,       0,    2502,    1211,    1780,     200,     298,     322,     320,    -155,     -20,     128,    -461,     367,    2528,    2131,     -26,     371,  100.0,   72.4,   81.3,    3.4,    4.4,    3.2,    3.3,    1.5,    1.0,   14.8,    6.2,    1.6,   99.8,   99.3,    0.2,    0.7,  100.0,   72.4,   81.3,    3.4,    4.4,    3.2,    3.3,    1.5,    1.0,   14.8,    6.2,    1.6,   99.8,   99.3,    0.2,    0.7,  100.0,    0.0,    0.0,    0.0,    0.0,    0.0,    0.0,    0.0,    0.0,    0.0,    0.0,    0.0,    0.0,    0.0,    0.0,    0.0,     69,     33,     26,      6,      6,      8,      5,.,.,      5,      7,      4,     58,     48,     69,     33,     26,      6,      6,      8,      5,.,.,      5,      7,      4,     58,     48,      0,      0,      0,      0,      0,      0,      0,      0,      0,      0,      0,      0,      0,      0,    40.3,    64.1,    57.9,    79.3,    34.5,    62.2,    51.6,    71.2,    40.3,    64.1,    57.9,    79.3,    34.5,    62.2,    51.6,    71.2,     0.0,     0.0,     0.0,     0.0,     0.0,     0.0,     0.0,     0.0,(1 MW per off-peak hour),0643DB,IFED,064 ,N16,FutOnly
PJM WESTERN HUB DA PEAK - ICE FUTURES ENERGY DIV,260728,2026-07-28,0643DC,IFED,01,064 ,  131477,   90369,  107889,    5993,    5045,    4565,    2211,    2106,    1570,   24507,    7754,    1871,  131086,  130800,     391,     677,  131477,   90369,  107889,    5993,    5045,    4565,    2211,    2106,    1570,   24507,    7754,    1871,  131086,  130800,     391,     677,       0,       0,       0,       0,       0,       0,       0,       0,       0,       0,       0,       0,       0,       0,       0,       0,    1800,    1192,     273,    -117,     436,     222,       0,     470,     -15,     348,     -21,     183,    1813,    1548,     -13,     252,  100.0,   68.7,   82.1,    4.6,    3.8,    3.5,    1.7,    1.6,    1.2,   18.6,    5.9,    1.4,   99.7,   99.5,    0.3,    0.5,  100.0,   68.7,   82.1,    4.6,    3.8,    3.5,    1.7,    1.6,    1.2,   18.6,    5.9,    1.4,   99.7,   99.5,    0.3,    0.5,  100.0,    0.0,    0.0,    0.0,    0.0,    0.0,    0.0,    0.0,    0.0,    0.0,    0.0,    0.0,    0.0,    0.0,    0.0,    0.0,     78,     33,     27,      7,      6,      9,      4,      4,.,     12,      7,      7,     64,     54,     78,     33,     27,      7,      6,      9,      4,      4,.,     12,      7,      7,     64,     54,      0,      0,      0,      0,      0,      0,      0,      0,      0,      0,      0,      0,      0,      0,    39.2,    62.7,    57.0,    76.5,    35.7,    60.8,    52.6,    71.5,    39.2,    62.7,    57.0,    76.5,    35.7,    60.8,    52.6,    71.5,     0.0,     0.0,     0.0,     0.0,     0.0,     0.0,     0.0,     0.0,(Contracts of about 352 MWh),0643DC,IFED,064 ,N16,FutOnly
PJM WESTERN HUB RT PEAK MINI - ICE FUTURES ENERGY DIV,260728,2026-07-28,0643DF,IFED,01,064 ,  404300,  214790,  151981,   14935,   49387,   24002,   53984,    9545,   57147,   17398,   90087,   20776,  403032,  402925,    1268,    1375,  404300,  214790,  151981,   14935,   49387,   24002,   53984,    9545,   57147,   17398,   90087,   20776,  403032,  402925,    1268,    1375,       0,       0,       0,       0,       0,       0,       0,       0,       0,       0,       0,       0,       0,       0,       0,       0,    6522,    4099,    1980,     -38,    4830,   -2365,    1627,    -947,    2692,    1036,     571,    -394,    6657,    6367,    -135,     155,  100.0,   53.1,   37.6,    3.7,   12.2,    5.9,   13.4,    2.4,   14.1,    4.3,   22.3,    5.1,   99.7,   99.7,    0.3,    0.3,  100.0,   53.1,   37.6,    3.7,   12.2,    5.9,   13.4,    2.4,   14.1,    4.3,   22.3,    5.1,   99.7,   99.7,    0.3,    0.3,  100.0,    0.0,    0.0,    0.0,    0.0,    0.0,    0.0,    0.0,    0.0,    0.0,    0.0,    0.0,    0.0,    0.0,    0.0,    0.0,    125,     41,     37,.,      9,      9,     32,      7,     21,     15,     16,     24,    115,     98,    125,     41,     37,.,      9,      9,     32,      7,     21,     15,     16,     24,    115,     98,      0,      0,      0,      0,      0,      0,      0,      0,      0,      0,      0,      0,      0,      0,    23.4,    32.1,    37.8,    48.6,    18.9,    28.0,    30.1,    39.2,    23.4,    32.1,    37.8,    48.6,    18.9,    28.0,    30.1,    39.2,     0.0,     0.0,     0.0,     0.0,     0.0,     0.0,     0.0,     0.0,(1 MW per peak hour),0643DF,IFED,064 ,N16,FutOnly
PJM WEST HUB REAL TIME PK MINI - ICE FUTURES ENERGY DIV,260728,2026-07-28,0643IA,IFED,01,064 ,    5380,    2380,    1070,     400,     200,      75,     635,     985,     610,       0,     970,     535,    4635,    4445,     745,     935,    5380,    2380,    1070,     400,     200,      75,     635,     985,     610,       0,     970,     535,    4635,    4445,     745,     935,       0,       0,       0,       0,       0,       0,       0,       0,       0,       0,       0,       0,       0,       0,       0,       0,    -975,   -1010,    -850,     400,     -30,       0,      -7,    -565,     185,    -845,    -465,      40,   -1237,   -1685,     262,     710,  100.0,   44.2,   19.9,    7.4,    3.7,    1.4,   11.8,   18.3,   11.3,    0.0,   18.0,    9.9,   86.2,   82.6,   13.8,   17.4,  100.0,   44.2,   19.9,    7.4,    3.7,    1.4,   11.8,   18.3,   11.3,    0.0,   18.0,    9.9,   86.2,   82.6,   13.8,   17.4,  100.0,    0.0,    0.0,    0.0,    0.0,    0.0,    0.0,    0.0,    0.0,    0.0,    0.0,    0.0,    0.0,    0.0,    0.0,    0.0,     26,      9,     11,.,.,.,.,.,.,      0,      5,.,     19,     21,     26,      9,     11,.,.,.,.,.,.,      0,      5,.,     19,     21,      0,      0,      0,      0,      0,      0,      0,      0,      0,      0,      0,      0,      0,      0,    39.2,    43.2,    63.5,    59.9,    34.4,    30.9,    49.6,    44.3,    39.2,    43.2,    63.5,    59.9,    34.4,    30.9,    49.6,    44.3,     0.0,     0.0,     0.0,     0.0,     0.0,     0.0,     0.0,     0.0,16 MWh,0643IA,IFED,064 ,N16,FutOnly
ERCOT N 345KV REAL T PK DALY M - ICE FUTURES ENERGY DIV,260728,2026-07-28,0643IB,IFED,01,064 ,   22625,   10790,    8315,     760,     450,     350,    6070,    2855,     915,    2260,    8330,     745,   21890,   21960,     735,     665,   22625,   10790,    8315,     760,     450,     350,    6070,    2855,     915,    2260,    8330,     745,   21890,   21960,     735,     665,       0,       0,       0,       0,       0,       0,       0,       0,       0,       0,       0,       0,       0,       0,       0,       0,    -747,     225,   -1160,    -605,    -335,      40,    -435,     805,     243,     470,     485,    -580,    -642,    -502,    -105,    -245,  100.0,   47.7,   36.8,    3.4,    2.0,    1.5,   26.8,   12.6,    4.0,   10.0,   36.8,    3.3,   96.8,   97.1,    3.2,    2.9,  100.0,   47.7,   36.8,    3.4,    2.0,    1.5,   26.8,   12.6,    4.0,   10.0,   36.8,    3.3,   96.8,   97.1,    3.2,    2.9,  100.0,    0.0,    0.0,    0.0,    0.0,    0.0,    0.0,    0.0,    0.0,    0.0,    0.0,    0.0,    0.0,    0.0,    0.0,    0.0,     68,     27,     28,.,.,      4,      5,      4,      5,      5,     15,      8,     52,     55,     68,     27,     28,.,.,      4,      5,      4,      5,      5,     15,      8,     52,     55,      0,      0,      0,      0,      0,      0,      0,      0,      0,      0,      0,      0,      0,      0,    40.6,    28.6,    61.5,    47.0,    38.3,    28.4,    52.8,    45.9,    40.6,    28.6,    61.5,    47.0,    38.3,    28.4,    52.8,    45.9,     0.0,     0.0,     0.0,     0.0,     0.0,     0.0,     0.0,     0.0,(240 MW = 15 Hours X 16 MWh),0643IB,IFED,064 ,N16,FutOnly
ERCOT N 345KV REAL T PK 2x16 - ICE FUTURES ENERGY DIV,260728,2026-07-28,0643ID,IFED,01,064 ,  128139,   87599,   91172,   10337,   13652,    7275,    8029,    2268,    1112,   11396,   10265,    2034,  127782,  127778,     357,     361,  128139,   87599,   91172,   10337,   13652,    7275,    8029,    2268,    1112,   11396,   10265,    2034,  127782,  127778,     357,     361,       0,       0,       0,       0,       0,       0,       0,       0,       0,       0,       0,       0,       0,       0,       0,       0,     711,     827,     430,     -91,      25,     126,     -40,     -50,      40,    -141,     144,      -4,     717,     711,      -6,       0,  100.0,   68.4,   71.2,    8.1,   10.7,    5.7,    6.3,    1.8,    0.9,    8.9,    8.0,    1.6,   99.7,   99.7,    0.3,    0.3,  100.0,   68.4,   71.2,    8.1,   10.7,    5.7,    6.3,    1.8,    0.9,    8.9,    8.0,    1.6,   99.7,   99.7,    0.3,    0.3,  100.0,    0.0,    0.0,    0.0,    0.0,    0.0,    0.0,    0.0,    0.0,    0.0,    0.0,    0.0,    0.0,    0.0,    0.0,    0.0,     60,     31,     25,.,.,      4,      4,.,.,      5,      8,      9,     51,     47,     60,     31,     25,.,.,      4,      4,.,.,      5,      8,      9,     51,     47,      0,      0,      0,      0,      0,      0,      0,      0,      0,      0,      0,      0,      0,      0,    42.4,    36.3,    63.2,    61.5,    41.5,    27.6,    58.2,    50.4,    42.4,    36.3,    63.2,    61.5,    41.5,    27.6,    58.2,    50.4,     0.0,     0.0,     0.0,     0.0,     0.0,     0.0,     0.0,     0.0,(1MW for about 352 Hours),0643ID,IFED,064 ,N16,FutOnly
ERCOT North 345KV Hub RT 7x8 - ICE FUTURES ENERGY DIV,260728,2026-07-28,0643IK,IFED,01,064 ,  243273,   95726,  174561,    3494,   36066,    9567,  104751,    1139,   11228,   13070,    5690,    4763,  242599,  243014,     674,     259,  243273,   95726,  174561,    3494,   36066,    9567,  104751,    1139,   11228,   13070,    5690,    4763,  242599,  243014,     674,     259,       0,       0,       0,       0,       0,       0,       0,       0,       0,       0,       0,       0,       0,       0,       0,       0,    4076,    2535,    3053,      16,    -383,    1084,     384,     416,     395,     171,     195,    -504,    4081,    4256,      -5,    -180,  100.0,   39.3,   71.8,    1.4,   14.8,    3.9,   43.1,    0.5,    4.6,    5.4,    2.3,    2.0,   99.7,   99.9,    0.3,    0.1,  100.0,   39.3,   71.8,    1.4,   14.8,    3.9,   43.1,    0.5,    4.6,    5.4,    2.3,    2.0,   99.7,   99.9,    0.3,    0.1,  100.0,    0.0,    0.0,    0.0,    0.0,    0.0,    0.0,    0.0,    0.0,    0.0,    0.0,    0.0,    0.0,    0.0,    0.0,    0.0,     66,     25,     28,.,      4,      5,      9,.,      6,      8,      7,     11,     53,     54,     66,     25,     28,.,      4,      5,      9,.,      6,      8,      7,     11,     53,     54,      0,      0,      0,      0,      0,      0,      0,      0,      0,      0,      0,      0,      0,      0,    55.6,    46.4,    70.2,    66.6,    50.3,    43.4,    61.1,    58.4,    55.6,    46.4,    70.2,    66.6,    50.3,    43.4,    61.1,    58.4,     0.0,     0.0,     0.0,     0.0,     0.0,     0.0,     0.0,     0.0,(1MW for about 352 Hours),0643IK,IFED,064 ,N16,FutOnly
ISONE.H.INTERNAL_HUB_mo_on_dap - NODAL EXCHANGE,260728,2026-07-28,064AAA,NODX,01,064 ,   85261,   60797,   60232,      32,   11181,     952,    1265,    1790,     120,   11395,     175,     375,   74936,   74825,   10325,   10436,   85261,   60797,   60232,      32,   11181,     952,    1265,    1790,     120,   11395,     175,     375,   74936,   74825,   10325,   10436,       0,       0,       0,       0,       0,       0,       0,       0,       0,       0,       0,       0,       0,       0,       0,       0,     358,     351,    -919,       0,     890,    -217,       0,       0,       0,    -380,       0,       0,    -246,    -246,     604,     604,  100.0,   71.3,   70.6,    0.0,   13.1,    1.1,    1.5,    2.1,    0.1,   13.4,    0.2,    0.4,   87.9,   87.8,   12.1,   12.2,  100.0,   71.3,   70.6,    0.0,   13.1,    1.1,    1.5,    2.1,    0.1,   13.4,    0.2,    0.4,   87.9,   87.8,   12.1,   12.2,  100.0,    0.0,    0.0,    0.0,    0.0,    0.0,    0.0,    0.0,    0.0,    0.0,    0.0,    0.0,    0.0,    0.0,    0.0,    0.0,     33,     15,     17,.,      6,      6,.,.,.,.,.,.,     26,     27,     33,     15,     17,.,      6,      6,.,.,.,.,.,.,     26,     27,      0,      0,      0,      0,      0,      0,      0,      0,      0,      0,      0,      0,      0,      0,    67.9,    48.2,    79.9,    64.2,    65.7,    42.4,    73.2,    56.7,    67.9,    48.2,    79.9,    64.2,    65.7,    42.4,    73.2,    56.7,     0.0,     0.0,     0.0,     0.0,     0.0,     0.0,     0.0,     0.0,(Contracts of 400 MWh),064AAA,NODX,064 ,N16,FutOnly
ISONE.H.INTERNAL_HB_mo_off_dap - NODAL EXCHANGE,260728,2026-07-28,064AAB,NODX,01,064 ,   78295,   55377,   53462,       0,   11688,    1441,    1055,    1385,     220,   10863,     433,     240,   69196,   68869,    9099,    9426,   78295,   55377,   53462,       0,   11688,    1441,    1055,    1385,     220,   10863,     433,     240,   69196,   68869,    9099,    9426,       0,       0,       0,       0,       0,       0,       0,       0,       0,       0,       0,       0,       0,       0,       0,       0,      71,     225,   -1225,       0,     845,    -369,       0,     225,       0,    -380,       0,       0,    -524,    -524,     595,     595,  100.0,   70.7,   68.3,    0.0,   14.9,    1.8,    1.3,    1.8,    0.3,   13.9,    0.6,    0.3,   88.4,   88.0,   11.6,   12.0,  100.0,   70.7,   68.3,    0.0,   14.9,    1.8,    1.3,    1.8,    0.3,   13.9,    0.6,    0.3,   88.4,   88.0,   11.6,   12.0,  100.0,    0.0,    0.0,    0.0,    0.0,    0.0,    0.0,    0.0,    0.0,    0.0,    0.0,    0.0,    0.0,    0.0,    0.0,    0.0,     32,     16,     17,      0,      6,      4,.,.,.,.,.,.,     25,     26,     32,     16,     17,      0,      6,      4,.,.,.,.,.,.,     25,     26,      0,      0,      0,      0,      0,      0,      0,      0,      0,      0,      0,      0,      0,      0,    67.2,    45.8,    79.6,    63.9,    64.3,    41.3,    72.0,    55.0,    67.2,    45.8,    79.6,    63.9,    64.3,    41.3,    72.0,    55.0,     0.0,     0.0,     0.0,     0.0,     0.0,     0.0,     0.0,     0.0,(Contracts of 400 MWh),064AAB,NODX,064 ,N16,FutOnly
MISO.INDIANA.HUB_month_on_dap - NODAL EXCHANGE,260728,2026-07-28,064BFI,NODX,01,064 ,   19501,   12331,   13139,    3440,     360,     310,     150,     725,     180,       0,    1175,      80,   16491,   15969,    3010,    3532,   19501,   12331,   13139,    3440,     360,     310,     150,     725,     180,       0,    1175,      80,   16491,   15969,    3010,    3532,       0,       0,       0,       0,       0,       0,       0,       0,       0,       0,       0,       0,       0,       0,       0,       0,     160,      25,      55,       0,     210,       0,       0,       0,       0,       0,    -180,      80,     105,     165,      55,      -5,  100.0,   63.2,   67.4,   17.6,    1.8,    1.6,    0.8,    3.7,    0.9,    0.0,    6.0,    0.4,   84.6,   81.9,   15.4,   18.1,  100.0,   63.2,   67.4,   17.6,    1.8,    1.6,    0.8,    3.7,    0.9,    0.0,    6.0,    0.4,   84.6,   81.9,   15.4,   18.1,  100.0,    0.0,    0.0,    0.0,    0.0,    0.0,    0.0,    0.0,    0.0,    0.0,    0.0,    0.0,    0.0,    0.0,    0.0,    0.0,     25,     13,     14,.,.,.,.,.,.,      0,.,.,     18,     20,     25,     13,     14,.,.,.,.,.,.,      0,.,.,     18,     20,      0,      0,      0,      0,      0,      0,      0,      0,      0,      0,      0,      0,      0,      0,    53.1,    53.6,    72.6,    71.1,    50.8,    48.2,    61.3,    59.1,    53.1,    53.6,    72.6,    71.1,    50.8,    48.2,    61.3,    59.1,     0.0,     0.0,     0.0,     0.0,     0.0,     0.0,     0.0,     0.0,Megawatt Hours (MWh),064BFI,NODX,064 ,N16,FutOnly
MISO.INDIANA.HUB_month_off_dap - NODAL EXCHANGE,260728,2026-07-28,064BFJ,NODX,01,064 ,   19816,   13221,   13229,    2510,     150,     495,     150,     750,     180,       0,    1710,       0,   16556,   16514,    3260,    3302,   19816,   13221,   13229,    2510,     150,     495,     150,     750,     180,       0,    1710,       0,   16556,   16514,    3260,    3302,       0,       0,       0,       0,       0,       0,       0,       0,       0,       0,       0,       0,       0,       0,       0,       0,      10,      70,      70,       0,       0,       0,       0,       0,       0,       0,       0,       0,      70,      70,     -60,     -60,  100.0,   66.7,   66.8,   12.7,    0.8,    2.5,    0.8,    3.8,    0.9,    0.0,    8.6,    0.0,   83.5,   83.3,   16.5,   16.7,  100.0,   66.7,   66.8,   12.7,    0.8,    2.5,    0.8,    3.8,    0.9,    0.0,    8.6,    0.0,   83.5,   83.3,   16.5,   16.7,  100.0,    0.0,    0.0,    0.0,    0.0,    0.0,    0.0,    0.0,    0.0,    0.0,    0.0,    0.0,    0.0,    0.0,    0.0,    0.0,     24,     12,     12,.,.,.,.,.,.,      0,.,      0,     17,     17,     24,     12,     12,.,.,.,.,.,.,      0,.,      0,     17,     17,      0,      0,      0,      0,      0,      0,      0,      0,      0,      0,      0,      0,      0,      0,    53.8,    54.2,    70.7,    74.2,    50.7,    50.7,    61.8,    62.3,    53.8,    54.2,    70.7,    74.2,    50.7,    50.7,    61.8,    62.3,     0.0,     0.0,     0.0,     0.0,     0.0,     0.0,     0.0,     0.0,Megawatt Hours (MWh),064BFJ,NODX,064 ,N16,FutOnly
NYISO.CENTRL_month_on_dap - NODAL EXCHANGE,260728,2026-07-28,064CTQ,NODX,01,064 ,   37888,   16164,   35213,    7354,    1420,     540,      30,       0,     120,   12033,       0,       0,   36241,   37293,    1647,     595,   37888,   16164,   35213,    7354,    1420,     540,      30,       0,     120,   12033,       0,       0,   36241,   37293,    1647,     595,       0,       0,       0,       0,       0,       0,       0,       0,       0,       0,       0,       0,       0,       0,       0,       0,       0,       0,    -120,       0,       0,       0,    -120,       0,     120,       0,       0,       0,       0,       0,       0,       0,  100.0,   42.7,   92.9,   19.4,    3.7,    1.4,    0.1,    0.0,    0.3,   31.8,    0.0,    0.0,   95.7,   98.4,    4.3,    1.6,  100.0,   42.7,   92.9,   19.4,    3.7,    1.4,    0.1,    0.0,    0.3,   31.8,    0.0,    0.0,   95.7,   98.4,    4.3,    1.6,  100.0,    0.0,    0.0,    0.0,    0.0,    0.0,    0.0,    0.0,    0.0,    0.0,    0.0,    0.0,    0.0,    0.0,    0.0,    0.0,     22,     11,.,      4,.,.,.,      0,.,.,      0,      0,     18,      6,     22,     11,.,      4,.,.,.,      0,.,.,      0,      0,     18,      6,      0,      0,      0,      0,      0,      0,      0,      0,      0,      0,      0,      0,      0,      0,    71.5,    96.9,    84.6,    98.4,    71.5,    96.2,    84.6,    96.7,    71.5,    96.9,    84.6,    98.4,    71.5,    96.2,    84.6,    96.7,     0.0,     0.0,     0.0,     0.0,     0.0,     0.0,     0.0,     0.0,Megawatt Hours (MWh),064CTQ,NODX,064 ,N16,FutOnly
NYISO.CENTRL_month_off_dap - NODAL EXCHANGE,260728,2026-07-28,064CTR,NODX,01,064 ,   35578,   14599,   34338,    8564,     495,      60,      30,       0,     120,   10660,       0,       0,   34033,   35013,    1545,     565,   35578,   14599,   34338,    8564,     495,      60,      30,       0,     120,   10660,       0,       0,   34033,   35013,    1545,     565,       0,       0,       0,       0,       0,       0,       0,       0,       0,       0,       0,       0,       0,       0,       0,       0,       0,       0,    -120,       0,       0,       0,    -120,       0,     120,       0,       0,       0,       0,       0,       0,       0,  100.0,   41.0,   96.5,   24.1,    1.4,    0.2,    0.1,    0.0,    0.3,   30.0,    0.0,    0.0,   95.7,   98.4,    4.3,    1.6,  100.0,   41.0,   96.5,   24.1,    1.4,    0.2,    0.1,    0.0,    0.3,   30.0,    0.0,    0.0,   95.7,   98.4,    4.3,    1.6,  100.0,    0.0,    0.0,    0.0,    0.0,    0.0,    0.0,    0.0,    0.0,    0.0,    0.0,    0.0,    0.0,    0.0,    0.0,    0.0,     22,     12,      4,      5,.,.,.,      0,.,.,      0,      0,     20,      6,     22,     12,      4,      5,.,.,.,      0,.,.,      0,      0,     20,      6,      0,      0,      0,      0,      0,      0,      0,      0,      0,      0,      0,      0,      0,      0,    72.0,    97.7,    85.6,    98.4,    72.0,    96.4,    85.6,    96.4,    72.0,    97.7,    85.6,    98.4,    72.0,    96.4,    85.6,    96.4,     0.0,     0.0,     0.0,     0.0,     0.0,     0.0,     0.0,     0.0,Megawatt Hours (MWh),064CTR,NODX,064 ,N16,FutOnly
NYISO.HUD VL_month_on_dap - NODAL EXCHANGE,260728,2026-07-28,064CXO,NODX,01,064 ,   40206,   30354,   12009,    1985,   12063,    1220,     210,    1320,     360,     450,    7571,     360,   34939,   34903,    5267,    5303,   40206,   30354,   12009,    1985,   12063,    1220,     210,    1320,     360,     450,    7571,     360,   34939,   34903,    5267,    5303,       0,       0,       0,       0,       0,       0,       0,       0,       0,       0,       0,       0,       0,       0,       0,       0,      40,      25,     170,       0,    -130,      10,       0,       0,       0,       0,     -15,       0,      35,      35,       5,       5,  100.0,   75.5,   29.9,    4.9,   30.0,    3.0,    0.5,    3.3,    0.9,    1.1,   18.8,    0.9,   86.9,   86.8,   13.1,   13.2,  100.0,   75.5,   29.9,    4.9,   30.0,    3.0,    0.5,    3.3,    0.9,    1.1,   18.8,    0.9,   86.9,   86.8,   13.1,   13.2,  100.0,    0.0,    0.0,    0.0,    0.0,    0.0,    0.0,    0.0,    0.0,    0.0,    0.0,    0.0,    0.0,    0.0,    0.0,    0.0,     34,     19,     14,.,      4,      6,.,.,.,.,.,.,     30,     26,     34,     19,     14,.,      4,      6,.,.,.,.,.,.,     30,     26,      0,      0,      0,      0,      0,      0,      0,      0,      0,      0,      0,      0,      0,      0,    39.9,    49.6,    60.2,    67.3,    37.3,    47.1,    54.6,    59.6,    39.9,    49.6,    60.2,    67.3,    37.3,    47.1,    54.6,    59.6,     0.0,     0.0,     0.0,     0.0,     0.0,     0.0,     0.0,     0.0,Megawatt Hours (MWh),064CXO,NODX,064 ,N16,FutOnly
NYISO.HUD VL_month_off_dap - NODAL EXCHANGE,260728,2026-07-28,064CXP,NODX,01,064 ,   39487,   30593,   12177,    1615,   12053,    1027,     840,    1035,       0,     300,    7947,     459,   34834,   34698,    4653,    4789,   39487,   30593,   12177,    1615,   12053,    1027,     840,    1035,       0,     300,    7947,     459,   34834,   34698,    4653,    4789,       0,       0,       0,       0,       0,       0,       0,       0,       0,       0,       0,       0,       0,       0,       0,       0,      35,      30,     175,       0,    -130,       0,       0,       0,       0,       0,     -15,      15,      45,      45,     -10,     -10,  100.0,   77.5,   30.8,    4.1,   30.5,    2.6,    2.1,    2.6,    0.0,    0.8,   20.1,    1.2,   88.2,   87.9,   11.8,   12.1,  100.0,   77.5,   30.8,    4.1,   30.5,    2.6,    2.1,    2.6,    0.0,    0.8,   20.1,    1.2,   88.2,   87.9,   11.8,   12.1,  100.0,    0.0,    0.0,    0.0,    0.0,    0.0,    0.0,    0.0,    0.0,    0.0,    0.0,    0.0,    0.0,    0.0,    0.0,    0.0,     33,     18,     14,.,      4,      5,.,.,      0,.,.,.,     28,     24,     33,     18,     14,.,      4,      5,.,.,      0,.,.,.,     28,     24,      0,      0,      0,      0,      0,      0,      0,      0,      0,      0,      0,      0,      0,      0,    41.8,    51.1,    62.2,    71.2,    38.7,    48.6,    56.6,    63.8,    41.8,    51.1,    62.2,    71.2,    38.7,    48.6,    56.6,    63.8,     0.0,     0.0,     0.0,     0.0,     0.0,     0.0,     0.0,     0.0,Megawatt Hours (MWh),064CXP,NODX,064 ,N16,FutOnly
NYISO.N.Y.C._month_on_dap - NODAL EXCHANGE,260728,2026-07-28,064CZS,NODX,01,064 ,   30142,   17007,   23533,    5705,      20,    1565,       0,     300,       0,    1076,     450,     764,   26117,   26632,    4025,    3510,   30142,   17007,   23533,    5705,      20,    1565,       0,     300,       0,    1076,     450,     764,   26117,   26632,    4025,    3510,       0,       0,       0,       0,       0,       0,       0,       0,       0,       0,       0,       0,       0,       0,       0,       0,     539,     300,    -225,     220,     -80,      80,       0,       0,       0,    -825,       0,     764,     539,     539,       0,       0,  100.0,   56.4,   78.1,   18.9,    0.1,    5.2,    0.0,    1.0,    0.0,    3.6,    1.5,    2.5,   86.6,   88.4,   13.4,   11.6,  100.0,   56.4,   78.1,   18.9,    0.1,    5.2,    0.0,    1.0,    0.0,    3.6,    1.5,    2.5,   86.6,   88.4,   13.4,   11.6,  100.0,    0.0,    0.0,    0.0,    0.0,    0.0,    0.0,    0.0,    0.0,    0.0,    0.0,    0.0,    0.0,    0.0,    0.0,    0.0,     27,     11,     13,      4,.,      4,      0,.,      0,.,.,.,     18,     20,     27,     11,     13,      4,.,      4,      0,.,      0,.,.,.,     18,     20,      0,      0,      0,      0,      0,      0,      0,      0,      0,      0,      0,      0,      0,      0,    54.8,    52.1,    71.4,    77.1,    54.8,    51.5,    69.8,    75.5,    54.8,    52.1,    71.4,    77.1,    54.8,    51.5,    69.8,    75.5,     0.0,     0.0,     0.0,     0.0,     0.0,     0.0,     0.0,     0.0,Megawatt Hours (MWh),064CZS,NODX,064 ,N16,FutOnly
NYISO.N.Y.C._month_off_dap - NODAL EXCHANGE,260728,2026-07-28,064CZT,NODX,01,064 ,   29362,   15974,   23193,    6190,       0,    1445,       0,     300,       0,    1000,     344,     720,   25329,   26002,    4033,    3360,   29362,   15974,   23193,    6190,       0,    1445,       0,     300,       0,    1000,     344,     720,   25329,   26002,    4033,    3360,       0,       0,       0,       0,       0,       0,       0,       0,       0,       0,       0,       0,       0,       0,       0,       0,     539,     300,    -225,     300,       0,       0,       0,       0,       0,    -781,      44,     720,     539,     539,       0,       0,  100.0,   54.4,   79.0,   21.1,    0.0,    4.9,    0.0,    1.0,    0.0,    3.4,    1.2,    2.5,   86.3,   88.6,   13.7,   11.4,  100.0,   54.4,   79.0,   21.1,    0.0,    4.9,    0.0,    1.0,    0.0,    3.4,    1.2,    2.5,   86.3,   88.6,   13.7,   11.4,  100.0,    0.0,    0.0,    0.0,    0.0,    0.0,    0.0,    0.0,    0.0,    0.0,    0.0,    0.0,    0.0,    0.0,    0.0,    0.0,     26,     10,     12,      5,      0,.,      0,.,      0,.,.,.,     17,     18,     26,     10,     12,      5,      0,.,      0,.,      0,.,.,.,     17,     18,      0,      0,      0,      0,      0,      0,      0,      0,      0,      0,      0,      0,      0,      0,    54.3,    51.4,    71.4,    78.4,    54.3,    50.8,    70.2,    76.4,    54.3,    51.4,    71.4,    78.4,    54.3,    50.8,    70.2,    76.4,     0.0,     0.0,     0.0,     0.0,     0.0,     0.0,     0.0,     0.0,Megawatt Hours (MWh),064CZT,NODX,064 ,N16,FutOnly
NYISO.WEST_month_on_dap - NODAL EXCHANGE,260728,2026-07-28,064DEU,NODX,01,064 ,   35072,   28496,   20520,    2552,    6649,    1362,       0,       0,       0,     150,    4126,     524,   33084,   33181,    1988,    1891,   35072,   28496,   20520,    2552,    6649,    1362,       0,       0,       0,     150,    4126,     524,   33084,   33181,    1988,    1891,       0,       0,       0,       0,       0,       0,       0,       0,       0,       0,       0,       0,       0,       0,       0,       0,     522,     194,     304,     230,       0,     -46,       0,       0,       0,       0,     240,       0,     378,     498,     144,      24,  100.0,   81.3,   58.5,    7.3,   19.0,    3.9,    0.0,    0.0,    0.0,    0.4,   11.8,    1.5,   94.3,   94.6,    5.7,    5.4,  100.0,   81.3,   58.5,    7.3,   19.0,    3.9,    0.0,    0.0,    0.0,    0.4,   11.8,    1.5,   94.3,   94.6,    5.7,    5.4,  100.0,    0.0,    0.0,    0.0,    0.0,    0.0,    0.0,    0.0,    0.0,    0.0,    0.0,    0.0,    0.0,    0.0,    0.0,    0.0,     28,     12,     15,      4,.,      4,      0,      0,      0,.,.,.,     19,     21,     28,     12,     15,      4,.,      4,      0,      0,      0,.,.,.,     19,     21,      0,      0,      0,      0,      0,      0,      0,      0,      0,      0,      0,      0,      0,      0,    69.7,    51.6,    82.9,    77.5,    56.3,    49.7,    66.6,    68.9,    69.7,    51.6,    82.9,    77.5,    56.3,    49.7,    66.6,    68.9,     0.0,     0.0,     0.0,     0.0,     0.0,     0.0,     0.0,     0.0,Megawatt Hours (MWh),064DEU,NODX,064 ,N16,FutOnly
NYISO.WEST_month_off_dap - NODAL EXCHANGE,260728,2026-07-28,064DEV,NODX,01,064 ,   34906,   27709,   20778,    3854,    7224,     321,       0,     335,       0,     150,    3322,     678,   32712,   32658,    2194,    2248,   34906,   27709,   20778,    3854,    7224,     321,       0,     335,       0,     150,    3322,     678,   32712,   32658,    2194,    2248,       0,       0,       0,       0,       0,       0,       0,       0,       0,       0,       0,       0,       0,       0,       0,       0,     370,     199,      34,     -25,       0,      50,       0,       0,       0,       0,     260,       0,     224,     344,     146,      26,  100.0,   79.4,   59.5,   11.0,   20.7,    0.9,    0.0,    1.0,    0.0,    0.4,    9.5,    1.9,   93.7,   93.6,    6.3,    6.4,  100.0,   79.4,   59.5,   11.0,   20.7,    0.9,    0.0,    1.0,    0.0,    0.4,    9.5,    1.9,   93.7,   93.6,    6.3,    6.4,  100.0,    0.0,    0.0,    0.0,    0.0,    0.0,    0.0,    0.0,    0.0,    0.0,    0.0,    0.0,    0.0,    0.0,    0.0,    0.0,     25,      9,     14,.,.,.,      0,.,      0,.,.,.,     14,     21,     25,      9,     14,.,.,.,      0,.,      0,.,.,.,     14,     21,      0,      0,      0,      0,      0,      0,      0,      0,      0,      0,      0,      0,      0,      0,    74.6,    55.4,    89.5,    77.7,    63.5,    53.4,    76.2,    69.9,    74.6,    55.4,    89.5,    77.7,    63.5,    53.4,    76.2,    69.9,     0.0,     0.0,     0.0,     0.0,     0.0,     0.0,     0.0,     0.0,Megawatt Hours (MWh),064DEV,NODX,064 ,N16,FutOnly
PJM.AEP_month_on_dap - NODAL EXCHANGE,260728,2026-07-28,064DLQ,NODX,01,064 ,   31155,   19615,   23481,    7483,     460,     370,    1655,       0,       0,     501,    5549,     380,   30004,   30240,    1151,     915,   31155,   19615,   23481,    7483,     460,     370,    1655,       0,       0,     501,    5549,     380,   30004,   30240,    1151,     915,       0,       0,       0,       0,       0,       0,       0,       0,       0,       0,       0,       0,       0,       0,       0,       0,       0,       0,       0,       0,       0,       0,       0,       0,       0,       0,       0,       0,       0,       0,       0,       0,  100.0,   63.0,   75.4,   24.0,    1.5,    1.2,    5.3,    0.0,    0.0,    1.6,   17.8,    1.2,   96.3,   97.1,    3.7,    2.9,  100.0,   63.0,   75.4,   24.0,    1.5,    1.2,    5.3,    0.0,    0.0,    1.6,   17.8,    1.2,   96.3,   97.1,    3.7,    2.9,  100.0,    0.0,    0.0,    0.0,    0.0,    0.0,    0.0,    0.0,    0.0,    0.0,    0.0,    0.0,    0.0,    0.0,    0.0,    0.0,     22,     11,.,      4,.,.,.,      0,      0,.,.,.,     19,      6,     22,     11,.,      4,.,.,.,      0,      0,.,.,.,     19,      6,      0,      0,      0,      0,      0,      0,      0,      0,      0,      0,      0,      0,      0,      0,    64.3,    94.2,    80.3,    97.1,    64.3,    92.9,    80.3,    94.6,    64.3,    94.2,    80.3,    97.1,    64.3,    92.9,    80.3,    94.6,     0.0,     0.0,     0.0,     0.0,     0.0,     0.0,     0.0,     0.0,Megawatt Hours (MWh),064DLQ,NODX,064 ,N16,FutOnly
PJM.AEP_month_off_dap - NODAL EXCHANGE,260728,2026-07-28,064DLR,NODX,01,064 ,   31120,   19640,   23446,    7453,     460,     370,    1655,       0,       0,     501,    5549,     380,   29999,   30205,    1121,     915,   31120,   19640,   23446,    7453,     460,     370,    1655,       0,       0,     501,    5549,     380,   29999,   30205,    1121,     915,       0,       0,       0,       0,       0,       0,       0,       0,       0,       0,       0,       0,       0,       0,       0,       0,       0,       0,       0,       0,       0,       0,       0,       0,       0,       0,       0,       0,       0,       0,       0,       0,  100.0,   63.1,   75.3,   23.9,    1.5,    1.2,    5.3,    0.0,    0.0,    1.6,   17.8,    1.2,   96.4,   97.1,    3.6,    2.9,  100.0,   63.1,   75.3,   23.9,    1.5,    1.2,    5.3,    0.0,    0.0,    1.6,   17.8,    1.2,   96.4,   97.1,    3.6,    2.9,  100.0,    0.0,    0.0,    0.0,    0.0,    0.0,    0.0,    0.0,    0.0,    0.0,    0.0,    0.0,    0.0,    0.0,    0.0,    0.0,     22,     11,.,      4,.,.,.,      0,      0,.,.,.,     19,      6,     22,     11,.,      4,.,.,.,      0,      0,.,.,.,     19,      6,      0,      0,      0,      0,      0,      0,      0,      0,      0,      0,      0,      0,      0,      0,    64.4,    94.2,    80.3,    97.1,    64.4,    92.9,    80.3,    94.5,    64.4,    94.2,    80.3,    97.1,    64.4,    92.9,    80.3,    94.5,     0.0,     0.0,     0.0,     0.0,     0.0,     0.0,     0.0,     0.0,Megawatt Hours (MWh),064DLR,NODX,064 ,N16,FutOnly
PJM.AEP-DAYTON HUB_mo_on_dap - NODAL EXCHANGE,260728,2026-07-28,064DLW,NODX,01,064 ,  107808,   47015,   44913,    6107,   26007,    1956,    3176,    5877,     420,   23822,    2903,     890,   83386,   82966,   24422,   24842,  107808,   47015,   44913,    6107,   26007,    1956,    3176,    5877,     420,   23822,    2903,     890,   83386,   82966,   24422,   24842,       0,       0,       0,       0,       0,       0,       0,       0,       0,       0,       0,       0,       0,       0,       0,       0,     378,     210,     280,    -230,    -250,     228,    -100,       0,     100,     150,       0,       0,     358,     358,      20,      20,  100.0,   43.6,   41.7,    5.7,   24.1,    1.8,    2.9,    5.5,    0.4,   22.1,    2.7,    0.8,   77.3,   77.0,   22.7,   23.0,  100.0,   43.6,   41.7,    5.7,   24.1,    1.8,    2.9,    5.5,    0.4,   22.1,    2.7,    0.8,   77.3,   77.0,   22.7,   23.0,  100.0,    0.0,    0.0,    0.0,    0.0,    0.0,    0.0,    0.0,    0.0,    0.0,    0.0,    0.0,    0.0,    0.0,    0.0,    0.0,     44,     17,     22,.,      5,      5,.,.,.,      6,.,.,     32,     36,     44,     17,     22,.,      5,      5,.,.,.,      6,.,.,     32,     36,      0,      0,      0,      0,      0,      0,      0,      0,      0,      0,      0,      0,      0,      0,    47.2,    36.5,    63.6,    54.9,    45.0,    33.6,    56.0,    48.1,    47.2,    36.5,    63.6,    54.9,    45.0,    33.6,    56.0,    48.1,     0.0,     0.0,     0.0,     0.0,     0.0,     0.0,     0.0,     0.0,Megawatt Hours (MWh),064DLW,NODX,064 ,N16,FutOnly
PJM.AEP-DAYTON HUB_mo_off_dap - NODAL EXCHANGE,260728,2026-07-28,064DLX,NODX,01,064 ,  103771,   43213,   48343,    5993,   22158,    2080,    3066,    3060,     665,   24622,    2883,     890,   80529,   80079,   23242,   23692,  103771,   43213,   48343,    5993,   22158,    2080,    3066,    3060,     665,   24622,    2883,     890,   80529,   80079,   23242,   23692,       0,       0,       0,       0,       0,       0,       0,       0,       0,       0,       0,       0,       0,       0,       0,       0,     338,      76,     146,    -230,    -250,     233,    -100,       0,     100,     150,       0,       0,     229,     229,     109,     109,  100.0,   41.6,   46.6,    5.8,   21.4,    2.0,    3.0,    2.9,    0.6,   23.7,    2.8,    0.9,   77.6,   77.2,   22.4,   22.8,  100.0,   41.6,   46.6,    5.8,   21.4,    2.0,    3.0,    2.9,    0.6,   23.7,    2.8,    0.9,   77.6,   77.2,   22.4,   22.8,  100.0,    0.0,    0.0,    0.0,    0.0,    0.0,    0.0,    0.0,    0.0,    0.0,    0.0,    0.0,    0.0,    0.0,    0.0,    0.0,     41,     15,     21,.,      5,      5,.,.,.,      6,.,.,     30,     34,     41,     15,     21,.,      5,      5,.,.,.,      6,.,.,     30,     34,      0,      0,      0,      0,      0,      0,      0,      0,      0,      0,      0,      0,      0,      0,    47.0,    36.9,    64.5,    54.0,    41.7,    34.7,    52.7,    47.2,    47.0,    36.9,    64.5,    54.0,    41.7,    34.7,    52.7,    47.2,     0.0,     0.0,     0.0,     0.0,     0.0,     0.0,     0.0,     0.0,Megawatt Hours (MWh),064DLX,NODX,064 ,N16,FutOnly
PJM.APS_month_on_dap - NODAL EXCHANGE,260728,2026-07-28,064DMY,NODX,01,064 ,   13611,    7441,   11650,    1115,     901,      90,    2145,       0,       0,    1050,     235,       0,   11841,   12876,    1770,     735,   13611,    7441,   11650,    1115,     901,      90,    2145,       0,       0,    1050,     235,       0,   11841,   12876,    1770,     735,       0,       0,       0,       0,       0,       0,       0,       0,       0,       0,       0,       0,       0,       0,       0,       0,       0,       0,       0,       0,       0,       0,       0,       0,       0,       0,       0,       0,       0,       0,       0,       0,  100.0,   54.7,   85.6,    8.2,    6.6,    0.7,   15.8,    0.0,    0.0,    7.7,    1.7,    0.0,   87.0,   94.6,   13.0,    5.4,  100.0,   54.7,   85.6,    8.2,    6.6,    0.7,   15.8,    0.0,    0.0,    7.7,    1.7,    0.0,   87.0,   94.6,   13.0,    5.4,  100.0,    0.0,    0.0,    0.0,    0.0,    0.0,    0.0,    0.0,    0.0,    0.0,    0.0,    0.0,    0.0,    0.0,    0.0,    0.0,     20,     11,      6,.,.,.,.,      0,      0,.,.,      0,     16,      8,     20,     11,      6,.,.,.,.,      0,      0,.,.,      0,     16,      8,      0,      0,      0,      0,      0,      0,      0,      0,      0,      0,      0,      0,      0,      0,    41.0,    86.0,    69.1,    94.6,    41.0,    85.4,    67.0,    89.0,    41.0,    86.0,    69.1,    94.6,    41.0,    85.4,    67.0,    89.0,     0.0,     0.0,     0.0,     0.0,     0.0,     0.0,     0.0,     0.0,Megawatt Hours (MWh),064DMY,NODX,064 ,N16,FutOnly
PJM.APS_month_off_dap - NODAL EXCHANGE,260728,2026-07-28,064DMZ,NODX,01,064 ,   12867,    6969,   10906,    1115,     901,      90,    2145,       0,       0,     778,     235,       0,   11097,   12132,    1770,     735,   12867,    6969,   10906,    1115,     901,      90,    2145,       0,       0,     778,     235,       0,   11097,   12132,    1770,     735,       0,       0,       0,       0,       0,       0,       0,       0,       0,       0,       0,       0,       0,       0,       0,       0,       0,       0,       0,       0,       0,       0,       0,       0,       0,       0,       0,       0,       0,       0,       0,       0,  100.0,   54.2,   84.8,    8.7,    7.0,    0.7,   16.7,    0.0,    0.0,    6.0,    1.8,    0.0,   86.2,   94.3,   13.8,    5.7,  100.0,   54.2,   84.8,    8.7,    7.0,    0.7,   16.7,    0.0,    0.0,    6.0,    1.8,    0.0,   86.2,   94.3,   13.8,    5.7,  100.0,    0.0,    0.0,    0.0,    0.0,    0.0,    0.0,    0.0,    0.0,    0.0,    0.0,    0.0,    0.0,    0.0,    0.0,    0.0,     20,     11,      6,.,.,.,.,      0,      0,.,.,      0,     16,      8,     20,     11,      6,.,.,.,.,      0,      0,.,.,      0,     16,      8,      0,      0,      0,      0,      0,      0,      0,      0,      0,      0,      0,      0,      0,      0,    42.2,    86.0,    67.6,    94.3,    42.2,    85.3,    67.6,    89.1,    42.2,    86.0,    67.6,    94.3,    42.2,    85.3,    67.6,    89.1,     0.0,     0.0,     0.0,     0.0,     0.0,     0.0,     0.0,     0.0,Megawatt Hours (MWh),064DMZ,NODX,064 ,N16,FutOnly
PJM.BGE_month_on_dap - NODAL EXCHANGE,260728,2026-07-28,064DPQ,NODX,01,064 ,   27935,   18845,   23020,    2960,     890,     280,    2615,       0,       0,    1630,    1960,     465,   26795,   26615,    1140,    1320,   27935,   18845,   23020,    2960,     890,     280,    2615,       0,       0,    1630,    1960,     465,   26795,   26615,    1140,    1320,       0,       0,       0,       0,       0,       0,       0,       0,       0,       0,       0,       0,       0,       0,       0,       0,     580,     600,     525,       0,      50,       0,      25,       0,       0,       5,      50,     -20,     610,     605,     -30,     -25,  100.0,   67.5,   82.4,   10.6,    3.2,    1.0,    9.4,    0.0,    0.0,    5.8,    7.0,    1.7,   95.9,   95.3,    4.1,    4.7,  100.0,   67.5,   82.4,   10.6,    3.2,    1.0,    9.4,    0.0,    0.0,    5.8,    7.0,    1.7,   95.9,   95.3,    4.1,    4.7,  100.0,    0.0,    0.0,    0.0,    0.0,    0.0,    0.0,    0.0,    0.0,    0.0,    0.0,    0.0,    0.0,    0.0,    0.0,    0.0,     28,     14,      5,.,.,.,.,      0,      0,.,.,.,     24,     12,     28,     14,      5,.,.,.,.,      0,      0,.,.,.,     24,     12,      0,      0,      0,      0,      0,      0,      0,      0,      0,      0,      0,      0,      0,      0,    53.4,    89.5,    74.8,    94.0,    53.0,    88.2,    74.0,    91.1,    53.4,    89.5,    74.8,    94.0,    53.0,    88.2,    74.0,    91.1,     0.0,     0.0,     0.0,     0.0,     0.0,     0.0,     0.0,     0.0,Megawatt Hours (MWh),064DPQ,NODX,064 ,N16,FutOnly
PJM.BGE_month_off_dap - NODAL EXCHANGE,260728,2026-07-28,064DPR,NODX,01,064 ,   27830,   18605,   22760,    2735,     690,     320,    2615,       0,       0,    1630,    1985,     465,   26370,   26220,    1460,    1610,   27830,   18605,   22760,    2735,     690,     320,    2615,       0,       0,    1630,    1985,     465,   26370,   26220,    1460,    1610,       0,       0,       0,       0,       0,       0,       0,       0,       0,       0,       0,       0,       0,       0,       0,       0,     580,     600,     525,       0,      50,       0,      25,       0,       0,       5,      50,     -20,     610,     605,     -30,     -25,  100.0,   66.9,   81.8,    9.8,    2.5,    1.1,    9.4,    0.0,    0.0,    5.9,    7.1,    1.7,   94.8,   94.2,    5.2,    5.8,  100.0,   66.9,   81.8,    9.8,    2.5,    1.1,    9.4,    0.0,    0.0,    5.9,    7.1,    1.7,   94.8,   94.2,    5.2,    5.8,  100.0,    0.0,    0.0,    0.0,    0.0,    0.0,    0.0,    0.0,    0.0,    0.0,    0.0,    0.0,    0.0,    0.0,    0.0,    0.0,     28,     14,      5,      4,.,.,.,      0,      0,.,.,.,     24,     12,     28,     14,      5,      4,.,.,.,      0,      0,.,.,.,     24,     12,      0,      0,      0,      0,      0,      0,      0,      0,      0,      0,      0,      0,      0,      0,    52.8,    89.0,    73.1,    92.9,    52.4,    87.7,    72.2,    89.8,    52.8,    89.0,    73.1,    92.9,    52.4,    87.7,    72.2,    89.8,     0.0,     0.0,     0.0,     0.0,     0.0,     0.0,     0.0,     0.0,Megawatt Hours (MWh),064DPR,NODX,064 ,N16,FutOnly
PJM.DOM_month_on_dap - NODAL EXCHANGE,260728,2026-07-28,064DZS,NODX,01,064 ,   12254,    8145,    5415,    1560,    3170,     459,     750,     750,       0,     800,    1900,       0,   11714,   11694,     540,     560,   12254,    8145,    5415,    1560,    3170,     459,     750,     750,       0,     800,    1900,       0,   11714,   11694,     540,     560,       0,       0,       0,       0,       0,       0,       0,       0,       0,       0,       0,       0,       0,       0,       0,       0,.,.,.,.,.,.,.,.,.,.,.,.,.,.,.,.,  100.0,   66.5,   44.2,   12.7,   25.9,    3.7,    6.1,    6.1,    0.0,    6.5,   15.5,    0.0,   95.6,   95.4,    4.4,    4.6,  100.0,   66.5,   44.2,   12.7,   25.9,    3.7,    6.1,    6.1,    0.0,    6.5,   15.5,    0.0,   95.6,   95.4,    4.4,    4.6,  100.0,    0.0,    0.0,    0.0,    0.0,    0.0,    0.0,    0.0,    0.0,    0.0,    0.0,    0.0,    0.0,    0.0,    0.0,    0.0,     21,     10,.,.,      5,.,.,.,      0,.,.,      0,     15,     10,     21,     10,.,.,      5,.,.,.,      0,.,.,      0,     15,     10,      0,      0,      0,      0,      0,      0,      0,      0,      0,      0,      0,      0,      0,      0,    58.1,    74.7,    80.5,    93.6,    58.1,    69.0,    78.7,    85.1,    58.1,    74.7,    80.5,    93.6,    58.1,    69.0,    78.7,    85.1,     0.0,     0.0,     0.0,     0.0,     0.0,     0.0,     0.0,     0.0,Megawatt Hours (MWh),064DZS,NODX,064 ,N16,FutOnly
PJM.DOM_month_off_dap - NODAL EXCHANGE,260728,2026-07-28,064DZT,NODX,01,064 ,   12794,    8555,    5865,    1860,    3495,     294,     750,     750,       0,     800,    1900,       0,   12259,   12304,     535,     490,   12794,    8555,    5865,    1860,    3495,     294,     750,     750,       0,     800,    1900,       0,   12259,   12304,     535,     490,       0,       0,       0,       0,       0,       0,       0,       0,       0,       0,       0,       0,       0,       0,       0,       0,     615,     555,     435,       0,     324,       0,       0,       0,       0,       0,       0,       0,     555,     759,      60,    -144,  100.0,   66.9,   45.8,   14.5,   27.3,    2.3,    5.9,    5.9,    0.0,    6.3,   14.9,    0.0,   95.8,   96.2,    4.2,    3.8,  100.0,   66.9,   45.8,   14.5,   27.3,    2.3,    5.9,    5.9,    0.0,    6.3,   14.9,    0.0,   95.8,   96.2,    4.2,    3.8,  100.0,    0.0,    0.0,    0.0,    0.0,    0.0,    0.0,    0.0,    0.0,    0.0,    0.0,    0.0,    0.0,    0.0,    0.0,    0.0,     23,     11,      4,.,      5,.,.,.,      0,.,.,      0,     17,     11,     23,     11,      4,.,      5,.,.,.,      0,.,.,      0,     17,     11,      0,      0,      0,      0,      0,      0,      0,      0,      0,      0,      0,      0,      0,      0,    57.1,    73.9,    80.1,    93.3,    57.1,    68.4,    79.6,    85.5,    57.1,    73.9,    80.1,    93.3,    57.1,    68.4,    79.6,    85.5,     0.0,     0.0,     0.0,     0.0,     0.0,     0.0,     0.0,     0.0,Megawatt Hours (MWh),064DZT,NODX,064 ,N16,FutOnly
ERCOT North 345KV Hub RT 10x17 - ICE FUTURES ENERGY DIV,260728,2026-07-28,064ED7,IFED,01,064 ,    7375,    5933,    3388,     510,     555,     210,       0,       0,       0,     465,    2570,       0,    7118,    6723,     257,     652,    7375,    5933,    3388,     510,     555,     210,       0,       0,       0,     465,    2570,       0,    7118,    6723,     257,     652,       0,       0,       0,       0,       0,       0,       0,       0,       0,       0,       0,       0,       0,       0,       0,       0,     100,     105,       0,       0,     100,       0,       0,       0,       0,       0,       0,       0,     105,     100,      -5,       0,  100.0,   80.4,   45.9,    6.9,    7.5,    2.8,    0.0,    0.0,    0.0,    6.3,   34.8,    0.0,   96.5,   91.2,    3.5,    8.8,  100.0,   80.4,   45.9,    6.9,    7.5,    2.8,    0.0,    0.0,    0.0,    6.3,   34.8,    0.0,   96.5,   91.2,    3.5,    8.8,  100.0,    0.0,    0.0,    0.0,    0.0,    0.0,    0.0,    0.0,    0.0,    0.0,    0.0,    0.0,    0.0,    0.0,    0.0,    0.0,     21,     11,      5,.,.,.,      0,      0,      0,.,.,      0,     15,     10,     21,     11,      5,.,.,.,      0,      0,      0,.,.,      0,     15,     10,      0,      0,      0,      0,      0,      0,      0,      0,      0,      0,      0,      0,      0,      0,    70.2,    79.3,    89.4,    90.3,    67.4,    78.5,    86.3,    87.0,    70.2,    79.3,    89.4,    90.3,    67.4,    78.5,    86.3,    87.0,     0.0,     0.0,     0.0,     0.0,     0.0,     0.0,     0.0,     0.0,(1MW for about 352 Hours),064ED7,IFED,064 ,N16,FutOnly
PJM.JCPL_month_on_dap - NODAL EXCHANGE,260728,2026-07-28,064EJI,NODX,01,064 ,   51537,   35012,   38040,    2645,    2562,     930,    3270,    5090,       0,    4045,     220,     930,   46832,   47772,    4705,    3765,   51537,   35012,   38040,    2645,    2562,     930,    3270,    5090,       0,    4045,     220,     930,   46832,   47772,    4705,    3765,       0,       0,       0,       0,       0,       0,       0,       0,       0,       0,       0,       0,       0,       0,       0,       0,       0,       0,       0,       0,       0,       0,       0,       0,       0,       0,       0,       0,       0,       0,       0,       0,  100.0,   67.9,   73.8,    5.1,    5.0,    1.8,    6.3,    9.9,    0.0,    7.8,    0.4,    1.8,   90.9,   92.7,    9.1,    7.3,  100.0,   67.9,   73.8,    5.1,    5.0,    1.8,    6.3,    9.9,    0.0,    7.8,    0.4,    1.8,   90.9,   92.7,    9.1,    7.3,  100.0,    0.0,    0.0,    0.0,    0.0,    0.0,    0.0,    0.0,    0.0,    0.0,    0.0,    0.0,    0.0,    0.0,    0.0,    0.0,     29,     14,      8,.,.,      4,.,.,      0,.,.,.,     23,     16,     29,     14,      8,.,.,      4,.,.,      0,.,.,.,     23,     16,      0,      0,      0,      0,      0,      0,      0,      0,      0,      0,      0,      0,      0,      0,    52.9,    78.3,    69.8,    88.4,    48.9,    78.3,    65.8,    83.9,    52.9,    78.3,    69.8,    88.4,    48.9,    78.3,    65.8,    83.9,     0.0,     0.0,     0.0,     0.0,     0.0,     0.0,     0.0,     0.0,Megawatt Hours (MWh),064EJI,NODX,064 ,N16,FutOnly
PJM.JCPL_month_off_dap - NODAL EXCHANGE,260728,2026-07-28,064EJJ,NODX,01,064 ,   48902,   32282,   35935,    1755,    2537,    1315,    3270,    4490,       0,    4255,       0,     455,   43332,   44732,    5570,    4170,   48902,   32282,   35935,    1755,    2537,    1315,    3270,    4490,       0,    4255,       0,     455,   43332,   44732,    5570,    4170,       0,       0,       0,       0,       0,       0,       0,       0,       0,       0,       0,       0,       0,       0,       0,       0,       0,       0,       0,       0,       0,       0,       0,       0,       0,       0,       0,       0,       0,       0,       0,       0,  100.0,   66.0,   73.5,    3.6,    5.2,    2.7,    6.7,    9.2,    0.0,    8.7,    0.0,    0.9,   88.6,   91.5,   11.4,    8.5,  100.0,   66.0,   73.5,    3.6,    5.2,    2.7,    6.7,    9.2,    0.0,    8.7,    0.0,    0.9,   88.6,   91.5,   11.4,    8.5,  100.0,    0.0,    0.0,    0.0,    0.0,    0.0,    0.0,    0.0,    0.0,    0.0,    0.0,    0.0,    0.0,    0.0,    0.0,    0.0,     28,     13,      8,.,.,      5,.,.,      0,.,      0,.,     23,     16,     28,     13,      8,.,.,      5,.,.,      0,.,      0,.,     23,     16,      0,      0,      0,      0,      0,      0,      0,      0,      0,      0,      0,      0,      0,      0,    51.1,    78.7,    69.0,    87.2,    48.3,    78.7,    66.2,    84.5,    51.1,    78.7,    69.0,    87.2,    48.3,    78.7,    66.2,    84.5,     0.0,     0.0,     0.0,     0.0,     0.0,     0.0,     0.0,     0.0,Megawatt Hours (MWh),064EJJ,NODX,064 ,N16,FutOnly
PJM.METED_month_on_dap - NODAL EXCHANGE,260728,2026-07-28,064EOW,NODX,01,064 ,   13753,   11120,    9580,       0,    2168,     470,     275,     330,      70,       0,     205,     120,   12055,   12943,    1698,     810,   13753,   11120,    9580,       0,    2168,     470,     275,     330,      70,       0,     205,     120,   12055,   12943,    1698,     810,       0,       0,       0,       0,       0,       0,       0,       0,       0,       0,       0,       0,       0,       0,       0,       0,     -65,     125,     -60,    -175,    -115,      45,       0,       0,       0,       0,       0,       0,      -5,    -130,     -60,      65,  100.0,   80.9,   69.7,    0.0,   15.8,    3.4,    2.0,    2.4,    0.5,    0.0,    1.5,    0.9,   87.7,   94.1,   12.3,    5.9,  100.0,   80.9,   69.7,    0.0,   15.8,    3.4,    2.0,    2.4,    0.5,    0.0,    1.5,    0.9,   87.7,   94.1,   12.3,    5.9,  100.0,    0.0,    0.0,    0.0,    0.0,    0.0,    0.0,    0.0,    0.0,    0.0,    0.0,    0.0,    0.0,    0.0,    0.0,    0.0,     21,     10,      4,      0,      4,      4,.,.,.,      0,.,.,     17,     11,     21,     10,      4,      0,      4,      4,.,.,.,      0,.,.,     17,     11,      0,      0,      0,      0,      0,      0,      0,      0,      0,      0,      0,      0,      0,      0,    57.1,    76.8,    77.5,    90.7,    57.1,    76.1,    75.7,    84.5,    57.1,    76.8,    77.5,    90.7,    57.1,    76.1,    75.7,    84.5,     0.0,     0.0,     0.0,     0.0,     0.0,     0.0,     0.0,     0.0,Megawatt Hours (MWh),064EOW,NODX,064 ,N16,FutOnly
PJM.METED_month_off_dap - NODAL EXCHANGE,260728,2026-07-28,064EOX,NODX,01,064 ,   13873,   11260,    9740,       0,    2168,     485,     275,     330,      70,       0,     205,     120,   12210,   13118,    1663,     755,   13873,   11260,    9740,       0,    2168,     485,     275,     330,      70,       0,     205,     120,   12210,   13118,    1663,     755,       0,       0,       0,       0,       0,       0,       0,       0,       0,       0,       0,       0,       0,       0,       0,       0,    -135,     -20,     -80,    -175,    -115,      45,       0,       0,       0,       0,       0,       0,    -150,    -150,      15,      15,  100.0,   81.2,   70.2,    0.0,   15.6,    3.5,    2.0,    2.4,    0.5,    0.0,    1.5,    0.9,   88.0,   94.6,   12.0,    5.4,  100.0,   81.2,   70.2,    0.0,   15.6,    3.5,    2.0,    2.4,    0.5,    0.0,    1.5,    0.9,   88.0,   94.6,   12.0,    5.4,  100.0,    0.0,    0.0,    0.0,    0.0,    0.0,    0.0,    0.0,    0.0,    0.0,    0.0,    0.0,    0.0,    0.0,    0.0,    0.0,     22,     12,      6,      0,      4,      4,.,.,.,      0,.,.,     19,     13,     22,     12,      6,      0,      4,      4,.,.,.,      0,.,.,     19,     13,      0,      0,      0,      0,      0,      0,      0,      0,      0,      0,      0,      0,      0,      0,    54.8,    76.4,    75.9,    89.7,    53.8,    74.8,    72.3,    82.9,    54.8,    76.4,    75.9,    89.7,    53.8,    74.8,    72.3,    82.9,     0.0,     0.0,     0.0,     0.0,     0.0,     0.0,     0.0,     0.0,Megawatt Hours (MWh),064EOX,NODX,064 ,N16,FutOnly
PJM.N ILLINOIS HUB_mo_on_dap - NODAL EXCHANGE,260728,2026-07-28,064ERM,NODX,01,064 ,   88747,   59645,   74789,   14711,    2448,    3086,     300,     350,       0,    2975,       0,       0,   80717,   80673,    8030,    8074,   88747,   59645,   74789,   14711,    2448,    3086,     300,     350,       0,    2975,       0,       0,   80717,   80673,    8030,    8074,       0,       0,       0,       0,       0,       0,       0,       0,       0,       0,       0,       0,       0,       0,       0,       0,     925,      75,     645,     -17,      73,     112,     300,       0,       0,     360,       0,       0,     830,     830,      95,      95,  100.0,   67.2,   84.3,   16.6,    2.8,    3.5,    0.3,    0.4,    0.0,    3.4,    0.0,    0.0,   91.0,   90.9,    9.0,    9.1,  100.0,   67.2,   84.3,   16.6,    2.8,    3.5,    0.3,    0.4,    0.0,    3.4,    0.0,    0.0,   91.0,   90.9,    9.0,    9.1,  100.0,    0.0,    0.0,    0.0,    0.0,    0.0,    0.0,    0.0,    0.0,    0.0,    0.0,    0.0,    0.0,    0.0,    0.0,    0.0,     31,     14,     14,      4,.,      5,.,.,      0,.,      0,      0,     23,     21,     31,     14,     14,      4,.,      5,.,.,      0,.,      0,      0,     23,     21,      0,      0,      0,      0,      0,      0,      0,      0,      0,      0,      0,      0,      0,      0,    55.6,    74.4,    79.5,    81.9,    52.6,    74.2,    73.4,    80.1,    55.6,    74.4,    79.5,    81.9,    52.6,    74.2,    73.4,    80.1,     0.0,     0.0,     0.0,     0.0,     0.0,     0.0,     0.0,     0.0,Megawatt Hours (MWh),064ERM,NODX,064 ,N16,FutOnly
PJM.N ILLINOIS HUB_mo_off_dap - NODAL EXCHANGE,260728,2026-07-28,064ERN,NODX,01,064 ,   86129,   56128,   72591,   16022,    2225,    2909,     300,     350,       0,    2760,       0,       0,   78119,   78075,    8010,    8054,   86129,   56128,   72591,   16022,    2225,    2909,     300,     350,       0,    2760,       0,       0,   78119,   78075,    8010,    8054,       0,       0,       0,       0,       0,       0,       0,       0,       0,       0,       0,       0,       0,       0,       0,       0,     535,    -280,     410,      30,       0,      30,     300,       0,       0,     360,       0,       0,     440,     440,      95,      95,  100.0,   65.2,   84.3,   18.6,    2.6,    3.4,    0.3,    0.4,    0.0,    3.2,    0.0,    0.0,   90.7,   90.6,    9.3,    9.4,  100.0,   65.2,   84.3,   18.6,    2.6,    3.4,    0.3,    0.4,    0.0,    3.2,    0.0,    0.0,   90.7,   90.6,    9.3,    9.4,  100.0,    0.0,    0.0,    0.0,    0.0,    0.0,    0.0,    0.0,    0.0,    0.0,    0.0,    0.0,    0.0,    0.0,    0.0,    0.0,     29,     14,     14,      5,.,      5,.,.,      0,.,      0,      0,     22,     21,     29,     14,     14,      5,.,      5,.,.,      0,.,      0,      0,     22,     21,      0,      0,      0,      0,      0,      0,      0,      0,      0,      0,      0,      0,      0,      0,    56.8,    75.1,    79.6,    82.1,    53.5,    74.8,    73.7,    80.7,    56.8,    75.1,    79.6,    82.1,    53.5,    74.8,    73.7,    80.7,     0.0,     0.0,     0.0,     0.0,     0.0,     0.0,     0.0,     0.0,Megawatt Hours (MWh),064ERN,NODX,064 ,N16,FutOnly
PJM.PECO_month_on_dap - NODAL EXCHANGE,260728,2026-07-28,064EUY,NODX,01,064 ,  114224,   76020,   90072,    4083,   14913,    2017,    2095,    1125,       0,   23700,     241,     214,  108129,  108582,    6095,    5642,  114224,   76020,   90072,    4083,   14913,    2017,    2095,    1125,       0,   23700,     241,     214,  108129,  108582,    6095,    5642,       0,       0,       0,       0,       0,       0,       0,       0,       0,       0,       0,       0,       0,       0,       0,       0,     185,     458,     -67,     280,     250,    -103,       0,       0,       0,    -555,       0,       0,      80,      80,     105,     105,  100.0,   66.6,   78.9,    3.6,   13.1,    1.8,    1.8,    1.0,    0.0,   20.7,    0.2,    0.2,   94.7,   95.1,    5.3,    4.9,  100.0,   66.6,   78.9,    3.6,   13.1,    1.8,    1.8,    1.0,    0.0,   20.7,    0.2,    0.2,   94.7,   95.1,    5.3,    4.9,  100.0,    0.0,    0.0,    0.0,    0.0,    0.0,    0.0,    0.0,    0.0,    0.0,    0.0,    0.0,    0.0,    0.0,    0.0,    0.0,     37,     21,     12,.,.,.,.,.,      0,      4,.,.,     30,     23,     37,     21,     12,.,.,.,.,.,      0,      4,.,.,     30,     23,      0,      0,      0,      0,      0,      0,      0,      0,      0,      0,      0,      0,      0,      0,    53.9,    78.3,    74.0,    91.4,    47.7,    75.8,    63.3,    78.5,    53.9,    78.3,    74.0,    91.4,    47.7,    75.8,    63.3,    78.5,     0.0,     0.0,     0.0,     0.0,     0.0,     0.0,     0.0,     0.0,Megawatt Hours (MWh),064EUY,NODX,064 ,N16,FutOnly
PJM.PECO_month_off_dap - NODAL EXCHANGE,260728,2026-07-28,064EUZ,NODX,01,064 ,  112707,   73440,   89432,    4153,   13198,    2015,    2095,     695,     175,   23545,     251,     204,  105627,  105970,    7080,    6737,  112707,   73440,   89432,    4153,   13198,    2015,    2095,     695,     175,   23545,     251,     204,  105627,  105970,    7080,    6737,       0,       0,       0,       0,       0,       0,       0,       0,       0,       0,       0,       0,       0,       0,       0,       0,      78,     380,     -45,     280,      25,    -105,       0,       0,       0,    -680,       0,       0,    -125,    -125,     203,     203,  100.0,   65.2,   79.3,    3.7,   11.7,    1.8,    1.9,    0.6,    0.2,   20.9,    0.2,    0.2,   93.7,   94.0,    6.3,    6.0,  100.0,   65.2,   79.3,    3.7,   11.7,    1.8,    1.9,    0.6,    0.2,   20.9,    0.2,    0.2,   93.7,   94.0,    6.3,    6.0,  100.0,    0.0,    0.0,    0.0,    0.0,    0.0,    0.0,    0.0,    0.0,    0.0,    0.0,    0.0,    0.0,    0.0,    0.0,    0.0,     37,     21,     11,.,.,.,.,.,.,      4,.,.,     31,     22,     37,     21,     11,.,.,.,.,.,.,      4,.,.,     31,     22,      0,      0,      0,      0,      0,      0,      0,      0,      0,      0,      0,      0,      0,      0,    53.3,    78.0,    73.6,    90.6,    47.5,    74.9,    63.0,    77.5,    53.3,    78.0,    73.6,    90.6,    47.5,    74.9,    63.0,    77.5,     0.0,     0.0,     0.0,     0.0,     0.0,     0.0,     0.0,     0.0,Megawatt Hours (MWh),064EUZ,NODX,064 ,N16,FutOnly
PJM.PEPCO_month_on_dap - NODAL EXCHANGE,260728,2026-07-28,064EVG,NODX,01,064 ,   23034,   17822,    9268,     687,    1000,    1799,     790,    2070,       0,       0,    7525,       0,   21098,   21662,    1936,    1372,   23034,   17822,    9268,     687,    1000,    1799,     790,    2070,       0,       0,    7525,       0,   21098,   21662,    1936,    1372,       0,       0,       0,       0,       0,       0,       0,       0,       0,       0,       0,       0,       0,       0,       0,       0,      25,      25,      25,       0,       0,       0,       0,       0,       0,       0,       0,       0,      25,      25,       0,       0,  100.0,   77.4,   40.2,    3.0,    4.3,    7.8,    3.4,    9.0,    0.0,    0.0,   32.7,    0.0,   91.6,   94.0,    8.4,    6.0,  100.0,   77.4,   40.2,    3.0,    4.3,    7.8,    3.4,    9.0,    0.0,    0.0,   32.7,    0.0,   91.6,   94.0,    8.4,    6.0,  100.0,    0.0,    0.0,    0.0,    0.0,    0.0,    0.0,    0.0,    0.0,    0.0,    0.0,    0.0,    0.0,    0.0,    0.0,    0.0,     28,     17,      8,.,.,      5,.,.,      0,      0,.,      0,     23,     17,     28,     17,      8,.,.,      5,.,.,      0,      0,.,      0,     23,     17,      0,      0,      0,      0,      0,      0,      0,      0,      0,      0,      0,      0,      0,      0,    48.1,    73.5,    70.2,    85.2,    47.5,    69.5,    67.0,    77.2,    48.1,    73.5,    70.2,    85.2,    47.5,    69.5,    67.0,    77.2,     0.0,     0.0,     0.0,     0.0,     0.0,     0.0,     0.0,     0.0,Megawatt Hours (MWh),064EVG,NODX,064 ,N16,FutOnly
PJM.PEPCO_month_off_dap - NODAL EXCHANGE,260728,2026-07-28,064EVH,NODX,01,064 ,   23024,   17812,    9268,     687,    1000,    1799,     790,    2070,       0,       0,    7515,       0,   21088,   21652,    1936,    1372,   23024,   17812,    9268,     687,    1000,    1799,     790,    2070,       0,       0,    7515,       0,   21088,   21652,    1936,    1372,       0,       0,       0,       0,       0,       0,       0,       0,       0,       0,       0,       0,       0,       0,       0,       0,      25,      25,      25,       0,       0,       0,       0,       0,       0,       0,       0,       0,      25,      25,       0,       0,  100.0,   77.4,   40.3,    3.0,    4.3,    7.8,    3.4,    9.0,    0.0,    0.0,   32.6,    0.0,   91.6,   94.0,    8.4,    6.0,  100.0,   77.4,   40.3,    3.0,    4.3,    7.8,    3.4,    9.0,    0.0,    0.0,   32.6,    0.0,   91.6,   94.0,    8.4,    6.0,  100.0,    0.0,    0.0,    0.0,    0.0,    0.0,    0.0,    0.0,    0.0,    0.0,    0.0,    0.0,    0.0,    0.0,    0.0,    0.0,     28,     17,      8,.,.,      5,.,.,      0,      0,.,      0,     23,     17,     28,     17,      8,.,.,      5,.,.,      0,      0,.,      0,     23,     17,      0,      0,      0,      0,      0,      0,      0,      0,      0,      0,      0,      0,      0,      0,    48.1,    73.5,    70.2,    85.1,    47.6,    69.5,    67.0,    77.3,    48.1,    73.5,    70.2,    85.1,    47.6,    69.5,    67.0,    77.3,     0.0,     0.0,     0.0,     0.0,     0.0,     0.0,     0.0,     0.0,Megawatt Hours (MWh),064EVH,NODX,064 ,N16,FutOnly
PJM.PPL_month_on_dap - NODAL EXCHANGE,260728,2026-07-28,064EWU,NODX,01,064 ,   64135,   52918,   46353,    5755,   11902,    1530,    1005,       0,       0,     120,    2100,     205,   61533,   62090,    2602,    2045,   64135,   52918,   46353,    5755,   11902,    1530,    1005,       0,       0,     120,    2100,     205,   61533,   62090,    2602,    2045,       0,       0,       0,       0,       0,       0,       0,       0,       0,       0,       0,       0,       0,       0,       0,       0,    3440,    3275,    4070,    -220,    -870,     180,       0,       0,       0,       0,      35,       0,    3235,    3415,     205,      25,  100.0,   82.5,   72.3,    9.0,   18.6,    2.4,    1.6,    0.0,    0.0,    0.2,    3.3,    0.3,   95.9,   96.8,    4.1,    3.2,  100.0,   82.5,   72.3,    9.0,   18.6,    2.4,    1.6,    0.0,    0.0,    0.2,    3.3,    0.3,   95.9,   96.8,    4.1,    3.2,  100.0,    0.0,    0.0,    0.0,    0.0,    0.0,    0.0,    0.0,    0.0,    0.0,    0.0,    0.0,    0.0,    0.0,    0.0,    0.0,     37,     22,     14,.,      5,      4,.,      0,      0,.,.,.,     31,     24,     37,     22,     14,.,      5,      4,.,      0,      0,.,.,.,     31,     24,      0,      0,      0,      0,      0,      0,      0,      0,      0,      0,      0,      0,      0,      0,    64.5,    58.1,    77.3,    77.3,    63.8,    56.3,    74.1,    73.2,    64.5,    58.1,    77.3,    77.3,    63.8,    56.3,    74.1,    73.2,     0.0,     0.0,     0.0,     0.0,     0.0,     0.0,     0.0,     0.0,Megawatt Hours (MWh),064EWU,NODX,064 ,N16,FutOnly
PJM.PPL_month_off_dap - NODAL EXCHANGE,260728,2026-07-28,064EWV,NODX,01,064 ,   63755,   52698,   46641,    5765,   11764,    1450,    1005,       0,       0,     175,    1765,     235,   61328,   61855,    2427,    1900,   63755,   52698,   46641,    5765,   11764,    1450,    1005,       0,       0,     175,    1765,     235,   61328,   61855,    2427,    1900,       0,       0,       0,       0,       0,       0,       0,       0,       0,       0,       0,       0,       0,       0,       0,       0,    3440,    3275,    4070,    -220,    -870,     180,       0,       0,       0,       0,      35,      25,    3260,    3440,     180,       0,  100.0,   82.7,   73.2,    9.0,   18.5,    2.3,    1.6,    0.0,    0.0,    0.3,    2.8,    0.4,   96.2,   97.0,    3.8,    3.0,  100.0,   82.7,   73.2,    9.0,   18.5,    2.3,    1.6,    0.0,    0.0,    0.3,    2.8,    0.4,   96.2,   97.0,    3.8,    3.0,  100.0,    0.0,    0.0,    0.0,    0.0,    0.0,    0.0,    0.0,    0.0,    0.0,    0.0,    0.0,    0.0,    0.0,    0.0,    0.0,     37,     21,     13,.,      6,.,.,      0,      0,.,.,.,     31,     21,     37,     21,     13,.,      6,.,.,      0,      0,.,.,.,     31,     21,      0,      0,      0,      0,      0,      0,      0,      0,      0,      0,      0,      0,      0,      0,    66.0,    59.7,    78.7,    78.5,    65.3,    58.6,    75.2,    75.0,    66.0,    59.7,    78.7,    78.5,    65.3,    58.6,    75.2,    75.0,     0.0,     0.0,     0.0,     0.0,     0.0,     0.0,     0.0,     0.0,Megawatt Hours (MWh),064EWV,NODX,064 ,N16,FutOnly
PJM PSEG DAP - NODAL EXCHANGE,260728,2026-07-28,064EXE,NODX,01,064 ,   92516,   57315,   51706,   11427,   14035,    1615,    3385,       0,     300,    4470,   10870,    1735,   80247,   80261,   12269,   12255,   92516,   57315,   51706,   11427,   14035,    1615,    3385,       0,     300,    4470,   10870,    1735,   80247,   80261,   12269,   12255,       0,       0,       0,       0,       0,       0,       0,       0,       0,       0,       0,       0,       0,       0,       0,       0,    5199,    1329,    1934,      95,       0,      55,       0,       0,       0,    -390,    -900,     360,    1449,    1449,    3750,    3750,  100.0,   62.0,   55.9,   12.4,   15.2,    1.7,    3.7,    0.0,    0.3,    4.8,   11.7,    1.9,   86.7,   86.8,   13.3,   13.2,  100.0,   62.0,   55.9,   12.4,   15.2,    1.7,    3.7,    0.0,    0.3,    4.8,   11.7,    1.9,   86.7,   86.8,   13.3,   13.2,  100.0,    0.0,    0.0,    0.0,    0.0,    0.0,    0.0,    0.0,    0.0,    0.0,    0.0,    0.0,    0.0,    0.0,    0.0,    0.0,     41,     25,     15,.,      5,      5,.,      0,.,.,      4,.,     36,     28,     41,     25,     15,.,      5,      5,.,      0,.,.,      4,.,     36,     28,      0,      0,      0,      0,      0,      0,      0,      0,      0,      0,      0,      0,      0,      0,    34.9,    51.5,    53.4,    69.2,    30.6,    37.0,    42.8,    53.1,    34.9,    51.5,    53.4,    69.2,    30.6,    37.0,    42.8,    53.1,     0.0,     0.0,     0.0,     0.0,     0.0,     0.0,     0.0,     0.0,Megawatt Hours (MWh),064EXE,NODX,064 ,N16,FutOnly
PJM.PSEG_month_off_dap - NODAL EXCHANGE,260728,2026-07-28,064EXF,NODX,01,064 ,   90030,   55105,   49341,   11522,   13905,    1485,    3160,       0,     300,    3975,   10695,    2010,   77557,   77736,   12473,   12294,   90030,   55105,   49341,   11522,   13905,    1485,    3160,       0,     300,    3975,   10695,    2010,   77557,   77736,   12473,   12294,       0,       0,       0,       0,       0,       0,       0,       0,       0,       0,       0,       0,       0,       0,       0,       0,    5220,    1345,    1950,      95,       0,      55,       0,       0,       0,    -390,    -900,     360,    1465,    1465,    3755,    3755,  100.0,   61.2,   54.8,   12.8,   15.4,    1.6,    3.5,    0.0,    0.3,    4.4,   11.9,    2.2,   86.1,   86.3,   13.9,   13.7,  100.0,   61.2,   54.8,   12.8,   15.4,    1.6,    3.5,    0.0,    0.3,    4.4,   11.9,    2.2,   86.1,   86.3,   13.9,   13.7,  100.0,    0.0,    0.0,    0.0,    0.0,    0.0,    0.0,    0.0,    0.0,    0.0,    0.0,    0.0,    0.0,    0.0,    0.0,    0.0,     41,     25,     15,.,      4,      5,.,      0,.,.,      4,      4,     37,     28,     41,     25,     15,.,      4,      5,.,      0,.,.,      4,      4,     37,     28,      0,      0,      0,      0,      0,      0,      0,      0,      0,      0,      0,      0,      0,      0,    34.1,    53.5,    52.5,    68.7,    30.8,    40.4,    42.4,    53.5,    34.1,    53.5,    52.5,    68.7,    30.8,    40.4,    42.4,    53.5,     0.0,     0.0,     0.0,     0.0,     0.0,     0.0,     0.0,     0.0,Megawatt Hours (MWh),064EXF,NODX,064 ,N16,FutOnly
PJM.WESTERN HUB DAP - NODAL EXCHANGE,260728,2026-07-28,064FHK,NODX,01,064 ,  262243,  175312,  132844,    7228,   32025,    2757,    8850,     630,    2080,    2200,   28042,    3750,  202177,  202128,   60066,   60115,  262243,  175312,  132844,    7228,   32025,    2757,    8850,     630,    2080,    2200,   28042,    3750,  202177,  202128,   60066,   60115,       0,       0,       0,       0,       0,       0,       0,       0,       0,       0,       0,       0,       0,       0,       0,       0,      36,   -1321,   -1546,      25,    1015,     289,    -105,       0,       0,     -25,    -895,     565,    -572,    -572,     608,     608,  100.0,   66.9,   50.7,    2.8,   12.2,    1.1,    3.4,    0.2,    0.8,    0.8,   10.7,    1.4,   77.1,   77.1,   22.9,   22.9,  100.0,   66.9,   50.7,    2.8,   12.2,    1.1,    3.4,    0.2,    0.8,    0.8,   10.7,    1.4,   77.1,   77.1,   22.9,   22.9,  100.0,    0.0,    0.0,    0.0,    0.0,    0.0,    0.0,    0.0,    0.0,    0.0,    0.0,    0.0,    0.0,    0.0,    0.0,    0.0,     52,     26,     27,      4,      5,      8,.,.,.,.,      5,      5,     44,     45,     52,     26,     27,      4,      5,      8,.,.,.,.,      5,      5,     44,     45,      0,      0,      0,      0,      0,      0,      0,      0,      0,      0,      0,      0,      0,      0,    44.8,    32.6,    56.0,    49.6,    37.6,    26.5,    45.9,    39.4,    44.8,    32.6,    56.0,    49.6,    37.6,    26.5,    45.9,    39.4,     0.0,     0.0,     0.0,     0.0,     0.0,     0.0,     0.0,     0.0,Megawatt Hours (MWh),064FHK,NODX,064 ,N16,FutOnly
PJM.WESTERN HUB_month_off_dap - NODAL EXCHANGE,260728,2026-07-28,064FHL,NODX,01,064 ,  255795,  171171,  121390,    7930,   32434,    2935,    3282,    1650,    3965,    2000,   28670,    3870,  195153,  194914,   60642,   60881,  255795,  171171,  121390,    7930,   32434,    2935,    3282,    1650,    3965,    2000,   28670,    3870,  195153,  194914,   60642,   60881,       0,       0,       0,       0,       0,       0,       0,       0,       0,       0,       0,       0,       0,       0,       0,       0,     615,    -902,   -1127,       5,    1120,     354,    -180,     -75,       0,       0,    -995,     540,    -183,    -183,     798,     798,  100.0,   66.9,   47.5,    3.1,   12.7,    1.1,    1.3,    0.6,    1.6,    0.8,   11.2,    1.5,   76.3,   76.2,   23.7,   23.8,  100.0,   66.9,   47.5,    3.1,   12.7,    1.1,    1.3,    0.6,    1.6,    0.8,   11.2,    1.5,   76.3,   76.2,   23.7,   23.8,  100.0,    0.0,    0.0,    0.0,    0.0,    0.0,    0.0,    0.0,    0.0,    0.0,    0.0,    0.0,    0.0,    0.0,    0.0,    0.0,     51,     25,     27,      5,      4,      8,.,.,.,.,      5,      6,     43,     46,     51,     25,     27,      5,      4,      8,.,.,.,.,      5,      6,     43,     46,      0,      0,      0,      0,      0,      0,      0,      0,      0,      0,      0,      0,      0,      0,    45.3,    30.2,    55.3,    47.3,    39.4,    24.3,    46.0,    37.5,    45.3,    30.2,    55.3,    47.3,    39.4,    24.3,    46.0,    37.5,     0.0,     0.0,     0.0,     0.0,     0.0,     0.0,     0.0,     0.0,Megawatt Hours (MWh),064FHL,NODX,064 ,N16,FutOnly
MISO.INDIANA.HUB_month_on_rtp - NODAL EXCHANGE,260728,2026-07-28,064FJY,NODX,01,064 ,   26460,   19055,    8170,     430,    8250,    2670,     750,       0,       0,       0,    4245,       0,   22905,   23335,    3555,    3125,   26460,   19055,    8170,     430,    8250,    2670,     750,       0,       0,       0,    4245,       0,   22905,   23335,    3555,    3125,       0,       0,       0,       0,       0,       0,       0,       0,       0,       0,       0,       0,       0,       0,       0,       0,     -15,     -15,     -15,       0,       0,       0,       0,       0,       0,       0,       0,       0,     -15,     -15,       0,       0,  100.0,   72.0,   30.9,    1.6,   31.2,   10.1,    2.8,    0.0,    0.0,    0.0,   16.0,    0.0,   86.6,   88.2,   13.4,   11.8,  100.0,   72.0,   30.9,    1.6,   31.2,   10.1,    2.8,    0.0,    0.0,    0.0,   16.0,    0.0,   86.6,   88.2,   13.4,   11.8,  100.0,    0.0,    0.0,    0.0,    0.0,    0.0,    0.0,    0.0,    0.0,    0.0,    0.0,    0.0,    0.0,    0.0,    0.0,    0.0,     20,     11,     10,.,.,      4,.,      0,      0,      0,.,      0,     17,     15,     20,     11,     10,.,.,      4,.,      0,      0,      0,.,      0,     17,     15,      0,      0,      0,      0,      0,      0,      0,      0,      0,      0,      0,      0,      0,      0,    56.9,    66.7,    75.4,    81.4,    43.9,    48.9,    53.1,    54.5,    56.9,    66.7,    75.4,    81.4,    43.9,    48.9,    53.1,    54.5,     0.0,     0.0,     0.0,     0.0,     0.0,     0.0,     0.0,     0.0,Megawatt Hours (MWh),064FJY,NODX,064 ,N16,FutOnly
MISO.INDIANA.HUB_month_off_rtp - NODAL EXCHANGE,260728,2026-07-28,064FJZ,NODX,01,064 ,   24750,   18840,    8375,     570,    8100,    2330,     900,       0,       0,       0,    4090,       0,   22640,   22895,    2110,    1855,   24750,   18840,    8375,     570,    8100,    2330,     900,       0,       0,       0,    4090,       0,   22640,   22895,    2110,    1855,       0,       0,       0,       0,       0,       0,       0,       0,       0,       0,       0,       0,       0,       0,       0,       0,     -15,     -15,     -25,       0,      10,       0,       0,       0,       0,       0,       0,       0,     -15,     -15,       0,       0,  100.0,   76.1,   33.8,    2.3,   32.7,    9.4,    3.6,    0.0,    0.0,    0.0,   16.5,    0.0,   91.5,   92.5,    8.5,    7.5,  100.0,   76.1,   33.8,    2.3,   32.7,    9.4,    3.6,    0.0,    0.0,    0.0,   16.5,    0.0,   91.5,   92.5,    8.5,    7.5,  100.0,    0.0,    0.0,    0.0,    0.0,    0.0,    0.0,    0.0,    0.0,    0.0,    0.0,    0.0,    0.0,    0.0,    0.0,    0.0,     22,     11,     12,.,      4,      4,.,      0,      0,      0,.,      0,     17,     18,     22,     11,     12,.,      4,      4,.,      0,      0,      0,.,      0,     17,     18,      0,      0,      0,      0,      0,      0,      0,      0,      0,      0,      0,      0,      0,      0,    58.6,    69.2,    79.0,    84.3,    44.9,    53.7,    56.2,    57.9,    58.6,    69.2,    79.0,    84.3,    44.9,    53.7,    56.2,    57.9,     0.0,     0.0,     0.0,     0.0,     0.0,     0.0,     0.0,     0.0,Megawatt Hours (MWh),064FJZ,NODX,064 ,N16,FutOnly
PJM.AEP-DAYTON HUB_mo_on_rtp - NODAL EXCHANGE,260728,2026-07-28,064FKA,NODX,01,064 ,   77488,   42743,   56418,    6214,     337,    3817,    1792,    2895,    1625,    9606,     700,     650,   66447,   66442,   11041,   11046,   77488,   42743,   56418,    6214,     337,    3817,    1792,    2895,    1625,    9606,     700,     650,   66447,   66442,   11041,   11046,       0,       0,       0,       0,       0,       0,       0,       0,       0,       0,       0,       0,       0,       0,       0,       0,     -35,    -150,    -150,      40,     -60,     120,       0,       0,       0,       0,      10,      55,      65,     -25,    -100,     -10,  100.0,   55.2,   72.8,    8.0,    0.4,    4.9,    2.3,    3.7,    2.1,   12.4,    0.9,    0.8,   85.8,   85.7,   14.2,   14.3,  100.0,   55.2,   72.8,    8.0,    0.4,    4.9,    2.3,    3.7,    2.1,   12.4,    0.9,    0.8,   85.8,   85.7,   14.2,   14.3,  100.0,    0.0,    0.0,    0.0,    0.0,    0.0,    0.0,    0.0,    0.0,    0.0,    0.0,    0.0,    0.0,    0.0,    0.0,    0.0,     42,     21,     21,      5,.,      7,.,.,.,      7,.,.,     38,     37,     42,     21,     21,      5,.,      7,.,.,.,      7,.,.,     38,     37,      0,      0,      0,      0,      0,      0,      0,      0,      0,      0,      0,      0,      0,      0,    37.7,    50.3,    55.3,    65.5,    26.8,    35.3,    37.1,    46.2,    37.7,    50.3,    55.3,    65.5,    26.8,    35.3,    37.1,    46.2,     0.0,     0.0,     0.0,     0.0,     0.0,     0.0,     0.0,     0.0,Megawatt Hours (MWh),064FKA,NODX,064 ,N16,FutOnly
PJM.AEP-DAYTON HUB_mo_off_rtp - NODAL EXCHANGE,260728,2026-07-28,064FKB,NODX,01,064 ,   74158,   46652,   51990,    3715,     544,    3998,       0,    4515,     895,    6952,     600,    1365,   63577,   63907,   10581,   10251,   74158,   46652,   51990,    3715,     544,    3998,       0,    4515,     895,    6952,     600,    1365,   63577,   63907,   10581,   10251,       0,       0,       0,       0,       0,       0,       0,       0,       0,       0,       0,       0,       0,       0,       0,       0,     563,     203,     203,     -60,     -60,     120,       0,       0,       0,       0,       0,       0,     263,     263,     300,     300,  100.0,   62.9,   70.1,    5.0,    0.7,    5.4,    0.0,    6.1,    1.2,    9.4,    0.8,    1.8,   85.7,   86.2,   14.3,   13.8,  100.0,   62.9,   70.1,    5.0,    0.7,    5.4,    0.0,    6.1,    1.2,    9.4,    0.8,    1.8,   85.7,   86.2,   14.3,   13.8,  100.0,    0.0,    0.0,    0.0,    0.0,    0.0,    0.0,    0.0,    0.0,    0.0,    0.0,    0.0,    0.0,    0.0,    0.0,    0.0,     39,     18,     20,      5,.,      7,      0,      4,.,      6,.,.,     33,     34,     39,     18,     20,      5,.,      7,      0,      4,.,      6,.,.,     33,     34,      0,      0,      0,      0,      0,      0,      0,      0,      0,      0,      0,      0,      0,      0,    40.6,    49.1,    59.3,    63.9,    30.9,    35.7,    41.3,    47.0,    40.6,    49.1,    59.3,    63.9,    30.9,    35.7,    41.3,    47.0,     0.0,     0.0,     0.0,     0.0,     0.0,     0.0,     0.0,     0.0,Megawatt Hours (MWh),064FKB,NODX,064 ,N16,FutOnly
PJM.N ILLINOIS HUB_mo_on_rtp - NODAL EXCHANGE,260728,2026-07-28,064FKC,NODX,01,064 ,   68489,   51245,   53047,    6920,    6226,    2575,     845,       0,     455,     425,      95,      75,   62540,   62473,    5949,    6016,   68489,   51245,   53047,    6920,    6226,    2575,     845,       0,     455,     425,      95,      75,   62540,   62473,    5949,    6016,       0,       0,       0,       0,       0,       0,       0,       0,       0,       0,       0,       0,       0,       0,       0,       0,     -30,     175,    -275,      50,     -40,      70,       0,       0,       0,    -445,      95,       5,    -145,    -145,     115,     115,  100.0,   74.8,   77.5,   10.1,    9.1,    3.8,    1.2,    0.0,    0.7,    0.6,    0.1,    0.1,   91.3,   91.2,    8.7,    8.8,  100.0,   74.8,   77.5,   10.1,    9.1,    3.8,    1.2,    0.0,    0.7,    0.6,    0.1,    0.1,   91.3,   91.2,    8.7,    8.8,  100.0,    0.0,    0.0,    0.0,    0.0,    0.0,    0.0,    0.0,    0.0,    0.0,    0.0,    0.0,    0.0,    0.0,    0.0,    0.0,     29,     14,     13,.,      6,      5,.,      0,.,.,.,.,     23,     22,     29,     14,     13,.,      6,      5,.,      0,.,.,.,.,     23,     22,      0,      0,      0,      0,      0,      0,      0,      0,      0,      0,      0,      0,      0,      0,    53.9,    58.7,    75.3,    76.9,    40.7,    46.3,    55.5,    58.3,    53.9,    58.7,    75.3,    76.9,    40.7,    46.3,    55.5,    58.3,     0.0,     0.0,     0.0,     0.0,     0.0,     0.0,     0.0,     0.0,Megawatt Hours (MWh),064FKC,NODX,064 ,N16,FutOnly
PJM.N ILLINOIS HUB_mo_off_rtp - NODAL EXCHANGE,260728,2026-07-28,064FKD,NODX,01,064 ,   66431,   45573,   51309,    7335,    5656,    1850,    3539,       0,     465,     545,      40,      30,   59337,   59350,    7094,    7081,   66431,   45573,   51309,    7335,    5656,    1850,    3539,       0,     465,     545,      40,      30,   59337,   59350,    7094,    7081,       0,       0,       0,       0,       0,       0,       0,       0,       0,       0,       0,       0,       0,       0,       0,       0,    -235,      75,    -315,      50,      80,       0,       0,       0,       0,    -360,       0,       0,    -235,    -235,       0,       0,  100.0,   68.6,   77.2,   11.0,    8.5,    2.8,    5.3,    0.0,    0.7,    0.8,    0.1,    0.0,   89.3,   89.3,   10.7,   10.7,  100.0,   68.6,   77.2,   11.0,    8.5,    2.8,    5.3,    0.0,    0.7,    0.8,    0.1,    0.0,   89.3,   89.3,   10.7,   10.7,  100.0,    0.0,    0.0,    0.0,    0.0,    0.0,    0.0,    0.0,    0.0,    0.0,    0.0,    0.0,    0.0,    0.0,    0.0,    0.0,     27,     13,     15,.,      5,      4,.,      0,.,.,.,.,     21,     25,     27,     13,     15,.,      5,      4,.,      0,.,.,.,.,     21,     25,      0,      0,      0,      0,      0,      0,      0,      0,      0,      0,      0,      0,      0,      0,    53.4,    57.8,    71.2,    74.5,    33.1,    39.4,    44.5,    48.3,    53.4,    57.8,    71.2,    74.5,    33.1,    39.4,    44.5,    48.3,     0.0,     0.0,     0.0,     0.0,     0.0,     0.0,     0.0,     0.0,Megawatt Hours (MWh),064FKD,NODX,064 ,N16,FutOnly
PJM.WESTERN HUB_month_on_rtp - NODAL EXCHANGE,260728,2026-07-28,064FKE,NODX,01,064 ,  249675,  134283,  185821,   59431,    3886,    9440,    7595,    5515,    2200,    4872,   10730,    2200,  220021,  219792,   29654,   29883,  249675,  134283,  185821,   59431,    3886,    9440,    7595,    5515,    2200,    4872,   10730,    2200,  220021,  219792,   29654,   29883,       0,       0,       0,       0,       0,       0,       0,       0,       0,       0,       0,       0,       0,       0,       0,       0,    1861,     701,     971,    -205,       0,     290,     240,       0,       0,     120,    -115,     -10,    1136,    1136,     725,     725,  100.0,   53.8,   74.4,   23.8,    1.6,    3.8,    3.0,    2.2,    0.9,    2.0,    4.3,    0.9,   88.1,   88.0,   11.9,   12.0,  100.0,   53.8,   74.4,   23.8,    1.6,    3.8,    3.0,    2.2,    0.9,    2.0,    4.3,    0.9,   88.1,   88.0,   11.9,   12.0,  100.0,    0.0,    0.0,    0.0,    0.0,    0.0,    0.0,    0.0,    0.0,    0.0,    0.0,    0.0,    0.0,    0.0,    0.0,    0.0,     51,     24,     28,      6,.,      6,.,.,.,      7,.,.,     43,     42,     51,     24,     28,      6,.,      6,.,.,.,      7,.,.,     43,     42,      0,      0,      0,      0,      0,      0,      0,      0,      0,      0,      0,      0,      0,      0,    39.4,    48.4,    58.2,    63.8,    36.5,    42.5,    51.0,    53.7,    39.4,    48.4,    58.2,    63.8,    36.5,    42.5,    51.0,    53.7,     0.0,     0.0,     0.0,     0.0,     0.0,     0.0,     0.0,     0.0,Megawatt Hours (MWh),064FKE,NODX,064 ,N16,FutOnly
PJM.WESTERN HUB_month_off_rtp - NODAL EXCHANGE,260728,2026-07-28,064FKF,NODX,01,064 ,  205861,  107066,  139309,   36897,    6751,    9152,    8923,    3760,    2815,    4013,    7325,    3684,  172550,  172796,   33311,   33065,  205861,  107066,  139309,   36897,    6751,    9152,    8923,    3760,    2815,    4013,    7325,    3684,  172550,  172796,   33311,   33065,       0,       0,       0,       0,       0,       0,       0,       0,       0,       0,       0,       0,       0,       0,       0,       0,    1477,    -673,     517,    -380,    -310,     340,    1260,       0,       0,       0,       0,       0,     547,     547,     930,     930,  100.0,   52.0,   67.7,   17.9,    3.3,    4.4,    4.3,    1.8,    1.4,    1.9,    3.6,    1.8,   83.8,   83.9,   16.2,   16.1,  100.0,   52.0,   67.7,   17.9,    3.3,    4.4,    4.3,    1.8,    1.4,    1.9,    3.6,    1.8,   83.8,   83.9,   16.2,   16.1,  100.0,    0.0,    0.0,    0.0,    0.0,    0.0,    0.0,    0.0,    0.0,    0.0,    0.0,    0.0,    0.0,    0.0,    0.0,    0.0,     49,     25,     26,      5,.,      5,.,.,.,      5,      4,      5,     42,     42,     49,     25,     26,      5,.,      5,.,.,.,      5,      4,      5,     42,     42,      0,      0,      0,      0,      0,      0,      0,      0,      0,      0,      0,      0,      0,      0,    38.4,    45.0,    54.5,    58.4,    33.6,    40.4,    46.2,    48.4,    38.4,    45.0,    54.5,    58.4,    33.6,    40.4,    46.2,    48.4,     0.0,     0.0,     0.0,     0.0,     0.0,     0.0,     0.0,     0.0,Megawatt Hours (MWh),064FKF,NODX,064 ,N16,FutOnly
ERCOT.HB_NORTH_month_on_rtp - NODAL EXCHANGE,260728,2026-07-28,064FOK,NODX,01,064 ,   81832,   65861,   50837,    4081,   18940,    1080,       0,     900,       0,    1850,    1135,      50,   72922,   72942,    8910,    8890,   81832,   65861,   50837,    4081,   18940,    1080,       0,     900,       0,    1850,    1135,      50,   72922,   72942,    8910,    8890,       0,       0,       0,       0,       0,       0,       0,       0,       0,       0,       0,       0,       0,       0,       0,       0,       0,       0,       0,       0,       0,       0,       0,       0,       0,       0,       0,       0,       0,       0,       0,       0,  100.0,   80.5,   62.1,    5.0,   23.1,    1.3,    0.0,    1.1,    0.0,    2.3,    1.4,    0.1,   89.1,   89.1,   10.9,   10.9,  100.0,   80.5,   62.1,    5.0,   23.1,    1.3,    0.0,    1.1,    0.0,    2.3,    1.4,    0.1,   89.1,   89.1,   10.9,   10.9,  100.0,    0.0,    0.0,    0.0,    0.0,    0.0,    0.0,    0.0,    0.0,    0.0,    0.0,    0.0,    0.0,    0.0,    0.0,    0.0,     27,     14,     16,.,      4,.,      0,.,      0,.,.,.,     19,     24,     27,     14,     16,.,      4,.,      0,.,      0,.,.,.,     19,     24,      0,      0,      0,      0,      0,      0,      0,      0,      0,      0,      0,      0,      0,      0,    68.5,    48.8,    80.2,    68.8,    64.5,    45.1,    70.7,    61.0,    68.5,    48.8,    80.2,    68.8,    64.5,    45.1,    70.7,    61.0,     0.0,     0.0,     0.0,     0.0,     0.0,     0.0,     0.0,     0.0,Megawatt Hours (MWh),064FOK,NODX,064 ,N16,FutOnly
ERCOT.HB_NORTH_month_off_rtp - NODAL EXCHANGE,260728,2026-07-28,064FOL,NODX,01,064 ,   79367,   66851,   52727,    3581,   16480,    1380,       0,       0,       0,       0,    1135,       0,   71812,   71722,    7555,    7645,   79367,   66851,   52727,    3581,   16480,    1380,       0,       0,       0,       0,    1135,       0,   71812,   71722,    7555,    7645,       0,       0,       0,       0,       0,       0,       0,       0,       0,       0,       0,       0,       0,       0,       0,       0,       0,       0,       0,       0,       0,       0,       0,       0,       0,       0,       0,       0,       0,       0,       0,       0,  100.0,   84.2,   66.4,    4.5,   20.8,    1.7,    0.0,    0.0,    0.0,    0.0,    1.4,    0.0,   90.5,   90.4,    9.5,    9.6,  100.0,   84.2,   66.4,    4.5,   20.8,    1.7,    0.0,    0.0,    0.0,    0.0,    1.4,    0.0,   90.5,   90.4,    9.5,    9.6,  100.0,    0.0,    0.0,    0.0,    0.0,    0.0,    0.0,    0.0,    0.0,    0.0,    0.0,    0.0,    0.0,    0.0,    0.0,    0.0,     24,     12,     15,.,      4,      4,      0,      0,      0,      0,.,      0,     17,     21,     24,     12,     15,.,      4,      4,      0,      0,      0,      0,.,      0,     17,     21,      0,      0,      0,      0,      0,      0,      0,      0,      0,      0,      0,      0,      0,      0,    71.4,    49.9,    85.6,    71.6,    67.3,    46.8,    73.3,    65.4,    71.4,    49.9,    85.6,    71.6,    67.3,    46.8,    73.3,    65.4,     0.0,     0.0,     0.0,     0.0,     0.0,     0.0,     0.0,     0.0,Megawatt Hours (MWh),064FOL,NODX,064 ,N16,FutOnly
PJM.ATSI_month_on_dap - NODAL EXCHANGE,260728,2026-07-28,064FZA,NODX,01,064 ,   29274,   19234,   16740,    1328,    7488,    1422,       0,     150,       0,    4825,    1135,     315,   27124,   27250,    2150,    2024,   29274,   19234,   16740,    1328,    7488,    1422,       0,     150,       0,    4825,    1135,     315,   27124,   27250,    2150,    2024,       0,       0,       0,       0,       0,       0,       0,       0,       0,       0,       0,       0,       0,       0,       0,       0,       0,       0,       0,       0,       0,       0,       0,       0,       0,       0,       0,       0,       0,       0,       0,       0,  100.0,   65.7,   57.2,    4.5,   25.6,    4.9,    0.0,    0.5,    0.0,   16.5,    3.9,    1.1,   92.7,   93.1,    7.3,    6.9,  100.0,   65.7,   57.2,    4.5,   25.6,    4.9,    0.0,    0.5,    0.0,   16.5,    3.9,    1.1,   92.7,   93.1,    7.3,    6.9,  100.0,    0.0,    0.0,    0.0,    0.0,    0.0,    0.0,    0.0,    0.0,    0.0,    0.0,    0.0,    0.0,    0.0,    0.0,    0.0,     21,      9,      5,.,.,.,      0,.,      0,.,.,.,     15,     12,     21,      9,      5,.,.,.,      0,.,      0,.,.,.,     15,     12,      0,      0,      0,      0,      0,      0,      0,      0,      0,      0,      0,      0,      0,      0,    66.9,    75.9,    86.1,    89.9,    62.4,    75.9,    78.0,    82.9,    66.9,    75.9,    86.1,    89.9,    62.4,    75.9,    78.0,    82.9,     0.0,     0.0,     0.0,     0.0,     0.0,     0.0,     0.0,     0.0,Megawatt Hours (MWh),064FZA,NODX,064 ,N16,FutOnly
PJM.ATSI_month_off_dap - NODAL EXCHANGE,260728,2026-07-28,064FZB,NODX,01,064 ,   29204,   19164,   16690,    1328,    7488,    1422,       0,     150,       0,    4825,    1135,     315,   27054,   27200,    2150,    2004,   29204,   19164,   16690,    1328,    7488,    1422,       0,     150,       0,    4825,    1135,     315,   27054,   27200,    2150,    2004,       0,       0,       0,       0,       0,       0,       0,       0,       0,       0,       0,       0,       0,       0,       0,       0,       0,       0,       0,       0,       0,       0,       0,       0,       0,       0,       0,       0,       0,       0,       0,       0,  100.0,   65.6,   57.1,    4.5,   25.6,    4.9,    0.0,    0.5,    0.0,   16.5,    3.9,    1.1,   92.6,   93.1,    7.4,    6.9,  100.0,   65.6,   57.1,    4.5,   25.6,    4.9,    0.0,    0.5,    0.0,   16.5,    3.9,    1.1,   92.6,   93.1,    7.4,    6.9,  100.0,    0.0,    0.0,    0.0,    0.0,    0.0,    0.0,    0.0,    0.0,    0.0,    0.0,    0.0,    0.0,    0.0,    0.0,    0.0,     21,      9,      5,.,.,.,      0,.,      0,.,.,.,     15,     12,     21,      9,      5,.,.,.,      0,.,      0,.,.,.,     15,     12,      0,      0,      0,      0,      0,      0,      0,      0,      0,      0,      0,      0,      0,      0,    66.8,    76.0,    86.1,    90.1,    62.3,    76.0,    78.0,    82.9,    66.8,    76.0,    86.1,    90.1,    62.3,    76.0,    78.0,    82.9,     0.0,     0.0,     0.0,     0.0,     0.0,     0.0,     0.0,     0.0,Megawatt Hours (MWh),064FZB,NODX,064 ,N16,FutOnly
ERCOT.HB_NORTH_month_7x8_rtp - NODAL EXCHANGE,260728,2026-07-28,064GBD,NODX,01,064 ,   39795,   23965,   30695,    2950,    1950,    1050,       0,    1650,    2350,    7200,       0,       0,   37515,   37695,    2280,    2100,   39795,   23965,   30695,    2950,    1950,    1050,       0,    1650,    2350,    7200,       0,       0,   37515,   37695,    2280,    2100,       0,       0,       0,       0,       0,       0,       0,       0,       0,       0,       0,       0,       0,       0,       0,       0,    1200,    1200,    1200,       0,       0,       0,       0,       0,       0,       0,       0,       0,    1200,    1200,       0,       0,  100.0,   60.2,   77.1,    7.4,    4.9,    2.6,    0.0,    4.1,    5.9,   18.1,    0.0,    0.0,   94.3,   94.7,    5.7,    5.3,  100.0,   60.2,   77.1,    7.4,    4.9,    2.6,    0.0,    4.1,    5.9,   18.1,    0.0,    0.0,   94.3,   94.7,    5.7,    5.3,  100.0,    0.0,    0.0,    0.0,    0.0,    0.0,    0.0,    0.0,    0.0,    0.0,    0.0,    0.0,    0.0,    0.0,    0.0,    0.0,     21,     14,     11,.,.,.,      0,.,.,.,      0,      0,     19,     15,     21,     14,     11,.,.,.,      0,.,.,.,      0,      0,     19,     15,      0,      0,      0,      0,      0,      0,      0,      0,      0,      0,      0,      0,      0,      0,    54.5,    60.7,    74.9,    84.2,    46.4,    45.4,    55.1,    58.3,    54.5,    60.7,    74.9,    84.2,    46.4,    45.4,    55.1,    58.3,     0.0,     0.0,     0.0,     0.0,     0.0,     0.0,     0.0,     0.0,Megawatt Hours (MWh),064GBD,NODX,064 ,N16,FutOnly
ERCOT North 345KV Hub RT 7x16 - ICE FUTURES ENERGY DIV,260728,2026-07-28,064IBM,IFED,01,064 ,   17462,   13127,   11156,    1654,    1285,    1596,       0,    2080,       0,     325,     725,     500,   17202,   17342,     260,     120,   17462,   13127,   11156,    1654,    1285,    1596,       0,    2080,       0,     325,     725,     500,   17202,   17342,     260,     120,       0,       0,       0,       0,       0,       0,       0,       0,       0,       0,       0,       0,       0,       0,       0,       0,     225,     225,     150,     -75,       0,      75,       0,       0,       0,       0,       0,       0,     225,     225,       0,       0,  100.0,   75.2,   63.9,    9.5,    7.4,    9.1,    0.0,   11.9,    0.0,    1.9,    4.2,    2.9,   98.5,   99.3,    1.5,    0.7,  100.0,   75.2,   63.9,    9.5,    7.4,    9.1,    0.0,   11.9,    0.0,    1.9,    4.2,    2.9,   98.5,   99.3,    1.5,    0.7,  100.0,    0.0,    0.0,    0.0,    0.0,    0.0,    0.0,    0.0,    0.0,    0.0,    0.0,    0.0,    0.0,    0.0,    0.0,    0.0,     29,     15,     13,.,.,      4,      0,.,      0,.,.,      4,     24,     24,     29,     15,     13,.,.,      4,      0,.,      0,.,.,      4,     24,     24,      0,      0,      0,      0,      0,      0,      0,      0,      0,      0,      0,      0,      0,      0,    41.9,    49.6,    66.8,    71.9,    26.3,    31.5,    36.9,    41.0,    41.9,    49.6,    66.8,    71.9,    26.3,    31.5,    36.9,    41.0,     0.0,     0.0,     0.0,     0.0,     0.0,     0.0,     0.0,     0.0,(1MW for about 352 Hours),064IBM,IFED,064 ,N16,FutOnly
PROPANE ARGUS CIF ARA MINI - ICE FUTURES ENERGY DIV,260728,2026-07-28,066391,IFED,01,066 ,    6640,    3956,    1445,    1050,      22,     610,       0,       0,       0,     301,    3780,     112,    6029,    5969,     611,     671,    6640,    3956,    1445,    1050,      22,     610,       0,       0,       0,     301,    3780,     112,    6029,    5969,     611,     671,       0,       0,       0,       0,       0,       0,       0,       0,       0,       0,       0,       0,       0,       0,       0,       0,     274,     311,      61,     -51,       6,      36,       0,       0,       0,       0,     213,     -30,     266,     286,       8,     -12,  100.0,   59.6,   21.8,   15.8,    0.3,    9.2,    0.0,    0.0,    0.0,    4.5,   56.9,    1.7,   90.8,   89.9,    9.2,   10.1,  100.0,   59.6,   21.8,   15.8,    0.3,    9.2,    0.0,    0.0,    0.0,    4.5,   56.9,    1.7,   90.8,   89.9,    9.2,   10.1,  100.0,    0.0,    0.0,    0.0,    0.0,    0.0,    0.0,    0.0,    0.0,    0.0,    0.0,    0.0,    0.0,    0.0,    0.0,    0.0,     32,     15,     13,      5,.,.,      0,      0,      0,.,      4,.,     24,     20,     32,     15,     13,      5,.,.,      0,      0,      0,.,      4,.,     24,     20,      0,      0,      0,      0,      0,      0,      0,      0,      0,      0,      0,      0,      0,      0,    34.7,    66.1,    59.4,    83.8,    34.5,    65.9,    58.8,    74.9,    34.7,    66.1,    59.4,    83.8,    34.5,    65.9,    58.8,    74.9,     0.0,     0.0,     0.0,     0.0,     0.0,     0.0,     0.0,     0.0,100 metric tonnes,066391,IFED,066 ,N13,FutOnly
PROPANE ARGUS FAR EAST MINI - ICE FUTURES ENERGY DIV,260728,2026-07-28,066393,IFED,01,066 ,    8383,    4252,    2245,     450,    1670,     205,       0,       0,       0,    1372,    2693,     690,    6969,    7503,    1414,     880,    8383,    4252,    2245,     450,    1670,     205,       0,       0,       0,    1372,    2693,     690,    6969,    7503,    1414,     880,       0,       0,       0,       0,       0,       0,       0,       0,       0,       0,       0,       0,       0,       0,       0,       0,     595,      13,     364,      40,      75,      40,       0,       0,       0,     210,     -11,     192,     495,     660,     100,     -65,  100.0,   50.7,   26.8,    5.4,   19.9,    2.4,    0.0,    0.0,    0.0,   16.4,   32.1,    8.2,   83.1,   89.5,   16.9,   10.5,  100.0,   50.7,   26.8,    5.4,   19.9,    2.4,    0.0,    0.0,    0.0,   16.4,   32.1,    8.2,   83.1,   89.5,   16.9,   10.5,  100.0,    0.0,    0.0,    0.0,    0.0,    0.0,    0.0,    0.0,    0.0,    0.0,    0.0,    0.0,    0.0,    0.0,    0.0,    0.0,     68,     32,     25,.,      4,      4,      0,      0,      0,     13,     12,     18,     59,     51,     68,     32,     25,.,      4,      4,      0,      0,      0,     13,     12,     18,     59,     51,      0,      0,      0,      0,      0,      0,      0,      0,      0,      0,      0,      0,      0,      0,    19.8,    49.2,    33.8,    62.0,    19.1,    47.0,    31.2,    54.4,    19.8,    49.2,    33.8,    62.0,    19.1,    47.0,    31.2,    54.4,     0.0,     0.0,     0.0,     0.0,     0.0,     0.0,     0.0,     0.0,100  metric tonnes,066393,IFED,066 ,N13,FutOnly
PROPANE ARGUS SAUDI CP MINI - ICE FUTURES ENERGY DIV,260728,2026-07-28,06639H,IFED,01,066 ,    2929,     880,     752,     642,      86,     110,       0,       0,       0,     360,    1225,     190,    2182,    2363,     747,     566,    2929,     880,     752,     642,      86,     110,       0,       0,       0,     360,    1225,     190,    2182,    2363,     747,     566,       0,       0,       0,       0,       0,       0,       0,       0,       0,       0,       0,       0,       0,       0,       0,       0,.,.,.,.,.,.,.,.,.,.,.,.,.,.,.,.,  100.0,   30.0,   25.7,   21.9,    2.9,    3.8,    0.0,    0.0,    0.0,   12.3,   41.8,    6.5,   74.5,   80.7,   25.5,   19.3,  100.0,   30.0,   25.7,   21.9,    2.9,    3.8,    0.0,    0.0,    0.0,   12.3,   41.8,    6.5,   74.5,   80.7,   25.5,   19.3,  100.0,    0.0,    0.0,    0.0,    0.0,    0.0,    0.0,    0.0,    0.0,    0.0,    0.0,    0.0,    0.0,    0.0,    0.0,    0.0,     22,      9,      5,.,.,.,      0,      0,      0,.,      6,      4,     19,     13,     22,      9,      5,.,.,.,      0,      0,      0,.,      6,      4,     19,     13,      0,      0,      0,      0,      0,      0,      0,      0,      0,      0,      0,      0,      0,      0,    48.8,    49.9,    61.5,    70.0,    45.7,    44.9,    54.2,    60.9,    48.8,    49.9,    61.5,    70.0,    45.7,    44.9,    54.2,    60.9,     0.0,     0.0,     0.0,     0.0,     0.0,     0.0,     0.0,     0.0,100 Metric  Tonnes,06639H,IFED,066 ,N13,FutOnly
"PROPANE,OPIS MT BELV TET BALMO - ICE FUTURES ENERGY DIV",260728,2026-07-28,06639Z,IFED,01,066 ,    3310,    1023,    2394,     115,      25,       0,       0,       0,       0,    1315,      74,     817,    3270,    3310,      40,       0,    3310,    1023,    2394,     115,      25,       0,       0,       0,       0,    1315,      74,     817,    3270,    3310,      40,       0,       0,       0,       0,       0,       0,       0,       0,       0,       0,       0,       0,       0,       0,       0,       0,       0,       0,       0,       0,       0,       0,       0,       0,       0,       0,       0,       0,       0,       0,       0,       0,       0,  100.0,   30.9,   72.3,    3.5,    0.8,    0.0,    0.0,    0.0,    0.0,   39.7,    2.2,   24.7,   98.8,  100.0,    1.2,    0.0,  100.0,   30.9,   72.3,    3.5,    0.8,    0.0,    0.0,    0.0,    0.0,   39.7,    2.2,   24.7,   98.8,  100.0,    1.2,    0.0,  100.0,    0.0,    0.0,    0.0,    0.0,    0.0,    0.0,    0.0,    0.0,    0.0,    0.0,    0.0,    0.0,    0.0,    0.0,    0.0,     20,      8,      6,.,.,      0,      0,      0,      0,.,.,.,     13,     11,     20,      8,      6,.,.,      0,      0,      0,      0,.,.,.,     13,     11,      0,      0,      0,      0,      0,      0,      0,      0,      0,      0,      0,      0,      0,      0,    75.2,    88.3,    88.3,    97.4,    52.2,    70.2,    65.3,    75.0,    75.2,    88.3,    88.3,    97.4,    52.2,    70.2,    65.3,    75.0,     0.0,     0.0,     0.0,     0.0,     0.0,     0.0,     0.0,     0.0,42000 gallons(1000 barrels),06639Z,IFED,066 ,N13,FutOnly
ARGUS FAR EAST PROPANE - ICE FUTURES ENERGY DIV,260728,2026-07-28,066413,IFED,01,066 ,   15374,    9478,   10404,     618,     985,     537,     111,       0,       0,    1588,    1059,    1520,   13852,   14505,    1522,     869,   15374,    9478,   10404,     618,     985,     537,     111,       0,       0,    1588,    1059,    1520,   13852,   14505,    1522,     869,       0,       0,       0,       0,       0,       0,       0,       0,       0,       0,       0,       0,       0,       0,       0,       0,     512,     394,     444,      48,      -1,      38,       0,       0,       0,      96,      -2,     -12,     564,     467,     -52,      45,  100.0,   61.6,   67.7,    4.0,    6.4,    3.5,    0.7,    0.0,    0.0,   10.3,    6.9,    9.9,   90.1,   94.3,    9.9,    5.7,  100.0,   61.6,   67.7,    4.0,    6.4,    3.5,    0.7,    0.0,    0.0,   10.3,    6.9,    9.9,   90.1,   94.3,    9.9,    5.7,  100.0,    0.0,    0.0,    0.0,    0.0,    0.0,    0.0,    0.0,    0.0,    0.0,    0.0,    0.0,    0.0,    0.0,    0.0,    0.0,     68,     39,     42,.,.,      4,.,      0,      0,      7,      9,     15,     61,     62,     68,     39,     42,.,.,      4,.,      0,      0,      7,      9,     15,     61,     62,      0,      0,      0,      0,      0,      0,      0,      0,      0,      0,      0,      0,      0,      0,    37.0,    29.9,    51.1,    44.8,    34.2,    28.8,    45.3,    42.4,    37.0,    29.9,    51.1,    44.8,    34.2,    28.8,    45.3,    42.4,     0.0,     0.0,     0.0,     0.0,     0.0,     0.0,     0.0,     0.0,1000  metric tonnes,066413,IFED,066 ,N13,FutOnly
"ETHANE, MT. BELV-ENTERPRISE - ICE FUTURES ENERGY DIV",260728,2026-07-28,066416,IFED,01,066 ,   84948,   55409,   53831,    3068,    8264,    7000,    2392,      40,     234,    6334,    5321,    9990,   84427,   84680,     521,     268,   84948,   55409,   53831,    3068,    8264,    7000,    2392,      40,     234,    6334,    5321,    9990,   84427,   84680,     521,     268,       0,       0,       0,       0,       0,       0,       0,       0,       0,       0,       0,       0,       0,       0,       0,       0,     673,    1415,    -204,     -94,      30,      28,       0,       0,       0,   -1231,     289,     510,     628,     653,      45,      20,  100.0,   65.2,   63.4,    3.6,    9.7,    8.2,    2.8,    0.0,    0.3,    7.5,    6.3,   11.8,   99.4,   99.7,    0.6,    0.3,  100.0,   65.2,   63.4,    3.6,    9.7,    8.2,    2.8,    0.0,    0.3,    7.5,    6.3,   11.8,   99.4,   99.7,    0.6,    0.3,  100.0,    0.0,    0.0,    0.0,    0.0,    0.0,    0.0,    0.0,    0.0,    0.0,    0.0,    0.0,    0.0,    0.0,    0.0,    0.0,     53,     28,     28,      4,.,      6,.,.,.,      7,      4,      7,     47,     45,     53,     28,     28,      4,.,      6,.,.,.,      7,      4,      7,     47,     45,      0,      0,      0,      0,      0,      0,      0,      0,      0,      0,      0,      0,      0,      0,    38.6,    37.4,    55.6,    56.0,    23.8,    22.9,    34.7,    35.4,    38.6,    37.4,    55.6,    56.0,    23.8,    22.9,    34.7,    35.4,     0.0,     0.0,     0.0,     0.0,     0.0,     0.0,     0.0,     0.0,42000 gallons(1000 barrels),066416,IFED,066 ,N13,FutOnly
ISOBUTANE OPIS MT BELV NONTET - ICE FUTURES ENERGY DIV,260728,2026-07-28,066418,IFED,01,066 ,    9985,    4797,    2334,    3164,    4852,     942,       0,       0,       0,     364,    1248,      55,    9322,    9431,     663,     554,    9985,    4797,    2334,    3164,    4852,     942,       0,       0,       0,     364,    1248,      55,    9322,    9431,     663,     554,       0,       0,       0,       0,       0,       0,       0,       0,       0,       0,       0,       0,       0,       0,       0,       0,     182,       0,       0,     182,     172,       0,       0,       0,       0,       0,       0,       0,     182,     172,       0,      10,  100.0,   48.0,   23.4,   31.7,   48.6,    9.4,    0.0,    0.0,    0.0,    3.6,   12.5,    0.6,   93.4,   94.5,    6.6,    5.5,  100.0,   48.0,   23.4,   31.7,   48.6,    9.4,    0.0,    0.0,    0.0,    3.6,   12.5,    0.6,   93.4,   94.5,    6.6,    5.5,  100.0,    0.0,    0.0,    0.0,    0.0,    0.0,    0.0,    0.0,    0.0,    0.0,    0.0,    0.0,    0.0,    0.0,    0.0,    0.0,     30,     15,      9,.,      5,.,      0,      0,      0,.,.,.,     19,     18,     30,     15,      9,.,      5,.,      0,      0,      0,.,.,.,     19,     18,      0,      0,      0,      0,      0,      0,      0,      0,      0,      0,      0,      0,      0,      0,    49.0,    54.9,    70.7,    79.0,    40.8,    54.9,    58.4,    74.0,    49.0,    54.9,    70.7,    79.0,    40.8,    54.9,    58.4,    74.0,     0.0,     0.0,     0.0,     0.0,     0.0,     0.0,     0.0,     0.0,42000 gallons(1000 barrels),066418,IFED,066 ,N13,FutOnly
NAT GASLNE OPIS MT B NONTET FP - ICE FUTURES ENERGY DIV,260728,2026-07-28,06641A,IFED,01,066 ,   18190,   16569,    9636,     526,    2419,     308,       0,       0,       0,     138,    4320,     635,   18176,   17318,      14,     872,   18190,   16569,    9636,     526,    2419,     308,       0,       0,       0,     138,    4320,     635,   18176,   17318,      14,     872,       0,       0,       0,       0,       0,       0,       0,       0,       0,       0,       0,       0,       0,       0,       0,       0,     654,     678,      42,      35,     136,     -35,       0,       0,       0,     138,     525,       6,     822,     674,    -168,     -20,  100.0,   91.1,   53.0,    2.9,   13.3,    1.7,    0.0,    0.0,    0.0,    0.8,   23.7,    3.5,   99.9,   95.2,    0.1,    4.8,  100.0,   91.1,   53.0,    2.9,   13.3,    1.7,    0.0,    0.0,    0.0,    0.8,   23.7,    3.5,   99.9,   95.2,    0.1,    4.8,  100.0,    0.0,    0.0,    0.0,    0.0,    0.0,    0.0,    0.0,    0.0,    0.0,    0.0,    0.0,    0.0,    0.0,    0.0,    0.0,     35,     19,     18,.,      5,      4,      0,      0,      0,.,      5,      5,     28,     30,     35,     19,     18,.,      5,      4,      0,      0,      0,.,      5,      5,     28,     30,      0,      0,      0,      0,      0,      0,      0,      0,      0,      0,      0,      0,      0,      0,    65.9,    58.0,    83.4,    73.6,    57.4,    49.8,    70.5,    61.2,    65.9,    58.0,    83.4,    73.6,    57.4,    49.8,    70.5,    61.2,     0.0,     0.0,     0.0,     0.0,     0.0,     0.0,     0.0,     0.0,42000 gallons(1000 barrels),06641A,IFED,066 ,N13,FutOnly
BUTANE OPIS MT BELV NONTET FP  - ICE FUTURES ENERGY DIV,260728,2026-07-28,06641D,IFED,01,066 ,   63311,   39002,   35806,    3986,   11081,    4808,    2298,       0,     375,    5665,    3949,    6749,   62883,   62768,     428,     543,   63311,   39002,   35806,    3986,   11081,    4808,    2298,       0,     375,    5665,    3949,    6749,   62883,   62768,     428,     543,       0,       0,       0,       0,       0,       0,       0,       0,       0,       0,       0,       0,       0,       0,       0,       0,    3284,    1919,    1836,      71,    -113,     808,     180,     -25,       0,    -224,     346,     540,    3294,    3392,     -10,    -108,  100.0,   61.6,   56.6,    6.3,   17.5,    7.6,    3.6,    0.0,    0.6,    8.9,    6.2,   10.7,   99.3,   99.1,    0.7,    0.9,  100.0,   61.6,   56.6,    6.3,   17.5,    7.6,    3.6,    0.0,    0.6,    8.9,    6.2,   10.7,   99.3,   99.1,    0.7,    0.9,  100.0,    0.0,    0.0,    0.0,    0.0,    0.0,    0.0,    0.0,    0.0,    0.0,    0.0,    0.0,    0.0,    0.0,    0.0,    0.0,     93,     55,     51,.,      9,      9,.,      0,.,      7,     10,     14,     81,     80,     93,     55,     51,.,      9,      9,.,      0,.,      7,     10,     14,     81,     80,      0,      0,      0,      0,      0,      0,      0,      0,      0,      0,      0,      0,      0,      0,    29.9,    28.0,    46.8,    43.5,    19.4,    18.0,    33.8,    29.5,    29.9,    28.0,    46.8,    43.5,    19.4,    18.0,    33.8,    29.5,     0.0,     0.0,     0.0,     0.0,     0.0,     0.0,     0.0,     0.0,42000 gallons(1000 barrels),06641D,IFED,066 ,N13,FutOnly
PROPANE OPIS CONWAY INWELL FP - ICE FUTURES ENERGY DIV,260728,2026-07-28,06641E,IFED,01,066 ,   13384,    8232,    8836,    1120,    1083,     698,       0,       0,       0,    1152,     365,    1991,   13193,   12973,     191,     411,   13384,    8232,    8836,    1120,    1083,     698,       0,       0,       0,    1152,     365,    1991,   13193,   12973,     191,     411,       0,       0,       0,       0,       0,       0,       0,       0,       0,       0,       0,       0,       0,       0,       0,       0,     738,     619,     864,      33,       5,     -65,       0,       0,       0,     133,     -24,      18,     738,     798,       0,     -60,  100.0,   61.5,   66.0,    8.4,    8.1,    5.2,    0.0,    0.0,    0.0,    8.6,    2.7,   14.9,   98.6,   96.9,    1.4,    3.1,  100.0,   61.5,   66.0,    8.4,    8.1,    5.2,    0.0,    0.0,    0.0,    8.6,    2.7,   14.9,   98.6,   96.9,    1.4,    3.1,  100.0,    0.0,    0.0,    0.0,    0.0,    0.0,    0.0,    0.0,    0.0,    0.0,    0.0,    0.0,    0.0,    0.0,    0.0,    0.0,     36,     18,     15,      5,      5,      7,      0,      0,      0,.,      6,      7,     35,     30,     36,     18,     15,      5,      5,      7,      0,      0,      0,.,      6,      7,     35,     30,      0,      0,      0,      0,      0,      0,      0,      0,      0,      0,      0,      0,      0,      0,    52.5,    48.0,    69.3,    73.5,    40.4,    38.1,    49.4,    48.5,    52.5,    48.0,    69.3,    73.5,    40.4,    38.1,    49.4,    48.5,     0.0,     0.0,     0.0,     0.0,     0.0,     0.0,     0.0,     0.0,42000 gallons(1000 barrels),06641E,IFED,066 ,N13,FutOnly
PROPANE OPIS MT BELV NONTET FP - ICE FUTURES ENERGY DIV,260728,2026-07-28,06641F,IFED,01,066 ,  110678,   67902,   64682,   11405,   32076,    1032,       0,       0,       0,   25165,    7169,    4799,  110303,  109758,     375,     920,  110678,   67902,   64682,   11405,   32076,    1032,       0,       0,       0,   25165,    7169,    4799,  110303,  109758,     375,     920,       0,       0,       0,       0,       0,       0,       0,       0,       0,       0,       0,       0,       0,       0,       0,       0,    4554,    2520,    2676,       0,     911,     -73,       0,       0,       0,    2207,    1151,    -183,    4471,    4482,      83,      72,  100.0,   61.4,   58.4,   10.3,   29.0,    0.9,    0.0,    0.0,    0.0,   22.7,    6.5,    4.3,   99.7,   99.2,    0.3,    0.8,  100.0,   61.4,   58.4,   10.3,   29.0,    0.9,    0.0,    0.0,    0.0,   22.7,    6.5,    4.3,   99.7,   99.2,    0.3,    0.8,  100.0,    0.0,    0.0,    0.0,    0.0,    0.0,    0.0,    0.0,    0.0,    0.0,    0.0,    0.0,    0.0,    0.0,    0.0,    0.0,     79,     35,     36,.,     11,      5,      0,      0,      0,      6,      7,      6,     49,     60,     79,     35,     36,.,     11,      5,      0,      0,      0,      6,      7,      6,     49,     60,      0,      0,      0,      0,      0,      0,      0,      0,      0,      0,      0,      0,      0,      0,    56.7,    32.9,    73.9,    57.8,    55.0,    31.4,    71.3,    54.6,    56.7,    32.9,    73.9,    57.8,    55.0,    31.4,    71.3,    54.6,     0.0,     0.0,     0.0,     0.0,     0.0,     0.0,     0.0,     0.0,42000 gallons(1000 barrels),06641F,IFED,066 ,N13,FutOnly
PROPANE OPIS MT BELVIEU TET FP - ICE FUTURES ENERGY DIV,260728,2026-07-28,06641G,IFED,01,066 ,  174153,   93876,   95519,   20221,   14230,   12800,     360,    5638,     189,   31275,   30312,   14805,  173526,  173493,     627,     660,  174153,   93876,   95519,   20221,   14230,   12800,     360,    5638,     189,   31275,   30312,   14805,  173526,  173493,     627,     660,       0,       0,       0,       0,       0,       0,       0,       0,       0,       0,       0,       0,       0,       0,       0,       0,    6490,    3863,    2977,    2030,     716,     551,      25,     187,       0,    -405,    1505,     580,    6644,    6516,    -154,     -26,  100.0,   53.9,   54.8,   11.6,    8.2,    7.3,    0.2,    3.2,    0.1,   18.0,   17.4,    8.5,   99.6,   99.6,    0.4,    0.4,  100.0,   53.9,   54.8,   11.6,    8.2,    7.3,    0.2,    3.2,    0.1,   18.0,   17.4,    8.5,   99.6,   99.6,    0.4,    0.4,  100.0,    0.0,    0.0,    0.0,    0.0,    0.0,    0.0,    0.0,    0.0,    0.0,    0.0,    0.0,    0.0,    0.0,    0.0,    0.0,    136,     64,     70,      6,     12,     16,.,      5,.,     19,     14,     21,    109,    121,    136,     64,     70,      6,     12,     16,.,      5,.,     19,     14,     21,    109,    121,      0,      0,      0,      0,      0,      0,      0,      0,      0,      0,      0,      0,      0,      0,    29.1,    35.0,    44.3,    46.5,    28.8,    28.5,    42.3,    38.2,    29.1,    35.0,    44.3,    46.5,    28.8,    28.5,    42.3,    38.2,     0.0,     0.0,     0.0,     0.0,     0.0,     0.0,     0.0,     0.0,42000 gallons(1000 barrels),06641G,IFED,066 ,N13,FutOnly
PROPANE ARGUS SAUDI CP FP - ICE FUTURES ENERGY DIV,260728,2026-07-28,06641H,IFED,01,066 ,    3932,    1409,    2656,     184,      12,      79,       0,       0,       0,     613,     216,     231,    2516,    3194,    1416,     738,    3932,    1409,    2656,     184,      12,      79,       0,       0,       0,     613,     216,     231,    2516,    3194,    1416,     738,       0,       0,       0,       0,       0,       0,       0,       0,       0,       0,       0,       0,       0,       0,       0,       0,     213,      95,     319,      11,     -23,      19,       0,       0,       0,      57,     -41,     -40,     142,     234,      71,     -21,  100.0,   35.8,   67.5,    4.7,    0.3,    2.0,    0.0,    0.0,    0.0,   15.6,    5.5,    5.9,   64.0,   81.2,   36.0,   18.8,  100.0,   35.8,   67.5,    4.7,    0.3,    2.0,    0.0,    0.0,    0.0,   15.6,    5.5,    5.9,   64.0,   81.2,   36.0,   18.8,  100.0,    0.0,    0.0,    0.0,    0.0,    0.0,    0.0,    0.0,    0.0,    0.0,    0.0,    0.0,    0.0,    0.0,    0.0,    0.0,     30,     15,     15,.,.,.,      0,      0,      0,      4,.,.,     24,     20,     30,     15,     15,.,.,.,      0,      0,      0,      4,.,.,     24,     20,      0,      0,      0,      0,      0,      0,      0,      0,      0,      0,      0,      0,      0,      0,    27.3,    44.9,    41.1,    65.1,    22.7,    41.9,    33.1,    56.9,    27.3,    44.9,    41.1,    65.1,    22.7,    41.9,    33.1,    56.9,     0.0,     0.0,     0.0,     0.0,     0.0,     0.0,     0.0,     0.0,1000 Metric  Tonnes,06641H,IFED,066 ,N13,FutOnly
ARGUS PROPANE FAR EAST INDEX - NEW YORK MERCANTILE EXCHANGE,260728,2026-07-28,06665B,NYME,01,066 ,    4755,    2312,    3648,     452,      68,     215,       0,       0,       0,     737,      59,     267,    3983,    4257,     772,     498,    4755,    2312,    3648,     452,      68,     215,       0,       0,       0,     737,      59,     267,    3983,    4257,     772,     498,       0,       0,       0,       0,       0,       0,       0,       0,       0,       0,       0,       0,       0,       0,       0,       0,     130,      87,     115,      29,     -11,      20,     -28,       0,       0,      -3,       0,      33,     138,     157,      -8,     -27,  100.0,   48.6,   76.7,    9.5,    1.4,    4.5,    0.0,    0.0,    0.0,   15.5,    1.2,    5.6,   83.8,   89.5,   16.2,   10.5,  100.0,   48.6,   76.7,    9.5,    1.4,    4.5,    0.0,    0.0,    0.0,   15.5,    1.2,    5.6,   83.8,   89.5,   16.2,   10.5,  100.0,    0.0,    0.0,    0.0,    0.0,    0.0,    0.0,    0.0,    0.0,    0.0,    0.0,    0.0,    0.0,    0.0,    0.0,    0.0,     26,     16,     14,.,.,.,      0,      0,      0,      4,.,.,     23,     21,     26,     16,     14,.,.,.,      0,      0,      0,      4,.,.,     23,     21,      0,      0,      0,      0,      0,      0,      0,      0,      0,      0,      0,      0,      0,      0,    46.3,    65.1,    59.5,    76.8,    42.0,    62.0,    52.5,    66.1,    46.3,    65.1,    59.5,    76.8,    42.0,    62.0,    52.5,    66.1,     0.0,     0.0,     0.0,     0.0,     0.0,     0.0,     0.0,     0.0,"(CONTRACTS OF 1,000 METRIC TONS)",06665B,NYME,066 ,N13,FutOnly
PROPANE NON-LDH MT BEL - NEW YORK MERCANTILE EXCHANGE,260728,2026-07-28,06665G,NYME,01,066 ,   27900,   20031,   15802,    2142,    8512,     993,       0,       0,       0,    2797,     438,    1610,   27573,   27355,     327,     545,   27900,   20031,   15802,    2142,    8512,     993,       0,       0,       0,    2797,     438,    1610,   27573,   27355,     327,     545,       0,       0,       0,       0,       0,       0,       0,       0,       0,       0,       0,       0,       0,       0,       0,       0,    1417,     503,     854,     485,     600,      43,       0,       0,       0,     515,      79,    -159,    1387,    1417,      30,       0,  100.0,   71.8,   56.6,    7.7,   30.5,    3.6,    0.0,    0.0,    0.0,   10.0,    1.6,    5.8,   98.8,   98.0,    1.2,    2.0,  100.0,   71.8,   56.6,    7.7,   30.5,    3.6,    0.0,    0.0,    0.0,   10.0,    1.6,    5.8,   98.8,   98.0,    1.2,    2.0,  100.0,    0.0,    0.0,    0.0,    0.0,    0.0,    0.0,    0.0,    0.0,    0.0,    0.0,    0.0,    0.0,    0.0,    0.0,    0.0,     61,     30,     29,      4,      6,      4,      0,      0,      0,      5,.,      4,     45,     40,     61,     30,     29,      4,      6,      4,      0,      0,      0,      5,.,      4,     45,     40,      0,      0,      0,      0,      0,      0,      0,      0,      0,      0,      0,      0,      0,      0,    31.2,    40.6,    53.9,    57.2,    28.3,    40.6,    46.4,    55.5,    31.2,    40.6,    53.9,    57.2,    28.3,    40.6,    46.4,    55.5,     0.0,     0.0,     0.0,     0.0,     0.0,     0.0,     0.0,     0.0,"(CONTRACTS OF 42,000 GALLONS)",06665G,NYME,066 ,N13,FutOnly
PROPANE - NEW YORK MERCANTILE EXCHANGE,260728,2026-07-28,06665O,NYME,01,066 ,  107876,   76203,   66172,    7250,    8134,    8228,    2226,    1325,     901,    1923,   11959,   10443,  107174,  107162,     702,     714,  107876,   76203,   66172,    7250,    8134,    8228,    2226,    1325,     901,    1923,   11959,   10443,  107174,  107162,     702,     714,       0,       0,       0,       0,       0,       0,       0,       0,       0,       0,       0,       0,       0,       0,       0,       0,    1334,     550,     946,     268,    -488,    -421,     -90,     125,     290,     491,     593,     279,    1367,    1324,     -33,      10,  100.0,   70.6,   61.3,    6.7,    7.5,    7.6,    2.1,    1.2,    0.8,    1.8,   11.1,    9.7,   99.3,   99.3,    0.7,    0.7,  100.0,   70.6,   61.3,    6.7,    7.5,    7.6,    2.1,    1.2,    0.8,    1.8,   11.1,    9.7,   99.3,   99.3,    0.7,    0.7,  100.0,    0.0,    0.0,    0.0,    0.0,    0.0,    0.0,    0.0,    0.0,    0.0,    0.0,    0.0,    0.0,    0.0,    0.0,    0.0,    134,     67,     65,      9,      9,     15,      6,      8,      5,      8,     15,     16,    112,    112,    134,     67,     65,      9,      9,     15,      6,      8,      5,      8,     15,     16,    112,    112,      0,      0,      0,      0,      0,      0,      0,      0,      0,      0,      0,      0,      0,      0,    38.1,    24.5,    51.7,    40.6,    33.8,    23.3,    41.1,    33.3,    38.1,    24.5,    51.7,    40.6,    33.8,    23.3,    41.1,    33.3,     0.0,     0.0,     0.0,     0.0,     0.0,     0.0,     0.0,     0.0,"(CONTRACTS OF 42,000 GALLONS)",06665O,NYME,066 ,N13,FutOnly
MT BELVIEU ETHANE OPIS - NEW YORK MERCANTILE EXCHANGE,260728,2026-07-28,06665P,NYME,01,066 ,   39849,   32732,   22109,    1478,   11919,    2486,    1874,     515,     195,     153,     575,     682,   39600,   38481,     249,    1368,   39849,   32732,   22109,    1478,   11919,    2486,    1874,     515,     195,     153,     575,     682,   39600,   38481,     249,    1368,       0,       0,       0,       0,       0,       0,       0,       0,       0,       0,       0,       0,       0,       0,       0,       0,    1951,    1136,    1356,     105,     355,     472,      90,    -400,       0,     -30,       0,     105,    1878,    1888,      73,      63,  100.0,   82.1,   55.5,    3.7,   29.9,    6.2,    4.7,    1.3,    0.5,    0.4,    1.4,    1.7,   99.4,   96.6,    0.6,    3.4,  100.0,   82.1,   55.5,    3.7,   29.9,    6.2,    4.7,    1.3,    0.5,    0.4,    1.4,    1.7,   99.4,   96.6,    0.6,    3.4,  100.0,    0.0,    0.0,    0.0,    0.0,    0.0,    0.0,    0.0,    0.0,    0.0,    0.0,    0.0,    0.0,    0.0,    0.0,    0.0,     50,     22,     24,.,      4,      5,      6,.,.,.,      4,      5,     38,     41,     50,     22,     24,.,      4,      5,      6,.,.,.,      4,      5,     38,     41,      0,      0,      0,      0,      0,      0,      0,      0,      0,      0,      0,      0,      0,      0,    59.9,    43.1,    78.5,    62.2,    46.1,    33.4,    55.3,    46.3,    59.9,    43.1,    78.5,    62.2,    46.1,    33.4,    55.3,    46.3,     0.0,     0.0,     0.0,     0.0,     0.0,     0.0,     0.0,     0.0,"(CONTRACTS OF 42,000 GALLONS)",06665P,NYME,066 ,N13,FutOnly
MT BELV NORM BUTANE OPIS - NEW YORK MERCANTILE EXCHANGE,260728,2026-07-28,06665Q,NYME,01,066 ,   47109,   34654,   29482,    2466,    7342,    2940,    1733,     180,       0,    2316,    3672,    2248,   46357,   45864,     752,    1245,   47109,   34654,   29482,    2466,    7342,    2940,    1733,     180,       0,    2316,    3672,    2248,   46357,   45864,     752,    1245,       0,       0,       0,       0,       0,       0,       0,       0,       0,       0,       0,       0,       0,       0,       0,       0,    1983,    1051,     944,      92,     707,      10,     375,       0,       0,     -67,    -146,     537,    1998,    2052,     -15,     -69,  100.0,   73.6,   62.6,    5.2,   15.6,    6.2,    3.7,    0.4,    0.0,    4.9,    7.8,    4.8,   98.4,   97.4,    1.6,    2.6,  100.0,   73.6,   62.6,    5.2,   15.6,    6.2,    3.7,    0.4,    0.0,    4.9,    7.8,    4.8,   98.4,   97.4,    1.6,    2.6,  100.0,    0.0,    0.0,    0.0,    0.0,    0.0,    0.0,    0.0,    0.0,    0.0,    0.0,    0.0,    0.0,    0.0,    0.0,    0.0,    106,     52,     51,      4,      9,      9,     10,.,      0,     11,      6,     14,     88,     81,    106,     52,     51,      4,      9,      9,     10,.,      0,     11,      6,     14,     88,     81,      0,      0,      0,      0,      0,      0,      0,      0,      0,      0,      0,      0,      0,      0,    29.6,    23.9,    42.4,    40.2,    18.2,    18.3,    28.5,    31.6,    29.6,    23.9,    42.4,    40.2,    18.2,    18.3,    28.5,    31.6,     0.0,     0.0,     0.0,     0.0,     0.0,     0.0,     0.0,     0.0,"(CONTRACTS OF 42,000 GALLONS)",06665Q,NYME,066 ,N13,FutOnly
MT BELV NAT GASOLINE OPIS - NEW YORK MERCANTILE EXCHANGE,260728,2026-07-28,06665R,NYME,01,066 ,   49483,   47207,   31402,       0,   15214,       0,      40,       0,       0,    2020,    1461,      70,   49337,   48147,     146,    1336,   49483,   47207,   31402,       0,   15214,       0,      40,       0,       0,    2020,    1461,      70,   49337,   48147,     146,    1336,       0,       0,       0,       0,       0,       0,       0,       0,       0,       0,       0,       0,       0,       0,       0,       0,    2123,    1843,    1825,       0,      95,       0,      10,       0,       0,     255,     175,       0,    2108,    2095,      15,      28,  100.0,   95.4,   63.5,    0.0,   30.7,    0.0,    0.1,    0.0,    0.0,    4.1,    3.0,    0.1,   99.7,   97.3,    0.3,    2.7,  100.0,   95.4,   63.5,    0.0,   30.7,    0.0,    0.1,    0.0,    0.0,    4.1,    3.0,    0.1,   99.7,   97.3,    0.3,    2.7,  100.0,    0.0,    0.0,    0.0,    0.0,    0.0,    0.0,    0.0,    0.0,    0.0,    0.0,    0.0,    0.0,    0.0,    0.0,    0.0,     51,     28,     26,      0,      7,      0,.,      0,      0,      5,.,.,     36,     36,     51,     28,     26,      0,      7,      0,.,      0,      0,      5,.,.,     36,     36,      0,      0,      0,      0,      0,      0,      0,      0,      0,      0,      0,      0,      0,      0,    82.3,    40.1,    91.5,    64.4,    78.9,    39.1,    85.3,    59.6,    82.3,    40.1,    91.5,    64.4,    78.9,    39.1,    85.3,    59.6,     0.0,     0.0,     0.0,     0.0,     0.0,     0.0,     0.0,     0.0,"(CONTRACTS OF 42,000 GALLONS)",06665R,NYME,066 ,N13,FutOnly
CONWAY PROPANE (OPIS) - NEW YORK MERCANTILE EXCHANGE,260728,2026-07-28,06665T,NYME,01,066 ,   20956,   15003,   12568,    1733,    4566,     864,       0,     275,       0,     334,     364,    1878,   19812,   20515,    1144,     441,   20956,   15003,   12568,    1733,    4566,     864,       0,     275,       0,     334,     364,    1878,   19812,   20515,    1144,     441,       0,       0,       0,       0,       0,       0,       0,       0,       0,       0,       0,       0,       0,       0,       0,       0,     747,     471,     600,       8,      50,     -23,       0,       0,       0,      18,      50,     130,     604,     807,     143,     -60,  100.0,   71.6,   60.0,    8.3,   21.8,    4.1,    0.0,    1.3,    0.0,    1.6,    1.7,    9.0,   94.5,   97.9,    5.5,    2.1,  100.0,   71.6,   60.0,    8.3,   21.8,    4.1,    0.0,    1.3,    0.0,    1.6,    1.7,    9.0,   94.5,   97.9,    5.5,    2.1,  100.0,    0.0,    0.0,    0.0,    0.0,    0.0,    0.0,    0.0,    0.0,    0.0,    0.0,    0.0,    0.0,    0.0,    0.0,    0.0,     52,     22,     28,.,      7,      7,      0,.,      0,      4,.,      6,     37,     46,     52,     22,     28,.,      7,      7,      0,.,      0,      4,.,      6,     37,     46,      0,      0,      0,      0,      0,      0,      0,      0,      0,      0,      0,      0,      0,      0,    51.4,    39.7,    66.0,    61.8,    44.9,    30.2,    54.5,    48.9,    51.4,    39.7,    66.0,    61.8,    44.9,    30.2,    54.5,    48.9,     0.0,     0.0,     0.0,     0.0,     0.0,     0.0,     0.0,     0.0,"(CONTRACTS OF 42,000 GALLONS)",06665T,NYME,066 ,N13,FutOnly
CRUDE DIFF-WCS HOUSTON/WTI 1ST - ICE FUTURES ENERGY DIV,260728,2026-07-28,06739C,IFED,01,067 ,   43014,   29275,   40724,    4230,     225,       0,    8874,    1050,     620,       0,     350,       0,   42999,   42969,      15,      45,   43014,   29275,   40724,    4230,     225,       0,    8874,    1050,     620,       0,     350,       0,   42999,   42969,      15,      45,       0,       0,       0,       0,       0,       0,       0,       0,       0,       0,       0,       0,       0,       0,       0,       0,   -3975,   -1540,   -3955,    -440,       0,     -25,   -1595,     220,    -290,       0,     150,    -100,   -3990,   -4000,      15,      25,  100.0,   68.1,   94.7,    9.8,    0.5,    0.0,   20.6,    2.4,    1.4,    0.0,    0.8,    0.0,  100.0,   99.9,    0.0,    0.1,  100.0,   68.1,   94.7,    9.8,    0.5,    0.0,   20.6,    2.4,    1.4,    0.0,    0.8,    0.0,  100.0,   99.9,    0.0,    0.1,  100.0,    0.0,    0.0,    0.0,    0.0,    0.0,    0.0,    0.0,    0.0,    0.0,    0.0,    0.0,    0.0,    0.0,    0.0,    0.0,     38,     20,     23,.,.,      0,.,.,.,      0,.,      0,     26,     26,     38,     20,     23,.,.,      0,.,.,.,      0,.,      0,     26,     26,      0,      0,      0,      0,      0,      0,      0,      0,      0,      0,      0,      0,      0,      0,    58.3,    63.8,    78.0,    83.2,    57.3,    56.8,    71.1,    74.1,    58.3,    63.8,    78.0,    83.2,    57.3,    56.8,    71.1,    74.1,     0.0,     0.0,     0.0,     0.0,     0.0,     0.0,     0.0,     0.0,(1000 Barrels),06739C,IFED,067 ,N10,FutOnly
"CRUDE OIL, LIGHT SWEET-WTI - ICE FUTURES EUROPE",260728,2026-07-28,067411,ICEU,01,067 ,  781193,  404261,  340237,    7883,   80404,   58644,   11360,   21319,   28599,   75825,   61893,  176606,  763178,  767702,   18015,   13491,  781193,  404261,  340237,    7883,   80404,   58644,   11360,   21319,   28599,   75825,   61893,  176606,  763178,  767702,   18015,   13491,       0,       0,       0,       0,       0,       0,       0,       0,       0,       0,       0,       0,       0,       0,       0,       0,   10778,    1073,   -4063,     317,   -1906,    5485,    2234,   -5015,     -50,   -5950,    9840,    6435,    9544,   10726,    1234,      52,  100.0,   51.7,   43.6,    1.0,   10.3,    7.5,    1.5,    2.7,    3.7,    9.7,    7.9,   22.6,   97.7,   98.3,    2.3,    1.7,  100.0,   51.7,   43.6,    1.0,   10.3,    7.5,    1.5,    2.7,    3.7,    9.7,    7.9,   22.6,   97.7,   98.3,    2.3,    1.7,  100.0,    0.0,    0.0,    0.0,    0.0,    0.0,    0.0,    0.0,    0.0,    0.0,    0.0,    0.0,    0.0,    0.0,    0.0,    0.0,    114,     39,     35,.,     11,     13,      5,     11,     12,     11,     26,     34,    100,    102,    114,     39,     35,.,     11,     13,      5,     11,     12,     11,     26,     34,    100,    102,      0,      0,      0,      0,      0,      0,      0,      0,      0,      0,      0,      0,      0,      0,    37.3,    34.5,    55.5,    46.9,    30.1,    21.5,    40.7,    30.7,    37.3,    34.5,    55.5,    46.9,    30.1,    21.5,    40.7,    30.7,     0.0,     0.0,     0.0,     0.0,     0.0,     0.0,     0.0,     0.0,"(CONTRACTS OF 1,000 BARRELS)",067411,ICEU,067 ,N10,FutOnly
WTI CRUDE OIL 1ST LINE - ICE FUTURES ENERGY DIV,260728,2026-07-28,06741Q,IFED,01,067 ,   28094,   17979,    3073,    2208,   12196,    1707,       0,       0,       0,    4875,    9425,     173,   26942,   26574,    1152,    1520,   28094,   17979,    3073,    2208,   12196,    1707,       0,       0,       0,    4875,    9425,     173,   26942,   26574,    1152,    1520,       0,       0,       0,       0,       0,       0,       0,       0,       0,       0,       0,       0,       0,       0,       0,       0,     264,     175,       0,       0,       0,       0,       0,       0,       0,       0,      80,      -1,     174,      79,      90,     185,  100.0,   64.0,   10.9,    7.9,   43.4,    6.1,    0.0,    0.0,    0.0,   17.4,   33.5,    0.6,   95.9,   94.6,    4.1,    5.4,  100.0,   64.0,   10.9,    7.9,   43.4,    6.1,    0.0,    0.0,    0.0,   17.4,   33.5,    0.6,   95.9,   94.6,    4.1,    5.4,  100.0,    0.0,    0.0,    0.0,    0.0,    0.0,    0.0,    0.0,    0.0,    0.0,    0.0,    0.0,    0.0,    0.0,    0.0,    0.0,     21,      6,      4,.,      6,.,      0,      0,      0,.,.,.,     15,     15,     21,      6,      4,.,      6,.,      0,      0,      0,.,.,.,     15,     15,      0,      0,      0,      0,      0,      0,      0,      0,      0,      0,      0,      0,      0,      0,    71.0,    67.4,    88.7,    86.6,    66.1,    63.1,    82.2,    79.7,    71.0,    67.4,    88.7,    86.6,    66.1,    63.1,    82.2,    79.7,     0.0,     0.0,     0.0,     0.0,     0.0,     0.0,     0.0,     0.0,1000 US barrels per lot,06741Q,IFED,067 ,N10,FutOnly
CRUDE DIFF-TMX WCS 1A INDEX - ICE FUTURES ENERGY DIV,260728,2026-07-28,06742G,IFED,01,067 ,   59059,   58769,   24052,       0,   20858,     135,      25,   13796,      30,      60,     160,      25,   59044,   59056,      15,       3,   59059,   58769,   24052,       0,   20858,     135,      25,   13796,      30,      60,     160,      25,   59044,   59056,      15,       3,       0,       0,       0,       0,       0,       0,       0,       0,       0,       0,       0,       0,       0,       0,       0,       0,    3850,    3755,    4185,       0,    -165,       0,      25,    -260,       0,      30,      80,      25,    3835,    3865,      15,     -15,  100.0,   99.5,   40.7,    0.0,   35.3,    0.2,    0.0,   23.4,    0.1,    0.1,    0.3,    0.0,  100.0,  100.0,    0.0,    0.0,  100.0,   99.5,   40.7,    0.0,   35.3,    0.2,    0.0,   23.4,    0.1,    0.1,    0.3,    0.0,  100.0,  100.0,    0.0,    0.0,  100.0,    0.0,    0.0,    0.0,    0.0,    0.0,    0.0,    0.0,    0.0,    0.0,    0.0,    0.0,    0.0,    0.0,    0.0,    0.0,     48,     26,     17,      0,     10,.,.,.,.,.,.,.,     32,     33,     48,     26,     17,      0,     10,.,.,.,.,.,.,.,     32,     33,      0,      0,      0,      0,      0,      0,      0,      0,      0,      0,      0,      0,      0,      0,    60.1,    46.6,    84.2,    69.2,    51.8,    44.6,    69.9,    64.8,    60.1,    46.6,    84.2,    69.2,    51.8,    44.6,    69.9,    64.8,     0.0,     0.0,     0.0,     0.0,     0.0,     0.0,     0.0,     0.0,1000 BARRELS,06742G,IFED,067 ,N10,FutOnly
CRUDE DIFF-TMX SW 1A INDEX - ICE FUTURES ENERGY DIV,260728,2026-07-28,06742T,IFED,01,067 ,   13703,   13643,    4902,       0,    7286,       0,       0,    1365,       0,       0,     120,       0,   13643,   13673,      60,      30,   13703,   13643,    4902,       0,    7286,       0,       0,    1365,       0,       0,     120,       0,   13643,   13673,      60,      30,       0,       0,       0,       0,       0,       0,       0,       0,       0,       0,       0,       0,       0,       0,       0,       0,    1034,    1139,     674,       0,     115,       0,    -165,     185,       0,       0,      30,       0,     974,    1004,      60,      30,  100.0,   99.6,   35.8,    0.0,   53.2,    0.0,    0.0,   10.0,    0.0,    0.0,    0.9,    0.0,   99.6,   99.8,    0.4,    0.2,  100.0,   99.6,   35.8,    0.0,   53.2,    0.0,    0.0,   10.0,    0.0,    0.0,    0.9,    0.0,   99.6,   99.8,    0.4,    0.2,  100.0,    0.0,    0.0,    0.0,    0.0,    0.0,    0.0,    0.0,    0.0,    0.0,    0.0,    0.0,    0.0,    0.0,    0.0,    0.0,     28,     14,     12,      0,      6,      0,      0,.,      0,      0,.,      0,     14,     21,     28,     14,     12,      0,      6,      0,      0,.,      0,      0,.,      0,     14,     21,      0,      0,      0,      0,      0,      0,      0,      0,      0,      0,      0,      0,      0,      0,    73.1,    61.8,    91.0,    79.3,    67.2,    55.8,    79.5,    67.6,    73.1,    61.8,    91.0,    79.3,    67.2,    55.8,    79.5,    67.6,     0.0,     0.0,     0.0,     0.0,     0.0,     0.0,     0.0,     0.0,1000 BARRELS,06742T,IFED,067 ,N10,FutOnly
CONDENSATE DIF-TMX C5 1A INDEX - ICE FUTURES ENERGY DIV,260728,2026-07-28,06743A,IFED,01,067 ,   13235,   11795,   12875,    1440,     120,       0,       0,       0,       0,       0,     120,       0,   13235,   13115,       0,     120,   13235,   11795,   12875,    1440,     120,       0,       0,       0,       0,       0,     120,       0,   13235,   13115,       0,     120,       0,       0,       0,       0,       0,       0,       0,       0,       0,       0,       0,       0,       0,       0,       0,       0,     590,     590,     545,       0,       0,       0,       0,       0,       0,       0,      30,       0,     590,     575,       0,      15,  100.0,   89.1,   97.3,   10.9,    0.9,    0.0,    0.0,    0.0,    0.0,    0.0,    0.9,    0.0,  100.0,   99.1,    0.0,    0.9,  100.0,   89.1,   97.3,   10.9,    0.9,    0.0,    0.0,    0.0,    0.0,    0.0,    0.9,    0.0,  100.0,   99.1,    0.0,    0.9,  100.0,    0.0,    0.0,    0.0,    0.0,    0.0,    0.0,    0.0,    0.0,    0.0,    0.0,    0.0,    0.0,    0.0,    0.0,    0.0,     27,     18,     15,.,.,      0,      0,      0,      0,      0,.,      0,     20,     17,     27,     18,     15,.,.,      0,      0,      0,      0,      0,.,      0,     20,     17,      0,      0,      0,      0,      0,      0,      0,      0,      0,      0,      0,      0,      0,      0,    60.7,    75.9,    84.1,    88.7,    50.2,    65.0,    63.5,    69.5,    60.7,    75.9,    84.1,    88.7,    50.2,    65.0,    63.5,    69.5,     0.0,     0.0,     0.0,     0.0,     0.0,     0.0,     0.0,     0.0,1000 BARRELS,06743A,IFED,067 ,N10,FutOnly
WTI-PHYSICAL - NEW YORK MERCANTILE EXCHANGE,260728,2026-07-28,067651,NYME,01,067 , 1859795,  648607,  296817,  100460,  611072,  122522,  193959,  101016,  258553,  121033,   93868,  336864, 1781998, 1820712,   77797,   39083, 1859795,  648607,  296817,  100460,  611072,  122522,  193959,  101016,  258553,  121033,   93868,  336864, 1781998, 1820712,   77797,   39083,       0,       0,       0,       0,       0,       0,       0,       0,       0,       0,       0,       0,       0,       0,       0,       0,   -4692,  -25095,    6465,    5656,   24317,   -5266,    6490,  -22474,  -14711,   -1680,  -11135,   29194,   -5412,    6390,     720,  -11082,  100.0,   34.9,   16.0,    5.4,   32.9,    6.6,   10.4,    5.4,   13.9,    6.5,    5.0,   18.1,   95.8,   97.9,    4.2,    2.1,  100.0,   34.9,   16.0,    5.4,   32.9,    6.6,   10.4,    5.4,   13.9,    6.5,    5.0,   18.1,   95.8,   97.9,    4.2,    2.1,  100.0,    0.0,    0.0,    0.0,    0.0,    0.0,    0.0,    0.0,    0.0,    0.0,    0.0,    0.0,    0.0,    0.0,    0.0,    0.0,    292,     56,     56,     13,     26,     29,     59,     28,     53,     57,     40,     59,    257,    222,    292,     56,     56,     13,     26,     29,     59,     28,     53,     57,     40,     59,    257,    222,      0,      0,      0,      0,      0,      0,      0,      0,      0,      0,      0,      0,      0,      0,    17.0,    19.6,    30.8,    29.5,    10.6,    13.7,    17.8,    21.5,    17.0,    19.6,    30.8,    29.5,    10.6,    13.7,    17.8,    21.5,     0.0,     0.0,     0.0,     0.0,     0.0,     0.0,     0.0,     0.0,"(CONTRACTS OF 1,000 BARRELS)",067651,NYME,067 ,N10,FutOnly
WTI FINANCIAL CRUDE OIL - NEW YORK MERCANTILE EXCHANGE,260728,2026-07-28,06765A,NYME,01,067 ,  212110,   45573,   50957,   64604,   57828,   13240,       0,       0,       0,   47887,   28129,   14074,  185378,  164228,   26732,   47882,  212110,   45573,   50957,   64604,   57828,   13240,       0,       0,       0,   47887,   28129,   14074,  185378,  164228,   26732,   47882,       0,       0,       0,       0,       0,       0,       0,       0,       0,       0,       0,       0,       0,       0,       0,       0,    9135,    6162,    3650,     652,    2073,    2271,       0,       0,       0,      57,     338,     279,    9421,    8611,    -286,     524,  100.0,   21.5,   24.0,   30.5,   27.3,    6.2,    0.0,    0.0,    0.0,   22.6,   13.3,    6.6,   87.4,   77.4,   12.6,   22.6,  100.0,   21.5,   24.0,   30.5,   27.3,    6.2,    0.0,    0.0,    0.0,   22.6,   13.3,    6.6,   87.4,   77.4,   12.6,   22.6,  100.0,    0.0,    0.0,    0.0,    0.0,    0.0,    0.0,    0.0,    0.0,    0.0,    0.0,    0.0,    0.0,    0.0,    0.0,    0.0,     47,     15,     15,     11,      5,     10,      0,      0,      0,      4,      7,      7,     37,     37,     47,     15,     15,     11,      5,     10,      0,      0,      0,      4,      7,      7,     37,     37,      0,      0,      0,      0,      0,      0,      0,      0,      0,      0,      0,      0,      0,      0,    30.3,    34.1,    47.0,    49.3,    28.9,    34.1,    42.6,    48.5,    30.3,    34.1,    47.0,    49.3,    28.9,    34.1,    42.6,    48.5,     0.0,     0.0,     0.0,     0.0,     0.0,     0.0,     0.0,     0.0,"(CONTRACTS OF 1,000 BARRELS)",06765A,NYME,067 ,N10,FutOnly
BRENT LAST DAY - NEW YORK MERCANTILE EXCHANGE,260728,2026-07-28,06765T,NYME,01,067 ,  258755,   19696,   52363,   48589,    5753,   20896,   16703,     963,    7254,   41145,   71533,   92966,  247249,  251728,   11506,    7027,  258755,   19696,   52363,   48589,    5753,   20896,   16703,     963,    7254,   41145,   71533,   92966,  247249,  251728,   11506,    7027,       0,       0,       0,       0,       0,       0,       0,       0,       0,       0,       0,       0,       0,       0,       0,       0,   10943,    1366,   -3087,  -11573,    5753,   10395,    1038,    -447,      79,    2765,   -7832,    4965,    9035,    9826,    1908,    1117,  100.0,    7.6,   20.2,   18.8,    2.2,    8.1,    6.5,    0.4,    2.8,   15.9,   27.6,   35.9,   95.6,   97.3,    4.4,    2.7,  100.0,    7.6,   20.2,   18.8,    2.2,    8.1,    6.5,    0.4,    2.8,   15.9,   27.6,   35.9,   95.6,   97.3,    4.4,    2.7,  100.0,    0.0,    0.0,    0.0,    0.0,    0.0,    0.0,    0.0,    0.0,    0.0,    0.0,    0.0,    0.0,    0.0,    0.0,    0.0,     51,      7,      6,      9,.,      9,.,.,      4,     17,     11,     26,     48,     47,     51,      7,      6,      9,.,      9,.,.,      4,     17,     11,     26,     48,     47,      0,      0,      0,      0,      0,      0,      0,      0,      0,      0,      0,      0,      0,      0,    28.7,    47.0,    51.1,    66.2,    23.7,    33.9,    34.4,    43.0,    28.7,    47.0,    51.1,    66.2,    23.7,    33.9,    34.4,    43.0,     0.0,     0.0,     0.0,     0.0,     0.0,     0.0,     0.0,     0.0,"(CONTRACTS OF 1,000 BARRELS)",06765T,NYME,067 ,N10,FutOnly
WTI  HOUSTON ARGUS/WTI TR MO - NEW YORK MERCANTILE EXCHANGE,260728,2026-07-28,0676A5,NYME,01,067 ,  477234,  447666,  319451,       0,   41823,    3920,     450,   26620,   10820,     666,   48962,    7147,  470669,  458743,    6565,   18491,  477234,  447666,  319451,       0,   41823,    3920,     450,   26620,   10820,     666,   48962,    7147,  470669,  458743,    6565,   18491,       0,       0,       0,       0,       0,       0,       0,       0,       0,       0,       0,       0,       0,       0,       0,       0,   -3803,   -7814,     816,       0,  -10455,    1340,   -5710,   -9405,    4925,     352,     -70,    1579,   -5328,  -11270,    1525,    7467,  100.0,   93.8,   66.9,    0.0,    8.8,    0.8,    0.1,    5.6,    2.3,    0.1,   10.3,    1.5,   98.6,   96.1,    1.4,    3.9,  100.0,   93.8,   66.9,    0.0,    8.8,    0.8,    0.1,    5.6,    2.3,    0.1,   10.3,    1.5,   98.6,   96.1,    1.4,    3.9,  100.0,    0.0,    0.0,    0.0,    0.0,    0.0,    0.0,    0.0,    0.0,    0.0,    0.0,    0.0,    0.0,    0.0,    0.0,    0.0,     43,     23,     27,      0,      6,.,.,.,.,.,.,.,     30,     38,     43,     23,     27,      0,      6,.,.,.,.,.,.,.,     30,     38,      0,      0,      0,      0,      0,      0,      0,      0,      0,      0,      0,      0,      0,      0,    54.4,    42.4,    81.2,    67.0,    53.4,    39.4,    65.2,    53.2,    54.4,    42.4,    81.2,    67.0,    53.4,    39.4,    65.2,    53.2,     0.0,     0.0,     0.0,     0.0,     0.0,     0.0,     0.0,     0.0,"(CONTRACTS OF 1,000 BARRELS)",0676A5,NYME,067 ,N10,FutOnly
WTI  HOUSTON ARGUS/WTI BALMO - NEW YORK MERCANTILE EXCHANGE,260728,2026-07-28,0676A6,NYME,01,067 ,   28430,   26574,   24659,       0,       0,       0,       0,       0,       0,       0,    1730,     480,   27054,   26869,    1376,    1561,   28430,   26574,   24659,       0,       0,       0,       0,       0,       0,       0,    1730,     480,   27054,   26869,    1376,    1561,       0,       0,       0,       0,       0,       0,       0,       0,       0,       0,       0,       0,       0,       0,       0,       0,.,.,.,.,.,.,.,.,.,.,.,.,.,.,.,.,  100.0,   93.5,   86.7,    0.0,    0.0,    0.0,    0.0,    0.0,    0.0,    0.0,    6.1,    1.7,   95.2,   94.5,    4.8,    5.5,  100.0,   93.5,   86.7,    0.0,    0.0,    0.0,    0.0,    0.0,    0.0,    0.0,    6.1,    1.7,   95.2,   94.5,    4.8,    5.5,  100.0,    0.0,    0.0,    0.0,    0.0,    0.0,    0.0,    0.0,    0.0,    0.0,    0.0,    0.0,    0.0,    0.0,    0.0,    0.0,     20,     17,     15,      0,      0,      0,      0,      0,      0,      0,.,.,     19,     17,     20,     17,     15,      0,      0,      0,      0,      0,      0,      0,.,.,     19,     17,      0,      0,      0,      0,      0,      0,      0,      0,      0,      0,      0,      0,      0,      0,    43.0,    53.7,    74.2,    77.1,    27.5,    36.9,    41.8,    46.5,    43.0,    53.7,    74.2,    77.1,    27.5,    36.9,    41.8,    46.5,     0.0,     0.0,     0.0,     0.0,     0.0,     0.0,     0.0,     0.0,"(CONTRACTS OF 1,000 BARRELS)",0676A6,NYME,067 ,N10,FutOnly
WTI MIDLAND ARGUS VS WTI TRADE - NEW YORK MERCANTILE EXCHANGE,260728,2026-07-28,067A71,NYME,01,067 ,  324333,  285275,  146869,    1230,  148575,    5205,       0,    5460,       0,   26385,       0,       0,  318095,  306109,    6238,   18224,  324333,  285275,  146869,    1230,  148575,    5205,       0,    5460,       0,   26385,       0,       0,  318095,  306109,    6238,   18224,       0,       0,       0,       0,       0,       0,       0,       0,       0,       0,       0,       0,       0,       0,       0,       0,   15922,   16632,    9302,   -1645,    5285,    1347,       0,       0,       0,       0,       0,       0,   16334,   15934,    -412,     -12,  100.0,   88.0,   45.3,    0.4,   45.8,    1.6,    0.0,    1.7,    0.0,    8.1,    0.0,    0.0,   98.1,   94.4,    1.9,    5.6,  100.0,   88.0,   45.3,    0.4,   45.8,    1.6,    0.0,    1.7,    0.0,    8.1,    0.0,    0.0,   98.1,   94.4,    1.9,    5.6,  100.0,    0.0,    0.0,    0.0,    0.0,    0.0,    0.0,    0.0,    0.0,    0.0,    0.0,    0.0,    0.0,    0.0,    0.0,    0.0,     35,     15,     13,.,     10,.,      0,.,      0,.,      0,      0,     17,     25,     35,     15,     13,.,     10,.,      0,.,      0,.,      0,      0,     17,     25,      0,      0,      0,      0,      0,      0,      0,      0,      0,      0,      0,      0,      0,      0,    59.3,    52.0,    85.2,    76.5,    59.3,    52.0,    85.1,    76.5,    59.3,    52.0,    85.2,    76.5,    59.3,    52.0,    85.1,    76.5,     0.0,     0.0,     0.0,     0.0,     0.0,     0.0,     0.0,     0.0,"(CONTRACTS OF 1,000 BARRELS)",067A71,NYME,067 ,N10,FutOnly
COCOA - ICE FUTURES U.S.,260728,2026-07-28,073732,ICUS,01,073 ,  201223,   55928,   74361,   34401,   11507,   10530,   20277,   29050,   33238,   14890,   11673,   22034,  191298,  192393,    9925,    8830,   64603,   11753,    8078,   16278,    6953,     159,   13269,   30357,    1724,   17050,   12077,     213,   60446,   59561,    4157,    5042,  136620,   44175,   66283,   19831,    6262,    8663,   23896,   15581,   14626,   10652,   12408,    9009,  130852,  132832,    5768,    3788,    -329,    1152,   -1590,    -363,      75,     231,    -361,    1436,     798,     217,      69,   -1803,    -129,    -784,    -200,     455,  100.0,   27.8,   37.0,   17.1,    5.7,    5.2,   10.1,   14.4,   16.5,    7.4,    5.8,   10.9,   95.1,   95.6,    4.9,    4.4,  100.0,   18.2,   12.5,   25.2,   10.8,    0.2,   20.5,   47.0,    2.7,   26.4,   18.7,    0.3,   93.6,   92.2,    6.4,    7.8,  100.0,   32.3,   48.5,   14.5,    4.6,    6.3,   17.5,   11.4,   10.7,    7.8,    9.1,    6.6,   95.8,   97.2,    4.2,    2.8,    197,     29,     27,     18,      7,     15,     40,     40,     49,     25,     27,     34,    164,    154,    174,     21,     17,     16,      9,.,     24,     45,     12,     22,     26,.,     97,    101,    169,     26,     24,     18,      6,     10,     39,     27,     30,     19,     27,     25,    135,    117,    14.8,    14.6,    25.6,    25.9,    12.3,    12.4,    22.0,    20.5,    24.0,    24.2,    36.9,    39.6,    24.0,    24.0,    36.8,    38.7,    18.7,    21.3,    29.9,    35.6,    15.2,    20.2,    25.1,    31.1,(CONTRACTS OF 10 METRIC TONS),073732,ICUS,073 ,A50,FutOnly
PALLADIUM - NEW YORK MERCANTILE EXCHANGE,260728,2026-07-28,075651,NYME,01,075 ,   18699,    1779,    1147,    6540,    2758,     349,    4391,   10564,     639,    2470,    1064,     335,   16503,   16856,    2196,    1843,   18699,    1779,    1147,    6540,    2758,     349,    4391,   10564,     639,    2470,    1064,     335,   16503,   16856,    2196,    1843,       0,       0,       0,       0,       0,       0,       0,       0,       0,       0,       0,       0,       0,       0,       0,       0,     259,     -45,      98,    -236,     -92,     188,     425,     -19,     105,    -207,       1,     -28,     202,     253,      57,       6,  100.0,    9.5,    6.1,   35.0,   14.7,    1.9,   23.5,   56.5,    3.4,   13.2,    5.7,    1.8,   88.3,   90.1,   11.7,    9.9,  100.0,    9.5,    6.1,   35.0,   14.7,    1.9,   23.5,   56.5,    3.4,   13.2,    5.7,    1.8,   88.3,   90.1,   11.7,    9.9,  100.0,    0.0,    0.0,    0.0,    0.0,    0.0,    0.0,    0.0,    0.0,    0.0,    0.0,    0.0,    0.0,    0.0,    0.0,    0.0,    148,     10,      9,     18,     11,      5,     25,     36,     13,     27,     11,      6,     91,     83,    148,     10,      9,     18,     11,      5,     25,     36,     13,     27,     11,      6,     91,     83,      0,      0,      0,      0,      0,      0,      0,      0,      0,      0,      0,      0,      0,      0,    27.1,    28.0,    40.6,    41.3,    26.0,    27.8,    39.1,    40.6,    27.1,    28.0,    40.6,    41.3,    26.0,    27.8,    39.1,    40.6,     0.0,     0.0,     0.0,     0.0,     0.0,     0.0,     0.0,     0.0,(CONTRACTS OF 100 TROY OUNCES),075651,NYME,075 ,N20,FutOnly
PLATINUM - NEW YORK MERCANTILE EXCHANGE,260728,2026-07-28,076651,NYME,01,076 ,   53658,    1509,   11108,   15641,   22193,    1048,   14114,    7588,    4065,    6957,    1848,    2686,   46020,   50536,    7638,    3122,   53658,    1509,   11108,   15641,   22193,    1048,   14114,    7588,    4065,    6957,    1848,    2686,   46020,   50536,    7638,    3122,       0,       0,       0,       0,       0,       0,       0,       0,       0,       0,       0,       0,       0,       0,       0,       0,     -63,    -406,    -121,     114,    -799,     598,      51,    -252,     303,    -787,     365,      20,    -107,     114,      44,    -177,  100.0,    2.8,   20.7,   29.1,   41.4,    2.0,   26.3,   14.1,    7.6,   13.0,    3.4,    5.0,   85.8,   94.2,   14.2,    5.8,  100.0,    2.8,   20.7,   29.1,   41.4,    2.0,   26.3,   14.1,    7.6,   13.0,    3.4,    5.0,   85.8,   94.2,   14.2,    5.8,  100.0,    0.0,    0.0,    0.0,    0.0,    0.0,    0.0,    0.0,    0.0,    0.0,    0.0,    0.0,    0.0,    0.0,    0.0,    0.0,    190,     14,     17,     16,     16,     11,     47,     22,     22,     41,     15,     15,    143,     98,    190,     14,     17,     16,     16,     11,     47,     22,     22,     41,     15,     15,    143,     98,      0,      0,      0,      0,      0,      0,      0,      0,      0,      0,      0,      0,      0,      0,    20.3,    39.1,    29.7,    52.1,    19.9,    38.0,    29.1,    49.0,    20.3,    39.1,    29.7,    52.1,    19.9,    38.0,    29.1,    49.0,     0.0,     0.0,     0.0,     0.0,     0.0,     0.0,     0.0,     0.0,(CONTRACTS OF 50 TROY OUNCES),076651,NYME,076 ,N20,FutOnly
SUGAR NO. 11 - ICE FUTURES U.S.,260728,2026-07-28,080732,ICUS,01,080 , 1032923,  227912,  340274,  248240,   54675,   17640,  175285,  291709,  124002,   92669,   60874,   70117,  955865,  959291,   77058,   73632, 1032923,  227912,  340274,  248240,   54675,   17640,  175285,  291709,  124002,   92669,   60874,   70117,  955865,  959291,   77058,   73632,       0,       0,       0,       0,       0,       0,       0,       0,       0,       0,       0,       0,       0,       0,       0,       0,   17479,    6025,   -8161,    8235,    1833,    1136,   -1619,   12123,    4043,     816,    7213,    -958,   17678,   17229,    -199,     250,  100.0,   22.1,   32.9,   24.0,    5.3,    1.7,   17.0,   28.2,   12.0,    9.0,    5.9,    6.8,   92.5,   92.9,    7.5,    7.1,  100.0,   22.1,   32.9,   24.0,    5.3,    1.7,   17.0,   28.2,   12.0,    9.0,    5.9,    6.8,   92.5,   92.9,    7.5,    7.1,  100.0,    0.0,    0.0,    0.0,    0.0,    0.0,    0.0,    0.0,    0.0,    0.0,    0.0,    0.0,    0.0,    0.0,    0.0,    0.0,    287,     51,     49,     18,     12,      9,     51,     62,     61,     48,     28,     34,    229,    199,    287,     51,     49,     18,     12,      9,     51,     62,     61,     48,     28,     34,    229,    199,      0,      0,      0,      0,      0,      0,      0,      0,      0,      0,      0,      0,      0,      0,    15.3,    21.8,    25.0,    33.2,    13.0,    17.4,    21.0,    26.0,    15.3,    21.8,    25.0,    33.2,    13.0,    17.4,    21.0,    26.0,     0.0,     0.0,     0.0,     0.0,     0.0,     0.0,     0.0,     0.0,"(CONTRACTS OF 112,000 POUNDS)",080732,ICUS,080 ,A50,FutOnly
COFFEE C - ICE FUTURES U.S.,260728,2026-07-28,083731,ICUS,01,083 ,  164447,   32602,   62737,   25802,   24482,    3118,   42402,    8903,   28332,   10314,   16405,   14837,  157407,  158814,    7040,    5633,   58726,    7500,   21579,   11534,   10532,      87,   29144,   11748,    1651,    5742,   10091,       0,   55658,   55688,    3068,    3038,  105721,   25102,   41158,   14724,   14406,    2575,   25804,    9701,   14135,    8467,   10209,   10942,  101749,  103126,    3972,    2595,    1390,     158,    -117,    -406,    -405,     220,    -439,    -719,    2602,     760,     887,   -1183,    1712,    1285,    -322,     105,  100.0,   19.8,   38.2,   15.7,   14.9,    1.9,   25.8,    5.4,   17.2,    6.3,   10.0,    9.0,   95.7,   96.6,    4.3,    3.4,  100.0,   12.8,   36.7,   19.6,   17.9,    0.1,   49.6,   20.0,    2.8,    9.8,   17.2,    0.0,   94.8,   94.8,    5.2,    5.2,  100.0,   23.7,   38.9,   13.9,   13.6,    2.4,   24.4,    9.2,   13.4,    8.0,    9.7,   10.3,   96.2,   97.5,    3.8,    2.5,    338,     82,     91,     17,     22,     19,     78,     26,     56,     34,     52,     43,    272,    258,    306,     26,     77,     15,     20,.,     61,     35,     20,     31,     50,      0,    142,    194,    292,     78,     72,     15,     22,     14,     64,     21,     39,     30,     41,     31,    221,    208,    11.8,    14.6,    20.4,    24.8,     9.2,    12.1,    15.9,    19.2,    20.7,    18.1,    35.6,    31.3,    20.7,    17.8,    34.8,    30.2,    16.2,    17.1,    24.7,    29.1,    10.5,    15.5,    18.1,    24.2,"(CONTRACTS OF 37,500 POUNDS)",083731,ICUS,083 ,A50,FutOnly
SILVER - COMMODITY EXCHANGE INC.,260728,2026-07-28,084691,CMX ,01,084 ,  106719,    5958,   18987,   21705,   47485,    4844,   17939,    8757,    9325,   17375,    4340,    3611,   80757,   97349,   25962,    9370,  106719,    5958,   18987,   21705,   47485,    4844,   17939,    8757,    9325,   17375,    4340,    3611,   80757,   97349,   25962,    9370,       0,       0,       0,       0,       0,       0,       0,       0,       0,       0,       0,       0,       0,       0,       0,       0,     309,     335,     320,     352,   -1277,    -230,    -265,    1835,    1691,   -1162,   -2014,    1087,    1808,    1412,   -1499,   -1103,  100.0,    5.6,   17.8,   20.3,   44.5,    4.5,   16.8,    8.2,    8.7,   16.3,    4.1,    3.4,   75.7,   91.2,   24.3,    8.8,  100.0,    5.6,   17.8,   20.3,   44.5,    4.5,   16.8,    8.2,    8.7,   16.3,    4.1,    3.4,   75.7,   91.2,   24.3,    8.8,  100.0,    0.0,    0.0,    0.0,    0.0,    0.0,    0.0,    0.0,    0.0,    0.0,    0.0,    0.0,    0.0,    0.0,    0.0,    0.0,    156,     11,     12,     16,     16,     13,     33,     13,     19,     47,     11,     14,    128,     77,    156,     11,     12,     16,     16,     13,     33,     13,     19,     47,     11,     14,    128,     77,      0,      0,      0,      0,      0,      0,      0,      0,      0,      0,      0,      0,      0,      0,    12.8,    31.1,    21.1,    47.6,    12.7,    29.5,    19.8,    43.5,    12.8,    31.1,    21.1,    47.6,    12.7,    29.5,    19.8,    43.5,     0.0,     0.0,     0.0,     0.0,     0.0,     0.0,     0.0,     0.0,"(CONTRACTS OF 5,000 TROY OUNCES)",084691,CMX ,084 ,N20,FutOnly
COPPER- #1 - COMMODITY EXCHANGE INC.,260728,2026-07-28,085692,CMX ,01,085 ,  274552,   25941,  111220,   53154,   44036,    8667,   82988,   17980,   38897,   20035,   17762,   26190,  255872,  264752,   18680,    9800,  274552,   25941,  111220,   53154,   44036,    8667,   82988,   17980,   38897,   20035,   17762,   26190,  255872,  264752,   18680,    9800,       0,       0,       0,       0,       0,       0,       0,       0,       0,       0,       0,       0,       0,       0,       0,       0,    4504,    2414,   -3515,    1640,    1618,    -414,   -5247,    1260,    6499,     236,     425,      32,    5160,    5905,    -656,   -1401,  100.0,    9.4,   40.5,   19.4,   16.0,    3.2,   30.2,    6.5,   14.2,    7.3,    6.5,    9.5,   93.2,   96.4,    6.8,    3.6,  100.0,    9.4,   40.5,   19.4,   16.0,    3.2,   30.2,    6.5,   14.2,    7.3,    6.5,    9.5,   93.2,   96.4,    6.8,    3.6,  100.0,    0.0,    0.0,    0.0,    0.0,    0.0,    0.0,    0.0,    0.0,    0.0,    0.0,    0.0,    0.0,    0.0,    0.0,    0.0,    276,     30,     28,     22,     13,     19,     82,     21,     44,     58,     39,     38,    240,    160,    276,     30,     28,     22,     13,     19,     82,     21,     44,     58,     39,     38,    240,    160,      0,      0,      0,      0,      0,      0,      0,      0,      0,      0,      0,      0,      0,      0,    17.1,    28.5,    28.4,    42.1,    16.7,    27.3,    26.2,    40.2,    17.1,    28.5,    28.4,    42.1,    16.7,    27.3,    26.2,    40.2,     0.0,     0.0,     0.0,     0.0,     0.0,     0.0,     0.0,     0.0,"(CONTRACTS OF 25,000 POUNDS)",085692,CMX ,085 ,N25,FutOnly
GOLD - COMMODITY EXCHANGE INC.,260728,2026-07-28,088691,CMX ,01,088 ,  384603,   15367,   35916,   23661,  215421,   36432,  135093,   15298,   18384,   84529,   22254,    9753,  323219,  353458,   61384,   31145,  384603,   15367,   35916,   23661,  215421,   36432,  135093,   15298,   18384,   84529,   22254,    9753,  323219,  353458,   61384,   31145,       0,       0,       0,       0,       0,       0,       0,       0,       0,       0,       0,       0,       0,       0,       0,       0,    1235,    -194,    1034,   -1298,   -3416,   -3505,   -6394,   -1358,     512,    1231,   -1965,   -4358,  -14006,  -13056,   15241,   14291,  100.0,    4.0,    9.3,    6.2,   56.0,    9.5,   35.1,    4.0,    4.8,   22.0,    5.8,    2.5,   84.0,   91.9,   16.0,    8.1,  100.0,    4.0,    9.3,    6.2,   56.0,    9.5,   35.1,    4.0,    4.8,   22.0,    5.8,    2.5,   84.0,   91.9,   16.0,    8.1,  100.0,    0.0,    0.0,    0.0,    0.0,    0.0,    0.0,    0.0,    0.0,    0.0,    0.0,    0.0,    0.0,    0.0,    0.0,    0.0,    256,     19,     15,     14,     26,     28,     72,     19,     42,     67,     31,     31,    219,    148,    256,     19,     15,     14,     26,     28,     72,     19,     42,     67,     31,     31,    219,    148,      0,      0,      0,      0,      0,      0,      0,      0,      0,      0,      0,      0,      0,      0,    21.7,    35.5,    31.2,    53.8,    19.6,    34.5,    27.1,    49.9,    21.7,    35.5,    31.2,    53.8,    19.6,    34.5,    27.1,    49.9,     0.0,     0.0,     0.0,     0.0,     0.0,     0.0,     0.0,     0.0,(CONTRACTS OF 100 TROY OUNCES),088691,CMX ,088 ,N20,FutOnly
MICRO GOLD - COMMODITY EXCHANGE INC.,260728,2026-07-28,088695,CMX ,01,088 ,   83553,     242,       0,    6795,       0,       0,     610,       0,      46,   35169,   46335,    6765,   49627,   53146,   33926,   30407,   83553,     242,       0,    6795,       0,       0,     610,       0,      46,   35169,   46335,    6765,   49627,   53146,   33926,   30407,       0,       0,       0,       0,       0,       0,       0,       0,       0,       0,       0,       0,       0,       0,       0,       0,    5784,       0,       0,     -94,       0,       0,   -1400,     -67,    -198,    4690,      99,    3894,    6892,    3728,   -1108,    2056,  100.0,    0.3,    0.0,    8.1,    0.0,    0.0,    0.7,    0.0,    0.1,   42.1,   55.5,    8.1,   59.4,   63.6,   40.6,   36.4,  100.0,    0.3,    0.0,    8.1,    0.0,    0.0,    0.7,    0.0,    0.1,   42.1,   55.5,    8.1,   59.4,   63.6,   40.6,   36.4,  100.0,    0.0,    0.0,    0.0,    0.0,    0.0,    0.0,    0.0,    0.0,    0.0,    0.0,    0.0,    0.0,    0.0,    0.0,    0.0,     30,.,      0,.,      0,      0,.,      0,.,     12,     13,      9,     24,     16,     30,.,      0,.,      0,      0,.,      0,.,     12,     13,      9,     24,     16,      0,      0,      0,      0,      0,      0,      0,      0,      0,      0,      0,      0,      0,      0,    44.7,    52.2,    52.4,    59.6,    42.3,    48.9,    47.7,    54.1,    44.7,    52.2,    52.4,    59.6,    42.3,    48.9,    47.7,    54.1,     0.0,     0.0,     0.0,     0.0,     0.0,     0.0,     0.0,     0.0,(CONTRACTS OF 10 TROY OUNCES),088695,CMX ,088 ,N20,FutOnly
GASOLINE RBOB - NEW YORK MERCANTILE EXCHANGE,260728,2026-07-28,111659,NYME,01,111 ,  321258,   66659,  162777,   47399,   24060,   10361,   86809,   12932,   38006,   13769,   25377,   33364,  296367,  306877,   24891,   14381,  321258,   66659,  162777,   47399,   24060,   10361,   86809,   12932,   38006,   13769,   25377,   33364,  296367,  306877,   24891,   14381,       0,       0,       0,       0,       0,       0,       0,       0,       0,       0,       0,       0,       0,       0,       0,       0,   -9232,  -10847,   -8888,     441,   -1544,     261,   -1792,   -1962,    1031,    -700,   -1805,    1982,   -9624,  -10925,     392,    1693,  100.0,   20.7,   50.7,   14.8,    7.5,    3.2,   27.0,    4.0,   11.8,    4.3,    7.9,   10.4,   92.3,   95.5,    7.7,    4.5,  100.0,   20.7,   50.7,   14.8,    7.5,    3.2,   27.0,    4.0,   11.8,    4.3,    7.9,   10.4,   92.3,   95.5,    7.7,    4.5,  100.0,    0.0,    0.0,    0.0,    0.0,    0.0,    0.0,    0.0,    0.0,    0.0,    0.0,    0.0,    0.0,    0.0,    0.0,    0.0,    229,     65,     76,     16,      9,     18,     61,     13,     39,     20,     19,     28,    201,    169,    229,     65,     76,     16,      9,     18,     61,     13,     39,     20,     19,     28,    201,    169,      0,      0,      0,      0,      0,      0,      0,      0,      0,      0,      0,      0,      0,      0,    12.5,    15.1,    21.3,    25.1,     8.6,    12.9,    15.3,    20.7,    12.5,    15.1,    21.3,    25.1,     8.6,    12.9,    15.3,    20.7,     0.0,     0.0,     0.0,     0.0,     0.0,     0.0,     0.0,     0.0,"(CONTRACTS OF 42,000 U.S. GALLONS)",111659,NYME,111 ,N10,FutOnly
GULF COAST CBOB GAS A2 PL RBOB - NEW YORK MERCANTILE EXCHANGE,260728,2026-07-28,111A34,NYME,01,111 ,   19528,   16900,   11460,       0,    4463,       0,    1190,       0,     250,       0,       0,       0,   18340,   16173,    1188,    3355,   19528,   16900,   11460,       0,    4463,       0,    1190,       0,     250,       0,       0,       0,   18340,   16173,    1188,    3355,       0,       0,       0,       0,       0,       0,       0,       0,       0,       0,       0,       0,       0,       0,       0,       0,    1685,    2495,    1325,       0,     195,       0,    -505,       0,       0,       0,       0,       0,    1990,    1520,    -305,     165,  100.0,   86.5,   58.7,    0.0,   22.9,    0.0,    6.1,    0.0,    1.3,    0.0,    0.0,    0.0,   93.9,   82.8,    6.1,   17.2,  100.0,   86.5,   58.7,    0.0,   22.9,    0.0,    6.1,    0.0,    1.3,    0.0,    0.0,    0.0,   93.9,   82.8,    6.1,   17.2,  100.0,    0.0,    0.0,    0.0,    0.0,    0.0,    0.0,    0.0,    0.0,    0.0,    0.0,    0.0,    0.0,    0.0,    0.0,    0.0,     22,     19,     16,      0,.,      0,.,      0,.,      0,      0,      0,     20,     18,     22,     19,     16,      0,.,      0,.,      0,.,      0,      0,      0,     20,     18,      0,      0,      0,      0,      0,      0,      0,      0,      0,      0,      0,      0,      0,      0,    44.9,    52.7,    69.3,    70.7,    42.6,    46.5,    57.2,    52.2,    44.9,    52.7,    69.3,    70.7,    42.6,    46.5,    57.2,    52.2,     0.0,     0.0,     0.0,     0.0,     0.0,     0.0,     0.0,     0.0,"(CONTRACTS OF 42,000 GALLONS)",111A34,NYME,111 ,N10,FutOnly
CANOLA - ICE FUTURES U.S.,260728,2026-07-28,135731,ICUS,01,135 ,  301239,  120304,  176613,    9111,   25105,    1933,  114646,   35763,   27421,   13866,   19913,   11185,  298466,  297933,    2773,    3306,  297174,  117613,  176040,    9111,   22135,    1933,  114637,   35692,   27418,   13747,   20686,    9980,  294439,  293884,    2735,    3290,    4065,    2691,     573,       0,    2970,       0,       9,      71,       3,    1254,     362,      70,    4027,    4049,      38,      16,    6466,   -5408,   24234,     752,    2399,     122,    8454,  -15995,     831,     999,   -5918,    1183,    6933,    6856,    -467,    -390,  100.0,   39.9,   58.6,    3.0,    8.3,    0.6,   38.1,   11.9,    9.1,    4.6,    6.6,    3.7,   99.1,   98.9,    0.9,    1.1,  100.0,   39.6,   59.2,    3.1,    7.4,    0.7,   38.6,   12.0,    9.2,    4.6,    7.0,    3.4,   99.1,   98.9,    0.9,    1.1,  100.0,   66.2,   14.1,    0.0,   73.1,    0.0,    0.2,    1.7,    0.1,   30.8,    8.9,    1.7,   99.1,   99.6,    0.9,    0.4,    346,     37,     79,      7,      8,.,     72,     30,     24,     50,     69,     38,    210,    223,    344,     34,     78,      7,      8,.,     72,     30,     24,     48,     74,     33,    203,    221,     35,     10,      7,      0,.,      0,.,.,.,      8,      5,.,     21,     18,    31.4,    26.9,    48.0,    42.6,    30.5,    26.9,    45.8,    41.3,    31.7,    26.2,    48.4,    42.2,    30.8,    26.2,    46.3,    40.9,    69.4,    90.7,    89.3,    95.7,    68.2,    90.7,    88.1,    94.9,(20 Metric Tonnes),135731,ICUS,135 ,A30,FutOnly
COBALT - COMMODITY EXCHANGE INC.,260728,2026-07-28,188691,CMX ,01,188 ,   15230,    2056,    3941,    4482,    1798,     309,    2224,    3030,    2519,    2952,    2509,     182,   14724,   14288,     506,     942,   15230,    2056,    3941,    4482,    1798,     309,    2224,    3030,    2519,    2952,    2509,     182,   14724,   14288,     506,     942,       0,       0,       0,       0,       0,       0,       0,       0,       0,       0,       0,       0,       0,       0,       0,       0,     271,     134,     287,     162,     -60,      22,      29,      90,     -71,       0,      70,      -3,     273,     335,      -2,     -64,  100.0,   13.5,   25.9,   29.4,   11.8,    2.0,   14.6,   19.9,   16.5,   19.4,   16.5,    1.2,   96.7,   93.8,    3.3,    6.2,  100.0,   13.5,   25.9,   29.4,   11.8,    2.0,   14.6,   19.9,   16.5,   19.4,   16.5,    1.2,   96.7,   93.8,    3.3,    6.2,  100.0,    0.0,    0.0,    0.0,    0.0,    0.0,    0.0,    0.0,    0.0,    0.0,    0.0,    0.0,    0.0,    0.0,    0.0,    0.0,     35,      6,     11,      5,.,      5,      5,.,      6,.,      5,.,     26,     29,     35,      6,     11,      5,.,      5,      5,.,      6,.,      5,.,     26,     29,      0,      0,      0,      0,      0,      0,      0,      0,      0,      0,      0,      0,      0,      0,    49.4,    45.8,    78.6,    69.3,    43.0,    43.9,    65.9,    58.8,    49.4,    45.8,    78.6,    69.3,    43.0,    43.9,    65.9,    58.8,     0.0,     0.0,     0.0,     0.0,     0.0,     0.0,     0.0,     0.0,"2,204.62 pounds (1 Metric Ton)",188691,CMX ,188 ,N25,FutOnly
LITHIUM HYDROXIDE  - COMMODITY EXCHANGE INC.,260728,2026-07-28,189691,CMX ,01,189 ,   18722,     400,    4220,   12650,    2553,     236,    2519,     735,     209,     469,    8362,    1977,   18460,   18292,     262,     430,   18722,     400,    4220,   12650,    2553,     236,    2519,     735,     209,     469,    8362,    1977,   18460,   18292,     262,     430,       0,       0,       0,       0,       0,       0,       0,       0,       0,       0,       0,       0,       0,       0,       0,       0,    2522,      69,     123,    1653,    1374,      -1,     477,       0,       0,     102,     786,     186,    2486,    2468,      36,      54,  100.0,    2.1,   22.5,   67.6,   13.6,    1.3,   13.5,    3.9,    1.1,    2.5,   44.7,   10.6,   98.6,   97.7,    1.4,    2.3,  100.0,    2.1,   22.5,   67.6,   13.6,    1.3,   13.5,    3.9,    1.1,    2.5,   44.7,   10.6,   98.6,   97.7,    1.4,    2.3,  100.0,    0.0,    0.0,    0.0,    0.0,    0.0,    0.0,    0.0,    0.0,    0.0,    0.0,    0.0,    0.0,    0.0,    0.0,    0.0,     37,      5,      6,      8,.,.,      4,.,.,.,     13,      6,     28,     26,     37,      5,      6,      8,.,.,      4,.,.,.,     13,      6,     28,     26,      0,      0,      0,      0,      0,      0,      0,      0,      0,      0,      0,      0,      0,      0,    60.9,    58.7,    82.9,    75.8,    60.4,    52.2,    78.1,    68.3,    60.9,    58.7,    82.9,    75.8,    60.4,    52.2,    78.1,    68.3,     0.0,     0.0,     0.0,     0.0,     0.0,     0.0,     0.0,     0.0,(1000) Kilograms,189691,CMX ,189 ,N25,FutOnly
ALUMINUM MWP - COMMODITY EXCHANGE INC.,260728,2026-07-28,191693,CMX ,01,191 ,   29928,    7797,   19713,   16660,    3906,    1128,       0,     289,     199,    3103,    3476,     887,   29774,   29598,     154,     330,   29928,    7797,   19713,   16660,    3906,    1128,       0,     289,     199,    3103,    3476,     887,   29774,   29598,     154,     330,       0,       0,       0,       0,       0,       0,       0,       0,       0,       0,       0,       0,       0,       0,       0,       0,     139,     114,     215,     -35,    -180,      59,       0,       0,       0,     -40,       0,      46,     144,     140,      -5,      -1,  100.0,   26.1,   65.9,   55.7,   13.1,    3.8,    0.0,    1.0,    0.7,   10.4,   11.6,    3.0,   99.5,   98.9,    0.5,    1.1,  100.0,   26.1,   65.9,   55.7,   13.1,    3.8,    0.0,    1.0,    0.7,   10.4,   11.6,    3.0,   99.5,   98.9,    0.5,    1.1,  100.0,    0.0,    0.0,    0.0,    0.0,    0.0,    0.0,    0.0,    0.0,    0.0,    0.0,    0.0,    0.0,    0.0,    0.0,    0.0,     53,     11,     20,     13,      4,      8,      0,.,.,.,      9,      5,     33,     44,     53,     11,     20,     13,      4,      8,      0,.,.,.,      9,      5,     33,     44,      0,      0,      0,      0,      0,      0,      0,      0,      0,      0,      0,      0,      0,      0,    39.7,    49.1,    65.0,    72.6,    39.4,    48.8,    64.5,    71.1,    39.7,    49.1,    65.0,    72.6,    39.4,    48.8,    64.5,    71.1,     0.0,     0.0,     0.0,     0.0,     0.0,     0.0,     0.0,     0.0,"(55,116 US Pounds-25 MT)",191693,CMX ,191 ,N25,FutOnly
ALUMINIUM EURO PREM DUTY-PAID - COMMODITY EXCHANGE INC.,260728,2026-07-28,191696,CMX ,01,191 ,   13554,    3681,    7554,    5556,    1298,     476,     296,       0,      51,    2990,    3886,      13,   13063,   13278,     491,     276,   13554,    3681,    7554,    5556,    1298,     476,     296,       0,      51,    2990,    3886,      13,   13063,   13278,     491,     276,       0,       0,       0,       0,       0,       0,       0,       0,       0,       0,       0,       0,       0,       0,       0,       0,     221,     -34,     172,     259,      13,      -9,       0,       0,       0,     -10,      75,       0,     206,     251,      15,     -30,  100.0,   27.2,   55.7,   41.0,    9.6,    3.5,    2.2,    0.0,    0.4,   22.1,   28.7,    0.1,   96.4,   98.0,    3.6,    2.0,  100.0,   27.2,   55.7,   41.0,    9.6,    3.5,    2.2,    0.0,    0.4,   22.1,   28.7,    0.1,   96.4,   98.0,    3.6,    2.0,  100.0,    0.0,    0.0,    0.0,    0.0,    0.0,    0.0,    0.0,    0.0,    0.0,    0.0,    0.0,    0.0,    0.0,    0.0,    0.0,     30,      7,      9,      5,.,.,.,      0,.,      6,      4,.,     19,     20,     30,      7,      9,      5,.,.,.,      0,.,      6,      4,.,     19,     20,      0,      0,      0,      0,      0,      0,      0,      0,      0,      0,      0,      0,      0,      0,    52.9,    55.3,    76.9,    79.5,    52.9,    53.0,    71.3,    72.0,    52.9,    55.3,    76.9,    79.5,    52.9,    53.0,    71.3,    72.0,     0.0,     0.0,     0.0,     0.0,     0.0,     0.0,     0.0,     0.0,(25 METRIC TONS),191696,CMX ,191 ,N25,FutOnly
STEEL-HRC - COMMODITY EXCHANGE INC.,260728,2026-07-28,192651,CMX ,01,192 ,   43954,   13952,   37345,   13690,     200,     258,    9626,    1194,     788,    3116,    1909,    2227,   43657,   43921,     297,      33,   43954,   13952,   37345,   13690,     200,     258,    9626,    1194,     788,    3116,    1909,    2227,   43657,   43921,     297,      33,       0,       0,       0,       0,       0,       0,       0,       0,       0,       0,       0,       0,       0,       0,       0,       0,    2410,      21,    1967,    1295,       0,     -20,     595,      98,     257,     130,      41,      87,    2365,    2430,      45,     -20,  100.0,   31.7,   85.0,   31.1,    0.5,    0.6,   21.9,    2.7,    1.8,    7.1,    4.3,    5.1,   99.3,   99.9,    0.7,    0.1,  100.0,   31.7,   85.0,   31.1,    0.5,    0.6,   21.9,    2.7,    1.8,    7.1,    4.3,    5.1,   99.3,   99.9,    0.7,    0.1,  100.0,    0.0,    0.0,    0.0,    0.0,    0.0,    0.0,    0.0,    0.0,    0.0,    0.0,    0.0,    0.0,    0.0,    0.0,    0.0,     71,     21,     18,      7,.,.,     13,.,.,     11,     10,      9,     58,     39,     71,     21,     18,      7,.,.,     13,.,.,     11,     10,      9,     58,     39,      0,      0,      0,      0,      0,      0,      0,      0,      0,      0,      0,      0,      0,      0,    37.1,    79.4,    55.9,    87.5,    36.3,    74.2,    54.8,    80.8,    37.1,    79.4,    55.9,    87.5,    36.3,    74.2,    54.8,    80.8,     0.0,     0.0,     0.0,     0.0,     0.0,     0.0,     0.0,     0.0,(CONTRACTS OF 20 SHORT TONS),192651,CMX ,192 ,N25,FutOnly
NORTH EURO HOT-ROLL COIL STEEL - COMMODITY EXCHANGE INC.,260728,2026-07-28,192691,CMX ,01,192 ,   10865,    4854,    8556,     395,     375,      54,    2672,       0,    1070,    1589,     664,      40,   10674,   10759,     191,     106,   10865,    4854,    8556,     395,     375,      54,    2672,       0,    1070,    1589,     664,      40,   10674,   10759,     191,     106,       0,       0,       0,       0,       0,       0,       0,       0,       0,       0,       0,       0,       0,       0,       0,       0,    -100,      62,     -86,      50,       0,     -50,     -68,       0,      38,     -69,       0,       0,     -37,     -98,     -63,      -2,  100.0,   44.7,   78.7,    3.6,    3.5,    0.5,   24.6,    0.0,    9.8,   14.6,    6.1,    0.4,   98.2,   99.0,    1.8,    1.0,  100.0,   44.7,   78.7,    3.6,    3.5,    0.5,   24.6,    0.0,    9.8,   14.6,    6.1,    0.4,   98.2,   99.0,    1.8,    1.0,  100.0,    0.0,    0.0,    0.0,    0.0,    0.0,    0.0,    0.0,    0.0,    0.0,    0.0,    0.0,    0.0,    0.0,    0.0,    0.0,     22,      8,      4,.,.,.,.,      0,.,      4,.,.,     19,     10,     22,      8,      4,.,.,.,.,      0,.,      4,.,.,     19,     10,      0,      0,      0,      0,      0,      0,      0,      0,      0,      0,      0,      0,      0,      0,    81.9,    88.5,    90.9,    98.5,    68.8,    80.3,    74.6,    80.3,    81.9,    88.5,    90.9,    98.5,    68.8,    80.3,    74.6,    80.3,     0.0,     0.0,     0.0,     0.0,     0.0,     0.0,     0.0,     0.0,(20 Metric Tons),192691,CMX ,192 ,N25,FutOnly
PGP PROPYLENE (PCW) CAL - NEW YORK MERCANTILE EXCHANGE,260728,2026-07-28,406651,NYME,01,406 ,    7475,    1307,    1137,    2892,      74,      37,     568,       0,       0,    1655,    5296,     901,    7360,    7445,     115,      30,    7475,    1307,    1137,    2892,      74,      37,     568,       0,       0,    1655,    5296,     901,    7360,    7445,     115,      30,       0,       0,       0,       0,       0,       0,       0,       0,       0,       0,       0,       0,       0,       0,       0,       0,     506,     152,      -3,      90,       5,       0,       0,       0,       0,      12,     276,     198,     452,     476,      54,      30,  100.0,   17.5,   15.2,   38.7,    1.0,    0.5,    7.6,    0.0,    0.0,   22.1,   70.8,   12.1,   98.5,   99.6,    1.5,    0.4,  100.0,   17.5,   15.2,   38.7,    1.0,    0.5,    7.6,    0.0,    0.0,   22.1,   70.8,   12.1,   98.5,   99.6,    1.5,    0.4,  100.0,    0.0,    0.0,    0.0,    0.0,    0.0,    0.0,    0.0,    0.0,    0.0,    0.0,    0.0,    0.0,    0.0,    0.0,    0.0,     23,      6,      6,.,.,.,.,      0,      0,      6,      5,      7,     21,     15,     23,      6,      6,.,.,.,.,      0,      0,      6,      5,      7,     21,     15,      0,      0,      0,      0,      0,      0,      0,      0,      0,      0,      0,      0,      0,      0,    54.0,    80.0,    78.7,    91.1,    54.0,    74.5,    73.6,    81.7,    54.0,    80.0,    78.7,    91.1,    54.0,    74.5,    73.6,    81.7,     0.0,     0.0,     0.0,     0.0,     0.0,     0.0,     0.0,     0.0,"(CONTRACTS OF 100,000 POUNDS)",406651,NYME,406 ,N40,FutOnly
GULF JET NY HEAT OIL SPR - NEW YORK MERCANTILE EXCHANGE,260728,2026-07-28,86465A,NYME,01,864 ,   15805,    9853,   15782,    5569,       0,      23,       0,       0,       0,     150,       0,       0,   15595,   15805,     210,       0,   15805,    9853,   15782,    5569,       0,      23,       0,       0,       0,     150,       0,       0,   15595,   15805,     210,       0,       0,       0,       0,       0,       0,       0,       0,       0,       0,       0,       0,       0,       0,       0,       0,       0,    2191,     696,    2186,    1490,       0,       5,       0,       0,       0,       0,       0,       0,    2191,    2191,       0,       0,  100.0,   62.3,   99.9,   35.2,    0.0,    0.1,    0.0,    0.0,    0.0,    0.9,    0.0,    0.0,   98.7,  100.0,    1.3,    0.0,  100.0,   62.3,   99.9,   35.2,    0.0,    0.1,    0.0,    0.0,    0.0,    0.9,    0.0,    0.0,   98.7,  100.0,    1.3,    0.0,  100.0,    0.0,    0.0,    0.0,    0.0,    0.0,    0.0,    0.0,    0.0,    0.0,    0.0,    0.0,    0.0,    0.0,    0.0,    0.0,     34,     19,     18,      8,      0,.,      0,      0,      0,.,      0,      0,     28,     20,     34,     19,     18,      8,      0,.,      0,      0,      0,.,      0,      0,     28,     20,      0,      0,      0,      0,      0,      0,      0,      0,      0,      0,      0,      0,      0,      0,    40.8,    74.6,    63.4,    91.1,    38.0,    64.4,    53.8,    72.0,    40.8,    74.6,    63.4,    91.1,    38.0,    64.4,    53.8,    72.0,     0.0,     0.0,     0.0,     0.0,     0.0,     0.0,     0.0,     0.0,"(CONTRACTS OF 42,000 GALLONS)",86465A,NYME,864 ,N10,FutOnly
MARINE .5% FOB USGC/BRENT 1st - ICE FUTURES ENERGY DIV,260728,2026-07-28,865392,IFED,01,865 ,    1403,     944,    1212,       0,       0,       0,       0,       0,       0,     282,      25,      88,    1314,    1325,      89,      78,    1403,     944,    1212,       0,       0,       0,       0,       0,       0,     282,      25,      88,    1314,    1325,      89,      78,       0,       0,       0,       0,       0,       0,       0,       0,       0,       0,       0,       0,       0,       0,       0,       0,.,.,.,.,.,.,.,.,.,.,.,.,.,.,.,.,  100.0,   67.3,   86.4,    0.0,    0.0,    0.0,    0.0,    0.0,    0.0,   20.1,    1.8,    6.3,   93.7,   94.4,    6.3,    5.6,  100.0,   67.3,   86.4,    0.0,    0.0,    0.0,    0.0,    0.0,    0.0,   20.1,    1.8,    6.3,   93.7,   94.4,    6.3,    5.6,  100.0,    0.0,    0.0,    0.0,    0.0,    0.0,    0.0,    0.0,    0.0,    0.0,    0.0,    0.0,    0.0,    0.0,    0.0,    0.0,     20,     14,     13,      0,      0,      0,      0,      0,      0,.,.,.,     17,     15,     20,     14,     13,      0,      0,      0,      0,      0,      0,.,.,.,     17,     15,      0,      0,      0,      0,      0,      0,      0,      0,      0,      0,      0,      0,      0,      0,    46.5,    51.5,    70.6,    77.0,    41.1,    37.1,    55.2,    55.5,    46.5,    51.5,    70.6,    77.0,    41.1,    37.1,    55.2,    55.5,     0.0,     0.0,     0.0,     0.0,     0.0,     0.0,     0.0,     0.0,"1,000 Barrels",865392,IFED,865 ,N10,FutOnly
GULF # 6 FUEL OIL CRACK - NEW YORK MERCANTILE EXCHANGE,260728,2026-07-28,86565A,NYME,01,865 ,   11257,    5697,    6725,    1050,     135,    1140,    1280,      75,     375,     265,    1357,    1450,   11257,   11257,       0,       0,   11257,    5697,    6725,    1050,     135,    1140,    1280,      75,     375,     265,    1357,    1450,   11257,   11257,       0,       0,       0,       0,       0,       0,       0,       0,       0,       0,       0,       0,       0,       0,       0,       0,       0,       0,    1650,     935,     835,       0,    -120,     420,     150,       0,    -150,     -75,     295,     370,    1650,    1650,       0,       0,  100.0,   50.6,   59.7,    9.3,    1.2,   10.1,   11.4,    0.7,    3.3,    2.4,   12.1,   12.9,  100.0,  100.0,    0.0,    0.0,  100.0,   50.6,   59.7,    9.3,    1.2,   10.1,   11.4,    0.7,    3.3,    2.4,   12.1,   12.9,  100.0,  100.0,    0.0,    0.0,  100.0,    0.0,    0.0,    0.0,    0.0,    0.0,    0.0,    0.0,    0.0,    0.0,    0.0,    0.0,    0.0,    0.0,    0.0,    0.0,     30,     15,     11,.,.,.,.,.,.,.,      5,      4,     28,     20,     30,     15,     11,.,.,.,.,.,.,.,      5,      4,     28,     20,      0,      0,      0,      0,      0,      0,      0,      0,      0,      0,      0,      0,      0,      0,    49.2,    56.1,    73.6,    78.9,    31.1,    32.1,    43.9,    43.4,    49.2,    56.1,    73.6,    78.9,    31.1,    32.1,    43.9,    43.4,     0.0,     0.0,     0.0,     0.0,     0.0,     0.0,     0.0,     0.0,"(CONTRACTS OF 1,000 BARRELS)",86565A,NYME,865 ,N10,FutOnly
