WHEAT-SRW - CHICAGO BOARD OF TRADE,260922,2026-09-22,001602,CBT ,00,001 ,  483279,   62011,  130865,   90765,   18933,   20289,   88801,  100817,  128931,   31326,   26670,   24416,  446539,  450921,   36740,   32358,  404865,   44956,  100839,   86959,   15040,   11034,   78517,  113685,  101478,   35247,   25339,   13966,  372157,  381381,   32708,   23484,   78414,   17055,   30026,   12681,   12768,     380,   31714,    8562,    6023,    4263,    9515,    2266,   74382,   69540,    4032,    8874,   -1859,    1567,   -3198,    2501,    -511,    2001,   -6997,    1345,    1300,     282,     528,   -2608,   -1954,   -1143,      95,    -716,  100.0,   12.8,   27.1,   18.8,    3.9,    4.2,   18.4,   20.9,   26.7,    6.5,    5.5,    5.1,   92.4,   93.3,    7.6,    6.7,  100.0,   11.1,   24.9,   21.5,    3.7,    2.7,   19.4,   28.1,   25.1,    8.7,    6.3,    3.4,   91.9,   94.2,    8.1,    5.8,  100.0,   21.7,   38.3,   16.2,   16.3,    0.5,   40.4,   10.9,    7.7,    5.4,   12.1,    2.9,   94.9,   88.7,    5.1,   11.3,    415,     63,    105,     23,     11,     15,     82,     54,     73,     64,     48,     47,    300,    297,    411,     56,    100,     25,     10,     11,     74,     60,     67,     66,     47,     39,    285,    279,    210,     27,     82,     13,     10,.,     35,     15,     16,     11,     36,     13,    102,    160,    13.6,    12.2,    21.4,    22.4,     8.3,     8.0,    14.9,    13.2,    12.4,    14.5,    19.8,    26.5,     8.2,    10.1,    14.8,    17.2,    32.1,    24.0,    47.0,    36.3,    31.7,    22.4,    46.6,    33.4,"(CONTRACTS OF 5,000 BUSHELS)",001602,CBT ,001 ,A10,FutOnly
WHEAT-HRW - CHICAGO BOARD OF TRADE,260922,2026-09-22,001612,CBT ,00,001 ,  311936,   16198,  124186,   82569,    2984,    8714,   76739,   36104,   76675,    8360,   22505,   21654,  290909,  292822,   21027,   19114,  269883,   11481,  103948,   76826,    3158,    6462,   72972,   42257,   60000,    8355,   24363,   15709,  251805,  255897,   18078,   13986,   42053,    4717,   20238,    7910,    1993,      85,   18478,    8558,    1964,    4805,    2942,    1145,   39104,   36925,    2949,    5128,    1100,    -649,   -4057,   -1076,    -610,     858,   -2115,    1663,    2559,    -412,    -345,    1294,     459,    1362,     641,    -262,  100.0,    5.2,   39.8,   26.5,    1.0,    2.8,   24.6,   11.6,   24.6,    2.7,    7.2,    6.9,   93.3,   93.9,    6.7,    6.1,  100.0,    4.3,   38.5,   28.5,    1.2,    2.4,   27.0,   15.7,   22.2,    3.1,    9.0,    5.8,   93.3,   94.8,    6.7,    5.2,  100.0,   11.2,   48.1,   18.8,    4.7,    0.2,   43.9,   20.4,    4.7,   11.4,    7.0,    2.7,   93.0,   87.8,    7.0,   12.2,    286,     48,     87,     19,      7,     11,     59,     35,     47,     32,     35,     28,    200,    211,    283,     40,     84,     20,      6,      9,     55,     39,     46,     29,     40,     25,    189,    204,    156,     14,     68,     12,      6,.,     24,     10,     10,     13,     21,      8,     73,    115,    14.0,    13.7,    24.1,    22.8,    11.2,    10.1,    19.7,    15.9,    15.8,    15.7,    26.3,    25.9,    12.2,    11.7,    21.3,    18.9,    29.2,    28.3,    43.0,    39.5,    28.9,    24.8,    41.8,    34.9,"(CONTRACTS OF 5,000 BUSHELS)",001612,CBT ,001 ,A10,FutOnly
WHEAT-HRSpring - MIAX FUTURES EXCHANGE,260922,2026-09-22,001626,MGE ,00,001 ,   80560,   32114,   64077,    6974,       0,     126,   24562,    3165,    1629,    1605,    1158,    2921,   69931,   73076,   10629,    7484,   78538,   31615,   62326,    6813,       0,     126,   24192,    3177,    1617,    1560,    1619,    2406,   68329,   71271,   10209,    7267,    2022,     499,    1751,     161,       0,       0,     382,       0,       0,     531,      25,      29,    1602,    1805,     420,     217,    1587,     332,    1481,     -74,    -571,       9,    -334,     489,     389,     -42,      43,     531,     811,    2371,     776,    -784,  100.0,   39.9,   79.5,    8.7,    0.0,    0.2,   30.5,    3.9,    2.0,    2.0,    1.4,    3.6,   86.8,   90.7,   13.2,    9.3,  100.0,   40.3,   79.4,    8.7,    0.0,    0.2,   30.8,    4.0,    2.1,    2.0,    2.1,    3.1,   87.0,   90.7,   13.0,    9.3,  100.0,   24.7,   86.6,    8.0,    0.0,    0.0,   18.9,    0.0,    0.0,   26.3,    1.2,    1.4,   79.2,   89.3,   20.8,   10.7,    121,     55,     47,      6,      0,      4,     20,      8,      9,     10,      7,      9,    100,     75,    121,     55,     46,      6,      0,      4,     20,      8,      8,      7,     10,      9,     99,     74,     47,      9,     32,.,      0,      0,.,      0,      0,      4,.,.,     18,     34,    22.7,    36.4,    34.4,    56.1,    22.7,    36.3,    34.2,    55.7,    23.3,    36.6,    35.2,    56.5,    23.3,    36.6,    35.0,    56.3,    46.8,    44.6,    69.0,    61.6,    45.4,    44.6,    66.4,    61.6,"(CONTRACTS OF 5,000 BUSHELS)",001626,MGE ,001 ,A10,FutOnly
CORN - CHICAGO BOARD OF TRADE,260922,2026-09-22,002602,CBT ,00,002 , 1854505,  315323, 1088806,  334882,   36210,   39769,  471466,   67369,  265480,  193825,   62121,  102871, 1723616, 1662626,  130889,  191879, 1732007,  284050, 1012982,  325573,   32119,   38813,  446361,   92768,  232840,  199482,   63565,   84896, 1612015, 1557983,  119992,  174024,  122498,   31273,   75824,   10095,    4877,     170,   57366,    6862,     379,    8145,   12358,    4173,  111601,  104643,   10897,   17855,   10681,  -12301,   -9124,    6066,     855,   -1329,  -12272,   -1909,   22586,    4046,     266,     407,    7203,   11752,    3478,   -1071,  100.0,   17.0,   58.7,   18.1,    2.0,    2.1,   25.4,    3.6,   14.3,   10.5,    3.3,    5.5,   92.9,   89.7,    7.1,   10.3,  100.0,   16.4,   58.5,   18.8,    1.9,    2.2,   25.8,    5.4,   13.4,   11.5,    3.7,    4.9,   93.1,   90.0,    6.9,   10.0,  100.0,   25.5,   61.9,    8.2,    4.0,    0.1,   46.8,    5.6,    0.3,    6.6,   10.1,    3.4,   91.1,   85.4,    8.9,   14.6,    886,    270,    375,     29,     12,     15,    115,     43,     83,    114,     97,     93,    616,    652,    882,    258,    368,     28,     13,     13,    111,     49,     80,    109,    104,     82,    594,    636,    433,     64,    257,     13,      6,.,     29,      9,      5,     28,     52,     23,    145,    344,     9.5,    11.8,    17.4,    19.5,     9.2,     9.8,    16.0,    16.7,    10.1,    11.0,    18.3,    18.9,    10.0,     9.5,    17.2,    15.8,    30.8,    32.1,    43.3,    41.7,    30.8,    31.8,    43.3,    41.4,"(CONTRACTS OF 5,000 BUSHELS)",002602,CBT ,002 ,A10,FutOnly
SOYBEANS - CHICAGO BOARD OF TRADE,260922,2026-09-22,005602,CBT ,00,005 , 1114328,  328041,  650281,  130663,   65967,   24179,  300742,   35583,  137813,   69783,   53361,   72926, 1064147, 1040110,   50181,   74218, 1064107,  311981,  619910,  129739,   66874,   22126,  289835,   39025,  129942,   70012,   52168,   64495, 1018130,  994540,   45977,   69567,   50221,   16060,   30371,    2869,    1038,     108,   16547,    2198,    2231,    1820,    3242,    6382,   46017,   45570,    4204,    4651,    9448,    4314,   14225,   -6068,    2990,    -112,   18161,   -5497,    -903,   -4219,    -959,   -1933,    9240,    7811,     208,    1637,  100.0,   29.4,   58.4,   11.7,    5.9,    2.2,   27.0,    3.2,   12.4,    6.3,    4.8,    6.5,   95.5,   93.3,    4.5,    6.7,  100.0,   29.3,   58.3,   12.2,    6.3,    2.1,   27.2,    3.7,   12.2,    6.6,    4.9,    6.1,   95.7,   93.5,    4.3,    6.5,  100.0,   32.0,   60.5,    5.7,    2.1,    0.2,   32.9,    4.4,    4.4,    3.6,    6.5,   12.7,   91.6,   90.7,    8.4,    9.3,    644,    161,    259,     21,     21,     19,    121,     27,     71,     69,     82,     87,    458,    504,    643,    160,    259,     21,     21,     17,    118,     31,     69,     69,     85,     83,    451,    501,    285,     35,    164,      9,      7,.,     24,      7,      5,     15,     34,     15,     94,    228,    11.0,    16.1,    19.1,    26.3,     9.0,    13.9,    15.9,    20.4,    11.5,    15.6,    19.8,    25.7,     9.4,    14.1,    16.5,    20.6,    31.3,    41.2,    46.0,    56.9,    29.6,    41.2,    39.1,    49.1,"(CONTRACTS OF 5,000 BUSHELS)",005602,CBT ,005 ,A30,FutOnly
MINI SOYBEANS - CHICAGO BOARD OF TRADE,260922,2026-09-22,005603,CBT ,00,005 ,   29585,       6,    9856,       0,       0,       0,       0,       0,       0,   26251,    1483,     755,   27012,   12094,    2573,   17491,   27241,       6,    8377,       0,       0,       0,       0,       0,       0,   25072,    1460,     755,   25833,   10592,    1408,   16649,    2344,       0,    1479,       0,       0,       0,       0,       0,       0,    1179,      23,       0,    1179,    1502,    1165,     842,     444,      -1,    -279,       0,       0,       0,       0,       0,       0,     408,     198,     -10,     397,     -91,      47,     535,  100.0,    0.0,   33.3,    0.0,    0.0,    0.0,    0.0,    0.0,    0.0,   88.7,    5.0,    2.6,   91.3,   40.9,    8.7,   59.1,  100.0,    0.0,   30.8,    0.0,    0.0,    0.0,    0.0,    0.0,    0.0,   92.0,    5.4,    2.8,   94.8,   38.9,    5.2,   61.1,  100.0,    0.0,   63.1,    0.0,    0.0,    0.0,    0.0,    0.0,    0.0,   50.3,    1.0,    0.0,   50.3,   64.1,   49.7,   35.9,     26,.,     14,      0,      0,      0,      0,      0,      0,      6,      6,      4,     10,     22,     26,.,     14,      0,      0,      0,      0,      0,      0,      6,      6,      4,     10,     22,     17,      0,     11,      0,      0,      0,      0,      0,      0,.,.,      0,.,     14,    84.6,    26.2,    91.3,    31.7,    83.8,    25.6,    88.7,    30.0,    88.3,    23.3,    94.8,    29.2,    87.6,    22.6,    92.0,    27.3,    50.3,    60.7,    50.3,    62.8,    50.3,    60.7,    50.3,    62.8,"(Contracts of 1,000 Bushels)",005603,CBT ,005 ,A30,FutOnly
NJ SRECS - ICE FUTURES ENERGY DIV,260922,2026-09-22,0063CC,IFED,01,006 ,  142478,  101605,   88898,    7200,    2670,     200,       0,    1167,       0,   30493,   46540,    2980,  142478,  142455,       0,      23,  142478,  101605,   88898,    7200,    2670,     200,       0,    1167,       0,   30493,   46540,    2980,  142478,  142455,       0,      23,       0,       0,       0,       0,       0,       0,       0,       0,       0,       0,       0,       0,       0,       0,       0,       0,    2100,    1400,    1350,     200,       0,       0,       0,      50,       0,     500,     700,       0,    2100,    2100,       0,       0,  100.0,   71.3,   62.4,    5.1,    1.9,    0.1,    0.0,    0.8,    0.0,   21.4,   32.7,    2.1,  100.0,  100.0,    0.0,    0.0,  100.0,   71.3,   62.4,    5.1,    1.9,    0.1,    0.0,    0.8,    0.0,   21.4,   32.7,    2.1,  100.0,  100.0,    0.0,    0.0,  100.0,    0.0,    0.0,    0.0,    0.0,    0.0,    0.0,    0.0,    0.0,    0.0,    0.0,    0.0,    0.0,    0.0,    0.0,    0.0,     38,     17,      8,.,.,.,      0,.,      0,      5,      5,      4,     27,     20,     38,     17,      8,.,.,.,      0,.,      0,      5,      5,      4,     27,     20,      0,      0,      0,      0,      0,      0,      0,      0,      0,      0,      0,      0,      0,      0,    51.4,    88.4,    76.0,    95.7,    51.4,    87.8,    76.0,    94.2,    51.4,    88.4,    76.0,    95.7,    51.4,    87.8,    76.0,    94.2,     0.0,     0.0,     0.0,     0.0,     0.0,     0.0,     0.0,     0.0,(10 SRECs),0063CC,IFED,006 ,N60,FutOnly
PJM TRI-RECs CLASS 1  - ICE FUTURES ENERGY DIV,260922,2026-09-22,0063CH,IFED,01,006 ,  242492,  177438,  159776,    7965,     245,       0,     738,    5456,     144,   29201,   49865,   27006,  242492,  242492,       0,       0,  242492,  177438,  159776,    7965,     245,       0,     738,    5456,     144,   29201,   49865,   27006,  242492,  242492,       0,       0,       0,       0,       0,       0,       0,       0,       0,       0,       0,       0,       0,       0,       0,       0,       0,       0,      50,     100,     285,       0,       0,       0,    -100,       0,       0,    -150,    -435,     200,      50,      50,       0,       0,  100.0,   73.2,   65.9,    3.3,    0.1,    0.0,    0.3,    2.2,    0.1,   12.0,   20.6,   11.1,  100.0,  100.0,    0.0,    0.0,  100.0,   73.2,   65.9,    3.3,    0.1,    0.0,    0.3,    2.2,    0.1,   12.0,   20.6,   11.1,  100.0,  100.0,    0.0,    0.0,  100.0,    0.0,    0.0,    0.0,    0.0,    0.0,    0.0,    0.0,    0.0,    0.0,    0.0,    0.0,    0.0,    0.0,    0.0,    0.0,     47,     20,     15,.,.,      0,      4,.,.,      7,      7,      8,     37,     29,     47,     20,     15,.,.,      0,      4,.,.,      7,      7,      8,     37,     29,      0,      0,      0,      0,      0,      0,      0,      0,      0,      0,      0,      0,      0,      0,    48.4,    57.9,    71.4,    74.6,    41.5,    57.9,    63.6,    71.3,    48.4,    57.9,    71.4,    74.6,    41.5,    57.9,    63.6,    71.3,     0.0,     0.0,     0.0,     0.0,     0.0,     0.0,     0.0,     0.0,(100 MWh of renewable energy certificates),0063CH,IFED,006 ,N60,FutOnly
CALIF LOW CARBON FSC-OPIS  - ICE FUTURES ENERGY DIV,260922,2026-09-22,0063CU,IFED,01,006 ,  120043,    5937,   88223,   44274,    2368,       0,   64045,       0,    2001,    3203,   26889,     562,  120022,  120043,      21,       0,  120043,    5937,   88223,   44274,    2368,       0,   64045,       0,    2001,    3203,   26889,     562,  120022,  120043,      21,       0,       0,       0,       0,       0,       0,       0,       0,       0,       0,       0,       0,       0,       0,       0,       0,       0,    -972,     -95,    -338,     433,    -675,       0,    -721,       0,     -15,    -156,     495,       0,    -554,    -533,    -418,    -439,  100.0,    4.9,   73.5,   36.9,    2.0,    0.0,   53.4,    0.0,    1.7,    2.7,   22.4,    0.5,  100.0,  100.0,    0.0,    0.0,  100.0,    4.9,   73.5,   36.9,    2.0,    0.0,   53.4,    0.0,    1.7,    2.7,   22.4,    0.5,  100.0,  100.0,    0.0,    0.0,  100.0,    0.0,    0.0,    0.0,    0.0,    0.0,    0.0,    0.0,    0.0,    0.0,    0.0,    0.0,    0.0,    0.0,    0.0,    0.0,     54,     10,     10,.,.,      0,     18,      0,.,     10,      5,.,     42,     20,     54,     10,     10,.,.,      0,     18,      0,.,     10,      5,.,     42,     20,      0,      0,      0,      0,      0,      0,      0,      0,      0,      0,      0,      0,      0,      0,    65.2,    80.7,    79.3,    95.0,    65.2,    79.8,    78.6,    94.2,    65.2,    80.7,    79.3,    95.0,    65.2,    79.8,    78.6,    94.2,     0.0,     0.0,     0.0,     0.0,     0.0,     0.0,     0.0,     0.0,(100 LCFS Credits- each of 1 MT),0063CU,IFED,006 ,N60,FutOnly
D6 RINs OPIS CURRENT YEAR - ICE FUTURES ENERGY DIV,260922,2026-09-22,0063CW,IFED,01,006 ,   29337,    4350,    7979,    1451,    1009,     471,    2817,    1552,    2916,    9546,    7659,    7629,   29180,   29215,     157,     122,   29337,    4350,    7979,    1451,    1009,     471,    2817,    1552,    2916,    9546,    7659,    7629,   29180,   29215,     157,     122,       0,       0,       0,       0,       0,       0,       0,       0,       0,       0,       0,       0,       0,       0,       0,       0,      72,     668,     -16,    -238,     258,     135,    -299,     -68,     -58,     541,     462,    -636,     113,      77,     -41,      -5,  100.0,   14.8,   27.2,    4.9,    3.4,    1.6,    9.6,    5.3,    9.9,   32.5,   26.1,   26.0,   99.5,   99.6,    0.5,    0.4,  100.0,   14.8,   27.2,    4.9,    3.4,    1.6,    9.6,    5.3,    9.9,   32.5,   26.1,   26.0,   99.5,   99.6,    0.5,    0.4,  100.0,    0.0,    0.0,    0.0,    0.0,    0.0,    0.0,    0.0,    0.0,    0.0,    0.0,    0.0,    0.0,    0.0,    0.0,    0.0,     80,     10,     13,.,.,.,      6,      8,      6,     17,     24,     10,     44,     58,     80,     10,     13,.,.,.,      6,      8,      6,     17,     24,     10,     44,     58,      0,      0,      0,      0,      0,      0,      0,      0,      0,      0,      0,      0,      0,      0,    58.5,    44.0,    78.3,    59.5,    39.1,    26.8,    51.9,    37.2,    58.5,    44.0,    78.3,    59.5,    39.1,    26.8,    51.9,    37.2,     0.0,     0.0,     0.0,     0.0,     0.0,     0.0,     0.0,     0.0,"(50,000 RINs)",0063CW,IFED,006 ,N60,FutOnly
PA SOLAR ALTER ENERGY CREDIT - ICE FUTURES ENERGY DIV,260922,2026-09-22,0063DA,IFED,01,006 ,   24210,    9495,   23410,     215,       0,       0,       0,       0,       0,   14500,     800,       0,   24210,   24210,       0,       0,   24210,    9495,   23410,     215,       0,       0,       0,       0,       0,   14500,     800,       0,   24210,   24210,       0,       0,       0,       0,       0,       0,       0,       0,       0,       0,       0,       0,       0,       0,       0,       0,       0,       0,       0,       0,       0,       0,       0,       0,       0,       0,       0,       0,       0,       0,       0,       0,       0,       0,  100.0,   39.2,   96.7,    0.9,    0.0,    0.0,    0.0,    0.0,    0.0,   59.9,    3.3,    0.0,  100.0,  100.0,    0.0,    0.0,  100.0,   39.2,   96.7,    0.9,    0.0,    0.0,    0.0,    0.0,    0.0,   59.9,    3.3,    0.0,  100.0,  100.0,    0.0,    0.0,  100.0,    0.0,    0.0,    0.0,    0.0,    0.0,    0.0,    0.0,    0.0,    0.0,    0.0,    0.0,    0.0,    0.0,    0.0,    0.0,     21,     10,      4,.,      0,      0,      0,      0,      0,      5,.,      0,     16,      6,     21,     10,      4,.,      0,      0,      0,      0,      0,      5,.,      0,     16,      6,      0,      0,      0,      0,      0,      0,      0,      0,      0,      0,      0,      0,      0,      0,    67.5,    97.5,    87.2,   100.0,    67.5,    94.6,    85.3,    95.9,    67.5,    97.5,    87.2,   100.0,    67.5,    94.6,    85.3,    95.9,     0.0,     0.0,     0.0,     0.0,     0.0,     0.0,     0.0,     0.0,(10 PA SRECs),0063DA,IFED,006 ,N60,FutOnly
CALIF CARBON CURRENT AUCTION - ICE FUTURES ENERGY DIV,260922,2026-09-22,0063DB,IFED,01,006 ,   53018,   13836,    3770,   15085,   16617,       0,    4315,   11021,    1460,   11552,   13386,    6764,   53012,   53018,       6,       0,   53018,   13836,    3770,   15085,   16617,       0,    4315,   11021,    1460,   11552,   13386,    6764,   53012,   53018,       6,       0,       0,       0,       0,       0,       0,       0,       0,       0,       0,       0,       0,       0,       0,       0,       0,       0,     375,      25,      70,     500,       0,       0,    -455,       0,       0,     305,     305,       0,     375,     375,       0,       0,  100.0,   26.1,    7.1,   28.5,   31.3,    0.0,    8.1,   20.8,    2.8,   21.8,   25.2,   12.8,  100.0,  100.0,    0.0,    0.0,  100.0,   26.1,    7.1,   28.5,   31.3,    0.0,    8.1,   20.8,    2.8,   21.8,   25.2,   12.8,  100.0,  100.0,    0.0,    0.0,  100.0,    0.0,    0.0,    0.0,    0.0,    0.0,    0.0,    0.0,    0.0,    0.0,    0.0,    0.0,    0.0,    0.0,    0.0,    0.0,     51,     11,      6,      5,.,      0,      4,      5,.,     13,      5,      4,     39,     19,     51,     11,      6,      5,.,      0,      4,      5,.,     13,      5,      4,     39,     19,      0,      0,      0,      0,      0,      0,      0,      0,      0,      0,      0,      0,      0,      0,    48.4,    85.9,    68.6,    94.5,    42.3,    71.7,    61.0,    80.1,    48.4,    85.9,    68.6,    94.5,    42.3,    71.7,    61.0,    80.1,     0.0,     0.0,     0.0,     0.0,     0.0,     0.0,     0.0,     0.0,"(1,000 California carbon allowances)",0063DB,IFED,006 ,N60,FutOnly
D4 BIODIESEL RINs OPIS CURR YR - ICE FUTURES ENERGY DIV,260922,2026-09-22,0063DG,IFED,01,006 ,   18545,    3509,    7090,    1417,     953,     279,    2148,     312,    2061,    4399,    3229,    4526,   18339,   18450,     206,      95,   18545,    3509,    7090,    1417,     953,     279,    2148,     312,    2061,    4399,    3229,    4526,   18339,   18450,     206,      95,       0,       0,       0,       0,       0,       0,       0,       0,       0,       0,       0,       0,       0,       0,       0,       0,     140,     -79,     142,     152,     -71,     -24,     224,     -92,     236,      76,     432,    -501,      84,     122,      56,      18,  100.0,   18.9,   38.2,    7.6,    5.1,    1.5,   11.6,    1.7,   11.1,   23.7,   17.4,   24.4,   98.9,   99.5,    1.1,    0.5,  100.0,   18.9,   38.2,    7.6,    5.1,    1.5,   11.6,    1.7,   11.1,   23.7,   17.4,   24.4,   98.9,   99.5,    1.1,    0.5,  100.0,    0.0,    0.0,    0.0,    0.0,    0.0,    0.0,    0.0,    0.0,    0.0,    0.0,    0.0,    0.0,    0.0,    0.0,    0.0,     66,     11,     12,.,.,.,      8,.,      6,     19,     14,     10,     49,     41,     66,     11,     12,.,.,.,      8,.,      6,     19,     14,     10,     49,     41,      0,      0,      0,      0,      0,      0,      0,      0,      0,      0,      0,      0,      0,      0,    44.5,    51.0,    63.4,    68.1,    22.5,    38.1,    37.1,    50.1,    44.5,    51.0,    63.4,    68.1,    22.5,    38.1,    37.1,    50.1,     0.0,     0.0,     0.0,     0.0,     0.0,     0.0,     0.0,     0.0,"(50,000 RINs)",0063DG,IFED,006 ,N60,FutOnly
CT RECs CLASS 1  - ICE FUTURES ENERGY DIV,260922,2026-09-22,0063DK,IFED,01,006 ,    9285,    5725,    6681,     610,     750,       0,       0,     100,       0,    2950,    1754,       0,    9285,    9285,       0,       0,    9285,    5725,    6681,     610,     750,       0,       0,     100,       0,    2950,    1754,       0,    9285,    9285,       0,       0,       0,       0,       0,       0,       0,       0,       0,       0,       0,       0,       0,       0,       0,       0,       0,       0,     500,       0,     500,       0,       0,       0,       0,       0,       0,     500,       0,       0,     500,     500,       0,       0,  100.0,   61.7,   72.0,    6.6,    8.1,    0.0,    0.0,    1.1,    0.0,   31.8,   18.9,    0.0,  100.0,  100.0,    0.0,    0.0,  100.0,   61.7,   72.0,    6.6,    8.1,    0.0,    0.0,    1.1,    0.0,   31.8,   18.9,    0.0,  100.0,  100.0,    0.0,    0.0,  100.0,    0.0,    0.0,    0.0,    0.0,    0.0,    0.0,    0.0,    0.0,    0.0,    0.0,    0.0,    0.0,    0.0,    0.0,    0.0,     21,      7,      9,.,.,      0,      0,.,      0,.,.,      0,      9,     14,     21,      7,      9,.,.,      0,      0,.,      0,.,.,      0,      9,     14,      0,      0,      0,      0,      0,      0,      0,      0,      0,      0,      0,      0,      0,      0,    74.9,    59.3,    97.8,    87.0,    70.6,    59.3,    92.7,    86.3,    74.9,    59.3,    97.8,    87.0,    70.6,    59.3,    92.7,    86.3,     0.0,     0.0,     0.0,     0.0,     0.0,     0.0,     0.0,     0.0,(100 MWh of Class 1 Renewable Energy Certificates),0063DK,IFED,006 ,N60,FutOnly
MASS COMPLIANCE RECs CLASS 1  - ICE FUTURES ENERGY DIV,260922,2026-09-22,0063DL,IFED,01,006 ,   21179,   20879,   10289,       0,       0,       0,       0,       0,       0,       0,   10590,     300,   21179,   21179,       0,       0,   21179,   20879,   10289,       0,       0,       0,       0,       0,       0,       0,   10590,     300,   21179,   21179,       0,       0,       0,       0,       0,       0,       0,       0,       0,       0,       0,       0,       0,       0,       0,       0,       0,       0,     300,     300,     300,       0,       0,       0,       0,       0,       0,       0,       0,       0,     300,     300,       0,       0,  100.0,   98.6,   48.6,    0.0,    0.0,    0.0,    0.0,    0.0,    0.0,    0.0,   50.0,    1.4,  100.0,  100.0,    0.0,    0.0,  100.0,   98.6,   48.6,    0.0,    0.0,    0.0,    0.0,    0.0,    0.0,    0.0,   50.0,    1.4,  100.0,  100.0,    0.0,    0.0,  100.0,    0.0,    0.0,    0.0,    0.0,    0.0,    0.0,    0.0,    0.0,    0.0,    0.0,    0.0,    0.0,    0.0,    0.0,    0.0,     24,     10,     13,      0,      0,      0,      0,      0,      0,      0,      6,.,     11,     19,     24,     10,     13,      0,      0,      0,      0,      0,      0,      0,      6,.,     11,     19,      0,      0,      0,      0,      0,      0,      0,      0,      0,      0,      0,      0,      0,      0,    89.0,    62.1,    97.5,    81.8,    89.0,    62.1,    94.6,    78.3,    89.0,    62.1,    97.5,    81.8,    89.0,    62.1,    94.6,    78.3,     0.0,     0.0,     0.0,     0.0,     0.0,     0.0,     0.0,     0.0,100 MWh of Class 1 Renewable Energy Certificates,0063DL,IFED,006 ,N60,FutOnly
MARYLAND COMPLIANCE REC TIER1 - ICE FUTURES ENERGY DIV,260922,2026-09-22,0063DM,IFED,01,006 ,   11641,    9496,    6188,    1775,    1541,       0,       0,       0,       0,     250,    3792,     120,   11641,   11641,       0,       0,   11641,    9496,    6188,    1775,    1541,       0,       0,       0,       0,     250,    3792,     120,   11641,   11641,       0,       0,       0,       0,       0,       0,       0,       0,       0,       0,       0,       0,       0,       0,       0,       0,       0,       0,       0,       0,       0,       0,       0,       0,       0,       0,       0,       0,       0,       0,       0,       0,       0,       0,  100.0,   81.6,   53.2,   15.2,   13.2,    0.0,    0.0,    0.0,    0.0,    2.1,   32.6,    1.0,  100.0,  100.0,    0.0,    0.0,  100.0,   81.6,   53.2,   15.2,   13.2,    0.0,    0.0,    0.0,    0.0,    2.1,   32.6,    1.0,  100.0,  100.0,    0.0,    0.0,  100.0,    0.0,    0.0,    0.0,    0.0,    0.0,    0.0,    0.0,    0.0,    0.0,    0.0,    0.0,    0.0,    0.0,    0.0,    0.0,     23,     10,      7,.,.,      0,      0,      0,      0,.,      5,.,     14,     13,     23,     10,      7,.,.,      0,      0,      0,      0,.,      5,.,     14,     13,      0,      0,      0,      0,      0,      0,      0,      0,      0,      0,      0,      0,      0,      0,    61.6,    63.2,    86.1,    91.4,    61.6,    57.6,    83.1,    85.8,    61.6,    63.2,    86.1,    91.4,    61.6,    57.6,    83.1,    85.8,     0.0,     0.0,     0.0,     0.0,     0.0,     0.0,     0.0,     0.0,(100 Tier 1 RECs),0063DM,IFED,006 ,N60,FutOnly
MARYLAND SOLAR REC - ICE FUTURES ENERGY DIV,260922,2026-09-22,0063DN,IFED,01,006 ,   76931,   48431,   32800,   17750,   40981,       0,       0,       0,       0,   10750,    3150,       0,   76931,   76931,       0,       0,   76931,   48431,   32800,   17750,   40981,       0,       0,       0,       0,   10750,    3150,       0,   76931,   76931,       0,       0,       0,       0,       0,       0,       0,       0,       0,       0,       0,       0,       0,       0,       0,       0,       0,       0,   21000,   20900,   21000,     100,       0,       0,       0,       0,       0,       0,       0,       0,   21000,   21000,       0,       0,  100.0,   63.0,   42.6,   23.1,   53.3,    0.0,    0.0,    0.0,    0.0,   14.0,    4.1,    0.0,  100.0,  100.0,    0.0,    0.0,  100.0,   63.0,   42.6,   23.1,   53.3,    0.0,    0.0,    0.0,    0.0,   14.0,    4.1,    0.0,  100.0,  100.0,    0.0,    0.0,  100.0,    0.0,    0.0,    0.0,    0.0,    0.0,    0.0,    0.0,    0.0,    0.0,    0.0,    0.0,    0.0,    0.0,    0.0,    0.0,     23,     10,      6,.,.,      0,      0,      0,      0,.,.,      0,     15,     11,     23,     10,      6,.,.,      0,      0,      0,      0,.,.,      0,     15,     11,      0,      0,      0,      0,      0,      0,      0,      0,      0,      0,      0,      0,      0,      0,    69.9,    88.3,    90.4,    97.9,    56.0,    69.7,    70.9,    76.7,    69.9,    88.3,    90.4,    97.9,    56.0,    69.7,    70.9,    76.7,     0.0,     0.0,     0.0,     0.0,     0.0,     0.0,     0.0,     0.0,(10 SRECs),0063DN,IFED,006 ,N60,FutOnly
NEPOOL DUAL RECs CLASS 1  - ICE FUTURES ENERGY DIV,260922,2026-09-22,0063DQ,IFED,01,006 ,   12760,    9910,    4234,     880,       0,       0,       0,       0,       0,    1065,    7546,     905,   12760,   12685,       0,      75,   12760,    9910,    4234,     880,       0,       0,       0,       0,       0,    1065,    7546,     905,   12760,   12685,       0,      75,       0,       0,       0,       0,       0,       0,       0,       0,       0,       0,       0,       0,       0,       0,       0,       0,       0,       0,       0,       0,       0,       0,       0,       0,       0,       0,       0,       0,       0,       0,       0,       0,  100.0,   77.7,   33.2,    6.9,    0.0,    0.0,    0.0,    0.0,    0.0,    8.3,   59.1,    7.1,  100.0,   99.4,    0.0,    0.6,  100.0,   77.7,   33.2,    6.9,    0.0,    0.0,    0.0,    0.0,    0.0,    8.3,   59.1,    7.1,  100.0,   99.4,    0.0,    0.6,  100.0,    0.0,    0.0,    0.0,    0.0,    0.0,    0.0,    0.0,    0.0,    0.0,    0.0,    0.0,    0.0,    0.0,    0.0,    0.0,     22,     11,      8,.,      0,      0,      0,      0,      0,.,.,.,     14,     12,     22,     11,      8,.,      0,      0,      0,      0,      0,.,.,.,     14,     12,      0,      0,      0,      0,      0,      0,      0,      0,      0,      0,      0,      0,      0,      0,    51.1,    67.0,    79.5,    92.0,    44.0,    67.0,    70.5,    85.0,    51.1,    67.0,    79.5,    92.0,    44.0,    67.0,    70.5,    85.0,     0.0,     0.0,     0.0,     0.0,     0.0,     0.0,     0.0,     0.0,100 MWh of Class 1 Renewable Energy Certificates,0063DQ,IFED,006 ,N60,FutOnly
NJ COMPLIANCE RECs CLASS 1 - ICE FUTURES ENERGY DIV,260922,2026-09-22,0063DR,IFED,01,006 ,   28188,   15902,   19741,      50,       0,       0,       0,     750,       0,   12235,    7697,       0,   28187,   28188,       1,       0,   28188,   15902,   19741,      50,       0,       0,       0,     750,       0,   12235,    7697,       0,   28187,   28188,       1,       0,       0,       0,       0,       0,       0,       0,       0,       0,       0,       0,       0,       0,       0,       0,       0,       0,       0,       0,       0,       0,       0,       0,       0,       0,       0,       0,       0,       0,       0,       0,       0,       0,  100.0,   56.4,   70.0,    0.2,    0.0,    0.0,    0.0,    2.7,    0.0,   43.4,   27.3,    0.0,  100.0,  100.0,    0.0,    0.0,  100.0,   56.4,   70.0,    0.2,    0.0,    0.0,    0.0,    2.7,    0.0,   43.4,   27.3,    0.0,  100.0,  100.0,    0.0,    0.0,  100.0,    0.0,    0.0,    0.0,    0.0,    0.0,    0.0,    0.0,    0.0,    0.0,    0.0,    0.0,    0.0,    0.0,    0.0,    0.0,     23,     10,      5,.,      0,      0,      0,.,      0,      4,.,      0,     15,     10,     23,     10,      5,.,      0,      0,      0,.,      0,      4,.,      0,     15,     10,      0,      0,      0,      0,      0,      0,      0,      0,      0,      0,      0,      0,      0,      0,    73.6,    92.2,    91.5,    99.3,    73.6,    92.2,    91.5,    99.3,    73.6,    92.2,    91.5,    99.3,    73.6,    92.2,    91.5,    99.3,     0.0,     0.0,     0.0,     0.0,     0.0,     0.0,     0.0,     0.0,100 MWh of Class 1 Renewable Energy Certificates,0063DR,IFED,006 ,N60,FutOnly
PA COMPLIANCE AECs TIER1 - ICE FUTURES ENERGY DIV,260922,2026-09-22,0063DT,IFED,01,006 ,   51040,   38212,   31451,    1000,    3920,       0,    1100,       0,       0,    9593,   14514,    1135,   51040,   51020,       0,      20,   51040,   38212,   31451,    1000,    3920,       0,    1100,       0,       0,    9593,   14514,    1135,   51040,   51020,       0,      20,       0,       0,       0,       0,       0,       0,       0,       0,       0,       0,       0,       0,       0,       0,       0,       0,    1752,    1204,    2579,       0,       0,       0,       0,       0,       0,     325,   -1050,     223,    1752,    1752,       0,       0,  100.0,   74.9,   61.6,    2.0,    7.7,    0.0,    2.2,    0.0,    0.0,   18.8,   28.4,    2.2,  100.0,  100.0,    0.0,    0.0,  100.0,   74.9,   61.6,    2.0,    7.7,    0.0,    2.2,    0.0,    0.0,   18.8,   28.4,    2.2,  100.0,  100.0,    0.0,    0.0,  100.0,    0.0,    0.0,    0.0,    0.0,    0.0,    0.0,    0.0,    0.0,    0.0,    0.0,    0.0,    0.0,    0.0,    0.0,    0.0,     34,     17,      6,.,.,      0,.,      0,      0,      6,      5,.,     25,     15,     34,     17,      6,.,.,      0,.,      0,      0,      6,      5,.,     25,     15,      0,      0,      0,      0,      0,      0,      0,      0,      0,      0,      0,      0,      0,      0,    50.2,    73.8,    69.2,    95.8,    50.2,    73.8,    69.2,    94.9,    50.2,    73.8,    69.2,    95.8,    50.2,    73.8,    69.2,    94.9,     0.0,     0.0,     0.0,     0.0,     0.0,     0.0,     0.0,     0.0,(100 AECs),0063DT,IFED,006 ,N60,FutOnly
WASHINGTON CARBON ALL V2026 - ICE FUTURES ENERGY DIV,260922,2026-09-22,0063EA,IFED,01,006 ,    6688,    1578,    1401,     209,     965,     576,     301,    1603,     393,    3287,    1347,     309,    6653,    6594,      35,      94,    6688,    1578,    1401,     209,     965,     576,     301,    1603,     393,    3287,    1347,     309,    6653,    6594,      35,      94,       0,       0,       0,       0,       0,       0,       0,       0,       0,       0,       0,       0,       0,       0,       0,       0,     401,      50,      53,     -11,      10,     177,       0,     -26,     -31,       1,     -18,     218,     404,     383,      -3,      18,  100.0,   23.6,   20.9,    3.1,   14.4,    8.6,    4.5,   24.0,    5.9,   49.1,   20.1,    4.6,   99.5,   98.6,    0.5,    1.4,  100.0,   23.6,   20.9,    3.1,   14.4,    8.6,    4.5,   24.0,    5.9,   49.1,   20.1,    4.6,   99.5,   98.6,    0.5,    1.4,  100.0,    0.0,    0.0,    0.0,    0.0,    0.0,    0.0,    0.0,    0.0,    0.0,    0.0,    0.0,    0.0,    0.0,    0.0,    0.0,     36,      6,      6,.,.,.,.,      7,      4,      4,      7,      4,     20,     26,     36,      6,      6,.,.,.,.,      7,      4,      4,      7,      4,     20,     26,      0,      0,      0,      0,      0,      0,      0,      0,      0,      0,      0,      0,      0,      0,    72.6,    45.2,    86.6,    68.7,    65.0,    33.9,    75.3,    55.1,    72.6,    45.2,    86.6,    68.7,    65.0,    33.9,    75.3,    55.1,     0.0,     0.0,     0.0,     0.0,     0.0,     0.0,     0.0,     0.0,"1,000 Washington carbon allowances",0063EA,IFED,006 ,N60,FutOnly
CALIF CARBON ALL VINTAGE 2026 - ICE FUTURES ENERGY DIV,260922,2026-09-22,0063EE,IFED,01,006 ,  195827,   30091,   49538,   18026,   86591,    2634,  100693,   14577,    9167,   31240,   29490,    3828,  195679,  195825,     148,       2,  195827,   30091,   49538,   18026,   86591,    2634,  100693,   14577,    9167,   31240,   29490,    3828,  195679,  195825,     148,       2,       0,       0,       0,       0,       0,       0,       0,       0,       0,       0,       0,       0,       0,       0,       0,       0,   -5597,    -154,   -2778,     829,    -961,    -220,   -7482,     642,    -971,    3708,     -14,   -1251,   -5541,   -5553,     -56,     -44,  100.0,   15.4,   25.3,    9.2,   44.2,    1.3,   51.4,    7.4,    4.7,   16.0,   15.1,    2.0,   99.9,  100.0,    0.1,    0.0,  100.0,   15.4,   25.3,    9.2,   44.2,    1.3,   51.4,    7.4,    4.7,   16.0,   15.1,    2.0,   99.9,  100.0,    0.1,    0.0,  100.0,    0.0,    0.0,    0.0,    0.0,    0.0,    0.0,    0.0,    0.0,    0.0,    0.0,    0.0,    0.0,    0.0,    0.0,    0.0,    148,     27,     18,      6,     12,      4,     41,      9,      8,     32,     11,      7,    112,     63,    148,     27,     18,      6,     12,      4,     41,      9,      8,     32,     11,      7,    112,     63,      0,      0,      0,      0,      0,      0,      0,      0,      0,      0,      0,      0,      0,      0,    41.1,    21.7,    54.5,    40.4,    39.1,    21.6,    50.5,    40.0,    41.1,    21.7,    54.5,    40.4,    39.1,    21.6,    50.5,    40.0,     0.0,     0.0,     0.0,     0.0,     0.0,     0.0,     0.0,     0.0,"1,000 California carbon allowances",0063EE,IFED,006 ,N60,FutOnly
CALIF CARBON ALL VINTAGE 2027 - ICE FUTURES ENERGY DIV,260922,2026-09-22,0063EI,IFED,01,006 ,   43488,   14293,    3338,    2175,   27735,      69,   11037,    2171,     405,   15151,    9409,     350,   43480,   43477,       8,      11,   43488,   14293,    3338,    2175,   27735,      69,   11037,    2171,     405,   15151,    9409,     350,   43480,   43477,       8,      11,       0,       0,       0,       0,       0,       0,       0,       0,       0,       0,       0,       0,       0,       0,       0,       0,    2645,    -518,     907,    -500,    1229,       0,    3935,     278,       0,    -272,     231,       0,    2645,    2645,       0,       0,  100.0,   32.9,    7.7,    5.0,   63.8,    0.2,   25.4,    5.0,    0.9,   34.8,   21.6,    0.8,  100.0,  100.0,    0.0,    0.0,  100.0,   32.9,    7.7,    5.0,   63.8,    0.2,   25.4,    5.0,    0.9,   34.8,   21.6,    0.8,  100.0,  100.0,    0.0,    0.0,  100.0,    0.0,    0.0,    0.0,    0.0,    0.0,    0.0,    0.0,    0.0,    0.0,    0.0,    0.0,    0.0,    0.0,    0.0,    0.0,     48,      8,      6,.,      9,.,      8,.,.,     10,.,.,     29,     22,     48,      8,      6,.,      9,.,      8,.,.,     10,.,.,     29,     22,      0,      0,      0,      0,      0,      0,      0,      0,      0,      0,      0,      0,      0,      0,    53.8,    75.2,    72.7,    88.7,    53.8,    74.3,    71.9,    87.8,    53.8,    75.2,    72.7,    88.7,    53.8,    74.3,    71.9,    87.8,     0.0,     0.0,     0.0,     0.0,     0.0,     0.0,     0.0,     0.0,"1,000 California carbon allowances",0063EI,IFED,006 ,N60,FutOnly
CALIF CARBON ALLOWANCE V2026 - NODAL EXCHANGE,260922,2026-09-22,0063EL,NODX,01,006 ,    6702,    2747,     818,      10,     732,     250,     960,     529,     800,    1663,    3298,       0,    6430,    6427,     272,     275,    6702,    2747,     818,      10,     732,     250,     960,     529,     800,    1663,    3298,       0,    6430,    6427,     272,     275,       0,       0,       0,       0,       0,       0,       0,       0,       0,       0,       0,       0,       0,       0,       0,       0,    -201,     128,     138,       0,       0,       0,       0,    -801,     460,    -790,       0,       0,    -202,    -203,       1,       2,  100.0,   41.0,   12.2,    0.1,   10.9,    3.7,   14.3,    7.9,   11.9,   24.8,   49.2,    0.0,   95.9,   95.9,    4.1,    4.1,  100.0,   41.0,   12.2,    0.1,   10.9,    3.7,   14.3,    7.9,   11.9,   24.8,   49.2,    0.0,   95.9,   95.9,    4.1,    4.1,  100.0,    0.0,    0.0,    0.0,    0.0,    0.0,    0.0,    0.0,    0.0,    0.0,    0.0,    0.0,    0.0,    0.0,    0.0,    0.0,     28,      8,      5,.,      5,.,.,.,.,      4,      4,      0,     17,     17,     28,      8,      5,.,      5,.,.,.,.,      4,      4,      0,     17,     17,      0,      0,      0,      0,      0,      0,      0,      0,      0,      0,      0,      0,      0,      0,    62.6,    69.6,    85.1,    85.3,    58.1,    57.6,    73.5,    70.8,    62.6,    69.6,    85.1,    85.3,    58.1,    57.6,    73.5,    70.8,     0.0,     0.0,     0.0,     0.0,     0.0,     0.0,     0.0,     0.0,"(1,000 California carbon allowances)",0063EL,NODX,006 ,N60,FutOnly
RGGI V2026 - ICE FUTURES ENERGY DIV,260922,2026-09-22,0063EM,IFED,01,006 ,   68369,   23410,   45141,   16553,    4912,    3707,   11789,     539,    4340,    5789,    7058,    2661,   68249,   68358,     120,      11,   68369,   23410,   45141,   16553,    4912,    3707,   11789,     539,    4340,    5789,    7058,    2661,   68249,   68358,     120,      11,       0,       0,       0,       0,       0,       0,       0,       0,       0,       0,       0,       0,       0,       0,       0,       0,    5990,    -941,    -639,     433,     328,    2780,     704,    -282,    1799,     277,    1074,     930,    5982,    5990,       8,       0,  100.0,   34.2,   66.0,   24.2,    7.2,    5.4,   17.2,    0.8,    6.3,    8.5,   10.3,    3.9,   99.8,  100.0,    0.2,    0.0,  100.0,   34.2,   66.0,   24.2,    7.2,    5.4,   17.2,    0.8,    6.3,    8.5,   10.3,    3.9,   99.8,  100.0,    0.2,    0.0,  100.0,    0.0,    0.0,    0.0,    0.0,    0.0,    0.0,    0.0,    0.0,    0.0,    0.0,    0.0,    0.0,    0.0,    0.0,    0.0,     73,     18,      8,      4,      4,      5,     19,      4,      5,     13,      6,     10,     62,     34,     73,     18,      8,      4,      4,      5,     19,      4,      5,     13,      6,     10,     62,     34,      0,      0,      0,      0,      0,      0,      0,      0,      0,      0,      0,      0,      0,      0,    46.6,    74.2,    68.4,    85.9,    45.6,    71.6,    59.2,    79.2,    46.6,    74.2,    68.4,    85.9,    45.6,    71.6,    59.2,    79.2,     0.0,     0.0,     0.0,     0.0,     0.0,     0.0,     0.0,     0.0,"1,000 RGGI CO2 Allowances",0063EM,IFED,006 ,N60,FutOnly
RGGI V2027 - ICE FUTURES ENERGY DIV,260922,2026-09-22,0063F6,IFED,01,006 ,   24829,   15446,    3569,    3853,    2908,     500,       0,   13092,    2135,    2258,    1963,     622,   24814,   24789,      15,      40,   24829,   15446,    3569,    3853,    2908,     500,       0,   13092,    2135,    2258,    1963,     622,   24814,   24789,      15,      40,       0,       0,       0,       0,       0,       0,       0,       0,       0,       0,       0,       0,       0,       0,       0,       0,     780,     570,     346,      56,    -134,       0,       0,    -189,     168,     -83,     515,      70,     781,     776,      -1,       4,  100.0,   62.2,   14.4,   15.5,   11.7,    2.0,    0.0,   52.7,    8.6,    9.1,    7.9,    2.5,   99.9,   99.8,    0.1,    0.2,  100.0,   62.2,   14.4,   15.5,   11.7,    2.0,    0.0,   52.7,    8.6,    9.1,    7.9,    2.5,   99.9,   99.8,    0.1,    0.2,  100.0,    0.0,    0.0,    0.0,    0.0,    0.0,    0.0,    0.0,    0.0,    0.0,    0.0,    0.0,    0.0,    0.0,    0.0,    0.0,     39,      7,     10,      4,.,.,      0,      9,.,      4,      6,.,     20,     31,     39,      7,     10,      4,.,.,      0,      9,.,      4,      6,.,     20,     31,      0,      0,      0,      0,      0,      0,      0,      0,      0,      0,      0,      0,      0,      0,    62.8,    59.1,    85.3,    79.1,    61.6,    50.8,    75.5,    69.6,    62.8,    59.1,    85.3,    79.1,    61.6,    50.8,    75.5,    69.6,     0.0,     0.0,     0.0,     0.0,     0.0,     0.0,     0.0,     0.0,"(1,000 RGGI CO2 Allowances)",0063F6,IFED,006 ,N60,FutOnly
TX REC CRS V26 BACK HALF - NODAL EXCHANGE,260922,2026-09-22,006NHT,NODX,01,006 ,    8505,    8271,    2434,       0,     435,       0,       0,       0,       0,      75,    5465,       0,    8346,    8334,     159,     171,    8505,    8271,    2434,       0,     435,       0,       0,       0,       0,      75,    5465,       0,    8346,    8334,     159,     171,       0,       0,       0,       0,       0,       0,       0,       0,       0,       0,       0,       0,       0,       0,       0,       0,       0,       0,       0,       0,       0,       0,       0,       0,       0,       0,       0,       0,       0,       0,       0,       0,  100.0,   97.2,   28.6,    0.0,    5.1,    0.0,    0.0,    0.0,    0.0,    0.9,   64.3,    0.0,   98.1,   98.0,    1.9,    2.0,  100.0,   97.2,   28.6,    0.0,    5.1,    0.0,    0.0,    0.0,    0.0,    0.9,   64.3,    0.0,   98.1,   98.0,    1.9,    2.0,  100.0,    0.0,    0.0,    0.0,    0.0,    0.0,    0.0,    0.0,    0.0,    0.0,    0.0,    0.0,    0.0,    0.0,    0.0,    0.0,     28,     14,      6,      0,.,      0,      0,      0,      0,.,      6,      0,     15,     13,     28,     14,      6,      0,.,      0,      0,      0,      0,.,      6,      0,     15,     13,      0,      0,      0,      0,      0,      0,      0,      0,      0,      0,      0,      0,      0,      0,    61.0,    66.9,    90.2,    89.6,    61.0,    66.9,    90.2,    89.6,    61.0,    66.9,    90.2,    89.6,    61.0,    66.9,    90.2,    89.6,     0.0,     0.0,     0.0,     0.0,     0.0,     0.0,     0.0,     0.0,1000 Texas RECs,006NHT,NODX,006 ,N60,FutOnly
TX REC CRS V27 BACK HALF - NODAL EXCHANGE,260922,2026-09-22,006NHU,NODX,01,006 ,    6665,    5669,    1877,       0,     400,       0,       0,       0,       0,     696,    4088,       0,    6365,    6365,     300,     300,    6665,    5669,    1877,       0,     400,       0,       0,       0,       0,     696,    4088,       0,    6365,    6365,     300,     300,       0,       0,       0,       0,       0,       0,       0,       0,       0,       0,       0,       0,       0,       0,       0,       0,     -25,     -25,     -25,       0,       0,       0,       0,       0,       0,       0,       0,       0,     -25,     -25,       0,       0,  100.0,   85.1,   28.2,    0.0,    6.0,    0.0,    0.0,    0.0,    0.0,   10.4,   61.3,    0.0,   95.5,   95.5,    4.5,    4.5,  100.0,   85.1,   28.2,    0.0,    6.0,    0.0,    0.0,    0.0,    0.0,   10.4,   61.3,    0.0,   95.5,   95.5,    4.5,    4.5,  100.0,    0.0,    0.0,    0.0,    0.0,    0.0,    0.0,    0.0,    0.0,    0.0,    0.0,    0.0,    0.0,    0.0,    0.0,    0.0,     31,     13,      6,      0,.,      0,      0,      0,      0,      6,      4,      0,     19,     12,     31,     13,      6,      0,.,      0,      0,      0,      0,      6,      4,      0,     19,     12,      0,      0,      0,      0,      0,      0,      0,      0,      0,      0,      0,      0,      0,      0,    59.2,    73.4,    83.3,    92.5,    59.2,    73.4,    83.3,    92.5,    59.2,    73.4,    83.3,    92.5,    59.2,    73.4,    83.3,    92.5,     0.0,     0.0,     0.0,     0.0,     0.0,     0.0,     0.0,     0.0,1000 Texas RECs,006NHU,NODX,006 ,N60,FutOnly
TX REC CRS V28 BACK HALF - NODAL EXCHANGE,260922,2026-09-22,006NHV,NODX,01,006 ,    4936,    3422,    1485,      25,     412,       0,     164,       0,       0,     577,    2265,     441,    4629,    4603,     307,     333,    4936,    3422,    1485,      25,     412,       0,     164,       0,       0,     577,    2265,     441,    4629,    4603,     307,     333,       0,       0,       0,       0,       0,       0,       0,       0,       0,       0,       0,       0,       0,       0,       0,       0,       0,       0,       0,       0,       0,       0,       0,       0,       0,       0,       0,       0,       0,       0,       0,       0,  100.0,   69.3,   30.1,    0.5,    8.3,    0.0,    3.3,    0.0,    0.0,   11.7,   45.9,    8.9,   93.8,   93.3,    6.2,    6.7,  100.0,   69.3,   30.1,    0.5,    8.3,    0.0,    3.3,    0.0,    0.0,   11.7,   45.9,    8.9,   93.8,   93.3,    6.2,    6.7,  100.0,    0.0,    0.0,    0.0,    0.0,    0.0,    0.0,    0.0,    0.0,    0.0,    0.0,    0.0,    0.0,    0.0,    0.0,    0.0,     30,     13,      5,.,.,      0,.,      0,      0,      5,      4,.,     20,     11,     30,     13,      5,.,.,      0,.,      0,      0,      5,      4,.,     20,     11,      0,      0,      0,      0,      0,      0,      0,      0,      0,      0,      0,      0,      0,      0,    47.6,    71.6,    73.1,    87.1,    40.6,    67.5,    64.1,    81.1,    47.6,    71.6,    73.1,    87.1,    40.6,    67.5,    64.1,    81.1,     0.0,     0.0,     0.0,     0.0,     0.0,     0.0,     0.0,     0.0,1000 Texas RECs,006NHV,NODX,006 ,N60,FutOnly
TX REC CRS V29 BACK HALF - NODAL EXCHANGE,260922,2026-09-22,006NHW,NODX,01,006 ,    4405,    3802,    1431,       0,     587,       0,       0,       0,       0,     501,    2285,       0,    4303,    4303,     102,     102,    4405,    3802,    1431,       0,     587,       0,       0,       0,       0,     501,    2285,       0,    4303,    4303,     102,     102,       0,       0,       0,       0,       0,       0,       0,       0,       0,       0,       0,       0,       0,       0,       0,       0,     -25,       0,     -25,       0,       0,       0,       0,       0,       0,     -25,       0,       0,     -25,     -25,       0,       0,  100.0,   86.3,   32.5,    0.0,   13.3,    0.0,    0.0,    0.0,    0.0,   11.4,   51.9,    0.0,   97.7,   97.7,    2.3,    2.3,  100.0,   86.3,   32.5,    0.0,   13.3,    0.0,    0.0,    0.0,    0.0,   11.4,   51.9,    0.0,   97.7,   97.7,    2.3,    2.3,  100.0,    0.0,    0.0,    0.0,    0.0,    0.0,    0.0,    0.0,    0.0,    0.0,    0.0,    0.0,    0.0,    0.0,    0.0,    0.0,     31,     14,      5,      0,.,      0,      0,      0,      0,      5,      4,      0,     19,     12,     31,     14,      5,      0,.,      0,      0,      0,      0,      5,      4,      0,     19,     12,      0,      0,      0,      0,      0,      0,      0,      0,      0,      0,      0,      0,      0,      0,    62.4,    77.2,    81.5,    92.0,    62.4,    77.2,    81.5,    92.0,    62.4,    77.2,    81.5,    92.0,    62.4,    77.2,    81.5,    92.0,     0.0,     0.0,     0.0,     0.0,     0.0,     0.0,     0.0,     0.0,1000 Texas RECs,006NHW,NODX,006 ,N60,FutOnly
TX REC CRS V30 BACK HALF - NODAL EXCHANGE,260922,2026-09-22,006NHX,NODX,01,006 ,    4163,    3582,    1368,       0,     275,       0,       0,       0,       0,     440,    2367,       0,    4022,    4010,     141,     153,    4163,    3582,    1368,       0,     275,       0,       0,       0,       0,     440,    2367,       0,    4022,    4010,     141,     153,       0,       0,       0,       0,       0,       0,       0,       0,       0,       0,       0,       0,       0,       0,       0,       0,       0,       0,       0,       0,       0,       0,       0,       0,       0,       0,       0,       0,       0,       0,       0,       0,  100.0,   86.0,   32.9,    0.0,    6.6,    0.0,    0.0,    0.0,    0.0,   10.6,   56.9,    0.0,   96.6,   96.3,    3.4,    3.7,  100.0,   86.0,   32.9,    0.0,    6.6,    0.0,    0.0,    0.0,    0.0,   10.6,   56.9,    0.0,   96.6,   96.3,    3.4,    3.7,  100.0,    0.0,    0.0,    0.0,    0.0,    0.0,    0.0,    0.0,    0.0,    0.0,    0.0,    0.0,    0.0,    0.0,    0.0,    0.0,     28,     11,      8,      0,.,      0,      0,      0,      0,      4,      5,      0,     15,     15,     28,     11,      8,      0,.,      0,      0,      0,      0,      4,      5,      0,     15,     15,      0,      0,      0,      0,      0,      0,      0,      0,      0,      0,      0,      0,      0,      0,    74.3,    74.3,    88.2,    90.2,    73.7,    74.3,    87.5,    90.2,    74.3,    74.3,    88.2,    90.2,    73.7,    74.3,    87.5,    90.2,     0.0,     0.0,     0.0,     0.0,     0.0,     0.0,     0.0,     0.0,"(1,000 MWh representing 1,000 Texas RECs)",006NHX,NODX,006 ,N60,FutOnly
TX REC CRS V26 FRONT HALF - NODAL EXCHANGE,260922,2026-09-22,006NHY,NODX,01,006 ,    7673,    7189,    3734,       0,     385,       0,       0,       0,       0,     311,    3345,       0,    7500,    7464,     173,     209,    7673,    7189,    3734,       0,     385,       0,       0,       0,       0,     311,    3345,       0,    7500,    7464,     173,     209,       0,       0,       0,       0,       0,       0,       0,       0,       0,       0,       0,       0,       0,       0,       0,       0,     -60,       0,      45,       0,       0,       0,       0,       0,       0,       0,     -45,       0,       0,       0,     -60,     -60,  100.0,   93.7,   48.7,    0.0,    5.0,    0.0,    0.0,    0.0,    0.0,    4.1,   43.6,    0.0,   97.7,   97.3,    2.3,    2.7,  100.0,   93.7,   48.7,    0.0,    5.0,    0.0,    0.0,    0.0,    0.0,    4.1,   43.6,    0.0,   97.7,   97.3,    2.3,    2.7,  100.0,    0.0,    0.0,    0.0,    0.0,    0.0,    0.0,    0.0,    0.0,    0.0,    0.0,    0.0,    0.0,    0.0,    0.0,    0.0,     27,     12,      7,      0,.,      0,      0,      0,      0,.,      4,      0,     15,     12,     27,     12,      7,      0,.,      0,      0,      0,      0,.,      4,      0,     15,     12,      0,      0,      0,      0,      0,      0,      0,      0,      0,      0,      0,      0,      0,      0,    69.1,    60.9,    87.6,    89.5,    69.1,    60.9,    87.6,    89.5,    69.1,    60.9,    87.6,    89.5,    69.1,    60.9,    87.6,    89.5,     0.0,     0.0,     0.0,     0.0,     0.0,     0.0,     0.0,     0.0,1000 Texas RECs,006NHY,NODX,006 ,N60,FutOnly
TX REC CRS V27 FRONT HALF - NODAL EXCHANGE,260922,2026-09-22,006NHZ,NODX,01,006 ,    7602,    6013,    3448,       0,     703,       0,       0,       0,       0,    1410,    3231,       0,    7423,    7382,     179,     220,    7602,    6013,    3448,       0,     703,       0,       0,       0,       0,    1410,    3231,       0,    7423,    7382,     179,     220,       0,       0,       0,       0,       0,       0,       0,       0,       0,       0,       0,       0,       0,       0,       0,       0,       0,       0,       0,       0,       0,       0,       0,       0,       0,       0,       0,       0,       0,       0,       0,       0,  100.0,   79.1,   45.4,    0.0,    9.2,    0.0,    0.0,    0.0,    0.0,   18.5,   42.5,    0.0,   97.6,   97.1,    2.4,    2.9,  100.0,   79.1,   45.4,    0.0,    9.2,    0.0,    0.0,    0.0,    0.0,   18.5,   42.5,    0.0,   97.6,   97.1,    2.4,    2.9,  100.0,    0.0,    0.0,    0.0,    0.0,    0.0,    0.0,    0.0,    0.0,    0.0,    0.0,    0.0,    0.0,    0.0,    0.0,    0.0,     31,     15,      6,      0,.,      0,      0,      0,      0,      6,.,      0,     21,     11,     31,     15,      6,      0,.,      0,      0,      0,      0,      6,.,      0,     21,     11,      0,      0,      0,      0,      0,      0,      0,      0,      0,      0,      0,      0,      0,      0,    57.6,    75.5,    77.3,    94.1,    57.6,    75.2,    77.3,    93.8,    57.6,    75.5,    77.3,    94.1,    57.6,    75.2,    77.3,    93.8,     0.0,     0.0,     0.0,     0.0,     0.0,     0.0,     0.0,     0.0,1000 Texas RECs,006NHZ,NODX,006 ,N60,FutOnly
TX REC CRS V28 FRONT HALF - NODAL EXCHANGE,260922,2026-09-22,006NJ1,NODX,01,006 ,    6044,    5065,    2137,       0,     538,       0,       0,       0,       0,     704,    3065,       0,    5769,    5740,     275,     304,    6044,    5065,    2137,       0,     538,       0,       0,       0,       0,     704,    3065,       0,    5769,    5740,     275,     304,       0,       0,       0,       0,       0,       0,       0,       0,       0,       0,       0,       0,       0,       0,       0,       0,       0,       0,       0,       0,       0,       0,       0,       0,       0,       0,       0,       0,       0,       0,       0,       0,  100.0,   83.8,   35.4,    0.0,    8.9,    0.0,    0.0,    0.0,    0.0,   11.6,   50.7,    0.0,   95.5,   95.0,    4.5,    5.0,  100.0,   83.8,   35.4,    0.0,    8.9,    0.0,    0.0,    0.0,    0.0,   11.6,   50.7,    0.0,   95.5,   95.0,    4.5,    5.0,  100.0,    0.0,    0.0,    0.0,    0.0,    0.0,    0.0,    0.0,    0.0,    0.0,    0.0,    0.0,    0.0,    0.0,    0.0,    0.0,     25,     11,      7,      0,.,      0,      0,      0,      0,.,      4,      0,     14,     12,     25,     11,      7,      0,.,      0,      0,      0,      0,.,      4,      0,     14,     12,      0,      0,      0,      0,      0,      0,      0,      0,      0,      0,      0,      0,      0,      0,    67.2,    71.5,    84.2,    90.5,    66.4,    71.5,    83.4,    90.5,    67.2,    71.5,    84.2,    90.5,    66.4,    71.5,    83.4,    90.5,     0.0,     0.0,     0.0,     0.0,     0.0,     0.0,     0.0,     0.0,1000 Texas RECs,006NJ1,NODX,006 ,N60,FutOnly
TX REC CRS V29 FRONT HALF - NODAL EXCHANGE,260922,2026-09-22,006NJ2,NODX,01,006 ,    6093,    4767,    2916,       0,     713,       0,       0,       0,       0,    1175,    2307,      33,    5975,    5969,     118,     124,    6093,    4767,    2916,       0,     713,       0,       0,       0,       0,    1175,    2307,      33,    5975,    5969,     118,     124,       0,       0,       0,       0,       0,       0,       0,       0,       0,       0,       0,       0,       0,       0,       0,       0,       0,       0,       0,       0,       0,       0,       0,       0,       0,       0,       0,       0,       0,       0,       0,       0,  100.0,   78.2,   47.9,    0.0,   11.7,    0.0,    0.0,    0.0,    0.0,   19.3,   37.9,    0.5,   98.1,   98.0,    1.9,    2.0,  100.0,   78.2,   47.9,    0.0,   11.7,    0.0,    0.0,    0.0,    0.0,   19.3,   37.9,    0.5,   98.1,   98.0,    1.9,    2.0,  100.0,    0.0,    0.0,    0.0,    0.0,    0.0,    0.0,    0.0,    0.0,    0.0,    0.0,    0.0,    0.0,    0.0,    0.0,    0.0,     31,     12,      7,      0,.,      0,      0,      0,      0,      6,.,.,     18,     14,     31,     12,      7,      0,.,      0,      0,      0,      0,      6,.,.,     18,     14,      0,      0,      0,      0,      0,      0,      0,      0,      0,      0,      0,      0,      0,      0,    70.1,    84.6,    87.3,    93.4,    70.1,    84.6,    87.3,    93.4,    70.1,    84.6,    87.3,    93.4,    70.1,    84.6,    87.3,    93.4,     0.0,     0.0,     0.0,     0.0,     0.0,     0.0,     0.0,     0.0,1000 Texas RECs,006NJ2,NODX,006 ,N60,FutOnly
TX REC CRS V30 FRONT HALF - NODAL EXCHANGE,260922,2026-09-22,006NJ3,NODX,01,006 ,    3588,    2931,    1132,       0,     400,       0,       0,       0,       0,     503,    1876,       0,    3434,    3408,     154,     180,    3588,    2931,    1132,       0,     400,       0,       0,       0,       0,     503,    1876,       0,    3434,    3408,     154,     180,       0,       0,       0,       0,       0,       0,       0,       0,       0,       0,       0,       0,       0,       0,       0,       0,      25,      25,      25,       0,       0,       0,       0,       0,       0,       0,       0,       0,      25,      25,       0,       0,  100.0,   81.7,   31.5,    0.0,   11.1,    0.0,    0.0,    0.0,    0.0,   14.0,   52.3,    0.0,   95.7,   95.0,    4.3,    5.0,  100.0,   81.7,   31.5,    0.0,   11.1,    0.0,    0.0,    0.0,    0.0,   14.0,   52.3,    0.0,   95.7,   95.0,    4.3,    5.0,  100.0,    0.0,    0.0,    0.0,    0.0,    0.0,    0.0,    0.0,    0.0,    0.0,    0.0,    0.0,    0.0,    0.0,    0.0,    0.0,     26,     10,      7,      0,.,      0,      0,      0,      0,.,      6,      0,     13,     15,     26,     10,      7,      0,.,      0,      0,      0,      0,.,      6,      0,     13,     15,      0,      0,      0,      0,      0,      0,      0,      0,      0,      0,      0,      0,      0,      0,    70.2,    70.3,    86.0,    87.0,    68.0,    70.3,    83.8,    87.0,    70.2,    70.3,    86.0,    87.0,    68.0,    70.3,    83.8,    87.0,     0.0,     0.0,     0.0,     0.0,     0.0,     0.0,     0.0,     0.0,1000 Texas RECs,006NJ3,NODX,006 ,N60,FutOnly
TX REC CRS V31 BACK HALF - NODAL EXCHANGE,260922,2026-09-22,006NKH,NODX,01,006 ,    2247,    1666,     908,     262,      50,       0,       0,       0,       0,     219,    1174,       0,    2147,    2132,     100,     115,    2247,    1666,     908,     262,      50,       0,       0,       0,       0,     219,    1174,       0,    2147,    2132,     100,     115,       0,       0,       0,       0,       0,       0,       0,       0,       0,       0,       0,       0,       0,       0,       0,       0,       0,       0,       0,       0,       0,       0,       0,       0,       0,       0,       0,       0,       0,       0,       0,       0,  100.0,   74.1,   40.4,   11.7,    2.2,    0.0,    0.0,    0.0,    0.0,    9.7,   52.2,    0.0,   95.5,   94.9,    4.5,    5.1,  100.0,   74.1,   40.4,   11.7,    2.2,    0.0,    0.0,    0.0,    0.0,    9.7,   52.2,    0.0,   95.5,   94.9,    4.5,    5.1,  100.0,    0.0,    0.0,    0.0,    0.0,    0.0,    0.0,    0.0,    0.0,    0.0,    0.0,    0.0,    0.0,    0.0,    0.0,    0.0,     20,      7,      7,.,.,      0,      0,      0,      0,.,.,      0,     11,     11,     20,      7,      7,.,.,      0,      0,      0,      0,.,.,      0,     11,     11,      0,      0,      0,      0,      0,      0,      0,      0,      0,      0,      0,      0,      0,      0,    70.6,    78.1,    89.2,    91.4,    68.2,    78.1,    86.9,    91.4,    70.6,    78.1,    89.2,    91.4,    68.2,    78.1,    86.9,    91.4,     0.0,     0.0,     0.0,     0.0,     0.0,     0.0,     0.0,     0.0,1000 Texas RECs,006NKH,NODX,006 ,N60,FutOnly
TX REC CRS V31 FRONT HALF - NODAL EXCHANGE,260922,2026-09-22,006NKJ,NODX,01,006 ,    2296,    1441,     822,     200,     222,      63,       0,       0,       0,     468,    1089,       0,    2172,    2196,     124,     100,    2296,    1441,     822,     200,     222,      63,       0,       0,       0,     468,    1089,       0,    2172,    2196,     124,     100,       0,       0,       0,       0,       0,       0,       0,       0,       0,       0,       0,       0,       0,       0,       0,       0,       0,       0,       0,       0,       0,       0,       0,       0,       0,       0,       0,       0,       0,       0,       0,       0,  100.0,   62.8,   35.8,    8.7,    9.7,    2.7,    0.0,    0.0,    0.0,   20.4,   47.4,    0.0,   94.6,   95.6,    5.4,    4.4,  100.0,   62.8,   35.8,    8.7,    9.7,    2.7,    0.0,    0.0,    0.0,   20.4,   47.4,    0.0,   94.6,   95.6,    5.4,    4.4,  100.0,    0.0,    0.0,    0.0,    0.0,    0.0,    0.0,    0.0,    0.0,    0.0,    0.0,    0.0,    0.0,    0.0,    0.0,    0.0,     20,      8,      5,.,.,.,      0,      0,      0,.,.,      0,     13,      9,     20,      8,      5,.,.,.,      0,      0,      0,.,.,      0,     13,      9,      0,      0,      0,      0,      0,      0,      0,      0,      0,      0,      0,      0,      0,      0,    57.8,    78.1,    81.7,    94.5,    56.6,    78.1,    80.5,    91.7,    57.8,    78.1,    81.7,    94.5,    56.6,    78.1,    80.5,    91.7,     0.0,     0.0,     0.0,     0.0,     0.0,     0.0,     0.0,     0.0,1000 Texas RECs,006NKJ,NODX,006 ,N60,FutOnly
NEW JERSEY RECs CLASS 2 V2027 - NODAL EXCHANGE,260922,2026-09-22,006NMM,NODX,01,006 ,   10806,    5990,    1800,     321,    7086,       0,    1150,       0,       0,    3345,    1920,       0,   10806,   10806,       0,       0,   10806,    5990,    1800,     321,    7086,       0,    1150,       0,       0,    3345,    1920,       0,   10806,   10806,       0,       0,       0,       0,       0,       0,       0,       0,       0,       0,       0,       0,       0,       0,       0,       0,       0,       0,       0,       0,       0,       0,       0,       0,       0,       0,       0,       0,       0,       0,       0,       0,       0,       0,  100.0,   55.4,   16.7,    3.0,   65.6,    0.0,   10.6,    0.0,    0.0,   31.0,   17.8,    0.0,  100.0,  100.0,    0.0,    0.0,  100.0,   55.4,   16.7,    3.0,   65.6,    0.0,   10.6,    0.0,    0.0,   31.0,   17.8,    0.0,  100.0,  100.0,    0.0,    0.0,  100.0,    0.0,    0.0,    0.0,    0.0,    0.0,    0.0,    0.0,    0.0,    0.0,    0.0,    0.0,    0.0,    0.0,    0.0,    0.0,     25,     12,.,.,.,      0,.,      0,      0,      5,.,      0,     19,      6,     25,     12,.,.,.,      0,.,      0,      0,      5,.,      0,     19,      6,      0,      0,      0,      0,      0,      0,      0,      0,      0,      0,      0,      0,      0,      0,    54.8,    96.3,    81.7,   100.0,    54.8,    96.3,    81.7,   100.0,    54.8,    96.3,    81.7,   100.0,    54.8,    96.3,    81.7,   100.0,     0.0,     0.0,     0.0,     0.0,     0.0,     0.0,     0.0,     0.0,(100 MWh representing 100 NJ Class 2 RECs),006NMM,NODX,006 ,N60,FutOnly
PENNSYLVANIA AEC TIER 2-V2027 - NODAL EXCHANGE,260922,2026-09-22,006NMT,NODX,01,006 ,   28378,   20025,   16839,    1020,     500,       0,    2500,       0,       0,    4833,   11039,       0,   28378,   28378,       0,       0,   28378,   20025,   16839,    1020,     500,       0,    2500,       0,       0,    4833,   11039,       0,   28378,   28378,       0,       0,       0,       0,       0,       0,       0,       0,       0,       0,       0,       0,       0,       0,       0,       0,       0,       0,       0,       0,       0,       0,       0,       0,       0,       0,       0,       0,       0,       0,       0,       0,       0,       0,  100.0,   70.6,   59.3,    3.6,    1.8,    0.0,    8.8,    0.0,    0.0,   17.0,   38.9,    0.0,  100.0,  100.0,    0.0,    0.0,  100.0,   70.6,   59.3,    3.6,    1.8,    0.0,    8.8,    0.0,    0.0,   17.0,   38.9,    0.0,  100.0,  100.0,    0.0,    0.0,  100.0,    0.0,    0.0,    0.0,    0.0,    0.0,    0.0,    0.0,    0.0,    0.0,    0.0,    0.0,    0.0,    0.0,    0.0,    0.0,     32,     13,      7,.,.,      0,.,      0,      0,      4,      4,      0,     20,     12,     32,     13,      7,.,.,      0,.,      0,      0,      4,      4,      0,     20,     12,      0,      0,      0,      0,      0,      0,      0,      0,      0,      0,      0,      0,      0,      0,    50.2,    74.9,    75.2,    97.1,    50.2,    74.9,    75.2,    97.1,    50.2,    74.9,    75.2,    97.1,    50.2,    74.9,    75.2,    97.1,     0.0,     0.0,     0.0,     0.0,     0.0,     0.0,     0.0,     0.0,(100 MWh = 100 Tier 2  AECs),006NMT,NODX,006 ,N60,FutOnly
NEW JERSEY RECs CLASS 2 V2028 - NODAL EXCHANGE,260922,2026-09-22,006NMW,NODX,01,006 ,    4611,    2300,    2695,     201,       0,       0,     900,       0,       0,    1210,    1916,       0,    4611,    4611,       0,       0,    4611,    2300,    2695,     201,       0,       0,     900,       0,       0,    1210,    1916,       0,    4611,    4611,       0,       0,       0,       0,       0,       0,       0,       0,       0,       0,       0,       0,       0,       0,       0,       0,       0,       0,       0,       0,       0,       0,       0,       0,       0,       0,       0,       0,       0,       0,       0,       0,       0,       0,  100.0,   49.9,   58.4,    4.4,    0.0,    0.0,   19.5,    0.0,    0.0,   26.2,   41.6,    0.0,  100.0,  100.0,    0.0,    0.0,  100.0,   49.9,   58.4,    4.4,    0.0,    0.0,   19.5,    0.0,    0.0,   26.2,   41.6,    0.0,  100.0,  100.0,    0.0,    0.0,  100.0,    0.0,    0.0,    0.0,    0.0,    0.0,    0.0,    0.0,    0.0,    0.0,    0.0,    0.0,    0.0,    0.0,    0.0,    0.0,     22,      9,      5,.,      0,      0,.,      0,      0,      4,.,      0,     15,      7,     22,      9,      5,.,      0,      0,.,      0,      0,      4,.,      0,     15,      7,      0,      0,      0,      0,      0,      0,      0,      0,      0,      0,      0,      0,      0,      0,    58.6,    89.2,    84.6,   100.0,    58.6,    89.2,    84.6,   100.0,    58.6,    89.2,    84.6,   100.0,    58.6,    89.2,    84.6,   100.0,     0.0,     0.0,     0.0,     0.0,     0.0,     0.0,     0.0,     0.0,100 MWh representing 100 NJ Class 2 RECs,006NMW,NODX,006 ,N60,FutOnly
PENNSYLVANIA AEC TIER 2-V2028 - NODAL EXCHANGE,260922,2026-09-22,006NMX,NODX,01,006 ,   23200,   18765,   13706,     550,       0,       0,     800,       0,       0,    3085,    9494,       0,   23200,   23200,       0,       0,   23200,   18765,   13706,     550,       0,       0,     800,       0,       0,    3085,    9494,       0,   23200,   23200,       0,       0,       0,       0,       0,       0,       0,       0,       0,       0,       0,       0,       0,       0,       0,       0,       0,       0,    -100,       0,    -600,       0,       0,       0,       0,       0,       0,    -100,     500,       0,    -100,    -100,       0,       0,  100.0,   80.9,   59.1,    2.4,    0.0,    0.0,    3.4,    0.0,    0.0,   13.3,   40.9,    0.0,  100.0,  100.0,    0.0,    0.0,  100.0,   80.9,   59.1,    2.4,    0.0,    0.0,    3.4,    0.0,    0.0,   13.3,   40.9,    0.0,  100.0,  100.0,    0.0,    0.0,  100.0,    0.0,    0.0,    0.0,    0.0,    0.0,    0.0,    0.0,    0.0,    0.0,    0.0,    0.0,    0.0,    0.0,    0.0,    0.0,     27,     14,.,.,      0,      0,.,      0,      0,      5,.,      0,     22,      5,     27,     14,.,.,      0,      0,.,      0,      0,      5,.,      0,     22,      5,      0,      0,      0,      0,      0,      0,      0,      0,      0,      0,      0,      0,      0,      0,    54.5,    99.2,    76.1,   100.0,    54.5,    99.2,    76.1,   100.0,    54.5,    99.2,    76.1,   100.0,    54.5,    99.2,    76.1,   100.0,     0.0,     0.0,     0.0,     0.0,     0.0,     0.0,     0.0,     0.0,(100 MWh = 100 Tier 2  AECs),006NMX,NODX,006 ,N60,FutOnly
PENNSYLVANIA AEC TIER 2-V2029 - NODAL EXCHANGE,260922,2026-09-22,006NNO,NODX,01,006 ,   10275,    9375,    5965,       0,       0,       0,       0,       0,       0,     900,    4310,       0,   10275,   10275,       0,       0,   10275,    9375,    5965,       0,       0,       0,       0,       0,       0,     900,    4310,       0,   10275,   10275,       0,       0,       0,       0,       0,       0,       0,       0,       0,       0,       0,       0,       0,       0,       0,       0,       0,       0,.,.,.,.,.,.,.,.,.,.,.,.,.,.,.,.,  100.0,   91.2,   58.1,    0.0,    0.0,    0.0,    0.0,    0.0,    0.0,    8.8,   41.9,    0.0,  100.0,  100.0,    0.0,    0.0,  100.0,   91.2,   58.1,    0.0,    0.0,    0.0,    0.0,    0.0,    0.0,    8.8,   41.9,    0.0,  100.0,  100.0,    0.0,    0.0,  100.0,    0.0,    0.0,    0.0,    0.0,    0.0,    0.0,    0.0,    0.0,    0.0,    0.0,    0.0,    0.0,    0.0,    0.0,    0.0,     20,     12,      4,      0,      0,      0,      0,      0,      0,.,.,      0,     14,      6,     20,     12,      4,      0,      0,      0,      0,      0,      0,.,.,      0,     14,      6,      0,      0,      0,      0,      0,      0,      0,      0,      0,      0,      0,      0,      0,      0,    59.4,    95.1,    89.3,   100.0,    59.4,    95.1,    89.3,   100.0,    59.4,    95.1,    89.3,   100.0,    59.4,    95.1,    89.3,   100.0,     0.0,     0.0,     0.0,     0.0,     0.0,     0.0,     0.0,     0.0,(100 MWh = 100 Tier 2  AECs),006NNO,NODX,006 ,N60,FutOnly
CALIF CARBON VINTAGE SPEC 2029 - ICE FUTURES ENERGY DIV,260922,2026-09-22,006WCA,IFED,01,006 ,    7585,       0,    2785,    1771,    1544,    1281,    4222,     432,      51,     260,    1492,       0,    7585,    7585,       0,       0,    7585,       0,    2785,    1771,    1544,    1281,    4222,     432,      51,     260,    1492,       0,    7585,    7585,       0,       0,       0,       0,       0,       0,       0,       0,       0,       0,       0,       0,       0,       0,       0,       0,       0,       0,       0,       0,       0,       0,       0,       0,       0,       0,       0,       0,       0,       0,       0,       0,       0,       0,  100.0,    0.0,   36.7,   23.3,   20.4,   16.9,   55.7,    5.7,    0.7,    3.4,   19.7,    0.0,  100.0,  100.0,    0.0,    0.0,  100.0,    0.0,   36.7,   23.3,   20.4,   16.9,   55.7,    5.7,    0.7,    3.4,   19.7,    0.0,  100.0,  100.0,    0.0,    0.0,  100.0,    0.0,    0.0,    0.0,    0.0,    0.0,    0.0,    0.0,    0.0,    0.0,    0.0,    0.0,    0.0,    0.0,    0.0,    0.0,     21,      0,      6,.,.,.,.,.,.,.,      5,      0,      7,     17,     21,      0,      6,.,.,.,.,.,.,.,      5,      0,      7,     17,      0,      0,      0,      0,      0,      0,      0,      0,      0,      0,      0,      0,      0,      0,    81.2,    64.5,   100.0,    82.4,    77.2,    53.4,    82.4,    68.8,    81.2,    64.5,   100.0,    82.4,    77.2,    53.4,    82.4,    68.8,     0.0,     0.0,     0.0,     0.0,     0.0,     0.0,     0.0,     0.0,"(1,000 California Carbon Allowances)",006WCA,IFED,006 ,N60,FutOnly
SOYBEAN OIL - CHICAGO BOARD OF TRADE,260922,2026-09-22,007601,CBT ,00,007 ,  605458,  159148,  369724,   95290,    7300,   20765,  119764,   27627,   85973,   32061,   13998,   57394,  570395,  582781,   35063,   22677,  594088,  156558,  361948,   95709,    7522,   19543,  118477,   29544,   83768,   32186,   16487,   53343,  559584,  572155,   34504,   21933,   11370,    2590,    7776,     795,     992,       8,    3485,     281,       7,    2831,     467,    1095,   10811,   10626,     559,     744,    -502,   -3419,  -15812,    2706,    -744,     881,   -6601,    2742,    2325,   -4804,     431,    6920,   -1992,   -3257,    1490,    2755,  100.0,   26.3,   61.1,   15.7,    1.2,    3.4,   19.8,    4.6,   14.2,    5.3,    2.3,    9.5,   94.2,   96.3,    5.8,    3.7,  100.0,   26.4,   60.9,   16.1,    1.3,    3.3,   19.9,    5.0,   14.1,    5.4,    2.8,    9.0,   94.2,   96.3,    5.8,    3.7,  100.0,   22.8,   68.4,    7.0,    8.7,    0.1,   30.7,    2.5,    0.1,   24.9,    4.1,    9.6,   95.1,   93.5,    4.9,    6.5,    323,     77,     87,     23,      7,     15,     77,     27,     56,     42,     29,     52,    272,    230,    323,     77,     87,     23,      7,     15,     76,     28,     55,     42,     33,     50,    269,    230,     73,     18,     19,      9,.,.,     10,      4,.,     11,      7,      9,     55,     37,    10.7,    25.0,    17.6,    37.1,     7.7,    20.7,    12.7,    29.8,    10.9,    25.1,    17.8,    37.1,     7.8,    20.6,    12.9,    29.7,    42.1,    37.2,    61.0,    59.1,    40.2,    35.9,    57.1,    56.0,"(CONTRACTS OF 60,000 POUNDS)",007601,CBT ,007 ,A30,FutOnly
USGC HSFO (PLATTS) - ICE FUTURES ENERGY DIV,260922,2026-09-22,02141B,IFED,01,021 ,   29366,   13133,   25126,    2102,     389,     191,       0,       0,     147,   10802,     426,    2979,   29354,   29258,      12,     108,   29366,   13133,   25126,    2102,     389,     191,       0,       0,     147,   10802,     426,    2979,   29354,   29258,      12,     108,       0,       0,       0,       0,       0,       0,       0,       0,       0,       0,       0,       0,       0,       0,       0,       0,    -492,    -761,    -542,     254,     -12,     -10,       0,       0,       0,     -64,     -17,      89,    -492,    -492,       0,       0,  100.0,   44.7,   85.6,    7.2,    1.3,    0.7,    0.0,    0.0,    0.5,   36.8,    1.5,   10.1,  100.0,   99.6,    0.0,    0.4,  100.0,   44.7,   85.6,    7.2,    1.3,    0.7,    0.0,    0.0,    0.5,   36.8,    1.5,   10.1,  100.0,   99.6,    0.0,    0.4,  100.0,    0.0,    0.0,    0.0,    0.0,    0.0,    0.0,    0.0,    0.0,    0.0,    0.0,    0.0,    0.0,    0.0,    0.0,    0.0,     58,     30,     37,.,      4,      4,      0,      0,.,      9,.,      6,     48,     49,     58,     30,     37,.,      4,      4,      0,      0,.,      9,.,      6,     48,     49,      0,      0,      0,      0,      0,      0,      0,      0,      0,      0,      0,      0,      0,      0,    49.3,    34.9,    67.6,    53.0,    35.7,    22.6,    47.5,    34.2,    49.3,    34.9,    67.6,    53.0,    35.7,    22.6,    47.5,    34.2,     0.0,     0.0,     0.0,     0.0,     0.0,     0.0,     0.0,     0.0,(1000 barrels),02141B,IFED,021 ,N10,FutOnly
FUEL OIL-3% USGC/3.5% FOB RDAM - ICE FUTURES ENERGY DIV,260922,2026-09-22,02141C,IFED,01,021 ,   19696,   12553,    7870,    3743,    1191,     210,       0,    2760,       0,     787,    5260,    2396,   19689,   19687,       7,       9,   19696,   12553,    7870,    3743,    1191,     210,       0,    2760,       0,     787,    5260,    2396,   19689,   19687,       7,       9,       0,       0,       0,       0,       0,       0,       0,       0,       0,       0,       0,       0,       0,       0,       0,       0,     935,    1305,     296,       0,     154,       0,       0,       0,       0,    -375,     480,       5,     935,     935,       0,       0,  100.0,   63.7,   40.0,   19.0,    6.0,    1.1,    0.0,   14.0,    0.0,    4.0,   26.7,   12.2,  100.0,  100.0,    0.0,    0.0,  100.0,   63.7,   40.0,   19.0,    6.0,    1.1,    0.0,   14.0,    0.0,    4.0,   26.7,   12.2,  100.0,  100.0,    0.0,    0.0,  100.0,    0.0,    0.0,    0.0,    0.0,    0.0,    0.0,    0.0,    0.0,    0.0,    0.0,    0.0,    0.0,    0.0,    0.0,    0.0,     42,     22,     18,      4,.,.,      0,.,      0,.,      6,      5,     32,     30,     42,     22,     18,      4,.,.,      0,.,      0,.,      6,      5,     32,     30,      0,      0,      0,      0,      0,      0,      0,      0,      0,      0,      0,      0,      0,      0,    40.2,    60.1,    67.1,    80.6,    40.0,    49.5,    55.9,    65.2,    40.2,    60.1,    67.1,    80.6,    40.0,    49.5,    55.9,    65.2,     0.0,     0.0,     0.0,     0.0,     0.0,     0.0,     0.0,     0.0,(1000 barrels),02141C,IFED,021 ,N10,FutOnly
USGC HSFO-PLATTS/BRENT 1ST LN  - ICE FUTURES ENERGY DIV,260922,2026-09-22,02141R,IFED,01,021 ,   13442,   11320,    4737,     315,    1912,       0,       0,       0,       0,     511,    5493,    1207,   13353,   13349,      89,      93,   13442,   11320,    4737,     315,    1912,       0,       0,       0,       0,     511,    5493,    1207,   13353,   13349,      89,      93,       0,       0,       0,       0,       0,       0,       0,       0,       0,       0,       0,       0,       0,       0,       0,       0,     -31,     -53,     455,      22,     113,       0,       0,       0,       0,     454,    -145,    -454,     -31,     -31,       0,       0,  100.0,   84.2,   35.2,    2.3,   14.2,    0.0,    0.0,    0.0,    0.0,    3.8,   40.9,    9.0,   99.3,   99.3,    0.7,    0.7,  100.0,   84.2,   35.2,    2.3,   14.2,    0.0,    0.0,    0.0,    0.0,    3.8,   40.9,    9.0,   99.3,   99.3,    0.7,    0.7,  100.0,    0.0,    0.0,    0.0,    0.0,    0.0,    0.0,    0.0,    0.0,    0.0,    0.0,    0.0,    0.0,    0.0,    0.0,    0.0,     39,     23,     14,.,.,      0,      0,      0,      0,.,      5,.,     29,     21,     39,     23,     14,.,.,      0,      0,      0,      0,.,      5,.,     29,     21,      0,      0,      0,      0,      0,      0,      0,      0,      0,      0,      0,      0,      0,      0,    61.8,    55.2,    77.4,    78.6,    57.2,    55.2,    67.1,    68.7,    61.8,    55.2,    77.4,    78.6,    57.2,    55.2,    67.1,    68.7,     0.0,     0.0,     0.0,     0.0,     0.0,     0.0,     0.0,     0.0,(1000 Barrels),02141R,IFED,021 ,N10,FutOnly
NY HARBOR ULSD - NEW YORK MERCANTILE EXCHANGE,260922,2026-09-22,022651,NYME,01,022 ,  274811,   61778,  144909,   57451,    6077,    9584,   35142,   25705,   19948,    9726,    8532,   29941,  223570,  244696,   51241,   30115,  274811,   61778,  144909,   57451,    6077,    9584,   35142,   25705,   19948,    9726,    8532,   29941,  223570,  244696,   51241,   30115,       0,       0,       0,       0,       0,       0,       0,       0,       0,       0,       0,       0,       0,       0,       0,       0,   -2219,    -715,   -1669,    1193,    -355,     -81,     -85,    3178,     -70,    1001,   -3940,   -1246,      -3,   -4183,   -2216,    1964,  100.0,   22.5,   52.7,   20.9,    2.2,    3.5,   12.8,    9.4,    7.3,    3.5,    3.1,   10.9,   81.4,   89.0,   18.6,   11.0,  100.0,   22.5,   52.7,   20.9,    2.2,    3.5,   12.8,    9.4,    7.3,    3.5,    3.1,   10.9,   81.4,   89.0,   18.6,   11.0,  100.0,    0.0,    0.0,    0.0,    0.0,    0.0,    0.0,    0.0,    0.0,    0.0,    0.0,    0.0,    0.0,    0.0,    0.0,    0.0,    165,     46,     64,     16,      6,     13,     30,     17,     26,     13,     15,     23,    136,    135,    165,     46,     64,     16,      6,     13,     30,     17,     26,     13,     15,     23,    136,    135,      0,      0,      0,      0,      0,      0,      0,      0,      0,      0,      0,      0,      0,      0,    13.8,    18.2,    22.4,    29.3,    11.6,    14.1,    17.2,    19.9,    13.8,    18.2,    22.4,    29.3,    11.6,    14.1,    17.2,    19.9,     0.0,     0.0,     0.0,     0.0,     0.0,     0.0,     0.0,     0.0,"(CONTRACTS OF 42,000 U.S. GALLONS)",022651,NYME,022 ,N10,FutOnly
NAT GAS ICE LD1 - ICE FUTURES ENERGY DIV,260922,2026-09-22,023391,IFED,01,023 , 8014941, 4498431, 2418226,  865146, 3055139,  332162,  578727,  417959,  917590,  184560,  255733,  597036, 7973652, 7993845,   41289,   21096, 8014941, 4498431, 2418226,  865146, 3055139,  332162,  578727,  417959,  917590,  184560,  255733,  597036, 7973652, 7993845,   41289,   21096,       0,       0,       0,       0,       0,       0,       0,       0,       0,       0,       0,       0,       0,       0,       0,       0,   18965,   62414,    6565,   20230,   73118,  -12117,  -98171,  -69238,   14839,    2038,  -22122,   27097,   16330,   18142,    2635,     823,  100.0,   56.1,   30.2,   10.8,   38.1,    4.1,    7.2,    5.2,   11.4,    2.3,    3.2,    7.4,   99.5,   99.7,    0.5,    0.3,  100.0,   56.1,   30.2,   10.8,   38.1,    4.1,    7.2,    5.2,   11.4,    2.3,    3.2,    7.4,   99.5,   99.7,    0.5,    0.3,  100.0,    0.0,    0.0,    0.0,    0.0,    0.0,    0.0,    0.0,    0.0,    0.0,    0.0,    0.0,    0.0,    0.0,    0.0,    0.0,    279,    146,    114,     23,     20,     24,     16,     10,     26,     27,     28,     46,    261,    220,    279,    146,    114,     23,     20,     24,     16,     10,     26,     27,     28,     46,    261,    220,      0,      0,      0,      0,      0,      0,      0,      0,      0,      0,      0,      0,      0,      0,    21.8,    33.2,    34.2,    48.5,    17.0,    30.3,    28.0,    43.6,    21.8,    33.2,    34.2,    48.5,    17.0,    30.3,    28.0,    43.6,     0.0,     0.0,     0.0,     0.0,     0.0,     0.0,     0.0,     0.0,"(Contracts of 2,500  MMBTU'S)",023391,IFED,023 ,N13,FutOnly
NAT GAS ICE PEN - ICE FUTURES ENERGY DIV,260922,2026-09-22,023392,IFED,01,023 ,  725841,   80507,  108068,  210145,   51753,  131347,   54774,  187341,   97721,   67268,   65352,   83547,  725309,  725129,     532,     712,  725841,   80507,  108068,  210145,   51753,  131347,   54774,  187341,   97721,   67268,   65352,   83547,  725309,  725129,     532,     712,       0,       0,       0,       0,       0,       0,       0,       0,       0,       0,       0,       0,       0,       0,       0,       0,   19471,    2372,    6964,   -1456,  -15353,    2371,   27992,   35890,  -19489,   -1838,    -577,    9539,   19491,   19345,     -20,     126,  100.0,   11.1,   14.9,   29.0,    7.1,   18.1,    7.5,   25.8,   13.5,    9.3,    9.0,   11.5,   99.9,   99.9,    0.1,    0.1,  100.0,   11.1,   14.9,   29.0,    7.1,   18.1,    7.5,   25.8,   13.5,    9.3,    9.0,   11.5,   99.9,   99.9,    0.1,    0.1,  100.0,    0.0,    0.0,    0.0,    0.0,    0.0,    0.0,    0.0,    0.0,    0.0,    0.0,    0.0,    0.0,    0.0,    0.0,    0.0,     77,     17,     18,     12,      6,     16,      9,      5,     10,     16,      7,     17,     68,     65,     77,     17,     18,     12,      6,     16,      9,      5,     10,     16,      7,     17,     68,     65,      0,      0,      0,      0,      0,      0,      0,      0,      0,      0,      0,      0,      0,      0,    37.9,    48.8,    58.1,    68.2,    24.2,    34.3,    33.5,    41.2,    37.9,    48.8,    58.1,    68.2,    24.2,    34.3,    33.5,    41.2,     0.0,     0.0,     0.0,     0.0,     0.0,     0.0,     0.0,     0.0,"(Contracts of 2,500  MMBTU'S)",023392,IFED,023 ,N13,FutOnly
SOCAL BORDER FIN BASIS - ICE FUTURES ENERGY DIV,260922,2026-09-22,023393,IFED,01,023 ,  270554,  153844,  208688,   60079,   14029,   13944,   17621,   13405,    4640,    3643,    2009,    3400,  257171,  260115,   13383,   10439,  270554,  153844,  208688,   60079,   14029,   13944,   17621,   13405,    4640,    3643,    2009,    3400,  257171,  260115,   13383,   10439,       0,       0,       0,       0,       0,       0,       0,       0,       0,       0,       0,       0,       0,       0,       0,       0,     710,    1618,   -1104,    -480,     494,   -1487,    3008,    3626,    -840,      42,     428,    -522,    1339,     595,    -629,     115,  100.0,   56.9,   77.1,   22.2,    5.2,    5.2,    6.5,    5.0,    1.7,    1.3,    0.7,    1.3,   95.1,   96.1,    4.9,    3.9,  100.0,   56.9,   77.1,   22.2,    5.2,    5.2,    6.5,    5.0,    1.7,    1.3,    0.7,    1.3,   95.1,   96.1,    4.9,    3.9,  100.0,    0.0,    0.0,    0.0,    0.0,    0.0,    0.0,    0.0,    0.0,    0.0,    0.0,    0.0,    0.0,    0.0,    0.0,    0.0,     53,     27,     27,      5,.,      5,.,      4,      5,.,.,.,     45,     43,     53,     27,     27,      5,.,      5,.,      4,      5,.,.,.,     45,     43,      0,      0,      0,      0,      0,      0,      0,      0,      0,      0,      0,      0,      0,      0,    42.2,    55.1,    58.5,    67.2,    40.8,    52.1,    56.0,    62.7,    42.2,    55.1,    58.5,    67.2,    40.8,    52.1,    56.0,    62.7,     0.0,     0.0,     0.0,     0.0,     0.0,     0.0,     0.0,     0.0,"(Contracts of 2,500  MMBTU'S)",023393,IFED,023 ,N13,FutOnly
PG&E CITYGATE FIN BASIS - ICE FUTURES ENERGY DIV,260922,2026-09-22,023394,IFED,01,023 ,  188813,  146774,  138427,   15443,   28503,    6082,     330,    4032,    7048,    3123,     673,     586,  179386,  185351,    9427,    3462,  188813,  146774,  138427,   15443,   28503,    6082,     330,    4032,    7048,    3123,     673,     586,  179386,  185351,    9427,    3462,       0,       0,       0,       0,       0,       0,       0,       0,       0,       0,       0,       0,       0,       0,       0,       0,     516,   -2043,   -2142,    -155,    1453,     540,     -65,     526,     666,    1384,    -120,    -420,     -93,     503,     609,      13,  100.0,   77.7,   73.3,    8.2,   15.1,    3.2,    0.2,    2.1,    3.7,    1.7,    0.4,    0.3,   95.0,   98.2,    5.0,    1.8,  100.0,   77.7,   73.3,    8.2,   15.1,    3.2,    0.2,    2.1,    3.7,    1.7,    0.4,    0.3,   95.0,   98.2,    5.0,    1.8,  100.0,    0.0,    0.0,    0.0,    0.0,    0.0,    0.0,    0.0,    0.0,    0.0,    0.0,    0.0,    0.0,    0.0,    0.0,    0.0,     49,     27,     23,      6,.,      9,.,      8,      6,.,.,.,     45,     43,     49,     27,     23,      6,.,      9,.,      8,      6,.,.,.,     45,     43,      0,      0,      0,      0,      0,      0,      0,      0,      0,      0,      0,      0,      0,      0,    50.0,    64.3,    62.9,    78.9,    50.0,    58.4,    61.9,    70.8,    50.0,    64.3,    62.9,    78.9,    50.0,    58.4,    61.9,    70.8,     0.0,     0.0,     0.0,     0.0,     0.0,     0.0,     0.0,     0.0,"(Contracts of 2,500  MMBTU'S)",023394,IFED,023 ,N13,FutOnly
NWP ROCKIES FIN BASIS - ICE FUTURES ENERGY DIV,260922,2026-09-22,023395,IFED,01,023 ,  397344,  263844,  221325,   69575,  122993,   17496,   26146,    3906,    5064,     673,   12780,    3289,  386087,  386853,   11257,   10491,  397344,  263844,  221325,   69575,  122993,   17496,   26146,    3906,    5064,     673,   12780,    3289,  386087,  386853,   11257,   10491,       0,       0,       0,       0,       0,       0,       0,       0,       0,       0,       0,       0,       0,       0,       0,       0,    7889,    6124,    7535,    1268,   -3466,     200,    -101,      -4,    1917,     283,    3537,    -212,    9479,    9507,   -1590,   -1618,  100.0,   66.4,   55.7,   17.5,   31.0,    4.4,    6.6,    1.0,    1.3,    0.2,    3.2,    0.8,   97.2,   97.4,    2.8,    2.6,  100.0,   66.4,   55.7,   17.5,   31.0,    4.4,    6.6,    1.0,    1.3,    0.2,    3.2,    0.8,   97.2,   97.4,    2.8,    2.6,  100.0,    0.0,    0.0,    0.0,    0.0,    0.0,    0.0,    0.0,    0.0,    0.0,    0.0,    0.0,    0.0,    0.0,    0.0,    0.0,     72,     32,     29,      9,      8,     11,      7,.,.,.,      4,.,     58,     52,     72,     32,     29,      9,      8,     11,      7,.,.,.,      4,.,     58,     52,      0,      0,      0,      0,      0,      0,      0,      0,      0,      0,      0,      0,      0,      0,    49.8,    40.7,    64.9,    60.2,    39.4,    36.9,    52.4,    49.6,    49.8,    40.7,    64.9,    60.2,    39.4,    36.9,    52.4,    49.6,     0.0,     0.0,     0.0,     0.0,     0.0,     0.0,     0.0,     0.0,"(Contracts of 2,500  MMBTU'S)",023395,IFED,023 ,N13,FutOnly
AECO FIN BASIS - ICE FUTURES ENERGY DIV,260922,2026-09-22,023396,IFED,01,023 ,  955760,  815712,  218881,   57368,  687317,   24756,   11347,    5798,    8884,   18091,    2970,    2376,  938534,  950982,   17226,    4778,  955760,  815712,  218881,   57368,  687317,   24756,   11347,    5798,    8884,   18091,    2970,    2376,  938534,  950982,   17226,    4778,       0,       0,       0,       0,       0,       0,       0,       0,       0,       0,       0,       0,       0,       0,       0,       0,    5812,    5030,   -5033,    2326,   11606,    -723,   -1592,    -480,     480,    -165,     543,     391,    5747,    6784,      65,    -972,  100.0,   85.3,   22.9,    6.0,   71.9,    2.6,    1.2,    0.6,    0.9,    1.9,    0.3,    0.2,   98.2,   99.5,    1.8,    0.5,  100.0,   85.3,   22.9,    6.0,   71.9,    2.6,    1.2,    0.6,    0.9,    1.9,    0.3,    0.2,   98.2,   99.5,    1.8,    0.5,  100.0,    0.0,    0.0,    0.0,    0.0,    0.0,    0.0,    0.0,    0.0,    0.0,    0.0,    0.0,    0.0,    0.0,    0.0,    0.0,     62,     34,     21,      5,      8,      7,      4,      6,      6,.,.,.,     54,     42,     62,     34,     21,      5,      8,      7,      4,      6,      6,.,.,.,     54,     42,      0,      0,      0,      0,      0,      0,      0,      0,      0,      0,      0,      0,      0,      0,    44.3,    53.7,    58.9,    78.7,    39.7,    53.6,    52.6,    74.4,    44.3,    53.7,    58.9,    78.7,    39.7,    53.6,    52.6,    74.4,     0.0,     0.0,     0.0,     0.0,     0.0,     0.0,     0.0,     0.0,"(Contracts of 2,500  MMBTU'S)",023396,IFED,023 ,N13,FutOnly
CHICAGO FIN BASIS - ICE FUTURES ENERGY DIV,260922,2026-09-22,023397,IFED,01,023 ,  375272,  277778,  312910,   54497,   27181,    7455,   17235,    8914,    2938,    3945,    1353,    3909,  367757,  364660,    7515,   10612,  375272,  277778,  312910,   54497,   27181,    7455,   17235,    8914,    2938,    3945,    1353,    3909,  367757,  364660,    7515,   10612,       0,       0,       0,       0,       0,       0,       0,       0,       0,       0,       0,       0,       0,       0,       0,       0,   22165,   15199,   11155,     134,     918,    3204,    1601,    5866,     667,     152,    -798,    1403,   22360,   22415,    -195,    -250,  100.0,   74.0,   83.4,   14.5,    7.2,    2.0,    4.6,    2.4,    0.8,    1.1,    0.4,    1.0,   98.0,   97.2,    2.0,    2.8,  100.0,   74.0,   83.4,   14.5,    7.2,    2.0,    4.6,    2.4,    0.8,    1.1,    0.4,    1.0,   98.0,   97.2,    2.0,    2.8,  100.0,    0.0,    0.0,    0.0,    0.0,    0.0,    0.0,    0.0,    0.0,    0.0,    0.0,    0.0,    0.0,    0.0,    0.0,    0.0,     66,     33,     28,      9,.,      6,      6,      5,.,.,.,.,     55,     47,     66,     33,     28,      9,.,      6,      6,      5,.,.,.,.,     55,     47,      0,      0,      0,      0,      0,      0,      0,      0,      0,      0,      0,      0,      0,      0,    41.5,    33.0,    58.5,    56.1,    31.7,    27.7,    41.7,    41.6,    41.5,    33.0,    58.5,    56.1,    31.7,    27.7,    41.7,    41.6,     0.0,     0.0,     0.0,     0.0,     0.0,     0.0,     0.0,     0.0,"(Contracts of 2,500  MMBTU'S)",023397,IFED,023 ,N13,FutOnly
HSC FIN BASIS - ICE FUTURES ENERGY DIV,260922,2026-09-22,023398,IFED,01,023 ,  878027,  562968,  518433,  233028,  130502,   37785,    5382,  131768,   20894,    6719,   27285,    5386,  872162,  872053,    5865,    5974,  878027,  562968,  518433,  233028,  130502,   37785,    5382,  131768,   20894,    6719,   27285,    5386,  872162,  872053,    5865,    5974,       0,       0,       0,       0,       0,       0,       0,       0,       0,       0,       0,       0,       0,       0,       0,       0,   22881,   15190,   -4797,    2738,    -796,    6515,    1122,   14872,    2694,   -6722,    2919,    1284,   22821,   22691,      60,     190,  100.0,   64.1,   59.0,   26.5,   14.9,    4.3,    0.6,   15.0,    2.4,    0.8,    3.1,    0.6,   99.3,   99.3,    0.7,    0.7,  100.0,   64.1,   59.0,   26.5,   14.9,    4.3,    0.6,   15.0,    2.4,    0.8,    3.1,    0.6,   99.3,   99.3,    0.7,    0.7,  100.0,    0.0,    0.0,    0.0,    0.0,    0.0,    0.0,    0.0,    0.0,    0.0,    0.0,    0.0,    0.0,    0.0,    0.0,    0.0,     97,     44,     40,      9,     12,     11,      4,     13,      6,.,      4,.,     71,     78,     97,     44,     40,      9,     12,     11,      4,     13,      6,.,      4,.,     71,     78,      0,      0,      0,      0,      0,      0,      0,      0,      0,      0,      0,      0,      0,      0,    29.8,    26.4,    50.6,    41.7,    29.2,    26.0,    47.7,    40.3,    29.8,    26.4,    50.6,    41.7,    29.2,    26.0,    47.7,    40.3,     0.0,     0.0,     0.0,     0.0,     0.0,     0.0,     0.0,     0.0,"(Contracts of 2,500  MMBTU'S)",023398,IFED,023 ,N13,FutOnly
WAHA FIN BASIS - ICE FUTURES ENERGY DIV,260922,2026-09-22,023399,IFED,01,023 ,  747405,  637110,  276227,   24064,  364332,   14232,   24999,   20444,   30383,     248,   23410,   12808,  743844,  741836,    3561,    5569,  747405,  637110,  276227,   24064,  364332,   14232,   24999,   20444,   30383,     248,   23410,   12808,  743844,  741836,    3561,    5569,       0,       0,       0,       0,       0,       0,       0,       0,       0,       0,       0,       0,       0,       0,       0,       0,    9323,   12116,    7424,    1181,    3841,     135,      -7,    6889,   -4691,     248,   -2523,     503,    9485,   11578,    -162,   -2255,  100.0,   85.2,   37.0,    3.2,   48.7,    1.9,    3.3,    2.7,    4.1,    0.0,    3.1,    1.7,   99.5,   99.3,    0.5,    0.7,  100.0,   85.2,   37.0,    3.2,   48.7,    1.9,    3.3,    2.7,    4.1,    0.0,    3.1,    1.7,   99.5,   99.3,    0.5,    0.7,  100.0,    0.0,    0.0,    0.0,    0.0,    0.0,    0.0,    0.0,    0.0,    0.0,    0.0,    0.0,    0.0,    0.0,    0.0,    0.0,     84,     45,     29,      5,     16,     13,      5,      5,      7,.,      5,      4,     72,     63,     84,     45,     29,      5,     16,     13,      5,      5,      7,.,      5,      4,     72,     63,      0,      0,      0,      0,      0,      0,      0,      0,      0,      0,      0,      0,      0,      0,    30.0,    41.7,    48.5,    59.3,    23.4,    34.1,    39.2,    50.2,    30.0,    41.7,    48.5,    59.3,    23.4,    34.1,    39.2,    50.2,     0.0,     0.0,     0.0,     0.0,     0.0,     0.0,     0.0,     0.0,"(Contracts of 2,500  MMBTU'S)",023399,IFED,023 ,N13,FutOnly
ALGONQUIN CITYGATES BASIS - ICE FUTURES ENERGY DIV,260922,2026-09-22,02339E,IFED,01,023 ,  110594,   84632,   93235,   15919,       0,     153,    3345,    3248,       0,    1571,    5792,     585,  106205,  103013,    4389,    7581,  110594,   84632,   93235,   15919,       0,     153,    3345,    3248,       0,    1571,    5792,     585,  106205,  103013,    4389,    7581,       0,       0,       0,       0,       0,       0,       0,       0,       0,       0,       0,       0,       0,       0,       0,       0,    1111,     796,     431,    -155,       0,       0,     192,     240,       0,    -326,     181,     120,     627,     972,     484,     139,  100.0,   76.5,   84.3,   14.4,    0.0,    0.1,    3.0,    2.9,    0.0,    1.4,    5.2,    0.5,   96.0,   93.1,    4.0,    6.9,  100.0,   76.5,   84.3,   14.4,    0.0,    0.1,    3.0,    2.9,    0.0,    1.4,    5.2,    0.5,   96.0,   93.1,    4.0,    6.9,  100.0,    0.0,    0.0,    0.0,    0.0,    0.0,    0.0,    0.0,    0.0,    0.0,    0.0,    0.0,    0.0,    0.0,    0.0,    0.0,     32,     10,     14,      4,      0,.,.,.,      0,.,.,.,     18,     22,     32,     10,     14,      4,      0,.,.,.,      0,.,.,.,     18,     22,      0,      0,      0,      0,      0,      0,      0,      0,      0,      0,      0,      0,      0,      0,    67.8,    56.4,    84.6,    77.6,    66.6,    54.8,    77.3,    72.5,    67.8,    56.4,    84.6,    77.6,    66.6,    54.8,    77.3,    72.5,     0.0,     0.0,     0.0,     0.0,     0.0,     0.0,     0.0,     0.0,"(Contracts of 2,500  MMBTU'S)",02339E,IFED,023 ,N13,FutOnly
CG-MAINLINE FINANCIAL INDEX - ICE FUTURES ENERGY DIV,260922,2026-09-22,02339P,IFED,01,023 ,   40042,   31674,   28546,    2750,    1580,       0,    2182,    7920,     638,    1828,       0,       0,   39072,   38684,     970,    1358,   40042,   31674,   28546,    2750,    1580,       0,    2182,    7920,     638,    1828,       0,       0,   39072,   38684,     970,    1358,       0,       0,       0,       0,       0,       0,       0,       0,       0,       0,       0,       0,       0,       0,       0,       0,    7099,    7000,    4959,     155,     620,       0,    -638,    1002,     638,     248,       0,       0,    7403,    7219,    -304,    -120,  100.0,   79.1,   71.3,    6.9,    3.9,    0.0,    5.4,   19.8,    1.6,    4.6,    0.0,    0.0,   97.6,   96.6,    2.4,    3.4,  100.0,   79.1,   71.3,    6.9,    3.9,    0.0,    5.4,   19.8,    1.6,    4.6,    0.0,    0.0,   97.6,   96.6,    2.4,    3.4,  100.0,    0.0,    0.0,    0.0,    0.0,    0.0,    0.0,    0.0,    0.0,    0.0,    0.0,    0.0,    0.0,    0.0,    0.0,    0.0,     31,     11,     15,.,.,      0,.,.,.,.,      0,      0,     16,     20,     31,     11,     15,.,.,      0,.,.,.,.,      0,      0,     16,     20,      0,      0,      0,      0,      0,      0,      0,      0,      0,      0,      0,      0,      0,      0,    65.4,    45.2,    83.5,    74.6,    64.6,    45.2,    82.5,    74.6,    65.4,    45.2,    83.5,    74.6,    64.6,    45.2,    82.5,    74.6,     0.0,     0.0,     0.0,     0.0,     0.0,     0.0,     0.0,     0.0,"(Contracts of 2,500  MMBTU'S)",02339P,IFED,023 ,N13,FutOnly
CHICAGO CITYGATE (INDEX) - ICE FUTURES ENERGY DIV,260922,2026-09-22,02339Q,IFED,01,023 ,  101234,   59473,   88274,   35326,    2795,    1485,     787,    4885,    1205,     310,     589,       0,   98586,   99233,    2648,    2001,  101234,   59473,   88274,   35326,    2795,    1485,     787,    4885,    1205,     310,     589,       0,   98586,   99233,    2648,    2001,       0,       0,       0,       0,       0,       0,       0,       0,       0,       0,       0,       0,       0,       0,       0,       0,   10653,    7936,    6245,    1272,     327,    -327,     217,    3302,     455,       0,     589,       0,    9553,   10591,    1100,      62,  100.0,   58.7,   87.2,   34.9,    2.8,    1.5,    0.8,    4.8,    1.2,    0.3,    0.6,    0.0,   97.4,   98.0,    2.6,    2.0,  100.0,   58.7,   87.2,   34.9,    2.8,    1.5,    0.8,    4.8,    1.2,    0.3,    0.6,    0.0,   97.4,   98.0,    2.6,    2.0,  100.0,    0.0,    0.0,    0.0,    0.0,    0.0,    0.0,    0.0,    0.0,    0.0,    0.0,    0.0,    0.0,    0.0,    0.0,    0.0,     41,     18,     17,      7,.,.,.,.,.,.,.,      0,     30,     22,     41,     18,     17,      7,.,.,.,.,.,.,.,      0,     30,     22,      0,      0,      0,      0,      0,      0,      0,      0,      0,      0,      0,      0,      0,      0,    50.0,    61.7,    68.1,    78.7,    48.5,    52.7,    63.6,    65.8,    50.0,    61.7,    68.1,    78.7,    48.5,    52.7,    63.6,    65.8,     0.0,     0.0,     0.0,     0.0,     0.0,     0.0,     0.0,     0.0,"(Contracts of 2,500  MMBTU'S)",02339Q,IFED,023 ,N13,FutOnly
CIG ROCKIES FINANCIAL INDEX - ICE FUTURES ENERGY DIV,260922,2026-09-22,02339S,IFED,01,023 ,   35992,   29392,   13861,       0,    4430,     270,    3677,   16346,       0,     458,       0,       0,   33797,   34907,    2195,    1085,   35992,   29392,   13861,       0,    4430,     270,    3677,   16346,       0,     458,       0,       0,   33797,   34907,    2195,    1085,       0,       0,       0,       0,       0,       0,       0,       0,       0,       0,       0,       0,       0,       0,       0,       0,    7716,    3751,    1424,       0,       0,       0,    3677,    6197,       0,      62,       0,       0,    7490,    7621,     226,      95,  100.0,   81.7,   38.5,    0.0,   12.3,    0.8,   10.2,   45.4,    0.0,    1.3,    0.0,    0.0,   93.9,   97.0,    6.1,    3.0,  100.0,   81.7,   38.5,    0.0,   12.3,    0.8,   10.2,   45.4,    0.0,    1.3,    0.0,    0.0,   93.9,   97.0,    6.1,    3.0,  100.0,    0.0,    0.0,    0.0,    0.0,    0.0,    0.0,    0.0,    0.0,    0.0,    0.0,    0.0,    0.0,    0.0,    0.0,    0.0,     31,     18,     14,      0,.,.,.,.,      0,.,      0,      0,     22,     19,     31,     18,     14,      0,.,.,.,.,      0,.,      0,      0,     22,     19,      0,      0,      0,      0,      0,      0,      0,      0,      0,      0,      0,      0,      0,      0,    42.4,    65.5,    66.3,    79.2,    27.7,    56.5,    48.2,    66.6,    42.4,    65.5,    66.3,    79.2,    27.7,    56.5,    48.2,    66.6,     0.0,     0.0,     0.0,     0.0,     0.0,     0.0,     0.0,     0.0,"(Contracts of 2,500 MMBTU'S)",02339S,IFED,023 ,N13,FutOnly
CIG ROCKIES BASIS - ICE FUTURES ENERGY DIV,260922,2026-09-22,02339U,IFED,01,023 ,  467994,  414120,  132887,    3004,  209468,   11645,   19492,   98471,    4298,    5705,    1671,    3107,  461371,  461547,    6623,    6447,  467994,  414120,  132887,    3004,  209468,   11645,   19492,   98471,    4298,    5705,    1671,    3107,  461371,  461547,    6623,    6447,       0,       0,       0,       0,       0,       0,       0,       0,       0,       0,       0,       0,       0,       0,       0,       0,   15516,   11041,     474,    -667,    6705,    -173,    6378,    9549,   -1661,    -622,    -696,    1058,   15354,   15256,     162,     260,  100.0,   88.5,   28.4,    0.6,   44.8,    2.5,    4.2,   21.0,    0.9,    1.2,    0.4,    0.7,   98.6,   98.6,    1.4,    1.4,  100.0,   88.5,   28.4,    0.6,   44.8,    2.5,    4.2,   21.0,    0.9,    1.2,    0.4,    0.7,   98.6,   98.6,    1.4,    1.4,  100.0,    0.0,    0.0,    0.0,    0.0,    0.0,    0.0,    0.0,    0.0,    0.0,    0.0,    0.0,    0.0,    0.0,    0.0,    0.0,     67,     35,     20,.,     12,      7,.,     10,      4,      4,.,      4,     52,     49,     67,     35,     20,.,     12,      7,.,     10,      4,      4,.,      4,     52,     49,      0,      0,      0,      0,      0,      0,      0,      0,      0,      0,      0,      0,      0,      0,    45.3,    59.4,    61.0,    78.0,    32.9,    54.6,    46.2,    60.2,    45.3,    59.4,    61.0,    78.0,    32.9,    54.6,    46.2,    60.2,     0.0,     0.0,     0.0,     0.0,     0.0,     0.0,     0.0,     0.0,2500 mmbtu,02339U,IFED,023 ,N13,FutOnly
TCO Basis  - ICE FUTURES ENERGY DIV,260922,2026-09-22,02339W,IFED,01,023 ,  227437,  197045,   32128,   14737,  175023,    8102,       0,    2268,     852,     937,       0,       0,  221673,  218373,    5764,    9064,  227437,  197045,   32128,   14737,  175023,    8102,       0,    2268,     852,     937,       0,       0,  221673,  218373,    5764,    9064,       0,       0,       0,       0,       0,       0,       0,       0,       0,       0,       0,       0,       0,       0,       0,       0,     989,    1490,    -543,    -910,     -30,     717,       0,      64,       0,     937,       0,       0,    2234,     208,   -1245,     781,  100.0,   86.6,   14.1,    6.5,   77.0,    3.6,    0.0,    1.0,    0.4,    0.4,    0.0,    0.0,   97.5,   96.0,    2.5,    4.0,  100.0,   86.6,   14.1,    6.5,   77.0,    3.6,    0.0,    1.0,    0.4,    0.4,    0.0,    0.0,   97.5,   96.0,    2.5,    4.0,  100.0,    0.0,    0.0,    0.0,    0.0,    0.0,    0.0,    0.0,    0.0,    0.0,    0.0,    0.0,    0.0,    0.0,    0.0,    0.0,     44,     19,     10,.,     12,      4,      0,      4,.,.,      0,      0,     26,     28,     44,     19,     10,.,     12,      4,      0,      4,.,.,      0,      0,     26,     28,      0,      0,      0,      0,      0,      0,      0,      0,      0,      0,      0,      0,      0,      0,    52.1,    54.2,    73.0,    77.0,    52.1,    53.7,    71.2,    76.1,    52.1,    54.2,    73.0,    77.0,    52.1,    53.7,    71.2,    76.1,     0.0,     0.0,     0.0,     0.0,     0.0,     0.0,     0.0,     0.0,2500 mm btu,02339W,IFED,023 ,N13,FutOnly
CG Mainline Basis - ICE FUTURES ENERGY DIV,260922,2026-09-22,02339Y,IFED,01,023 ,  338629,  320259,  216342,    1548,   96868,    4079,       0,   16499,    2178,    4306,       0,       0,  332370,  335966,    6259,    2663,  338629,  320259,  216342,    1548,   96868,    4079,       0,   16499,    2178,    4306,       0,       0,  332370,  335966,    6259,    2663,       0,       0,       0,       0,       0,       0,       0,       0,       0,       0,       0,       0,       0,       0,       0,       0,    3741,    3531,    1272,     562,    -223,    -637,       0,    3309,       0,     434,       0,       0,    3890,    3721,    -149,      20,  100.0,   94.6,   63.9,    0.5,   28.6,    1.2,    0.0,    4.9,    0.6,    1.3,    0.0,    0.0,   98.2,   99.2,    1.8,    0.8,  100.0,   94.6,   63.9,    0.5,   28.6,    1.2,    0.0,    4.9,    0.6,    1.3,    0.0,    0.0,   98.2,   99.2,    1.8,    0.8,  100.0,    0.0,    0.0,    0.0,    0.0,    0.0,    0.0,    0.0,    0.0,    0.0,    0.0,    0.0,    0.0,    0.0,    0.0,    0.0,     46,     19,     16,.,     10,      4,      0,      8,.,.,      0,      0,     28,     35,     46,     19,     16,.,     10,      4,      0,      8,.,.,      0,      0,     28,     35,      0,      0,      0,      0,      0,      0,      0,      0,      0,      0,      0,      0,      0,      0,    76.6,    64.6,    88.7,    78.3,    76.3,    63.9,    88.0,    77.5,    76.6,    64.6,    88.7,    78.3,    76.3,    63.9,    88.0,    77.5,     0.0,     0.0,     0.0,     0.0,     0.0,     0.0,     0.0,     0.0,2500 mmbtu,02339Y,IFED,023 ,N13,FutOnly
DOMINION - SOUTH POINT - ICE FUTURES ENERGY DIV,260922,2026-09-22,0233A2,IFED,01,023 ,   45419,   19641,   31310,    9921,    4880,    1050,    7061,    1166,    3390,    2049,     775,      31,   43143,   42602,    2276,    2817,   45419,   19641,   31310,    9921,    4880,    1050,    7061,    1166,    3390,    2049,     775,      31,   43143,   42602,    2276,    2817,       0,       0,       0,       0,       0,       0,       0,       0,       0,       0,       0,       0,       0,       0,       0,       0,    5465,    4285,    2822,      93,     899,       0,     856,     252,     988,       0,     775,       0,    6222,    5736,    -757,    -271,  100.0,   43.2,   68.9,   21.8,   10.7,    2.3,   15.5,    2.6,    7.5,    4.5,    1.7,    0.1,   95.0,   93.8,    5.0,    6.2,  100.0,   43.2,   68.9,   21.8,   10.7,    2.3,   15.5,    2.6,    7.5,    4.5,    1.7,    0.1,   95.0,   93.8,    5.0,    6.2,  100.0,    0.0,    0.0,    0.0,    0.0,    0.0,    0.0,    0.0,    0.0,    0.0,    0.0,    0.0,    0.0,    0.0,    0.0,    0.0,     38,     15,     18,.,.,.,.,.,.,.,.,.,     23,     26,     38,     15,     18,.,.,.,.,.,.,.,.,.,     23,     26,      0,      0,      0,      0,      0,      0,      0,      0,      0,      0,      0,      0,      0,      0,    56.7,    46.3,    74.9,    69.1,    50.0,    39.7,    64.2,    55.6,    56.7,    46.3,    74.9,    69.1,    50.0,    39.7,    64.2,    55.6,     0.0,     0.0,     0.0,     0.0,     0.0,     0.0,     0.0,     0.0,2500 mmbtu,0233A2,IFED,023 ,N13,FutOnly
DOMINION - SOUTH POINT (BASIS) - ICE FUTURES ENERGY DIV,260922,2026-09-22,0233A3,IFED,01,023 ,  750576,  622814,  196547,   11123,  440692,   32628,   34067,   35931,   13621,   15749,   10878,    9721,  739723,  740018,   10853,   10558,  750576,  622814,  196547,   11123,  440692,   32628,   34067,   35931,   13621,   15749,   10878,    9721,  739723,  740018,   10853,   10558,       0,       0,       0,       0,       0,       0,       0,       0,       0,       0,       0,       0,       0,       0,       0,       0,    8177,   10364,    4317,      61,   -2563,   -1941,     178,    3362,     360,   -1185,    2893,    1146,    8983,    7574,    -806,     603,  100.0,   83.0,   26.2,    1.5,   58.7,    4.3,    4.5,    4.8,    1.8,    2.1,    1.4,    1.3,   98.6,   98.6,    1.4,    1.4,  100.0,   83.0,   26.2,    1.5,   58.7,    4.3,    4.5,    4.8,    1.8,    2.1,    1.4,    1.3,   98.6,   98.6,    1.4,    1.4,  100.0,    0.0,    0.0,    0.0,    0.0,    0.0,    0.0,    0.0,    0.0,    0.0,    0.0,    0.0,    0.0,    0.0,    0.0,    0.0,     92,     45,     35,.,     17,     11,.,     12,      7,      4,      6,      7,     72,     75,     92,     45,     35,.,     17,     11,.,     12,      7,      4,      6,      7,     72,     75,      0,      0,      0,      0,      0,      0,      0,      0,      0,      0,      0,      0,      0,      0,    34.4,    36.2,    50.4,    52.9,    33.7,    32.2,    46.9,    48.1,    34.4,    36.2,    50.4,    52.9,    33.7,    32.2,    46.9,    48.1,     0.0,     0.0,     0.0,     0.0,     0.0,     0.0,     0.0,     0.0,2500 mmbtu,0233A3,IFED,023 ,N13,FutOnly
EP SAN JUAN BASIS - ICE FUTURES ENERGY DIV,260922,2026-09-22,0233A8,IFED,01,023 ,  258389,  150128,  187965,   72541,   39321,   16848,    3718,       0,    1224,       0,    5830,    2079,  246538,  253267,   11851,    5122,  258389,  150128,  187965,   72541,   39321,   16848,    3718,       0,    1224,       0,    5830,    2079,  246538,  253267,   11851,    5122,       0,       0,       0,       0,       0,       0,       0,       0,       0,       0,       0,       0,       0,       0,       0,       0,   -1058,    4016,     215,   -1628,   -1813,     743,    1023,       0,    -217,    -496,     139,    -139,    3302,   -1072,   -4360,      14,  100.0,   58.1,   72.7,   28.1,   15.2,    6.5,    1.4,    0.0,    0.5,    0.0,    2.3,    0.8,   95.4,   98.0,    4.6,    2.0,  100.0,   58.1,   72.7,   28.1,   15.2,    6.5,    1.4,    0.0,    0.5,    0.0,    2.3,    0.8,   95.4,   98.0,    4.6,    2.0,  100.0,    0.0,    0.0,    0.0,    0.0,    0.0,    0.0,    0.0,    0.0,    0.0,    0.0,    0.0,    0.0,    0.0,    0.0,    0.0,     37,     16,     14,      7,      4,      7,.,      0,.,      0,.,.,     29,     26,     37,     16,     14,      7,      4,      7,.,      0,.,      0,.,.,     29,     26,      0,      0,      0,      0,      0,      0,      0,      0,      0,      0,      0,      0,      0,      0,    54.3,    69.5,    74.3,    84.2,    42.3,    50.9,    53.7,    60.8,    54.3,    69.5,    74.3,    84.2,    42.3,    50.9,    53.7,    60.8,     0.0,     0.0,     0.0,     0.0,     0.0,     0.0,     0.0,     0.0,2500 mmbtu,0233A8,IFED,023 ,N13,FutOnly
FLORIDA GAS-ZONE 3 BASIS - ICE FUTURES ENERGY DIV,260922,2026-09-22,0233A9,IFED,01,023 ,   19799,    8384,    9322,    4534,    5781,    1347,    1302,       0,       0,     774,     986,      89,   16430,   17525,    3369,    2274,   19799,    8384,    9322,    4534,    5781,    1347,    1302,       0,       0,     774,     986,      89,   16430,   17525,    3369,    2274,       0,       0,       0,       0,       0,       0,       0,       0,       0,       0,       0,       0,       0,       0,       0,       0,.,.,.,.,.,.,.,.,.,.,.,.,.,.,.,.,  100.0,   42.3,   47.1,   22.9,   29.2,    6.8,    6.6,    0.0,    0.0,    3.9,    5.0,    0.4,   83.0,   88.5,   17.0,   11.5,  100.0,   42.3,   47.1,   22.9,   29.2,    6.8,    6.6,    0.0,    0.0,    3.9,    5.0,    0.4,   83.0,   88.5,   17.0,   11.5,  100.0,    0.0,    0.0,    0.0,    0.0,    0.0,    0.0,    0.0,    0.0,    0.0,    0.0,    0.0,    0.0,    0.0,    0.0,    0.0,     20,      6,     10,.,.,.,.,      0,      0,.,.,.,     13,     16,     20,      6,     10,.,.,.,.,      0,      0,.,.,.,     13,     16,      0,      0,      0,      0,      0,      0,      0,      0,      0,      0,      0,      0,      0,      0,    54.0,    52.7,    76.5,    71.6,    50.5,    47.2,    62.2,    61.9,    54.0,    52.7,    76.5,    71.6,    50.5,    47.2,    62.2,    61.9,     0.0,     0.0,     0.0,     0.0,     0.0,     0.0,     0.0,     0.0,2500 mmbtu,0233A9,IFED,023 ,N13,FutOnly
HENRY HUB BASIS - ICE FUTURES ENERGY DIV,260922,2026-09-22,0233AG,IFED,01,023 ,  126936,   30448,   94442,   51456,    1080,    1045,   37187,   20148,     930,    3813,    8184,     521,  125400,  126350,    1536,     586,  126936,   30448,   94442,   51456,    1080,    1045,   37187,   20148,     930,    3813,    8184,     521,  125400,  126350,    1536,     586,       0,       0,       0,       0,       0,       0,       0,       0,       0,       0,       0,       0,       0,       0,       0,       0,   25953,    5206,   17427,    7215,       0,     124,   10040,    3844,       0,    3813,    7285,     521,   26919,   29201,    -966,   -3248,  100.0,   24.0,   74.4,   40.5,    0.9,    0.8,   29.3,   15.9,    0.7,    3.0,    6.4,    0.4,   98.8,   99.5,    1.2,    0.5,  100.0,   24.0,   74.4,   40.5,    0.9,    0.8,   29.3,   15.9,    0.7,    3.0,    6.4,    0.4,   98.8,   99.5,    1.2,    0.5,  100.0,    0.0,    0.0,    0.0,    0.0,    0.0,    0.0,    0.0,    0.0,    0.0,    0.0,    0.0,    0.0,    0.0,    0.0,    0.0,     53,     15,     18,      9,.,.,      5,.,.,.,      6,.,     34,     29,     53,     15,     18,      9,.,.,      5,.,.,.,      6,.,     34,     29,      0,      0,      0,      0,      0,      0,      0,      0,      0,      0,      0,      0,      0,      0,    43.5,    59.3,    63.9,    80.0,    43.5,    59.3,    63.9,    79.8,    43.5,    59.3,    63.9,    80.0,    43.5,    59.3,    63.9,    79.8,     0.0,     0.0,     0.0,     0.0,     0.0,     0.0,     0.0,     0.0,2500 mmbtu,0233AG,IFED,023 ,N13,FutOnly
HENRY HUB INDEX - ICE FUTURES ENERGY DIV,260922,2026-09-22,0233AH,IFED,01,023 ,  160894,   60630,  104589,   47943,       0,    3513,   30650,   33948,    3580,   10428,   11749,    2215,  158959,  159594,    1935,    1300,  160894,   60630,  104589,   47943,       0,    3513,   30650,   33948,    3580,   10428,   11749,    2215,  158959,  159594,    1935,    1300,       0,       0,       0,       0,       0,       0,       0,       0,       0,       0,       0,       0,       0,       0,       0,       0,   25433,    4261,   15479,    7463,       0,    -183,    8633,    2344,    1409,    3578,    5960,     511,   25672,   25520,    -239,     -87,  100.0,   37.7,   65.0,   29.8,    0.0,    2.2,   19.0,   21.1,    2.2,    6.5,    7.3,    1.4,   98.8,   99.2,    1.2,    0.8,  100.0,   37.7,   65.0,   29.8,    0.0,    2.2,   19.0,   21.1,    2.2,    6.5,    7.3,    1.4,   98.8,   99.2,    1.2,    0.8,  100.0,    0.0,    0.0,    0.0,    0.0,    0.0,    0.0,    0.0,    0.0,    0.0,    0.0,    0.0,    0.0,    0.0,    0.0,    0.0,     76,     30,     28,      9,      0,.,      8,.,      6,      6,      6,      4,     55,     48,     76,     30,     28,      9,      0,.,      8,.,      6,      6,      6,      4,     55,     48,      0,      0,      0,      0,      0,      0,      0,      0,      0,      0,      0,      0,      0,      0,    41.8,    47.4,    55.6,    67.1,    41.3,    46.2,    53.5,    64.8,    41.8,    47.4,    55.6,    67.1,    41.3,    46.2,    53.5,    64.8,     0.0,     0.0,     0.0,     0.0,     0.0,     0.0,     0.0,     0.0,2500 mmbtu,0233AH,IFED,023 ,N13,FutOnly
HOUSTON SHIP CHANNEL (INDEX) - ICE FUTURES ENERGY DIV,260922,2026-09-22,0233AM,IFED,01,023 ,  471492,  207940,  242704,  245211,   18029,   10281,    2405,  143057,     707,     713,   53688,     334,  467591,  468800,    3901,    2692,  471492,  207940,  242704,  245211,   18029,   10281,    2405,  143057,     707,     713,   53688,     334,  467591,  468800,    3901,    2692,       0,       0,       0,       0,       0,       0,       0,       0,       0,       0,       0,       0,       0,       0,       0,       0,   11525,    4085,    1059,    4134,    1413,    3275,    1180,    3386,       0,    -279,    2274,       0,   12395,   11407,    -870,     118,  100.0,   44.1,   51.5,   52.0,    3.8,    2.2,    0.5,   30.3,    0.1,    0.2,   11.4,    0.1,   99.2,   99.4,    0.8,    0.6,  100.0,   44.1,   51.5,   52.0,    3.8,    2.2,    0.5,   30.3,    0.1,    0.2,   11.4,    0.1,   99.2,   99.4,    0.8,    0.6,  100.0,    0.0,    0.0,    0.0,    0.0,    0.0,    0.0,    0.0,    0.0,    0.0,    0.0,    0.0,    0.0,    0.0,    0.0,    0.0,     74,     30,     36,     10,.,      5,.,      7,.,.,      6,.,     44,     57,     74,     30,     36,     10,.,      5,.,      7,.,.,      6,.,     44,     57,      0,      0,      0,      0,      0,      0,      0,      0,      0,      0,      0,      0,      0,      0,    56.9,    43.4,    79.1,    57.7,    56.6,    42.9,    78.5,    57.0,    56.9,    43.4,    79.1,    57.7,    56.6,    42.9,    78.5,    57.0,     0.0,     0.0,     0.0,     0.0,     0.0,     0.0,     0.0,     0.0,2500 mmbtu,0233AM,IFED,023 ,N13,FutOnly
MICHCON FINANCIAL INDEX - ICE FUTURES ENERGY DIV,260922,2026-09-22,0233AN,IFED,01,023 ,   15989,   10613,   12074,    3457,       0,       0,       0,    2427,     403,     480,       0,       0,   14953,   14904,    1036,    1085,   15989,   10613,   12074,    3457,       0,       0,       0,    2427,     403,     480,       0,       0,   14953,   14904,    1036,    1085,       0,       0,       0,       0,       0,       0,       0,       0,       0,       0,       0,       0,       0,       0,       0,       0,    1116,      89,    1395,     713,       0,    -248,       0,    -403,     403,       0,       0,       0,     957,    1147,     159,     -31,  100.0,   66.4,   75.5,   21.6,    0.0,    0.0,    0.0,   15.2,    2.5,    3.0,    0.0,    0.0,   93.5,   93.2,    6.5,    6.8,  100.0,   66.4,   75.5,   21.6,    0.0,    0.0,    0.0,   15.2,    2.5,    3.0,    0.0,    0.0,   93.5,   93.2,    6.5,    6.8,  100.0,    0.0,    0.0,    0.0,    0.0,    0.0,    0.0,    0.0,    0.0,    0.0,    0.0,    0.0,    0.0,    0.0,    0.0,    0.0,     24,     11,     10,      4,      0,      0,      0,.,.,.,      0,      0,     17,     12,     24,     11,     10,      4,      0,      0,      0,.,.,.,      0,      0,     17,     12,      0,      0,      0,      0,      0,      0,      0,      0,      0,      0,      0,      0,      0,      0,    56.3,    56.9,    70.7,    81.0,    55.4,    52.8,    68.6,    75.5,    56.3,    56.9,    70.7,    81.0,    55.4,    52.8,    68.6,    75.5,     0.0,     0.0,     0.0,     0.0,     0.0,     0.0,     0.0,     0.0,"(Contracts of 2,500  MMBTU'S)",0233AN,IFED,023 ,N13,FutOnly
MICHCON BASIS - ICE FUTURES ENERGY DIV,260922,2026-09-22,0233AQ,IFED,01,023 ,  197387,  176988,  112415,       0,   51774,    1266,    2000,   18212,    3898,    2045,     345,    2275,  188472,  190185,    8915,    7202,  197387,  176988,  112415,       0,   51774,    1266,    2000,   18212,    3898,    2045,     345,    2275,  188472,  190185,    8915,    7202,       0,       0,       0,       0,       0,       0,       0,       0,       0,       0,       0,       0,       0,       0,       0,       0,   -6396,  -11527,   -7205,       0,   -2630,     258,       0,     594,    2702,    1423,     119,    -685,   -7829,   -6847,    1433,     451,  100.0,   89.7,   57.0,    0.0,   26.2,    0.6,    1.0,    9.2,    2.0,    1.0,    0.2,    1.2,   95.5,   96.4,    4.5,    3.6,  100.0,   89.7,   57.0,    0.0,   26.2,    0.6,    1.0,    9.2,    2.0,    1.0,    0.2,    1.2,   95.5,   96.4,    4.5,    3.6,  100.0,    0.0,    0.0,    0.0,    0.0,    0.0,    0.0,    0.0,    0.0,    0.0,    0.0,    0.0,    0.0,    0.0,    0.0,    0.0,     55,     31,     32,      0,      8,.,.,      8,.,.,.,.,     38,     51,     55,     31,     32,      0,      8,.,.,      8,.,.,.,.,     38,     51,      0,      0,      0,      0,      0,      0,      0,      0,      0,      0,      0,      0,      0,      0,    44.6,    28.7,    58.9,    45.8,    39.0,    25.4,    48.6,    39.5,    44.6,    28.7,    58.9,    45.8,    39.0,    25.4,    48.6,    39.5,     0.0,     0.0,     0.0,     0.0,     0.0,     0.0,     0.0,     0.0,2500 mmbtu,0233AQ,IFED,023 ,N13,FutOnly
NAT GAS LD1 for GDD -TEXOK - ICE FUTURES ENERGY DIV,260922,2026-09-22,0233AT,IFED,01,023 ,  146742,  134287,  123196,    3366,       0,    1812,    5458,   16237,     420,     210,     480,       0,  145553,  142145,    1189,    4597,  146742,  134287,  123196,    3366,       0,    1812,    5458,   16237,     420,     210,     480,       0,  145553,  142145,    1189,    4597,       0,       0,       0,       0,       0,       0,       0,       0,       0,       0,       0,       0,       0,       0,       0,       0,    3654,    3526,    1543,     434,       0,       0,    -406,    -265,     251,       0,       0,       0,    3805,    1529,    -151,    2125,  100.0,   91.5,   84.0,    2.3,    0.0,    1.2,    3.7,   11.1,    0.3,    0.1,    0.3,    0.0,   99.2,   96.9,    0.8,    3.1,  100.0,   91.5,   84.0,    2.3,    0.0,    1.2,    3.7,   11.1,    0.3,    0.1,    0.3,    0.0,   99.2,   96.9,    0.8,    3.1,  100.0,    0.0,    0.0,    0.0,    0.0,    0.0,    0.0,    0.0,    0.0,    0.0,    0.0,    0.0,    0.0,    0.0,    0.0,    0.0,     44,     24,     20,.,      0,.,      4,.,.,.,.,      0,     32,     25,     44,     24,     20,.,      0,.,      4,.,.,.,.,      0,     32,     25,      0,      0,      0,      0,      0,      0,      0,      0,      0,      0,      0,      0,      0,      0,    77.5,    42.4,    90.1,    71.9,    76.3,    41.6,    87.6,    69.9,    77.5,    42.4,    90.1,    71.9,    76.3,    41.6,    87.6,    69.9,     0.0,     0.0,     0.0,     0.0,     0.0,     0.0,     0.0,     0.0,2500 mmbtu,0233AT,IFED,023 ,N13,FutOnly
NATURAL GAS INDEX: EP SAN JUAN - ICE FUTURES ENERGY DIV,260922,2026-09-22,0233AX,IFED,01,023 ,   16158,   11563,   13245,    1097,     923,    1052,     899,       0,       0,       0,       0,       0,   14611,   15220,    1547,     938,   16158,   11563,   13245,    1097,     923,    1052,     899,       0,       0,       0,       0,       0,   14611,   15220,    1547,     938,       0,       0,       0,       0,       0,       0,       0,       0,       0,       0,       0,       0,       0,       0,       0,       0,     899,    -248,     341,     556,      17,     448,     899,       0,       0,       0,       0,       0,    1655,     806,    -756,      93,  100.0,   71.6,   82.0,    6.8,    5.7,    6.5,    5.6,    0.0,    0.0,    0.0,    0.0,    0.0,   90.4,   94.2,    9.6,    5.8,  100.0,   71.6,   82.0,    6.8,    5.7,    6.5,    5.6,    0.0,    0.0,    0.0,    0.0,    0.0,   90.4,   94.2,    9.6,    5.8,  100.0,    0.0,    0.0,    0.0,    0.0,    0.0,    0.0,    0.0,    0.0,    0.0,    0.0,    0.0,    0.0,    0.0,    0.0,    0.0,     23,     12,     12,.,.,.,.,      0,      0,      0,      0,      0,     16,     14,     23,     12,     12,.,.,.,.,      0,      0,      0,      0,      0,     16,     14,      0,      0,      0,      0,      0,      0,      0,      0,      0,      0,      0,      0,      0,      0,    49.1,    45.7,    71.1,    72.9,    40.4,    43.0,    60.6,    64.3,    49.1,    45.7,    71.1,    72.9,    40.4,    43.0,    60.6,    64.3,     0.0,     0.0,     0.0,     0.0,     0.0,     0.0,     0.0,     0.0,2500 MMBtu,0233AX,IFED,023 ,N13,FutOnly
NGPL MIDCONT BASIS - ICE FUTURES ENERGY DIV,260922,2026-09-22,0233AY,IFED,01,023 ,   96659,   85495,   66684,     256,   12688,    2981,       0,     930,       0,       0,       0,       0,   88732,   83283,    7927,   13376,   96659,   85495,   66684,     256,   12688,    2981,       0,     930,       0,       0,       0,       0,   88732,   83283,    7927,   13376,       0,       0,       0,       0,       0,       0,       0,       0,       0,       0,       0,       0,       0,       0,       0,       0,    1921,    1748,    1410,    -396,       0,     272,       0,     642,    -642,       0,       0,       0,     982,    1682,     939,     239,  100.0,   88.5,   69.0,    0.3,   13.1,    3.1,    0.0,    1.0,    0.0,    0.0,    0.0,    0.0,   91.8,   86.2,    8.2,   13.8,  100.0,   88.5,   69.0,    0.3,   13.1,    3.1,    0.0,    1.0,    0.0,    0.0,    0.0,    0.0,   91.8,   86.2,    8.2,   13.8,  100.0,    0.0,    0.0,    0.0,    0.0,    0.0,    0.0,    0.0,    0.0,    0.0,    0.0,    0.0,    0.0,    0.0,    0.0,    0.0,     25,     16,     14,.,.,.,      0,.,      0,      0,      0,      0,     19,     19,     25,     16,     14,.,.,.,      0,.,      0,      0,      0,      0,     19,     19,      0,      0,      0,      0,      0,      0,      0,      0,      0,      0,      0,      0,      0,      0,    66.3,    49.0,    82.1,    72.1,    64.6,    46.9,    74.4,    65.8,    66.3,    49.0,    82.1,    72.1,    64.6,    46.9,    74.4,    65.8,     0.0,     0.0,     0.0,     0.0,     0.0,     0.0,     0.0,     0.0,2500 mmbtu,0233AY,IFED,023 ,N13,FutOnly
NGPL TXOK BASIS - ICE FUTURES ENERGY DIV,260922,2026-09-22,0233B1,IFED,01,023 ,  641007,  583413,  353548,   13699,  160569,   14187,   19071,   91858,    2811,    1262,    5982,    2131,  636574,  631086,    4433,    9921,  641007,  583413,  353548,   13699,  160569,   14187,   19071,   91858,    2811,    1262,    5982,    2131,  636574,  631086,    4433,    9921,       0,       0,       0,       0,       0,       0,       0,       0,       0,       0,       0,       0,       0,       0,       0,       0,   14803,   14844,    4992,   -1042,     399,    1128,   -2915,    7409,     967,    1262,   -1094,     733,   14977,   14534,    -174,     269,  100.0,   91.0,   55.2,    2.1,   25.0,    2.2,    3.0,   14.3,    0.4,    0.2,    0.9,    0.3,   99.3,   98.5,    0.7,    1.5,  100.0,   91.0,   55.2,    2.1,   25.0,    2.2,    3.0,   14.3,    0.4,    0.2,    0.9,    0.3,   99.3,   98.5,    0.7,    1.5,  100.0,    0.0,    0.0,    0.0,    0.0,    0.0,    0.0,    0.0,    0.0,    0.0,    0.0,    0.0,    0.0,    0.0,    0.0,    0.0,     72,     42,     29,.,     10,      7,      5,      4,      4,.,.,.,     58,     52,     72,     42,     29,.,     10,      7,      5,      4,      4,.,.,.,     58,     52,      0,      0,      0,      0,      0,      0,      0,      0,      0,      0,      0,      0,      0,      0,    45.5,    57.3,    62.4,    71.3,    45.4,    56.8,    61.8,    69.6,    45.5,    57.3,    62.4,    71.3,    45.4,    56.8,    61.8,    69.6,     0.0,     0.0,     0.0,     0.0,     0.0,     0.0,     0.0,     0.0,2500 mmbtu,0233B1,IFED,023 ,N13,FutOnly
NNG VENTURA BASIS - ICE FUTURES ENERGY DIV,260922,2026-09-22,0233BB,IFED,01,023 ,  157517,   98162,  148591,   39963,    1387,    1105,       0,    3472,       0,       0,       0,       0,  139230,  154555,   18287,    2962,  157517,   98162,  148591,   39963,    1387,    1105,       0,    3472,       0,       0,       0,       0,  139230,  154555,   18287,    2962,       0,       0,       0,       0,       0,       0,       0,       0,       0,       0,       0,       0,       0,       0,       0,       0,    4528,    6581,    4359,     516,       0,       0,       0,      93,       0,       0,       0,       0,    7097,    4452,   -2569,      76,  100.0,   62.3,   94.3,   25.4,    0.9,    0.7,    0.0,    2.2,    0.0,    0.0,    0.0,    0.0,   88.4,   98.1,   11.6,    1.9,  100.0,   62.3,   94.3,   25.4,    0.9,    0.7,    0.0,    2.2,    0.0,    0.0,    0.0,    0.0,   88.4,   98.1,   11.6,    1.9,  100.0,    0.0,    0.0,    0.0,    0.0,    0.0,    0.0,    0.0,    0.0,    0.0,    0.0,    0.0,    0.0,    0.0,    0.0,    0.0,     34,     21,     17,      6,.,.,      0,.,      0,      0,      0,      0,     28,     21,     34,     21,     17,      6,.,.,      0,.,      0,      0,      0,      0,     28,     21,      0,      0,      0,      0,      0,      0,      0,      0,      0,      0,      0,      0,      0,      0,    43.4,    66.7,    66.1,    82.5,    37.5,    64.1,    55.1,    75.5,    43.4,    66.7,    66.1,    82.5,    37.5,    64.1,    55.1,    75.5,     0.0,     0.0,     0.0,     0.0,     0.0,     0.0,     0.0,     0.0,2500 mmbtu,0233BB,IFED,023 ,N13,FutOnly
NWP Rockies Index - ICE FUTURES ENERGY DIV,260922,2026-09-22,0233BD,IFED,01,023 ,   30347,   25992,   24838,    1302,    1098,     120,     720,     999,     750,       0,     299,      31,   28915,   28135,    1432,    2212,   30347,   25992,   24838,    1302,    1098,     120,     720,     999,     750,       0,     299,      31,   28915,   28135,    1432,    2212,       0,       0,       0,       0,       0,       0,       0,       0,       0,       0,       0,       0,       0,       0,       0,       0,    2387,    1306,    1116,     651,     128,     120,    -186,     651,       0,       0,       0,       0,    1891,    2015,     496,     372,  100.0,   85.6,   81.8,    4.3,    3.6,    0.4,    2.4,    3.3,    2.5,    0.0,    1.0,    0.1,   95.3,   92.7,    4.7,    7.3,  100.0,   85.6,   81.8,    4.3,    3.6,    0.4,    2.4,    3.3,    2.5,    0.0,    1.0,    0.1,   95.3,   92.7,    4.7,    7.3,  100.0,    0.0,    0.0,    0.0,    0.0,    0.0,    0.0,    0.0,    0.0,    0.0,    0.0,    0.0,    0.0,    0.0,    0.0,    0.0,     32,     18,     13,.,.,.,.,.,.,      0,.,.,     24,     19,     32,     18,     13,.,.,.,.,.,.,      0,.,.,     24,     19,      0,      0,      0,      0,      0,      0,      0,      0,      0,      0,      0,      0,      0,      0,    50.6,    56.2,    70.6,    73.1,    45.8,    55.1,    63.2,    68.7,    50.6,    56.2,    70.6,    73.1,    45.8,    55.1,    63.2,    68.7,     0.0,     0.0,     0.0,     0.0,     0.0,     0.0,     0.0,     0.0,2500 mmbtu,0233BD,IFED,023 ,N13,FutOnly
ONEOK GAS TRANSPORTATION BASIS - ICE FUTURES ENERGY DIV,260922,2026-09-22,0233BF,IFED,01,023 ,   69057,   58195,    8381,    6021,   53780,    1282,       0,       0,       0,       0,       0,       0,   65498,   63443,    3559,    5614,   69057,   58195,    8381,    6021,   53780,    1282,       0,       0,       0,       0,       0,       0,   65498,   63443,    3559,    5614,       0,       0,       0,       0,       0,       0,       0,       0,       0,       0,       0,       0,       0,       0,       0,       0,    2147,     835,    1111,     708,     910,    -115,       0,       0,       0,       0,       0,       0,    1428,    1906,     719,     241,  100.0,   84.3,   12.1,    8.7,   77.9,    1.9,    0.0,    0.0,    0.0,    0.0,    0.0,    0.0,   94.8,   91.9,    5.2,    8.1,  100.0,   84.3,   12.1,    8.7,   77.9,    1.9,    0.0,    0.0,    0.0,    0.0,    0.0,    0.0,   94.8,   91.9,    5.2,    8.1,  100.0,    0.0,    0.0,    0.0,    0.0,    0.0,    0.0,    0.0,    0.0,    0.0,    0.0,    0.0,    0.0,    0.0,    0.0,    0.0,     21,      9,     10,      4,      6,.,      0,      0,      0,      0,      0,      0,     13,     18,     21,      9,     10,      4,      6,.,      0,      0,      0,      0,      0,      0,     13,     18,      0,      0,      0,      0,      0,      0,      0,      0,      0,      0,      0,      0,      0,      0,    74.1,    69.7,    89.0,    85.8,    71.8,    69.7,    85.6,    84.6,    74.1,    69.7,    89.0,    85.8,    71.8,    69.7,    85.6,    84.6,     0.0,     0.0,     0.0,     0.0,     0.0,     0.0,     0.0,     0.0,2500 mmbtu,0233BF,IFED,023 ,N13,FutOnly
MALIN (BASIS) - ICE FUTURES ENERGY DIV,260922,2026-09-22,0233BH,IFED,01,023 ,  131463,  100567,   98377,   15233,   14733,    5004,     651,   10606,     248,       0,       0,       0,  121703,  128968,    9760,    2495,  131463,  100567,   98377,   15233,   14733,    5004,     651,   10606,     248,       0,       0,       0,  121703,  128968,    9760,    2495,       0,       0,       0,       0,       0,       0,       0,       0,       0,       0,       0,       0,       0,       0,       0,       0,    1293,     894,     378,      87,       0,     124,      62,       0,       0,       0,       0,       0,    1167,     502,     126,     791,  100.0,   76.5,   74.8,   11.6,   11.2,    3.8,    0.5,    8.1,    0.2,    0.0,    0.0,    0.0,   92.6,   98.1,    7.4,    1.9,  100.0,   76.5,   74.8,   11.6,   11.2,    3.8,    0.5,    8.1,    0.2,    0.0,    0.0,    0.0,   92.6,   98.1,    7.4,    1.9,  100.0,    0.0,    0.0,    0.0,    0.0,    0.0,    0.0,    0.0,    0.0,    0.0,    0.0,    0.0,    0.0,    0.0,    0.0,    0.0,     28,     11,     14,      6,.,      6,.,.,.,      0,      0,      0,     22,     23,     28,     11,     14,      6,.,      6,.,.,.,      0,      0,      0,     22,     23,      0,      0,      0,      0,      0,      0,      0,      0,      0,      0,      0,      0,      0,      0,    67.8,    61.2,    81.2,    82.4,    60.7,    54.7,    68.9,    71.4,    67.8,    61.2,    81.2,    82.4,    60.7,    54.7,    68.9,    71.4,     0.0,     0.0,     0.0,     0.0,     0.0,     0.0,     0.0,     0.0,2500 mmbtu,0233BH,IFED,023 ,N13,FutOnly
PANHANDLE BASIS - ICE FUTURES ENERGY DIV,260922,2026-09-22,0233BL,IFED,01,023 ,  190531,  139907,   59980,    8875,  106716,   10320,   12335,       0,    2144,    1442,       0,    1351,  176374,  180511,   14157,   10020,  190531,  139907,   59980,    8875,  106716,   10320,   12335,       0,    2144,    1442,       0,    1351,  176374,  180511,   14157,   10020,       0,       0,       0,       0,       0,       0,       0,       0,       0,       0,       0,       0,       0,       0,       0,       0,   -1852,   -1127,   -1658,      34,     838,    -458,    -297,       0,    -580,      25,       0,     251,   -2152,   -1607,     300,    -245,  100.0,   73.4,   31.5,    4.7,   56.0,    5.4,    6.5,    0.0,    1.1,    0.8,    0.0,    0.7,   92.6,   94.7,    7.4,    5.3,  100.0,   73.4,   31.5,    4.7,   56.0,    5.4,    6.5,    0.0,    1.1,    0.8,    0.0,    0.7,   92.6,   94.7,    7.4,    5.3,  100.0,    0.0,    0.0,    0.0,    0.0,    0.0,    0.0,    0.0,    0.0,    0.0,    0.0,    0.0,    0.0,    0.0,    0.0,    0.0,     46,     25,     22,.,      9,      9,.,      0,.,.,      0,.,     39,     38,     46,     25,     22,.,      9,      9,.,      0,.,.,      0,.,     39,     38,      0,      0,      0,      0,      0,      0,      0,      0,      0,      0,      0,      0,      0,      0,    40.7,    44.8,    54.7,    66.1,    37.0,    42.8,    48.2,    57.8,    40.7,    44.8,    54.7,    66.1,    37.0,    42.8,    48.2,    57.8,     0.0,     0.0,     0.0,     0.0,     0.0,     0.0,     0.0,     0.0,2500 mmbtu,0233BL,IFED,023 ,N13,FutOnly
PG&E - CITYGATE (INDEX) - ICE FUTURES ENERGY DIV,260922,2026-09-22,0233BQ,IFED,01,023 ,   31518,   24967,   27364,     210,       0,       0,     631,      78,    1080,       0,    1844,       0,   26888,   30366,    4630,    1152,   31518,   24967,   27364,     210,       0,       0,     631,      78,    1080,       0,    1844,       0,   26888,   30366,    4630,    1152,       0,       0,       0,       0,       0,       0,       0,       0,       0,       0,       0,       0,       0,       0,       0,       0,    4316,    3109,    3510,       0,       0,       0,    -127,    -282,     840,       0,     372,       0,    3822,    4440,     494,    -124,  100.0,   79.2,   86.8,    0.7,    0.0,    0.0,    2.0,    0.2,    3.4,    0.0,    5.9,    0.0,   85.3,   96.3,   14.7,    3.7,  100.0,   79.2,   86.8,    0.7,    0.0,    0.0,    2.0,    0.2,    3.4,    0.0,    5.9,    0.0,   85.3,   96.3,   14.7,    3.7,  100.0,    0.0,    0.0,    0.0,    0.0,    0.0,    0.0,    0.0,    0.0,    0.0,    0.0,    0.0,    0.0,    0.0,    0.0,    0.0,     23,     11,      7,.,      0,      0,.,.,.,      0,.,      0,     15,     13,     23,     11,      7,.,      0,      0,.,.,.,      0,.,      0,     15,     13,      0,      0,      0,      0,      0,      0,      0,      0,      0,      0,      0,      0,      0,      0,    65.9,    78.5,    76.1,    91.4,    65.9,    76.5,    75.1,    88.9,    65.9,    78.5,    76.1,    91.4,    65.9,    76.5,    75.1,    88.9,     0.0,     0.0,     0.0,     0.0,     0.0,     0.0,     0.0,     0.0,2500 mmbtu,0233BQ,IFED,023 ,N13,FutOnly
SOCAL (INDEX) - ICE FUTURES ENERGY DIV,260922,2026-09-22,0233BW,IFED,01,023 ,   16758,   10770,   12086,    1853,     308,     957,     210,    1844,     990,     754,       0,       0,   15534,   16185,    1224,     573,   16758,   10770,   12086,    1853,     308,     957,     210,    1844,     990,     754,       0,       0,   15534,   16185,    1224,     573,       0,       0,       0,       0,       0,       0,       0,       0,       0,       0,       0,       0,       0,       0,       0,       0,    3596,    3131,    1515,    -744,     308,     957,    -348,     613,     720,      62,       0,       0,    3778,    4113,    -182,    -517,  100.0,   64.3,   72.1,   11.1,    1.8,    5.7,    1.3,   11.0,    5.9,    4.5,    0.0,    0.0,   92.7,   96.6,    7.3,    3.4,  100.0,   64.3,   72.1,   11.1,    1.8,    5.7,    1.3,   11.0,    5.9,    4.5,    0.0,    0.0,   92.7,   96.6,    7.3,    3.4,  100.0,    0.0,    0.0,    0.0,    0.0,    0.0,    0.0,    0.0,    0.0,    0.0,    0.0,    0.0,    0.0,    0.0,    0.0,    0.0,     26,     13,     10,.,.,.,.,.,.,.,      0,      0,     20,     15,     26,     13,     10,.,.,.,.,.,.,.,      0,      0,     20,     15,      0,      0,      0,      0,      0,      0,      0,      0,      0,      0,      0,      0,      0,      0,    47.1,    66.6,    69.1,    82.3,    41.8,    54.7,    54.4,    66.7,    47.1,    66.6,    69.1,    82.3,    41.8,    54.7,    54.4,    66.7,     0.0,     0.0,     0.0,     0.0,     0.0,     0.0,     0.0,     0.0,2500 mmbtu,0233BW,IFED,023 ,N13,FutOnly
SONAT - TIER 1 POOL (ZONE 0) - ICE FUTURES ENERGY DIV,260922,2026-09-22,0233C1,IFED,01,023 ,   82242,   59711,   66073,     874,    4210,    5693,    5703,       0,     459,       0,       0,       0,   72440,   76435,    9802,    5807,   82242,   59711,   66073,     874,    4210,    5693,    5703,       0,     459,       0,       0,       0,   72440,   76435,    9802,    5807,       0,       0,       0,       0,       0,       0,       0,       0,       0,       0,       0,       0,       0,       0,       0,       0,    5032,    2133,    5133,       0,    -884,     704,    2593,       0,       0,       0,       0,       0,    5430,    4953,    -398,      79,  100.0,   72.6,   80.3,    1.1,    5.1,    6.9,    6.9,    0.0,    0.6,    0.0,    0.0,    0.0,   88.1,   92.9,   11.9,    7.1,  100.0,   72.6,   80.3,    1.1,    5.1,    6.9,    6.9,    0.0,    0.6,    0.0,    0.0,    0.0,   88.1,   92.9,   11.9,    7.1,  100.0,    0.0,    0.0,    0.0,    0.0,    0.0,    0.0,    0.0,    0.0,    0.0,    0.0,    0.0,    0.0,    0.0,    0.0,    0.0,     30,     13,     18,.,.,.,.,      0,.,      0,      0,      0,     19,     23,     30,     13,     18,.,.,.,.,      0,.,      0,      0,      0,     19,     23,      0,      0,      0,      0,      0,      0,      0,      0,      0,      0,      0,      0,      0,      0,    56.4,    55.2,    74.5,    70.6,    46.7,    49.2,    64.2,    61.4,    56.4,    55.2,    74.5,    70.6,    46.7,    49.2,    64.2,    61.4,     0.0,     0.0,     0.0,     0.0,     0.0,     0.0,     0.0,     0.0,2500 mmbtu,0233C1,IFED,023 ,N13,FutOnly
TETCO WLA BASIS - ICE FUTURES ENERGY DIV,260922,2026-09-22,0233CC,IFED,01,023 ,  119286,   96157,   72198,   14355,    9834,    5197,       0,   28912,       0,       0,       0,       0,  115709,  116141,    3577,    3145,  119286,   96157,   72198,   14355,    9834,    5197,       0,   28912,       0,       0,       0,       0,  115709,  116141,    3577,    3145,       0,       0,       0,       0,       0,       0,       0,       0,       0,       0,       0,       0,       0,       0,       0,       0,     153,     153,      60,       0,     307,       0,       0,    -214,       0,       0,       0,       0,     153,     153,       0,       0,  100.0,   80.6,   60.5,   12.0,    8.2,    4.4,    0.0,   24.2,    0.0,    0.0,    0.0,    0.0,   97.0,   97.4,    3.0,    2.6,  100.0,   80.6,   60.5,   12.0,    8.2,    4.4,    0.0,   24.2,    0.0,    0.0,    0.0,    0.0,   97.0,   97.4,    3.0,    2.6,  100.0,    0.0,    0.0,    0.0,    0.0,    0.0,    0.0,    0.0,    0.0,    0.0,    0.0,    0.0,    0.0,    0.0,    0.0,    0.0,     38,     19,     16,      4,.,      4,      0,.,      0,      0,      0,      0,     25,     24,     38,     19,     16,      4,.,      4,      0,.,      0,      0,      0,      0,     25,     24,      0,      0,      0,      0,      0,      0,      0,      0,      0,      0,      0,      0,      0,      0,    50.8,    61.0,    72.8,    81.1,    50.8,    57.3,    72.0,    75.0,    50.8,    61.0,    72.8,    81.1,    50.8,    57.3,    72.0,    75.0,     0.0,     0.0,     0.0,     0.0,     0.0,     0.0,     0.0,     0.0,mmbtu,0233CC,IFED,023 ,N13,FutOnly
TETCO M3 INDEX - ICE FUTURES ENERGY DIV,260922,2026-09-22,0233CG,IFED,01,023 ,   65607,   35096,   55706,   23021,       0,    5312,     645,     675,       0,     523,    2308,       0,   64597,   64001,    1010,    1606,   65607,   35096,   55706,   23021,       0,    5312,     645,     675,       0,     523,    2308,       0,   64597,   64001,    1010,    1606,       0,       0,       0,       0,       0,       0,       0,       0,       0,       0,       0,       0,       0,       0,       0,       0,     930,     351,     523,     544,       0,       0,       0,     465,       0,      31,       0,       0,     926,     988,       4,     -58,  100.0,   53.5,   84.9,   35.1,    0.0,    8.1,    1.0,    1.0,    0.0,    0.8,    3.5,    0.0,   98.5,   97.6,    1.5,    2.4,  100.0,   53.5,   84.9,   35.1,    0.0,    8.1,    1.0,    1.0,    0.0,    0.8,    3.5,    0.0,   98.5,   97.6,    1.5,    2.4,  100.0,    0.0,    0.0,    0.0,    0.0,    0.0,    0.0,    0.0,    0.0,    0.0,    0.0,    0.0,    0.0,    0.0,    0.0,    0.0,     27,      8,     13,      4,      0,.,.,.,      0,.,.,      0,     14,     18,     27,      8,     13,      4,      0,.,.,.,      0,.,.,      0,     14,     18,      0,      0,      0,      0,      0,      0,      0,      0,      0,      0,      0,      0,      0,      0,    66.9,    63.7,    93.6,    82.1,    66.9,    54.6,    77.5,    71.8,    66.9,    63.7,    93.6,    82.1,    66.9,    54.6,    77.5,    71.8,     0.0,     0.0,     0.0,     0.0,     0.0,     0.0,     0.0,     0.0,2500 mmbtu,0233CG,IFED,023 ,N13,FutOnly
TETCO M3 BASIS - ICE FUTURES ENERGY DIV,260922,2026-09-22,0233CH,IFED,01,023 ,  173842,  102147,  127010,   37576,   18822,    8820,    3466,    8102,    5228,    7522,    1288,     108,  164867,  169378,    8975,    4464,  173842,  102147,  127010,   37576,   18822,    8820,    3466,    8102,    5228,    7522,    1288,     108,  164867,  169378,    8975,    4464,       0,       0,       0,       0,       0,       0,       0,       0,       0,       0,       0,       0,       0,       0,       0,       0,    2853,    1867,    2670,    -594,     118,     -87,     -26,    1216,     448,    2780,       0,    -836,    3552,    3529,    -699,    -676,  100.0,   58.8,   73.1,   21.6,   10.8,    5.1,    2.0,    4.7,    3.0,    4.3,    0.7,    0.1,   94.8,   97.4,    5.2,    2.6,  100.0,   58.8,   73.1,   21.6,   10.8,    5.1,    2.0,    4.7,    3.0,    4.3,    0.7,    0.1,   94.8,   97.4,    5.2,    2.6,  100.0,    0.0,    0.0,    0.0,    0.0,    0.0,    0.0,    0.0,    0.0,    0.0,    0.0,    0.0,    0.0,    0.0,    0.0,    0.0,     50,     19,     21,      6,      6,      8,.,      5,      5,.,.,.,     36,     41,     50,     19,     21,      6,      6,      8,.,      5,      5,.,.,.,     36,     41,      0,      0,      0,      0,      0,      0,      0,      0,      0,      0,      0,      0,      0,      0,    41.5,    37.9,    63.9,    54.6,    38.7,    37.9,    60.1,    52.4,    41.5,    37.9,    63.9,    54.6,    38.7,    37.9,    60.1,    52.4,     0.0,     0.0,     0.0,     0.0,     0.0,     0.0,     0.0,     0.0,2500 mm btu,0233CH,IFED,023 ,N13,FutOnly
TGT ZONE 1 BASIS - ICE FUTURES ENERGY DIV,260922,2026-09-22,0233CM,IFED,01,023 ,  230776,  196863,  138903,   13051,   66325,   12458,    3976,       0,     124,       0,       0,       0,  226472,  217810,    4304,   12966,  230776,  196863,  138903,   13051,   66325,   12458,    3976,       0,     124,       0,       0,       0,  226472,  217810,    4304,   12966,       0,       0,       0,       0,       0,       0,       0,       0,       0,       0,       0,       0,       0,       0,       0,       0,     258,    -227,   -3518,     392,     -93,       0,    -368,       0,     124,       0,       0,       0,     -79,   -3487,     337,    3745,  100.0,   85.3,   60.2,    5.7,   28.7,    5.4,    1.7,    0.0,    0.1,    0.0,    0.0,    0.0,   98.1,   94.4,    1.9,    5.6,  100.0,   85.3,   60.2,    5.7,   28.7,    5.4,    1.7,    0.0,    0.1,    0.0,    0.0,    0.0,   98.1,   94.4,    1.9,    5.6,  100.0,    0.0,    0.0,    0.0,    0.0,    0.0,    0.0,    0.0,    0.0,    0.0,    0.0,    0.0,    0.0,    0.0,    0.0,    0.0,     41,     27,     21,.,      5,      6,.,      0,.,      0,      0,      0,     34,     30,     41,     27,     21,.,      5,      6,.,      0,.,      0,      0,      0,     34,     30,      0,      0,      0,      0,      0,      0,      0,      0,      0,      0,      0,      0,      0,      0,    42.8,    57.8,    72.0,    78.4,    42.2,    56.5,    67.0,    74.2,    42.8,    57.8,    72.0,    78.4,    42.2,    56.5,    67.0,    74.2,     0.0,     0.0,     0.0,     0.0,     0.0,     0.0,     0.0,     0.0,2500 MMBtus,0233CM,IFED,023 ,N13,FutOnly
TRANSCO STN 85 MONTHLY INDEX - ICE FUTURES ENERGY DIV,260922,2026-09-22,0233CS,IFED,01,023 ,   63019,   36480,   45206,    5108,    4374,     210,   19211,    4864,       0,     520,    7037,     120,   61649,   61811,    1370,    1208,   63019,   36480,   45206,    5108,    4374,     210,   19211,    4864,       0,     520,    7037,     120,   61649,   61811,    1370,    1208,       0,       0,       0,       0,       0,       0,       0,       0,       0,       0,       0,       0,       0,       0,       0,       0,    9727,    3873,    8182,     310,     458,       0,    5457,     806,       0,      62,    1042,     120,    9822,   10608,     -95,    -881,  100.0,   57.9,   71.7,    8.1,    6.9,    0.3,   30.5,    7.7,    0.0,    0.8,   11.2,    0.2,   97.8,   98.1,    2.2,    1.9,  100.0,   57.9,   71.7,    8.1,    6.9,    0.3,   30.5,    7.7,    0.0,    0.8,   11.2,    0.2,   97.8,   98.1,    2.2,    1.9,  100.0,    0.0,    0.0,    0.0,    0.0,    0.0,    0.0,    0.0,    0.0,    0.0,    0.0,    0.0,    0.0,    0.0,    0.0,    0.0,     47,     17,     20,.,.,.,      6,      4,      0,.,.,.,     27,     30,     47,     17,     20,.,.,.,      6,      4,      0,.,.,.,     27,     30,      0,      0,      0,      0,      0,      0,      0,      0,      0,      0,      0,      0,      0,      0,    45.8,    54.8,    72.0,    74.2,    44.9,    46.1,    67.6,    63.7,    45.8,    54.8,    72.0,    74.2,    44.9,    46.1,    67.6,    63.7,     0.0,     0.0,     0.0,     0.0,     0.0,     0.0,     0.0,     0.0,mmbtu,0233CS,IFED,023 ,N13,FutOnly
TRANSCO ZONE 6 BASIS - ICE FUTURES ENERGY DIV,260922,2026-09-22,0233CU,IFED,01,023 ,  262405,  144762,  181671,   90070,   41681,    8287,    6206,   12135,    3891,       0,    8830,    1408,  254624,  257903,    7781,    4502,  262405,  144762,  181671,   90070,   41681,    8287,    6206,   12135,    3891,       0,    8830,    1408,  254624,  257903,    7781,    4502,       0,       0,       0,       0,       0,       0,       0,       0,       0,       0,       0,       0,       0,       0,       0,       0,    2820,    3405,    -847,    -247,     376,     310,     832,    1521,    -320,    -315,    3016,   -1181,    2484,    2875,     336,     -55,  100.0,   55.2,   69.2,   34.3,   15.9,    3.2,    2.4,    4.6,    1.5,    0.0,    3.4,    0.5,   97.0,   98.3,    3.0,    1.7,  100.0,   55.2,   69.2,   34.3,   15.9,    3.2,    2.4,    4.6,    1.5,    0.0,    3.4,    0.5,   97.0,   98.3,    3.0,    1.7,  100.0,    0.0,    0.0,    0.0,    0.0,    0.0,    0.0,    0.0,    0.0,    0.0,    0.0,    0.0,    0.0,    0.0,    0.0,    0.0,     56,     27,     25,      5,      6,      6,.,      4,      4,      0,      4,.,     43,     44,     56,     27,     25,      5,      6,      6,.,      4,      4,      0,      4,.,     43,     44,      0,      0,      0,      0,      0,      0,      0,      0,      0,      0,      0,      0,      0,      0,    40.9,    51.8,    61.8,    66.3,    39.3,    51.3,    59.1,    63.9,    40.9,    51.8,    61.8,    66.3,    39.3,    51.3,    59.1,    63.9,     0.0,     0.0,     0.0,     0.0,     0.0,     0.0,     0.0,     0.0,mmbtu,0233CU,IFED,023 ,N13,FutOnly
TRANSCO ZONE 6 MONTHLY INDEX - ICE FUTURES ENERGY DIV,260922,2026-09-22,0233CV,IFED,01,023 ,  120754,   37634,  106081,   74965,     371,    3415,       0,    1020,       0,       0,    3700,       0,  116014,  114587,    4740,    6167,  120754,   37634,  106081,   74965,     371,    3415,       0,    1020,       0,       0,    3700,       0,  116014,  114587,    4740,    6167,       0,       0,       0,       0,       0,       0,       0,       0,       0,       0,       0,       0,       0,       0,       0,       0,    -186,    -372,    -248,      62,      62,       0,       0,       0,       0,       0,       0,       0,    -310,    -186,     124,       0,  100.0,   31.2,   87.8,   62.1,    0.3,    2.8,    0.0,    0.8,    0.0,    0.0,    3.1,    0.0,   96.1,   94.9,    3.9,    5.1,  100.0,   31.2,   87.8,   62.1,    0.3,    2.8,    0.0,    0.8,    0.0,    0.0,    3.1,    0.0,   96.1,   94.9,    3.9,    5.1,  100.0,    0.0,    0.0,    0.0,    0.0,    0.0,    0.0,    0.0,    0.0,    0.0,    0.0,    0.0,    0.0,    0.0,    0.0,    0.0,     28,      8,     15,      5,.,.,      0,.,      0,      0,.,      0,     14,     19,     28,      8,     15,      5,.,.,      0,.,      0,      0,.,      0,     14,     19,      0,      0,      0,      0,      0,      0,      0,      0,      0,      0,      0,      0,      0,      0,    78.9,    66.2,    92.6,    83.0,    78.3,    66.2,    90.0,    82.4,    78.9,    66.2,    92.6,    83.0,    78.3,    66.2,    90.0,    82.4,     0.0,     0.0,     0.0,     0.0,     0.0,     0.0,     0.0,     0.0,mmbtu,0233CV,IFED,023 ,N13,FutOnly
TRANSCO STATION 85-ZONE 4 BASI - ICE FUTURES ENERGY DIV,260922,2026-09-22,0233CW,IFED,01,023 ,  298165,  175623,  231455,   31441,   17752,   18228,   50555,    9257,   11468,     127,    4932,    2708,  290150,  295800,    8015,    2365,  298165,  175623,  231455,   31441,   17752,   18228,   50555,    9257,   11468,     127,    4932,    2708,  290150,  295800,    8015,    2365,       0,       0,       0,       0,       0,       0,       0,       0,       0,       0,       0,       0,       0,       0,       0,       0,   17705,   11705,   14091,    1302,    -128,     103,    5588,    1642,    1151,     116,     911,     -91,   19874,   17679,   -2169,      26,  100.0,   58.9,   77.6,   10.5,    6.0,    6.1,   17.0,    3.1,    3.8,    0.0,    1.7,    0.9,   97.3,   99.2,    2.7,    0.8,  100.0,   58.9,   77.6,   10.5,    6.0,    6.1,   17.0,    3.1,    3.8,    0.0,    1.7,    0.9,   97.3,   99.2,    2.7,    0.8,  100.0,    0.0,    0.0,    0.0,    0.0,    0.0,    0.0,    0.0,    0.0,    0.0,    0.0,    0.0,    0.0,    0.0,    0.0,    0.0,     72,     33,     38,      8,.,      7,      6,.,      6,.,.,      4,     55,     57,     72,     33,     38,      8,.,      7,      6,.,      6,.,.,      4,     55,     57,      0,      0,      0,      0,      0,      0,      0,      0,      0,      0,      0,      0,      0,      0,    36.3,    37.6,    53.3,    53.8,    31.2,    28.8,    43.6,    43.8,    36.3,    37.6,    53.3,    53.8,    31.2,    28.8,    43.6,    43.8,     0.0,     0.0,     0.0,     0.0,     0.0,     0.0,     0.0,     0.0,2500 mm btu,0233CW,IFED,023 ,N13,FutOnly
WAHA INDEX  - ICE FUTURES ENERGY DIV,260922,2026-09-22,0233D4,IFED,01,023 ,   97611,   89778,   69552,    2850,   17787,      93,    3483,       0,     360,     210,    5933,       0,   96774,   93725,     837,    3886,   97611,   89778,   69552,    2850,   17787,      93,    3483,       0,     360,     210,    5933,       0,   96774,   93725,     837,    3886,       0,       0,       0,       0,       0,       0,       0,       0,       0,       0,       0,       0,       0,       0,       0,       0,    6222,    4576,    4754,       0,     121,    -147,    1159,       0,     360,       0,    1111,       0,    5948,    6199,     274,      23,  100.0,   92.0,   71.3,    2.9,   18.2,    0.1,    3.6,    0.0,    0.4,    0.2,    6.1,    0.0,   99.1,   96.0,    0.9,    4.0,  100.0,   92.0,   71.3,    2.9,   18.2,    0.1,    3.6,    0.0,    0.4,    0.2,    6.1,    0.0,   99.1,   96.0,    0.9,    4.0,  100.0,    0.0,    0.0,    0.0,    0.0,    0.0,    0.0,    0.0,    0.0,    0.0,    0.0,    0.0,    0.0,    0.0,    0.0,    0.0,     45,     22,     17,      4,      5,.,.,      0,.,.,.,      0,     30,     26,     45,     22,     17,      4,      5,.,.,      0,.,.,.,      0,     30,     26,      0,      0,      0,      0,      0,      0,      0,      0,      0,      0,      0,      0,      0,      0,    53.3,    57.0,    75.1,    73.3,    52.0,    56.0,    68.4,    67.4,    53.3,    57.0,    75.1,    73.3,    52.0,    56.0,    68.4,    67.4,     0.0,     0.0,     0.0,     0.0,     0.0,     0.0,     0.0,     0.0,2500 mm btu,0233D4,IFED,023 ,N13,FutOnly
TGT ZONE 1 INDEX DIFF - ICE FUTURES ENERGY DIV,260922,2026-09-22,0233DC,IFED,01,023 ,   15130,    9707,   13252,       0,     247,       0,    5093,       0,       0,       0,       0,       0,   14800,   13499,     330,    1631,   15130,    9707,   13252,       0,     247,       0,    5093,       0,       0,       0,       0,       0,   14800,   13499,     330,    1631,       0,       0,       0,       0,       0,       0,       0,       0,       0,       0,       0,       0,       0,       0,       0,       0,.,.,.,.,.,.,.,.,.,.,.,.,.,.,.,.,  100.0,   64.2,   87.6,    0.0,    1.6,    0.0,   33.7,    0.0,    0.0,    0.0,    0.0,    0.0,   97.8,   89.2,    2.2,   10.8,  100.0,   64.2,   87.6,    0.0,    1.6,    0.0,   33.7,    0.0,    0.0,    0.0,    0.0,    0.0,   97.8,   89.2,    2.2,   10.8,  100.0,    0.0,    0.0,    0.0,    0.0,    0.0,    0.0,    0.0,    0.0,    0.0,    0.0,    0.0,    0.0,    0.0,    0.0,    0.0,     20,      8,     11,      0,.,      0,.,      0,      0,      0,      0,      0,      9,     12,     20,      8,     11,      0,.,      0,.,      0,      0,      0,      0,      0,      9,     12,      0,      0,      0,      0,      0,      0,      0,      0,      0,      0,      0,      0,      0,      0,    80.9,    66.6,    97.2,    83.0,    80.9,    66.0,    97.2,    82.4,    80.9,    66.6,    97.2,    83.0,    80.9,    66.0,    97.2,    82.4,     0.0,     0.0,     0.0,     0.0,     0.0,     0.0,     0.0,     0.0,"Any Multiple of 2,500",0233DC,IFED,023 ,N13,FutOnly
TETCO M2 Basis (Receipts) - ICE FUTURES ENERGY DIV,260922,2026-09-22,0233DR,IFED,01,023 ,  572972,  501483,   23573,    9598,  525562,   13229,   34515,    2319,    1888,    3422,     417,    2111,  566246,  569099,    6726,    3873,  572972,  501483,   23573,    9598,  525562,   13229,   34515,    2319,    1888,    3422,     417,    2111,  566246,  569099,    6726,    3873,       0,       0,       0,       0,       0,       0,       0,       0,       0,       0,       0,       0,       0,       0,       0,       0,    5260,    1519,     440,    1288,    5012,    1267,    1194,     496,    -124,    2402,      62,   -2348,    5198,    4805,      62,     455,  100.0,   87.5,    4.1,    1.7,   91.7,    2.3,    6.0,    0.4,    0.3,    0.6,    0.1,    0.4,   98.8,   99.3,    1.2,    0.7,  100.0,   87.5,    4.1,    1.7,   91.7,    2.3,    6.0,    0.4,    0.3,    0.6,    0.1,    0.4,   98.8,   99.3,    1.2,    0.7,  100.0,    0.0,    0.0,    0.0,    0.0,    0.0,    0.0,    0.0,    0.0,    0.0,    0.0,    0.0,    0.0,    0.0,    0.0,    0.0,     61,     35,     11,.,     16,      6,.,.,.,.,.,.,     45,     33,     61,     35,     11,.,     16,      6,.,.,.,.,.,.,     45,     33,      0,      0,      0,      0,      0,      0,      0,      0,      0,      0,      0,      0,      0,      0,    44.3,    48.8,    62.7,    72.6,    44.3,    48.4,    62.1,    71.7,    44.3,    48.8,    62.7,    72.6,    44.3,    48.4,    62.1,    71.7,     0.0,     0.0,     0.0,     0.0,     0.0,     0.0,     0.0,     0.0,2500 MM Btus,0233DR,IFED,023 ,N13,FutOnly
TRANSCO LEIDY BASIS - ICE FUTURES ENERGY DIV,260922,2026-09-22,0233DT,IFED,01,023 ,  134138,   83120,   62483,   18263,   52583,   12412,    9565,       0,       0,    5396,    2949,     490,  129246,  130917,    4892,    3221,  134138,   83120,   62483,   18263,   52583,   12412,    9565,       0,       0,    5396,    2949,     490,  129246,  130917,    4892,    3221,       0,       0,       0,       0,       0,       0,       0,       0,       0,       0,       0,       0,       0,       0,       0,       0,    1158,     806,     957,     143,     698,     -61,      61,       0,       0,     -63,     -52,     276,    1162,    1818,      -4,    -660,  100.0,   62.0,   46.6,   13.6,   39.2,    9.3,    7.1,    0.0,    0.0,    4.0,    2.2,    0.4,   96.4,   97.6,    3.6,    2.4,  100.0,   62.0,   46.6,   13.6,   39.2,    9.3,    7.1,    0.0,    0.0,    4.0,    2.2,    0.4,   96.4,   97.6,    3.6,    2.4,  100.0,    0.0,    0.0,    0.0,    0.0,    0.0,    0.0,    0.0,    0.0,    0.0,    0.0,    0.0,    0.0,    0.0,    0.0,    0.0,     41,     20,     10,.,     10,      8,.,      0,      0,.,.,.,     33,     25,     41,     20,     10,.,     10,      8,.,      0,      0,.,.,.,     33,     25,      0,      0,      0,      0,      0,      0,      0,      0,      0,      0,      0,      0,      0,      0,    41.7,    39.1,    61.0,    64.6,    41.4,    37.4,    60.5,    60.9,    41.7,    39.1,    61.0,    64.6,    41.4,    37.4,    60.5,    60.9,     0.0,     0.0,     0.0,     0.0,     0.0,     0.0,     0.0,     0.0,"(Contracts of 2,500  MMBTU'S)",0233DT,IFED,023 ,N13,FutOnly
TETCO M2 Index (Receipts) - ICE FUTURES ENERGY DIV,260922,2026-09-22,0233DW,IFED,01,023 ,   35202,   27863,   28275,    4280,    3955,       0,    1244,       0,     120,     898,    1510,     310,   34715,   34170,     487,    1032,   35202,   27863,   28275,    4280,    3955,       0,    1244,       0,     120,     898,    1510,     310,   34715,   34170,     487,    1032,       0,       0,       0,       0,       0,       0,       0,       0,       0,       0,       0,       0,       0,       0,       0,       0,    1798,    1158,    1547,       0,      93,       0,    1244,       0,     120,    -434,       0,     310,    2398,    2070,    -600,    -272,  100.0,   79.2,   80.3,   12.2,   11.2,    0.0,    3.5,    0.0,    0.3,    2.6,    4.3,    0.9,   98.6,   97.1,    1.4,    2.9,  100.0,   79.2,   80.3,   12.2,   11.2,    0.0,    3.5,    0.0,    0.3,    2.6,    4.3,    0.9,   98.6,   97.1,    1.4,    2.9,  100.0,    0.0,    0.0,    0.0,    0.0,    0.0,    0.0,    0.0,    0.0,    0.0,    0.0,    0.0,    0.0,    0.0,    0.0,    0.0,     31,     13,     15,.,.,      0,.,      0,.,.,.,.,     17,     20,     31,     13,     15,.,.,      0,.,      0,.,.,.,.,     17,     20,      0,      0,      0,      0,      0,      0,      0,      0,      0,      0,      0,      0,      0,      0,    61.0,    47.7,    81.8,    74.5,    61.0,    47.7,    81.4,    74.5,    61.0,    47.7,    81.8,    74.5,    61.0,    47.7,    81.4,    74.5,     0.0,     0.0,     0.0,     0.0,     0.0,     0.0,     0.0,     0.0,2500 MM Btus,0233DW,IFED,023 ,N13,FutOnly
REX ZONE 3 BASIS - ICE FUTURES ENERGY DIV,260922,2026-09-22,0233EB,IFED,01,023 ,  312406,  215114,  146942,   21246,  111306,    6680,   53900,   19940,    6174,       0,   10908,    3871,  306985,  305821,    5421,    6585,  312406,  215114,  146942,   21246,  111306,    6680,   53900,   19940,    6174,       0,   10908,    3871,  306985,  305821,    5421,    6585,       0,       0,       0,       0,       0,       0,       0,       0,       0,       0,       0,       0,       0,       0,       0,       0,   25717,    4565,   11772,     124,    6743,   -1745,   23299,    6215,     227,       0,     489,    -332,   26138,   23369,    -421,    2348,  100.0,   68.9,   47.0,    6.8,   35.6,    2.1,   17.3,    6.4,    2.0,    0.0,    3.5,    1.2,   98.3,   97.9,    1.7,    2.1,  100.0,   68.9,   47.0,    6.8,   35.6,    2.1,   17.3,    6.4,    2.0,    0.0,    3.5,    1.2,   98.3,   97.9,    1.7,    2.1,  100.0,    0.0,    0.0,    0.0,    0.0,    0.0,    0.0,    0.0,    0.0,    0.0,    0.0,    0.0,    0.0,    0.0,    0.0,    0.0,     71,     34,     28,.,     13,.,.,      6,.,      0,      5,.,     44,     55,     71,     34,     28,.,     13,.,.,      6,.,      0,      5,.,     44,     55,      0,      0,      0,      0,      0,      0,      0,      0,      0,      0,      0,      0,      0,      0,    38.6,    28.4,    57.7,    45.1,    34.9,    26.5,    51.7,    43.0,    38.6,    28.4,    57.7,    45.1,    34.9,    26.5,    51.7,    43.0,     0.0,     0.0,     0.0,     0.0,     0.0,     0.0,     0.0,     0.0,2500 MMBtus,0233EB,IFED,023 ,N13,FutOnly
REX ZONE 3 INDEX - ICE FUTURES ENERGY DIV,260922,2026-09-22,0233ED,IFED,01,023 ,   69972,   32661,   63004,   27176,    1586,     420,    7776,     822,     403,     600,    2759,       0,   69036,   68994,     936,     978,   69972,   32661,   63004,   27176,    1586,     420,    7776,     822,     403,     600,    2759,       0,   69036,   68994,     936,     978,       0,       0,       0,       0,       0,       0,       0,       0,       0,       0,       0,       0,       0,       0,       0,       0,   11427,    7634,   11737,   -1519,       0,       0,    6975,      -8,     403,       0,    -527,       0,   13493,   11605,   -2066,    -178,  100.0,   46.7,   90.0,   38.8,    2.3,    0.6,   11.1,    1.2,    0.6,    0.9,    3.9,    0.0,   98.7,   98.6,    1.3,    1.4,  100.0,   46.7,   90.0,   38.8,    2.3,    0.6,   11.1,    1.2,    0.6,    0.9,    3.9,    0.0,   98.7,   98.6,    1.3,    1.4,  100.0,    0.0,    0.0,    0.0,    0.0,    0.0,    0.0,    0.0,    0.0,    0.0,    0.0,    0.0,    0.0,    0.0,    0.0,    0.0,     36,     17,     18,.,.,.,.,.,.,.,.,      0,     22,     24,     36,     17,     18,.,.,.,.,.,.,.,.,      0,     22,     24,      0,      0,      0,      0,      0,      0,      0,      0,      0,      0,      0,      0,      0,      0,    61.6,    52.2,    81.3,    75.6,    60.4,    39.7,    71.1,    61.7,    61.6,    52.2,    81.3,    75.6,    60.4,    39.7,    71.1,    61.7,     0.0,     0.0,     0.0,     0.0,     0.0,     0.0,     0.0,     0.0,2500 MMBtus,0233ED,IFED,023 ,N13,FutOnly
NAT GAS TETCO-WLA INDEX - ICE FUTURES ENERGY DIV,260922,2026-09-22,0233EP,IFED,01,023 ,   21809,   19371,    5081,    1564,       0,       0,       0,   16548,       0,     390,       0,       0,   21325,   21629,     484,     180,   21809,   19371,    5081,    1564,       0,       0,       0,   16548,       0,     390,       0,       0,   21325,   21629,     484,     180,       0,       0,       0,       0,       0,       0,       0,       0,       0,       0,       0,       0,       0,       0,       0,       0,    2402,    1720,     604,     682,       0,       0,       0,    1798,       0,       0,       0,       0,    2402,    2402,       0,       0,  100.0,   88.8,   23.3,    7.2,    0.0,    0.0,    0.0,   75.9,    0.0,    1.8,    0.0,    0.0,   97.8,   99.2,    2.2,    0.8,  100.0,   88.8,   23.3,    7.2,    0.0,    0.0,    0.0,   75.9,    0.0,    1.8,    0.0,    0.0,   97.8,   99.2,    2.2,    0.8,  100.0,    0.0,    0.0,    0.0,    0.0,    0.0,    0.0,    0.0,    0.0,    0.0,    0.0,    0.0,    0.0,    0.0,    0.0,    0.0,     23,     13,      6,.,      0,      0,      0,.,      0,.,      0,      0,     16,      9,     23,     13,      6,.,      0,      0,      0,.,      0,.,      0,      0,     16,      9,      0,      0,      0,      0,      0,      0,      0,      0,      0,      0,      0,      0,      0,      0,    52.4,    86.2,    75.1,    97.5,    51.5,    83.0,    71.4,    90.8,    52.4,    86.2,    75.1,    97.5,    51.5,    83.0,    71.4,    90.8,     0.0,     0.0,     0.0,     0.0,     0.0,     0.0,     0.0,     0.0,2500 MMBtus,0233EP,IFED,023 ,N13,FutOnly
Transco Zone 5 South Basis - ICE FUTURES ENERGY DIV,260922,2026-09-22,0233FJ,IFED,01,023 ,  140099,   77978,  117718,   27258,    7415,    7022,   17398,    2053,     827,     857,    1033,     428,  131768,  136496,    8331,    3603,  140099,   77978,  117718,   27258,    7415,    7022,   17398,    2053,     827,     857,    1033,     428,  131768,  136496,    8331,    3603,       0,       0,       0,       0,       0,       0,       0,       0,       0,       0,       0,       0,       0,       0,       0,       0,     462,   -1137,     100,    2438,    1399,     673,    1539,     -62,      63,     -91,       0,       0,    3485,    2173,   -3023,   -1711,  100.0,   55.7,   84.0,   19.5,    5.3,    5.0,   12.4,    1.5,    0.6,    0.6,    0.7,    0.3,   94.1,   97.4,    5.9,    2.6,  100.0,   55.7,   84.0,   19.5,    5.3,    5.0,   12.4,    1.5,    0.6,    0.6,    0.7,    0.3,   94.1,   97.4,    5.9,    2.6,  100.0,    0.0,    0.0,    0.0,    0.0,    0.0,    0.0,    0.0,    0.0,    0.0,    0.0,    0.0,    0.0,    0.0,    0.0,    0.0,     46,     20,     28,      5,.,      4,      4,.,.,.,.,.,     33,     37,     46,     20,     28,      5,.,      4,      4,.,.,.,.,.,     33,     37,      0,      0,      0,      0,      0,      0,      0,      0,      0,      0,      0,      0,      0,      0,    54.3,    47.6,    72.7,    65.8,    51.3,    44.7,    68.3,    60.6,    54.3,    47.6,    72.7,    65.8,    51.3,    44.7,    68.3,    60.6,     0.0,     0.0,     0.0,     0.0,     0.0,     0.0,     0.0,     0.0,2500 MMBtus,0233FJ,IFED,023 ,N13,FutOnly
NAT GAS NYME - NEW YORK MERCANTILE EXCHANGE,260922,2026-09-22,023651,NYME,01,023 , 1837146,  239910,  263630,  248325,   21081,  117599,  266563,  332110,  653249,   39799,  190782,  215326, 1780771, 1793777,   56375,   43369, 1837146,  239910,  263630,  248325,   21081,  117599,  266563,  332110,  653249,   39799,  190782,  215326, 1780771, 1793777,   56375,   43369,       0,       0,       0,       0,       0,       0,       0,       0,       0,       0,       0,       0,       0,       0,       0,       0,   17143,    5642,   12155,    6160,    2875,   -1160,    2201,  -32457,    7696,   -3374,   26227,     136,   17301,   15472,    -158,    1671,  100.0,   13.1,   14.3,   13.5,    1.1,    6.4,   14.5,   18.1,   35.6,    2.2,   10.4,   11.7,   96.9,   97.6,    3.1,    2.4,  100.0,   13.1,   14.3,   13.5,    1.1,    6.4,   14.5,   18.1,   35.6,    2.2,   10.4,   11.7,   96.9,   97.6,    3.1,    2.4,  100.0,    0.0,    0.0,    0.0,    0.0,    0.0,    0.0,    0.0,    0.0,    0.0,    0.0,    0.0,    0.0,    0.0,    0.0,    0.0,    327,     50,     44,     25,      9,     26,     70,     56,     90,     45,     55,     80,    296,    268,    327,     50,     44,     25,      9,     26,     70,     56,     90,     45,     55,     80,    296,    268,      0,      0,      0,      0,      0,      0,      0,      0,      0,      0,      0,      0,      0,      0,    18.0,    24.0,    27.9,    34.1,     8.7,    10.2,    12.8,    15.4,    18.0,    24.0,    27.9,    34.1,     8.7,    10.2,    12.8,    15.4,     0.0,     0.0,     0.0,     0.0,     0.0,     0.0,     0.0,     0.0,"(Contracts of 10,000 MMBTU'S)",023651,NYME,023 ,N13,FutOnly
HENRY HUB LAST DAY FIN - NEW YORK MERCANTILE EXCHANGE,260922,2026-09-22,023A55,NYME,01,023 ,  403236,  140797,   53005,   25573,  146570,   25414,   31291,    6270,   24241,   77567,   86651,   53594,  378477,  395745,   24759,    7491,  403236,  140797,   53005,   25573,  146570,   25414,   31291,    6270,   24241,   77567,   86651,   53594,  378477,  395745,   24759,    7491,       0,       0,       0,       0,       0,       0,       0,       0,       0,       0,       0,       0,       0,       0,       0,       0,   19716,    3795,    4045,   -4545,    4444,    2684,    4860,   -2107,    6988,    1895,     727,    3420,   19097,   20201,     619,    -485,  100.0,   34.9,   13.1,    6.3,   36.3,    6.3,    7.8,    1.6,    6.0,   19.2,   21.5,   13.3,   93.9,   98.1,    6.1,    1.9,  100.0,   34.9,   13.1,    6.3,   36.3,    6.3,    7.8,    1.6,    6.0,   19.2,   21.5,   13.3,   93.9,   98.1,    6.1,    1.9,  100.0,    0.0,    0.0,    0.0,    0.0,    0.0,    0.0,    0.0,    0.0,    0.0,    0.0,    0.0,    0.0,    0.0,    0.0,    0.0,    101,     33,     24,     16,      9,     19,      8,      5,     10,     18,     11,     21,     98,     76,    101,     33,     24,     16,      9,     19,      8,      5,     10,     18,     11,     21,     98,     76,      0,      0,      0,      0,      0,      0,      0,      0,      0,      0,      0,      0,      0,      0,    16.4,    38.6,    29.7,    52.9,    14.9,    37.7,    24.7,    49.2,    16.4,    38.6,    29.7,    52.9,    14.9,    37.7,    24.7,    49.2,     0.0,     0.0,     0.0,     0.0,     0.0,     0.0,     0.0,     0.0,"(Contracts of 10,000 MMBTU'S)",023A55,NYME,023 ,N13,FutOnly
HENRY HUB PENULTIMATE FIN - NEW YORK MERCANTILE EXCHANGE,260922,2026-09-22,023A56,NYME,01,023 ,  229869,   21351,   43672,   76155,   43685,   33594,    8061,   34541,   15262,   45653,   31382,   23283,  223359,  225419,    6510,    4450,  229869,   21351,   43672,   76155,   43685,   33594,    8061,   34541,   15262,   45653,   31382,   23283,  223359,  225419,    6510,    4450,       0,       0,       0,       0,       0,       0,       0,       0,       0,       0,       0,       0,       0,       0,       0,       0,    8736,   -1556,    4198,    3974,   -7473,    3090,  -11610,   13014,   -3949,   16599,    -597,    1341,    7889,    9624,     847,    -888,  100.0,    9.3,   19.0,   33.1,   19.0,   14.6,    3.5,   15.0,    6.6,   19.9,   13.7,   10.1,   97.2,   98.1,    2.8,    1.9,  100.0,    9.3,   19.0,   33.1,   19.0,   14.6,    3.5,   15.0,    6.6,   19.9,   13.7,   10.1,   97.2,   98.1,    2.8,    1.9,  100.0,    0.0,    0.0,    0.0,    0.0,    0.0,    0.0,    0.0,    0.0,    0.0,    0.0,    0.0,    0.0,    0.0,    0.0,    0.0,     85,     15,     15,     13,      7,     16,     10,     10,     12,     18,     11,     22,     78,     71,     85,     15,     15,     13,      7,     16,     10,     10,     12,     18,     11,     22,     78,     71,      0,      0,      0,      0,      0,      0,      0,      0,      0,      0,      0,      0,      0,      0,    23.3,    28.0,    41.4,    42.4,    22.5,    19.4,    36.5,    30.3,    23.3,    28.0,    41.4,    42.4,    22.5,    19.4,    36.5,    30.3,     0.0,     0.0,     0.0,     0.0,     0.0,     0.0,     0.0,     0.0,"(Contracts of 10,000 MMBTU'S)",023A56,NYME,023 ,N13,FutOnly
ETHANOL T2 FOB INCL DUTY - NEW YORK MERCANTILE EXCHANGE,260922,2026-09-22,025608,NYME,01,025 ,    3766,    3408,    3566,       0,       0,       0,       0,       0,       0,     100,       0,      11,    3519,    3577,     247,     189,    3766,    3408,    3566,       0,       0,       0,       0,       0,       0,     100,       0,      11,    3519,    3577,     247,     189,       0,       0,       0,       0,       0,       0,       0,       0,       0,       0,       0,       0,       0,       0,       0,       0,     314,     314,     309,       0,       0,       0,       0,       0,       0,       0,       0,       0,     314,     309,       0,       5,  100.0,   90.5,   94.7,    0.0,    0.0,    0.0,    0.0,    0.0,    0.0,    2.7,    0.0,    0.3,   93.4,   95.0,    6.6,    5.0,  100.0,   90.5,   94.7,    0.0,    0.0,    0.0,    0.0,    0.0,    0.0,    2.7,    0.0,    0.3,   93.4,   95.0,    6.6,    5.0,  100.0,    0.0,    0.0,    0.0,    0.0,    0.0,    0.0,    0.0,    0.0,    0.0,    0.0,    0.0,    0.0,    0.0,    0.0,    0.0,     26,     21,     21,      0,      0,      0,      0,      0,      0,.,      0,.,     22,     22,     26,     21,     21,      0,      0,      0,      0,      0,      0,.,      0,.,     22,     22,      0,      0,      0,      0,      0,      0,      0,      0,      0,      0,      0,      0,      0,      0,    49.6,    55.5,    70.1,    74.9,    37.1,    45.2,    51.7,    56.5,    49.6,    55.5,    70.1,    74.9,    37.1,    45.2,    51.7,    56.5,     0.0,     0.0,     0.0,     0.0,     0.0,     0.0,     0.0,     0.0,(100 CUBIC METERS),025608,NYME,025 ,N10,FutOnly
ETHANOL - NEW YORK MERCANTILE EXCHANGE,260922,2026-09-22,025651,NYME,01,025 ,   44493,   31657,   36619,     945,    3911,     467,    7482,     415,     213,    1288,     416,    1756,   43808,   43797,     685,     696,   44493,   31657,   36619,     945,    3911,     467,    7482,     415,     213,    1288,     416,    1756,   43808,   43797,     685,     696,       0,       0,       0,       0,       0,       0,       0,       0,       0,       0,       0,       0,       0,       0,       0,       0,    3234,    3262,    2251,      11,     684,     -15,    -253,       5,     -55,      62,      86,     136,    3148,    3092,      86,     142,  100.0,   71.2,   82.3,    2.1,    8.8,    1.0,   16.8,    0.9,    0.5,    2.9,    0.9,    3.9,   98.5,   98.4,    1.5,    1.6,  100.0,   71.2,   82.3,    2.1,    8.8,    1.0,   16.8,    0.9,    0.5,    2.9,    0.9,    3.9,   98.5,   98.4,    1.5,    1.6,  100.0,    0.0,    0.0,    0.0,    0.0,    0.0,    0.0,    0.0,    0.0,    0.0,    0.0,    0.0,    0.0,    0.0,    0.0,    0.0,    123,     48,     65,      4,.,      4,     20,      5,      4,      7,      6,      7,     87,     88,    123,     48,     65,      4,.,      4,     20,      5,      4,      7,      6,      7,     87,     88,      0,      0,      0,      0,      0,      0,      0,      0,      0,      0,      0,      0,      0,      0,    32.5,    20.7,    47.8,    37.5,    18.3,    15.3,    29.6,    25.4,    32.5,    20.7,    47.8,    37.5,    18.3,    15.3,    29.6,    25.4,     0.0,     0.0,     0.0,     0.0,     0.0,     0.0,     0.0,     0.0,"(CONTRACTS OF 42,000 U.S. GALLONS)",025651,NYME,025 ,N10,FutOnly
SOYBEAN MEAL - CHICAGO BOARD OF TRADE,260922,2026-09-22,026603,CBT ,00,026 ,  657637,   81426,  431785,  132303,   13913,    8099,  202722,   11635,  101969,   35907,   18633,   47150,  609576,  633184,   48061,   24453,  645735,   78649,  424246,  131624,   13121,    8047,  200832,   12250,  101184,   34752,   19828,   43232,  598320,  621908,   47415,   23827,   11902,    2777,    7539,     731,     844,       0,    2608,     103,      67,    2731,     381,    2342,   11256,   11276,     646,     626,  -25837,  -12510,  -13417,    1954,    2311,     142,    7495,    -481,     -63,   -5828,    1538,  -16187,  -24997,  -26157,    -840,     320,  100.0,   12.4,   65.7,   20.1,    2.1,    1.2,   30.8,    1.8,   15.5,    5.5,    2.8,    7.2,   92.7,   96.3,    7.3,    3.7,  100.0,   12.2,   65.7,   20.4,    2.0,    1.2,   31.1,    1.9,   15.7,    5.4,    3.1,    6.7,   92.7,   96.3,    7.3,    3.7,  100.0,   23.3,   63.3,    6.1,    7.1,    0.0,   21.9,    0.9,    0.6,   22.9,    3.2,   19.7,   94.6,   94.7,    5.4,    5.3,    361,     97,    106,     24,      6,     16,     93,     18,     52,     54,     22,     47,    312,    236,    361,     97,    106,     24,      7,     16,     93,     20,     52,     52,     26,     47,    312,    236,     73,     21,     16,      8,.,      0,     12,.,.,      9,      7,      9,     54,     35,    10.7,    34.4,    19.0,    44.7,     8.7,    33.6,    16.2,    41.1,    10.9,    34.5,    19.4,    44.9,     8.9,    33.7,    16.5,    41.3,    45.4,    40.2,    62.3,    65.4,    35.3,    39.8,    48.2,    56.8,(CONTRACTS OF 100 TONS),026603,CBT ,026 ,A30,FutOnly
COTTON NO. 2 - ICE FUTURES U.S.,260922,2026-09-22,033661,ICUS,01,033 ,  384016,   65741,  220352,   68095,   26294,   17124,   88885,   12703,   45061,   49413,   22567,   31996,  366315,  376097,   17701,    7919,  350780,   48463,  201817,   70883,   21564,   12663,   84839,   14083,   42777,   44738,   20237,   29826,  334189,  342967,   16591,    7813,   33236,   17278,   18535,    1673,    9191,       0,    6270,     844,      60,    6332,    3987,     513,   32126,   33130,    1110,     106,    3810,   13742,    1950,    -451,   -1535,    1092,  -15373,     380,    2928,    2225,     217,    -661,    3502,    4371,     308,    -561,  100.0,   17.1,   57.4,   17.7,    6.8,    4.5,   23.1,    3.3,   11.7,   12.9,    5.9,    8.3,   95.4,   97.9,    4.6,    2.1,  100.0,   13.8,   57.5,   20.2,    6.1,    3.6,   24.2,    4.0,   12.2,   12.8,    5.8,    8.5,   95.3,   97.8,    4.7,    2.2,  100.0,   52.0,   55.8,    5.0,   27.7,    0.0,   18.9,    2.5,    0.2,   19.1,   12.0,    1.5,   96.7,   99.7,    3.3,    0.3,    354,     44,     52,     23,     16,     16,     90,     29,     67,     89,     36,     52,    299,    224,    351,     38,     50,     25,     14,     14,     87,     34,     63,     86,     38,     50,    288,    217,    105,     19,     24,      7,     12,      0,     14,      5,.,     17,     13,      6,     63,     55,    11.1,    27.6,    17.7,    39.4,     8.7,    24.0,    14.6,    31.6,    11.1,    28.5,    17.9,    39.7,     9.0,    24.7,    15.3,    33.2,    38.1,    40.1,    55.3,    59.2,    35.9,    40.1,    53.0,    59.2,"(CONTRACTS OF 50,000 POUNDS)",033661,ICUS,033 ,A40,FutOnly
HENRY HUB - NEW YORK MERCANTILE EXCHANGE,260922,2026-09-22,03565B,NYME,01,023 ,  409461,   34870,   26997,   24844,  303464,   43716,       0,    5964,       0,  293424,   16088,    2257,  399111,  398486,   10350,   10975,  409461,   34870,   26997,   24844,  303464,   43716,       0,    5964,       0,  293424,   16088,    2257,  399111,  398486,   10350,   10975,       0,       0,       0,       0,       0,       0,       0,       0,       0,       0,       0,       0,       0,       0,       0,       0,    6111,    4917,    2168,     876,    2918,    -415,       0,       0,       0,    2290,    1440,       0,    7668,    6111,   -1557,       0,  100.0,    8.5,    6.6,    6.1,   74.1,   10.7,    0.0,    1.5,    0.0,   71.7,    3.9,    0.6,   97.5,   97.3,    2.5,    2.7,  100.0,    8.5,    6.6,    6.1,   74.1,   10.7,    0.0,    1.5,    0.0,   71.7,    3.9,    0.6,   97.5,   97.3,    2.5,    2.7,  100.0,    0.0,    0.0,    0.0,    0.0,    0.0,    0.0,    0.0,    0.0,    0.0,    0.0,    0.0,    0.0,    0.0,    0.0,    0.0,     36,      8,      7,      5,     10,     12,      0,.,      0,      6,.,.,     28,     27,     36,      8,      7,      5,     10,     12,      0,.,      0,      6,.,.,     28,     27,      0,      0,      0,      0,      0,      0,      0,      0,      0,      0,      0,      0,      0,      0,    70.3,    59.7,    83.1,    82.5,    69.9,    56.9,    80.1,    78.2,    70.3,    59.7,    83.1,    82.5,    69.9,    56.9,    80.1,    78.2,     0.0,     0.0,     0.0,     0.0,     0.0,     0.0,     0.0,     0.0,"(Contracts of 2,500  MMBTU'S)",03565B,NYME,023 ,N13,FutOnly
HENRY HUB PENULTIMATE NAT GAS - NEW YORK MERCANTILE EXCHANGE,260922,2026-09-22,03565C,NYME,01,023 ,  105296,   10135,   13833,   21797,   22487,   28840,    6416,    7325,    3843,    6619,    7122,   14842,   92492,   98292,   12804,    7004,  105296,   10135,   13833,   21797,   22487,   28840,    6416,    7325,    3843,    6619,    7122,   14842,   92492,   98292,   12804,    7004,       0,       0,       0,       0,       0,       0,       0,       0,       0,       0,       0,       0,       0,       0,       0,       0,    1697,     199,    -327,     188,   -2074,    2008,    -216,       0,       0,   -1138,    1464,     626,    1667,    1697,      30,       0,  100.0,    9.6,   13.1,   20.7,   21.4,   27.4,    6.1,    7.0,    3.6,    6.3,    6.8,   14.1,   87.8,   93.3,   12.2,    6.7,  100.0,    9.6,   13.1,   20.7,   21.4,   27.4,    6.1,    7.0,    3.6,    6.3,    6.8,   14.1,   87.8,   93.3,   12.2,    6.7,  100.0,    0.0,    0.0,    0.0,    0.0,    0.0,    0.0,    0.0,    0.0,    0.0,    0.0,    0.0,    0.0,    0.0,    0.0,    0.0,     40,      6,      7,      7,      5,     11,.,      4,      5,      8,      6,     11,     37,     36,     40,      6,      7,      7,      5,     11,.,      4,      5,      8,      6,     11,     37,     36,      0,      0,      0,      0,      0,      0,      0,      0,      0,      0,      0,      0,      0,      0,    33.4,    35.3,    50.7,    60.3,    20.0,    24.4,    28.3,    35.6,    33.4,    35.3,    50.7,    60.3,    20.0,    24.4,    28.3,    35.6,     0.0,     0.0,     0.0,     0.0,     0.0,     0.0,     0.0,     0.0,"(Contracts of 2,500  MMBTU'S)",03565C,NYME,023 ,N13,FutOnly
USD Malaysian Crude Palm Oil C - CHICAGO MERCANTILE EXCHANGE,260922,2026-09-22,037021,CME ,00,037 ,   42777,   35188,   33450,    1546,     250,    3161,     520,    4456,     320,     982,     120,     960,   42677,   42717,     100,      60,   42777,   35188,   33450,    1546,     250,    3161,     520,    4456,     320,     982,     120,     960,   42677,   42717,     100,      60,       0,       0,       0,       0,       0,       0,       0,       0,       0,       0,       0,       0,       0,       0,       0,       0,     -65,     -10,     115,     300,    -300,      20,       0,     435,     100,     -60,       0,    -495,    -145,    -125,      80,      60,  100.0,   82.3,   78.2,    3.6,    0.6,    7.4,    1.2,   10.4,    0.7,    2.3,    0.3,    2.2,   99.8,   99.9,    0.2,    0.1,  100.0,   82.3,   78.2,    3.6,    0.6,    7.4,    1.2,   10.4,    0.7,    2.3,    0.3,    2.2,   99.8,   99.9,    0.2,    0.1,  100.0,    0.0,    0.0,    0.0,    0.0,    0.0,    0.0,    0.0,    0.0,    0.0,    0.0,    0.0,    0.0,    0.0,    0.0,    0.0,     26,     10,     10,      4,.,.,.,.,.,      4,.,.,     21,     18,     26,     10,     10,      4,.,.,.,.,.,      4,.,.,     21,     18,      0,      0,      0,      0,      0,      0,      0,      0,      0,      0,      0,      0,      0,      0,    76.2,    65.2,    88.7,    92.7,    37.7,    41.2,    41.4,    43.1,    76.2,    65.2,    88.7,    92.7,    37.7,    41.2,    41.4,    43.1,     0.0,     0.0,     0.0,     0.0,     0.0,     0.0,     0.0,     0.0,(CONTRACTS OF 25 METRIC TONS),037021,CME ,037 ,A30,FutOnly
ROUGH RICE - CHICAGO BOARD OF TRADE,260922,2026-09-22,039601,CBT ,00,039 ,   13288,    4378,    8760,     259,       0,       0,    3612,    1772,       2,    1703,    1298,     512,   10466,   12344,    2822,     944,   13286,    4378,    8758,     259,       0,       0,    3612,    1772,       2,    1703,    1299,     511,   10465,   12342,    2821,     944,       2,       0,       2,       0,       0,       0,       0,       0,       0,       1,       0,       0,       1,       2,       1,       0,     124,      97,      60,       0,       0,       0,     -57,      95,      -2,      34,       7,       8,      80,     168,      44,     -44,  100.0,   32.9,   65.9,    1.9,    0.0,    0.0,   27.2,   13.3,    0.0,   12.8,    9.8,    3.9,   78.8,   92.9,   21.2,    7.1,  100.0,   33.0,   65.9,    1.9,    0.0,    0.0,   27.2,   13.3,    0.0,   12.8,    9.8,    3.8,   78.8,   92.9,   21.2,    7.1,  100.0,    0.0,  100.0,    0.0,    0.0,    0.0,    0.0,    0.0,    0.0,   50.0,    0.0,    0.0,   50.0,  100.0,   50.0,    0.0,     77,     17,     20,.,      0,      0,     15,      7,.,     12,      9,      4,     50,     37,     77,     17,     20,.,      0,      0,     15,      7,.,     12,      9,.,     49,     37,.,      0,.,      0,      0,      0,      0,      0,      0,.,      0,      0,.,.,    27.3,    40.5,    38.8,    57.5,    27.3,    40.5,    38.8,    57.5,    27.3,    40.5,    38.8,    57.5,    27.3,    40.5,    38.8,    57.5,    50.0,   100.0,    50.0,   100.0,    50.0,   100.0,    50.0,   100.0,"(CONTRACTS OF 200,000 POUNDS)",039601,CBT ,039 ,A10,FutOnly
FRZN CONCENTRATED ORANGE JUICE - ICE FUTURES U.S.,260922,2026-09-22,040701,ICUS,01,040 ,    9571,    1408,    2983,     939,     234,      88,    2335,    3696,      64,    2235,     174,     501,    7570,    7740,    2001,    1831,    7990,     737,    2336,     939,     322,       0,    2301,    3654,      56,    2401,     159,       0,    6434,    6527,    1556,    1463,    1581,     671,     647,      88,       0,       0,      34,      42,       8,     306,     487,      29,    1136,    1213,     445,     368,      96,      70,    -202,      61,      17,       4,    -219,       9,     -15,     -22,      -2,      96,     -25,     -93,     121,     189,  100.0,   14.7,   31.2,    9.8,    2.4,    0.9,   24.4,   38.6,    0.7,   23.4,    1.8,    5.2,   79.1,   80.9,   20.9,   19.1,  100.0,    9.2,   29.2,   11.8,    4.0,    0.0,   28.8,   45.7,    0.7,   30.1,    2.0,    0.0,   80.5,   81.7,   19.5,   18.3,  100.0,   42.4,   40.9,    5.6,    0.0,    0.0,    2.2,    2.7,    0.5,   19.4,   30.8,    1.8,   71.9,   76.7,   28.1,   23.3,     56,      9,      6,.,.,.,      7,     15,      4,     15,.,      6,     40,     30,     55,      7,      6,.,.,      0,      7,     15,.,     16,.,      0,     36,     23,     22,      8,.,.,      0,      0,.,.,.,      6,.,.,     17,     11,    25.8,    41.4,    40.2,    56.1,    25.8,    41.1,    40.0,    55.1,    30.8,    41.2,    48.0,    58.6,    30.8,    40.8,    48.0,    57.8,    39.2,    69.8,    58.9,    76.0,    37.6,    69.4,    57.1,    73.2,"(CONTRACTS OF 15,000 POUNDS)",040701,ICUS,040 ,A50,FutOnly
BUTTER (CASH SETTLED) - CHICAGO MERCANTILE EXCHANGE,260922,2026-09-22,050642,CME ,00,050 ,   20218,   11588,    8819,    5813,    1019,    1813,       0,     618,      68,      85,    7440,     127,   19494,   19904,     724,     314,   20218,   11588,    8819,    5813,    1019,    1813,       0,     618,      68,      85,    7440,     127,   19494,   19904,     724,     314,       0,       0,       0,       0,       0,       0,       0,       0,       0,       0,       0,       0,       0,       0,       0,       0,     524,     542,     183,      57,      68,      19,       0,     -26,     -36,      -8,     267,      12,     586,     487,     -62,      37,  100.0,   57.3,   43.6,   28.8,    5.0,    9.0,    0.0,    3.1,    0.3,    0.4,   36.8,    0.6,   96.4,   98.4,    3.6,    1.6,  100.0,   57.3,   43.6,   28.8,    5.0,    9.0,    0.0,    3.1,    0.3,    0.4,   36.8,    0.6,   96.4,   98.4,    3.6,    1.6,  100.0,    0.0,    0.0,    0.0,    0.0,    0.0,    0.0,    0.0,    0.0,    0.0,    0.0,    0.0,    0.0,    0.0,    0.0,    0.0,     56,     32,     21,.,.,      5,      0,.,.,.,      7,      4,     44,     36,     56,     32,     21,.,.,      5,      0,.,.,.,      7,      4,     44,     36,      0,      0,      0,      0,      0,      0,      0,      0,      0,      0,      0,      0,      0,      0,    38.6,    44.8,    57.2,    66.0,    36.9,    42.5,    53.5,    57.4,    38.6,    44.8,    57.2,    66.0,    36.9,    42.5,    53.5,    57.4,     0.0,     0.0,     0.0,     0.0,     0.0,     0.0,     0.0,     0.0,"(CONTRACTS OF 20,000 POUNDS)",050642,CME ,050 ,A25,FutOnly
"MILK, Class III - CHICAGO MERCANTILE EXCHANGE",260922,2026-09-22,052641,CME ,00,052 ,   34260,   17977,    9626,    8226,    2976,     217,     103,    6934,    1043,    2481,    6452,    2206,   32253,   29454,    2007,    4806,   34260,   17977,    9626,    8226,    2976,     217,     103,    6934,    1043,    2481,    6452,    2206,   32253,   29454,    2007,    4806,       0,       0,       0,       0,       0,       0,       0,       0,       0,       0,       0,       0,       0,       0,       0,       0,    1363,    1274,     205,      83,     220,     -22,    -141,     694,     275,     -56,      31,      11,    1424,    1414,     -61,     -51,  100.0,   52.5,   28.1,   24.0,    8.7,    0.6,    0.3,   20.2,    3.0,    7.2,   18.8,    6.4,   94.1,   86.0,    5.9,   14.0,  100.0,   52.5,   28.1,   24.0,    8.7,    0.6,    0.3,   20.2,    3.0,    7.2,   18.8,    6.4,   94.1,   86.0,    5.9,   14.0,  100.0,    0.0,    0.0,    0.0,    0.0,    0.0,    0.0,    0.0,    0.0,    0.0,    0.0,    0.0,    0.0,    0.0,    0.0,    0.0,     99,     31,     22,      5,.,.,.,     21,.,      6,     20,     13,     59,     68,     99,     31,     22,      5,.,.,.,     21,.,      6,     20,     13,     59,     68,      0,      0,      0,      0,      0,      0,      0,      0,      0,      0,      0,      0,      0,      0,    45.8,    22.2,    63.0,    38.7,    45.8,    20.6,    62.6,    33.7,    45.8,    22.2,    63.0,    38.7,    45.8,    20.6,    62.6,    33.7,     0.0,     0.0,     0.0,     0.0,     0.0,     0.0,     0.0,     0.0,"(CONTRACTS OF 200,000 POUNDS)",052641,CME ,052 ,A25,FutOnly
NON FAT DRY MILK - CHICAGO MERCANTILE EXCHANGE,260922,2026-09-22,052642,CME ,00,052 ,   11574,    7555,    4133,    2226,     597,     401,      92,     944,      50,     154,    5178,     129,   10607,   11432,     967,     142,   11574,    7555,    4133,    2226,     597,     401,      92,     944,      50,     154,    5178,     129,   10607,   11432,     967,     142,       0,       0,       0,       0,       0,       0,       0,       0,       0,       0,       0,       0,       0,       0,       0,       0,     308,     176,     291,      89,       5,     -51,       6,      75,      21,      -2,     132,     -28,     211,     445,      97,    -137,  100.0,   65.3,   35.7,   19.2,    5.2,    3.5,    0.8,    8.2,    0.4,    1.3,   44.7,    1.1,   91.6,   98.8,    8.4,    1.2,  100.0,   65.3,   35.7,   19.2,    5.2,    3.5,    0.8,    8.2,    0.4,    1.3,   44.7,    1.1,   91.6,   98.8,    8.4,    1.2,  100.0,    0.0,    0.0,    0.0,    0.0,    0.0,    0.0,    0.0,    0.0,    0.0,    0.0,    0.0,    0.0,    0.0,    0.0,    0.0,     52,     30,     18,      5,.,      4,.,.,.,.,      6,.,     41,     32,     52,     30,     18,      5,.,      4,.,.,.,.,      6,.,     41,     32,      0,      0,      0,      0,      0,      0,      0,      0,      0,      0,      0,      0,      0,      0,    33.5,    46.6,    53.8,    69.8,    31.4,    46.3,    48.6,    69.0,    33.5,    46.6,    53.8,    69.8,    31.4,    46.3,    48.6,    69.0,     0.0,     0.0,     0.0,     0.0,     0.0,     0.0,     0.0,     0.0,"(CONTRACTS OF 44,000 LBS.)",052642,CME ,052 ,A25,FutOnly
CME MILK IV - CHICAGO MERCANTILE EXCHANGE,260922,2026-09-22,052644,CME ,00,052 ,   12324,    3386,    8431,    1754,     960,      17,     354,       0,     185,    6354,    1698,      97,   12147,   11388,     177,     936,   12324,    3386,    8431,    1754,     960,      17,     354,       0,     185,    6354,    1698,      97,   12147,   11388,     177,     936,       0,       0,       0,       0,       0,       0,       0,       0,       0,       0,       0,       0,       0,       0,       0,       0,     767,     144,     698,      93,       0,       0,     153,       0,      12,     381,      71,     -16,     767,     765,       0,       2,  100.0,   27.5,   68.4,   14.2,    7.8,    0.1,    2.9,    0.0,    1.5,   51.6,   13.8,    0.8,   98.6,   92.4,    1.4,    7.6,  100.0,   27.5,   68.4,   14.2,    7.8,    0.1,    2.9,    0.0,    1.5,   51.6,   13.8,    0.8,   98.6,   92.4,    1.4,    7.6,  100.0,    0.0,    0.0,    0.0,    0.0,    0.0,    0.0,    0.0,    0.0,    0.0,    0.0,    0.0,    0.0,    0.0,    0.0,    0.0,     34,      8,     15,.,.,.,.,      0,.,.,      5,.,     17,     25,     34,      8,     15,.,.,.,.,      0,.,.,      5,.,     17,     25,      0,      0,      0,      0,      0,      0,      0,      0,      0,      0,      0,      0,      0,      0,    79.6,    58.7,    94.4,    77.2,    79.6,    58.1,    92.9,    75.8,    79.6,    58.7,    94.4,    77.2,    79.6,    58.1,    92.9,    75.8,     0.0,     0.0,     0.0,     0.0,     0.0,     0.0,     0.0,     0.0,"(CONTRACTS OF 200,000 POUNDS)",052644,CME ,052 ,A25,FutOnly
DRY WHEY - CHICAGO MERCANTILE EXCHANGE,260922,2026-09-22,052645,CME ,00,063 ,    3687,    2388,     593,     750,     858,       0,       0,     172,      12,      18,    1703,      33,    3201,    3371,     486,     316,    3687,    2388,     593,     750,     858,       0,       0,     172,      12,      18,    1703,      33,    3201,    3371,     486,     316,       0,       0,       0,       0,       0,       0,       0,       0,       0,       0,       0,       0,       0,       0,       0,       0,.,.,.,.,.,.,.,.,.,.,.,.,.,.,.,.,  100.0,   64.8,   16.1,   20.3,   23.3,    0.0,    0.0,    4.7,    0.3,    0.5,   46.2,    0.9,   86.8,   91.4,   13.2,    8.6,  100.0,   64.8,   16.1,   20.3,   23.3,    0.0,    0.0,    4.7,    0.3,    0.5,   46.2,    0.9,   86.8,   91.4,   13.2,    8.6,  100.0,    0.0,    0.0,    0.0,    0.0,    0.0,    0.0,    0.0,    0.0,    0.0,    0.0,    0.0,    0.0,    0.0,    0.0,    0.0,     20,      9,      5,.,.,      0,      0,.,.,.,      5,.,     13,     13,     20,      9,      5,.,.,      0,      0,.,.,.,      5,.,     13,     13,      0,      0,      0,      0,      0,      0,      0,      0,      0,      0,      0,      0,      0,      0,    63.3,    62.0,    80.9,    81.8,    63.3,    62.0,    78.3,    79.8,    63.3,    62.0,    80.9,    81.8,    63.3,    62.0,    78.3,    79.8,     0.0,     0.0,     0.0,     0.0,     0.0,     0.0,     0.0,     0.0,"(CONTRACTS OF 44,000 LBS.)",052645,CME ,063 ,A25,FutOnly
LEAN HOGS - CHICAGO MERCANTILE EXCHANGE,260922,2026-09-22,054642,CME ,00,054 ,  287713,   30084,   37081,   77839,    4098,    2840,   62744,  104884,   52925,   16235,   42390,   23489,  266156,  267707,   21557,   20006,   42846,    9333,    4973,    1398,    1697,       0,   18579,   19855,    1194,    7189,   12268,       0,   37693,   39987,    5153,    2859,  244867,   20751,   32108,   76817,    2777,    2464,   55028,   95892,   40868,   15228,   36304,   17307,  228463,  227720,   16404,   17147,    1790,     289,   -1821,   -2342,     775,     -53,    3365,    7737,    -272,    1141,   -4147,   -1567,     561,     652,    1229,    1138,  100.0,   10.5,   12.9,   27.1,    1.4,    1.0,   21.8,   36.5,   18.4,    5.6,   14.7,    8.2,   92.5,   93.0,    7.5,    7.0,  100.0,   21.8,   11.6,    3.3,    4.0,    0.0,   43.4,   46.3,    2.8,   16.8,   28.6,    0.0,   88.0,   93.3,   12.0,    6.7,  100.0,    8.5,   13.1,   31.4,    1.1,    1.0,   22.5,   39.2,   16.7,    6.2,   14.8,    7.1,   93.3,   93.0,    6.7,    7.0,    347,     65,     64,     18,      7,     12,     50,     80,     65,     40,     42,     51,    255,    262,    193,     48,     18,      7,     10,      0,     23,     35,     10,     25,     29,      0,    106,    100,    322,     48,     61,     18,      7,     10,     52,     72,     58,     33,     48,     45,    228,    237,    17.2,    13.3,    28.3,    23.0,    15.7,    12.4,    24.5,    21.1,    30.6,    30.0,    47.0,    45.1,    30.2,    30.0,    46.6,    45.1,    19.8,    15.6,    30.3,    23.9,    18.4,    13.7,    27.0,    21.1,"(CONTRACTS OF 40,000 POUNDS)",054642,CME ,054 ,A20,FutOnly
LIVE CATTLE - CHICAGO MERCANTILE EXCHANGE,260922,2026-09-22,057642,CME ,00,057 ,  284889,   42214,  129757,   68038,    3722,    1568,   80270,   31180,   42165,   12902,   33680,   12685,  259842,  254757,   25047,   30132,  284889,   42214,  129757,   68038,    3722,    1568,   80270,   31180,   42165,   12902,   33680,   12685,  259842,  254757,   25047,   30132,       0,       0,       0,       0,       0,       0,       0,       0,       0,       0,       0,       0,       0,       0,       0,       0,    2771,    2384,    3599,   -1852,    -944,     294,    -416,   -1810,      11,    -819,    1031,    1760,    1362,    3941,    1409,   -1170,  100.0,   14.8,   45.5,   23.9,    1.3,    0.6,   28.2,   10.9,   14.8,    4.5,   11.8,    4.5,   91.2,   89.4,    8.8,   10.6,  100.0,   14.8,   45.5,   23.9,    1.3,    0.6,   28.2,   10.9,   14.8,    4.5,   11.8,    4.5,   91.2,   89.4,    8.8,   10.6,  100.0,    0.0,    0.0,    0.0,    0.0,    0.0,    0.0,    0.0,    0.0,    0.0,    0.0,    0.0,    0.0,    0.0,    0.0,    0.0,    374,     93,    131,     20,      4,     10,     73,     31,     62,     40,     33,     46,    278,    286,    374,     93,    131,     20,      4,     10,     73,     31,     62,     40,     33,     46,    278,    286,      0,      0,      0,      0,      0,      0,      0,      0,      0,      0,      0,      0,      0,      0,    13.8,    15.4,    23.1,    25.3,    13.3,    15.2,    21.7,    24.3,    13.8,    15.4,    23.1,    25.3,    13.3,    15.2,    21.7,    24.3,     0.0,     0.0,     0.0,     0.0,     0.0,     0.0,     0.0,     0.0,"(CONTRACTS OF 40,000 POUNDS)",057642,CME ,057 ,A20,FutOnly
LUMBER - CHICAGO MERCANTILE EXCHANGE,260922,2026-09-22,058644,CME ,00,058 ,    9441,    5377,     454,     768,     732,       0,     415,    6065,       0,    1930,    1495,      27,    8517,    8773,     924,     668,    9441,    5377,     454,     768,     732,       0,     415,    6065,       0,    1930,    1495,      27,    8517,    8773,     924,     668,       0,       0,       0,       0,       0,       0,       0,       0,       0,       0,       0,       0,       0,       0,       0,       0,     236,      72,      15,      31,      47,       0,     -87,      -1,       0,     120,     116,       2,     138,     179,      98,      57,  100.0,   57.0,    4.8,    8.1,    7.8,    0.0,    4.4,   64.2,    0.0,   20.4,   15.8,    0.3,   90.2,   92.9,    9.8,    7.1,  100.0,   57.0,    4.8,    8.1,    7.8,    0.0,    4.4,   64.2,    0.0,   20.4,   15.8,    0.3,   90.2,   92.9,    9.8,    7.1,  100.0,    0.0,    0.0,    0.0,    0.0,    0.0,    0.0,    0.0,    0.0,    0.0,    0.0,    0.0,    0.0,    0.0,    0.0,    0.0,     97,     27,     10,.,.,      0,      4,     30,      0,     18,     13,.,     51,     56,     97,     27,     10,.,.,      0,      4,     30,      0,     18,     13,.,     51,     56,      0,      0,      0,      0,      0,      0,      0,      0,      0,      0,      0,      0,      0,      0,    28.8,    27.4,    47.2,    45.0,    28.5,    27.4,    46.0,    45.0,    28.8,    27.4,    47.2,    45.0,    28.5,    27.4,    46.0,    45.0,     0.0,     0.0,     0.0,     0.0,     0.0,     0.0,     0.0,     0.0,"(CONTRACTS OF 27,500 BOARD FEET)",058644,CME ,058 ,N30,FutOnly
FEEDER CATTLE - CHICAGO MERCANTILE EXCHANGE,260922,2026-09-22,061641,CME ,00,061 ,   61983,    7820,    9647,    6674,     621,    1971,   16242,    8237,   11528,    1683,   14147,    5505,   51423,   51656,   10560,   10327,   61983,    7820,    9647,    6674,     621,    1971,   16242,    8237,   11528,    1683,   14147,    5505,   51423,   51656,   10560,   10327,       0,       0,       0,       0,       0,       0,       0,       0,       0,       0,       0,       0,       0,       0,       0,       0,    2350,     820,     881,   -1337,     145,    -236,     467,    -327,     924,    -282,    1118,    1013,    1369,    3518,     981,   -1168,  100.0,   12.6,   15.6,   10.8,    1.0,    3.2,   26.2,   13.3,   18.6,    2.7,   22.8,    8.9,   83.0,   83.3,   17.0,   16.7,  100.0,   12.6,   15.6,   10.8,    1.0,    3.2,   26.2,   13.3,   18.6,    2.7,   22.8,    8.9,   83.0,   83.3,   17.0,   16.7,  100.0,    0.0,    0.0,    0.0,    0.0,    0.0,    0.0,    0.0,    0.0,    0.0,    0.0,    0.0,    0.0,    0.0,    0.0,    0.0,    224,     48,     53,     12,      5,      9,     40,     26,     33,     23,     27,     32,    167,    156,    224,     48,     53,     12,      5,      9,     40,     26,     33,     23,     27,     32,    167,    156,      0,      0,      0,      0,      0,      0,      0,      0,      0,      0,      0,      0,      0,      0,    15.2,    18.6,    25.8,    28.8,    12.2,    16.7,    19.3,    25.1,    15.2,    18.6,    25.8,    28.8,    12.2,    16.7,    19.3,    25.1,     0.0,     0.0,     0.0,     0.0,     0.0,     0.0,     0.0,     0.0,"(CONTRACTS OF 50,000 POUNDS)",061641,CME ,061 ,A20,FutOnly
CHEESE (CASH-SETTLED) - CHICAGO MERCANTILE EXCHANGE,260922,2026-09-22,063642,CME ,00,063 ,   32976,   20011,   16930,    7617,    1347,    1720,     413,    3242,     947,      97,    7014,    1156,   31961,   32356,    1015,     620,   32976,   20011,   16930,    7617,    1347,    1720,     413,    3242,     947,      97,    7014,    1156,   31961,   32356,    1015,     620,       0,       0,       0,       0,       0,       0,       0,       0,       0,       0,       0,       0,       0,       0,       0,       0,    1755,    1494,     880,       8,    -255,     192,       9,     115,     -76,     -52,     618,      93,    1668,    1567,      87,     188,  100.0,   60.7,   51.3,   23.1,    4.1,    5.2,    1.3,    9.8,    2.9,    0.3,   21.3,    3.5,   96.9,   98.1,    3.1,    1.9,  100.0,   60.7,   51.3,   23.1,    4.1,    5.2,    1.3,    9.8,    2.9,    0.3,   21.3,    3.5,   96.9,   98.1,    3.1,    1.9,  100.0,    0.0,    0.0,    0.0,    0.0,    0.0,    0.0,    0.0,    0.0,    0.0,    0.0,    0.0,    0.0,    0.0,    0.0,    0.0,     74,     29,     26,.,.,      4,      4,     14,.,.,     10,      6,     46,     58,     74,     29,     26,.,.,      4,      4,     14,.,.,     10,      6,     46,     58,      0,      0,      0,      0,      0,      0,      0,      0,      0,      0,      0,      0,      0,      0,    51.5,    28.7,    71.5,    48.2,    51.0,    26.3,    69.5,    45.3,    51.5,    28.7,    71.5,    48.2,    51.0,    26.3,    69.5,    45.3,     0.0,     0.0,     0.0,     0.0,     0.0,     0.0,     0.0,     0.0,"(CONTRACTS OF 20,000 POUNDS)",063642,CME ,063 ,A25,FutOnly
MID-C DAY-AHEAD PEAK - ICE FUTURES ENERGY DIV,260922,2026-09-22,064391,IFED,01,064 ,   42344,   25780,   28635,    6581,    1069,    2426,    1136,    3869,    2123,    1638,    2060,    2042,   41726,   42224,     618,     120,   42344,   25780,   28635,    6581,    1069,    2426,    1136,    3869,    2123,    1638,    2060,    2042,   41726,   42224,     618,     120,       0,       0,       0,       0,       0,       0,       0,       0,       0,       0,       0,       0,       0,       0,       0,       0,    -101,      57,    -215,     -30,     629,    -394,     123,      41,     -31,       5,    -285,     161,    -109,     -94,       8,      -7,  100.0,   60.9,   67.6,   15.5,    2.5,    5.7,    2.7,    9.1,    5.0,    3.9,    4.9,    4.8,   98.5,   99.7,    1.5,    0.3,  100.0,   60.9,   67.6,   15.5,    2.5,    5.7,    2.7,    9.1,    5.0,    3.9,    4.9,    4.8,   98.5,   99.7,    1.5,    0.3,  100.0,    0.0,    0.0,    0.0,    0.0,    0.0,    0.0,    0.0,    0.0,    0.0,    0.0,    0.0,    0.0,    0.0,    0.0,    0.0,     58,     24,     29,      4,.,.,.,     10,.,      4,      5,      5,     41,     51,     58,     24,     29,      4,.,.,.,     10,.,      4,      5,      5,     41,     51,      0,      0,      0,      0,      0,      0,      0,      0,      0,      0,      0,      0,      0,      0,    40.4,    34.9,    59.2,    58.5,    34.6,    33.3,    48.4,    48.9,    40.4,    34.9,    59.2,    58.5,    34.6,    33.3,    48.4,    48.9,     0.0,     0.0,     0.0,     0.0,     0.0,     0.0,     0.0,     0.0,(Contracts of about 400 MWh),064391,IFED,064 ,N16,FutOnly
MID-C DAY-AHEAD OFF-PEAK - ICE FUTURES ENERGY DIV,260922,2026-09-22,064392,IFED,01,064 ,   27457,   15394,   19815,    4557,     315,    2077,     982,    2412,     535,    2723,    1595,     502,   26770,   27251,     687,     206,   27457,   15394,   19815,    4557,     315,    2077,     982,    2412,     535,    2723,    1595,     502,   26770,   27251,     687,     206,       0,       0,       0,       0,       0,       0,       0,       0,       0,       0,       0,       0,       0,       0,       0,       0,    -136,    -276,    -197,    -160,      75,     130,     196,     -68,     -51,       0,     -55,      25,    -136,    -141,       0,       5,  100.0,   56.1,   72.2,   16.6,    1.1,    7.6,    3.6,    8.8,    1.9,    9.9,    5.8,    1.8,   97.5,   99.2,    2.5,    0.8,  100.0,   56.1,   72.2,   16.6,    1.1,    7.6,    3.6,    8.8,    1.9,    9.9,    5.8,    1.8,   97.5,   99.2,    2.5,    0.8,  100.0,    0.0,    0.0,    0.0,    0.0,    0.0,    0.0,    0.0,    0.0,    0.0,    0.0,    0.0,    0.0,    0.0,    0.0,    0.0,     41,     24,     23,      4,.,.,.,.,.,      4,.,.,     35,     33,     41,     24,     23,      4,.,.,.,.,.,      4,.,.,     35,     33,      0,      0,      0,      0,      0,      0,      0,      0,      0,      0,      0,      0,      0,      0,    39.3,    44.5,    57.6,    73.4,    28.5,    41.0,    43.2,    56.2,    39.3,    44.5,    57.6,    73.4,    28.5,    41.0,    43.2,    56.2,     0.0,     0.0,     0.0,     0.0,     0.0,     0.0,     0.0,     0.0,(Contracts of about 352 MWh),064392,IFED,064 ,N16,FutOnly
PJM WESTERN HUB RT OFF - ICE FUTURES ENERGY DIV,260922,2026-09-22,064394,IFED,01,064 ,  257862,  108408,  150906,    4252,   44874,   14906,   90039,    4621,   14912,    9328,   11379,   15110,  256955,  256708,     907,    1154,  257862,  108408,  150906,    4252,   44874,   14906,   90039,    4621,   14912,    9328,   11379,   15110,  256955,  256708,     907,    1154,       0,       0,       0,       0,       0,       0,       0,       0,       0,       0,       0,       0,       0,       0,       0,       0,   -2270,     920,    -966,    -232,   -1977,    1140,   -3830,    -670,     832,    -789,   -1201,    -280,   -2239,   -3122,     -31,     852,  100.0,   42.0,   58.5,    1.6,   17.4,    5.8,   34.9,    1.8,    5.8,    3.6,    4.4,    5.9,   99.6,   99.6,    0.4,    0.4,  100.0,   42.0,   58.5,    1.6,   17.4,    5.8,   34.9,    1.8,    5.8,    3.6,    4.4,    5.9,   99.6,   99.6,    0.4,    0.4,  100.0,    0.0,    0.0,    0.0,    0.0,    0.0,    0.0,    0.0,    0.0,    0.0,    0.0,    0.0,    0.0,    0.0,    0.0,    0.0,     89,     35,     34,.,      7,      9,     21,.,      9,      9,      9,     13,     82,     69,     89,     35,     34,.,      7,      9,     21,.,      9,      9,      9,     13,     82,     69,      0,      0,      0,      0,      0,      0,      0,      0,      0,      0,      0,      0,      0,      0,    39.2,    42.5,    52.6,    59.4,    35.5,    34.0,    42.8,    45.1,    39.2,    42.5,    52.6,    59.4,    35.5,    34.0,    42.8,    45.1,     0.0,     0.0,     0.0,     0.0,     0.0,     0.0,     0.0,     0.0,(Contracts of about 352 MWh),064394,IFED,064 ,N16,FutOnly
SP15 FIN DA PEAK FIXED - ICE FUTURES ENERGY DIV,260922,2026-09-22,064395,IFED,01,064 ,  102109,   71090,   50293,    8415,   14354,    3406,     698,   14946,    9032,    3123,    4034,    5831,  101595,  101896,     514,     213,  102109,   71090,   50293,    8415,   14354,    3406,     698,   14946,    9032,    3123,    4034,    5831,  101595,  101896,     514,     213,       0,       0,       0,       0,       0,       0,       0,       0,       0,       0,       0,       0,       0,       0,       0,       0,    1672,     607,    1361,    1223,     -46,    -635,     324,     898,     120,     209,     127,    -209,    1639,    1616,      33,      56,  100.0,   69.6,   49.3,    8.2,   14.1,    3.3,    0.7,   14.6,    8.8,    3.1,    4.0,    5.7,   99.5,   99.8,    0.5,    0.2,  100.0,   69.6,   49.3,    8.2,   14.1,    3.3,    0.7,   14.6,    8.8,    3.1,    4.0,    5.7,   99.5,   99.8,    0.5,    0.2,  100.0,    0.0,    0.0,    0.0,    0.0,    0.0,    0.0,    0.0,    0.0,    0.0,    0.0,    0.0,    0.0,    0.0,    0.0,    0.0,     72,     32,     28,      4,.,      6,.,     11,      6,      9,      5,     11,     60,     58,     72,     32,     28,      4,.,      6,.,     11,      6,      9,      5,     11,     60,     58,      0,      0,      0,      0,      0,      0,      0,      0,      0,      0,      0,      0,      0,      0,    42.6,    38.7,    68.7,    59.8,    41.2,    30.9,    55.7,    47.8,    42.6,    38.7,    68.7,    59.8,    41.2,    30.9,    55.7,    47.8,     0.0,     0.0,     0.0,     0.0,     0.0,     0.0,     0.0,     0.0,(Contracts of about 400 MWh),064395,IFED,064 ,N16,FutOnly
CAISO SP-15 DA OFF-PK FIXED - ICE FUTURES ENERGY DIV,260922,2026-09-22,064396,IFED,01,064 ,   77160,   56110,   35041,    3309,   10400,    5583,    2276,    5120,    5352,     355,   11589,    3971,   76956,   77056,     204,     104,   77160,   56110,   35041,    3309,   10400,    5583,    2276,    5120,    5352,     355,   11589,    3971,   76956,   77056,     204,     104,       0,       0,       0,       0,       0,       0,       0,       0,       0,       0,       0,       0,       0,       0,       0,       0,     763,     708,     413,      -8,     107,      15,      -9,      38,     -10,    -138,     -36,     205,     763,     732,       0,      31,  100.0,   72.7,   45.4,    4.3,   13.5,    7.2,    2.9,    6.6,    6.9,    0.5,   15.0,    5.1,   99.7,   99.9,    0.3,    0.1,  100.0,   72.7,   45.4,    4.3,   13.5,    7.2,    2.9,    6.6,    6.9,    0.5,   15.0,    5.1,   99.7,   99.9,    0.3,    0.1,  100.0,    0.0,    0.0,    0.0,    0.0,    0.0,    0.0,    0.0,    0.0,    0.0,    0.0,    0.0,    0.0,    0.0,    0.0,    0.0,     47,     22,     21,      5,.,      6,.,.,.,.,      5,      5,     41,     35,     47,     22,     21,      5,.,      6,.,.,.,.,      5,      5,     41,     35,      0,      0,      0,      0,      0,      0,      0,      0,      0,      0,      0,      0,      0,      0,    46.9,    52.0,    70.7,    76.3,    44.6,    43.7,    58.5,    63.6,    46.9,    52.0,    70.7,    76.3,    44.6,    43.7,    58.5,    63.6,     0.0,     0.0,     0.0,     0.0,     0.0,     0.0,     0.0,     0.0,(Contracts of about 352 MWh),064396,IFED,064 ,N16,FutOnly
PJM AEP DAYTON RT OFF-PK FIXED - ICE FUTURES ENERGY DIV,260922,2026-09-22,06439A,IFED,01,064 ,   59087,   27128,   29572,     696,   10320,    3035,    4166,    8694,    2804,   19239,    2256,    1405,   58473,   58086,     614,    1001,   59087,   27128,   29572,     696,   10320,    3035,    4166,    8694,    2804,   19239,    2256,    1405,   58473,   58086,     614,    1001,       0,       0,       0,       0,       0,       0,       0,       0,       0,       0,       0,       0,       0,       0,       0,       0,    1831,     279,     719,       0,    1192,    -323,    1798,    -536,     710,    -875,    -223,      50,    1639,    1589,     192,     242,  100.0,   45.9,   50.0,    1.2,   17.5,    5.1,    7.1,   14.7,    4.7,   32.6,    3.8,    2.4,   99.0,   98.3,    1.0,    1.7,  100.0,   45.9,   50.0,    1.2,   17.5,    5.1,    7.1,   14.7,    4.7,   32.6,    3.8,    2.4,   99.0,   98.3,    1.0,    1.7,  100.0,    0.0,    0.0,    0.0,    0.0,    0.0,    0.0,    0.0,    0.0,    0.0,    0.0,    0.0,    0.0,    0.0,    0.0,    0.0,     46,     22,     21,.,      6,      7,.,      4,.,      5,.,      6,     41,     40,     46,     22,     21,.,      6,      7,.,      4,.,      5,.,      6,     41,     40,      0,      0,      0,      0,      0,      0,      0,      0,      0,      0,      0,      0,      0,      0,    54.6,    31.4,    67.7,    50.8,    46.3,    25.7,    52.7,    39.9,    54.6,    31.4,    67.7,    50.8,    46.3,    25.7,    52.7,    39.9,     0.0,     0.0,     0.0,     0.0,     0.0,     0.0,     0.0,     0.0,(Contracts of about 352 MWh),06439A,IFED,064 ,N16,FutOnly
PJM AEP DAYTON RT PEAK FIXED - ICE FUTURES ENERGY DIV,260922,2026-09-22,06439B,IFED,01,064 ,   74973,   33785,   43623,    2288,    8608,    4674,    9157,    9109,    3955,   18806,    2644,    1363,   74028,   73976,     945,     997,   74973,   33785,   43623,    2288,    8608,    4674,    9157,    9109,    3955,   18806,    2644,    1363,   74028,   73976,     945,     997,       0,       0,       0,       0,       0,       0,       0,       0,       0,       0,       0,       0,       0,       0,       0,       0,    1693,     680,     631,     -55,      -8,     295,    -482,   -1008,    1457,       4,      77,     -45,    1854,    1399,    -161,     294,  100.0,   45.1,   58.2,    3.1,   11.5,    6.2,   12.2,   12.1,    5.3,   25.1,    3.5,    1.8,   98.7,   98.7,    1.3,    1.3,  100.0,   45.1,   58.2,    3.1,   11.5,    6.2,   12.2,   12.1,    5.3,   25.1,    3.5,    1.8,   98.7,   98.7,    1.3,    1.3,  100.0,    0.0,    0.0,    0.0,    0.0,    0.0,    0.0,    0.0,    0.0,    0.0,    0.0,    0.0,    0.0,    0.0,    0.0,    0.0,     60,     27,     25,.,      5,      7,      7,      4,.,      6,      6,      9,     53,     49,     60,     27,     25,.,      5,      7,      7,      4,.,      6,      6,      9,     53,     49,      0,      0,      0,      0,      0,      0,      0,      0,      0,      0,      0,      0,      0,      0,    45.0,    39.3,    61.9,    56.4,    40.1,    35.4,    50.6,    48.2,    45.0,    39.3,    61.9,    56.4,    40.1,    35.4,    50.6,    48.2,     0.0,     0.0,     0.0,     0.0,     0.0,     0.0,     0.0,     0.0,(Contracts of 800 MWh),06439B,IFED,064 ,N16,FutOnly
PJM AEP DAYTON HUB DA OFF-PK  - ICE FUTURES ENERGY DIV,260922,2026-09-22,06439C,IFED,01,064 ,   54182,   25927,   10848,    3706,   25786,     775,       0,    1495,    2427,   19182,   11392,     973,   52990,   53696,    1192,     486,   54182,   25927,   10848,    3706,   25786,     775,       0,    1495,    2427,   19182,   11392,     973,   52990,   53696,    1192,     486,       0,       0,       0,       0,       0,       0,       0,       0,       0,       0,       0,       0,       0,       0,       0,       0,     229,     183,     466,       0,    -300,       0,       0,      81,     -81,      86,      25,      38,     226,     229,       3,       0,  100.0,   47.9,   20.0,    6.8,   47.6,    1.4,    0.0,    2.8,    4.5,   35.4,   21.0,    1.8,   97.8,   99.1,    2.2,    0.9,  100.0,   47.9,   20.0,    6.8,   47.6,    1.4,    0.0,    2.8,    4.5,   35.4,   21.0,    1.8,   97.8,   99.1,    2.2,    0.9,  100.0,    0.0,    0.0,    0.0,    0.0,    0.0,    0.0,    0.0,    0.0,    0.0,    0.0,    0.0,    0.0,    0.0,    0.0,    0.0,     54,     25,     24,      4,      5,      5,      0,.,.,      7,      7,      7,     42,     45,     54,     25,     24,      4,      5,      5,      0,.,.,      7,      7,      7,     42,     45,      0,      0,      0,      0,      0,      0,      0,      0,      0,      0,      0,      0,      0,      0,    46.6,    67.3,    64.0,    80.3,    46.4,    63.1,    60.1,    72.2,    46.6,    67.3,    64.0,    80.3,    46.4,    63.1,    60.1,    72.2,     0.0,     0.0,     0.0,     0.0,     0.0,     0.0,     0.0,     0.0,(Contracts of about 352 MWh),06439C,IFED,064 ,N16,FutOnly
PJM AEP DAYTON DA PEAK - ICE FUTURES ENERGY DIV,260922,2026-09-22,06439F,IFED,01,064 ,   62923,   32024,   19058,    5037,   25099,    1562,       0,     838,    3143,   18824,   11812,     943,   61533,   62455,    1390,     468,   62923,   32024,   19058,    5037,   25099,    1562,       0,     838,    3143,   18824,   11812,     943,   61533,   62455,    1390,     468,       0,       0,       0,       0,       0,       0,       0,       0,       0,       0,       0,       0,       0,       0,       0,       0,     198,      10,     590,       6,    -255,       0,       0,    -170,     170,      10,     -28,      21,     217,     328,     -19,    -130,  100.0,   50.9,   30.3,    8.0,   39.9,    2.5,    0.0,    1.3,    5.0,   29.9,   18.8,    1.5,   97.8,   99.3,    2.2,    0.7,  100.0,   50.9,   30.3,    8.0,   39.9,    2.5,    0.0,    1.3,    5.0,   29.9,   18.8,    1.5,   97.8,   99.3,    2.2,    0.7,  100.0,    0.0,    0.0,    0.0,    0.0,    0.0,    0.0,    0.0,    0.0,    0.0,    0.0,    0.0,    0.0,    0.0,    0.0,    0.0,     64,     29,     27,      5,      4,      4,      0,.,.,      8,     11,      8,     46,     53,     64,     29,     27,      5,      4,      4,      0,.,.,      8,     11,      8,     46,     53,      0,      0,      0,      0,      0,      0,      0,      0,      0,      0,      0,      0,      0,      0,    41.2,    62.3,    58.1,    78.8,    40.0,    59.7,    54.2,    70.9,    41.2,    62.3,    58.1,    78.8,    40.0,    59.7,    54.2,    70.9,     0.0,     0.0,     0.0,     0.0,     0.0,     0.0,     0.0,     0.0,(Contracts of about 352 MWh),06439F,IFED,064 ,N16,FutOnly
MISO INDIANA  OFF-PEAK - ICE FUTURES ENERGY DIV,260922,2026-09-22,06439K,IFED,01,064 ,   41032,   37758,   21869,     100,    6799,    2349,       0,     415,      85,       0,    9375,       0,   40292,   40892,     740,     140,   41032,   37758,   21869,     100,    6799,    2349,       0,     415,      85,       0,    9375,       0,   40292,   40892,     740,     140,       0,       0,       0,       0,       0,       0,       0,       0,       0,       0,       0,       0,       0,       0,       0,       0,     340,     300,      50,       0,       0,       0,       0,     120,       0,       0,     150,       0,     300,     320,      40,      20,  100.0,   92.0,   53.3,    0.2,   16.6,    5.7,    0.0,    1.0,    0.2,    0.0,   22.8,    0.0,   98.2,   99.7,    1.8,    0.3,  100.0,   92.0,   53.3,    0.2,   16.6,    5.7,    0.0,    1.0,    0.2,    0.0,   22.8,    0.0,   98.2,   99.7,    1.8,    0.3,  100.0,    0.0,    0.0,    0.0,    0.0,    0.0,    0.0,    0.0,    0.0,    0.0,    0.0,    0.0,    0.0,    0.0,    0.0,    0.0,     29,     19,     14,.,      4,.,      0,.,.,      0,.,      0,     23,     22,     29,     19,     14,.,      4,.,      0,.,.,      0,.,      0,     23,     22,      0,      0,      0,      0,      0,      0,      0,      0,      0,      0,      0,      0,      0,      0,    82.2,    56.6,    91.6,    81.3,    71.1,    49.9,    74.2,    69.7,    82.2,    56.6,    91.6,    81.3,    71.1,    49.9,    74.2,    69.7,     0.0,     0.0,     0.0,     0.0,     0.0,     0.0,     0.0,     0.0,(Contracts of about 352 MWh),06439K,IFED,064 ,N16,FutOnly
MISO IN. REAL-TIME OFF-PEAK - ICE FUTURES ENERGY DIV,260922,2026-09-22,06439L,IFED,01,064 ,   30549,   20766,   18029,    1322,    1496,    3318,    3880,    2309,       0,       0,    3933,     940,   30226,   30025,     323,     524,   30549,   20766,   18029,    1322,    1496,    3318,    3880,    2309,       0,       0,    3933,     940,   30226,   30025,     323,     524,       0,       0,       0,       0,       0,       0,       0,       0,       0,       0,       0,       0,       0,       0,       0,       0,     187,     118,     198,      60,     204,      10,       0,    -120,       0,       0,    -100,       0,     188,     192,      -1,      -5,  100.0,   68.0,   59.0,    4.3,    4.9,   10.9,   12.7,    7.6,    0.0,    0.0,   12.9,    3.1,   98.9,   98.3,    1.1,    1.7,  100.0,   68.0,   59.0,    4.3,    4.9,   10.9,   12.7,    7.6,    0.0,    0.0,   12.9,    3.1,   98.9,   98.3,    1.1,    1.7,  100.0,    0.0,    0.0,    0.0,    0.0,    0.0,    0.0,    0.0,    0.0,    0.0,    0.0,    0.0,    0.0,    0.0,    0.0,    0.0,     30,     18,     15,.,.,.,.,.,      0,      0,.,.,     23,     25,     30,     18,     15,.,.,.,.,.,      0,      0,.,.,     23,     25,      0,      0,      0,      0,      0,      0,      0,      0,      0,      0,      0,      0,      0,      0,    54.5,    51.1,    74.8,    81.2,    41.7,    42.3,    54.3,    59.2,    54.5,    51.1,    74.8,    81.2,    41.7,    42.3,    54.3,    59.2,     0.0,     0.0,     0.0,     0.0,     0.0,     0.0,     0.0,     0.0,(Contracts of about 352 MWh),06439L,IFED,064 ,N16,FutOnly
ERCOT HOUSTON 345KV RT PK FIX - ICE FUTURES ENERGY DIV,260922,2026-09-22,06439N,IFED,01,064 ,   42153,   24530,   33449,    1550,    3849,    3305,    3951,      50,     200,    7105,     320,     980,   41621,   42153,     532,       0,   42153,   24530,   33449,    1550,    3849,    3305,    3951,      50,     200,    7105,     320,     980,   41621,   42153,     532,       0,       0,       0,       0,       0,       0,       0,       0,       0,       0,       0,       0,       0,       0,       0,       0,       0,    -235,     770,     -90,    -930,       0,     225,       0,    -150,       0,     100,    -120,    -100,      65,    -235,    -300,       0,  100.0,   58.2,   79.4,    3.7,    9.1,    7.8,    9.4,    0.1,    0.5,   16.9,    0.8,    2.3,   98.7,  100.0,    1.3,    0.0,  100.0,   58.2,   79.4,    3.7,    9.1,    7.8,    9.4,    0.1,    0.5,   16.9,    0.8,    2.3,   98.7,  100.0,    1.3,    0.0,  100.0,    0.0,    0.0,    0.0,    0.0,    0.0,    0.0,    0.0,    0.0,    0.0,    0.0,    0.0,    0.0,    0.0,    0.0,    0.0,     35,     17,     14,.,.,      4,.,.,.,.,.,      4,     28,     25,     35,     17,     14,.,.,      4,.,.,.,.,.,      4,     28,     25,      0,      0,      0,      0,      0,      0,      0,      0,      0,      0,      0,      0,      0,      0,    35.2,    70.2,    55.3,    85.0,    33.5,    70.2,    50.7,    76.2,    35.2,    70.2,    55.3,    85.0,    33.5,    70.2,    50.7,    76.2,     0.0,     0.0,     0.0,     0.0,     0.0,     0.0,     0.0,     0.0,(Contracts of about 352 MWh),06439N,IFED,064 ,N16,FutOnly
ERCOT Houston 345KV RT OFF FIX - ICE FUTURES ENERGY DIV,260922,2026-09-22,06439Q,IFED,01,064 ,   41083,   23310,   32324,    1075,    4029,    3620,    3951,      50,     200,    7595,       0,     860,   40611,   41083,     472,       0,   41083,   23310,   32324,    1075,    4029,    3620,    3951,      50,     200,    7595,       0,     860,   40611,   41083,     472,       0,       0,       0,       0,       0,       0,       0,       0,       0,       0,       0,       0,       0,       0,       0,       0,       0,     320,     850,      10,    -910,       0,     560,       0,    -150,       0,     220,       0,    -100,     620,     320,    -300,       0,  100.0,   56.7,   78.7,    2.6,    9.8,    8.8,    9.6,    0.1,    0.5,   18.5,    0.0,    2.1,   98.9,  100.0,    1.1,    0.0,  100.0,   56.7,   78.7,    2.6,    9.8,    8.8,    9.6,    0.1,    0.5,   18.5,    0.0,    2.1,   98.9,  100.0,    1.1,    0.0,  100.0,    0.0,    0.0,    0.0,    0.0,    0.0,    0.0,    0.0,    0.0,    0.0,    0.0,    0.0,    0.0,    0.0,    0.0,    0.0,     34,     16,     13,.,.,      4,.,.,.,      4,      0,.,     26,     23,     34,     16,     13,.,.,      4,.,.,.,      4,      0,.,     26,     23,      0,      0,      0,      0,      0,      0,      0,      0,      0,      0,      0,      0,      0,      0,    35.8,    70.6,    56.4,    85.8,    34.6,    70.3,    52.1,    76.5,    35.8,    70.6,    56.4,    85.8,    34.6,    70.3,    52.1,    76.5,     0.0,     0.0,     0.0,     0.0,     0.0,     0.0,     0.0,     0.0,(Contracts of about 352 MWh),06439Q,IFED,064 ,N16,FutOnly
ERCOT NORTH 345KV RT PK FIX - ICE FUTURES ENERGY DIV,260922,2026-09-22,06439R,IFED,01,064 ,  267291,  117055,  178381,   14335,   23537,   13578,   69911,    6467,   20641,   22787,   16473,    7629,  265936,  266706,    1355,     585,  267291,  117055,  178381,   14335,   23537,   13578,   69911,    6467,   20641,   22787,   16473,    7629,  265936,  266706,    1355,     585,       0,       0,       0,       0,       0,       0,       0,       0,       0,       0,       0,       0,       0,       0,       0,       0,    4709,    1488,    3744,     277,     123,     539,    2274,    -378,     128,     204,     790,    -178,    4732,    4768,     -23,     -59,  100.0,   43.8,   66.7,    5.4,    8.8,    5.1,   26.2,    2.4,    7.7,    8.5,    6.2,    2.9,   99.5,   99.8,    0.5,    0.2,  100.0,   43.8,   66.7,    5.4,    8.8,    5.1,   26.2,    2.4,    7.7,    8.5,    6.2,    2.9,   99.5,   99.8,    0.5,    0.2,  100.0,    0.0,    0.0,    0.0,    0.0,    0.0,    0.0,    0.0,    0.0,    0.0,    0.0,    0.0,    0.0,    0.0,    0.0,    0.0,    114,     43,     42,.,      7,      8,     13,     15,     12,     14,     12,     15,     90,     95,    114,     43,     42,.,      7,      8,     13,     15,     12,     14,     12,     15,     90,     95,      0,      0,      0,      0,      0,      0,      0,      0,      0,      0,      0,      0,      0,      0,    33.5,    37.3,    53.1,    53.7,    24.8,    32.0,    39.4,    41.2,    33.5,    37.3,    53.1,    53.7,    24.8,    32.0,    39.4,    41.2,     0.0,     0.0,     0.0,     0.0,     0.0,     0.0,     0.0,     0.0,(1 Mw per Peak Hour),06439R,IFED,064 ,N16,FutOnly
ERCOT SOUTH 345 KV RT PEAK FIX - ICE FUTURES ENERGY DIV,260922,2026-09-22,06439S,IFED,01,064 ,   28279,   22255,   15685,    4405,    7982,     548,       0,    3300,       0,     450,      10,     350,   28008,   27875,     271,     404,   28279,   22255,   15685,    4405,    7982,     548,       0,    3300,       0,     450,      10,     350,   28008,   27875,     271,     404,       0,       0,       0,       0,       0,       0,       0,       0,       0,       0,       0,       0,       0,       0,       0,       0,       0,       0,       0,       0,       0,       0,       0,       0,       0,       0,       0,       0,       0,       0,       0,       0,  100.0,   78.7,   55.5,   15.6,   28.2,    1.9,    0.0,   11.7,    0.0,    1.6,    0.0,    1.2,   99.0,   98.6,    1.0,    1.4,  100.0,   78.7,   55.5,   15.6,   28.2,    1.9,    0.0,   11.7,    0.0,    1.6,    0.0,    1.2,   99.0,   98.6,    1.0,    1.4,  100.0,    0.0,    0.0,    0.0,    0.0,    0.0,    0.0,    0.0,    0.0,    0.0,    0.0,    0.0,    0.0,    0.0,    0.0,    0.0,     26,     13,      9,.,.,.,      0,.,      0,.,.,.,     19,     15,     26,     13,      9,.,.,.,      0,.,      0,.,.,.,     19,     15,      0,      0,      0,      0,      0,      0,      0,      0,      0,      0,      0,      0,      0,      0,    50.9,    52.1,    76.4,    87.8,    50.9,    52.1,    73.4,    85.4,    50.9,    52.1,    76.4,    87.8,    50.9,    52.1,    73.4,    85.4,     0.0,     0.0,     0.0,     0.0,     0.0,     0.0,     0.0,     0.0,(1 Mw per Peak Hour),06439S,IFED,064 ,N16,FutOnly
ERCOT-SOUTH MONTHLY OFFPEAK - ICE FUTURES ENERGY DIV,260922,2026-09-22,06439U,IFED,01,064 ,   27528,   21252,   15566,    4405,    7098,     800,       0,    3300,       0,     450,      10,     350,   27257,   27124,     271,     404,   27528,   21252,   15566,    4405,    7098,     800,       0,    3300,       0,     450,      10,     350,   27257,   27124,     271,     404,       0,       0,       0,       0,       0,       0,       0,       0,       0,       0,       0,       0,       0,       0,       0,       0,       0,       0,       0,       0,       0,       0,       0,       0,       0,       0,       0,       0,       0,       0,       0,       0,  100.0,   77.2,   56.5,   16.0,   25.8,    2.9,    0.0,   12.0,    0.0,    1.6,    0.0,    1.3,   99.0,   98.5,    1.0,    1.5,  100.0,   77.2,   56.5,   16.0,   25.8,    2.9,    0.0,   12.0,    0.0,    1.6,    0.0,    1.3,   99.0,   98.5,    1.0,    1.5,  100.0,    0.0,    0.0,    0.0,    0.0,    0.0,    0.0,    0.0,    0.0,    0.0,    0.0,    0.0,    0.0,    0.0,    0.0,    0.0,     26,     13,      9,.,.,.,      0,.,      0,.,.,.,     19,     15,     26,     13,      9,.,.,.,      0,.,      0,.,.,.,     19,     15,      0,      0,      0,      0,      0,      0,      0,      0,      0,      0,      0,      0,      0,      0,    52.3,    53.5,    74.9,    87.7,    52.3,    53.5,    71.1,    84.3,    52.3,    53.5,    74.9,    87.7,    52.3,    53.5,    71.1,    84.3,     0.0,     0.0,     0.0,     0.0,     0.0,     0.0,     0.0,     0.0,(1 MW per off-peak hour),06439U,IFED,064 ,N16,FutOnly
ERCOT WEST 345KV RT PEAK - ICE FUTURES ENERGY DIV,260922,2026-09-22,06439V,IFED,01,064 ,   33250,   17284,   26576,   12776,       0,    1495,       0,    1672,     400,     600,    2148,     521,   33076,   32812,     174,     438,   33250,   17284,   26576,   12776,       0,    1495,       0,    1672,     400,     600,    2148,     521,   33076,   32812,     174,     438,       0,       0,       0,       0,       0,       0,       0,       0,       0,       0,       0,       0,       0,       0,       0,       0,     339,     519,    -281,      60,       0,       0,       0,       0,       0,    -101,     819,    -139,     339,     399,       0,     -60,  100.0,   52.0,   79.9,   38.4,    0.0,    4.5,    0.0,    5.0,    1.2,    1.8,    6.5,    1.6,   99.5,   98.7,    0.5,    1.3,  100.0,   52.0,   79.9,   38.4,    0.0,    4.5,    0.0,    5.0,    1.2,    1.8,    6.5,    1.6,   99.5,   98.7,    0.5,    1.3,  100.0,    0.0,    0.0,    0.0,    0.0,    0.0,    0.0,    0.0,    0.0,    0.0,    0.0,    0.0,    0.0,    0.0,    0.0,    0.0,     27,     15,     11,      5,      0,      4,      0,.,.,.,.,.,     24,     19,     27,     15,     11,      5,      0,      4,      0,.,.,.,.,.,     24,     19,      0,      0,      0,      0,      0,      0,      0,      0,      0,      0,      0,      0,      0,      0,    57.9,    62.5,    74.5,    86.0,    56.7,    56.7,    68.8,    77.8,    57.9,    62.5,    74.5,    86.0,    56.7,    56.7,    68.8,    77.8,     0.0,     0.0,     0.0,     0.0,     0.0,     0.0,     0.0,     0.0,(1 MW per peak hour),06439V,IFED,064 ,N16,FutOnly
ERCOT WEST 345K RT OFF-PEAK - ICE FUTURES ENERGY DIV,260922,2026-09-22,06439W,IFED,01,064 ,   33174,   17212,   26590,   12832,       0,    1435,       0,    1672,     400,     600,    2148,     521,   33000,   32766,     174,     408,   33174,   17212,   26590,   12832,       0,    1435,       0,    1672,     400,     600,    2148,     521,   33000,   32766,     174,     408,       0,       0,       0,       0,       0,       0,       0,       0,       0,       0,       0,       0,       0,       0,       0,       0,     339,     519,    -281,      60,       0,       0,       0,       0,       0,    -101,     819,    -139,     339,     399,       0,     -60,  100.0,   51.9,   80.2,   38.7,    0.0,    4.3,    0.0,    5.0,    1.2,    1.8,    6.5,    1.6,   99.5,   98.8,    0.5,    1.2,  100.0,   51.9,   80.2,   38.7,    0.0,    4.3,    0.0,    5.0,    1.2,    1.8,    6.5,    1.6,   99.5,   98.8,    0.5,    1.2,  100.0,    0.0,    0.0,    0.0,    0.0,    0.0,    0.0,    0.0,    0.0,    0.0,    0.0,    0.0,    0.0,    0.0,    0.0,    0.0,     27,     15,     11,      5,      0,      4,      0,.,.,.,.,.,     24,     19,     27,     15,     11,      5,      0,      4,      0,.,.,.,.,.,     24,     19,      0,      0,      0,      0,      0,      0,      0,      0,      0,      0,      0,      0,      0,      0,    57.8,    62.7,    74.5,    86.2,    56.7,    56.9,    68.9,    78.0,    57.8,    62.7,    74.5,    86.2,    56.7,    56.9,    68.9,    78.0,     0.0,     0.0,     0.0,     0.0,     0.0,     0.0,     0.0,     0.0,(1 MW per Off-Peak Hour),06439W,IFED,064 ,N16,FutOnly
ERCOT NORTH 345KV DA PK DLY FI - ICE FUTURES ENERGY DIV,260922,2026-09-22,0643A5,IFED,01,064 ,    6250,    2500,    3700,    1600,       0,       0,     650,     400,     400,     850,    1500,     200,    6200,    6200,      50,      50,    6250,    2500,    3700,    1600,       0,       0,     650,     400,     400,     850,    1500,     200,    6200,    6200,      50,      50,       0,       0,       0,       0,       0,       0,       0,       0,       0,       0,       0,       0,       0,       0,       0,       0,.,.,.,.,.,.,.,.,.,.,.,.,.,.,.,.,  100.0,   40.0,   59.2,   25.6,    0.0,    0.0,   10.4,    6.4,    6.4,   13.6,   24.0,    3.2,   99.2,   99.2,    0.8,    0.8,  100.0,   40.0,   59.2,   25.6,    0.0,    0.0,   10.4,    6.4,    6.4,   13.6,   24.0,    3.2,   99.2,   99.2,    0.8,    0.8,  100.0,    0.0,    0.0,    0.0,    0.0,    0.0,    0.0,    0.0,    0.0,    0.0,    0.0,    0.0,    0.0,    0.0,    0.0,    0.0,     20,      7,      8,.,      0,      0,.,.,.,.,      5,.,     12,     15,     20,      7,      8,.,      0,      0,.,.,.,.,      5,.,     12,     15,      0,      0,      0,      0,      0,      0,      0,      0,      0,      0,      0,      0,      0,      0,    68.0,    60.8,    90.4,    85.6,    57.6,    58.4,    72.8,    72.0,    68.0,    60.8,    90.4,    85.6,    57.6,    58.4,    72.8,    72.0,     0.0,     0.0,     0.0,     0.0,     0.0,     0.0,     0.0,     0.0,Megawatt Hours (MWh),0643A5,IFED,064 ,N16,FutOnly
ERCOT - NORTH MONTHLY OFF-PEAK - ICE FUTURES ENERGY DIV,260922,2026-09-22,0643A8,IFED,01,064 ,  117438,   85053,   80643,   11845,    6611,    9850,    3715,    3681,    4570,     300,   10079,    1301,  116634,  116735,     804,     703,  117438,   85053,   80643,   11845,    6611,    9850,    3715,    3681,    4570,     300,   10079,    1301,  116634,  116735,     804,     703,       0,       0,       0,       0,       0,       0,       0,       0,       0,       0,       0,       0,       0,       0,       0,       0,    1506,     670,     496,    1690,     100,       0,   -1870,     150,    1020,    -120,     140,     -40,    1350,    1866,     156,    -360,  100.0,   72.4,   68.7,   10.1,    5.6,    8.4,    3.2,    3.1,    3.9,    0.3,    8.6,    1.1,   99.3,   99.4,    0.7,    0.6,  100.0,   72.4,   68.7,   10.1,    5.6,    8.4,    3.2,    3.1,    3.9,    0.3,    8.6,    1.1,   99.3,   99.4,    0.7,    0.6,  100.0,    0.0,    0.0,    0.0,    0.0,    0.0,    0.0,    0.0,    0.0,    0.0,    0.0,    0.0,    0.0,    0.0,    0.0,    0.0,     48,     25,     22,.,      4,      5,.,.,.,.,      8,      5,     38,     41,     48,     25,     22,.,      4,      5,.,.,.,.,      8,      5,     38,     41,      0,      0,      0,      0,      0,      0,      0,      0,      0,      0,      0,      0,      0,      0,    43.1,    43.2,    69.7,    61.9,    39.0,    39.7,    61.1,    54.0,    43.1,    43.2,    69.7,    61.9,    39.0,    39.7,    61.1,    54.0,     0.0,     0.0,     0.0,     0.0,     0.0,     0.0,     0.0,     0.0,1 Mw per Off-Peak Hour,0643A8,IFED,064 ,N16,FutOnly
MISO IN. DAY-AHEAD PEAK - ICE FUTURES ENERGY DIV,260922,2026-09-22,0643AZ,IFED,01,064 ,   22879,   18867,    9078,     195,    7532,    2187,       0,     967,     125,     625,    2441,     365,   22364,   22695,     515,     184,   22879,   18867,    9078,     195,    7532,    2187,       0,     967,     125,     625,    2441,     365,   22364,   22695,     515,     184,       0,       0,       0,       0,       0,       0,       0,       0,       0,       0,       0,       0,       0,       0,       0,       0,    1117,     542,     732,       0,      50,       0,       0,     110,       0,     575,     225,      20,    1137,    1137,     -20,     -20,  100.0,   82.5,   39.7,    0.9,   32.9,    9.6,    0.0,    4.2,    0.5,    2.7,   10.7,    1.6,   97.7,   99.2,    2.3,    0.8,  100.0,   82.5,   39.7,    0.9,   32.9,    9.6,    0.0,    4.2,    0.5,    2.7,   10.7,    1.6,   97.7,   99.2,    2.3,    0.8,  100.0,    0.0,    0.0,    0.0,    0.0,    0.0,    0.0,    0.0,    0.0,    0.0,    0.0,    0.0,    0.0,    0.0,    0.0,    0.0,     37,     24,     12,.,      4,      4,      0,.,.,.,.,.,     34,     22,     37,     24,     12,.,      4,      4,      0,.,.,.,.,.,     34,     22,      0,      0,      0,      0,      0,      0,      0,      0,      0,      0,      0,      0,      0,      0,    58.6,    74.2,    75.9,    91.9,    47.2,    63.2,    61.4,    72.2,    58.6,    74.2,    75.9,    91.9,    47.2,    63.2,    61.4,    72.2,     0.0,     0.0,     0.0,     0.0,     0.0,     0.0,     0.0,     0.0,(1 MW per peak hour),0643AZ,IFED,064 ,N16,FutOnly
MISO INDIANA HUB RT PEAK - ICE FUTURES ENERGY DIV,260922,2026-09-22,0643B3,IFED,01,064 ,   39116,   22517,   21508,    5794,    1938,    3069,    4002,    3894,       0,      25,    4904,    3088,   38495,   38401,     621,     715,   39116,   22517,   21508,    5794,    1938,    3069,    4002,    3894,       0,      25,    4904,    3088,   38495,   38401,     621,     715,       0,       0,       0,       0,       0,       0,       0,       0,       0,       0,       0,       0,       0,       0,       0,       0,    1263,    1063,     465,     152,     485,      55,      15,    -170,       0,       0,     410,       0,    1285,    1245,     -22,      18,  100.0,   57.6,   55.0,   14.8,    5.0,    7.8,   10.2,   10.0,    0.0,    0.1,   12.5,    7.9,   98.4,   98.2,    1.6,    1.8,  100.0,   57.6,   55.0,   14.8,    5.0,    7.8,   10.2,   10.0,    0.0,    0.1,   12.5,    7.9,   98.4,   98.2,    1.6,    1.8,  100.0,    0.0,    0.0,    0.0,    0.0,    0.0,    0.0,    0.0,    0.0,    0.0,    0.0,    0.0,    0.0,    0.0,    0.0,    0.0,     36,     17,     18,.,.,.,      4,.,      0,.,.,.,     26,     28,     36,     17,     18,.,.,.,      4,.,      0,.,.,.,     26,     28,      0,      0,      0,      0,      0,      0,      0,      0,      0,      0,      0,      0,      0,      0,    54.3,    52.6,    78.0,    73.3,    43.8,    42.4,    57.2,    58.1,    54.3,    52.6,    78.0,    73.3,    43.8,    42.4,    57.2,    58.1,     0.0,     0.0,     0.0,     0.0,     0.0,     0.0,     0.0,     0.0,(Contracts of 800 MWh),0643B3,IFED,064 ,N16,FutOnly
PJM N. IL HUB DA OFF-PK  - ICE FUTURES ENERGY DIV,260922,2026-09-22,0643BC,IFED,01,064 ,   22967,   15718,   14986,    2832,    5691,     252,     600,     525,     730,    2310,     197,      37,   22479,   22418,     488,     549,   22967,   15718,   14986,    2832,    5691,     252,     600,     525,     730,    2310,     197,      37,   22479,   22418,     488,     549,       0,       0,       0,       0,       0,       0,       0,       0,       0,       0,       0,       0,       0,       0,       0,       0,     385,     240,     100,       0,     470,     -60,       0,    -255,     180,       0,     -74,      24,     384,     385,       1,       0,  100.0,   68.4,   65.3,   12.3,   24.8,    1.1,    2.6,    2.3,    3.2,   10.1,    0.9,    0.2,   97.9,   97.6,    2.1,    2.4,  100.0,   68.4,   65.3,   12.3,   24.8,    1.1,    2.6,    2.3,    3.2,   10.1,    0.9,    0.2,   97.9,   97.6,    2.1,    2.4,  100.0,    0.0,    0.0,    0.0,    0.0,    0.0,    0.0,    0.0,    0.0,    0.0,    0.0,    0.0,    0.0,    0.0,    0.0,    0.0,     34,     15,     11,.,      6,.,.,.,.,.,      4,.,     23,     23,     34,     15,     11,.,      6,.,.,.,.,.,      4,.,     23,     23,      0,      0,      0,      0,      0,      0,      0,      0,      0,      0,      0,      0,      0,      0,    49.4,    70.0,    73.5,    85.6,    49.4,    68.9,    71.2,    80.4,    49.4,    70.0,    73.5,    85.6,    49.4,    68.9,    71.2,    80.4,     0.0,     0.0,     0.0,     0.0,     0.0,     0.0,     0.0,     0.0,(1 MW per off-peak hour),0643BC,IFED,064 ,N16,FutOnly
PJM N. IL HUB DA PEAK - ICE FUTURES ENERGY DIV,260922,2026-09-22,0643BE,IFED,01,064 ,   22209,   15444,   16085,    2596,    4507,     321,     600,      30,     495,    2250,     220,      83,   21789,   21741,     420,     468,   22209,   15444,   16085,    2596,    4507,     321,     600,      30,     495,    2250,     220,      83,   21789,   21741,     420,     468,       0,       0,       0,       0,       0,       0,       0,       0,       0,       0,       0,       0,       0,       0,       0,       0,     283,     155,      -2,       0,     490,     -80,       0,    -255,     180,       0,     -74,      24,     279,     283,       4,       0,  100.0,   69.5,   72.4,   11.7,   20.3,    1.4,    2.7,    0.1,    2.2,   10.1,    1.0,    0.4,   98.1,   97.9,    1.9,    2.1,  100.0,   69.5,   72.4,   11.7,   20.3,    1.4,    2.7,    0.1,    2.2,   10.1,    1.0,    0.4,   98.1,   97.9,    1.9,    2.1,  100.0,    0.0,    0.0,    0.0,    0.0,    0.0,    0.0,    0.0,    0.0,    0.0,    0.0,    0.0,    0.0,    0.0,    0.0,    0.0,     36,     19,     11,.,      6,      4,.,.,.,.,      4,.,     28,     24,     36,     19,     11,.,      6,      4,.,.,.,.,      4,.,     28,     24,      0,      0,      0,      0,      0,      0,      0,      0,      0,      0,      0,      0,      0,      0,    48.7,    68.3,    70.4,    84.1,    48.0,    67.1,    69.6,    78.8,    48.7,    68.3,    70.4,    84.1,    48.0,    67.1,    69.6,    78.8,     0.0,     0.0,     0.0,     0.0,     0.0,     0.0,     0.0,     0.0,(1 MW per peak hour),0643BE,IFED,064 ,N16,FutOnly
ISO NE MASS HUB DA OFF-PK FIXD - ICE FUTURES ENERGY DIV,260922,2026-09-22,0643BF,IFED,01,064 ,   63258,   44012,   47572,    6203,    5314,    2405,    1026,    5400,     275,    8512,    1699,     409,   62842,   63074,     416,     184,   63258,   44012,   47572,    6203,    5314,    2405,    1026,    5400,     275,    8512,    1699,     409,   62842,   63074,     416,     184,       0,       0,       0,       0,       0,       0,       0,       0,       0,       0,       0,       0,       0,       0,       0,       0,    1591,     393,     657,     -95,      -5,      68,     -50,    1128,    -327,    2017,     498,    -431,    1575,    1588,      16,       3,  100.0,   69.6,   75.2,    9.8,    8.4,    3.8,    1.6,    8.5,    0.4,   13.5,    2.7,    0.6,   99.3,   99.7,    0.7,    0.3,  100.0,   69.6,   75.2,    9.8,    8.4,    3.8,    1.6,    8.5,    0.4,   13.5,    2.7,    0.6,   99.3,   99.7,    0.7,    0.3,  100.0,    0.0,    0.0,    0.0,    0.0,    0.0,    0.0,    0.0,    0.0,    0.0,    0.0,    0.0,    0.0,    0.0,    0.0,    0.0,     50,     20,     19,      5,.,      5,.,      4,      4,      5,      6,      6,     39,     40,     50,     20,     19,      5,.,      5,.,      4,      4,      5,      6,      6,     39,     40,      0,      0,      0,      0,      0,      0,      0,      0,      0,      0,      0,      0,      0,      0,    45.3,    66.4,    67.2,    81.4,    45.1,    65.3,    65.5,    77.9,    45.3,    66.4,    67.2,    81.4,    45.1,    65.3,    65.5,    77.9,     0.0,     0.0,     0.0,     0.0,     0.0,     0.0,     0.0,     0.0,(1 MW per Hour for about 368 Hours),0643BF,IFED,064 ,N16,FutOnly
ISO NE MASS HUB DA PEAK - ICE FUTURES ENERGY DIV,260922,2026-09-22,0643BG,IFED,01,064 ,   84447,   62409,   58003,    7423,    4970,    1720,     873,   11984,    2871,    6613,    2511,    2081,   83990,   84140,     457,     307,   84447,   62409,   58003,    7423,    4970,    1720,     873,   11984,    2871,    6613,    2511,    2081,   83990,   84140,     457,     307,       0,       0,       0,       0,       0,       0,       0,       0,       0,       0,       0,       0,       0,       0,       0,       0,   -2512,    -818,   -1752,      42,      49,     -57,    -115,     972,   -1337,     583,     340,    -704,   -2406,   -2489,    -106,     -23,  100.0,   73.9,   68.7,    8.8,    5.9,    2.0,    1.0,   14.2,    3.4,    7.8,    3.0,    2.5,   99.5,   99.6,    0.5,    0.4,  100.0,   73.9,   68.7,    8.8,    5.9,    2.0,    1.0,   14.2,    3.4,    7.8,    3.0,    2.5,   99.5,   99.6,    0.5,    0.4,  100.0,    0.0,    0.0,    0.0,    0.0,    0.0,    0.0,    0.0,    0.0,    0.0,    0.0,    0.0,    0.0,    0.0,    0.0,    0.0,     67,     20,     20,      6,      5,      5,.,     10,      4,      5,     11,     12,     48,     53,     67,     20,     20,      6,      5,      5,.,     10,      4,      5,     11,     12,     48,     53,      0,      0,      0,      0,      0,      0,      0,      0,      0,      0,      0,      0,      0,      0,    47.3,    59.3,    67.1,    73.8,    47.1,    57.2,    64.6,    69.7,    47.3,    59.3,    67.1,    73.8,    47.1,    57.2,    64.6,    69.7,     0.0,     0.0,     0.0,     0.0,     0.0,     0.0,     0.0,     0.0,(Contracts of 800MWh),0643BG,IFED,064 ,N16,FutOnly
CAISO NP-15 PEAK - ICE FUTURES ENERGY DIV,260922,2026-09-22,0643BM,IFED,01,064 ,   44794,   24834,   29264,   11002,       0,    1928,     499,    2949,    2676,    2056,    6363,    1461,   44456,   44641,     338,     153,   44794,   24834,   29264,   11002,       0,    1928,     499,    2949,    2676,    2056,    6363,    1461,   44456,   44641,     338,     153,       0,       0,       0,       0,       0,       0,       0,       0,       0,       0,       0,       0,       0,       0,       0,       0,     334,     147,     118,      -5,       0,     -76,    -101,     285,      58,     105,    -187,      70,     198,     268,     136,      66,  100.0,   55.4,   65.3,   24.6,    0.0,    4.3,    1.1,    6.6,    6.0,    4.6,   14.2,    3.3,   99.2,   99.7,    0.8,    0.3,  100.0,   55.4,   65.3,   24.6,    0.0,    4.3,    1.1,    6.6,    6.0,    4.6,   14.2,    3.3,   99.2,   99.7,    0.8,    0.3,  100.0,    0.0,    0.0,    0.0,    0.0,    0.0,    0.0,    0.0,    0.0,    0.0,    0.0,    0.0,    0.0,    0.0,    0.0,    0.0,     44,     21,     16,      6,      0,.,.,.,.,.,.,      5,     38,     27,     44,     21,     16,      6,      0,.,.,.,.,.,.,      5,     38,     27,      0,      0,      0,      0,      0,      0,      0,      0,      0,      0,      0,      0,      0,      0,    48.8,    68.3,    71.2,    87.1,    48.7,    66.1,    64.7,    76.3,    48.8,    68.3,    71.2,    87.1,    48.7,    66.1,    64.7,    76.3,     0.0,     0.0,     0.0,     0.0,     0.0,     0.0,     0.0,     0.0,(Contracts of 400MWh),0643BM,IFED,064 ,N16,FutOnly
CAISO NP-15 DA OFF-PK FIXED - ICE FUTURES ENERGY DIV,260922,2026-09-22,0643BR,IFED,01,064 ,   46910,   20574,   30827,   16760,     425,     129,     364,    8183,     919,    7377,    5823,     524,   46647,   46830,     263,      80,   46910,   20574,   30827,   16760,     425,     129,     364,    8183,     919,    7377,    5823,     524,   46647,   46830,     263,      80,       0,       0,       0,       0,       0,       0,       0,       0,       0,       0,       0,       0,       0,       0,       0,       0,    -104,    -234,     -40,      -7,       0,       0,      80,     -64,       0,      57,       0,       0,    -104,    -104,       0,       0,  100.0,   43.9,   65.7,   35.7,    0.9,    0.3,    0.8,   17.4,    2.0,   15.7,   12.4,    1.1,   99.4,   99.8,    0.6,    0.2,  100.0,   43.9,   65.7,   35.7,    0.9,    0.3,    0.8,   17.4,    2.0,   15.7,   12.4,    1.1,   99.4,   99.8,    0.6,    0.2,  100.0,    0.0,    0.0,    0.0,    0.0,    0.0,    0.0,    0.0,    0.0,    0.0,    0.0,    0.0,    0.0,    0.0,    0.0,    0.0,     36,     16,     15,      5,.,.,.,.,.,      5,.,.,     29,     23,     36,     16,     15,      5,.,.,.,.,.,      5,.,.,     29,     23,      0,      0,      0,      0,      0,      0,      0,      0,      0,      0,      0,      0,      0,      0,    55.3,    83.1,    75.7,    93.7,    54.9,    81.1,    72.7,    89.2,    55.3,    83.1,    75.7,    93.7,    54.9,    81.1,    72.7,    89.2,     0.0,     0.0,     0.0,     0.0,     0.0,     0.0,     0.0,     0.0,(1 MW per Hour for about 386 Hours),0643BR,IFED,064 ,N16,FutOnly
PJM NI HUB RT OFF-PK FIXED - ICE FUTURES ENERGY DIV,260922,2026-09-22,0643BS,IFED,01,064 ,   84005,   20735,   66544,    1325,   10988,    1476,   55208,       0,    3977,     222,       0,     300,   83243,   83285,     762,     720,   84005,   20735,   66544,    1325,   10988,    1476,   55208,       0,    3977,     222,       0,     300,   83243,   83285,     762,     720,       0,       0,       0,       0,       0,       0,       0,       0,       0,       0,       0,       0,       0,       0,       0,       0,     200,     256,     220,     180,       0,     -75,    -205,       0,      55,     -10,       0,       0,     201,     200,      -1,       0,  100.0,   24.7,   79.2,    1.6,   13.1,    1.8,   65.7,    0.0,    4.7,    0.3,    0.0,    0.4,   99.1,   99.1,    0.9,    0.9,  100.0,   24.7,   79.2,    1.6,   13.1,    1.8,   65.7,    0.0,    4.7,    0.3,    0.0,    0.4,   99.1,   99.1,    0.9,    0.9,  100.0,    0.0,    0.0,    0.0,    0.0,    0.0,    0.0,    0.0,    0.0,    0.0,    0.0,    0.0,    0.0,    0.0,    0.0,    0.0,     34,     17,     16,.,      4,      5,      4,      0,.,.,      0,.,     29,     25,     34,     17,     16,.,      4,      5,      4,      0,.,.,      0,.,     29,     25,      0,      0,      0,      0,      0,      0,      0,      0,      0,      0,      0,      0,      0,      0,    76.0,    74.4,    88.0,    84.2,    71.3,    73.6,    80.3,    79.7,    76.0,    74.4,    88.0,    84.2,    71.3,    73.6,    80.3,    79.7,     0.0,     0.0,     0.0,     0.0,     0.0,     0.0,     0.0,     0.0,(1 MW per Hour for about 386 Hours),0643BS,IFED,064 ,N16,FutOnly
PJM N. IL HUB RT PEAK - ICE FUTURES ENERGY DIV,260922,2026-09-22,0643BT,IFED,01,064 ,   67882,   35452,   55345,    3447,   10064,    1269,   25681,       0,     944,     409,       0,      34,   67236,   67656,     646,     226,   67882,   35452,   55345,    3447,   10064,    1269,   25681,       0,     944,     409,       0,      34,   67236,   67656,     646,     226,       0,       0,       0,       0,       0,       0,       0,       0,       0,       0,       0,       0,       0,       0,       0,       0,    2945,     809,    2761,     482,     360,    -300,    2025,       0,     135,     -11,       0,       4,    3144,    2960,    -199,     -15,  100.0,   52.2,   81.5,    5.1,   14.8,    1.9,   37.8,    0.0,    1.4,    0.6,    0.0,    0.0,   99.0,   99.7,    1.0,    0.3,  100.0,   52.2,   81.5,    5.1,   14.8,    1.9,   37.8,    0.0,    1.4,    0.6,    0.0,    0.0,   99.0,   99.7,    1.0,    0.3,  100.0,    0.0,    0.0,    0.0,    0.0,    0.0,    0.0,    0.0,    0.0,    0.0,    0.0,    0.0,    0.0,    0.0,    0.0,    0.0,     35,     20,     17,.,      4,      6,.,      0,.,      4,      0,.,     33,     27,     35,     20,     17,.,      4,      6,.,      0,.,      4,      0,.,     33,     27,      0,      0,      0,      0,      0,      0,      0,      0,      0,      0,      0,      0,      0,      0,    63.9,    70.3,    80.1,    86.0,    57.7,    69.0,    72.0,    75.8,    63.9,    70.3,    80.1,    86.0,    57.7,    69.0,    72.0,    75.8,     0.0,     0.0,     0.0,     0.0,     0.0,     0.0,     0.0,     0.0,(Contracts of 800 MWh),0643BT,IFED,064 ,N16,FutOnly
NYISO ZONE J DA PEAK - ICE FUTURES ENERGY DIV,260922,2026-09-22,0643BW,IFED,01,064 ,   11166,    5702,    6672,    1286,    1042,     657,       0,    2611,      40,    3142,       0,      20,   10847,   11042,     319,     124,   11166,    5702,    6672,    1286,    1042,     657,       0,    2611,      40,    3142,       0,      20,   10847,   11042,     319,     124,       0,       0,       0,       0,       0,       0,       0,       0,       0,       0,       0,       0,       0,       0,       0,       0,     960,     600,      10,       0,       0,       0,       0,     975,      -5,     415,       0,      20,    1030,    1000,     -70,     -40,  100.0,   51.1,   59.8,   11.5,    9.3,    5.9,    0.0,   23.4,    0.4,   28.1,    0.0,    0.2,   97.1,   98.9,    2.9,    1.1,  100.0,   51.1,   59.8,   11.5,    9.3,    5.9,    0.0,   23.4,    0.4,   28.1,    0.0,    0.2,   97.1,   98.9,    2.9,    1.1,  100.0,    0.0,    0.0,    0.0,    0.0,    0.0,    0.0,    0.0,    0.0,    0.0,    0.0,    0.0,    0.0,    0.0,    0.0,    0.0,     25,     10,      8,.,.,      4,      0,.,.,      4,      0,.,     20,     15,     25,     10,      8,.,.,      4,      0,.,.,      4,      0,.,     20,     15,      0,      0,      0,      0,      0,      0,      0,      0,      0,      0,      0,      0,      0,      0,    52.6,    66.9,    73.5,    87.4,    51.2,    64.2,    69.8,    81.4,    52.6,    66.9,    73.5,    87.4,    51.2,    64.2,    69.8,    81.4,     0.0,     0.0,     0.0,     0.0,     0.0,     0.0,     0.0,     0.0,(Contracts of 800MWh),0643BW,IFED,064 ,N16,FutOnly
NYISO ZONE J DA OFF-PK FIXED - ICE FUTURES ENERGY DIV,260922,2026-09-22,0643BX,IFED,01,064 ,    9591,    4653,    5876,    1091,     930,     395,     100,    2245,      10,    2860,       0,      15,    9124,    9471,     467,     120,    9591,    4653,    5876,    1091,     930,     395,     100,    2245,      10,    2860,       0,      15,    9124,    9471,     467,     120,       0,       0,       0,       0,       0,       0,       0,       0,       0,       0,       0,       0,       0,       0,       0,       0,     965,     600,      10,       0,       0,       0,       0,     975,      -5,     435,       0,      15,    1045,     995,     -80,     -30,  100.0,   48.5,   61.3,   11.4,    9.7,    4.1,    1.0,   23.4,    0.1,   29.8,    0.0,    0.2,   95.1,   98.7,    4.9,    1.3,  100.0,   48.5,   61.3,   11.4,    9.7,    4.1,    1.0,   23.4,    0.1,   29.8,    0.0,    0.2,   95.1,   98.7,    4.9,    1.3,  100.0,    0.0,    0.0,    0.0,    0.0,    0.0,    0.0,    0.0,    0.0,    0.0,    0.0,    0.0,    0.0,    0.0,    0.0,    0.0,     22,      8,      8,.,.,      4,.,.,.,.,      0,.,     17,     15,     22,      8,      8,.,.,      4,.,.,.,.,      0,.,     17,     15,      0,      0,      0,      0,      0,      0,      0,      0,      0,      0,      0,      0,      0,      0,    55.5,    67.6,    76.0,    87.9,    55.5,    64.5,    73.5,    83.3,    55.5,    67.6,    76.0,    87.9,    55.5,    64.5,    73.5,    83.3,     0.0,     0.0,     0.0,     0.0,     0.0,     0.0,     0.0,     0.0,(1 MW for about 368 Hours),0643BX,IFED,064 ,N16,FutOnly
NYISO ZONE A DA PEAK - ICE FUTURES ENERGY DIV,260922,2026-09-22,0643BY,IFED,01,064 ,   33413,   29225,   24815,     339,    2705,    1850,     323,    1469,     303,     155,    1073,     336,   32531,   32551,     882,     862,   33413,   29225,   24815,     339,    2705,    1850,     323,    1469,     303,     155,    1073,     336,   32531,   32551,     882,     862,       0,       0,       0,       0,       0,       0,       0,       0,       0,       0,       0,       0,       0,       0,       0,       0,     337,     459,    -252,     -40,     197,      55,      20,     751,    -355,       0,    -230,     156,     295,     322,      42,      15,  100.0,   87.5,   74.3,    1.0,    8.1,    5.5,    1.0,    4.4,    0.9,    0.5,    3.2,    1.0,   97.4,   97.4,    2.6,    2.6,  100.0,   87.5,   74.3,    1.0,    8.1,    5.5,    1.0,    4.4,    0.9,    0.5,    3.2,    1.0,   97.4,   97.4,    2.6,    2.6,  100.0,    0.0,    0.0,    0.0,    0.0,    0.0,    0.0,    0.0,    0.0,    0.0,    0.0,    0.0,    0.0,    0.0,    0.0,    0.0,     35,     16,     15,.,      4,      6,.,      4,.,.,.,.,     30,     26,     35,     16,     15,.,      4,      6,.,      4,.,.,.,.,     30,     26,      0,      0,      0,      0,      0,      0,      0,      0,      0,      0,      0,      0,      0,      0,    68.5,    65.4,    82.3,    81.2,    66.9,    59.0,    74.6,    72.3,    68.5,    65.4,    82.3,    81.2,    66.9,    59.0,    74.6,    72.3,     0.0,     0.0,     0.0,     0.0,     0.0,     0.0,     0.0,     0.0,(Contracts of 800MWh),0643BY,IFED,064 ,N16,FutOnly
NYISO ZONE A DA OFF-PK FIX PR - ICE FUTURES ENERGY DIV,260922,2026-09-22,0643BZ,IFED,01,064 ,   33570,   28365,   25515,     731,    4385,    1401,    1243,     493,     579,       0,     499,     345,   32664,   33217,     906,     353,   33570,   28365,   25515,     731,    4385,    1401,    1243,     493,     579,       0,     499,     345,   32664,   33217,     906,     353,       0,       0,       0,       0,       0,       0,       0,       0,       0,       0,       0,       0,       0,       0,       0,       0,      33,     501,       2,     -25,      86,      37,    -506,     193,     -86,       0,    -265,       1,     -78,     -32,     111,      65,  100.0,   84.5,   76.0,    2.2,   13.1,    4.2,    3.7,    1.5,    1.7,    0.0,    1.5,    1.0,   97.3,   98.9,    2.7,    1.1,  100.0,   84.5,   76.0,    2.2,   13.1,    4.2,    3.7,    1.5,    1.7,    0.0,    1.5,    1.0,   97.3,   98.9,    2.7,    1.1,  100.0,    0.0,    0.0,    0.0,    0.0,    0.0,    0.0,    0.0,    0.0,    0.0,    0.0,    0.0,    0.0,    0.0,    0.0,    0.0,     35,     16,     14,.,      4,      4,.,.,.,      0,.,.,     27,     24,     35,     16,     14,.,      4,      4,.,.,.,      0,.,.,     27,     24,      0,      0,      0,      0,      0,      0,      0,      0,      0,      0,      0,      0,      0,      0,    66.4,    68.8,    78.6,    82.9,    61.4,    66.4,    69.5,    72.2,    66.4,    68.8,    78.6,    82.9,    61.4,    66.4,    69.5,    72.2,     0.0,     0.0,     0.0,     0.0,     0.0,     0.0,     0.0,     0.0,(1MW for about 368 Hours),0643BZ,IFED,064 ,N16,FutOnly
NYISO ZONE G DA PEAK - ICE FUTURES ENERGY DIV,260922,2026-09-22,0643C3,IFED,01,064 ,   26110,   19447,   12108,     755,    4193,    2301,     351,    2625,    1605,     266,    2420,     707,   25432,   25959,     678,     151,   26110,   19447,   12108,     755,    4193,    2301,     351,    2625,    1605,     266,    2420,     707,   25432,   25959,     678,     151,       0,       0,       0,       0,       0,       0,       0,       0,       0,       0,       0,       0,       0,       0,       0,       0,    2109,     503,     495,     174,     -68,     478,    -127,    -567,     995,     -43,     653,     123,    2103,    2109,       6,       0,  100.0,   74.5,   46.4,    2.9,   16.1,    8.8,    1.3,   10.1,    6.1,    1.0,    9.3,    2.7,   97.4,   99.4,    2.6,    0.6,  100.0,   74.5,   46.4,    2.9,   16.1,    8.8,    1.3,   10.1,    6.1,    1.0,    9.3,    2.7,   97.4,   99.4,    2.6,    0.6,  100.0,    0.0,    0.0,    0.0,    0.0,    0.0,    0.0,    0.0,    0.0,    0.0,    0.0,    0.0,    0.0,    0.0,    0.0,    0.0,     46,     19,     17,.,      6,      7,.,.,      4,.,      7,      4,     36,     38,     46,     19,     17,.,      6,      7,.,.,      4,.,      7,      4,     36,     38,      0,      0,      0,      0,      0,      0,      0,      0,      0,      0,      0,      0,      0,      0,    43.8,    49.1,    64.0,    67.4,    41.4,    40.4,    55.6,    56.6,    43.8,    49.1,    64.0,    67.4,    41.4,    40.4,    55.6,    56.6,     0.0,     0.0,     0.0,     0.0,     0.0,     0.0,     0.0,     0.0,(Contracts of 800MWh),0643C3,IFED,064 ,N16,FutOnly
NYISO ZONE G DA OFF-PK - ICE FUTURES ENERGY DIV,260922,2026-09-22,0643C4,IFED,01,064 ,   23010,   17049,   11353,    1227,    2820,    2229,     120,    2895,    1050,       0,    1629,     513,   22188,   22489,     822,     521,   23010,   17049,   11353,    1227,    2820,    2229,     120,    2895,    1050,       0,    1629,     513,   22188,   22489,     822,     521,       0,       0,       0,       0,       0,       0,       0,       0,       0,       0,       0,       0,       0,       0,       0,       0,    1839,     469,     692,     220,     -40,     415,       0,    -555,     870,       0,     650,    -205,    1769,    1827,      70,      12,  100.0,   74.1,   49.3,    5.3,   12.3,    9.7,    0.5,   12.6,    4.6,    0.0,    7.1,    2.2,   96.4,   97.7,    3.6,    2.3,  100.0,   74.1,   49.3,    5.3,   12.3,    9.7,    0.5,   12.6,    4.6,    0.0,    7.1,    2.2,   96.4,   97.7,    3.6,    2.3,  100.0,    0.0,    0.0,    0.0,    0.0,    0.0,    0.0,    0.0,    0.0,    0.0,    0.0,    0.0,    0.0,    0.0,    0.0,    0.0,     37,     16,     15,.,      5,      7,.,.,.,      0,      6,.,     27,     31,     37,     16,     15,.,      5,      7,.,.,.,      0,      6,.,     27,     31,      0,      0,      0,      0,      0,      0,      0,      0,      0,      0,      0,      0,      0,      0,    43.5,    49.7,    64.1,    66.9,    41.0,    40.2,    56.7,    53.6,    43.5,    49.7,    64.1,    66.9,    41.0,    40.2,    56.7,    53.6,     0.0,     0.0,     0.0,     0.0,     0.0,     0.0,     0.0,     0.0,(1MW for about 368 Hours),0643C4,IFED,064 ,N16,FutOnly
PALO VERDE DA PEAK - ICE FUTURES ENERGY DIV,260922,2026-09-22,0643CB,IFED,01,064 ,   23133,   10350,   14896,    6949,    3155,    3538,       0,      67,    1180,     940,     145,      79,   23036,   23060,      97,      73,   23133,   10350,   14896,    6949,    3155,    3538,       0,      67,    1180,     940,     145,      79,   23036,   23060,      97,      73,       0,       0,       0,       0,       0,       0,       0,       0,       0,       0,       0,       0,       0,       0,       0,       0,     154,    -117,     -61,     111,      55,      70,       0,     -90,      90,       0,      75,       0,     154,     139,       0,      15,  100.0,   44.7,   64.4,   30.0,   13.6,   15.3,    0.0,    0.3,    5.1,    4.1,    0.6,    0.3,   99.6,   99.7,    0.4,    0.3,  100.0,   44.7,   64.4,   30.0,   13.6,   15.3,    0.0,    0.3,    5.1,    4.1,    0.6,    0.3,   99.6,   99.7,    0.4,    0.3,  100.0,    0.0,    0.0,    0.0,    0.0,    0.0,    0.0,    0.0,    0.0,    0.0,    0.0,    0.0,    0.0,    0.0,    0.0,    0.0,     39,     18,     18,      5,.,.,      0,.,.,      5,.,.,     31,     27,     39,     18,     18,      5,.,.,      0,.,.,      5,.,.,     31,     27,      0,      0,      0,      0,      0,      0,      0,      0,      0,      0,      0,      0,      0,      0,    52.3,    63.0,    71.2,    79.7,    39.4,    48.2,    52.4,    59.3,    52.3,    63.0,    71.2,    79.7,    39.4,    48.2,    52.4,    59.3,     0.0,     0.0,     0.0,     0.0,     0.0,     0.0,     0.0,     0.0,(Contracts of 400MWh),0643CB,IFED,064 ,N16,FutOnly
PALO VERDE DA OFF-PK FiXED PR - ICE FUTURES ENERGY DIV,260922,2026-09-22,0643CC,IFED,01,064 ,   18478,    5463,   11687,    6815,    4192,     601,    4005,     307,     940,     211,     180,     334,   18369,   18241,     109,     237,   18478,    5463,   11687,    6815,    4192,     601,    4005,     307,     940,     211,     180,     334,   18369,   18241,     109,     237,       0,       0,       0,       0,       0,       0,       0,       0,       0,       0,       0,       0,       0,       0,       0,       0,      -1,     -10,      50,     150,       0,       0,       0,       0,       0,     -90,       0,     -51,      -1,      -1,       0,       0,  100.0,   29.6,   63.2,   36.9,   22.7,    3.3,   21.7,    1.7,    5.1,    1.1,    1.0,    1.8,   99.4,   98.7,    0.6,    1.3,  100.0,   29.6,   63.2,   36.9,   22.7,    3.3,   21.7,    1.7,    5.1,    1.1,    1.0,    1.8,   99.4,   98.7,    0.6,    1.3,  100.0,    0.0,    0.0,    0.0,    0.0,    0.0,    0.0,    0.0,    0.0,    0.0,    0.0,    0.0,    0.0,    0.0,    0.0,    0.0,     35,     15,     18,.,.,      5,.,.,.,.,.,.,     25,     29,     35,     15,     18,.,.,      5,.,.,.,.,.,.,     25,     29,      0,      0,      0,      0,      0,      0,      0,      0,      0,      0,      0,      0,      0,      0,    64.2,    55.1,    82.3,    70.3,    58.6,    51.5,    72.6,    64.4,    64.2,    55.1,    82.3,    70.3,    58.6,    51.5,    72.6,    64.4,     0.0,     0.0,     0.0,     0.0,     0.0,     0.0,     0.0,     0.0,(1 MW for about 368 Hours),0643CC,IFED,064 ,N16,FutOnly
PJM WESTERN HUB DA OFF-PK - ICE FUTURES ENERGY DIV,260922,2026-09-22,0643DB,IFED,01,064 ,  118080,   88798,   97148,    2983,    7030,    4897,    4269,    1019,     684,   13841,    4515,    1917,  117389,  117210,     691,     870,  118080,   88798,   97148,    2983,    7030,    4897,    4269,    1019,     684,   13841,    4515,    1917,  117389,  117210,     691,     870,       0,       0,       0,       0,       0,       0,       0,       0,       0,       0,       0,       0,       0,       0,       0,       0,     823,     341,    -842,    -320,    1249,     419,      53,     -96,     -53,     371,     113,     -14,     797,     776,      26,      47,  100.0,   75.2,   82.3,    2.5,    6.0,    4.1,    3.6,    0.9,    0.6,   11.7,    3.8,    1.6,   99.4,   99.3,    0.6,    0.7,  100.0,   75.2,   82.3,    2.5,    6.0,    4.1,    3.6,    0.9,    0.6,   11.7,    3.8,    1.6,   99.4,   99.3,    0.6,    0.7,  100.0,    0.0,    0.0,    0.0,    0.0,    0.0,    0.0,    0.0,    0.0,    0.0,    0.0,    0.0,    0.0,    0.0,    0.0,    0.0,     67,     31,     24,      6,      5,     10,      5,      4,.,      7,      6,.,     56,     46,     67,     31,     24,      6,      5,     10,      5,      4,.,      7,      6,.,     56,     46,      0,      0,      0,      0,      0,      0,      0,      0,      0,      0,      0,      0,      0,      0,    42.4,    65.6,    60.7,    80.5,    37.4,    65.0,    55.5,    72.8,    42.4,    65.6,    60.7,    80.5,    37.4,    65.0,    55.5,    72.8,     0.0,     0.0,     0.0,     0.0,     0.0,     0.0,     0.0,     0.0,(1 MW per off-peak hour),0643DB,IFED,064 ,N16,FutOnly
PJM WESTERN HUB DA PEAK - ICE FUTURES ENERGY DIV,260922,2026-09-22,0643DC,IFED,01,064 ,  126677,   91044,  103167,    4082,    4635,    6114,    3436,     846,    1365,   18445,    8181,    1833,  126319,  126141,     358,     536,  126677,   91044,  103167,    4082,    4635,    6114,    3436,     846,    1365,   18445,    8181,    1833,  126319,  126141,     358,     536,       0,       0,       0,       0,       0,       0,       0,       0,       0,       0,       0,       0,       0,       0,       0,       0,    1879,     663,    -600,    -999,     743,    1314,     358,       6,     -59,     743,     722,     -97,    1923,    2029,     -44,    -150,  100.0,   71.9,   81.4,    3.2,    3.7,    4.8,    2.7,    0.7,    1.1,   14.6,    6.5,    1.4,   99.7,   99.6,    0.3,    0.4,  100.0,   71.9,   81.4,    3.2,    3.7,    4.8,    2.7,    0.7,    1.1,   14.6,    6.5,    1.4,   99.7,   99.6,    0.3,    0.4,  100.0,    0.0,    0.0,    0.0,    0.0,    0.0,    0.0,    0.0,    0.0,    0.0,    0.0,    0.0,    0.0,    0.0,    0.0,    0.0,     83,     30,     26,      7,      6,     11,      7,.,.,     15,      7,      4,     66,     52,     83,     30,     26,      7,      6,     11,      7,.,.,     15,      7,      4,     66,     52,      0,      0,      0,      0,      0,      0,      0,      0,      0,      0,      0,      0,      0,      0,    39.4,    64.8,    58.3,    78.0,    36.3,    63.7,    54.7,    73.0,    39.4,    64.8,    58.3,    78.0,    36.3,    63.7,    54.7,    73.0,     0.0,     0.0,     0.0,     0.0,     0.0,     0.0,     0.0,     0.0,(Contracts of about 352 MWh),0643DC,IFED,064 ,N16,FutOnly
PJM WESTERN HUB RT PEAK MINI - ICE FUTURES ENERGY DIV,260922,2026-09-22,0643DF,IFED,01,064 ,  388747,  197478,  154252,   15773,   47385,   18975,   64620,   16242,   41353,   25144,   85140,   24219,  387562,  387566,    1185,    1181,  388747,  197478,  154252,   15773,   47385,   18975,   64620,   16242,   41353,   25144,   85140,   24219,  387562,  387566,    1185,    1181,       0,       0,       0,       0,       0,       0,       0,       0,       0,       0,       0,       0,       0,       0,       0,       0,    6943,    6724,   -1109,   -1320,   -1210,    2648,    2264,    6939,   -3900,   -1660,    1237,    2501,    7257,    7106,    -314,    -163,  100.0,   50.8,   39.7,    4.1,   12.2,    4.9,   16.6,    4.2,   10.6,    6.5,   21.9,    6.2,   99.7,   99.7,    0.3,    0.3,  100.0,   50.8,   39.7,    4.1,   12.2,    4.9,   16.6,    4.2,   10.6,    6.5,   21.9,    6.2,   99.7,   99.7,    0.3,    0.3,  100.0,    0.0,    0.0,    0.0,    0.0,    0.0,    0.0,    0.0,    0.0,    0.0,    0.0,    0.0,    0.0,    0.0,    0.0,    0.0,    130,     43,     38,.,      9,      9,     34,      7,     21,     15,     16,     19,    120,     94,    130,     43,     38,.,      9,      9,     34,      7,     21,     15,     16,     19,    120,     94,      0,      0,      0,      0,      0,      0,      0,      0,      0,      0,      0,      0,      0,      0,    21.3,    34.9,    35.9,    51.8,    19.2,    30.2,    29.9,    42.7,    21.3,    34.9,    35.9,    51.8,    19.2,    30.2,    29.9,    42.7,     0.0,     0.0,     0.0,     0.0,     0.0,     0.0,     0.0,     0.0,(1 MW per peak hour),0643DF,IFED,064 ,N16,FutOnly
MISO ARKANSAS DA PEAK FIXED - ICE FUTURES ENERGY DIV,260922,2026-09-22,0643F9,IFED,01,064 ,    6964,    6536,    2623,      50,    4131,       0,     200,       0,      50,     100,     160,       0,    6936,    6964,      28,       0,    6964,    6536,    2623,      50,    4131,       0,     200,       0,      50,     100,     160,       0,    6936,    6964,      28,       0,       0,       0,       0,       0,       0,       0,       0,       0,       0,       0,       0,       0,       0,       0,       0,       0,      20,      20,      20,       0,       0,       0,       0,       0,       0,       0,       0,       0,      20,      20,       0,       0,  100.0,   93.9,   37.7,    0.7,   59.3,    0.0,    2.9,    0.0,    0.7,    1.4,    2.3,    0.0,   99.6,  100.0,    0.4,    0.0,  100.0,   93.9,   37.7,    0.7,   59.3,    0.0,    2.9,    0.0,    0.7,    1.4,    2.3,    0.0,   99.6,  100.0,    0.4,    0.0,  100.0,    0.0,    0.0,    0.0,    0.0,    0.0,    0.0,    0.0,    0.0,    0.0,    0.0,    0.0,    0.0,    0.0,    0.0,    0.0,     20,     11,      9,.,.,      0,.,      0,.,.,.,      0,     14,     14,     20,     11,      9,.,.,      0,.,      0,.,.,.,      0,     14,     14,      0,      0,      0,      0,      0,      0,      0,      0,      0,      0,      0,      0,      0,      0,    76.6,    86.5,    91.1,    95.4,    71.5,    78.0,    80.3,    82.6,    76.6,    86.5,    91.1,    95.4,    71.5,    78.0,    80.3,    82.6,     0.0,     0.0,     0.0,     0.0,     0.0,     0.0,     0.0,     0.0,1 MW,0643F9,IFED,064 ,N16,FutOnly
CAISO SP-15 PEAK 0900-1600 HE - ICE FUTURES ENERGY DIV,260922,2026-09-22,0643HS,IFED,01,064 ,   21106,    9031,   19996,    6963,       0,       0,    3827,       0,     760,     405,     150,     110,   21096,   21016,      10,      90,   21106,    9031,   19996,    6963,       0,       0,    3827,       0,     760,     405,     150,     110,   21096,   21016,      10,      90,       0,       0,       0,       0,       0,       0,       0,       0,       0,       0,       0,       0,       0,       0,       0,       0,.,.,.,.,.,.,.,.,.,.,.,.,.,.,.,.,  100.0,   42.8,   94.7,   33.0,    0.0,    0.0,   18.1,    0.0,    3.6,    1.9,    0.7,    0.5,  100.0,   99.6,    0.0,    0.4,  100.0,   42.8,   94.7,   33.0,    0.0,    0.0,   18.1,    0.0,    3.6,    1.9,    0.7,    0.5,  100.0,   99.6,    0.0,    0.4,  100.0,    0.0,    0.0,    0.0,    0.0,    0.0,    0.0,    0.0,    0.0,    0.0,    0.0,    0.0,    0.0,    0.0,    0.0,    0.0,     20,      9,      9,.,      0,      0,.,      0,.,.,.,.,     15,     12,     20,      9,      9,.,      0,      0,.,      0,.,.,.,.,     15,     12,      0,      0,      0,      0,      0,      0,      0,      0,      0,      0,      0,      0,      0,      0,    62.8,    89.0,    94.3,    97.6,    62.3,    88.8,    89.7,    93.7,    62.8,    89.0,    94.3,    97.6,    62.3,    88.8,    89.7,    93.7,     0.0,     0.0,     0.0,     0.0,     0.0,     0.0,     0.0,     0.0,368 MWh,0643HS,IFED,064 ,N16,FutOnly
PJM WEST HUB REAL TIME PK MINI - ICE FUTURES ENERGY DIV,260922,2026-09-22,0643IA,IFED,01,064 ,    2865,     970,     580,      25,     240,      55,     655,     465,     107,     330,     845,     330,    2472,    2622,     393,     243,    2865,     970,     580,      25,     240,      55,     655,     465,     107,     330,     845,     330,    2472,    2622,     393,     243,       0,       0,       0,       0,       0,       0,       0,       0,       0,       0,       0,       0,       0,       0,       0,       0,   -1230,     410,    -405,     -25,    -155,      55,    -645,     -45,     -58,    -526,    -225,    -285,   -1074,   -1118,    -156,    -112,  100.0,   33.9,   20.2,    0.9,    8.4,    1.9,   22.9,   16.2,    3.7,   11.5,   29.5,   11.5,   86.3,   91.5,   13.7,    8.5,  100.0,   33.9,   20.2,    0.9,    8.4,    1.9,   22.9,   16.2,    3.7,   11.5,   29.5,   11.5,   86.3,   91.5,   13.7,    8.5,  100.0,    0.0,    0.0,    0.0,    0.0,    0.0,    0.0,    0.0,    0.0,    0.0,    0.0,    0.0,    0.0,    0.0,    0.0,    0.0,     28,      9,      6,.,.,.,.,.,.,.,      5,.,     19,     18,     28,      9,      6,.,.,.,.,.,.,.,      5,.,     19,     18,      0,      0,      0,      0,      0,      0,      0,      0,      0,      0,      0,      0,      0,      0,    50.5,    39.1,    70.6,    64.2,    39.8,    32.1,    59.5,    54.5,    50.5,    39.1,    70.6,    64.2,    39.8,    32.1,    59.5,    54.5,     0.0,     0.0,     0.0,     0.0,     0.0,     0.0,     0.0,     0.0,16 MWh,0643IA,IFED,064 ,N16,FutOnly
ERCOT N 345KV REAL T PK DALY M - ICE FUTURES ENERGY DIV,260922,2026-09-22,0643IB,IFED,01,064 ,   11810,    4530,    4935,    2245,     150,     100,    2105,     315,     705,     551,    4355,     896,   11132,   11456,     678,     354,   11810,    4530,    4935,    2245,     150,     100,    2105,     315,     705,     551,    4355,     896,   11132,   11456,     678,     354,       0,       0,       0,       0,       0,       0,       0,       0,       0,       0,       0,       0,       0,       0,       0,       0,    -813,    -120,    -125,     520,    -290,    -450,    -665,    -170,    -403,     206,    1045,     116,    -796,    -277,     -17,    -536,  100.0,   38.4,   41.8,   19.0,    1.3,    0.8,   17.8,    2.7,    6.0,    4.7,   36.9,    7.6,   94.3,   97.0,    5.7,    3.0,  100.0,   38.4,   41.8,   19.0,    1.3,    0.8,   17.8,    2.7,    6.0,    4.7,   36.9,    7.6,   94.3,   97.0,    5.7,    3.0,  100.0,    0.0,    0.0,    0.0,    0.0,    0.0,    0.0,    0.0,    0.0,    0.0,    0.0,    0.0,    0.0,    0.0,    0.0,    0.0,     62,     22,     25,      5,.,.,      4,      5,      5,      5,     13,     10,     47,     49,     62,     22,     25,      5,.,.,      4,      5,      5,      5,     13,     10,     47,     49,      0,      0,      0,      0,      0,      0,      0,      0,      0,      0,      0,      0,      0,      0,    34.7,    35.1,    53.2,    54.2,    34.0,    34.7,    49.7,    51.0,    34.7,    35.1,    53.2,    54.2,    34.0,    34.7,    49.7,    51.0,     0.0,     0.0,     0.0,     0.0,     0.0,     0.0,     0.0,     0.0,(240 MW = 15 Hours X 16 MWh),0643IB,IFED,064 ,N16,FutOnly
ERCOT N 345KV REAL T PK 2x16 - ICE FUTURES ENERGY DIV,260922,2026-09-22,0643ID,IFED,01,064 ,  134663,   96652,  100495,    8017,   11680,    8390,    8295,    3151,     420,   10589,    8587,    1768,  134131,  134491,     532,     172,  134663,   96652,  100495,    8017,   11680,    8390,    8295,    3151,     420,   10589,    8587,    1768,  134131,  134491,     532,     172,       0,       0,       0,       0,       0,       0,       0,       0,       0,       0,       0,       0,       0,       0,       0,       0,    1822,    1336,    1264,     205,     689,     -15,     200,     420,       0,     -40,    -297,      40,    1726,    2101,      96,    -279,  100.0,   71.8,   74.6,    6.0,    8.7,    6.2,    6.2,    2.3,    0.3,    7.9,    6.4,    1.3,   99.6,   99.9,    0.4,    0.1,  100.0,   71.8,   74.6,    6.0,    8.7,    6.2,    6.2,    2.3,    0.3,    7.9,    6.4,    1.3,   99.6,   99.9,    0.4,    0.1,  100.0,    0.0,    0.0,    0.0,    0.0,    0.0,    0.0,    0.0,    0.0,    0.0,    0.0,    0.0,    0.0,    0.0,    0.0,    0.0,     67,     33,     29,.,      4,      6,      5,      4,      5,      7,      5,      9,     57,     53,     67,     33,     29,.,      4,      6,      5,      4,      5,      7,      5,      9,     57,     53,      0,      0,      0,      0,      0,      0,      0,      0,      0,      0,      0,      0,      0,      0,    44.0,    36.9,    64.4,    61.6,    38.0,    28.2,    54.5,    45.7,    44.0,    36.9,    64.4,    61.6,    38.0,    28.2,    54.5,    45.7,     0.0,     0.0,     0.0,     0.0,     0.0,     0.0,     0.0,     0.0,(1MW for about 352 Hours),0643ID,IFED,064 ,N16,FutOnly
ERCOT North 345KV Hub RT 7x8 - ICE FUTURES ENERGY DIV,260922,2026-09-22,0643IK,IFED,01,064 ,  270571,  100920,  207500,    4425,   33356,    9641,  124767,    2040,    9722,   14660,    2636,    5370,  269505,  270265,    1066,     306,  270571,  100920,  207500,    4425,   33356,    9641,  124767,    2040,    9722,   14660,    2636,    5370,  269505,  270265,    1066,     306,       0,       0,       0,       0,       0,       0,       0,       0,       0,       0,       0,       0,       0,       0,       0,       0,    5675,     946,    5177,      37,     679,     -14,    4236,     317,     190,     561,    -215,    -482,    5474,    5652,     201,      23,  100.0,   37.3,   76.7,    1.6,   12.3,    3.6,   46.1,    0.8,    3.6,    5.4,    1.0,    2.0,   99.6,   99.9,    0.4,    0.1,  100.0,   37.3,   76.7,    1.6,   12.3,    3.6,   46.1,    0.8,    3.6,    5.4,    1.0,    2.0,   99.6,   99.9,    0.4,    0.1,  100.0,    0.0,    0.0,    0.0,    0.0,    0.0,    0.0,    0.0,    0.0,    0.0,    0.0,    0.0,    0.0,    0.0,    0.0,    0.0,     66,     26,     29,.,      5,      5,      8,      4,      7,      9,      4,     10,     54,     54,     66,     26,     29,.,      5,      5,      8,      4,      7,      9,      4,     10,     54,     54,      0,      0,      0,      0,      0,      0,      0,      0,      0,      0,      0,      0,      0,      0,    58.5,    50.7,    71.2,    70.5,    52.9,    48.6,    60.9,    63.1,    58.5,    50.7,    71.2,    70.5,    52.9,    48.6,    60.9,    63.1,     0.0,     0.0,     0.0,     0.0,     0.0,     0.0,     0.0,     0.0,(1MW for about 352 Hours),0643IK,IFED,064 ,N16,FutOnly
ERCOT Houston 345KV Hub RT 7x8 - ICE FUTURES ENERGY DIV,260922,2026-09-22,0643IL,IFED,01,064 ,   14695,   12775,   10195,    1820,    4380,       0,       0,       0,       0,     100,       0,       0,   14695,   14575,       0,     120,   14695,   12775,   10195,    1820,    4380,       0,       0,       0,       0,     100,       0,       0,   14695,   14575,       0,     120,       0,       0,       0,       0,       0,       0,       0,       0,       0,       0,       0,       0,       0,       0,       0,       0,       0,       0,       0,       0,       0,       0,       0,       0,       0,       0,       0,       0,       0,       0,       0,       0,  100.0,   86.9,   69.4,   12.4,   29.8,    0.0,    0.0,    0.0,    0.0,    0.7,    0.0,    0.0,  100.0,   99.2,    0.0,    0.8,  100.0,   86.9,   69.4,   12.4,   29.8,    0.0,    0.0,    0.0,    0.0,    0.7,    0.0,    0.0,  100.0,   99.2,    0.0,    0.8,  100.0,    0.0,    0.0,    0.0,    0.0,    0.0,    0.0,    0.0,    0.0,    0.0,    0.0,    0.0,    0.0,    0.0,    0.0,    0.0,     21,     10,      8,.,.,      0,      0,      0,      0,.,      0,      0,     14,     10,     21,     10,      8,.,.,      0,      0,      0,      0,.,      0,      0,     14,     10,      0,      0,      0,      0,      0,      0,      0,      0,      0,      0,      0,      0,      0,      0,    81.0,    57.7,    95.8,    92.2,    76.9,    57.7,    91.7,    91.8,    81.0,    57.7,    95.8,    92.2,    76.9,    57.7,    91.7,    91.8,     0.0,     0.0,     0.0,     0.0,     0.0,     0.0,     0.0,     0.0,(1MW for about 352 Hours),0643IL,IFED,064 ,N16,FutOnly
ISONE.H.INTERNAL_HUB_mo_on_dap - NODAL EXCHANGE,260922,2026-09-22,064AAA,NODX,01,064 ,   81645,   56680,   56203,       0,   11347,     373,     950,    1580,     120,   12293,     705,     215,   70631,   70543,   11014,   11102,   81645,   56680,   56203,       0,   11347,     373,     950,    1580,     120,   12293,     705,     215,   70631,   70543,   11014,   11102,       0,       0,       0,       0,       0,       0,       0,       0,       0,       0,       0,       0,       0,       0,       0,       0,    1533,     678,     663,       0,     305,     -45,       0,     360,     -50,     650,       0,       0,    1233,    1233,     300,     300,  100.0,   69.4,   68.8,    0.0,   13.9,    0.5,    1.2,    1.9,    0.1,   15.1,    0.9,    0.3,   86.5,   86.4,   13.5,   13.6,  100.0,   69.4,   68.8,    0.0,   13.9,    0.5,    1.2,    1.9,    0.1,   15.1,    0.9,    0.3,   86.5,   86.4,   13.5,   13.6,  100.0,    0.0,    0.0,    0.0,    0.0,    0.0,    0.0,    0.0,    0.0,    0.0,    0.0,    0.0,    0.0,    0.0,    0.0,    0.0,     32,     17,     17,      0,      6,      4,.,.,.,.,.,.,     26,     26,     32,     17,     17,      0,      6,      4,.,.,.,.,.,.,     26,     26,      0,      0,      0,      0,      0,      0,      0,      0,      0,      0,      0,      0,      0,      0,    66.5,    48.7,    78.4,    64.9,    65.0,    42.8,    71.5,    56.3,    66.5,    48.7,    78.4,    64.9,    65.0,    42.8,    71.5,    56.3,     0.0,     0.0,     0.0,     0.0,     0.0,     0.0,     0.0,     0.0,(Contracts of 400 MWh),064AAA,NODX,064 ,N16,FutOnly
ISONE.H.INTERNAL_HB_mo_off_dap - NODAL EXCHANGE,260922,2026-09-22,064AAB,NODX,01,064 ,   76756,   53078,   51770,       0,   11104,     912,     835,    1975,     170,   12156,     923,     120,   67271,   66974,    9485,    9782,   76756,   53078,   51770,       0,   11104,     912,     835,    1975,     170,   12156,     923,     120,   67271,   66974,    9485,    9782,       0,       0,       0,       0,       0,       0,       0,       0,       0,       0,       0,       0,       0,       0,       0,       0,    1445,     563,     648,       0,     260,     -25,       0,     360,       0,     705,       0,       0,    1243,    1243,     202,     202,  100.0,   69.2,   67.4,    0.0,   14.5,    1.2,    1.1,    2.6,    0.2,   15.8,    1.2,    0.2,   87.6,   87.3,   12.4,   12.7,  100.0,   69.2,   67.4,    0.0,   14.5,    1.2,    1.1,    2.6,    0.2,   15.8,    1.2,    0.2,   87.6,   87.3,   12.4,   12.7,  100.0,    0.0,    0.0,    0.0,    0.0,    0.0,    0.0,    0.0,    0.0,    0.0,    0.0,    0.0,    0.0,    0.0,    0.0,    0.0,     32,     17,     17,      0,      6,      4,.,.,.,.,.,.,     26,     26,     32,     17,     17,      0,      6,      4,.,.,.,.,.,.,     26,     26,      0,      0,      0,      0,      0,      0,      0,      0,      0,      0,      0,      0,      0,      0,    65.9,    46.3,    78.7,    62.8,    63.8,    43.0,    71.7,    54.5,    65.9,    46.3,    78.7,    62.8,    63.8,    43.0,    71.7,    54.5,     0.0,     0.0,     0.0,     0.0,     0.0,     0.0,     0.0,     0.0,(Contracts of 400 MWh),064AAB,NODX,064 ,N16,FutOnly
MISO.INDIANA.HUB_month_on_dap - NODAL EXCHANGE,260922,2026-09-22,064BFI,NODX,01,064 ,   20859,   11914,   14218,    4330,     971,     370,     100,     488,     180,       0,     590,     955,   17849,   17772,    3010,    3087,   20859,   11914,   14218,    4330,     971,     370,     100,     488,     180,       0,     590,     955,   17849,   17772,    3010,    3087,       0,       0,       0,       0,       0,       0,       0,       0,       0,       0,       0,       0,       0,       0,       0,       0,     507,      47,     357,     260,      50,     100,       0,       0,       0,       0,    -100,     100,     507,     507,       0,       0,  100.0,   57.1,   68.2,   20.8,    4.7,    1.8,    0.5,    2.3,    0.9,    0.0,    2.8,    4.6,   85.6,   85.2,   14.4,   14.8,  100.0,   57.1,   68.2,   20.8,    4.7,    1.8,    0.5,    2.3,    0.9,    0.0,    2.8,    4.6,   85.6,   85.2,   14.4,   14.8,  100.0,    0.0,    0.0,    0.0,    0.0,    0.0,    0.0,    0.0,    0.0,    0.0,    0.0,    0.0,    0.0,    0.0,    0.0,    0.0,     25,     12,     15,.,.,.,.,.,.,      0,.,.,     17,     22,     25,     12,     15,.,.,.,.,.,.,      0,.,.,     17,     22,      0,      0,      0,      0,      0,      0,      0,      0,      0,      0,      0,      0,      0,      0,    51.4,    57.7,    73.5,    72.5,    48.4,    49.1,    60.5,    58.8,    51.4,    57.7,    73.5,    72.5,    48.4,    49.1,    60.5,    58.8,     0.0,     0.0,     0.0,     0.0,     0.0,     0.0,     0.0,     0.0,Megawatt Hours (MWh),064BFI,NODX,064 ,N16,FutOnly
MISO.INDIANA.HUB_month_off_dap - NODAL EXCHANGE,260922,2026-09-22,064BFJ,NODX,01,064 ,   21387,   12812,   14602,    3326,     400,     969,     100,     687,     180,       0,     592,    1095,   18482,   18525,    2905,    2862,   21387,   12812,   14602,    3326,     400,     969,     100,     687,     180,       0,     592,    1095,   18482,   18525,    2905,    2862,       0,       0,       0,       0,       0,       0,       0,       0,       0,       0,       0,       0,       0,       0,       0,       0,     407,      47,     307,     260,       0,     100,       0,       0,       0,       0,       0,       0,     407,     407,       0,       0,  100.0,   59.9,   68.3,   15.6,    1.9,    4.5,    0.5,    3.2,    0.8,    0.0,    2.8,    5.1,   86.4,   86.6,   13.6,   13.4,  100.0,   59.9,   68.3,   15.6,    1.9,    4.5,    0.5,    3.2,    0.8,    0.0,    2.8,    5.1,   86.4,   86.6,   13.6,   13.4,  100.0,    0.0,    0.0,    0.0,    0.0,    0.0,    0.0,    0.0,    0.0,    0.0,    0.0,    0.0,    0.0,    0.0,    0.0,    0.0,     26,     12,     14,.,      4,.,.,.,.,      0,.,.,     18,     22,     26,     12,     14,.,      4,.,.,.,.,      0,.,.,     18,     22,      0,      0,      0,      0,      0,      0,      0,      0,      0,      0,      0,      0,      0,      0,    53.2,    55.9,    73.1,    71.6,    49.8,    47.7,    57.6,    57.2,    53.2,    55.9,    73.1,    71.6,    49.8,    47.7,    57.6,    57.2,     0.0,     0.0,     0.0,     0.0,     0.0,     0.0,     0.0,     0.0,Megawatt Hours (MWh),064BFJ,NODX,064 ,N16,FutOnly
NYISO.CENTRL_month_on_dap - NODAL EXCHANGE,260922,2026-09-22,064CTQ,NODX,01,064 ,   35213,   15374,   32533,    5979,    1095,     780,      50,      20,     100,   11457,       0,       0,   33740,   34528,    1473,     685,   35213,   15374,   32533,    5979,    1095,     780,      50,      20,     100,   11457,       0,       0,   33740,   34528,    1473,     685,       0,       0,       0,       0,       0,       0,       0,       0,       0,       0,       0,       0,       0,       0,       0,       0,      30,      85,      30,    -120,       0,       0,       0,       0,       0,     -65,       0,       0,    -100,      30,     130,       0,  100.0,   43.7,   92.4,   17.0,    3.1,    2.2,    0.1,    0.1,    0.3,   32.5,    0.0,    0.0,   95.8,   98.1,    4.2,    1.9,  100.0,   43.7,   92.4,   17.0,    3.1,    2.2,    0.1,    0.1,    0.3,   32.5,    0.0,    0.0,   95.8,   98.1,    4.2,    1.9,  100.0,    0.0,    0.0,    0.0,    0.0,    0.0,    0.0,    0.0,    0.0,    0.0,    0.0,    0.0,    0.0,    0.0,    0.0,    0.0,     23,     12,      4,      4,.,      4,.,.,.,.,      0,      0,     20,     10,     23,     12,      4,      4,.,      4,.,.,.,.,      0,      0,     20,     10,      0,      0,      0,      0,      0,      0,      0,      0,      0,      0,      0,      0,      0,      0,    68.4,    96.6,    82.3,    98.0,    67.9,    95.3,    81.7,    95.4,    68.4,    96.6,    82.3,    98.0,    67.9,    95.3,    81.7,    95.4,     0.0,     0.0,     0.0,     0.0,     0.0,     0.0,     0.0,     0.0,Megawatt Hours (MWh),064CTQ,NODX,064 ,N16,FutOnly
NYISO.CENTRL_month_off_dap - NODAL EXCHANGE,260922,2026-09-22,064CTR,NODX,01,064 ,   32434,   13665,   31219,    6659,     335,     295,      50,      20,     100,   10175,       0,       0,   30944,   31969,    1490,     465,   32434,   13665,   31219,    6659,     335,     295,      50,      20,     100,   10175,       0,       0,   30944,   31969,    1490,     465,       0,       0,       0,       0,       0,       0,       0,       0,       0,       0,       0,       0,       0,       0,       0,       0,      30,      85,      30,    -120,       0,       0,       0,       0,       0,     -65,       0,       0,    -100,      30,     130,       0,  100.0,   42.1,   96.3,   20.5,    1.0,    0.9,    0.2,    0.1,    0.3,   31.4,    0.0,    0.0,   95.4,   98.6,    4.6,    1.4,  100.0,   42.1,   96.3,   20.5,    1.0,    0.9,    0.2,    0.1,    0.3,   31.4,    0.0,    0.0,   95.4,   98.6,    4.6,    1.4,  100.0,    0.0,    0.0,    0.0,    0.0,    0.0,    0.0,    0.0,    0.0,    0.0,    0.0,    0.0,    0.0,    0.0,    0.0,    0.0,     23,     12,      4,      4,.,      4,.,.,.,.,      0,      0,     21,      9,     23,     12,      4,      4,.,      4,.,.,.,.,      0,      0,     21,      9,      0,      0,      0,      0,      0,      0,      0,      0,      0,      0,      0,      0,      0,      0,    69.1,    97.1,    84.3,    98.5,    68.6,    96.5,    83.8,    96.5,    69.1,    97.1,    84.3,    98.5,    68.6,    96.5,    83.8,    96.5,     0.0,     0.0,     0.0,     0.0,     0.0,     0.0,     0.0,     0.0,Megawatt Hours (MWh),064CTR,NODX,064 ,N16,FutOnly
NYISO.HUD VL_month_on_dap - NODAL EXCHANGE,260922,2026-09-22,064CXO,NODX,01,064 ,   38779,   26231,   13018,    1590,    9637,    2555,     740,    1280,     880,     300,    5011,     270,   32566,   32651,    6213,    6128,   38779,   26231,   13018,    1590,    9637,    2555,     740,    1280,     880,     300,    5011,     270,   32566,   32651,    6213,    6128,       0,       0,       0,       0,       0,       0,       0,       0,       0,       0,       0,       0,       0,       0,       0,       0,    1689,    1505,    1780,       0,    -395,     125,       0,       0,       0,       0,     180,    -120,    1510,    1570,     179,     119,  100.0,   67.6,   33.6,    4.1,   24.9,    6.6,    1.9,    3.3,    2.3,    0.8,   12.9,    0.7,   84.0,   84.2,   16.0,   15.8,  100.0,   67.6,   33.6,    4.1,   24.9,    6.6,    1.9,    3.3,    2.3,    0.8,   12.9,    0.7,   84.0,   84.2,   16.0,   15.8,  100.0,    0.0,    0.0,    0.0,    0.0,    0.0,    0.0,    0.0,    0.0,    0.0,    0.0,    0.0,    0.0,    0.0,    0.0,    0.0,     32,     17,     11,.,      4,      6,.,.,.,.,.,.,     28,     23,     32,     17,     11,.,      4,      6,.,.,.,.,.,.,     28,     23,      0,      0,      0,      0,      0,      0,      0,      0,      0,      0,      0,      0,      0,      0,    35.8,    42.2,    55.3,    60.8,    34.4,    38.5,    50.7,    53.6,    35.8,    42.2,    55.3,    60.8,    34.4,    38.5,    50.7,    53.6,     0.0,     0.0,     0.0,     0.0,     0.0,     0.0,     0.0,     0.0,Megawatt Hours (MWh),064CXO,NODX,064 ,N16,FutOnly
NYISO.HUD VL_month_off_dap - NODAL EXCHANGE,260922,2026-09-22,064CXP,NODX,01,064 ,   37750,   25623,   12970,    1545,    9273,    2181,     900,     815,    1020,     300,    5455,     299,   31868,   32013,    5882,    5737,   37750,   25623,   12970,    1545,    9273,    2181,     900,     815,    1020,     300,    5455,     299,   31868,   32013,    5882,    5737,       0,       0,       0,       0,       0,       0,       0,       0,       0,       0,       0,       0,       0,       0,       0,       0,    1605,    1430,    1600,       0,    -350,     120,       0,       0,       0,       0,     240,    -120,    1430,    1490,     175,     115,  100.0,   67.9,   34.4,    4.1,   24.6,    5.8,    2.4,    2.2,    2.7,    0.8,   14.5,    0.8,   84.4,   84.8,   15.6,   15.2,  100.0,   67.9,   34.4,    4.1,   24.6,    5.8,    2.4,    2.2,    2.7,    0.8,   14.5,    0.8,   84.4,   84.8,   15.6,   15.2,  100.0,    0.0,    0.0,    0.0,    0.0,    0.0,    0.0,    0.0,    0.0,    0.0,    0.0,    0.0,    0.0,    0.0,    0.0,    0.0,     32,     17,     13,.,      4,      6,.,.,.,.,.,.,     27,     25,     32,     17,     13,.,      4,      6,.,.,.,.,.,.,     27,     25,      0,      0,      0,      0,      0,      0,      0,      0,      0,      0,      0,      0,      0,      0,    34.4,    45.0,    53.6,    64.2,    33.9,    41.1,    49.1,    55.4,    34.4,    45.0,    53.6,    64.2,    33.9,    41.1,    49.1,    55.4,     0.0,     0.0,     0.0,     0.0,     0.0,     0.0,     0.0,     0.0,Megawatt Hours (MWh),064CXP,NODX,064 ,N16,FutOnly
NYISO.N.Y.C._month_on_dap - NODAL EXCHANGE,260922,2026-09-22,064CZS,NODX,01,064 ,   29428,   16438,   24354,    6701,       0,    1065,       0,     300,       0,    1346,     300,     204,   25754,   26223,    3674,    3205,   29428,   16438,   24354,    6701,       0,    1065,       0,     300,       0,    1346,     300,     204,   25754,   26223,    3674,    3205,       0,       0,       0,       0,       0,       0,       0,       0,       0,       0,       0,       0,       0,       0,       0,       0,     100,       0,     100,     100,       0,       0,       0,       0,       0,       0,       0,       0,     100,     100,       0,       0,  100.0,   55.9,   82.8,   22.8,    0.0,    3.6,    0.0,    1.0,    0.0,    4.6,    1.0,    0.7,   87.5,   89.1,   12.5,   10.9,  100.0,   55.9,   82.8,   22.8,    0.0,    3.6,    0.0,    1.0,    0.0,    4.6,    1.0,    0.7,   87.5,   89.1,   12.5,   10.9,  100.0,    0.0,    0.0,    0.0,    0.0,    0.0,    0.0,    0.0,    0.0,    0.0,    0.0,    0.0,    0.0,    0.0,    0.0,    0.0,     28,     12,     14,      6,      0,.,      0,.,      0,.,.,.,     20,     20,     28,     12,     14,      6,      0,.,      0,.,      0,.,.,.,     20,     20,      0,      0,      0,      0,      0,      0,      0,      0,      0,      0,      0,      0,      0,      0,    56.3,    56.3,    73.4,    80.5,    56.3,    56.3,    70.4,    78.2,    56.3,    56.3,    73.4,    80.5,    56.3,    56.3,    70.4,    78.2,     0.0,     0.0,     0.0,     0.0,     0.0,     0.0,     0.0,     0.0,Megawatt Hours (MWh),064CZS,NODX,064 ,N16,FutOnly
NYISO.N.Y.C._month_off_dap - NODAL EXCHANGE,260922,2026-09-22,064CZT,NODX,01,064 ,   29098,   15750,   24179,    7146,       0,     940,       0,     300,       0,    1226,     300,     189,   25251,   25908,    3847,    3190,   29098,   15750,   24179,    7146,       0,     940,       0,     300,       0,    1226,     300,     189,   25251,   25908,    3847,    3190,       0,       0,       0,       0,       0,       0,       0,       0,       0,       0,       0,       0,       0,       0,       0,       0,     100,       0,     100,     100,       0,       0,       0,       0,       0,       0,       0,       0,     100,     100,       0,       0,  100.0,   54.1,   83.1,   24.6,    0.0,    3.2,    0.0,    1.0,    0.0,    4.2,    1.0,    0.6,   86.8,   89.0,   13.2,   11.0,  100.0,   54.1,   83.1,   24.6,    0.0,    3.2,    0.0,    1.0,    0.0,    4.2,    1.0,    0.6,   86.8,   89.0,   13.2,   11.0,  100.0,    0.0,    0.0,    0.0,    0.0,    0.0,    0.0,    0.0,    0.0,    0.0,    0.0,    0.0,    0.0,    0.0,    0.0,    0.0,     27,     10,     13,      6,      0,.,      0,.,      0,.,.,.,     18,     19,     27,     10,     13,      6,      0,.,      0,.,      0,.,.,.,     18,     19,      0,      0,      0,      0,      0,      0,      0,      0,      0,      0,      0,      0,      0,      0,    56.2,    55.6,    73.9,    80.8,    56.2,    55.1,    70.3,    78.8,    56.2,    55.6,    73.9,    80.8,    56.2,    55.1,    70.3,    78.8,     0.0,     0.0,     0.0,     0.0,     0.0,     0.0,     0.0,     0.0,Megawatt Hours (MWh),064CZT,NODX,064 ,N16,FutOnly
NYISO.WEST_month_on_dap - NODAL EXCHANGE,260922,2026-09-22,064DEU,NODX,01,064 ,   37381,   30330,   23261,    3233,    6089,     823,       0,     285,       0,       0,    4362,     523,   34909,   35343,    2472,    2038,   37381,   30330,   23261,    3233,    6089,     823,       0,     285,       0,       0,    4362,     523,   34909,   35343,    2472,    2038,       0,       0,       0,       0,       0,       0,       0,       0,       0,       0,       0,       0,       0,       0,       0,       0,    1515,    1580,     270,     -60,     695,     -45,       0,     235,       0,       0,     535,      25,    1500,    1715,      15,    -200,  100.0,   81.1,   62.2,    8.6,   16.3,    2.2,    0.0,    0.8,    0.0,    0.0,   11.7,    1.4,   93.4,   94.5,    6.6,    5.5,  100.0,   81.1,   62.2,    8.6,   16.3,    2.2,    0.0,    0.8,    0.0,    0.0,   11.7,    1.4,   93.4,   94.5,    6.6,    5.5,  100.0,    0.0,    0.0,    0.0,    0.0,    0.0,    0.0,    0.0,    0.0,    0.0,    0.0,    0.0,    0.0,    0.0,    0.0,    0.0,     30,     13,     14,      4,.,      5,      0,.,      0,      0,.,.,     21,     23,     30,     13,     14,      4,.,      5,      0,.,      0,      0,.,.,     21,     23,      0,      0,      0,      0,      0,      0,      0,      0,      0,      0,      0,      0,      0,      0,    72.3,    51.3,    82.8,    75.6,    65.6,    46.7,    74.4,    69.2,    72.3,    51.3,    82.8,    75.6,    65.6,    46.7,    74.4,    69.2,     0.0,     0.0,     0.0,     0.0,     0.0,     0.0,     0.0,     0.0,Megawatt Hours (MWh),064DEU,NODX,064 ,N16,FutOnly
NYISO.WEST_month_off_dap - NODAL EXCHANGE,260922,2026-09-22,064DEV,NODX,01,064 ,   37138,   29403,   23011,    3740,    6924,     522,       0,     325,       0,       0,    3341,     844,   34509,   34967,    2629,    2171,   37138,   29403,   23011,    3740,    6924,     522,       0,     325,       0,       0,    3341,     844,   34509,   34967,    2629,    2171,       0,       0,       0,       0,       0,       0,       0,       0,       0,       0,       0,       0,       0,       0,       0,       0,    1428,    1465,     180,     -60,     695,       2,       0,       0,       0,       0,     535,      25,    1432,    1437,      -4,      -9,  100.0,   79.2,   62.0,   10.1,   18.6,    1.4,    0.0,    0.9,    0.0,    0.0,    9.0,    2.3,   92.9,   94.2,    7.1,    5.8,  100.0,   79.2,   62.0,   10.1,   18.6,    1.4,    0.0,    0.9,    0.0,    0.0,    9.0,    2.3,   92.9,   94.2,    7.1,    5.8,  100.0,    0.0,    0.0,    0.0,    0.0,    0.0,    0.0,    0.0,    0.0,    0.0,    0.0,    0.0,    0.0,    0.0,    0.0,    0.0,     26,     10,     13,.,.,      5,      0,.,      0,      0,.,.,     17,     23,     26,     10,     13,.,.,      5,      0,.,      0,      0,.,.,     17,     23,      0,      0,      0,      0,      0,      0,      0,      0,      0,      0,      0,      0,      0,      0,    76.4,    51.9,    88.0,    76.4,    71.0,    48.3,    79.5,    70.6,    76.4,    51.9,    88.0,    76.4,    71.0,    48.3,    79.5,    70.6,     0.0,     0.0,     0.0,     0.0,     0.0,     0.0,     0.0,     0.0,Megawatt Hours (MWh),064DEV,NODX,064 ,N16,FutOnly
PJM.AEP_month_on_dap - NODAL EXCHANGE,260922,2026-09-22,064DLQ,NODX,01,064 ,   27848,   17125,   21177,    6582,     330,     420,    1485,       0,       0,     471,    4646,     330,   26413,   26903,    1435,     945,   27848,   17125,   21177,    6582,     330,     420,    1485,       0,       0,     471,    4646,     330,   26413,   26903,    1435,     945,       0,       0,       0,       0,       0,       0,       0,       0,       0,       0,       0,       0,       0,       0,       0,       0,     472,     335,     302,    -165,       0,      50,       0,       0,       0,       0,     120,     -50,     170,     422,     302,      50,  100.0,   61.5,   76.0,   23.6,    1.2,    1.5,    5.3,    0.0,    0.0,    1.7,   16.7,    1.2,   94.8,   96.6,    5.2,    3.4,  100.0,   61.5,   76.0,   23.6,    1.2,    1.5,    5.3,    0.0,    0.0,    1.7,   16.7,    1.2,   94.8,   96.6,    5.2,    3.4,  100.0,    0.0,    0.0,    0.0,    0.0,    0.0,    0.0,    0.0,    0.0,    0.0,    0.0,    0.0,    0.0,    0.0,    0.0,    0.0,     22,     10,.,      4,.,.,.,      0,      0,.,.,.,     18,      7,     22,     10,.,      4,.,.,.,      0,      0,.,.,.,     18,      7,      0,      0,      0,      0,      0,      0,      0,      0,      0,      0,      0,      0,      0,      0,    62.4,    93.7,    78.4,    96.6,    62.4,    92.5,    78.4,    93.9,    62.4,    93.7,    78.4,    96.6,    62.4,    92.5,    78.4,    93.9,     0.0,     0.0,     0.0,     0.0,     0.0,     0.0,     0.0,     0.0,Megawatt Hours (MWh),064DLQ,NODX,064 ,N16,FutOnly
PJM.AEP_month_off_dap - NODAL EXCHANGE,260922,2026-09-22,064DLR,NODX,01,064 ,   27788,   17125,   21117,    6542,     330,     420,    1485,       0,       0,     471,    4646,     330,   26373,   26843,    1415,     945,   27788,   17125,   21117,    6542,     330,     420,    1485,       0,       0,     471,    4646,     330,   26373,   26843,    1415,     945,       0,       0,       0,       0,       0,       0,       0,       0,       0,       0,       0,       0,       0,       0,       0,       0,     447,     310,     277,    -165,       0,      50,       0,       0,       0,       0,     120,     -50,     145,     397,     302,      50,  100.0,   61.6,   76.0,   23.5,    1.2,    1.5,    5.3,    0.0,    0.0,    1.7,   16.7,    1.2,   94.9,   96.6,    5.1,    3.4,  100.0,   61.6,   76.0,   23.5,    1.2,    1.5,    5.3,    0.0,    0.0,    1.7,   16.7,    1.2,   94.9,   96.6,    5.1,    3.4,  100.0,    0.0,    0.0,    0.0,    0.0,    0.0,    0.0,    0.0,    0.0,    0.0,    0.0,    0.0,    0.0,    0.0,    0.0,    0.0,     22,     10,.,      4,.,.,.,      0,      0,.,.,.,     18,      7,     22,     10,.,      4,.,.,.,      0,      0,.,.,.,     18,      7,      0,      0,      0,      0,      0,      0,      0,      0,      0,      0,      0,      0,      0,      0,    62.5,    93.7,    78.4,    96.6,    62.5,    92.5,    78.4,    93.9,    62.5,    93.7,    78.4,    96.6,    62.5,    92.5,    78.4,    93.9,     0.0,     0.0,     0.0,     0.0,     0.0,     0.0,     0.0,     0.0,Megawatt Hours (MWh),064DLR,NODX,064 ,N16,FutOnly
PJM.AEP-DAYTON HUB_mo_on_dap - NODAL EXCHANGE,260922,2026-09-22,064DLW,NODX,01,064 ,  101837,   43054,   44160,    5506,   24452,    2891,    5489,    5230,     250,   23076,    2626,    1201,   81467,   80810,   20370,   21027,  101837,   43054,   44160,    5506,   24452,    2891,    5489,    5230,     250,   23076,    2626,    1201,   81467,   80810,   20370,   21027,       0,       0,       0,       0,       0,       0,       0,       0,       0,       0,       0,       0,       0,       0,       0,       0,    1302,      23,     856,     360,    -525,     530,       0,     -80,      80,     120,       0,     -50,    1063,     811,     239,     491,  100.0,   42.3,   43.4,    5.4,   24.0,    2.8,    5.4,    5.1,    0.2,   22.7,    2.6,    1.2,   80.0,   79.4,   20.0,   20.6,  100.0,   42.3,   43.4,    5.4,   24.0,    2.8,    5.4,    5.1,    0.2,   22.7,    2.6,    1.2,   80.0,   79.4,   20.0,   20.6,  100.0,    0.0,    0.0,    0.0,    0.0,    0.0,    0.0,    0.0,    0.0,    0.0,    0.0,    0.0,    0.0,    0.0,    0.0,    0.0,     45,     16,     21,.,      6,      5,.,.,.,      6,      4,      4,     32,     37,     45,     16,     21,.,      6,      5,.,.,.,      6,      4,      4,     32,     37,      0,      0,      0,      0,      0,      0,      0,      0,      0,      0,      0,      0,      0,      0,    46.3,    35.0,    64.3,    55.1,    44.2,    33.5,    57.0,    50.2,    46.3,    35.0,    64.3,    55.1,    44.2,    33.5,    57.0,    50.2,     0.0,     0.0,     0.0,     0.0,     0.0,     0.0,     0.0,     0.0,Megawatt Hours (MWh),064DLW,NODX,064 ,N16,FutOnly
PJM.AEP-DAYTON HUB_mo_off_dap - NODAL EXCHANGE,260922,2026-09-22,064DLX,NODX,01,064 ,   98907,   41167,   47528,    5248,   21579,    3004,    4949,    2580,     290,   23485,    2550,    1252,   79395,   78783,   19512,   20124,   98907,   41167,   47528,    5248,   21579,    3004,    4949,    2580,     290,   23485,    2550,    1252,   79395,   78783,   19512,   20124,       0,       0,       0,       0,       0,       0,       0,       0,       0,       0,       0,       0,       0,       0,       0,       0,    1052,      97,     865,     360,    -525,     355,       0,       0,       0,     135,       0,     -50,     897,     645,     155,     407,  100.0,   41.6,   48.1,    5.3,   21.8,    3.0,    5.0,    2.6,    0.3,   23.7,    2.6,    1.3,   80.3,   79.7,   19.7,   20.3,  100.0,   41.6,   48.1,    5.3,   21.8,    3.0,    5.0,    2.6,    0.3,   23.7,    2.6,    1.3,   80.3,   79.7,   19.7,   20.3,  100.0,    0.0,    0.0,    0.0,    0.0,    0.0,    0.0,    0.0,    0.0,    0.0,    0.0,    0.0,    0.0,    0.0,    0.0,    0.0,     43,     15,     22,.,      5,      5,.,.,.,      5,      4,      4,     30,     37,     43,     15,     22,.,      5,      5,.,.,.,      5,      4,      4,     30,     37,      0,      0,      0,      0,      0,      0,      0,      0,      0,      0,      0,      0,      0,      0,    47.5,    34.8,    65.5,    54.4,    42.9,    33.8,    55.4,    49.3,    47.5,    34.8,    65.5,    54.4,    42.9,    33.8,    55.4,    49.3,     0.0,     0.0,     0.0,     0.0,     0.0,     0.0,     0.0,     0.0,Megawatt Hours (MWh),064DLX,NODX,064 ,N16,FutOnly
PJM.APS_month_on_dap - NODAL EXCHANGE,260922,2026-09-22,064DMY,NODX,01,064 ,   12662,    6969,   10850,     965,     712,     156,    1875,       0,       0,     938,     365,       0,   10903,   12083,    1759,     579,   12662,    6969,   10850,     965,     712,     156,    1875,       0,       0,     938,     365,       0,   10903,   12083,    1759,     579,       0,       0,       0,       0,       0,       0,       0,       0,       0,       0,       0,       0,       0,       0,       0,       0,       0,       0,       0,       0,       0,       0,       0,       0,       0,       0,       0,       0,       0,       0,       0,       0,  100.0,   55.0,   85.7,    7.6,    5.6,    1.2,   14.8,    0.0,    0.0,    7.4,    2.9,    0.0,   86.1,   95.4,   13.9,    4.6,  100.0,   55.0,   85.7,    7.6,    5.6,    1.2,   14.8,    0.0,    0.0,    7.4,    2.9,    0.0,   86.1,   95.4,   13.9,    4.6,  100.0,    0.0,    0.0,    0.0,    0.0,    0.0,    0.0,    0.0,    0.0,    0.0,    0.0,    0.0,    0.0,    0.0,    0.0,    0.0,     20,     11,      6,.,.,.,.,      0,      0,.,.,      0,     16,      8,     20,     11,      6,.,.,.,.,      0,      0,.,.,      0,     16,      8,      0,      0,      0,      0,      0,      0,      0,      0,      0,      0,      0,      0,      0,      0,    42.6,    82.5,    67.5,    95.4,    42.6,    81.3,    67.5,    88.9,    42.6,    82.5,    67.5,    95.4,    42.6,    81.3,    67.5,    88.9,     0.0,     0.0,     0.0,     0.0,     0.0,     0.0,     0.0,     0.0,Megawatt Hours (MWh),064DMY,NODX,064 ,N16,FutOnly
PJM.APS_month_off_dap - NODAL EXCHANGE,260922,2026-09-22,064DMZ,NODX,01,064 ,   12134,    6696,   10322,     965,     712,     156,    1875,       0,       0,     698,     365,       0,   10390,   11555,    1744,     579,   12134,    6696,   10322,     965,     712,     156,    1875,       0,       0,     698,     365,       0,   10390,   11555,    1744,     579,       0,       0,       0,       0,       0,       0,       0,       0,       0,       0,       0,       0,       0,       0,       0,       0,       0,       0,       0,       0,       0,       0,       0,       0,       0,       0,       0,       0,       0,       0,       0,       0,  100.0,   55.2,   85.1,    8.0,    5.9,    1.3,   15.5,    0.0,    0.0,    5.8,    3.0,    0.0,   85.6,   95.2,   14.4,    4.8,  100.0,   55.2,   85.1,    8.0,    5.9,    1.3,   15.5,    0.0,    0.0,    5.8,    3.0,    0.0,   85.6,   95.2,   14.4,    4.8,  100.0,    0.0,    0.0,    0.0,    0.0,    0.0,    0.0,    0.0,    0.0,    0.0,    0.0,    0.0,    0.0,    0.0,    0.0,    0.0,     20,     11,      6,.,.,.,.,      0,      0,.,.,      0,     16,      8,     20,     11,      6,.,.,.,.,      0,      0,.,.,      0,     16,      8,      0,      0,      0,      0,      0,      0,      0,      0,      0,      0,      0,      0,      0,      0,    43.8,    82.6,    67.8,    95.2,    43.8,    81.3,    67.8,    90.0,    43.8,    82.6,    67.8,    95.2,    43.8,    81.3,    67.8,    90.0,     0.0,     0.0,     0.0,     0.0,     0.0,     0.0,     0.0,     0.0,Megawatt Hours (MWh),064DMZ,NODX,064 ,N16,FutOnly
PJM.BGE_month_on_dap - NODAL EXCHANGE,260922,2026-09-22,064DPQ,NODX,01,064 ,   26350,   18795,   21510,    2385,     905,     440,    2690,       0,       0,    1260,    2510,     215,   25785,   25580,     565,     770,   26350,   18795,   21510,    2385,     905,     440,    2690,       0,       0,    1260,    2510,     215,   25785,   25580,     565,     770,       0,       0,       0,       0,       0,       0,       0,       0,       0,       0,       0,       0,       0,       0,       0,       0,     -65,     555,    -165,     -95,       0,      50,       0,       0,       0,     -25,     600,    -175,     310,     310,    -375,    -375,  100.0,   71.3,   81.6,    9.1,    3.4,    1.7,   10.2,    0.0,    0.0,    4.8,    9.5,    0.8,   97.9,   97.1,    2.1,    2.9,  100.0,   71.3,   81.6,    9.1,    3.4,    1.7,   10.2,    0.0,    0.0,    4.8,    9.5,    0.8,   97.9,   97.1,    2.1,    2.9,  100.0,    0.0,    0.0,    0.0,    0.0,    0.0,    0.0,    0.0,    0.0,    0.0,    0.0,    0.0,    0.0,    0.0,    0.0,    0.0,     26,     13,      5,.,.,.,.,      0,      0,.,.,.,     22,     12,     26,     13,      5,.,.,.,.,      0,      0,.,.,.,     22,     12,      0,      0,      0,      0,      0,      0,      0,      0,      0,      0,      0,      0,      0,      0,    56.9,    88.3,    76.3,    94.3,    56.0,    86.7,    74.5,    90.4,    56.9,    88.3,    76.3,    94.3,    56.0,    86.7,    74.5,    90.4,     0.0,     0.0,     0.0,     0.0,     0.0,     0.0,     0.0,     0.0,Megawatt Hours (MWh),064DPQ,NODX,064 ,N16,FutOnly
PJM.BGE_month_off_dap - NODAL EXCHANGE,260922,2026-09-22,064DPR,NODX,01,064 ,   26250,   18605,   21295,    2070,     625,     490,    2690,       0,       0,    1275,    2535,     215,   25345,   25160,     905,    1090,   26250,   18605,   21295,    2070,     625,     490,    2690,       0,       0,    1275,    2535,     215,   25345,   25160,     905,    1090,       0,       0,       0,       0,       0,       0,       0,       0,       0,       0,       0,       0,       0,       0,       0,       0,     -75,     555,    -165,     -95,       0,      50,       0,       0,       0,     -25,     600,    -175,     310,     310,    -385,    -385,  100.0,   70.9,   81.1,    7.9,    2.4,    1.9,   10.2,    0.0,    0.0,    4.9,    9.7,    0.8,   96.6,   95.8,    3.4,    4.2,  100.0,   70.9,   81.1,    7.9,    2.4,    1.9,   10.2,    0.0,    0.0,    4.9,    9.7,    0.8,   96.6,   95.8,    3.4,    4.2,  100.0,    0.0,    0.0,    0.0,    0.0,    0.0,    0.0,    0.0,    0.0,    0.0,    0.0,    0.0,    0.0,    0.0,    0.0,    0.0,     26,     13,      5,.,.,.,.,      0,      0,.,.,.,     22,     12,     26,     13,      5,.,.,.,.,      0,      0,.,.,.,     22,     12,      0,      0,      0,      0,      0,      0,      0,      0,      0,      0,      0,      0,      0,      0,    56.5,    87.9,    74.4,    93.4,    55.6,    86.3,    72.6,    88.9,    56.5,    87.9,    74.4,    93.4,    55.6,    86.3,    72.6,    88.9,     0.0,     0.0,     0.0,     0.0,     0.0,     0.0,     0.0,     0.0,Megawatt Hours (MWh),064DPR,NODX,064 ,N16,FutOnly
PJM.DOM_month_on_dap - NODAL EXCHANGE,260922,2026-09-22,064DZS,NODX,01,064 ,   11349,    7165,    5350,    1494,    2419,     255,    1000,     710,       0,     725,    1875,      25,   10664,   10634,     685,     715,   11349,    7165,    5350,    1494,    2419,     255,    1000,     710,       0,     725,    1875,      25,   10664,   10634,     685,     715,       0,       0,       0,       0,       0,       0,       0,       0,       0,       0,       0,       0,       0,       0,       0,       0,    -300,    -300,       0,       0,    -300,       0,       0,       0,       0,       0,       0,       0,    -300,    -300,       0,       0,  100.0,   63.1,   47.1,   13.2,   21.3,    2.2,    8.8,    6.3,    0.0,    6.4,   16.5,    0.2,   94.0,   93.7,    6.0,    6.3,  100.0,   63.1,   47.1,   13.2,   21.3,    2.2,    8.8,    6.3,    0.0,    6.4,   16.5,    0.2,   94.0,   93.7,    6.0,    6.3,  100.0,    0.0,    0.0,    0.0,    0.0,    0.0,    0.0,    0.0,    0.0,    0.0,    0.0,    0.0,    0.0,    0.0,    0.0,    0.0,     23,      9,      4,.,      4,.,.,.,      0,.,.,.,     15,     13,     23,      9,      4,.,      4,.,.,.,      0,.,.,.,     15,     13,      0,      0,      0,      0,      0,      0,      0,      0,      0,      0,      0,      0,      0,      0,    60.8,    71.3,    83.8,    90.7,    60.8,    65.2,    81.3,    83.7,    60.8,    71.3,    83.8,    90.7,    60.8,    65.2,    81.3,    83.7,     0.0,     0.0,     0.0,     0.0,     0.0,     0.0,     0.0,     0.0,Megawatt Hours (MWh),064DZS,NODX,064 ,N16,FutOnly
PJM.DOM_month_off_dap - NODAL EXCHANGE,260922,2026-09-22,064DZT,NODX,01,064 ,   11839,    7610,    5790,    1675,    2660,     169,    1000,     710,       0,     725,    1875,      25,   11204,   11229,     635,     610,   11839,    7610,    5790,    1675,    2660,     169,    1000,     710,       0,     725,    1875,      25,   11204,   11229,     635,     610,       0,       0,       0,       0,       0,       0,       0,       0,       0,       0,       0,       0,       0,       0,       0,       0,    -300,    -300,       0,       0,    -300,       0,       0,       0,       0,       0,       0,       0,    -300,    -300,       0,       0,  100.0,   64.3,   48.9,   14.1,   22.5,    1.4,    8.4,    6.0,    0.0,    6.1,   15.8,    0.2,   94.6,   94.8,    5.4,    5.2,  100.0,   64.3,   48.9,   14.1,   22.5,    1.4,    8.4,    6.0,    0.0,    6.1,   15.8,    0.2,   94.6,   94.8,    5.4,    5.2,  100.0,    0.0,    0.0,    0.0,    0.0,    0.0,    0.0,    0.0,    0.0,    0.0,    0.0,    0.0,    0.0,    0.0,    0.0,    0.0,     25,     10,      5,.,      5,.,.,.,      0,.,.,.,     17,     14,     25,     10,      5,.,      5,.,.,.,      0,.,.,.,     17,     14,      0,      0,      0,      0,      0,      0,      0,      0,      0,      0,      0,      0,      0,      0,    59.3,    71.6,    82.9,    91.6,    59.3,    65.8,    82.3,    84.3,    59.3,    71.6,    82.9,    91.6,    59.3,    65.8,    82.3,    84.3,     0.0,     0.0,     0.0,     0.0,     0.0,     0.0,     0.0,     0.0,Megawatt Hours (MWh),064DZT,NODX,064 ,N16,FutOnly
PJM.JCPL_month_on_dap - NODAL EXCHANGE,260922,2026-09-22,064EJI,NODX,01,064 ,   48697,   33217,   36265,    2515,    2132,     635,    2890,    4945,       0,    3720,     310,     975,   43952,   45262,    4745,    3435,   48697,   33217,   36265,    2515,    2132,     635,    2890,    4945,       0,    3720,     310,     975,   43952,   45262,    4745,    3435,       0,       0,       0,       0,       0,       0,       0,       0,       0,       0,       0,       0,       0,       0,       0,       0,     750,     725,     825,     200,       0,    -275,       0,       0,       0,       0,     100,       0,     650,     650,     100,     100,  100.0,   68.2,   74.5,    5.2,    4.4,    1.3,    5.9,   10.2,    0.0,    7.6,    0.6,    2.0,   90.3,   92.9,    9.7,    7.1,  100.0,   68.2,   74.5,    5.2,    4.4,    1.3,    5.9,   10.2,    0.0,    7.6,    0.6,    2.0,   90.3,   92.9,    9.7,    7.1,  100.0,    0.0,    0.0,    0.0,    0.0,    0.0,    0.0,    0.0,    0.0,    0.0,    0.0,    0.0,    0.0,    0.0,    0.0,    0.0,     30,     14,      8,.,.,      4,.,.,      0,.,.,.,     24,     17,     30,     14,      8,.,.,      4,.,.,      0,.,.,.,     24,     17,      0,      0,      0,      0,      0,      0,      0,      0,      0,      0,      0,      0,      0,      0,    54.8,    79.7,    71.2,    89.1,    51.4,    79.7,    67.9,    85.3,    54.8,    79.7,    71.2,    89.1,    51.4,    79.7,    67.9,    85.3,     0.0,     0.0,     0.0,     0.0,     0.0,     0.0,     0.0,     0.0,Megawatt Hours (MWh),064EJI,NODX,064 ,N16,FutOnly
PJM.JCPL_month_off_dap - NODAL EXCHANGE,260922,2026-09-22,064EJJ,NODX,01,064 ,   45937,   30807,   34195,    1675,    2202,     945,    2890,    4270,       0,    4045,       0,     605,   40967,   42217,    4970,    3720,   45937,   30807,   34195,    1675,    2202,     945,    2890,    4270,       0,    4045,       0,     605,   40967,   42217,    4970,    3720,       0,       0,       0,       0,       0,       0,       0,       0,       0,       0,       0,       0,       0,       0,       0,       0,     -75,     225,     125,       0,     100,    -300,       0,       0,       0,       0,       0,       0,     -75,     -75,       0,       0,  100.0,   67.1,   74.4,    3.6,    4.8,    2.1,    6.3,    9.3,    0.0,    8.8,    0.0,    1.3,   89.2,   91.9,   10.8,    8.1,  100.0,   67.1,   74.4,    3.6,    4.8,    2.1,    6.3,    9.3,    0.0,    8.8,    0.0,    1.3,   89.2,   91.9,   10.8,    8.1,  100.0,    0.0,    0.0,    0.0,    0.0,    0.0,    0.0,    0.0,    0.0,    0.0,    0.0,    0.0,    0.0,    0.0,    0.0,    0.0,     30,     15,      8,.,.,      4,.,.,      0,      4,      0,.,     25,     17,     30,     15,      8,.,.,      4,.,.,      0,      4,      0,.,     25,     17,      0,      0,      0,      0,      0,      0,      0,      0,      0,      0,      0,      0,      0,      0,    52.8,    80.3,    70.5,    87.8,    50.8,    80.2,    68.5,    86.0,    52.8,    80.3,    70.5,    87.8,    50.8,    80.2,    68.5,    86.0,     0.0,     0.0,     0.0,     0.0,     0.0,     0.0,     0.0,     0.0,Megawatt Hours (MWh),064EJJ,NODX,064 ,N16,FutOnly
PJM.METED_month_on_dap - NODAL EXCHANGE,260922,2026-09-22,064EOW,NODX,01,064 ,   11999,    9290,    8399,       0,    1537,     361,      15,     470,     135,     150,     105,     120,   10071,   11127,    1928,     872,   11999,    9290,    8399,       0,    1537,     361,      15,     470,     135,     150,     105,     120,   10071,   11127,    1928,     872,       0,       0,       0,       0,       0,       0,       0,       0,       0,       0,       0,       0,       0,       0,       0,       0,      65,     135,    -285,       0,       0,       0,       0,     420,     -70,       0,       0,       0,      65,      65,       0,       0,  100.0,   77.4,   70.0,    0.0,   12.8,    3.0,    0.1,    3.9,    1.1,    1.3,    0.9,    1.0,   83.9,   92.7,   16.1,    7.3,  100.0,   77.4,   70.0,    0.0,   12.8,    3.0,    0.1,    3.9,    1.1,    1.3,    0.9,    1.0,   83.9,   92.7,   16.1,    7.3,  100.0,    0.0,    0.0,    0.0,    0.0,    0.0,    0.0,    0.0,    0.0,    0.0,    0.0,    0.0,    0.0,    0.0,    0.0,    0.0,     21,     11,      4,      0,.,.,.,.,.,.,.,.,     17,     10,     21,     11,      4,      0,.,.,.,.,.,.,.,.,     17,     10,      0,      0,      0,      0,      0,      0,      0,      0,      0,      0,      0,      0,      0,      0,    54.5,    76.6,    72.8,    89.9,    54.5,    74.9,    70.9,    83.1,    54.5,    76.6,    72.8,    89.9,    54.5,    74.9,    70.9,    83.1,     0.0,     0.0,     0.0,     0.0,     0.0,     0.0,     0.0,     0.0,Megawatt Hours (MWh),064EOW,NODX,064 ,N16,FutOnly
PJM.METED_month_off_dap - NODAL EXCHANGE,260922,2026-09-22,064EOX,NODX,01,064 ,   12246,    9545,    8674,       0,    1557,     356,      15,     470,     135,     150,     105,     120,   10321,   11417,    1925,     829,   12246,    9545,    8674,       0,    1557,     356,      15,     470,     135,     150,     105,     120,   10321,   11417,    1925,     829,       0,       0,       0,       0,       0,       0,       0,       0,       0,       0,       0,       0,       0,       0,       0,       0,     120,     190,    -230,       0,       0,       0,       0,     420,     -70,       0,       0,       0,     120,     120,       0,       0,  100.0,   77.9,   70.8,    0.0,   12.7,    2.9,    0.1,    3.8,    1.1,    1.2,    0.9,    1.0,   84.3,   93.2,   15.7,    6.8,  100.0,   77.9,   70.8,    0.0,   12.7,    2.9,    0.1,    3.8,    1.1,    1.2,    0.9,    1.0,   84.3,   93.2,   15.7,    6.8,  100.0,    0.0,    0.0,    0.0,    0.0,    0.0,    0.0,    0.0,    0.0,    0.0,    0.0,    0.0,    0.0,    0.0,    0.0,    0.0,     21,     11,      5,      0,.,.,.,.,.,.,.,.,     17,     11,     21,     11,      5,      0,.,.,.,.,.,.,.,.,     17,     11,      0,      0,      0,      0,      0,      0,      0,      0,      0,      0,      0,      0,      0,      0,    52.4,    76.2,    73.5,    89.2,    51.3,    74.5,    67.5,    82.0,    52.4,    76.2,    73.5,    89.2,    51.3,    74.5,    67.5,    82.0,     0.0,     0.0,     0.0,     0.0,     0.0,     0.0,     0.0,     0.0,Megawatt Hours (MWh),064EOX,NODX,064 ,N16,FutOnly
PJM.N ILLINOIS HUB_mo_on_dap - NODAL EXCHANGE,260922,2026-09-22,064ERM,NODX,01,064 ,   93692,   67202,   76855,   12392,    5385,    3199,     850,     360,       0,    2260,      50,       0,   85903,   85849,    7789,    7843,   93692,   67202,   76855,   12392,    5385,    3199,     850,     360,       0,    2260,      50,       0,   85903,   85849,    7789,    7843,       0,       0,       0,       0,       0,       0,       0,       0,       0,       0,       0,       0,       0,       0,       0,       0,      95,     135,    -460,     -25,     570,       0,       0,       0,       0,       0,       0,       0,     110,     110,     -15,     -15,  100.0,   71.7,   82.0,   13.2,    5.7,    3.4,    0.9,    0.4,    0.0,    2.4,    0.1,    0.0,   91.7,   91.6,    8.3,    8.4,  100.0,   71.7,   82.0,   13.2,    5.7,    3.4,    0.9,    0.4,    0.0,    2.4,    0.1,    0.0,   91.7,   91.6,    8.3,    8.4,  100.0,    0.0,    0.0,    0.0,    0.0,    0.0,    0.0,    0.0,    0.0,    0.0,    0.0,    0.0,    0.0,    0.0,    0.0,    0.0,     31,     14,     14,      5,.,      5,.,.,      0,.,.,      0,     23,     22,     31,     14,     14,      5,.,      5,.,.,      0,.,.,      0,     23,     22,      0,      0,      0,      0,      0,      0,      0,      0,      0,      0,      0,      0,      0,      0,    59.0,    74.3,    82.7,    83.9,    56.2,    74.1,    77.5,    82.1,    59.0,    74.3,    82.7,    83.9,    56.2,    74.1,    77.5,    82.1,     0.0,     0.0,     0.0,     0.0,     0.0,     0.0,     0.0,     0.0,Megawatt Hours (MWh),064ERM,NODX,064 ,N16,FutOnly
PJM.N ILLINOIS HUB_mo_off_dap - NODAL EXCHANGE,260922,2026-09-22,064ERN,NODX,01,064 ,   92245,   64160,   76053,   14202,    4895,    3154,     850,     360,       0,    2200,      50,       0,   84566,   84512,    7679,    7733,   92245,   64160,   76053,   14202,    4895,    3154,     850,     360,       0,    2200,      50,       0,   84566,   84512,    7679,    7733,       0,       0,       0,       0,       0,       0,       0,       0,       0,       0,       0,       0,       0,       0,       0,       0,      45,      85,    -510,     -25,     570,       0,       0,       0,       0,       0,       0,       0,      60,      60,     -15,     -15,  100.0,   69.6,   82.4,   15.4,    5.3,    3.4,    0.9,    0.4,    0.0,    2.4,    0.1,    0.0,   91.7,   91.6,    8.3,    8.4,  100.0,   69.6,   82.4,   15.4,    5.3,    3.4,    0.9,    0.4,    0.0,    2.4,    0.1,    0.0,   91.7,   91.6,    8.3,    8.4,  100.0,    0.0,    0.0,    0.0,    0.0,    0.0,    0.0,    0.0,    0.0,    0.0,    0.0,    0.0,    0.0,    0.0,    0.0,    0.0,     31,     14,     15,      5,.,      5,.,.,      0,.,.,      0,     23,     23,     31,     14,     15,      5,.,      5,.,.,      0,.,.,      0,     23,     23,      0,      0,      0,      0,      0,      0,      0,      0,      0,      0,      0,      0,      0,      0,    58.8,    74.8,    81.4,    84.2,    55.9,    74.5,    76.4,    82.4,    58.8,    74.8,    81.4,    84.2,    55.9,    74.5,    76.4,    82.4,     0.0,     0.0,     0.0,     0.0,     0.0,     0.0,     0.0,     0.0,Megawatt Hours (MWh),064ERN,NODX,064 ,N16,FutOnly
PJM.PECO_month_on_dap - NODAL EXCHANGE,260922,2026-09-22,064EUY,NODX,01,064 ,  101987,   68485,   77807,    2364,   13928,    1600,    1795,     885,       0,   19850,     251,     334,   94428,   94805,    7559,    7182,  101987,   68485,   77807,    2364,   13928,    1600,    1795,     885,       0,   19850,     251,     334,   94428,   94805,    7559,    7182,       0,       0,       0,       0,       0,       0,       0,       0,       0,       0,       0,       0,       0,       0,       0,       0,       0,     -25,       0,       0,      25,       0,       0,       0,       0,      25,     -25,       0,       0,       0,       0,       0,  100.0,   67.2,   76.3,    2.3,   13.7,    1.6,    1.8,    0.9,    0.0,   19.5,    0.2,    0.3,   92.6,   93.0,    7.4,    7.0,  100.0,   67.2,   76.3,    2.3,   13.7,    1.6,    1.8,    0.9,    0.0,   19.5,    0.2,    0.3,   92.6,   93.0,    7.4,    7.0,  100.0,    0.0,    0.0,    0.0,    0.0,    0.0,    0.0,    0.0,    0.0,    0.0,    0.0,    0.0,    0.0,    0.0,    0.0,    0.0,     36,     20,     11,.,.,.,.,.,      0,.,.,.,     28,     22,     36,     20,     11,.,.,.,.,.,      0,.,.,.,     28,     22,      0,      0,      0,      0,      0,      0,      0,      0,      0,      0,      0,      0,      0,      0,    52.1,    76.6,    74.0,    89.1,    47.8,    75.5,    62.5,    77.9,    52.1,    76.6,    74.0,    89.1,    47.8,    75.5,    62.5,    77.9,     0.0,     0.0,     0.0,     0.0,     0.0,     0.0,     0.0,     0.0,Megawatt Hours (MWh),064EUY,NODX,064 ,N16,FutOnly
PJM.PECO_month_off_dap - NODAL EXCHANGE,260922,2026-09-22,064EUZ,NODX,01,064 ,  101097,   66340,   77562,    3034,   12658,    1580,    1795,     585,     175,   19625,     276,     309,   92858,   93145,    8239,    7952,  101097,   66340,   77562,    3034,   12658,    1580,    1795,     585,     175,   19625,     276,     309,   92858,   93145,    8239,    7952,       0,       0,       0,       0,       0,       0,       0,       0,       0,       0,       0,       0,       0,       0,       0,       0,       0,     -25,       0,       0,      25,       0,       0,       0,       0,      25,     -25,       0,       0,       0,       0,       0,  100.0,   65.6,   76.7,    3.0,   12.5,    1.6,    1.8,    0.6,    0.2,   19.4,    0.3,    0.3,   91.9,   92.1,    8.1,    7.9,  100.0,   65.6,   76.7,    3.0,   12.5,    1.6,    1.8,    0.6,    0.2,   19.4,    0.3,    0.3,   91.9,   92.1,    8.1,    7.9,  100.0,    0.0,    0.0,    0.0,    0.0,    0.0,    0.0,    0.0,    0.0,    0.0,    0.0,    0.0,    0.0,    0.0,    0.0,    0.0,     36,     20,     11,.,.,.,.,.,.,.,.,.,     29,     22,     36,     20,     11,.,.,.,.,.,.,.,.,.,     29,     22,      0,      0,      0,      0,      0,      0,      0,      0,      0,      0,      0,      0,      0,      0,    50.8,    75.9,    73.3,    88.4,    45.0,    74.6,    61.4,    77.0,    50.8,    75.9,    73.3,    88.4,    45.0,    74.6,    61.4,    77.0,     0.0,     0.0,     0.0,     0.0,     0.0,     0.0,     0.0,     0.0,Megawatt Hours (MWh),064EUZ,NODX,064 ,N16,FutOnly
PJM.PENELEC_month_on_dap - NODAL EXCHANGE,260922,2026-09-22,064EVA,NODX,01,064 ,   13583,    2748,    9975,    1623,    2405,      93,     375,       0,       0,    7136,       0,      40,   12015,   12513,    1568,    1070,   13583,    2748,    9975,    1623,    2405,      93,     375,       0,       0,    7136,       0,      40,   12015,   12513,    1568,    1070,       0,       0,       0,       0,       0,       0,       0,       0,       0,       0,       0,       0,       0,       0,       0,       0,       0,       0,       0,       0,       0,       0,       0,       0,       0,       0,       0,       0,       0,       0,       0,       0,  100.0,   20.2,   73.4,   11.9,   17.7,    0.7,    2.8,    0.0,    0.0,   52.5,    0.0,    0.3,   88.5,   92.1,   11.5,    7.9,  100.0,   20.2,   73.4,   11.9,   17.7,    0.7,    2.8,    0.0,    0.0,   52.5,    0.0,    0.3,   88.5,   92.1,   11.5,    7.9,  100.0,    0.0,    0.0,    0.0,    0.0,    0.0,    0.0,    0.0,    0.0,    0.0,    0.0,    0.0,    0.0,    0.0,    0.0,    0.0,     20,      7,      6,.,.,.,.,      0,      0,      4,      0,.,     15,      9,     20,      7,      6,.,.,.,.,      0,      0,      4,      0,.,     15,      9,      0,      0,      0,      0,      0,      0,      0,      0,      0,      0,      0,      0,      0,      0,    65.7,    87.2,    78.6,    91.9,    65.4,    87.2,    78.0,    89.9,    65.7,    87.2,    78.6,    91.9,    65.4,    87.2,    78.0,    89.9,     0.0,     0.0,     0.0,     0.0,     0.0,     0.0,     0.0,     0.0,Megawatt Hours (MWh),064EVA,NODX,064 ,N16,FutOnly
PJM.PEPCO_month_on_dap - NODAL EXCHANGE,260922,2026-09-22,064EVG,NODX,01,064 ,   26172,   19127,   13168,    1402,    1810,    1095,     660,    2580,       0,     190,    4282,     705,   23179,   23640,    2993,    2532,   26172,   19127,   13168,    1402,    1810,    1095,     660,    2580,       0,     190,    4282,     705,   23179,   23640,    2993,    2532,       0,       0,       0,       0,       0,       0,       0,       0,       0,       0,       0,       0,       0,       0,       0,       0,    1970,    1318,    1518,     -25,     300,      20,       0,       0,       0,       0,    -525,     170,    1483,    1483,     487,     487,  100.0,   73.1,   50.3,    5.4,    6.9,    4.2,    2.5,    9.9,    0.0,    0.7,   16.4,    2.7,   88.6,   90.3,   11.4,    9.7,  100.0,   73.1,   50.3,    5.4,    6.9,    4.2,    2.5,    9.9,    0.0,    0.7,   16.4,    2.7,   88.6,   90.3,   11.4,    9.7,  100.0,    0.0,    0.0,    0.0,    0.0,    0.0,    0.0,    0.0,    0.0,    0.0,    0.0,    0.0,    0.0,    0.0,    0.0,    0.0,     31,     17,      8,.,.,      4,.,.,      0,.,.,.,     25,     18,     31,     17,      8,.,.,      4,.,.,      0,.,.,.,     25,     18,      0,      0,      0,      0,      0,      0,      0,      0,      0,      0,      0,      0,      0,      0,    43.4,    67.9,    63.7,    82.7,    43.1,    61.4,    60.9,    75.1,    43.4,    67.9,    63.7,    82.7,    43.1,    61.4,    60.9,    75.1,     0.0,     0.0,     0.0,     0.0,     0.0,     0.0,     0.0,     0.0,Megawatt Hours (MWh),064EVG,NODX,064 ,N16,FutOnly
PJM.PEPCO_month_off_dap - NODAL EXCHANGE,260922,2026-09-22,064EVH,NODX,01,064 ,   26172,   19127,   13168,    1402,    1810,    1095,     660,    2580,       0,     190,    4282,     705,   23179,   23640,    2993,    2532,   26172,   19127,   13168,    1402,    1810,    1095,     660,    2580,       0,     190,    4282,     705,   23179,   23640,    2993,    2532,       0,       0,       0,       0,       0,       0,       0,       0,       0,       0,       0,       0,       0,       0,       0,       0,    1970,    1318,    1518,     -25,     300,      20,       0,       0,       0,       0,    -525,     170,    1483,    1483,     487,     487,  100.0,   73.1,   50.3,    5.4,    6.9,    4.2,    2.5,    9.9,    0.0,    0.7,   16.4,    2.7,   88.6,   90.3,   11.4,    9.7,  100.0,   73.1,   50.3,    5.4,    6.9,    4.2,    2.5,    9.9,    0.0,    0.7,   16.4,    2.7,   88.6,   90.3,   11.4,    9.7,  100.0,    0.0,    0.0,    0.0,    0.0,    0.0,    0.0,    0.0,    0.0,    0.0,    0.0,    0.0,    0.0,    0.0,    0.0,    0.0,     31,     17,      8,.,.,      4,.,.,      0,.,.,.,     25,     18,     31,     17,      8,.,.,      4,.,.,      0,.,.,.,     25,     18,      0,      0,      0,      0,      0,      0,      0,      0,      0,      0,      0,      0,      0,      0,    43.4,    67.9,    63.7,    82.7,    43.1,    61.4,    60.9,    75.1,    43.4,    67.9,    63.7,    82.7,    43.1,    61.4,    60.9,    75.1,     0.0,     0.0,     0.0,     0.0,     0.0,     0.0,     0.0,     0.0,Megawatt Hours (MWh),064EVH,NODX,064 ,N16,FutOnly
PJM.PPL_month_on_dap - NODAL EXCHANGE,260922,2026-09-22,064EWU,NODX,01,064 ,   69861,   57138,   49536,    4800,   12364,    1426,    2105,       0,      90,     985,    3495,    1155,   67699,   68066,    2162,    1795,   69861,   57138,   49536,    4800,   12364,    1426,    2105,       0,      90,     985,    3495,    1155,   67699,   68066,    2162,    1795,       0,       0,       0,       0,       0,       0,       0,       0,       0,       0,       0,       0,       0,       0,       0,       0,    5041,    4677,    4285,       0,     560,      11,       0,       0,       0,     -25,    -195,       0,    4663,    4661,     378,     380,  100.0,   81.8,   70.9,    6.9,   17.7,    2.0,    3.0,    0.0,    0.1,    1.4,    5.0,    1.7,   96.9,   97.4,    3.1,    2.6,  100.0,   81.8,   70.9,    6.9,   17.7,    2.0,    3.0,    0.0,    0.1,    1.4,    5.0,    1.7,   96.9,   97.4,    3.1,    2.6,  100.0,    0.0,    0.0,    0.0,    0.0,    0.0,    0.0,    0.0,    0.0,    0.0,    0.0,    0.0,    0.0,    0.0,    0.0,    0.0,     39,     23,     15,.,      6,      5,.,      0,.,.,.,.,     34,     26,     39,     23,     15,.,      6,      5,.,      0,.,.,.,.,     34,     26,      0,      0,      0,      0,      0,      0,      0,      0,      0,      0,      0,      0,      0,      0,    66.8,    53.7,    78.4,    73.8,    65.3,    53.3,    74.2,    71.3,    66.8,    53.7,    78.4,    73.8,    65.3,    53.3,    74.2,    71.3,     0.0,     0.0,     0.0,     0.0,     0.0,     0.0,     0.0,     0.0,Megawatt Hours (MWh),064EWU,NODX,064 ,N16,FutOnly
PJM.PPL_month_off_dap - NODAL EXCHANGE,260922,2026-09-22,064EWV,NODX,01,064 ,   69869,   57099,   49994,    4935,   12119,    1356,    2105,       0,      90,     985,    3360,    1155,   67725,   68074,    2144,    1795,   69869,   57099,   49994,    4935,   12119,    1356,    2105,       0,      90,     985,    3360,    1155,   67725,   68074,    2144,    1795,       0,       0,       0,       0,       0,       0,       0,       0,       0,       0,       0,       0,       0,       0,       0,       0,    5106,    4750,    4360,       0,     560,       1,       0,       0,       0,     -25,    -195,       0,    4726,    4726,     380,     380,  100.0,   81.7,   71.6,    7.1,   17.3,    1.9,    3.0,    0.0,    0.1,    1.4,    4.8,    1.7,   96.9,   97.4,    3.1,    2.6,  100.0,   81.7,   71.6,    7.1,   17.3,    1.9,    3.0,    0.0,    0.1,    1.4,    4.8,    1.7,   96.9,   97.4,    3.1,    2.6,  100.0,    0.0,    0.0,    0.0,    0.0,    0.0,    0.0,    0.0,    0.0,    0.0,    0.0,    0.0,    0.0,    0.0,    0.0,    0.0,     39,     22,     15,.,      6,      5,.,      0,.,.,.,.,     33,     26,     39,     22,     15,.,      6,      5,.,      0,.,.,.,.,     33,     26,      0,      0,      0,      0,      0,      0,      0,      0,      0,      0,      0,      0,      0,      0,    67.7,    54.3,    79.2,    74.3,    66.2,    54.2,    75.0,    72.3,    67.7,    54.3,    79.2,    74.3,    66.2,    54.2,    75.0,    72.3,     0.0,     0.0,     0.0,     0.0,     0.0,     0.0,     0.0,     0.0,Megawatt Hours (MWh),064EWV,NODX,064 ,N16,FutOnly
PJM PSEG DAP - NODAL EXCHANGE,260922,2026-09-22,064EXE,NODX,01,064 ,   86894,   51968,   49237,   10713,   11370,    1315,    3690,    1260,     300,    3780,    8394,    2410,   74176,   74286,   12718,   12608,   86894,   51968,   49237,   10713,   11370,    1315,    3690,    1260,     300,    3780,    8394,    2410,   74176,   74286,   12718,   12608,       0,       0,       0,       0,       0,       0,       0,       0,       0,       0,       0,       0,       0,       0,       0,       0,    -396,    -130,    -540,      45,      10,    -175,      25,       0,       0,      10,     609,       0,    -225,     -96,    -171,    -300,  100.0,   59.8,   56.7,   12.3,   13.1,    1.5,    4.2,    1.5,    0.3,    4.4,    9.7,    2.8,   85.4,   85.5,   14.6,   14.5,  100.0,   59.8,   56.7,   12.3,   13.1,    1.5,    4.2,    1.5,    0.3,    4.4,    9.7,    2.8,   85.4,   85.5,   14.6,   14.5,  100.0,    0.0,    0.0,    0.0,    0.0,    0.0,    0.0,    0.0,    0.0,    0.0,    0.0,    0.0,    0.0,    0.0,    0.0,    0.0,     40,     25,     15,.,      4,      5,.,.,.,.,      4,.,     36,     27,     40,     25,     15,.,      4,      5,.,.,.,.,      4,.,     36,     27,      0,      0,      0,      0,      0,      0,      0,      0,      0,      0,      0,      0,      0,      0,    34.2,    45.4,    51.5,    67.1,    29.7,    31.6,    40.6,    49.7,    34.2,    45.4,    51.5,    67.1,    29.7,    31.6,    40.6,    49.7,     0.0,     0.0,     0.0,     0.0,     0.0,     0.0,     0.0,     0.0,Megawatt Hours (MWh),064EXE,NODX,064 ,N16,FutOnly
PJM.PSEG_month_off_dap - NODAL EXCHANGE,260922,2026-09-22,064EXF,NODX,01,064 ,   83848,   49348,   47077,   10628,   11870,    1055,    3230,       0,     485,    3585,    8579,    2360,   70691,   71426,   13157,   12422,   83848,   49348,   47077,   10628,   11870,    1055,    3230,       0,     485,    3585,    8579,    2360,   70691,   71426,   13157,   12422,       0,       0,       0,       0,       0,       0,       0,       0,       0,       0,       0,       0,       0,       0,       0,       0,    -606,    -310,    -840,      45,      10,    -175,      25,       0,       0,      10,     609,       0,    -405,    -396,    -201,    -210,  100.0,   58.9,   56.1,   12.7,   14.2,    1.3,    3.9,    0.0,    0.6,    4.3,   10.2,    2.8,   84.3,   85.2,   15.7,   14.8,  100.0,   58.9,   56.1,   12.7,   14.2,    1.3,    3.9,    0.0,    0.6,    4.3,   10.2,    2.8,   84.3,   85.2,   15.7,   14.8,  100.0,    0.0,    0.0,    0.0,    0.0,    0.0,    0.0,    0.0,    0.0,    0.0,    0.0,    0.0,    0.0,    0.0,    0.0,    0.0,     39,     24,     15,.,      4,      5,.,      0,.,.,.,      4,     36,     27,     39,     24,     15,.,      4,      5,.,      0,.,.,.,      4,     36,     27,      0,      0,      0,      0,      0,      0,      0,      0,      0,      0,      0,      0,      0,      0,    34.5,    46.8,    51.4,    67.1,    30.2,    33.6,    40.6,    51.1,    34.5,    46.8,    51.4,    67.1,    30.2,    33.6,    40.6,    51.1,     0.0,     0.0,     0.0,     0.0,     0.0,     0.0,     0.0,     0.0,Megawatt Hours (MWh),064EXF,NODX,064 ,N16,FutOnly
PJM.WESTERN HUB DAP - NODAL EXCHANGE,260922,2026-09-22,064FHK,NODX,01,064 ,  244394,  165502,  127783,    6095,   26873,    4536,    9425,     835,    2020,    2393,   27869,    1924,  191895,  191840,   52499,   52554,  244394,  165502,  127783,    6095,   26873,    4536,    9425,     835,    2020,    2393,   27869,    1924,  191895,  191840,   52499,   52554,       0,       0,       0,       0,       0,       0,       0,       0,       0,       0,       0,       0,       0,       0,       0,       0,    1099,    1030,    3060,     285,    -330,     119,     225,    -420,     -50,       0,    -779,    -105,    1504,    1495,    -405,    -396,  100.0,   67.7,   52.3,    2.5,   11.0,    1.9,    3.9,    0.3,    0.8,    1.0,   11.4,    0.8,   78.5,   78.5,   21.5,   21.5,  100.0,   67.7,   52.3,    2.5,   11.0,    1.9,    3.9,    0.3,    0.8,    1.0,   11.4,    0.8,   78.5,   78.5,   21.5,   21.5,  100.0,    0.0,    0.0,    0.0,    0.0,    0.0,    0.0,    0.0,    0.0,    0.0,    0.0,    0.0,    0.0,    0.0,    0.0,    0.0,     55,     26,     28,      4,      5,      8,.,.,.,      5,      5,      5,     45,     47,     55,     26,     28,      4,      5,      8,.,.,.,      5,      5,      5,     45,     47,      0,      0,      0,      0,      0,      0,      0,      0,      0,      0,      0,      0,      0,      0,    45.3,    32.4,    56.2,    50.8,    37.1,    27.0,    46.3,    41.9,    45.3,    32.4,    56.2,    50.8,    37.1,    27.0,    46.3,    41.9,     0.0,     0.0,     0.0,     0.0,     0.0,     0.0,     0.0,     0.0,Megawatt Hours (MWh),064FHK,NODX,064 ,N16,FutOnly
PJM.WESTERN HUB_month_off_dap - NODAL EXCHANGE,260922,2026-09-22,064FHL,NODX,01,064 ,  238490,  160733,  117538,    8176,   26717,    4091,    3345,    1555,    3495,    2102,   28336,    2286,  184228,  184018,   54262,   54472,  238490,  160733,  117538,    8176,   26717,    4091,    3345,    1555,    3495,    2102,   28336,    2286,  184228,  184018,   54262,   54472,       0,       0,       0,       0,       0,       0,       0,       0,       0,       0,       0,       0,       0,       0,       0,       0,     112,     183,    2583,     285,    -700,     -40,     225,    -420,    -175,       0,    -779,    -105,     373,     364,    -261,    -252,  100.0,   67.4,   49.3,    3.4,   11.2,    1.7,    1.4,    0.7,    1.5,    0.9,   11.9,    1.0,   77.2,   77.2,   22.8,   22.8,  100.0,   67.4,   49.3,    3.4,   11.2,    1.7,    1.4,    0.7,    1.5,    0.9,   11.9,    1.0,   77.2,   77.2,   22.8,   22.8,  100.0,    0.0,    0.0,    0.0,    0.0,    0.0,    0.0,    0.0,    0.0,    0.0,    0.0,    0.0,    0.0,    0.0,    0.0,    0.0,     55,     25,     29,      5,      4,      8,.,.,.,      4,      6,      6,     44,     49,     55,     25,     29,      5,      4,      8,.,.,.,      4,      6,      6,     44,     49,      0,      0,      0,      0,      0,      0,      0,      0,      0,      0,      0,      0,      0,      0,    44.3,    30.7,    55.2,    49.1,    37.5,    26.3,    46.2,    41.0,    44.3,    30.7,    55.2,    49.1,    37.5,    26.3,    46.2,    41.0,     0.0,     0.0,     0.0,     0.0,     0.0,     0.0,     0.0,     0.0,Megawatt Hours (MWh),064FHL,NODX,064 ,N16,FutOnly
MISO.INDIANA.HUB_month_on_rtp - NODAL EXCHANGE,260922,2026-09-22,064FJY,NODX,01,064 ,   28615,   20224,   11640,     586,    6945,    3630,     500,       0,       0,      20,    3185,      80,   25040,   25480,    3575,    3135,   28615,   20224,   11640,     586,    6945,    3630,     500,       0,       0,      20,    3185,      80,   25040,   25480,    3575,    3135,       0,       0,       0,       0,       0,       0,       0,       0,       0,       0,       0,       0,       0,       0,       0,       0,     275,       0,     325,       0,    -250,     275,       0,       0,       0,       0,     -75,       0,     275,     275,       0,       0,  100.0,   70.7,   40.7,    2.0,   24.3,   12.7,    1.7,    0.0,    0.0,    0.1,   11.1,    0.3,   87.5,   89.0,   12.5,   11.0,  100.0,   70.7,   40.7,    2.0,   24.3,   12.7,    1.7,    0.0,    0.0,    0.1,   11.1,    0.3,   87.5,   89.0,   12.5,   11.0,  100.0,    0.0,    0.0,    0.0,    0.0,    0.0,    0.0,    0.0,    0.0,    0.0,    0.0,    0.0,    0.0,    0.0,    0.0,    0.0,     21,     11,     13,.,.,      4,.,      0,      0,.,.,.,     19,     19,     21,     11,     13,.,.,      4,.,      0,      0,.,.,.,     19,     19,      0,      0,      0,      0,      0,      0,      0,      0,      0,      0,      0,      0,      0,      0,    58.4,    63.1,    74.8,    75.0,    48.7,    47.3,    53.3,    53.0,    58.4,    63.1,    74.8,    75.0,    48.7,    47.3,    53.3,    53.0,     0.0,     0.0,     0.0,     0.0,     0.0,     0.0,     0.0,     0.0,Megawatt Hours (MWh),064FJY,NODX,064 ,N16,FutOnly
MISO.INDIANA.HUB_month_off_rtp - NODAL EXCHANGE,260922,2026-09-22,064FJZ,NODX,01,064 ,   27570,   20584,   11670,     440,    7156,    3235,     845,       0,       0,      20,    3238,      77,   25201,   25376,    2369,    2194,   27570,   20584,   11670,     440,    7156,    3235,     845,       0,       0,      20,    3238,      77,   25201,   25376,    2369,    2194,       0,       0,       0,       0,       0,       0,       0,       0,       0,       0,       0,       0,       0,       0,       0,       0,     300,     300,       0,       0,     300,       0,       0,       0,       0,       0,       0,       0,     300,     300,       0,       0,  100.0,   74.7,   42.3,    1.6,   26.0,   11.7,    3.1,    0.0,    0.0,    0.1,   11.7,    0.3,   91.4,   92.0,    8.6,    8.0,  100.0,   74.7,   42.3,    1.6,   26.0,   11.7,    3.1,    0.0,    0.0,    0.1,   11.7,    0.3,   91.4,   92.0,    8.6,    8.0,  100.0,    0.0,    0.0,    0.0,    0.0,    0.0,    0.0,    0.0,    0.0,    0.0,    0.0,    0.0,    0.0,    0.0,    0.0,    0.0,     22,     11,     13,.,      4,      4,.,      0,      0,.,.,.,     19,     19,     22,     11,     13,.,      4,      4,.,      0,      0,.,.,.,     19,     19,      0,      0,      0,      0,      0,      0,      0,      0,      0,      0,      0,      0,      0,      0,    63.4,    63.5,    78.3,    78.4,    54.3,    51.1,    58.8,    57.5,    63.4,    63.5,    78.3,    78.4,    54.3,    51.1,    58.8,    57.5,     0.0,     0.0,     0.0,     0.0,     0.0,     0.0,     0.0,     0.0,Megawatt Hours (MWh),064FJZ,NODX,064 ,N16,FutOnly
PJM.AEP-DAYTON HUB_mo_on_rtp - NODAL EXCHANGE,260922,2026-09-22,064FKA,NODX,01,064 ,   72110,   41310,   47594,    4958,    1249,    4300,    2225,    6210,    1430,    6695,     400,    1751,   62669,   62934,    9441,    9176,   72110,   41310,   47594,    4958,    1249,    4300,    2225,    6210,    1430,    6695,     400,    1751,   62669,   62934,    9441,    9176,       0,       0,       0,       0,       0,       0,       0,       0,       0,       0,       0,       0,       0,       0,       0,       0,     210,     831,       5,    -656,     100,     -60,     100,       0,       0,    -110,       0,      10,     115,      55,      95,     155,  100.0,   57.3,   66.0,    6.9,    1.7,    6.0,    3.1,    8.6,    2.0,    9.3,    0.6,    2.4,   86.9,   87.3,   13.1,   12.7,  100.0,   57.3,   66.0,    6.9,    1.7,    6.0,    3.1,    8.6,    2.0,    9.3,    0.6,    2.4,   86.9,   87.3,   13.1,   12.7,  100.0,    0.0,    0.0,    0.0,    0.0,    0.0,    0.0,    0.0,    0.0,    0.0,    0.0,    0.0,    0.0,    0.0,    0.0,    0.0,     42,     21,     21,      5,.,      7,.,.,.,      7,.,      4,     38,     37,     42,     21,     21,      5,.,      7,.,.,.,      7,.,      4,     38,     37,      0,      0,      0,      0,      0,      0,      0,      0,      0,      0,      0,      0,      0,      0,    34.1,    45.3,    51.6,    61.1,    25.1,    34.9,    37.1,    46.5,    34.1,    45.3,    51.6,    61.1,    25.1,    34.9,    37.1,    46.5,     0.0,     0.0,     0.0,     0.0,     0.0,     0.0,     0.0,     0.0,Megawatt Hours (MWh),064FKA,NODX,064 ,N16,FutOnly
PJM.AEP-DAYTON HUB_mo_off_rtp - NODAL EXCHANGE,260922,2026-09-22,064FKB,NODX,01,064 ,   73820,   47723,   47203,    3963,     299,    5662,       0,    6655,    1315,    3371,    1500,    1960,   63994,   64594,    9826,    9226,   73820,   47723,   47203,    3963,     299,    5662,       0,    6655,    1315,    3371,    1500,    1960,   63994,   64594,    9826,    9226,       0,       0,       0,       0,       0,       0,       0,       0,       0,       0,       0,       0,       0,       0,       0,       0,    1424,    1396,    -345,    -931,       0,     954,       0,    -350,     250,      20,    1100,    -430,    1259,    1179,     165,     245,  100.0,   64.6,   63.9,    5.4,    0.4,    7.7,    0.0,    9.0,    1.8,    4.6,    2.0,    2.7,   86.7,   87.5,   13.3,   12.5,  100.0,   64.6,   63.9,    5.4,    0.4,    7.7,    0.0,    9.0,    1.8,    4.6,    2.0,    2.7,   86.7,   87.5,   13.3,   12.5,  100.0,    0.0,    0.0,    0.0,    0.0,    0.0,    0.0,    0.0,    0.0,    0.0,    0.0,    0.0,    0.0,    0.0,    0.0,    0.0,     41,     19,     20,      5,.,      7,      0,      4,.,      6,.,      4,     36,     36,     41,     19,     20,      5,.,      7,      0,      4,.,      6,.,      4,     36,     36,      0,      0,      0,      0,      0,      0,      0,      0,      0,      0,      0,      0,      0,      0,    40.3,    42.2,    54.4,    58.3,    29.7,    32.8,    39.7,    44.2,    40.3,    42.2,    54.4,    58.3,    29.7,    32.8,    39.7,    44.2,     0.0,     0.0,     0.0,     0.0,     0.0,     0.0,     0.0,     0.0,Megawatt Hours (MWh),064FKB,NODX,064 ,N16,FutOnly
PJM.N ILLINOIS HUB_mo_on_rtp - NODAL EXCHANGE,260922,2026-09-22,064FKC,NODX,01,064 ,   67173,   50015,   52993,    7190,    5356,    2225,     745,       0,     455,     175,       0,      60,   60865,   61089,    6308,    6084,   67173,   50015,   52993,    7190,    5356,    2225,     745,       0,     455,     175,       0,      60,   60865,   61089,    6308,    6084,       0,       0,       0,       0,       0,       0,       0,       0,       0,       0,       0,       0,       0,       0,       0,       0,    -750,   -1255,   -1055,     180,     300,       5,    -100,       0,       0,      20,       0,       0,   -1150,    -750,     400,       0,  100.0,   74.5,   78.9,   10.7,    8.0,    3.3,    1.1,    0.0,    0.7,    0.3,    0.0,    0.1,   90.6,   90.9,    9.4,    9.1,  100.0,   74.5,   78.9,   10.7,    8.0,    3.3,    1.1,    0.0,    0.7,    0.3,    0.0,    0.1,   90.6,   90.9,    9.4,    9.1,  100.0,    0.0,    0.0,    0.0,    0.0,    0.0,    0.0,    0.0,    0.0,    0.0,    0.0,    0.0,    0.0,    0.0,    0.0,    0.0,     25,     12,     11,.,      4,      4,.,      0,.,.,      0,.,     20,     19,     25,     12,     11,.,      4,      4,.,      0,.,.,      0,.,     20,     19,      0,      0,      0,      0,      0,      0,      0,      0,      0,      0,      0,      0,      0,      0,    56.3,    60.5,    77.7,    78.0,    37.9,    49.2,    53.8,    57.7,    56.3,    60.5,    77.7,    78.0,    37.9,    49.2,    53.8,    57.7,     0.0,     0.0,     0.0,     0.0,     0.0,     0.0,     0.0,     0.0,Megawatt Hours (MWh),064FKC,NODX,064 ,N16,FutOnly
PJM.N ILLINOIS HUB_mo_off_rtp - NODAL EXCHANGE,260922,2026-09-22,064FKD,NODX,01,064 ,   64713,   44584,   50246,    7875,    5636,    1505,    2889,       0,     415,     150,       0,       0,   57418,   57802,    7295,    6911,   64713,   44584,   50246,    7875,    5636,    1505,    2889,       0,     415,     150,       0,       0,   57418,   57802,    7295,    6911,       0,       0,       0,       0,       0,       0,       0,       0,       0,       0,       0,       0,       0,       0,       0,       0,   -1045,   -1235,   -1195,     180,     300,    -120,    -300,       0,       0,     120,       0,     -30,   -1385,   -1045,     340,       0,  100.0,   68.9,   77.6,   12.2,    8.7,    2.3,    4.5,    0.0,    0.6,    0.2,    0.0,    0.0,   88.7,   89.3,   11.3,   10.7,  100.0,   68.9,   77.6,   12.2,    8.7,    2.3,    4.5,    0.0,    0.6,    0.2,    0.0,    0.0,   88.7,   89.3,   11.3,   10.7,  100.0,    0.0,    0.0,    0.0,    0.0,    0.0,    0.0,    0.0,    0.0,    0.0,    0.0,    0.0,    0.0,    0.0,    0.0,    0.0,     25,     12,     13,.,      4,      5,.,      0,.,.,      0,      0,     20,     22,     25,     12,     13,.,      4,      5,.,      0,.,.,      0,      0,     20,     22,      0,      0,      0,      0,      0,      0,      0,      0,      0,      0,      0,      0,      0,      0,    56.3,    59.8,    73.3,    75.1,    31.1,    43.8,    45.1,    50.0,    56.3,    59.8,    73.3,    75.1,    31.1,    43.8,    45.1,    50.0,     0.0,     0.0,     0.0,     0.0,     0.0,     0.0,     0.0,     0.0,Megawatt Hours (MWh),064FKD,NODX,064 ,N16,FutOnly
PJM.WESTERN HUB_month_on_rtp - NODAL EXCHANGE,260922,2026-09-22,064FKE,NODX,01,064 ,  234339,  125335,  169469,   56346,    4222,    9373,    6090,    5275,    3590,    3511,   12187,    1984,  206229,  206100,   28110,   28239,  234339,  125335,  169469,   56346,    4222,    9373,    6090,    5275,    3590,    3511,   12187,    1984,  206229,  206100,   28110,   28239,       0,       0,       0,       0,       0,       0,       0,       0,       0,       0,       0,       0,       0,       0,       0,       0,     670,     125,    -115,     555,       0,    -231,    -100,     250,       0,    -490,     -45,     300,     159,     159,     511,     511,  100.0,   53.5,   72.3,   24.0,    1.8,    4.0,    2.6,    2.3,    1.5,    1.5,    5.2,    0.8,   88.0,   87.9,   12.0,   12.1,  100.0,   53.5,   72.3,   24.0,    1.8,    4.0,    2.6,    2.3,    1.5,    1.5,    5.2,    0.8,   88.0,   87.9,   12.0,   12.1,  100.0,    0.0,    0.0,    0.0,    0.0,    0.0,    0.0,    0.0,    0.0,    0.0,    0.0,    0.0,    0.0,    0.0,    0.0,    0.0,     51,     25,     28,      6,.,      6,.,.,.,      7,.,      8,     43,     47,     51,     25,     28,      6,.,      6,.,.,.,      7,.,      8,     43,     47,      0,      0,      0,      0,      0,      0,      0,      0,      0,      0,      0,      0,      0,      0,    35.2,    46.9,    58.7,    62.4,    31.8,    41.8,    50.7,    53.4,    35.2,    46.9,    58.7,    62.4,    31.8,    41.8,    50.7,    53.4,     0.0,     0.0,     0.0,     0.0,     0.0,     0.0,     0.0,     0.0,Megawatt Hours (MWh),064FKE,NODX,064 ,N16,FutOnly
PJM.WESTERN HUB_month_off_rtp - NODAL EXCHANGE,260922,2026-09-22,064FKF,NODX,01,064 ,  197492,  101194,  128022,   33644,    6442,    9556,    8050,    4170,    3485,    3430,    7780,    3893,  163252,  163348,   34240,   34144,  197492,  101194,  128022,   33644,    6442,    9556,    8050,    4170,    3485,    3430,    7780,    3893,  163252,  163348,   34240,   34144,       0,       0,       0,       0,       0,       0,       0,       0,       0,       0,       0,       0,       0,       0,       0,       0,    3265,    1055,    2185,     535,    -770,      93,    -650,     250,     275,    -420,   -1275,     923,    1811,    1681,    1454,    1584,  100.0,   51.2,   64.8,   17.0,    3.3,    4.8,    4.1,    2.1,    1.8,    1.7,    3.9,    2.0,   82.7,   82.7,   17.3,   17.3,  100.0,   51.2,   64.8,   17.0,    3.3,    4.8,    4.1,    2.1,    1.8,    1.7,    3.9,    2.0,   82.7,   82.7,   17.3,   17.3,  100.0,    0.0,    0.0,    0.0,    0.0,    0.0,    0.0,    0.0,    0.0,    0.0,    0.0,    0.0,    0.0,    0.0,    0.0,    0.0,     48,     27,     26,      5,.,      6,.,.,.,      4,      4,      6,     42,     44,     48,     27,     26,      5,.,      6,.,.,.,      4,      4,      6,     42,     44,      0,      0,      0,      0,      0,      0,      0,      0,      0,      0,      0,      0,      0,      0,    36.5,    46.0,    53.9,    58.2,    31.9,    40.9,    45.4,    49.2,    36.5,    46.0,    53.9,    58.2,    31.9,    40.9,    45.4,    49.2,     0.0,     0.0,     0.0,     0.0,     0.0,     0.0,     0.0,     0.0,Megawatt Hours (MWh),064FKF,NODX,064 ,N16,FutOnly
ERCOT.HB_NORTH_month_on_rtp - NODAL EXCHANGE,260922,2026-09-22,064FOK,NODX,01,064 ,   79483,   64157,   48873,    3566,   18810,    1130,       0,     900,       0,    1900,    1040,       0,   70753,   70753,    8730,    8730,   79483,   64157,   48873,    3566,   18810,    1130,       0,     900,       0,    1900,    1040,       0,   70753,   70753,    8730,    8730,       0,       0,       0,       0,       0,       0,       0,       0,       0,       0,       0,       0,       0,       0,       0,       0,    -180,     870,     270,       0,     600,       0,       0,       0,       0,       0,       0,       0,     870,     870,   -1050,   -1050,  100.0,   80.7,   61.5,    4.5,   23.7,    1.4,    0.0,    1.1,    0.0,    2.4,    1.3,    0.0,   89.0,   89.0,   11.0,   11.0,  100.0,   80.7,   61.5,    4.5,   23.7,    1.4,    0.0,    1.1,    0.0,    2.4,    1.3,    0.0,   89.0,   89.0,   11.0,   11.0,  100.0,    0.0,    0.0,    0.0,    0.0,    0.0,    0.0,    0.0,    0.0,    0.0,    0.0,    0.0,    0.0,    0.0,    0.0,    0.0,     27,     15,     16,.,      4,.,      0,.,      0,.,.,      0,     20,     23,     27,     15,     16,.,      4,.,      0,.,      0,.,.,      0,     20,     23,      0,      0,      0,      0,      0,      0,      0,      0,      0,      0,      0,      0,      0,      0,    66.1,    48.9,    79.4,    70.4,    60.6,    46.8,    72.3,    64.0,    66.1,    48.9,    79.4,    70.4,    60.6,    46.8,    72.3,    64.0,     0.0,     0.0,     0.0,     0.0,     0.0,     0.0,     0.0,     0.0,Megawatt Hours (MWh),064FOK,NODX,064 ,N16,FutOnly
ERCOT.HB_NORTH_month_off_rtp - NODAL EXCHANGE,260922,2026-09-22,064FOL,NODX,01,064 ,   76748,   64198,   49860,    3316,   16570,    1430,       0,       0,       0,       0,    1040,       0,   68944,   68900,    7804,    7848,   76748,   64198,   49860,    3316,   16570,    1430,       0,       0,       0,       0,    1040,       0,   68944,   68900,    7804,    7848,       0,       0,       0,       0,       0,       0,       0,       0,       0,       0,       0,       0,       0,       0,       0,       0,      95,     800,     200,       0,     600,       0,       0,       0,       0,       0,       0,       0,     800,     800,    -705,    -705,  100.0,   83.6,   65.0,    4.3,   21.6,    1.9,    0.0,    0.0,    0.0,    0.0,    1.4,    0.0,   89.8,   89.8,   10.2,   10.2,  100.0,   83.6,   65.0,    4.3,   21.6,    1.9,    0.0,    0.0,    0.0,    0.0,    1.4,    0.0,   89.8,   89.8,   10.2,   10.2,  100.0,    0.0,    0.0,    0.0,    0.0,    0.0,    0.0,    0.0,    0.0,    0.0,    0.0,    0.0,    0.0,    0.0,    0.0,    0.0,     23,     12,     15,.,      4,      4,      0,      0,      0,      0,.,      0,     17,     21,     23,     12,     15,.,      4,      4,      0,      0,      0,      0,.,      0,     17,     21,      0,      0,      0,      0,      0,      0,      0,      0,      0,      0,      0,      0,      0,      0,    70.6,    50.8,    84.8,    72.1,    64.1,    48.7,    75.1,    66.0,    70.6,    50.8,    84.8,    72.1,    64.1,    48.7,    75.1,    66.0,     0.0,     0.0,     0.0,     0.0,     0.0,     0.0,     0.0,     0.0,Megawatt Hours (MWh),064FOL,NODX,064 ,N16,FutOnly
PJM.ATSI_month_on_dap - NODAL EXCHANGE,260922,2026-09-22,064FZA,NODX,01,064 ,   31285,   18995,   19515,    1098,    6817,    1242,       0,      50,       0,    7802,    1405,     225,   29362,   29254,    1923,    2031,   31285,   18995,   19515,    1098,    6817,    1242,       0,      50,       0,    7802,    1405,     225,   29362,   29254,    1923,    2031,       0,       0,       0,       0,       0,       0,       0,       0,       0,       0,       0,       0,       0,       0,       0,       0,     280,     408,     180,       0,     240,    -140,       0,       0,       0,      12,       0,       0,     280,     280,       0,       0,  100.0,   60.7,   62.4,    3.5,   21.8,    4.0,    0.0,    0.2,    0.0,   24.9,    4.5,    0.7,   93.9,   93.5,    6.1,    6.5,  100.0,   60.7,   62.4,    3.5,   21.8,    4.0,    0.0,    0.2,    0.0,   24.9,    4.5,    0.7,   93.9,   93.5,    6.1,    6.5,  100.0,    0.0,    0.0,    0.0,    0.0,    0.0,    0.0,    0.0,    0.0,    0.0,    0.0,    0.0,    0.0,    0.0,    0.0,    0.0,     22,     10,      4,.,.,.,      0,.,      0,.,.,.,     16,     11,     22,     10,      4,.,.,.,      0,.,      0,.,.,.,     16,     11,      0,      0,      0,      0,      0,      0,      0,      0,      0,      0,      0,      0,      0,      0,    68.1,    77.3,    84.5,    89.9,    63.9,    76.8,    77.8,    85.0,    68.1,    77.3,    84.5,    89.9,    63.9,    76.8,    77.8,    85.0,     0.0,     0.0,     0.0,     0.0,     0.0,     0.0,     0.0,     0.0,Megawatt Hours (MWh),064FZA,NODX,064 ,N16,FutOnly
PJM.ATSI_month_off_dap - NODAL EXCHANGE,260922,2026-09-22,064FZB,NODX,01,064 ,   31285,   18995,   19515,    1098,    6817,    1242,       0,      50,       0,    7802,    1405,     225,   29362,   29254,    1923,    2031,   31285,   18995,   19515,    1098,    6817,    1242,       0,      50,       0,    7802,    1405,     225,   29362,   29254,    1923,    2031,       0,       0,       0,       0,       0,       0,       0,       0,       0,       0,       0,       0,       0,       0,       0,       0,     280,     408,     180,       0,     240,    -140,       0,       0,       0,      12,       0,       0,     280,     280,       0,       0,  100.0,   60.7,   62.4,    3.5,   21.8,    4.0,    0.0,    0.2,    0.0,   24.9,    4.5,    0.7,   93.9,   93.5,    6.1,    6.5,  100.0,   60.7,   62.4,    3.5,   21.8,    4.0,    0.0,    0.2,    0.0,   24.9,    4.5,    0.7,   93.9,   93.5,    6.1,    6.5,  100.0,    0.0,    0.0,    0.0,    0.0,    0.0,    0.0,    0.0,    0.0,    0.0,    0.0,    0.0,    0.0,    0.0,    0.0,    0.0,     22,     10,      4,.,.,.,      0,.,      0,.,.,.,     16,     11,     22,     10,      4,.,.,.,      0,.,      0,.,.,.,     16,     11,      0,      0,      0,      0,      0,      0,      0,      0,      0,      0,      0,      0,      0,      0,    68.1,    77.3,    84.5,    89.9,    63.9,    76.8,    77.8,    85.0,    68.1,    77.3,    84.5,    89.9,    63.9,    76.8,    77.8,    85.0,     0.0,     0.0,     0.0,     0.0,     0.0,     0.0,     0.0,     0.0,Megawatt Hours (MWh),064FZB,NODX,064 ,N16,FutOnly
ERCOT.HB_NORTH_month_2x16_rtp - NODAL EXCHANGE,260922,2026-09-22,064GBC,NODX,01,064 ,   16204,   11104,   12604,     100,    1500,     800,       0,       0,       0,    2900,       0,       0,   14904,   14904,    1300,    1300,   16204,   11104,   12604,     100,    1500,     800,       0,       0,       0,    2900,       0,       0,   14904,   14904,    1300,    1300,       0,       0,       0,       0,       0,       0,       0,       0,       0,       0,       0,       0,       0,       0,       0,       0,.,.,.,.,.,.,.,.,.,.,.,.,.,.,.,.,  100.0,   68.5,   77.8,    0.6,    9.3,    4.9,    0.0,    0.0,    0.0,   17.9,    0.0,    0.0,   92.0,   92.0,    8.0,    8.0,  100.0,   68.5,   77.8,    0.6,    9.3,    4.9,    0.0,    0.0,    0.0,   17.9,    0.0,    0.0,   92.0,   92.0,    8.0,    8.0,  100.0,    0.0,    0.0,    0.0,    0.0,    0.0,    0.0,    0.0,    0.0,    0.0,    0.0,    0.0,    0.0,    0.0,    0.0,    0.0,     20,     10,     11,.,.,.,      0,      0,      0,.,      0,      0,     14,     14,     20,     10,     11,.,.,.,      0,      0,      0,.,      0,      0,     14,     14,      0,      0,      0,      0,      0,      0,      0,      0,      0,      0,      0,      0,      0,      0,    55.6,    57.4,    77.8,    79.3,    33.3,    26.2,    40.7,    39.2,    55.6,    57.4,    77.8,    79.3,    33.3,    26.2,    40.7,    39.2,     0.0,     0.0,     0.0,     0.0,     0.0,     0.0,     0.0,     0.0,Megawatt Hours (MWh),064GBC,NODX,064 ,N16,FutOnly
ERCOT.HB_NORTH_month_7x8_rtp - NODAL EXCHANGE,260922,2026-09-22,064GBD,NODX,01,064 ,   37765,   22565,   30395,    3000,    1400,     900,       0,    1150,    2350,    7200,       0,       0,   36015,   36195,    1750,    1570,   37765,   22565,   30395,    3000,    1400,     900,       0,    1150,    2350,    7200,       0,       0,   36015,   36195,    1750,    1570,       0,       0,       0,       0,       0,       0,       0,       0,       0,       0,       0,       0,       0,       0,       0,       0,       0,       0,       0,       0,       0,       0,       0,       0,       0,       0,       0,       0,       0,       0,       0,       0,  100.0,   59.8,   80.5,    7.9,    3.7,    2.4,    0.0,    3.0,    6.2,   19.1,    0.0,    0.0,   95.4,   95.8,    4.6,    4.2,  100.0,   59.8,   80.5,    7.9,    3.7,    2.4,    0.0,    3.0,    6.2,   19.1,    0.0,    0.0,   95.4,   95.8,    4.6,    4.2,  100.0,    0.0,    0.0,    0.0,    0.0,    0.0,    0.0,    0.0,    0.0,    0.0,    0.0,    0.0,    0.0,    0.0,    0.0,    0.0,     21,     14,     11,.,.,.,      0,.,.,.,      0,      0,     19,     15,     21,     14,     11,.,.,.,      0,.,.,.,      0,      0,     19,     15,      0,      0,      0,      0,      0,      0,      0,      0,      0,      0,      0,      0,      0,      0,    56.3,    62.6,    77.6,    85.8,    48.4,    48.4,    56.5,    59.2,    56.3,    62.6,    77.6,    85.8,    48.4,    48.4,    56.5,    59.2,     0.0,     0.0,     0.0,     0.0,     0.0,     0.0,     0.0,     0.0,Megawatt Hours (MWh),064GBD,NODX,064 ,N16,FutOnly
ERCOT North 345KV Hub RT 7x16 - ICE FUTURES ENERGY DIV,260922,2026-09-22,064IBM,IFED,01,064 ,   16211,   12336,   10540,    1494,    1335,    1276,       0,    1880,       0,     425,     625,     300,   15831,   15956,     380,     255,   16211,   12336,   10540,    1494,    1335,    1276,       0,    1880,       0,     425,     625,     300,   15831,   15956,     380,     255,       0,       0,       0,       0,       0,       0,       0,       0,       0,       0,       0,       0,       0,       0,       0,       0,       0,       0,       0,       0,       0,       0,       0,       0,       0,       0,       0,       0,       0,       0,       0,       0,  100.0,   76.1,   65.0,    9.2,    8.2,    7.9,    0.0,   11.6,    0.0,    2.6,    3.9,    1.9,   97.7,   98.4,    2.3,    1.6,  100.0,   76.1,   65.0,    9.2,    8.2,    7.9,    0.0,   11.6,    0.0,    2.6,    3.9,    1.9,   97.7,   98.4,    2.3,    1.6,  100.0,    0.0,    0.0,    0.0,    0.0,    0.0,    0.0,    0.0,    0.0,    0.0,    0.0,    0.0,    0.0,    0.0,    0.0,    0.0,     27,     14,     12,.,.,.,      0,.,      0,.,.,.,     22,     21,     27,     14,     12,.,.,.,      0,.,      0,.,.,.,     22,     21,      0,      0,      0,      0,      0,      0,      0,      0,      0,      0,      0,      0,      0,      0,    46.0,    51.5,    71.9,    73.1,    25.1,    33.7,    37.4,    43.2,    46.0,    51.5,    71.9,    73.1,    25.1,    33.7,    37.4,    43.2,     0.0,     0.0,     0.0,     0.0,     0.0,     0.0,     0.0,     0.0,(1MW for about 352 Hours),064IBM,IFED,064 ,N16,FutOnly
PROPANE ARGUS CIF ARA MINI - ICE FUTURES ENERGY DIV,260922,2026-09-22,066391,IFED,01,066 ,    7066,    4476,    1667,    1349,      67,     342,       0,       0,       0,     233,    4325,     131,    6531,    6532,     535,     534,    7066,    4476,    1667,    1349,      67,     342,       0,       0,       0,     233,    4325,     131,    6531,    6532,     535,     534,       0,       0,       0,       0,       0,       0,       0,       0,       0,       0,       0,       0,       0,       0,       0,       0,     231,     115,      41,      77,     -58,      49,       0,       0,       0,      65,     209,     -20,     286,     221,     -55,      10,  100.0,   63.3,   23.6,   19.1,    0.9,    4.8,    0.0,    0.0,    0.0,    3.3,   61.2,    1.9,   92.4,   92.4,    7.6,    7.6,  100.0,   63.3,   23.6,   19.1,    0.9,    4.8,    0.0,    0.0,    0.0,    3.3,   61.2,    1.9,   92.4,   92.4,    7.6,    7.6,  100.0,    0.0,    0.0,    0.0,    0.0,    0.0,    0.0,    0.0,    0.0,    0.0,    0.0,    0.0,    0.0,    0.0,    0.0,    0.0,     36,     17,     17,      4,.,.,      0,      0,      0,.,      7,      5,     29,     28,     36,     17,     17,      4,.,.,      0,      0,      0,.,      7,      5,     29,     28,      0,      0,      0,      0,      0,      0,      0,      0,      0,      0,      0,      0,      0,      0,    36.3,    61.7,    61.5,    79.6,    35.9,    60.8,    59.2,    75.6,    36.3,    61.7,    61.5,    79.6,    35.9,    60.8,    59.2,    75.6,     0.0,     0.0,     0.0,     0.0,     0.0,     0.0,     0.0,     0.0,100 metric tonnes,066391,IFED,066 ,N13,FutOnly
PROPANE ARGUS FAR EAST MINI - ICE FUTURES ENERGY DIV,260922,2026-09-22,066393,IFED,01,066 ,   10416,    5786,    2859,     656,    2522,     133,       0,       0,       0,    2091,    3488,     596,    9262,    9598,    1154,     818,   10416,    5786,    2859,     656,    2522,     133,       0,       0,       0,    2091,    3488,     596,    9262,    9598,    1154,     818,       0,       0,       0,       0,       0,       0,       0,       0,       0,       0,       0,       0,       0,       0,       0,       0,     663,     321,     234,      49,      86,      20,       0,       0,       0,     210,     305,      28,     628,     673,      35,     -10,  100.0,   55.5,   27.4,    6.3,   24.2,    1.3,    0.0,    0.0,    0.0,   20.1,   33.5,    5.7,   88.9,   92.1,   11.1,    7.9,  100.0,   55.5,   27.4,    6.3,   24.2,    1.3,    0.0,    0.0,    0.0,   20.1,   33.5,    5.7,   88.9,   92.1,   11.1,    7.9,  100.0,    0.0,    0.0,    0.0,    0.0,    0.0,    0.0,    0.0,    0.0,    0.0,    0.0,    0.0,    0.0,    0.0,    0.0,    0.0,     72,     32,     26,      4,      4,      5,      0,      0,      0,     14,     10,     13,     57,     51,     72,     32,     26,      4,      4,      5,      0,      0,      0,     14,     10,     13,     57,     51,      0,      0,      0,      0,      0,      0,      0,      0,      0,      0,      0,      0,      0,      0,    16.4,    53.4,    29.8,    64.9,    15.9,    52.1,    28.7,    60.6,    16.4,    53.4,    29.8,    64.9,    15.9,    52.1,    28.7,    60.6,     0.0,     0.0,     0.0,     0.0,     0.0,     0.0,     0.0,     0.0,100  metric tonnes,066393,IFED,066 ,N13,FutOnly
"BUTANE,OPIS MT B, NONTET FIX - ICE FUTURES ENERGY DIV",260922,2026-09-22,066397,IFED,01,066 ,    1388,     887,     991,       0,      87,       8,       0,       0,       0,     162,       0,     239,    1296,    1325,      92,      63,    1388,     887,     991,       0,      87,       8,       0,       0,       0,     162,       0,     239,    1296,    1325,      92,      63,       0,       0,       0,       0,       0,       0,       0,       0,       0,       0,       0,       0,       0,       0,       0,       0,.,.,.,.,.,.,.,.,.,.,.,.,.,.,.,.,  100.0,   63.9,   71.4,    0.0,    6.3,    0.6,    0.0,    0.0,    0.0,   11.7,    0.0,   17.2,   93.4,   95.5,    6.6,    4.5,  100.0,   63.9,   71.4,    0.0,    6.3,    0.6,    0.0,    0.0,    0.0,   11.7,    0.0,   17.2,   93.4,   95.5,    6.6,    4.5,  100.0,    0.0,    0.0,    0.0,    0.0,    0.0,    0.0,    0.0,    0.0,    0.0,    0.0,    0.0,    0.0,    0.0,    0.0,    0.0,     20,     10,      9,      0,.,.,      0,      0,      0,      4,      0,.,     15,     13,     20,     10,      9,      0,.,.,      0,      0,      0,      4,      0,.,     15,     13,      0,      0,      0,      0,      0,      0,      0,      0,      0,      0,      0,      0,      0,      0,    52.1,    67.6,    76.6,    86.8,    39.5,    58.9,    55.3,    65.4,    52.1,    67.6,    76.6,    86.8,    39.5,    58.9,    55.3,    65.4,     0.0,     0.0,     0.0,     0.0,     0.0,     0.0,     0.0,     0.0,42000 gallons(1000 barrels),066397,IFED,066 ,N13,FutOnly
PROPANE ARGUS SAUDI CP MINI - ICE FUTURES ENERGY DIV,260922,2026-09-22,06639H,IFED,01,066 ,    2788,     843,     220,     455,     288,     105,       0,       0,       0,     480,    1262,     143,    2026,    2018,     762,     770,    2788,     843,     220,     455,     288,     105,       0,       0,       0,     480,    1262,     143,    2026,    2018,     762,     770,       0,       0,       0,       0,       0,       0,       0,       0,       0,       0,       0,       0,       0,       0,       0,       0,      95,      60,       0,      45,      40,     -10,       0,       0,       0,     -20,       0,       0,      75,      30,      20,      65,  100.0,   30.2,    7.9,   16.3,   10.3,    3.8,    0.0,    0.0,    0.0,   17.2,   45.3,    5.1,   72.7,   72.4,   27.3,   27.6,  100.0,   30.2,    7.9,   16.3,   10.3,    3.8,    0.0,    0.0,    0.0,   17.2,   45.3,    5.1,   72.7,   72.4,   27.3,   27.6,  100.0,    0.0,    0.0,    0.0,    0.0,    0.0,    0.0,    0.0,    0.0,    0.0,    0.0,    0.0,    0.0,    0.0,    0.0,    0.0,     23,      7,.,.,.,.,      0,      0,      0,      5,      6,      4,     20,     10,     23,      7,.,.,.,.,      0,      0,      0,      5,      6,      4,     20,     10,      0,      0,      0,      0,      0,      0,      0,      0,      0,      0,      0,      0,      0,      0,    41.4,    52.9,    55.3,    69.0,    38.8,    47.6,    49.6,    56.7,    41.4,    52.9,    55.3,    69.0,    38.8,    47.6,    49.6,    56.7,     0.0,     0.0,     0.0,     0.0,     0.0,     0.0,     0.0,     0.0,100 Metric  Tonnes,06639H,IFED,066 ,N13,FutOnly
"PROPANE,OPIS MT B TET/AFEI - ICE FUTURES ENERGY DIV",260922,2026-09-22,06639W,IFED,01,066 ,    4617,    2151,     270,     633,    1398,      25,       0,      50,      47,     463,    1590,     432,    3751,    3812,     866,     805,    4617,    2151,     270,     633,    1398,      25,       0,      50,      47,     463,    1590,     432,    3751,    3812,     866,     805,       0,       0,       0,       0,       0,       0,       0,       0,       0,       0,       0,       0,       0,       0,       0,       0,     323,     -75,    -144,      32,     107,       4,       0,       0,       0,     243,     186,      34,     238,     187,      85,     136,  100.0,   46.6,    5.8,   13.7,   30.3,    0.5,    0.0,    1.1,    1.0,   10.0,   34.4,    9.4,   81.2,   82.6,   18.8,   17.4,  100.0,   46.6,    5.8,   13.7,   30.3,    0.5,    0.0,    1.1,    1.0,   10.0,   34.4,    9.4,   81.2,   82.6,   18.8,   17.4,  100.0,    0.0,    0.0,    0.0,    0.0,    0.0,    0.0,    0.0,    0.0,    0.0,    0.0,    0.0,    0.0,    0.0,    0.0,    0.0,     25,     10,      8,.,.,.,      0,.,.,      6,.,      7,     22,     18,     25,     10,      8,.,.,.,      0,.,.,      6,.,      7,     22,     18,      0,      0,      0,      0,      0,      0,      0,      0,      0,      0,      0,      0,      0,      0,    44.5,    68.6,    61.2,    78.1,    44.4,    64.7,    57.4,    68.9,    44.5,    68.6,    61.2,    78.1,    44.4,    64.7,    57.4,    68.9,     0.0,     0.0,     0.0,     0.0,     0.0,     0.0,     0.0,     0.0,1000 Metric Tonnes,06639W,IFED,066 ,N13,FutOnly
"PROPANE,OPIS MT BELV TET BALMO - ICE FUTURES ENERGY DIV",260922,2026-09-22,06639Z,IFED,01,066 ,    2319,    1127,     576,     149,       4,     108,       0,       0,       0,     118,     834,     761,    2263,    2283,      56,      36,    2319,    1127,     576,     149,       4,     108,       0,       0,       0,     118,     834,     761,    2263,    2283,      56,      36,       0,       0,       0,       0,       0,       0,       0,       0,       0,       0,       0,       0,       0,       0,       0,       0,.,.,.,.,.,.,.,.,.,.,.,.,.,.,.,.,  100.0,   48.6,   24.8,    6.4,    0.2,    4.7,    0.0,    0.0,    0.0,    5.1,   36.0,   32.8,   97.6,   98.4,    2.4,    1.6,  100.0,   48.6,   24.8,    6.4,    0.2,    4.7,    0.0,    0.0,    0.0,    5.1,   36.0,   32.8,   97.6,   98.4,    2.4,    1.6,  100.0,    0.0,    0.0,    0.0,    0.0,    0.0,    0.0,    0.0,    0.0,    0.0,    0.0,    0.0,    0.0,    0.0,    0.0,    0.0,     20,     11,      4,.,.,.,      0,      0,      0,.,      4,.,     18,      9,     20,     11,      4,.,.,.,      0,      0,      0,.,      4,.,     18,      9,      0,      0,      0,      0,      0,      0,      0,      0,      0,      0,      0,      0,      0,      0,    48.2,    72.7,    70.8,    97.8,    33.3,    45.6,    48.0,    56.4,    48.2,    72.7,    70.8,    97.8,    33.3,    45.6,    48.0,    56.4,     0.0,     0.0,     0.0,     0.0,     0.0,     0.0,     0.0,     0.0,42000 gallons(1000 barrels),06639Z,IFED,066 ,N13,FutOnly
ARGUS CIF ARA Lg Finl Propane - ICE FUTURES ENERGY DIV,260922,2026-09-22,066411,IFED,01,066 ,    4172,    1421,    2265,     336,     129,     393,       0,       0,       0,     883,     198,     460,    3493,    3445,     679,     727,    4172,    1421,    2265,     336,     129,     393,       0,       0,       0,     883,     198,     460,    3493,    3445,     679,     727,       0,       0,       0,       0,       0,       0,       0,       0,       0,       0,       0,       0,       0,       0,       0,       0,      51,      21,     108,       2,      -6,     -37,       0,       0,       0,      38,       0,      -9,      15,      56,      36,      -5,  100.0,   34.1,   54.3,    8.1,    3.1,    9.4,    0.0,    0.0,    0.0,   21.2,    4.7,   11.0,   83.7,   82.6,   16.3,   17.4,  100.0,   34.1,   54.3,    8.1,    3.1,    9.4,    0.0,    0.0,    0.0,   21.2,    4.7,   11.0,   83.7,   82.6,   16.3,   17.4,  100.0,    0.0,    0.0,    0.0,    0.0,    0.0,    0.0,    0.0,    0.0,    0.0,    0.0,    0.0,    0.0,    0.0,    0.0,    0.0,     22,     12,     13,.,.,.,      0,      0,      0,.,.,      4,     19,     21,     22,     12,     13,.,.,.,      0,      0,      0,.,.,      4,     19,     21,      0,      0,      0,      0,      0,      0,      0,      0,      0,      0,      0,      0,      0,      0,    44.9,    38.4,    66.0,    58.0,    33.6,    28.3,    40.9,    36.9,    44.9,    38.4,    66.0,    58.0,    33.6,    28.3,    40.9,    36.9,     0.0,     0.0,     0.0,     0.0,     0.0,     0.0,     0.0,     0.0,1000 metric tonnes,066411,IFED,066 ,N13,FutOnly
ARGUS FAR EAST PROPANE - ICE FUTURES ENERGY DIV,260922,2026-09-22,066413,IFED,01,066 ,   16751,    9759,   10894,     562,    1087,     599,       0,       0,       0,    2149,    1144,    2099,   15168,   15823,    1583,     928,   16751,    9759,   10894,     562,    1087,     599,       0,       0,       0,    2149,    1144,    2099,   15168,   15823,    1583,     928,       0,       0,       0,       0,       0,       0,       0,       0,       0,       0,       0,       0,       0,       0,       0,       0,     888,     446,     602,       8,      76,      -4,     -63,       0,       0,     257,      99,      51,     695,     824,     193,      64,  100.0,   58.3,   65.0,    3.4,    6.5,    3.6,    0.0,    0.0,    0.0,   12.8,    6.8,   12.5,   90.5,   94.5,    9.5,    5.5,  100.0,   58.3,   65.0,    3.4,    6.5,    3.6,    0.0,    0.0,    0.0,   12.8,    6.8,   12.5,   90.5,   94.5,    9.5,    5.5,  100.0,    0.0,    0.0,    0.0,    0.0,    0.0,    0.0,    0.0,    0.0,    0.0,    0.0,    0.0,    0.0,    0.0,    0.0,    0.0,     72,     42,     43,.,      4,      6,      0,      0,      0,     10,      8,     19,     68,     69,     72,     42,     43,.,      4,      6,      0,      0,      0,     10,      8,     19,     68,     69,      0,      0,      0,      0,      0,      0,      0,      0,      0,      0,      0,      0,      0,      0,    31.2,    28.9,    44.1,    43.9,    26.8,    27.6,    35.7,    39.7,    31.2,    28.9,    44.1,    43.9,    26.8,    27.6,    35.7,    39.7,     0.0,     0.0,     0.0,     0.0,     0.0,     0.0,     0.0,     0.0,1000  metric tonnes,066413,IFED,066 ,N13,FutOnly
"ETHANE, MT. BELV-ENTERPRISE - ICE FUTURES ENERGY DIV",260922,2026-09-22,066416,IFED,01,066 ,   93885,   56786,   61963,    2685,   10481,    7434,    1930,     170,      78,   13201,    2247,   11321,   93435,   93694,     450,     191,   93885,   56786,   61963,    2685,   10481,    7434,    1930,     170,      78,   13201,    2247,   11321,   93435,   93694,     450,     191,       0,       0,       0,       0,       0,       0,       0,       0,       0,       0,       0,       0,       0,       0,       0,       0,    2455,    1862,    2609,     102,    -158,     323,    -413,       0,       0,     840,     -30,    -289,    2425,    2455,      30,       0,  100.0,   60.5,   66.0,    2.9,   11.2,    7.9,    2.1,    0.2,    0.1,   14.1,    2.4,   12.1,   99.5,   99.8,    0.5,    0.2,  100.0,   60.5,   66.0,    2.9,   11.2,    7.9,    2.1,    0.2,    0.1,   14.1,    2.4,   12.1,   99.5,   99.8,    0.5,    0.2,  100.0,    0.0,    0.0,    0.0,    0.0,    0.0,    0.0,    0.0,    0.0,    0.0,    0.0,    0.0,    0.0,    0.0,    0.0,    0.0,     57,     29,     31,      4,      4,      7,.,.,.,      7,      5,      8,     50,     50,     57,     29,     31,      4,      4,      7,.,.,.,      7,      5,      8,     50,     50,      0,      0,      0,      0,      0,      0,      0,      0,      0,      0,      0,      0,      0,      0,    44.5,    37.4,    62.9,    56.4,    27.0,    23.2,    34.4,    32.7,    44.5,    37.4,    62.9,    56.4,    27.0,    23.2,    34.4,    32.7,     0.0,     0.0,     0.0,     0.0,     0.0,     0.0,     0.0,     0.0,42000 gallons(1000 barrels),066416,IFED,066 ,N13,FutOnly
ISOBUTANE OPIS MT BELV NONTET - ICE FUTURES ENERGY DIV,260922,2026-09-22,066418,IFED,01,066 ,    8898,    4196,    2002,    3348,    4360,     649,       0,       0,       0,     500,    1379,      30,    8723,    8420,     175,     478,    8898,    4196,    2002,    3348,    4360,     649,       0,       0,       0,     500,    1379,      30,    8723,    8420,     175,     478,       0,       0,       0,       0,       0,       0,       0,       0,       0,       0,       0,       0,       0,       0,       0,       0,     270,     235,     100,     -27,     118,      27,       0,       0,       0,      49,      25,      28,     312,     298,     -42,     -28,  100.0,   47.2,   22.5,   37.6,   49.0,    7.3,    0.0,    0.0,    0.0,    5.6,   15.5,    0.3,   98.0,   94.6,    2.0,    5.4,  100.0,   47.2,   22.5,   37.6,   49.0,    7.3,    0.0,    0.0,    0.0,    5.6,   15.5,    0.3,   98.0,   94.6,    2.0,    5.4,  100.0,    0.0,    0.0,    0.0,    0.0,    0.0,    0.0,    0.0,    0.0,    0.0,    0.0,    0.0,    0.0,    0.0,    0.0,    0.0,     34,     15,      7,      4,      5,.,      0,      0,      0,.,.,.,     23,     17,     34,     15,      7,      4,      5,.,      0,      0,      0,.,.,.,     23,     17,      0,      0,      0,      0,      0,      0,      0,      0,      0,      0,      0,      0,      0,      0,    49.0,    55.9,    70.9,    82.5,    42.6,    55.9,    63.5,    77.9,    49.0,    55.9,    70.9,    82.5,    42.6,    55.9,    63.5,    77.9,     0.0,     0.0,     0.0,     0.0,     0.0,     0.0,     0.0,     0.0,42000 gallons(1000 barrels),066418,IFED,066 ,N13,FutOnly
NAT GASLNE OPIS MT B NONTET FP - ICE FUTURES ENERGY DIV,260922,2026-09-22,06641A,IFED,01,066 ,   17557,   15103,    9388,     988,    1570,     555,       0,       0,       0,     177,    4471,     696,   17519,   16680,      38,     877,   17557,   15103,    9388,     988,    1570,     555,       0,       0,       0,     177,    4471,     696,   17519,   16680,      38,     877,       0,       0,       0,       0,       0,       0,       0,       0,       0,       0,       0,       0,       0,       0,       0,       0,     733,     583,     438,     265,       0,    -120,       0,       0,       0,      -5,     590,      60,     783,     968,     -50,    -235,  100.0,   86.0,   53.5,    5.6,    8.9,    3.2,    0.0,    0.0,    0.0,    1.0,   25.5,    4.0,   99.8,   95.0,    0.2,    5.0,  100.0,   86.0,   53.5,    5.6,    8.9,    3.2,    0.0,    0.0,    0.0,    1.0,   25.5,    4.0,   99.8,   95.0,    0.2,    5.0,  100.0,    0.0,    0.0,    0.0,    0.0,    0.0,    0.0,    0.0,    0.0,    0.0,    0.0,    0.0,    0.0,    0.0,    0.0,    0.0,     34,     16,     18,.,      5,      6,      0,      0,      0,.,      4,      4,     26,     31,     34,     16,     18,.,      5,      6,      0,      0,      0,.,      4,      4,     26,     31,      0,      0,      0,      0,      0,      0,      0,      0,      0,      0,      0,      0,      0,      0,    62.7,    60.6,    82.0,    74.4,    49.9,    46.6,    63.4,    56.3,    62.7,    60.6,    82.0,    74.4,    49.9,    46.6,    63.4,    56.3,     0.0,     0.0,     0.0,     0.0,     0.0,     0.0,     0.0,     0.0,42000 gallons(1000 barrels),06641A,IFED,066 ,N13,FutOnly
BUTANE OPIS MT BELV NONTET FP  - ICE FUTURES ENERGY DIV,260922,2026-09-22,06641D,IFED,01,066 ,   68898,   40035,   36131,    2003,   10586,    7337,    3253,       0,     450,    7583,    5902,    8014,   68675,   68420,     223,     478,   68898,   40035,   36131,    2003,   10586,    7337,    3253,       0,     450,    7583,    5902,    8014,   68675,   68420,     223,     478,       0,       0,       0,       0,       0,       0,       0,       0,       0,       0,       0,       0,       0,       0,       0,       0,    5116,    3286,    2803,    -174,     121,    1063,      30,       0,       0,      49,     212,     861,    5115,    5060,       1,      56,  100.0,   58.1,   52.4,    2.9,   15.4,   10.6,    4.7,    0.0,    0.7,   11.0,    8.6,   11.6,   99.7,   99.3,    0.3,    0.7,  100.0,   58.1,   52.4,    2.9,   15.4,   10.6,    4.7,    0.0,    0.7,   11.0,    8.6,   11.6,   99.7,   99.3,    0.3,    0.7,  100.0,    0.0,    0.0,    0.0,    0.0,    0.0,    0.0,    0.0,    0.0,    0.0,    0.0,    0.0,    0.0,    0.0,    0.0,    0.0,     97,     51,     46,.,      9,      9,.,      0,.,     14,      5,     17,     83,     77,     97,     51,     46,.,      9,      9,.,      0,.,     14,      5,     17,     83,     77,      0,      0,      0,      0,      0,      0,      0,      0,      0,      0,      0,      0,      0,      0,    26.1,    29.8,    42.1,    45.9,    20.6,    18.4,    32.1,    29.8,    26.1,    29.8,    42.1,    45.9,    20.6,    18.4,    32.1,    29.8,     0.0,     0.0,     0.0,     0.0,     0.0,     0.0,     0.0,     0.0,42000 gallons(1000 barrels),06641D,IFED,066 ,N13,FutOnly
PROPANE OPIS CONWAY INWELL FP - ICE FUTURES ENERGY DIV,260922,2026-09-22,06641E,IFED,01,066 ,   11031,    5458,    7432,    1855,    1129,     494,       0,       0,       0,    2206,     825,     701,   10714,   10581,     317,     450,   11031,    5458,    7432,    1855,    1129,     494,       0,       0,       0,    2206,     825,     701,   10714,   10581,     317,     450,       0,       0,       0,       0,       0,       0,       0,       0,       0,       0,       0,       0,       0,       0,       0,       0,     429,      50,     349,     391,      -3,       7,       0,       0,       0,     -95,       0,      76,     429,     429,       0,       0,  100.0,   49.5,   67.4,   16.8,   10.2,    4.5,    0.0,    0.0,    0.0,   20.0,    7.5,    6.4,   97.1,   95.9,    2.9,    4.1,  100.0,   49.5,   67.4,   16.8,   10.2,    4.5,    0.0,    0.0,    0.0,   20.0,    7.5,    6.4,   97.1,   95.9,    2.9,    4.1,  100.0,    0.0,    0.0,    0.0,    0.0,    0.0,    0.0,    0.0,    0.0,    0.0,    0.0,    0.0,    0.0,    0.0,    0.0,    0.0,     36,     17,     17,      5,      4,      5,      0,      0,      0,      5,.,      6,     31,     30,     36,     17,     17,      5,      4,      5,      0,      0,      0,      5,.,      6,     31,     30,      0,      0,      0,      0,      0,      0,      0,      0,      0,      0,      0,      0,      0,      0,    58.2,    52.8,    72.1,    75.8,    53.1,    46.9,    61.1,    59.3,    58.2,    52.8,    72.1,    75.8,    53.1,    46.9,    61.1,    59.3,     0.0,     0.0,     0.0,     0.0,     0.0,     0.0,     0.0,     0.0,42000 gallons(1000 barrels),06641E,IFED,066 ,N13,FutOnly
PROPANE OPIS MT BELV NONTET FP - ICE FUTURES ENERGY DIV,260922,2026-09-22,06641F,IFED,01,066 ,  107776,   68813,   57531,   10766,   31356,    1115,       0,       0,       0,   15319,    5729,   11394,  107407,  107125,     369,     651,  107776,   68813,   57531,   10766,   31356,    1115,       0,       0,       0,   15319,    5729,   11394,  107407,  107125,     369,     651,       0,       0,       0,       0,       0,       0,       0,       0,       0,       0,       0,       0,       0,       0,       0,       0,    1473,    1061,    2341,     400,     -30,      66,       0,       0,       0,     890,      31,    -968,    1449,    1440,      24,      33,  100.0,   63.8,   53.4,   10.0,   29.1,    1.0,    0.0,    0.0,    0.0,   14.2,    5.3,   10.6,   99.7,   99.4,    0.3,    0.6,  100.0,   63.8,   53.4,   10.0,   29.1,    1.0,    0.0,    0.0,    0.0,   14.2,    5.3,   10.6,   99.7,   99.4,    0.3,    0.6,  100.0,    0.0,    0.0,    0.0,    0.0,    0.0,    0.0,    0.0,    0.0,    0.0,    0.0,    0.0,    0.0,    0.0,    0.0,    0.0,     78,     33,     30,      5,     12,      6,      0,      0,      0,      6,      8,      7,     53,     54,     78,     33,     30,      5,     12,      6,      0,      0,      0,      6,      8,      7,     53,     54,      0,      0,      0,      0,      0,      0,      0,      0,      0,      0,      0,      0,      0,      0,    55.2,    34.8,    72.4,    58.1,    47.7,    27.6,    62.2,    49.1,    55.2,    34.8,    72.4,    58.1,    47.7,    27.6,    62.2,    49.1,     0.0,     0.0,     0.0,     0.0,     0.0,     0.0,     0.0,     0.0,42000 gallons(1000 barrels),06641F,IFED,066 ,N13,FutOnly
PROPANE OPIS MT BELVIEU TET FP - ICE FUTURES ENERGY DIV,260922,2026-09-22,06641G,IFED,01,066 ,  185955,   95457,  103260,   26176,   10419,   10567,    2050,    5744,     167,   27687,   31958,   23185,  185289,  185300,     666,     655,  185955,   95457,  103260,   26176,   10419,   10567,    2050,    5744,     167,   27687,   31958,   23185,  185289,  185300,     666,     655,       0,       0,       0,       0,       0,       0,       0,       0,       0,       0,       0,       0,       0,       0,       0,       0,    6593,    5029,    1780,    1022,     855,     390,     370,    -121,       0,   -1677,    2227,    1436,    6570,    6567,      23,      26,  100.0,   51.3,   55.5,   14.1,    5.6,    5.7,    1.1,    3.1,    0.1,   14.9,   17.2,   12.5,   99.6,   99.6,    0.4,    0.4,  100.0,   51.3,   55.5,   14.1,    5.6,    5.7,    1.1,    3.1,    0.1,   14.9,   17.2,   12.5,   99.6,   99.6,    0.4,    0.4,  100.0,    0.0,    0.0,    0.0,    0.0,    0.0,    0.0,    0.0,    0.0,    0.0,    0.0,    0.0,    0.0,    0.0,    0.0,    0.0,    143,     67,     70,      8,     11,     16,.,      4,.,     13,     22,     25,    118,    122,    143,     67,     70,      8,     11,     16,.,      4,.,     13,     22,     25,    118,    122,      0,      0,      0,      0,      0,      0,      0,      0,      0,      0,      0,      0,      0,      0,    29.6,    28.9,    45.0,    42.4,    29.3,    23.7,    42.0,    34.5,    29.6,    28.9,    45.0,    42.4,    29.3,    23.7,    42.0,    34.5,     0.0,     0.0,     0.0,     0.0,     0.0,     0.0,     0.0,     0.0,42000 gallons(1000 barrels),06641G,IFED,066 ,N13,FutOnly
PROPANE ARGUS SAUDI CP FP - ICE FUTURES ENERGY DIV,260922,2026-09-22,06641H,IFED,01,066 ,    3659,    1027,    2726,     165,       0,      36,      36,       0,       0,     689,     252,     214,    2167,    3228,    1492,     431,    3659,    1027,    2726,     165,       0,      36,      36,       0,       0,     689,     252,     214,    2167,    3228,    1492,     431,       0,       0,       0,       0,       0,       0,       0,       0,       0,       0,       0,       0,       0,       0,       0,       0,     237,     158,     271,      41,       0,      -3,       0,       0,       0,      87,      75,     -31,     252,     312,     -15,     -75,  100.0,   28.1,   74.5,    4.5,    0.0,    1.0,    1.0,    0.0,    0.0,   18.8,    6.9,    5.8,   59.2,   88.2,   40.8,   11.8,  100.0,   28.1,   74.5,    4.5,    0.0,    1.0,    1.0,    0.0,    0.0,   18.8,    6.9,    5.8,   59.2,   88.2,   40.8,   11.8,  100.0,    0.0,    0.0,    0.0,    0.0,    0.0,    0.0,    0.0,    0.0,    0.0,    0.0,    0.0,    0.0,    0.0,    0.0,    0.0,     33,     13,     16,.,      0,.,.,      0,      0,      8,.,      4,     24,     23,     33,     13,     16,.,      0,.,.,      0,      0,      8,.,      4,     24,     23,      0,      0,      0,      0,      0,      0,      0,      0,      0,      0,      0,      0,      0,      0,    30.2,    44.8,    44.7,    66.9,    25.8,    44.4,    37.6,    63.9,    30.2,    44.8,    44.7,    66.9,    25.8,    44.4,    37.6,    63.9,     0.0,     0.0,     0.0,     0.0,     0.0,     0.0,     0.0,     0.0,1000 Metric  Tonnes,06641H,IFED,066 ,N13,FutOnly
ARGUS PROPANE FAR EAST INDEX - NEW YORK MERCANTILE EXCHANGE,260922,2026-09-22,06665B,NYME,01,066 ,    4433,    1974,    3472,     300,     122,     231,      34,       0,       0,     964,      35,      66,    3569,    3926,     864,     507,    4433,    1974,    3472,     300,     122,     231,      34,       0,       0,     964,      35,      66,    3569,    3926,     864,     507,       0,       0,       0,       0,       0,       0,       0,       0,       0,       0,       0,       0,       0,       0,       0,       0,     -11,      72,     -66,     -84,       7,       6,       0,       0,       0,      -4,       0,      32,      22,     -21,     -33,      10,  100.0,   44.5,   78.3,    6.8,    2.8,    5.2,    0.8,    0.0,    0.0,   21.7,    0.8,    1.5,   80.5,   88.6,   19.5,   11.4,  100.0,   44.5,   78.3,    6.8,    2.8,    5.2,    0.8,    0.0,    0.0,   21.7,    0.8,    1.5,   80.5,   88.6,   19.5,   11.4,  100.0,    0.0,    0.0,    0.0,    0.0,    0.0,    0.0,    0.0,    0.0,    0.0,    0.0,    0.0,    0.0,    0.0,    0.0,    0.0,     26,     15,     13,.,.,.,.,      0,      0,      4,.,.,     23,     20,     26,     15,     13,.,.,.,.,      0,      0,      4,.,.,     23,     20,      0,      0,      0,      0,      0,      0,      0,      0,      0,      0,      0,      0,      0,      0,    47.7,    67.0,    60.9,    77.9,    45.1,    64.1,    55.0,    67.7,    47.7,    67.0,    60.9,    77.9,    45.1,    64.1,    55.0,    67.7,     0.0,     0.0,     0.0,     0.0,     0.0,     0.0,     0.0,     0.0,"(CONTRACTS OF 1,000 METRIC TONS)",06665B,NYME,066 ,N13,FutOnly
PROPANE NON-LDH MT BEL - NEW YORK MERCANTILE EXCHANGE,260922,2026-09-22,06665G,NYME,01,066 ,   30248,   23127,   16136,    1035,    9048,    1211,       0,       0,       0,    2402,    1147,    2017,   29792,   29559,     456,     689,   30248,   23127,   16136,    1035,    9048,    1211,       0,       0,       0,    2402,    1147,    2017,   29792,   29559,     456,     689,       0,       0,       0,       0,       0,       0,       0,       0,       0,       0,       0,       0,       0,       0,       0,       0,     493,     488,     235,       0,     101,     -66,       0,       0,       0,      42,     230,      -7,     457,     493,      36,       0,  100.0,   76.5,   53.3,    3.4,   29.9,    4.0,    0.0,    0.0,    0.0,    7.9,    3.8,    6.7,   98.5,   97.7,    1.5,    2.3,  100.0,   76.5,   53.3,    3.4,   29.9,    4.0,    0.0,    0.0,    0.0,    7.9,    3.8,    6.7,   98.5,   97.7,    1.5,    2.3,  100.0,    0.0,    0.0,    0.0,    0.0,    0.0,    0.0,    0.0,    0.0,    0.0,    0.0,    0.0,    0.0,    0.0,    0.0,    0.0,     58,     33,     24,      4,      6,      5,      0,      0,      0,.,.,.,     45,     36,     58,     33,     24,      4,      6,      5,      0,      0,      0,.,.,.,     45,     36,      0,      0,      0,      0,      0,      0,      0,      0,      0,      0,      0,      0,      0,      0,    33.0,    43.3,    51.5,    60.6,    33.0,    39.2,    48.7,    54.7,    33.0,    43.3,    51.5,    60.6,    33.0,    39.2,    48.7,    54.7,     0.0,     0.0,     0.0,     0.0,     0.0,     0.0,     0.0,     0.0,"(CONTRACTS OF 42,000 GALLONS)",06665G,NYME,066 ,N13,FutOnly
PROPANE - NEW YORK MERCANTILE EXCHANGE,260922,2026-09-22,06665O,NYME,01,066 ,  109519,   74527,   64668,    6045,    9740,    8330,    2999,    1265,    1201,    2864,   10845,   12657,  108623,  108706,     896,     813,  109519,   74527,   64668,    6045,    9740,    8330,    2999,    1265,    1201,    2864,   10845,   12657,  108623,  108706,     896,     813,       0,       0,       0,       0,       0,       0,       0,       0,       0,       0,       0,       0,       0,       0,       0,       0,     914,    -163,      23,    -213,    -113,     -82,     480,    -232,      90,     224,     691,     532,     868,     909,      46,       5,  100.0,   68.0,   59.0,    5.5,    8.9,    7.6,    2.7,    1.2,    1.1,    2.6,    9.9,   11.6,   99.2,   99.3,    0.8,    0.7,  100.0,   68.0,   59.0,    5.5,    8.9,    7.6,    2.7,    1.2,    1.1,    2.6,    9.9,   11.6,   99.2,   99.3,    0.8,    0.7,  100.0,    0.0,    0.0,    0.0,    0.0,    0.0,    0.0,    0.0,    0.0,    0.0,    0.0,    0.0,    0.0,    0.0,    0.0,    0.0,    134,     66,     62,     12,      7,     15,     12,      4,      6,      9,     11,     18,    119,    105,    134,     66,     62,     12,      7,     15,     12,      4,      6,      9,     11,     18,    119,    105,      0,      0,      0,      0,      0,      0,      0,      0,      0,      0,      0,      0,      0,      0,    34.2,    23.5,    48.5,    40.7,    30.0,    22.4,    34.3,    33.3,    34.2,    23.5,    48.5,    40.7,    30.0,    22.4,    34.3,    33.3,     0.0,     0.0,     0.0,     0.0,     0.0,     0.0,     0.0,     0.0,"(CONTRACTS OF 42,000 GALLONS)",06665O,NYME,066 ,N13,FutOnly
MT BELVIEU ETHANE OPIS - NEW YORK MERCANTILE EXCHANGE,260922,2026-09-22,06665P,NYME,01,066 ,   47881,   41291,   27899,     103,   15439,    2803,    2010,     300,      65,     539,      90,     625,   47436,   47221,     445,     660,   47881,   41291,   27899,     103,   15439,    2803,    2010,     300,      65,     539,      90,     625,   47436,   47221,     445,     660,       0,       0,       0,       0,       0,       0,       0,       0,       0,       0,       0,       0,       0,       0,       0,       0,     467,     370,      85,     -10,     471,    -109,     165,       0,       0,      72,     -10,       0,     488,     437,     -21,      30,  100.0,   86.2,   58.3,    0.2,   32.2,    5.9,    4.2,    0.6,    0.1,    1.1,    0.2,    1.3,   99.1,   98.6,    0.9,    1.4,  100.0,   86.2,   58.3,    0.2,   32.2,    5.9,    4.2,    0.6,    0.1,    1.1,    0.2,    1.3,   99.1,   98.6,    0.9,    1.4,  100.0,    0.0,    0.0,    0.0,    0.0,    0.0,    0.0,    0.0,    0.0,    0.0,    0.0,    0.0,    0.0,    0.0,    0.0,    0.0,     53,     22,     24,.,      7,      7,      9,.,.,      4,.,      5,     44,     41,     53,     22,     24,.,      7,      7,      9,.,.,      4,.,      5,     44,     41,      0,      0,      0,      0,      0,      0,      0,      0,      0,      0,      0,      0,      0,      0,    60.2,    36.9,    75.8,    58.4,    41.5,    29.1,    47.0,    38.9,    60.2,    36.9,    75.8,    58.4,    41.5,    29.1,    47.0,    38.9,     0.0,     0.0,     0.0,     0.0,     0.0,     0.0,     0.0,     0.0,"(CONTRACTS OF 42,000 GALLONS)",06665P,NYME,066 ,N13,FutOnly
MT BELV NORM BUTANE OPIS - NEW YORK MERCANTILE EXCHANGE,260922,2026-09-22,06665Q,NYME,01,066 ,   49093,   35144,   29496,    1621,    7804,    3641,    2071,     240,     100,    1799,    2684,    3920,   48296,   47885,     797,    1208,   49093,   35144,   29496,    1621,    7804,    3641,    2071,     240,     100,    1799,    2684,    3920,   48296,   47885,     797,    1208,       0,       0,       0,       0,       0,       0,       0,       0,       0,       0,       0,       0,       0,       0,       0,       0,    2150,    1295,    1418,     202,     -36,      59,    -150,      60,       0,     -40,    -107,     746,    2112,    2140,      38,      10,  100.0,   71.6,   60.1,    3.3,   15.9,    7.4,    4.2,    0.5,    0.2,    3.7,    5.5,    8.0,   98.4,   97.5,    1.6,    2.5,  100.0,   71.6,   60.1,    3.3,   15.9,    7.4,    4.2,    0.5,    0.2,    3.7,    5.5,    8.0,   98.4,   97.5,    1.6,    2.5,  100.0,    0.0,    0.0,    0.0,    0.0,    0.0,    0.0,    0.0,    0.0,    0.0,    0.0,    0.0,    0.0,    0.0,    0.0,    0.0,    108,     53,     50,      4,      9,     10,     10,.,.,      9,      9,     15,     93,     82,    108,     53,     50,      4,      9,     10,     10,.,.,      9,      9,     15,     93,     82,      0,      0,      0,      0,      0,      0,      0,      0,      0,      0,      0,      0,      0,      0,    25.6,    22.6,    41.0,    37.0,    19.4,    16.8,    30.8,    28.7,    25.6,    22.6,    41.0,    37.0,    19.4,    16.8,    30.8,    28.7,     0.0,     0.0,     0.0,     0.0,     0.0,     0.0,     0.0,     0.0,"(CONTRACTS OF 42,000 GALLONS)",06665Q,NYME,066 ,N13,FutOnly
MT BELV NAT GASOLINE OPIS - NEW YORK MERCANTILE EXCHANGE,260922,2026-09-22,06665R,NYME,01,066 ,   52954,   49477,   34032,     523,   15823,     338,      35,       0,      80,    2257,    1382,     111,   52821,   51766,     133,    1188,   52954,   49477,   34032,     523,   15823,     338,      35,       0,      80,    2257,    1382,     111,   52821,   51766,     133,    1188,       0,       0,       0,       0,       0,       0,       0,       0,       0,       0,       0,       0,       0,       0,       0,       0,    1045,     980,     694,    -120,     111,     120,       0,       0,       0,     105,      94,     -25,    1060,     994,     -15,      51,  100.0,   93.4,   64.3,    1.0,   29.9,    0.6,    0.1,    0.0,    0.2,    4.3,    2.6,    0.2,   99.7,   97.8,    0.3,    2.2,  100.0,   93.4,   64.3,    1.0,   29.9,    0.6,    0.1,    0.0,    0.2,    4.3,    2.6,    0.2,   99.7,   97.8,    0.3,    2.2,  100.0,    0.0,    0.0,    0.0,    0.0,    0.0,    0.0,    0.0,    0.0,    0.0,    0.0,    0.0,    0.0,    0.0,    0.0,    0.0,     51,     27,     26,.,      7,.,.,      0,.,      4,.,.,     37,     38,     51,     27,     26,.,      7,.,.,      0,.,      4,.,.,     37,     38,      0,      0,      0,      0,      0,      0,      0,      0,      0,      0,      0,      0,      0,      0,    81.0,    44.7,    89.4,    68.4,    76.0,    43.9,    81.5,    66.2,    81.0,    44.7,    89.4,    68.4,    76.0,    43.9,    81.5,    66.2,     0.0,     0.0,     0.0,     0.0,     0.0,     0.0,     0.0,     0.0,"(CONTRACTS OF 42,000 GALLONS)",06665R,NYME,066 ,N13,FutOnly
CONWAY PROPANE (OPIS) - NEW YORK MERCANTILE EXCHANGE,260922,2026-09-22,06665T,NYME,01,066 ,   19918,   14362,   12007,    2554,    4566,     558,       0,     270,       0,     467,    1094,    1134,   19075,   19629,     843,     289,   19918,   14362,   12007,    2554,    4566,     558,       0,     270,       0,     467,    1094,    1134,   19075,   19629,     843,     289,       0,       0,       0,       0,       0,       0,       0,       0,       0,       0,       0,       0,       0,       0,       0,       0,     224,     238,      -3,      45,     339,     -25,       0,     -55,       0,      12,     -91,     161,     431,     326,    -207,    -102,  100.0,   72.1,   60.3,   12.8,   22.9,    2.8,    0.0,    1.4,    0.0,    2.3,    5.5,    5.7,   95.8,   98.5,    4.2,    1.5,  100.0,   72.1,   60.3,   12.8,   22.9,    2.8,    0.0,    1.4,    0.0,    2.3,    5.5,    5.7,   95.8,   98.5,    4.2,    1.5,  100.0,    0.0,    0.0,    0.0,    0.0,    0.0,    0.0,    0.0,    0.0,    0.0,    0.0,    0.0,    0.0,    0.0,    0.0,    0.0,     54,     25,     22,      7,      5,      6,      0,.,      0,      4,      4,      8,     43,     40,     54,     25,     22,      7,      5,      6,      0,.,      0,      4,      4,      8,     43,     40,      0,      0,      0,      0,      0,      0,      0,      0,      0,      0,      0,      0,      0,      0,    47.0,    44.4,    62.7,    69.2,    45.1,    39.5,    57.0,    57.4,    47.0,    44.4,    62.7,    69.2,    45.1,    39.5,    57.0,    57.4,     0.0,     0.0,     0.0,     0.0,     0.0,     0.0,     0.0,     0.0,"(CONTRACTS OF 42,000 GALLONS)",06665T,NYME,066 ,N13,FutOnly
CRUDE DIFF-WCS HOUSTON/WTI 1ST - ICE FUTURES ENERGY DIV,260922,2026-09-22,06739C,IFED,01,067 ,   73322,   54934,   72163,    4720,       0,      10,   12694,     396,     459,     450,     224,      55,   73322,   73307,       0,      15,   73322,   54934,   72163,    4720,       0,      10,   12694,     396,     459,     450,     224,      55,   73322,   73307,       0,      15,       0,       0,       0,       0,       0,       0,       0,       0,       0,       0,       0,       0,       0,       0,       0,       0,    1454,     -90,    2075,     320,       0,      10,    1040,    -939,      39,      90,     224,      45,    1454,    1454,       0,       0,  100.0,   74.9,   98.4,    6.4,    0.0,    0.0,   17.3,    0.5,    0.6,    0.6,    0.3,    0.1,  100.0,  100.0,    0.0,    0.0,  100.0,   74.9,   98.4,    6.4,    0.0,    0.0,   17.3,    0.5,    0.6,    0.6,    0.3,    0.1,  100.0,  100.0,    0.0,    0.0,  100.0,    0.0,    0.0,    0.0,    0.0,    0.0,    0.0,    0.0,    0.0,    0.0,    0.0,    0.0,    0.0,    0.0,    0.0,    0.0,     46,     29,     25,.,      0,.,.,.,.,.,.,.,     36,     31,     46,     29,     25,.,      0,.,.,.,.,.,.,.,     36,     31,      0,      0,      0,      0,      0,      0,      0,      0,      0,      0,      0,      0,      0,      0,    51.3,    74.3,    69.9,    90.0,    41.1,    64.7,    55.0,    71.2,    51.3,    74.3,    69.9,    90.0,    41.1,    64.7,    55.0,    71.2,     0.0,     0.0,     0.0,     0.0,     0.0,     0.0,     0.0,     0.0,(1000 Barrels),06739C,IFED,067 ,N10,FutOnly
"CRUDE OIL, LIGHT SWEET-WTI - ICE FUTURES EUROPE",260922,2026-09-22,067411,ICEU,01,067 ,  734302,  393230,  314873,   11613,   85432,   59472,   20197,   25031,   24255,   52323,   54037,  158887,  719977,  721987,   14325,   12315,  734302,  393230,  314873,   11613,   85432,   59472,   20197,   25031,   24255,   52323,   54037,  158887,  719977,  721987,   14325,   12315,       0,       0,       0,       0,       0,       0,       0,       0,       0,       0,       0,       0,       0,       0,       0,       0,  -19579,  -11317,    6133,    2816,   -4466,   -2296,       2,   -5186,    4053,    3323,   -2786,  -12592,  -16011,  -17140,   -3568,   -2439,  100.0,   53.6,   42.9,    1.6,   11.6,    8.1,    2.8,    3.4,    3.3,    7.1,    7.4,   21.6,   98.0,   98.3,    2.0,    1.7,  100.0,   53.6,   42.9,    1.6,   11.6,    8.1,    2.8,    3.4,    3.3,    7.1,    7.4,   21.6,   98.0,   98.3,    2.0,    1.7,  100.0,    0.0,    0.0,    0.0,    0.0,    0.0,    0.0,    0.0,    0.0,    0.0,    0.0,    0.0,    0.0,    0.0,    0.0,    0.0,    113,     37,     35,      4,     11,     12,      5,     11,     11,     15,     22,     34,     95,    104,    113,     37,     35,      4,     11,     12,      5,     11,     11,     15,     22,     34,     95,    104,      0,      0,      0,      0,      0,      0,      0,      0,      0,      0,      0,      0,      0,      0,    33.3,    31.8,    51.2,    44.6,    27.3,    19.4,    35.6,    26.7,    33.3,    31.8,    51.2,    44.6,    27.3,    19.4,    35.6,    26.7,     0.0,     0.0,     0.0,     0.0,     0.0,     0.0,     0.0,     0.0,"(CONTRACTS OF 1,000 BARRELS)",067411,ICEU,067 ,N10,FutOnly
WTI CRUDE OIL 1ST LINE - ICE FUTURES ENERGY DIV,260922,2026-09-22,06741Q,IFED,01,067 ,   28342,   19889,    2558,    1246,    8632,    1775,       0,       0,       0,    1717,   11986,    1112,   25739,   26063,    2603,    2279,   28342,   19889,    2558,    1246,    8632,    1775,       0,       0,       0,    1717,   11986,    1112,   25739,   26063,    2603,    2279,       0,       0,       0,       0,       0,       0,       0,       0,       0,       0,       0,       0,       0,       0,       0,       0,.,.,.,.,.,.,.,.,.,.,.,.,.,.,.,.,  100.0,   70.2,    9.0,    4.4,   30.5,    6.3,    0.0,    0.0,    0.0,    6.1,   42.3,    3.9,   90.8,   92.0,    9.2,    8.0,  100.0,   70.2,    9.0,    4.4,   30.5,    6.3,    0.0,    0.0,    0.0,    6.1,   42.3,    3.9,   90.8,   92.0,    9.2,    8.0,  100.0,    0.0,    0.0,    0.0,    0.0,    0.0,    0.0,    0.0,    0.0,    0.0,    0.0,    0.0,    0.0,    0.0,    0.0,    0.0,     22,      7,.,.,      7,      6,      0,      0,      0,.,.,      5,     19,     16,     22,      7,.,.,      7,      6,      0,      0,      0,.,.,      5,     19,     16,      0,      0,      0,      0,      0,      0,      0,      0,      0,      0,      0,      0,      0,      0,    70.2,    63.9,    82.5,    80.1,    63.6,    59.4,    72.6,    73.5,    70.2,    63.9,    82.5,    80.1,    63.6,    59.4,    72.6,    73.5,     0.0,     0.0,     0.0,     0.0,     0.0,     0.0,     0.0,     0.0,1000 US barrels per lot,06741Q,IFED,067 ,N10,FutOnly
CRUDE DIFF-TMX WCS 1A INDEX - ICE FUTURES ENERGY DIV,260922,2026-09-22,06742G,IFED,01,067 ,   69279,   68624,   34386,       0,   14793,      70,       0,   19735,     195,     360,      70,       0,   69249,   69249,      30,      30,   69279,   68624,   34386,       0,   14793,      70,       0,   19735,     195,     360,      70,       0,   69249,   69249,      30,      30,       0,       0,       0,       0,       0,       0,       0,       0,       0,       0,       0,       0,       0,       0,       0,       0,   -9267,   -8802,   -2928,       0,   -3176,     -35,       0,   -2475,    -200,    -115,      25,     -90,   -9242,   -8879,     -25,    -388,  100.0,   99.1,   49.6,    0.0,   21.4,    0.1,    0.0,   28.5,    0.3,    0.5,    0.1,    0.0,  100.0,  100.0,    0.0,    0.0,  100.0,   99.1,   49.6,    0.0,   21.4,    0.1,    0.0,   28.5,    0.3,    0.5,    0.1,    0.0,  100.0,  100.0,    0.0,    0.0,  100.0,    0.0,    0.0,    0.0,    0.0,    0.0,    0.0,    0.0,    0.0,    0.0,    0.0,    0.0,    0.0,    0.0,    0.0,    0.0,     44,     24,     17,      0,      9,.,      0,.,.,.,.,      0,     28,     30,     44,     24,     17,      0,      9,.,      0,.,.,.,.,      0,     28,     30,      0,      0,      0,      0,      0,      0,      0,      0,      0,      0,      0,      0,      0,      0,    70.1,    57.2,    87.6,    74.8,    55.3,    54.3,    69.6,    68.0,    70.1,    57.2,    87.6,    74.8,    55.3,    54.3,    69.6,    68.0,     0.0,     0.0,     0.0,     0.0,     0.0,     0.0,     0.0,     0.0,1000 BARRELS,06742G,IFED,067 ,N10,FutOnly
CRUDE DIFF-TMX SW 1A INDEX - ICE FUTURES ENERGY DIV,260922,2026-09-22,06742T,IFED,01,067 ,   10216,    9961,    3360,       0,    5981,       0,     170,     340,      85,       0,     450,       0,   10216,   10216,       0,       0,   10216,    9961,    3360,       0,    5981,       0,     170,     340,      85,       0,     450,       0,   10216,   10216,       0,       0,       0,       0,       0,       0,       0,       0,       0,       0,       0,       0,       0,       0,       0,       0,       0,       0,   -2755,   -2755,    -496,       0,   -1229,       0,      60,    -695,     -60,       0,    -170,       0,   -2755,   -2650,       0,    -105,  100.0,   97.5,   32.9,    0.0,   58.5,    0.0,    1.7,    3.3,    0.8,    0.0,    4.4,    0.0,  100.0,  100.0,    0.0,    0.0,  100.0,   97.5,   32.9,    0.0,   58.5,    0.0,    1.7,    3.3,    0.8,    0.0,    4.4,    0.0,  100.0,  100.0,    0.0,    0.0,  100.0,    0.0,    0.0,    0.0,    0.0,    0.0,    0.0,    0.0,    0.0,    0.0,    0.0,    0.0,    0.0,    0.0,    0.0,    0.0,     29,     12,     15,      0,      6,      0,.,.,.,      0,.,      0,     13,     25,     29,     12,     15,      0,      6,      0,.,.,.,      0,.,      0,     13,     25,      0,      0,      0,      0,      0,      0,      0,      0,      0,      0,      0,      0,      0,      0,    77.9,    52.4,    92.7,    73.0,    69.9,    50.8,    77.3,    65.8,    77.9,    52.4,    92.7,    73.0,    69.9,    50.8,    77.3,    65.8,     0.0,     0.0,     0.0,     0.0,     0.0,     0.0,     0.0,     0.0,1000 BARRELS,06742T,IFED,067 ,N10,FutOnly
CONDENSATE DIF-TMX C5 1A INDEX - ICE FUTURES ENERGY DIV,260922,2026-09-22,06743A,IFED,01,067 ,   13300,   12475,   13135,     780,      60,       0,       0,       0,       0,       0,       0,       0,   13255,   13195,      45,     105,   13300,   12475,   13135,     780,      60,       0,       0,       0,       0,       0,       0,       0,   13255,   13195,      45,     105,       0,       0,       0,       0,       0,       0,       0,       0,       0,       0,       0,       0,       0,       0,       0,       0,   -2795,   -2420,   -2735,    -345,       0,       0,       0,       0,       0,       0,       0,       0,   -2765,   -2735,     -30,     -60,  100.0,   93.8,   98.8,    5.9,    0.5,    0.0,    0.0,    0.0,    0.0,    0.0,    0.0,    0.0,   99.7,   99.2,    0.3,    0.8,  100.0,   93.8,   98.8,    5.9,    0.5,    0.0,    0.0,    0.0,    0.0,    0.0,    0.0,    0.0,   99.7,   99.2,    0.3,    0.8,  100.0,    0.0,    0.0,    0.0,    0.0,    0.0,    0.0,    0.0,    0.0,    0.0,    0.0,    0.0,    0.0,    0.0,    0.0,    0.0,     25,     13,     17,.,.,      0,      0,      0,      0,      0,      0,      0,     15,     18,     25,     13,     17,.,.,      0,      0,      0,      0,      0,      0,      0,     15,     18,      0,      0,      0,      0,      0,      0,      0,      0,      0,      0,      0,      0,      0,      0,    70.1,    74.2,    89.2,    90.3,    65.6,    70.7,    78.2,    79.4,    70.1,    74.2,    89.2,    90.3,    65.6,    70.7,    78.2,    79.4,     0.0,     0.0,     0.0,     0.0,     0.0,     0.0,     0.0,     0.0,1000 BARRELS,06743A,IFED,067 ,N10,FutOnly
WTI-PHYSICAL - NEW YORK MERCANTILE EXCHANGE,260922,2026-09-22,067651,NYME,01,067 , 1841811,  607458,  304558,  111924,  584713,  128007,  223190,  121362,  276269,  137620,   98342,  280997, 1765465, 1794248,   76346,   47563, 1841811,  607458,  304558,  111924,  584713,  128007,  223190,  121362,  276269,  137620,   98342,  280997, 1765465, 1794248,   76346,   47563,       0,       0,       0,       0,       0,       0,       0,       0,       0,       0,       0,       0,       0,       0,       0,       0, -113953,  -35763,  -31254,   -6316,   -5794,   -5735,    1294,    5745,  -22670,  -11686,  -21338,  -25125, -106001, -106171,   -7952,   -7782,  100.0,   33.0,   16.5,    6.1,   31.7,    7.0,   12.1,    6.6,   15.0,    7.5,    5.3,   15.3,   95.9,   97.4,    4.1,    2.6,  100.0,   33.0,   16.5,    6.1,   31.7,    7.0,   12.1,    6.6,   15.0,    7.5,    5.3,   15.3,   95.9,   97.4,    4.1,    2.6,  100.0,    0.0,    0.0,    0.0,    0.0,    0.0,    0.0,    0.0,    0.0,    0.0,    0.0,    0.0,    0.0,    0.0,    0.0,    0.0,    312,     59,     61,     12,     29,     29,     67,     25,     57,     67,     36,     62,    280,    231,    312,     59,     61,     12,     29,     29,     67,     25,     57,     67,     36,     62,    280,    231,      0,      0,      0,      0,      0,      0,      0,      0,      0,      0,      0,      0,      0,      0,    18.0,    20.4,    30.5,    30.9,     9.5,    14.2,    15.9,    21.1,    18.0,    20.4,    30.5,    30.9,     9.5,    14.2,    15.9,    21.1,     0.0,     0.0,     0.0,     0.0,     0.0,     0.0,     0.0,     0.0,"(CONTRACTS OF 1,000 BARRELS)",067651,NYME,067 ,N10,FutOnly
WTI FINANCIAL CRUDE OIL - NEW YORK MERCANTILE EXCHANGE,260922,2026-09-22,06765A,NYME,01,067 ,  209462,   40762,   50935,   51806,   53139,   18388,       0,       0,       0,   60430,   23081,   10117,  181503,  155660,   27959,   53802,  209462,   40762,   50935,   51806,   53139,   18388,       0,       0,       0,   60430,   23081,   10117,  181503,  155660,   27959,   53802,       0,       0,       0,       0,       0,       0,       0,       0,       0,       0,       0,       0,       0,       0,       0,       0,    7298,    3333,    4783,    -671,   -3333,    4390,       0,       0,       0,     649,      40,     117,    7818,    5997,    -520,    1301,  100.0,   19.5,   24.3,   24.7,   25.4,    8.8,    0.0,    0.0,    0.0,   28.9,   11.0,    4.8,   86.7,   74.3,   13.3,   25.7,  100.0,   19.5,   24.3,   24.7,   25.4,    8.8,    0.0,    0.0,    0.0,   28.9,   11.0,    4.8,   86.7,   74.3,   13.3,   25.7,  100.0,    0.0,    0.0,    0.0,    0.0,    0.0,    0.0,    0.0,    0.0,    0.0,    0.0,    0.0,    0.0,    0.0,    0.0,    0.0,     50,     18,     17,     10,      7,     13,      0,      0,      0,      5,      5,      7,     41,     41,     50,     18,     17,     10,      7,     13,      0,      0,      0,      5,      5,      7,     41,     41,      0,      0,      0,      0,      0,      0,      0,      0,      0,      0,      0,      0,      0,      0,    34.0,    34.0,    51.2,    46.6,    31.1,    34.0,    46.1,    45.7,    34.0,    34.0,    51.2,    46.6,    31.1,    34.0,    46.1,    45.7,     0.0,     0.0,     0.0,     0.0,     0.0,     0.0,     0.0,     0.0,"(CONTRACTS OF 1,000 BARRELS)",06765A,NYME,067 ,N10,FutOnly
BRENT LAST DAY - NEW YORK MERCANTILE EXCHANGE,260922,2026-09-22,06765T,NYME,01,067 ,  251518,   20506,   52199,   73920,      44,    4544,    6851,    1843,    2692,   33671,   82864,  100347,  242531,  244533,    8987,    6985,  251518,   20506,   52199,   73920,      44,    4544,    6851,    1843,    2692,   33671,   82864,  100347,  242531,  244533,    8987,    6985,       0,       0,       0,       0,       0,       0,       0,       0,       0,       0,       0,       0,       0,       0,       0,       0,   -9201,   -1335,   -2173,    3430,       0,     -27,   -2683,     205,     876,    -620,      48,   -7406,   -7765,   -8477,   -1436,    -724,  100.0,    8.2,   20.8,   29.4,    0.0,    1.8,    2.7,    0.7,    1.1,   13.4,   32.9,   39.9,   96.4,   97.2,    3.6,    2.8,  100.0,    8.2,   20.8,   29.4,    0.0,    1.8,    2.7,    0.7,    1.1,   13.4,   32.9,   39.9,   96.4,   97.2,    3.6,    2.8,  100.0,    0.0,    0.0,    0.0,    0.0,    0.0,    0.0,    0.0,    0.0,    0.0,    0.0,    0.0,    0.0,    0.0,    0.0,    0.0,     54,      8,     11,      9,.,      7,.,.,      4,     13,     16,     25,     49,     49,     54,      8,     11,      9,.,      7,.,.,      4,     13,     16,     25,     49,     49,      0,      0,      0,      0,      0,      0,      0,      0,      0,      0,      0,      0,      0,      0,    38.0,    56.0,    59.0,    74.3,    25.7,    35.1,    37.4,    43.2,    38.0,    56.0,    59.0,    74.3,    25.7,    35.1,    37.4,    43.2,     0.0,     0.0,     0.0,     0.0,     0.0,     0.0,     0.0,     0.0,"(CONTRACTS OF 1,000 BARRELS)",06765T,NYME,067 ,N10,FutOnly
WTI  HOUSTON ARGUS/WTI TR MO - NEW YORK MERCANTILE EXCHANGE,260922,2026-09-22,0676A5,NYME,01,067 ,  504840,  471386,  345911,       0,   48573,    7927,    1650,   27770,   10925,    2659,   43471,    5849,  500396,  490426,    4444,   14414,  504840,  471386,  345911,       0,   48573,    7927,    1650,   27770,   10925,    2659,   43471,    5849,  500396,  490426,    4444,   14414,       0,       0,       0,       0,       0,       0,       0,       0,       0,       0,       0,       0,       0,       0,       0,       0,   45015,   40758,   42674,       0,   -5710,    3650,       0,     745,    -595,     641,    1719,    -570,   43884,   41913,    1131,    3102,  100.0,   93.4,   68.5,    0.0,    9.6,    1.6,    0.3,    5.5,    2.2,    0.5,    8.6,    1.2,   99.1,   97.1,    0.9,    2.9,  100.0,   93.4,   68.5,    0.0,    9.6,    1.6,    0.3,    5.5,    2.2,    0.5,    8.6,    1.2,   99.1,   97.1,    0.9,    2.9,  100.0,    0.0,    0.0,    0.0,    0.0,    0.0,    0.0,    0.0,    0.0,    0.0,    0.0,    0.0,    0.0,    0.0,    0.0,    0.0,     48,     25,     25,      0,      7,.,.,.,.,.,.,.,     35,     37,     48,     25,     25,      0,      7,.,.,.,.,.,.,.,     35,     37,      0,      0,      0,      0,      0,      0,      0,      0,      0,      0,      0,      0,      0,      0,    60.4,    43.7,    82.8,    67.6,    59.5,    41.1,    71.3,    57.8,    60.4,    43.7,    82.8,    67.6,    59.5,    41.1,    71.3,    57.8,     0.0,     0.0,     0.0,     0.0,     0.0,     0.0,     0.0,     0.0,"(CONTRACTS OF 1,000 BARRELS)",0676A5,NYME,067 ,N10,FutOnly
WTI  HOUSTON ARGUS/WTI BALMO - NEW YORK MERCANTILE EXCHANGE,260922,2026-09-22,0676A6,NYME,01,067 ,   29352,   24057,   23717,       0,       0,       0,       0,       0,       0,    2170,       0,     545,   26772,   24262,    2580,    5090,   29352,   24057,   23717,       0,       0,       0,       0,       0,       0,    2170,       0,     545,   26772,   24262,    2580,    5090,       0,       0,       0,       0,       0,       0,       0,       0,       0,       0,       0,       0,       0,       0,       0,       0,    1831,    1531,    1331,       0,       0,       0,       0,       0,       0,       0,       0,       0,    1531,    1331,     300,     500,  100.0,   82.0,   80.8,    0.0,    0.0,    0.0,    0.0,    0.0,    0.0,    7.4,    0.0,    1.9,   91.2,   82.7,    8.8,   17.3,  100.0,   82.0,   80.8,    0.0,    0.0,    0.0,    0.0,    0.0,    0.0,    7.4,    0.0,    1.9,   91.2,   82.7,    8.8,   17.3,  100.0,    0.0,    0.0,    0.0,    0.0,    0.0,    0.0,    0.0,    0.0,    0.0,    0.0,    0.0,    0.0,    0.0,    0.0,    0.0,     20,     17,     13,      0,      0,      0,      0,      0,      0,.,      0,.,     18,     14,     20,     17,     13,      0,      0,      0,      0,      0,      0,.,      0,.,     18,     14,      0,      0,      0,      0,      0,      0,      0,      0,      0,      0,      0,      0,      0,      0,    43.1,    51.3,    67.2,    71.6,    36.9,    41.8,    51.3,    50.3,    43.1,    51.3,    67.2,    71.6,    36.9,    41.8,    51.3,    50.3,     0.0,     0.0,     0.0,     0.0,     0.0,     0.0,     0.0,     0.0,"(CONTRACTS OF 1,000 BARRELS)",0676A6,NYME,067 ,N10,FutOnly
WTI MIDLAND ARGUS VS WTI TRADE - NEW YORK MERCANTILE EXCHANGE,260922,2026-09-22,067A71,NYME,01,067 ,  422178,  383743,  253623,     992,  140278,    6627,       0,    5460,       0,   22125,       0,       0,  413487,  405988,    8691,   16190,  422178,  383743,  253623,     992,  140278,    6627,       0,    5460,       0,   22125,       0,       0,  413487,  405988,    8691,   16190,       0,       0,       0,       0,       0,       0,       0,       0,       0,       0,       0,       0,       0,       0,       0,       0,   67955,   68181,   66355,   -2643,    1154,    1893,       0,       0,       0,      21,       0,   -1241,   66211,   68161,    1744,    -206,  100.0,   90.9,   60.1,    0.2,   33.2,    1.6,    0.0,    1.3,    0.0,    5.2,    0.0,    0.0,   97.9,   96.2,    2.1,    3.8,  100.0,   90.9,   60.1,    0.2,   33.2,    1.6,    0.0,    1.3,    0.0,    5.2,    0.0,    0.0,   97.9,   96.2,    2.1,    3.8,  100.0,    0.0,    0.0,    0.0,    0.0,    0.0,    0.0,    0.0,    0.0,    0.0,    0.0,    0.0,    0.0,    0.0,    0.0,    0.0,     36,     18,     12,.,     10,.,      0,.,      0,.,      0,      0,     20,     24,     36,     18,     12,.,     10,.,      0,.,      0,.,      0,      0,     20,     24,      0,      0,      0,      0,      0,      0,      0,      0,      0,      0,      0,      0,      0,      0,    64.7,    62.3,    88.6,    81.4,    64.7,    62.3,    88.6,    81.3,    64.7,    62.3,    88.6,    81.4,    64.7,    62.3,    88.6,    81.3,     0.0,     0.0,     0.0,     0.0,     0.0,     0.0,     0.0,     0.0,"(CONTRACTS OF 1,000 BARRELS)",067A71,NYME,067 ,N10,FutOnly
COCOA - ICE FUTURES U.S.,260922,2026-09-22,073732,ICUS,01,073 ,  178964,   51533,   66014,   36717,    8961,   11771,   17515,   33921,   23268,   11009,    9653,   15876,  167689,  169464,   11275,    9500,  170855,   47943,   62621,   37502,    9195,   10160,   17966,   35242,   21029,   11563,    9329,   13857,  160020,  161433,   10835,    9422,    8109,    3590,    3393,     541,    1092,     285,    1323,     453,     465,     586,    1464,     879,    7669,    8031,     440,      78,   -3727,    4272,   -4987,     254,    -365,     445,   -5145,    1722,   -3202,    -163,    1082,      86,   -3453,   -5219,    -274,    1492,  100.0,   28.8,   36.9,   20.5,    5.0,    6.6,    9.8,   19.0,   13.0,    6.2,    5.4,    8.9,   93.7,   94.7,    6.3,    5.3,  100.0,   28.1,   36.7,   21.9,    5.4,    5.9,   10.5,   20.6,   12.3,    6.8,    5.5,    8.1,   93.7,   94.5,    6.3,    5.5,  100.0,   44.3,   41.8,    6.7,   13.5,    3.5,   16.3,    5.6,    5.7,    7.2,   18.1,   10.8,   94.6,   99.0,    5.4,    1.0,    197,     31,     26,     20,      7,     15,     35,     44,     43,     18,     31,     37,    162,    154,    197,     30,     26,     20,      7,     14,     35,     44,     40,     20,     30,     37,    159,    152,     51,     11,     12,      6,.,.,      7,.,.,      6,      8,      7,     36,     31,    20.1,    13.2,    31.3,    23.8,    17.7,    11.8,    27.3,    20.7,    20.8,    13.5,    32.4,    24.0,    19.0,    12.8,    29.0,    21.7,    47.1,    33.1,    65.7,    59.4,    34.2,    29.2,    44.8,    46.6,(CONTRACTS OF 10 METRIC TONS),073732,ICUS,073 ,A50,FutOnly
PALLADIUM - NEW YORK MERCANTILE EXCHANGE,260922,2026-09-22,075651,NYME,01,075 ,   16730,     891,    1560,    6179,    2279,      86,    4028,   10034,     725,    1911,     438,     185,   14005,   15307,    2725,    1423,   16730,     891,    1560,    6179,    2279,      86,    4028,   10034,     725,    1911,     438,     185,   14005,   15307,    2725,    1423,       0,       0,       0,       0,       0,       0,       0,       0,       0,       0,       0,       0,       0,       0,       0,       0,      23,     -67,     -53,     145,     -22,       5,    -245,      73,     124,    -100,     -35,      22,    -116,     114,     139,     -91,  100.0,    5.3,    9.3,   36.9,   13.6,    0.5,   24.1,   60.0,    4.3,   11.4,    2.6,    1.1,   83.7,   91.5,   16.3,    8.5,  100.0,    5.3,    9.3,   36.9,   13.6,    0.5,   24.1,   60.0,    4.3,   11.4,    2.6,    1.1,   83.7,   91.5,   16.3,    8.5,  100.0,    0.0,    0.0,    0.0,    0.0,    0.0,    0.0,    0.0,    0.0,    0.0,    0.0,    0.0,    0.0,    0.0,    0.0,    0.0,    152,      7,     12,     20,      9,      6,     32,     36,     18,     28,      7,      6,     99,     83,    152,      7,     12,     20,      9,      6,     32,     36,     18,     28,      7,      6,     99,     83,      0,      0,      0,      0,      0,      0,      0,      0,      0,      0,      0,      0,      0,      0,    28.2,    31.9,    41.5,    47.9,    27.9,    30.7,    41.2,    46.7,    28.2,    31.9,    41.5,    47.9,    27.9,    30.7,    41.2,    46.7,     0.0,     0.0,     0.0,     0.0,     0.0,     0.0,     0.0,     0.0,(CONTRACTS OF 100 TROY OUNCES),075651,NYME,075 ,N20,FutOnly
PLATINUM - NEW YORK MERCANTILE EXCHANGE,260922,2026-09-22,076651,NYME,01,076 ,   65373,    3347,   15106,   15590,   23592,    1948,   19190,    9262,    5364,    7816,    2378,    4295,   57550,   61945,    7823,    3428,   65373,    3347,   15106,   15590,   23592,    1948,   19190,    9262,    5364,    7816,    2378,    4295,   57550,   61945,    7823,    3428,       0,       0,       0,       0,       0,       0,       0,       0,       0,       0,       0,       0,       0,       0,       0,       0,    -105,     515,     305,    -673,    -511,     712,    1486,     530,   -1869,    -730,      80,     635,      76,    -118,    -181,      13,  100.0,    5.1,   23.1,   23.8,   36.1,    3.0,   29.4,   14.2,    8.2,   12.0,    3.6,    6.6,   88.0,   94.8,   12.0,    5.2,  100.0,    5.1,   23.1,   23.8,   36.1,    3.0,   29.4,   14.2,    8.2,   12.0,    3.6,    6.6,   88.0,   94.8,   12.0,    5.2,  100.0,    0.0,    0.0,    0.0,    0.0,    0.0,    0.0,    0.0,    0.0,    0.0,    0.0,    0.0,    0.0,    0.0,    0.0,    0.0,    198,     12,     24,     15,     14,      8,     46,     28,     25,     43,     15,     16,    142,    108,    198,     12,     24,     15,     14,      8,     46,     28,     25,     43,     15,     16,    142,    108,      0,      0,      0,      0,      0,      0,      0,      0,      0,      0,      0,      0,      0,      0,    17.5,    32.6,    28.3,    50.0,    16.5,    32.6,    25.7,    45.1,    17.5,    32.6,    28.3,    50.0,    16.5,    32.6,    25.7,    45.1,     0.0,     0.0,     0.0,     0.0,     0.0,     0.0,     0.0,     0.0,(CONTRACTS OF 50 TROY OUNCES),076651,NYME,076 ,N20,FutOnly
SUGAR NO. 11 - ICE FUTURES U.S.,260922,2026-09-22,080732,ICUS,01,080 , 1147767,  221007,  561148,  251023,  127979,   17680,  313924,   97295,  121592,   49032,  101257,   68436, 1042694, 1095387,  105073,   52380, 1147767,  221007,  561148,  251023,  127979,   17680,  313924,   97295,  121592,   49032,  101257,   68436, 1042694, 1095387,  105073,   52380,       0,       0,       0,       0,       0,       0,       0,       0,       0,       0,       0,       0,       0,       0,       0,       0,  -71756,  -17857,  -22808,   -3104,  -19102,     134,   -7444,    1357,  -17830,   -7019,    2291,  -11139,  -64259,  -67097,   -7497,   -4659,  100.0,   19.3,   48.9,   21.9,   11.2,    1.5,   27.4,    8.5,   10.6,    4.3,    8.8,    6.0,   90.8,   95.4,    9.2,    4.6,  100.0,   19.3,   48.9,   21.9,   11.2,    1.5,   27.4,    8.5,   10.6,    4.3,    8.8,    6.0,   90.8,   95.4,    9.2,    4.6,  100.0,    0.0,    0.0,    0.0,    0.0,    0.0,    0.0,    0.0,    0.0,    0.0,    0.0,    0.0,    0.0,    0.0,    0.0,    0.0,    294,     51,     60,     21,     15,     16,     77,     30,     59,     42,     32,     33,    249,    194,    294,     51,     60,     21,     15,     16,     77,     30,     59,     42,     32,     33,    249,    194,      0,      0,      0,      0,      0,      0,      0,      0,      0,      0,      0,      0,      0,      0,    14.4,    25.3,    23.3,    38.9,    12.0,    19.0,    19.5,    30.6,    14.4,    25.3,    23.3,    38.9,    12.0,    19.0,    19.5,    30.6,     0.0,     0.0,     0.0,     0.0,     0.0,     0.0,     0.0,     0.0,"(CONTRACTS OF 112,000 POUNDS)",080732,ICUS,080 ,A50,FutOnly
COFFEE C - ICE FUTURES U.S.,260922,2026-09-22,083731,ICUS,01,083 ,  153035,   42564,   55098,   24398,   23239,    4455,   33136,   17330,   18161,    8744,   14277,   14007,  145465,  146567,    7570,    6468,  144877,   39913,   51936,   24542,   20745,    3779,   33487,   18021,   16867,    7139,   15432,   11810,  137537,  138590,    7340,    6287,    8158,    2651,    3162,     532,    3170,       0,     896,     556,      47,    3569,     809,     233,    7928,    7977,     230,     181,    2577,    4289,   -3623,    -384,    2025,     183,   -2091,    2764,    -390,     -64,     278,     836,    2379,    2073,     198,     504,  100.0,   27.8,   36.0,   15.9,   15.2,    2.9,   21.7,   11.3,   11.9,    5.7,    9.3,    9.2,   95.1,   95.8,    4.9,    4.2,  100.0,   27.5,   35.8,   16.9,   14.3,    2.6,   23.1,   12.4,   11.6,    4.9,   10.7,    8.2,   94.9,   95.7,    5.1,    4.3,  100.0,   32.5,   38.8,    6.5,   38.9,    0.0,   11.0,    6.8,    0.6,   43.7,    9.9,    2.9,   97.2,   97.8,    2.8,    2.2,    329,     79,     78,     17,     23,     22,     55,     53,     55,     30,     47,     44,    254,    260,    329,     77,     76,     17,     23,     21,     57,     52,     55,     30,     48,     43,    251,    257,    103,     27,     23,     10,     12,      0,      4,     11,.,     12,      7,      6,     57,     58,    17.7,    14.1,    27.0,    23.5,    14.7,    12.6,    21.0,    19.4,    17.5,    13.7,    26.9,    23.6,    15.7,    12.1,    22.2,    19.4,    48.9,    42.4,    65.5,    59.3,    46.4,    40.5,    62.6,    57.4,"(CONTRACTS OF 37,500 POUNDS)",083731,ICUS,083 ,A50,FutOnly
SILVER - COMMODITY EXCHANGE INC.,260922,2026-09-22,084691,CMX ,01,084 ,  106474,    4047,   22559,   22745,   48987,    4384,   19303,    5994,    8141,   15398,    3263,    4726,   78744,   98054,   27730,    8420,  106474,    4047,   22559,   22745,   48987,    4384,   19303,    5994,    8141,   15398,    3263,    4726,   78744,   98054,   27730,    8420,       0,       0,       0,       0,       0,       0,       0,       0,       0,       0,       0,       0,       0,       0,       0,       0,    2729,    -665,     493,       9,     905,       5,    -902,   -1087,    1295,     208,     275,     135,      85,    2021,    2644,     708,  100.0,    3.8,   21.2,   21.4,   46.0,    4.1,   18.1,    5.6,    7.6,   14.5,    3.1,    4.4,   74.0,   92.1,   26.0,    7.9,  100.0,    3.8,   21.2,   21.4,   46.0,    4.1,   18.1,    5.6,    7.6,   14.5,    3.1,    4.4,   74.0,   92.1,   26.0,    7.9,  100.0,    0.0,    0.0,    0.0,    0.0,    0.0,    0.0,    0.0,    0.0,    0.0,    0.0,    0.0,    0.0,    0.0,    0.0,    0.0,    157,      9,     14,     14,     15,     14,     39,     12,     19,     40,     18,     18,    124,     89,    157,      9,     14,     14,     15,     14,     39,     12,     19,     40,     18,     18,    124,     89,      0,      0,      0,      0,      0,      0,      0,      0,      0,      0,      0,      0,      0,      0,    14.3,    33.8,    23.4,    49.6,    14.1,    30.8,    22.7,    45.7,    14.3,    33.8,    23.4,    49.6,    14.1,    30.8,    22.7,    45.7,     0.0,     0.0,     0.0,     0.0,     0.0,     0.0,     0.0,     0.0,"(CONTRACTS OF 5,000 TROY OUNCES)",084691,CMX ,084 ,N20,FutOnly
COPPER- #1 - COMMODITY EXCHANGE INC.,260922,2026-09-22,085692,CMX ,01,085 ,  301657,   29092,  141667,   55201,   43061,    8618,   96421,   13899,   29202,   32977,   24977,   30747,  282258,  292171,   19399,    9486,  301657,   29092,  141667,   55201,   43061,    8618,   96421,   13899,   29202,   32977,   24977,   30747,  282258,  292171,   19399,    9486,       0,       0,       0,       0,       0,       0,       0,       0,       0,       0,       0,       0,       0,       0,       0,       0,   12194,   -6228,    8329,   -1538,     -47,    1043,   12717,   -4699,    2126,    -484,    1544,    3571,   11207,   11867,     987,     327,  100.0,    9.6,   47.0,   18.3,   14.3,    2.9,   32.0,    4.6,    9.7,   10.9,    8.3,   10.2,   93.6,   96.9,    6.4,    3.1,  100.0,    9.6,   47.0,   18.3,   14.3,    2.9,   32.0,    4.6,    9.7,   10.9,    8.3,   10.2,   93.6,   96.9,    6.4,    3.1,  100.0,    0.0,    0.0,    0.0,    0.0,    0.0,    0.0,    0.0,    0.0,    0.0,    0.0,    0.0,    0.0,    0.0,    0.0,    0.0,    283,     26,     33,     19,     13,     18,     89,     18,     41,     60,     39,     38,    240,    163,    283,     26,     33,     19,     13,     18,     89,     18,     41,     60,     39,     38,    240,    163,      0,      0,      0,      0,      0,      0,      0,      0,      0,      0,      0,      0,      0,      0,    17.1,    33.9,    27.4,    48.0,    16.3,    32.8,    24.1,    44.7,    17.1,    33.9,    27.4,    48.0,    16.3,    32.8,    24.1,    44.7,     0.0,     0.0,     0.0,     0.0,     0.0,     0.0,     0.0,     0.0,"(CONTRACTS OF 25,000 POUNDS)",085692,CMX ,085 ,N25,FutOnly
GOLD - COMMODITY EXCHANGE INC.,260922,2026-09-22,088691,CMX ,01,088 ,  412800,   17719,   44496,   14626,  250752,   25113,  135699,    8310,   32876,  118283,   19819,   16047,  360363,  397413,   52437,   15387,  412800,   17719,   44496,   14626,  250752,   25113,  135699,    8310,   32876,  118283,   19819,   16047,  360363,  397413,   52437,   15387,       0,       0,       0,       0,       0,       0,       0,       0,       0,       0,       0,       0,       0,       0,       0,       0,    2901,    1323,      39,     -64,    2402,    -218,   -6695,    -968,    -121,    2618,    1376,    1081,   -2076,    3591,    4977,    -690,  100.0,    4.3,   10.8,    3.5,   60.7,    6.1,   32.9,    2.0,    8.0,   28.7,    4.8,    3.9,   87.3,   96.3,   12.7,    3.7,  100.0,    4.3,   10.8,    3.5,   60.7,    6.1,   32.9,    2.0,    8.0,   28.7,    4.8,    3.9,   87.3,   96.3,   12.7,    3.7,  100.0,    0.0,    0.0,    0.0,    0.0,    0.0,    0.0,    0.0,    0.0,    0.0,    0.0,    0.0,    0.0,    0.0,    0.0,    0.0,    293,     17,     15,     16,     26,     25,     92,     14,     45,     82,     33,     34,    258,    145,    293,     17,     15,     16,     26,     25,     92,     14,     45,     82,     33,     34,    258,    145,      0,      0,      0,      0,      0,      0,      0,      0,      0,      0,      0,      0,      0,      0,    21.0,    40.0,    29.7,    58.3,    20.5,    38.6,    28.3,    55.1,    21.0,    40.0,    29.7,    58.3,    20.5,    38.6,    28.3,    55.1,     0.0,     0.0,     0.0,     0.0,     0.0,     0.0,     0.0,     0.0,(CONTRACTS OF 100 TROY OUNCES),088691,CMX ,088 ,N20,FutOnly
MICRO GOLD - COMMODITY EXCHANGE INC.,260922,2026-09-22,088695,CMX ,01,088 ,   98428,     242,       0,    7808,       0,       0,     234,     575,       0,   40980,   64552,    5153,   54417,   70280,   44011,   28148,   98428,     242,       0,    7808,       0,       0,     234,     575,       0,   40980,   64552,    5153,   54417,   70280,   44011,   28148,       0,       0,       0,       0,       0,       0,       0,       0,       0,       0,       0,       0,       0,       0,       0,       0,    8063,       0,       0,      28,       0,       0,     234,     360,       0,    2877,    7937,     261,    3400,    8558,    4663,    -495,  100.0,    0.2,    0.0,    7.9,    0.0,    0.0,    0.2,    0.6,    0.0,   41.6,   65.6,    5.2,   55.3,   71.4,   44.7,   28.6,  100.0,    0.2,    0.0,    7.9,    0.0,    0.0,    0.2,    0.6,    0.0,   41.6,   65.6,    5.2,   55.3,   71.4,   44.7,   28.6,  100.0,    0.0,    0.0,    0.0,    0.0,    0.0,    0.0,    0.0,    0.0,    0.0,    0.0,    0.0,    0.0,    0.0,    0.0,    0.0,     48,.,      0,.,      0,      0,.,.,      0,     30,     11,     12,     40,     20,     48,.,      0,.,      0,      0,.,.,      0,     30,     11,     12,     40,     20,      0,      0,      0,      0,      0,      0,      0,      0,      0,      0,      0,      0,      0,      0,    30.5,    61.7,    39.2,    67.2,    29.6,    61.6,    37.7,    65.1,    30.5,    61.7,    39.2,    67.2,    29.6,    61.6,    37.7,    65.1,     0.0,     0.0,     0.0,     0.0,     0.0,     0.0,     0.0,     0.0,(CONTRACTS OF 10 TROY OUNCES),088695,CMX ,088 ,N20,FutOnly
GASOLINE RBOB - NEW YORK MERCANTILE EXCHANGE,260922,2026-09-22,111659,NYME,01,111 ,  361099,   88020,  180832,   52332,   44069,   13228,  108324,   12286,   38226,   10350,   37263,   23106,  333586,  349010,   27513,   12089,  361099,   88020,  180832,   52332,   44069,   13228,  108324,   12286,   38226,   10350,   37263,   23106,  333586,  349010,   27513,   12089,       0,       0,       0,       0,       0,       0,       0,       0,       0,       0,       0,       0,       0,       0,       0,       0,    3096,   -9380,   -8041,     201,    5614,     296,   12408,    -459,     749,    1823,    8486,   -2858,    3239,    3787,    -143,    -691,  100.0,   24.4,   50.1,   14.5,   12.2,    3.7,   30.0,    3.4,   10.6,    2.9,   10.3,    6.4,   92.4,   96.7,    7.6,    3.3,  100.0,   24.4,   50.1,   14.5,   12.2,    3.7,   30.0,    3.4,   10.6,    2.9,   10.3,    6.4,   92.4,   96.7,    7.6,    3.3,  100.0,    0.0,    0.0,    0.0,    0.0,    0.0,    0.0,    0.0,    0.0,    0.0,    0.0,    0.0,    0.0,    0.0,    0.0,    0.0,    240,     58,     80,     17,      8,     17,     70,     14,     45,     23,     19,     27,    203,    181,    240,     58,     80,     17,      8,     17,     70,     14,     45,     23,     19,     27,    203,    181,      0,      0,      0,      0,      0,      0,      0,      0,      0,      0,      0,      0,      0,      0,    12.7,    19.8,    23.2,    31.8,     9.3,    18.1,    16.6,    26.1,    12.7,    19.8,    23.2,    31.8,     9.3,    18.1,    16.6,    26.1,     0.0,     0.0,     0.0,     0.0,     0.0,     0.0,     0.0,     0.0,"(CONTRACTS OF 42,000 U.S. GALLONS)",111659,NYME,111 ,N10,FutOnly
GULF COAST CBOB GAS A2 PL RBOB - NEW YORK MERCANTILE EXCHANGE,260922,2026-09-22,111A34,NYME,01,111 ,   22995,   20475,   15945,       0,    3620,       0,    1260,       0,     265,       0,       0,       0,   22000,   19830,     995,    3165,   22995,   20475,   15945,       0,    3620,       0,    1260,       0,     265,       0,       0,       0,   22000,   19830,     995,    3165,       0,       0,       0,       0,       0,       0,       0,       0,       0,       0,       0,       0,       0,       0,       0,       0,     870,     850,    1310,       0,     -15,       0,     225,       0,    -325,       0,       0,       0,     750,     970,     120,    -100,  100.0,   89.0,   69.3,    0.0,   15.7,    0.0,    5.5,    0.0,    1.2,    0.0,    0.0,    0.0,   95.7,   86.2,    4.3,   13.8,  100.0,   89.0,   69.3,    0.0,   15.7,    0.0,    5.5,    0.0,    1.2,    0.0,    0.0,    0.0,   95.7,   86.2,    4.3,   13.8,  100.0,    0.0,    0.0,    0.0,    0.0,    0.0,    0.0,    0.0,    0.0,    0.0,    0.0,    0.0,    0.0,    0.0,    0.0,    0.0,     27,     18,     18,      0,.,      0,.,      0,.,      0,      0,      0,     20,     20,     27,     18,     18,      0,.,      0,.,      0,.,      0,      0,      0,     20,     20,      0,      0,      0,      0,      0,      0,      0,      0,      0,      0,      0,      0,      0,      0,    39.9,    41.8,    67.4,    66.3,    31.8,    35.1,    49.4,    43.1,    39.9,    41.8,    67.4,    66.3,    31.8,    35.1,    49.4,    43.1,     0.0,     0.0,     0.0,     0.0,     0.0,     0.0,     0.0,     0.0,"(CONTRACTS OF 42,000 GALLONS)",111A34,NYME,111 ,N10,FutOnly
CANOLA - ICE FUTURES U.S.,260922,2026-09-22,135731,ICUS,01,135 ,  366497,  149922,  244752,    6865,   21926,    3052,  141180,   21937,   25226,   20539,   29542,   17647,  364431,  364082,    2066,    2415,  359554,  144173,  242912,    6865,   17879,    3052,  141072,   22400,   24762,   20447,   28968,   17192,  357563,  357165,    1991,    2389,    6943,    5749,    1840,       0,    4047,       0,     572,       1,       0,     528,    1010,      19,    6868,    6917,      75,      26,    1741,    -325,    6329,   -1914,     178,     209,    7534,    -923,   -1668,     598,     395,   -1609,    2825,    2911,   -1084,   -1170,  100.0,   40.9,   66.8,    1.9,    6.0,    0.8,   38.5,    6.0,    6.9,    5.6,    8.1,    4.8,   99.4,   99.3,    0.6,    0.7,  100.0,   40.1,   67.6,    1.9,    5.0,    0.8,   39.2,    6.2,    6.9,    5.7,    8.1,    4.8,   99.4,   99.3,    0.6,    0.7,  100.0,   82.8,   26.5,    0.0,   58.3,    0.0,    8.2,    0.0,    0.0,    7.6,   14.5,    0.3,   98.9,   99.6,    1.1,    0.4,    368,     33,     85,      6,     11,      4,     77,     24,     23,     66,     79,     37,    218,    238,    364,     30,     84,      6,     11,      4,     76,     25,     23,     67,     80,     34,    212,    234,     50,     10,     12,      0,.,      0,      4,.,      0,     10,     10,.,     24,     29,    28.7,    37.1,    44.4,    52.1,    22.4,    27.0,    35.0,    39.8,    27.9,    37.8,    43.9,    52.0,    22.5,    28.4,    35.4,    40.2,    77.1,    80.1,    91.0,    91.3,    77.1,    80.1,    90.8,    91.3,(20 Metric Tonnes),135731,ICUS,135 ,A30,FutOnly
COBALT - COMMODITY EXCHANGE INC.,260922,2026-09-22,188691,CMX ,01,188 ,   15404,    2528,    4469,    4494,    2177,     264,    2322,    2507,    2904,    2284,    2199,     199,   14995,   14719,     409,     685,   15404,    2528,    4469,    4494,    2177,     264,    2322,    2507,    2904,    2284,    2199,     199,   14995,   14719,     409,     685,       0,       0,       0,       0,       0,       0,       0,       0,       0,       0,       0,       0,       0,       0,       0,       0,     507,     -25,      80,      15,     432,       5,       0,    -422,     422,      73,     214,      17,     507,     748,       0,    -241,  100.0,   16.4,   29.0,   29.2,   14.1,    1.7,   15.1,   16.3,   18.9,   14.8,   14.3,    1.3,   97.3,   95.6,    2.7,    4.4,  100.0,   16.4,   29.0,   29.2,   14.1,    1.7,   15.1,   16.3,   18.9,   14.8,   14.3,    1.3,   97.3,   95.6,    2.7,    4.4,  100.0,    0.0,    0.0,    0.0,    0.0,    0.0,    0.0,    0.0,    0.0,    0.0,    0.0,    0.0,    0.0,    0.0,    0.0,    0.0,     41,      9,     13,      5,.,      6,      4,      6,      7,.,      6,.,     30,     35,     41,      9,     13,      5,.,      6,      4,      6,      7,.,      6,.,     30,     35,      0,      0,      0,      0,      0,      0,      0,      0,      0,      0,      0,      0,      0,      0,    40.3,    45.9,    70.1,    71.4,    36.9,    40.3,    58.5,    57.2,    40.3,    45.9,    70.1,    71.4,    36.9,    40.3,    58.5,    57.2,     0.0,     0.0,     0.0,     0.0,     0.0,     0.0,     0.0,     0.0,"2,204.62 pounds (1 Metric Ton)",188691,CMX ,188 ,N25,FutOnly
LITHIUM HYDROXIDE  - COMMODITY EXCHANGE INC.,260922,2026-09-22,189691,CMX ,01,189 ,   19187,    1029,    3551,   11975,    3206,     338,    2567,    1154,     319,     343,    7873,    2324,   18895,   18765,     292,     422,   19187,    1029,    3551,   11975,    3206,     338,    2567,    1154,     319,     343,    7873,    2324,   18895,   18765,     292,     422,       0,       0,       0,       0,       0,       0,       0,       0,       0,       0,       0,       0,       0,       0,       0,       0,    1489,      77,     212,    1365,     621,     -56,     360,     392,    -226,     -99,     576,      -7,    1414,    1512,      75,     -23,  100.0,    5.4,   18.5,   62.4,   16.7,    1.8,   13.4,    6.0,    1.7,    1.8,   41.0,   12.1,   98.5,   97.8,    1.5,    2.2,  100.0,    5.4,   18.5,   62.4,   16.7,    1.8,   13.4,    6.0,    1.7,    1.8,   41.0,   12.1,   98.5,   97.8,    1.5,    2.2,  100.0,    0.0,    0.0,    0.0,    0.0,    0.0,    0.0,    0.0,    0.0,    0.0,    0.0,    0.0,    0.0,    0.0,    0.0,    0.0,     42,      5,      5,      8,.,      5,      5,      7,      5,.,     14,      6,     29,     34,     42,      5,      5,      8,.,      5,      5,      7,      5,.,     14,      6,     29,     34,      0,      0,      0,      0,      0,      0,      0,      0,      0,      0,      0,      0,      0,      0,    56.5,    51.6,    77.5,    69.4,    56.0,    44.9,    70.9,    60.8,    56.5,    51.6,    77.5,    69.4,    56.0,    44.9,    70.9,    60.8,     0.0,     0.0,     0.0,     0.0,     0.0,     0.0,     0.0,     0.0,(1000) Kilograms,189691,CMX ,189 ,N25,FutOnly
ALUMINUM MWP - COMMODITY EXCHANGE INC.,260922,2026-09-22,191693,CMX ,01,191 ,   30680,    7958,   21365,   17438,    3115,    1150,      35,     178,     239,    2915,    3561,     791,   30526,   30399,     154,     281,   30680,    7958,   21365,   17438,    3115,    1150,      35,     178,     239,    2915,    3561,     791,   30526,   30399,     154,     281,       0,       0,       0,       0,       0,       0,       0,       0,       0,       0,       0,       0,       0,       0,       0,       0,     762,     254,     312,     395,     -40,      -8,      10,     -60,     120,     -10,     430,       0,     761,     754,       1,       8,  100.0,   25.9,   69.6,   56.8,   10.2,    3.7,    0.1,    0.6,    0.8,    9.5,   11.6,    2.6,   99.5,   99.1,    0.5,    0.9,  100.0,   25.9,   69.6,   56.8,   10.2,    3.7,    0.1,    0.6,    0.8,    9.5,   11.6,    2.6,   99.5,   99.1,    0.5,    0.9,  100.0,    0.0,    0.0,    0.0,    0.0,    0.0,    0.0,    0.0,    0.0,    0.0,    0.0,    0.0,    0.0,    0.0,    0.0,    0.0,     59,     12,     23,     12,      4,      9,.,.,.,.,     13,      5,     35,     51,     59,     12,     23,     12,      4,      9,.,.,.,.,     13,      5,     35,     51,      0,      0,      0,      0,      0,      0,      0,      0,      0,      0,      0,      0,      0,      0,    45.8,    49.7,    69.8,    70.6,    45.5,    49.3,    69.5,    69.4,    45.8,    49.7,    69.8,    70.6,    45.5,    49.3,    69.5,    69.4,     0.0,     0.0,     0.0,     0.0,     0.0,     0.0,     0.0,     0.0,"(55,116 US Pounds-25 MT)",191693,CMX ,191 ,N25,FutOnly
ALUMINIUM EURO PREM DUTY-PAID - COMMODITY EXCHANGE INC.,260922,2026-09-22,191696,CMX ,01,191 ,   13552,    3641,    7843,    6947,    1945,     309,       0,     961,     124,    2365,    2310,       0,   13386,   13492,     166,      60,   13552,    3641,    7843,    6947,    1945,     309,       0,     961,     124,    2365,    2310,       0,   13386,   13492,     166,      60,       0,       0,       0,       0,       0,       0,       0,       0,       0,       0,       0,       0,       0,       0,       0,       0,     648,      34,     243,     494,     -44,      15,       0,    -180,       0,      45,     614,       0,     588,     648,      60,       0,  100.0,   26.9,   57.9,   51.3,   14.4,    2.3,    0.0,    7.1,    0.9,   17.5,   17.0,    0.0,   98.8,   99.6,    1.2,    0.4,  100.0,   26.9,   57.9,   51.3,   14.4,    2.3,    0.0,    7.1,    0.9,   17.5,   17.0,    0.0,   98.8,   99.6,    1.2,    0.4,  100.0,    0.0,    0.0,    0.0,    0.0,    0.0,    0.0,    0.0,    0.0,    0.0,    0.0,    0.0,    0.0,    0.0,    0.0,    0.0,     31,     10,     13,      5,      5,.,      0,.,.,      5,.,      0,     23,     21,     31,     10,     13,      5,      5,.,      0,.,.,      5,.,      0,     23,     21,      0,      0,      0,      0,      0,      0,      0,      0,      0,      0,      0,      0,      0,      0,    55.8,    48.5,    80.1,    74.1,    55.8,    47.4,    74.9,    69.2,    55.8,    48.5,    80.1,    74.1,    55.8,    47.4,    74.9,    69.2,     0.0,     0.0,     0.0,     0.0,     0.0,     0.0,     0.0,     0.0,(25 METRIC TONS),191696,CMX ,191 ,N25,FutOnly
STEEL-HRC - COMMODITY EXCHANGE INC.,260922,2026-09-22,192651,CMX ,01,192 ,   42807,   11883,   37299,   15923,      50,     878,    8841,    1460,     493,    2394,    1068,    1355,   41767,   42603,    1040,     204,   42807,   11883,   37299,   15923,      50,     878,    8841,    1460,     493,    2394,    1068,    1355,   41767,   42603,    1040,     204,       0,       0,       0,       0,       0,       0,       0,       0,       0,       0,       0,       0,       0,       0,       0,       0,    1783,     323,    1204,     793,       0,     -62,      12,     364,     133,     171,      41,     -48,    1322,    1632,     461,     151,  100.0,   27.8,   87.1,   37.2,    0.1,    2.1,   20.7,    3.4,    1.2,    5.6,    2.5,    3.2,   97.6,   99.5,    2.4,    0.5,  100.0,   27.8,   87.1,   37.2,    0.1,    2.1,   20.7,    3.4,    1.2,    5.6,    2.5,    3.2,   97.6,   99.5,    2.4,    0.5,  100.0,    0.0,    0.0,    0.0,    0.0,    0.0,    0.0,    0.0,    0.0,    0.0,    0.0,    0.0,    0.0,    0.0,    0.0,    0.0,     73,     23,     16,      7,.,.,     17,.,      4,     10,      9,      8,     64,     36,     73,     23,     16,      7,.,.,     17,.,      4,     10,      9,      8,     64,     36,      0,      0,      0,      0,      0,      0,      0,      0,      0,      0,      0,      0,      0,      0,    40.3,    76.8,    63.2,    86.3,    38.6,    75.3,    61.0,    80.6,    40.3,    76.8,    63.2,    86.3,    38.6,    75.3,    61.0,    80.6,     0.0,     0.0,     0.0,     0.0,     0.0,     0.0,     0.0,     0.0,(CONTRACTS OF 20 SHORT TONS),192651,CMX ,192 ,N25,FutOnly
NORTH EURO HOT-ROLL COIL STEEL - COMMODITY EXCHANGE INC.,260922,2026-09-22,192691,CMX ,01,192 ,   10130,    5850,    8278,    1134,     175,     400,     898,       0,     305,    1186,     700,      50,    9823,    9908,     307,     222,   10130,    5850,    8278,    1134,     175,     400,     898,       0,     305,    1186,     700,      50,    9823,    9908,     307,     222,       0,       0,       0,       0,       0,       0,       0,       0,       0,       0,       0,       0,       0,       0,       0,       0,     811,     433,     277,     -45,      50,     300,     104,       0,    -101,     -92,      97,      50,     649,     673,     162,     138,  100.0,   57.7,   81.7,   11.2,    1.7,    3.9,    8.9,    0.0,    3.0,   11.7,    6.9,    0.5,   97.0,   97.8,    3.0,    2.2,  100.0,   57.7,   81.7,   11.2,    1.7,    3.9,    8.9,    0.0,    3.0,   11.7,    6.9,    0.5,   97.0,   97.8,    3.0,    2.2,  100.0,    0.0,    0.0,    0.0,    0.0,    0.0,    0.0,    0.0,    0.0,    0.0,    0.0,    0.0,    0.0,    0.0,    0.0,    0.0,     25,      9,      5,      4,.,.,.,      0,.,      4,.,.,     22,      9,     25,      9,      5,      4,.,.,.,      0,.,      4,.,.,     22,      9,      0,      0,      0,      0,      0,      0,      0,      0,      0,      0,      0,      0,      0,      0,    64.3,    90.3,    82.5,    97.4,    58.9,    84.5,    75.6,    84.9,    64.3,    90.3,    82.5,    97.4,    58.9,    84.5,    75.6,    84.9,     0.0,     0.0,     0.0,     0.0,     0.0,     0.0,     0.0,     0.0,(20 Metric Tons),192691,CMX ,192 ,N25,FutOnly
PGP PROPYLENE (PCW) CAL - NEW YORK MERCANTILE EXCHANGE,260922,2026-09-22,406651,NYME,01,406 ,    8494,    1575,     999,    2777,      79,      71,     613,       0,       0,    1852,    5841,    1474,    8362,    8464,     132,      30,    8494,    1575,     999,    2777,      79,      71,     613,       0,       0,    1852,    5841,    1474,    8362,    8464,     132,      30,       0,       0,       0,       0,       0,       0,       0,       0,       0,       0,       0,       0,       0,       0,       0,       0,     293,     -95,     130,      30,       0,      61,     120,       0,       0,     135,      60,      42,     293,     293,       0,       0,  100.0,   18.5,   11.8,   32.7,    0.9,    0.8,    7.2,    0.0,    0.0,   21.8,   68.8,   17.4,   98.4,   99.6,    1.6,    0.4,  100.0,   18.5,   11.8,   32.7,    0.9,    0.8,    7.2,    0.0,    0.0,   21.8,   68.8,   17.4,   98.4,   99.6,    1.6,    0.4,  100.0,    0.0,    0.0,    0.0,    0.0,    0.0,    0.0,    0.0,    0.0,    0.0,    0.0,    0.0,    0.0,    0.0,    0.0,    0.0,     24,      6,      7,.,.,.,.,      0,      0,      5,      6,      8,     21,     17,     24,      6,      7,.,.,.,.,      0,      0,      5,      6,      8,     21,     17,      0,      0,      0,      0,      0,      0,      0,      0,      0,      0,      0,      0,      0,      0,    53.0,    82.3,    76.0,    92.4,    50.5,    73.6,    67.8,    76.3,    53.0,    82.3,    76.0,    92.4,    50.5,    73.6,    67.8,    76.3,     0.0,     0.0,     0.0,     0.0,     0.0,     0.0,     0.0,     0.0,"(CONTRACTS OF 100,000 POUNDS)",406651,NYME,406 ,N40,FutOnly
GULF JET NY HEAT OIL SPR - NEW YORK MERCANTILE EXCHANGE,260922,2026-09-22,86465A,NYME,01,864 ,   11771,    8631,   11628,    2674,       0,     143,       0,       0,       0,      50,       0,       0,   11498,   11771,     273,       0,   11771,    8631,   11628,    2674,       0,     143,       0,       0,       0,      50,       0,       0,   11498,   11771,     273,       0,       0,       0,       0,       0,       0,       0,       0,       0,       0,       0,       0,       0,       0,       0,       0,       0,     150,     255,     150,     -90,       0,       0,       0,       0,       0,       0,       0,       0,     165,     150,     -15,       0,  100.0,   73.3,   98.8,   22.7,    0.0,    1.2,    0.0,    0.0,    0.0,    0.4,    0.0,    0.0,   97.7,  100.0,    2.3,    0.0,  100.0,   73.3,   98.8,   22.7,    0.0,    1.2,    0.0,    0.0,    0.0,    0.4,    0.0,    0.0,   97.7,  100.0,    2.3,    0.0,  100.0,    0.0,    0.0,    0.0,    0.0,    0.0,    0.0,    0.0,    0.0,    0.0,    0.0,    0.0,    0.0,    0.0,    0.0,    0.0,     35,     22,     21,      6,      0,.,      0,      0,      0,.,      0,      0,     29,     23,     35,     22,     21,      6,      0,.,      0,      0,      0,.,      0,      0,     29,     23,      0,      0,      0,      0,      0,      0,      0,      0,      0,      0,      0,      0,      0,      0,    41.6,    67.5,    64.9,    84.6,    34.4,    50.8,    49.6,    58.6,    41.6,    67.5,    64.9,    84.6,    34.4,    50.8,    49.6,    58.6,     0.0,     0.0,     0.0,     0.0,     0.0,     0.0,     0.0,     0.0,"(CONTRACTS OF 42,000 GALLONS)",86465A,NYME,864 ,N10,FutOnly
GULF # 6 FUEL OIL CRACK - NEW YORK MERCANTILE EXCHANGE,260922,2026-09-22,86565A,NYME,01,865 ,   10658,    4335,    7178,    1870,       0,    1010,     360,     150,     685,    1390,     627,    1008,   10658,   10658,       0,       0,   10658,    4335,    7178,    1870,       0,    1010,     360,     150,     685,    1390,     627,    1008,   10658,   10658,       0,       0,       0,       0,       0,       0,       0,       0,       0,       0,       0,       0,       0,       0,       0,       0,       0,       0,     545,     425,     360,    -225,       0,     150,       0,       0,       0,     160,       0,      50,     560,     560,     -15,     -15,  100.0,   40.7,   67.3,   17.5,    0.0,    9.5,    3.4,    1.4,    6.4,   13.0,    5.9,    9.5,  100.0,  100.0,    0.0,    0.0,  100.0,   40.7,   67.3,   17.5,    0.0,    9.5,    3.4,    1.4,    6.4,   13.0,    5.9,    9.5,  100.0,  100.0,    0.0,    0.0,  100.0,    0.0,    0.0,    0.0,    0.0,    0.0,    0.0,    0.0,    0.0,    0.0,    0.0,    0.0,    0.0,    0.0,    0.0,    0.0,     32,     14,     12,      4,      0,.,.,.,.,      4,.,      5,     27,     21,     32,     14,     12,      4,      0,.,.,.,.,      4,.,      5,     27,     21,      0,      0,      0,      0,      0,      0,      0,      0,      0,      0,      0,      0,      0,      0,    55.3,    43.7,    83.9,    71.7,    35.2,    34.9,    43.4,    45.7,    55.3,    43.7,    83.9,    71.7,    35.2,    34.9,    43.4,    45.7,     0.0,     0.0,     0.0,     0.0,     0.0,     0.0,     0.0,     0.0,"(CONTRACTS OF 1,000 BARRELS)",86565A,NYME,865 ,N10,FutOnly
